Patent_ID,Country_Key,Time_Key,PatentAuthorityKey,PatentMeasureKey,AgentRoleKey,PatentCount
2082,1,1,1,1,1,0.0
2081,1,1,1,1,2,1.416700005531311
2085,1,1,1,2,1,0.0
2086,1,1,1,2,1,1.0
2083,1,1,1,2,2,0.5
2084,1,1,1,2,2,1.533300042152405
2090,1,1,2,1,1,0.0
2089,1,1,2,1,2,0.6499999761581421
2093,1,1,2,2,1,0.0
2094,1,1,2,2,1,2.0
2091,1,1,2,2,2,0.4000000059604645
2092,1,1,2,2,2,3.283299922943115
2088,1,1,3,1,1,10.0
2087,1,1,3,1,2,11.41670036315918
2096,1,2,1,1,1,1.0
2095,1,2,1,1,2,1.0
2099,1,2,1,2,1,1.0
2100,1,2,1,2,1,1.0
2097,1,2,1,2,2,1.0
2098,1,2,1,2,2,1.272699952125549
2104,1,2,2,1,1,0.0
2103,1,2,2,1,2,0.699999988079071
2107,1,2,2,2,1,0.0
2108,1,2,2,2,1,0.0
2105,1,2,2,2,2,0.5
2106,1,2,2,2,2,1.25
2102,1,2,3,1,1,7.0
2101,1,2,3,1,2,8.0
2110,1,3,1,1,1,2.0
2109,1,3,1,1,2,2.700000047683716
2113,1,3,1,2,1,0.0
2114,1,3,1,2,1,0.0
2111,1,3,1,2,2,0.0
2112,1,3,1,2,2,1.533300042152405
2118,1,3,2,1,1,3.866699934005737
2117,1,3,2,1,2,5.566699981689453
2121,1,3,2,2,1,2.0
2122,1,3,2,2,1,0.2000000029802322
2119,1,3,2,2,2,2.5
2120,1,3,2,2,2,0.5611000061035156
2116,1,3,3,1,1,13.33329963684082
2115,1,3,3,1,2,13.36670017242432
2124,1,4,1,1,1,1.0
2123,1,4,1,1,2,1.0
2126,1,4,1,2,1,0.0
2125,1,4,1,2,2,0.0
2130,1,4,2,1,1,0.5
2129,1,4,2,1,2,2.933300018310547
2132,1,4,2,2,1,0.5
2131,1,4,2,2,2,0.8999999761581421
2128,1,4,3,1,1,7.0
2127,1,4,3,1,2,8.08329963684082
2134,2,1,1,1,1,5.5
2133,2,1,1,1,2,6.699999809265137
2137,2,1,1,2,1,0.0
2138,2,1,1,2,1,3.0
2135,2,1,1,2,2,1.200000047683716
2136,2,1,1,2,2,3.25
2142,2,1,2,1,1,3.333300113677979
2141,2,1,2,1,2,3.5
2145,2,1,2,2,1,2.333300113677979
2146,2,1,2,2,1,2.0
2143,2,1,2,2,2,3.0
2144,2,1,2,2,2,1.083299994468689
2140,2,1,3,1,1,6.0
2139,2,1,3,1,2,8.449999809265137
2148,2,2,1,1,1,0.0
2147,2,2,1,1,2,1.700000047683716
2151,2,2,1,2,1,0.0
2152,2,2,1,2,1,2.0
2149,2,2,1,2,2,0.449999988079071
2150,2,2,1,2,2,2.0
2156,2,2,2,1,1,1.0
2155,2,2,2,1,2,1.233299970626831
2159,2,2,2,2,1,1.0
2160,2,2,2,2,1,1.0
2157,2,2,2,2,2,1.233299970626831
2158,2,2,2,2,2,0.833299994468689
2154,2,2,3,1,1,3.5
2153,2,2,3,1,2,4.083300113677979
2162,2,3,1,1,1,2.0
2161,2,3,1,1,2,1.958299994468689
2165,2,3,1,2,1,0.0
2166,2,3,1,2,1,1.0
2163,2,3,1,2,2,0.0
2164,2,3,1,2,2,0.166700005531311
2170,2,3,2,1,1,2.0
2169,2,3,2,1,2,0.833299994468689
2173,2,3,2,2,1,1.0
2174,2,3,2,2,1,0.0
2171,2,3,2,2,2,0.166700005531311
2172,2,3,2,2,2,2.366699934005737
2168,2,3,3,1,1,1.333299994468689
2167,2,3,3,1,2,1.958299994468689
2176,2,4,1,1,1,3.166699886322021
2175,2,4,1,1,2,0.958299994468689
2178,2,4,1,2,1,0.0
2177,2,4,1,2,2,0.2000000029802322
2182,2,4,2,1,1,0.666700005531311
2181,2,4,2,1,2,0.5
2184,2,4,2,2,1,0.666700005531311
2183,2,4,2,2,2,0.699999988079071
2180,2,4,3,1,1,3.166699886322021
2179,2,4,3,1,2,1.583299994468689
2186,3,1,1,1,1,25.16670036315918
2185,3,1,1,1,2,51.02500152587891
2189,3,1,1,2,1,6.333300113677979
2190,3,1,1,2,1,15.23330020904541
2187,3,1,1,2,2,12.98569965362549
2188,3,1,1,2,2,34.95869827270508
2194,3,1,2,1,1,61.59999847412109
2193,3,1,2,1,2,143.1441040039063
2197,3,1,2,2,1,35.26670074462891
2198,3,1,2,2,1,35.26900100708008
2195,3,1,2,2,2,112.0127029418945
2196,3,1,2,2,2,88.1344985961914
2192,3,1,3,1,1,37.95830154418945
2191,3,1,3,1,2,62.85120010375977
2200,3,2,1,1,1,20.66670036315918
2199,3,2,1,1,2,45.52619934082031
2203,3,2,1,2,1,6.666699886322021
2204,3,2,1,2,1,19.58329963684082
2201,3,2,1,2,2,13.36670017242432
2202,3,2,1,2,2,40.05709838867188
2208,3,2,2,1,1,62.91669845581055
2207,3,2,2,1,2,169.0272979736328
2211,3,2,2,2,1,28.25
2212,3,2,2,2,1,55.36669921875
2209,3,2,2,2,2,104.3308029174805
2210,3,2,2,2,2,134.5711975097656
2206,3,2,3,1,1,27.33329963684082
2205,3,2,3,1,2,58.89289855957031
2214,3,3,1,1,1,27.33329963684082
2213,3,3,1,1,2,53.43330001831055
2217,3,3,1,2,1,2.0
2218,3,3,1,2,1,11.39999961853027
2215,3,3,1,2,2,2.833300113677979
2216,3,3,1,2,2,29.42060089111328
2222,3,3,2,1,1,70.25
2221,3,3,2,1,2,140.7648010253906
2225,3,3,2,2,1,25.25
2226,3,3,2,2,1,38.54439926147461
2223,3,3,2,2,2,69.27259826660156
2224,3,3,2,2,2,107.5494995117188
2220,3,3,3,1,1,39.5
2219,3,3,3,1,2,67.76229858398438
2228,3,4,1,1,1,14.06669998168945
2227,3,4,1,1,2,29.9242000579834
2230,3,4,1,2,1,10.73330020904541
2229,3,4,1,2,2,26.30789947509766
2234,3,4,2,1,1,47.5
2233,3,4,2,1,2,126.8523025512695
2236,3,4,2,2,1,37.32780075073242
2235,3,4,2,2,2,110.9056015014648
2232,3,4,3,1,1,28.33329963684082
2231,3,4,3,1,2,53.80759811401367
2238,4,1,1,1,1,1.0
2237,4,1,1,1,2,5.682600021362305
2241,4,1,1,2,1,1.0
2242,4,1,1,2,1,0.5
2239,4,1,1,2,2,1.0
2240,4,1,1,2,2,3.583300113677979
2246,4,1,2,1,1,3.5
2245,4,1,2,1,2,14.24209976196289
2249,4,1,2,2,1,0.0
2250,4,1,2,2,1,3.866699934005737
2247,4,1,2,2,2,7.934500217437744
2248,4,1,2,2,2,14.16670036315918
2244,4,1,3,1,1,5.0
2243,4,1,3,1,2,12.1826000213623
2252,4,2,1,1,1,0.333299994468689
2251,4,2,1,1,2,4.198400020599365
2255,4,2,1,2,1,0.0
2256,4,2,1,2,1,0.0
2253,4,2,1,2,2,0.0
2254,4,2,1,2,2,5.0
2260,4,2,2,1,1,0.0
2259,4,2,2,1,2,27.54129981994629
2263,4,2,2,2,1,4.5
2264,4,2,2,2,1,2.666699886322021
2261,4,2,2,2,2,22.08329963684082
2262,4,2,2,2,2,26.55120086669922
2258,4,2,3,1,1,3.0
2257,4,2,3,1,2,5.365099906921387
2266,4,3,1,1,1,1.5
2265,4,3,1,1,2,5.617899894714355
2269,4,3,1,2,1,0.5
2270,4,3,1,2,1,1.5
2267,4,3,1,2,2,1.933300018310547
2268,4,3,1,2,2,5.892899990081787
2274,4,3,2,1,1,0.25
2273,4,3,2,1,2,19.52020072937012
2277,4,3,2,2,1,0.0
2278,4,3,2,2,1,3.950000047683716
2275,4,3,2,2,2,7.142899990081787
2276,4,3,2,2,2,21.04290008544922
2272,4,3,3,1,1,2.5
2271,4,3,3,1,2,7.351200103759766
2280,4,4,1,1,1,3.0
2279,4,4,1,1,2,3.833300113677979
2282,4,4,1,2,1,0.0
2281,4,4,1,2,2,3.616699934005737
2286,4,4,2,1,1,3.164299964904785
2285,4,4,2,1,2,16.33099937438965
2288,4,4,2,2,1,1.0
2287,4,4,2,2,2,20.46669960021973
2284,4,4,3,1,1,4.5
2283,4,4,3,1,2,7.190499782562256
2,5,1,1,1,1,883.0
1,5,1,1,1,2,988.8630981445312
5,5,1,1,2,1,123.1667022705078
6,5,1,1,2,1,536.75
3,5,1,1,2,2,178.085693359375
4,5,1,1,2,2,683.9265747070312
10,5,1,2,1,1,1999.699951171875
9,5,1,2,1,2,2425.010986328125
13,5,1,2,2,1,1166.766723632813
14,5,1,2,2,1,1239.226928710938
11,5,1,2,2,2,1529.198852539063
12,5,1,2,2,2,1676.79931640625
8,5,1,3,1,1,1763.886108398438
7,5,1,3,1,2,1907.194946289063
16,5,2,1,1,1,897.6857299804688
15,5,2,1,1,2,1015.203796386719
19,5,2,1,2,1,46.5
20,5,2,1,2,1,622.8333129882812
17,5,2,1,2,2,79.4447021484375
18,5,2,1,2,2,794.2683715820312
24,5,2,2,1,1,2102.45703125
23,5,2,2,1,2,2486.98974609375
27,5,2,2,2,1,938.7780151367188
28,5,2,2,2,1,1338.124267578125
25,5,2,2,2,2,1241.239868164063
26,5,2,2,2,2,1833.37841796875
22,5,2,3,1,1,1730.451171875
21,5,2,3,1,2,1862.236450195313
30,5,3,1,1,1,914.0
29,5,3,1,1,2,1027.877807617188
33,5,3,1,2,1,6.0
34,5,3,1,2,1,582.11669921875
31,5,3,1,2,2,18.63570022583008
32,5,3,1,2,2,753.3638916015625
38,5,3,2,1,1,2084.966796875
37,5,3,2,1,2,2492.52392578125
41,5,3,2,2,1,660.67138671875
42,5,3,2,2,1,1481.96484375
39,5,3,2,2,2,891.36328125
40,5,3,2,2,2,1888.026000976563
36,5,3,3,1,1,1687.949951171875
35,5,3,3,1,2,1826.675048828125
44,5,4,1,1,1,691.3167114257812
43,5,4,1,1,2,773.2451782226562
46,5,4,1,2,1,464.5
45,5,4,1,2,2,561.9954833984375
50,5,4,2,1,1,1520.009521484375
49,5,4,2,1,2,1819.748291015625
52,5,4,2,2,1,1425.230346679688
51,5,4,2,2,2,1784.03515625
48,5,4,3,1,1,1729.69287109375
47,5,4,3,1,2,1831.554077148438
54,6,1,1,1,1,2037.083251953125
53,6,1,1,1,2,2252.6591796875
57,6,1,1,2,1,1027.833251953125
58,6,1,1,2,1,1664.620483398438
55,6,1,1,2,2,1124.702392578125
56,6,1,1,2,2,1809.212524414063
62,6,1,2,1,1,1398.833251953125
61,6,1,2,1,2,1805.97265625
65,6,1,2,2,1,990.6666870117188
66,6,1,2,2,1,1086.605224609375
63,6,1,2,2,2,1336.16015625
64,6,1,2,2,2,1412.515747070313
60,6,1,3,1,1,1490.25
59,6,1,3,1,2,1600.2734375
68,6,2,1,1,1,1997.666748046875
67,6,2,1,1,2,2189.50048828125
71,6,2,1,2,1,793.8333129882812
72,6,2,1,2,1,1665.916748046875
69,6,2,1,2,2,852.503173828125
70,6,2,1,2,2,1861.600952148438
76,6,2,2,1,1,1325.916748046875
75,6,2,2,1,2,1765.450439453125
79,6,2,2,2,1,670.3167114257812
80,6,2,2,2,1,1199.599487304688
77,6,2,2,2,2,1003.589416503906
78,6,2,2,2,2,1610.661865234375
74,6,2,3,1,1,1396.683349609375
73,6,2,3,1,2,1588.874755859375
82,6,3,1,1,1,2093.14990234375
81,6,3,1,1,2,2261.310302734375
85,6,3,1,2,1,433.5
86,6,3,1,2,1,1759.25
83,6,3,1,2,2,482.1777954101563
84,6,3,1,2,2,1866.586547851563
90,6,3,2,1,1,1348.895629882813
89,6,3,2,1,2,1743.028442382813
93,6,3,2,2,1,427.25
94,6,3,2,2,1,1085.324951171875
91,6,3,2,2,2,662.4085083007812
92,6,3,2,2,2,1526.721557617188
88,6,3,3,1,1,1499.733276367188
87,6,3,3,1,2,1596.640502929688
96,6,4,1,1,1,1758.61669921875
95,6,4,1,1,2,1865.329345703125
98,6,4,1,2,1,1325.583251953125
97,6,4,1,2,2,1478.784423828125
102,6,4,2,1,1,827.0595092773438
101,6,4,2,1,2,1189.3349609375
104,6,4,2,2,1,1026.050048828125
103,6,4,2,2,2,1395.0947265625
100,6,4,3,1,1,1555.650024414063
99,6,4,3,1,2,1603.859741210938
2290,7,1,1,1,1,4.833300113677979
2289,7,1,1,1,2,8.50100040435791
2293,7,1,1,2,1,1.0
2294,7,1,1,2,1,1.5
2291,7,1,1,2,2,2.0
2292,7,1,1,2,2,4.992899894714355
2298,7,1,2,1,1,4.833300113677979
2297,7,1,2,1,2,23.85880088806152
2301,7,1,2,2,1,3.166699886322021
2302,7,1,2,2,1,5.199999809265137
2299,7,1,2,2,2,22.84169960021973
2300,7,1,2,2,2,11.48569965362549
2296,7,1,3,1,1,21.83329963684082
2295,7,1,3,1,2,29.13430023193359
2304,7,2,1,1,1,7.0
2303,7,2,1,1,2,11.61670017242432
2307,7,2,1,2,1,0.0
2308,7,2,1,2,1,2.0
2305,7,2,1,2,2,1.0
2306,7,2,1,2,2,3.966700077056885
2312,7,2,2,1,1,9.08329963684082
2311,7,2,2,1,2,40.50479888916016
2315,7,2,2,2,1,1.899999976158142
2316,7,2,2,2,1,5.166699886322021
2313,7,2,2,2,2,27.81119918823242
2314,7,2,2,2,2,15.51669979095459
2310,7,2,3,1,1,16.16670036315918
2309,7,2,3,1,2,24.37689971923828
2318,7,3,1,1,1,9.0
2317,7,3,1,1,2,21.35000038146973
2321,7,3,1,2,1,1.0
2322,7,3,1,2,1,6.5
2319,7,3,1,2,2,3.0
2320,7,3,1,2,2,10.3213996887207
2326,7,3,2,1,1,6.833300113677979
2325,7,3,2,1,2,38.95949935913086
2329,7,3,2,2,1,2.5
2330,7,3,2,2,1,4.400000095367432
2327,7,3,2,2,2,25.43330001831055
2328,7,3,2,2,2,20.42620086669922
2324,7,3,3,1,1,13.25
2323,7,3,3,1,2,21.58329963684082
2332,7,4,1,1,1,2.333300113677979
2331,7,4,1,1,2,6.790900230407715
2334,7,4,1,2,1,0.0
2333,7,4,1,2,2,2.083300113677979
2338,7,4,2,1,1,3.0
2337,7,4,2,1,2,28.09539985656738
2340,7,4,2,2,1,0.5
2339,7,4,2,2,2,18.50639915466309
2336,7,4,3,1,1,12.33329963684082
2335,7,4,3,1,2,18.5408992767334
106,8,1,1,1,1,1817.933349609375
105,8,1,1,1,2,1775.906372070313
109,8,1,1,2,1,850.9500122070312
110,8,1,1,2,1,1358.340942382813
107,8,1,1,2,2,769.013916015625
108,8,1,1,2,2,1391.961181640625
114,8,1,2,1,1,1412.304809570313
113,8,1,2,1,2,1754.988647460938
117,8,1,2,2,1,940.5189819335938
118,8,1,2,2,1,1019.657104492188
115,8,1,2,2,2,1224.52392578125
116,8,1,2,2,2,1292.79443359375
112,8,1,3,1,1,1316.076171875
111,8,1,3,1,2,1300.869750976563
120,8,2,1,1,1,1803.316650390625
119,8,2,1,1,2,1716.9931640625
123,8,2,1,2,1,542.0
124,8,2,1,2,1,1383.083251953125
121,8,2,1,2,2,470.444091796875
122,8,2,1,2,2,1365.417236328125
128,8,2,2,1,1,1496.36669921875
127,8,2,2,1,2,1792.854248046875
131,8,2,2,2,1,692.0999755859375
132,8,2,2,2,1,1112.704711914063
129,8,2,2,2,2,973.613525390625
130,8,2,2,2,2,1441.61962890625
126,8,2,3,1,1,1372.599975585938
125,8,2,3,1,2,1280.313232421875
134,8,3,1,1,1,1744.110717773438
133,8,3,1,1,2,1689.320068359375
137,8,3,1,2,1,244.2832946777344
138,8,3,1,2,1,1375.349975585938
135,8,3,1,2,2,216.2904968261719
136,8,3,1,2,2,1341.084228515625
142,8,3,2,1,1,1448.630615234375
141,8,3,2,1,2,1757.229370117188
145,8,3,2,2,1,397.3594970703125
146,8,3,2,2,1,1100.157836914063
143,8,3,2,2,2,593.2197875976562
144,8,3,2,2,2,1369.41943359375
140,8,3,3,1,1,1339.954345703125
139,8,3,3,1,2,1292.937377929688
148,8,4,1,1,1,1488.02734375
147,8,4,1,1,2,1500.993408203125
150,8,4,1,2,1,1148.640502929688
149,8,4,1,2,2,1141.205444335938
154,8,4,2,1,1,967.4039916992188
153,8,4,2,1,2,1278.1640625
156,8,4,2,2,1,976.2738037109375
155,8,4,2,2,2,1247.119018554688
152,8,4,3,1,1,1351.121459960938
151,8,4,3,1,2,1363.703735351563
2342,9,1,1,1,1,25.5
2341,9,1,1,1,2,1.083299994468689
2345,9,1,1,2,1,9.5
2346,9,1,1,2,1,55.0
2343,9,1,1,2,2,0.0
2344,9,1,1,2,2,0.25
2350,9,1,2,1,1,172.0
2349,9,1,2,1,2,6.5
2353,9,1,2,2,1,220.0
2354,9,1,2,2,1,293.0535888671875
2351,9,1,2,2,2,5.833300113677979
2352,9,1,2,2,2,1.0
2348,9,1,3,1,1,27.0
2347,9,1,3,1,2,2.583300113677979
2356,9,2,1,1,1,14.83329963684082
2355,9,2,1,1,2,0.0
2359,9,2,1,2,1,4.0
2360,9,2,1,2,1,56.83330154418945
2357,9,2,1,2,2,0.0
2358,9,2,1,2,2,1.333299994468689
2364,9,2,2,1,1,85.83329772949219
2363,9,2,2,1,2,1.476199984550476
2367,9,2,2,2,1,82.83329772949219
2368,9,2,2,2,1,316.6845092773438
2365,9,2,2,2,2,1.0
2366,9,2,2,2,2,1.666700005531311
2362,9,2,3,1,1,23.83329963684082
2361,9,2,3,1,2,2.0
2370,9,3,1,1,1,16.0
2369,9,3,1,1,2,0.0
2373,9,3,1,2,1,0.0
2374,9,3,1,2,1,24.83329963684082
2371,9,3,1,2,2,0.0
2372,9,3,1,2,2,2.0
2378,9,3,2,1,1,91.0
2377,9,3,2,1,2,4.166699886322021
2381,9,3,2,2,1,55.5
2382,9,3,2,2,1,194.7917022705078
2379,9,3,2,2,2,4.5
2380,9,3,2,2,2,2.5
2376,9,3,3,1,1,23.5
2375,9,3,3,1,2,0.0
2384,9,4,1,1,1,11.5
2383,9,4,1,1,2,1.0
2386,9,4,1,2,1,21.25
2385,9,4,1,2,2,1.0
2390,9,4,2,1,1,104.3332977294922
2389,9,4,2,1,2,4.25
2392,9,4,2,2,1,104.9761962890625
2391,9,4,2,2,2,5.309500217437744
2388,9,4,3,1,1,19.5
2387,9,4,3,1,2,2.5
2394,10,1,1,1,1,0.0
2393,10,1,1,1,2,2.125
2397,10,1,1,2,1,0.0
2398,10,1,1,2,1,0.0
2395,10,1,1,2,2,1.0
2396,10,1,1,2,2,1.833299994468689
2402,10,1,2,1,1,1.0
2401,10,1,2,1,2,0.324999988079071
2405,10,1,2,2,1,1.0
2406,10,1,2,2,1,0.5
2403,10,1,2,2,2,0.5
2404,10,1,2,2,2,2.5
2400,10,1,3,1,1,2.0
2399,10,1,3,1,2,2.375
2408,10,2,1,1,1,1.0
2407,10,2,1,1,2,1.200000047683716
2411,10,2,1,2,1,0.0
2412,10,2,1,2,1,0.0
2409,10,2,1,2,2,0.0
2410,10,2,1,2,2,3.0
2416,10,2,2,1,1,1.0
2415,10,2,2,1,2,2.866699934005737
2419,10,2,2,2,1,1.0
2420,10,2,2,2,1,0.333299994468689
2417,10,2,2,2,2,3.166699886322021
2418,10,2,2,2,2,4.066699981689453
2414,10,2,3,1,1,2.0
2413,10,2,3,1,2,2.200000047683716
2422,10,3,1,1,1,3.0
2421,10,3,1,1,2,3.444400072097778
2425,10,3,1,2,1,0.0
2426,10,3,1,2,1,0.0
2423,10,3,1,2,2,0.0
2424,10,3,1,2,2,0.0
2430,10,3,2,1,1,1.0
2429,10,3,2,1,2,1.333299994468689
2433,10,3,2,2,1,0.0
2434,10,3,2,2,1,0.0
2431,10,3,2,2,2,0.0
2432,10,3,2,2,2,2.5
2428,10,3,3,1,1,7.0
2427,10,3,3,1,2,7.634900093078613
2436,10,4,1,1,1,2.0
2435,10,4,1,1,2,1.833299994468689
2438,10,4,1,2,1,1.0
2437,10,4,1,2,2,2.0
2442,10,4,2,1,1,3.0
2441,10,4,2,1,2,4.050000190734863
2444,10,4,2,2,1,2.0
2443,10,4,2,2,2,2.309499979019165
2440,10,4,3,1,1,12.0
2439,10,4,3,1,2,13.16670036315918
2446,11,1,1,1,1,176.1405029296875
2445,11,1,1,1,2,260.7777099609375
2449,11,1,1,2,1,45.10480117797852
2450,11,1,1,2,1,137.25
2447,11,1,1,2,2,63.6786003112793
2448,11,1,1,2,2,199.3647003173828
2454,11,1,2,1,1,366.25
2453,11,1,2,1,2,686.6417236328125
2457,11,1,2,2,1,206.5
2458,11,1,2,2,1,200.6887054443359
2455,11,1,2,2,2,441.3528137207031
2456,11,1,2,2,2,388.8241882324219
2452,11,1,3,1,1,593.44287109375
2451,11,1,3,1,2,743.1842041015625
2460,11,2,1,1,1,212.2832946777344
2459,11,2,1,1,2,303.6235961914063
2463,11,2,1,2,1,29.33329963684082
2464,11,2,1,2,1,144.1667022705078
2461,11,2,1,2,2,43.48450088500977
2462,11,2,1,2,2,210.0428924560547
2468,11,2,2,1,1,409.139404296875
2467,11,2,2,1,2,748.9752197265625
2471,11,2,2,2,1,148.8166961669922
2472,11,2,2,2,1,231.0426940917969
2469,11,2,2,2,2,374.9531860351563
2470,11,2,2,2,2,450.5140075683594
2466,11,2,3,1,1,631.9332885742188
2465,11,2,3,1,2,799.8895263671875
2474,11,3,1,1,1,206.88330078125
2473,11,3,1,1,2,294.3198852539063
2477,11,3,1,2,1,8.0
2478,11,3,1,2,1,117.5
2475,11,3,1,2,2,16.21789932250977
2476,11,3,1,2,2,178.6040954589844
2482,11,3,2,1,1,339.2333068847656
2481,11,3,2,1,2,621.5881958007812
2485,11,3,2,2,1,64.41670227050781
2486,11,3,2,2,1,226.9833068847656
2483,11,3,2,2,2,237.7384948730469
2484,11,3,2,2,2,509.158203125
2480,11,3,3,1,1,622.1500244140625
2479,11,3,3,1,2,772.8405151367188
2488,11,4,1,1,1,146.7333068847656
2487,11,4,1,1,2,215.2203063964844
2490,11,4,1,2,1,74.44999694824219
2489,11,4,1,2,2,127.5214004516602
2494,11,4,2,1,1,211.86669921875
2493,11,4,2,1,2,460.4755859375
2496,11,4,2,2,1,189.5
2495,11,4,2,2,2,501.9309997558594
2492,11,4,3,1,1,606.63330078125
2491,11,4,3,1,2,748.7178955078125
2498,12,1,1,1,1,36.0
2497,12,1,1,1,2,39.79999923706055
2501,12,1,1,2,1,19.0
2502,12,1,1,2,1,18.0
2499,12,1,1,2,2,18.73329925537109
2500,12,1,1,2,2,18.5856990814209
2506,12,1,2,1,1,26.66670036315918
2505,12,1,2,1,2,67.17060089111328
2509,12,1,2,2,1,13.83329963684082
2510,12,1,2,2,1,18.88570022583008
2507,12,1,2,2,2,53.12060165405273
2508,12,1,2,2,2,42.15829849243164
2504,12,1,3,1,1,56.5713996887207
2503,12,1,3,1,2,56.00479888916016
2512,12,2,1,1,1,35.0
2511,12,2,1,1,2,48.67060089111328
2515,12,2,1,2,1,13.0
2516,12,2,1,2,1,17.33329963684082
2513,12,2,1,2,2,14.0
2514,12,2,1,2,2,20.23329925537109
2520,12,2,2,1,1,25.5
2519,12,2,2,1,2,87.50749969482422
2523,12,2,2,2,1,14.5
2524,12,2,2,2,1,18.46669960021973
2521,12,2,2,2,2,61.73130035400391
2522,12,2,2,2,2,61.64049911499023
2518,12,2,3,1,1,49.0
2517,12,2,3,1,2,52.32619857788086
2526,12,3,1,1,1,47.40000152587891
2525,12,3,1,1,2,57.96670150756836
2529,12,3,1,2,1,4.5
2530,12,3,1,2,1,17.5
2527,12,3,1,2,2,6.099999904632568
2528,12,3,1,2,2,16.63330078125
2534,12,3,2,1,1,28.5
2533,12,3,2,1,2,88.98100280761719
2537,12,3,2,2,1,8.5
2538,12,3,2,2,1,8.0
2535,12,3,2,2,2,55.29399871826172
2536,12,3,2,2,2,63.14400100708008
2532,12,3,3,1,1,47.40000152587891
2531,12,3,3,1,2,56.6713981628418
2540,12,4,1,1,1,36.5
2539,12,4,1,1,2,44.22620010375977
2542,12,4,1,2,1,22.875
2541,12,4,1,2,2,25.84169960021973
2546,12,4,2,1,1,19.0
2545,12,4,2,1,2,92.32440185546875
2548,12,4,2,2,1,15.5
2547,12,4,2,2,2,83.57859802246094
2544,12,4,3,1,1,43.83330154418945
2543,12,4,3,1,2,51.4452018737793
158,13,1,1,1,1,1480.771362304688
157,13,1,1,1,2,2001.8310546875
161,13,1,1,2,1,351.326904296875
162,13,1,1,2,1,1585.201538085938
159,13,1,1,2,2,553.4552001953125
160,13,1,1,2,2,1902.40576171875
166,13,1,2,1,1,6562.8955078125
165,13,1,2,1,2,8516.1669921875
169,13,1,2,2,1,4591.5791015625
170,13,1,2,2,1,4723.85693359375
167,13,1,2,2,2,6303.75634765625
168,13,1,2,2,2,6580.2880859375
164,13,1,3,1,1,2360.757080078125
163,13,1,3,1,2,2969.06591796875
172,13,2,1,1,1,1790.19287109375
171,13,2,1,1,2,2304.19970703125
175,13,2,1,2,1,270.0833129882813
176,13,2,1,2,1,1683.966674804688
173,13,2,1,2,2,353.6635131835938
174,13,2,1,2,2,2095.95068359375
180,13,2,2,1,1,7242.92919921875
179,13,2,2,1,2,9277.0078125
183,13,2,2,2,1,4556.30029296875
184,13,2,2,2,1,5530.353515625
181,13,2,2,2,2,6270.462890625
182,13,2,2,2,2,7677.86279296875
178,13,2,3,1,1,2657.351318359375
177,13,2,3,1,2,3221.800537109375
186,13,3,1,1,1,1763.803955078125
185,13,3,1,1,2,2235.3076171875
189,13,3,1,2,1,128.3332977294922
190,13,3,1,2,1,1423.983276367188
187,13,3,1,2,2,160.7212982177734
188,13,3,1,2,2,1921.868530273438
194,13,3,2,1,1,6678.71826171875
193,13,3,2,1,2,8545.69921875
197,13,3,2,2,1,3285.48681640625
198,13,3,2,2,1,5343.79833984375
195,13,3,2,2,2,4591.82470703125
196,13,3,2,2,2,7349.794921875
192,13,3,3,1,1,2557.678955078125
191,13,3,3,1,2,3185.811279296875
200,13,4,1,1,1,1420.354858398438
199,13,4,1,1,2,1803.75537109375
202,13,4,1,2,1,1136.0
201,13,4,1,2,2,1532.560302734375
206,13,4,2,1,1,6015.861328125
205,13,4,2,1,2,7680.07275390625
208,13,4,2,2,1,5016.64990234375
207,13,4,2,2,2,6832.37109375
204,13,4,3,1,1,2570.038818359375
203,13,4,3,1,2,3324.1259765625
2550,14,1,1,1,1,397.5
2549,14,1,1,1,2,4.25
2553,14,1,1,2,1,169.0
2554,14,1,1,2,1,104.6667022705078
2551,14,1,1,2,2,1.0
2552,14,1,1,2,2,0.0
2558,14,1,2,1,1,1465.833251953125
2557,14,1,2,1,2,6.333300113677979
2561,14,1,2,2,1,1298.5
2562,14,1,2,2,1,1075.27294921875
2559,14,1,2,2,2,4.75
2560,14,1,2,2,2,8.20829963684082
2556,14,1,3,1,1,1007.083312988281
2555,14,1,3,1,2,6.083300113677979
2564,14,2,1,1,1,507.6666870117188
2563,14,2,1,1,2,15.5
2567,14,2,1,2,1,181.0
2568,14,2,1,2,1,130.3332977294922
2565,14,2,1,2,2,4.0
2566,14,2,1,2,2,0.125
2572,14,2,2,1,1,1382.416748046875
2571,14,2,2,1,2,13.72500038146973
2575,14,2,2,2,1,1202.25
2576,14,2,2,2,1,1292.949951171875
2573,14,2,2,2,2,9.29170036315918
2574,14,2,2,2,2,6.833300113677979
2570,14,2,3,1,1,1305.833251953125
2569,14,2,3,1,2,13.66670036315918
2578,14,3,1,1,1,123.75
2577,14,3,1,1,2,7.416699886322021
2581,14,3,1,2,1,8.0
2582,14,3,1,2,1,207.5
2579,14,3,1,2,2,0.0
2580,14,3,1,2,2,0.0
2586,14,3,2,1,1,1503.833251953125
2585,14,3,2,1,2,15.40830039978027
2589,14,3,2,2,1,1196.583251953125
2590,14,3,2,2,1,1563.092895507813
2587,14,3,2,2,2,8.08329963684082
2588,14,3,2,2,2,7.75
2584,14,3,3,1,1,843.75
2583,14,3,3,1,2,11.21669960021973
2592,14,4,1,1,1,125.25
2591,14,4,1,1,2,3.833300113677979
2594,14,4,1,2,1,293.3333129882813
2593,14,4,1,2,2,4.0
2598,14,4,2,1,1,858.0833129882812
2597,14,4,2,1,2,14.53330039978027
2600,14,4,2,2,1,1336.166748046875
2599,14,4,2,2,2,8.741700172424316
2596,14,4,3,1,1,282.0833129882813
2595,14,4,3,1,2,13.875
210,15,1,1,1,1,37.5
209,15,1,1,1,2,42.02500152587891
213,15,1,1,2,1,6.0
214,15,1,1,2,1,20.66670036315918
211,15,1,1,2,2,5.283299922943115
212,15,1,1,2,2,33.06669998168945
218,15,1,2,1,1,89.83329772949219
217,15,1,2,1,2,105.9751968383789
221,15,1,2,2,1,31.0
222,15,1,2,2,1,35.53329849243164
219,15,1,2,2,2,40.60309982299805
220,15,1,2,2,2,46.99029922485352
216,15,1,3,1,1,220.5
215,15,1,3,1,2,225.6535949707031
224,15,2,1,1,1,49.16669845581055
223,15,2,1,1,2,57.27780151367188
227,15,2,1,2,1,5.0
228,15,2,1,2,1,16.5
225,15,2,1,2,2,6.0
226,15,2,1,2,2,21.83329963684082
232,15,2,2,1,1,103.75
231,15,2,2,1,2,127.9968032836914
235,15,2,2,2,1,35.25
236,15,2,2,2,1,51.25
233,15,2,2,2,2,52.11669921875
234,15,2,2,2,2,58.72320175170898
230,15,2,3,1,1,203.5
229,15,2,3,1,2,212.2539978027344
238,15,3,1,1,1,36.43330001831055
237,15,3,1,1,2,47.92679977416992
241,15,3,1,2,1,2.0
242,15,3,1,2,1,19.83329963684082
239,15,3,1,2,2,2.416699886322021
240,15,3,1,2,2,23.04170036315918
246,15,3,2,1,1,65.7833023071289
245,15,3,2,1,2,84.57939910888672
249,15,3,2,2,1,12.0
250,15,3,2,2,1,53.95000076293945
247,15,3,2,2,2,19.84760093688965
248,15,3,2,2,2,67.74230194091797
244,15,3,3,1,1,216.1000061035156
243,15,3,3,1,2,228.6970062255859
252,15,4,1,1,1,13.19999980926514
251,15,4,1,1,2,19.89170074462891
254,15,4,1,2,1,24.5
253,15,4,1,2,2,25.125
258,15,4,2,1,1,38.86669921875
257,15,4,2,1,2,54.8578987121582
260,15,4,2,2,1,58.70000076293945
259,15,4,2,2,2,72.35489654541016
256,15,4,3,1,1,156.4575958251953
255,15,4,3,1,2,161.4539947509766
2602,16,1,1,1,1,12353.455078125
2601,16,1,1,1,2,13346.791015625
2605,16,1,1,2,1,4627.8095703125
2606,16,1,1,2,1,4686.68310546875
2603,16,1,1,2,2,4895.3759765625
2604,16,1,1,2,2,5093.7568359375
2610,16,1,2,1,1,25375.490234375
2609,16,1,2,1,2,28288.916015625
2613,16,1,2,2,1,19573.92578125
2614,16,1,2,2,1,12910.7314453125
2611,16,1,2,2,2,21584.734375
2612,16,1,2,2,2,14975.958984375
2608,16,1,3,1,1,47534.63671875
2607,16,1,3,1,2,49373.578125
2616,16,2,1,1,1,13770.5078125
2615,16,2,1,1,2,14787.6689453125
2619,16,2,1,2,1,2650.199951171875
2620,16,2,1,2,1,5996.06689453125
2617,16,2,1,2,2,2869.518310546875
2618,16,2,1,2,2,6400.7294921875
2624,16,2,2,1,1,29322.357421875
2623,16,2,2,1,2,32936.890625
2627,16,2,2,2,1,19669.923828125
2628,16,2,2,2,1,17248.498046875
2625,16,2,2,2,2,21906.71484375
2626,16,2,2,2,2,19818.58984375
2622,16,2,3,1,1,53498.70703125
2621,16,2,3,1,2,55584.98828125
2630,16,3,1,1,1,16496.42578125
2629,16,3,1,1,2,17063.099609375
2633,16,3,1,2,1,1207.166748046875
2634,16,3,1,2,1,6705.14306640625
2631,16,3,1,2,2,1265.97216796875
2632,16,3,1,2,2,7149.0625
2638,16,3,2,1,1,30865.63671875
2637,16,3,2,1,2,34242.7578125
2641,16,3,2,2,1,15475.755859375
2642,16,3,2,2,1,19041.2109375
2639,16,3,2,2,2,17128.435546875
2640,16,3,2,2,2,21911.94921875
2636,16,3,3,1,1,63791.5703125
2635,16,3,3,1,2,65330.09765625
2644,16,4,1,1,1,12393.033203125
2643,16,4,1,1,2,12952.216796875
2646,16,4,1,2,1,6704.72607421875
2645,16,4,1,2,2,7166.5263671875
2650,16,4,2,1,1,28237.142578125
2649,16,4,2,1,2,29947.609375
2652,16,4,2,2,1,20954.580078125
2651,16,4,2,2,2,23881.197265625
2648,16,4,3,1,1,64157.70703125
2647,16,4,3,1,2,65221.52734375
4786,17,1,1,1,1,1716.650024414063
4785,17,1,1,1,2,1873.780883789063
4789,17,1,1,2,1,796.7000122070312
4790,17,1,1,2,1,994.4166870117188
4787,17,1,1,2,2,839.1102905273438
4788,17,1,1,2,2,1004.235717773438
4794,17,1,2,1,1,13147.4248046875
4793,17,1,2,1,2,13885.802734375
4797,17,1,2,2,1,11056.31640625
4798,17,1,2,2,1,10659.3017578125
4795,17,1,2,2,2,11609.443359375
4796,17,1,2,2,2,10980.4453125
4792,17,1,3,1,1,684.3167114257812
4791,17,1,3,1,2,896.6762084960938
4800,17,2,1,1,1,1501.25
4799,17,2,1,1,2,1596.46337890625
4803,17,2,1,2,1,552.5
4804,17,2,1,2,1,1031.733276367188
4801,17,2,1,2,2,568.0908813476562
4802,17,2,1,2,2,1087.06494140625
4808,17,2,2,1,1,13968.2255859375
4807,17,2,2,1,2,14777.203125
4811,17,2,2,2,1,11981.5830078125
4812,17,2,2,2,1,11177.09375
4809,17,2,2,2,2,12522.7890625
4810,17,2,2,2,2,11558.1923828125
4806,17,2,3,1,1,561.9000244140625
4805,17,2,3,1,2,823.3292846679688
4814,17,3,1,1,1,1320.0
4813,17,3,1,1,2,1473.89599609375
4817,17,3,1,2,1,318.3333129882813
4818,17,3,1,2,1,1151.5
4815,17,3,1,2,2,344.6666870117188
4816,17,3,1,2,2,1192.499755859375
4822,17,3,2,1,1,13962.0556640625
4821,17,3,2,1,2,14710.609375
4825,17,3,2,2,1,10738.9501953125
4826,17,3,2,2,1,11699.625
4823,17,3,2,2,2,11164.5048828125
4824,17,3,2,2,2,12220.77734375
4820,17,3,3,1,1,445.7619018554688
4819,17,3,3,1,2,708.014404296875
4828,17,4,1,1,1,1348.25
4827,17,4,1,1,2,1508.138061523438
4830,17,4,1,2,1,972.86669921875
4829,17,4,1,2,2,981.8585815429688
4834,17,4,2,1,1,13869.42578125
4833,17,4,2,1,2,14467.0283203125
4836,17,4,2,2,1,10806.3974609375
4835,17,4,2,2,2,11271.212890625
4832,17,4,3,1,1,407.61669921875
4831,17,4,3,1,2,661.3173828125
262,18,1,1,1,1,13.83329963684082
261,18,1,1,1,2,19.36190032958984
265,18,1,1,2,1,1.5
266,18,1,1,2,1,5.333300113677979
263,18,1,1,2,2,3.542900085449219
264,18,1,1,2,2,9.83329963684082
270,18,1,2,1,1,61.95240020751953
269,18,1,2,1,2,81.82859802246094
273,18,1,2,2,1,32.61899948120117
274,18,1,2,2,1,29.64999961853027
271,18,1,2,2,2,45.40240097045898
272,18,1,2,2,2,36.10950088500977
268,18,1,3,1,1,140.6667022705078
267,18,1,3,1,2,150.1226043701172
276,18,2,1,1,1,16.5
275,18,2,1,1,2,24.60000038146973
279,18,2,1,2,1,1.333299994468689
280,18,2,1,2,1,13.21430015563965
277,18,2,1,2,2,2.866699934005737
278,18,2,1,2,2,17.60000038146973
284,18,2,2,1,1,60.08330154418945
283,18,2,2,1,2,84.77539825439453
287,18,2,2,2,1,16.83329963684082
288,18,2,2,2,1,29.08329963684082
285,18,2,2,2,2,32.25320053100586
286,18,2,2,2,2,43.47620010375977
282,18,2,3,1,1,118.0
281,18,2,3,1,2,131.3713989257813
290,18,3,1,1,1,15.5
289,18,3,1,1,2,22.17779922485352
293,18,3,1,2,1,0.5
294,18,3,1,2,1,7.5
291,18,3,1,2,2,0.9444000124931335
292,18,3,1,2,2,12.29290008544922
298,18,3,2,1,1,54.33330154418945
297,18,3,2,1,2,75.85900115966797
301,18,3,2,2,1,15.5
302,18,3,2,2,1,35.53329849243164
299,18,3,2,2,2,23.53330039978027
300,18,3,2,2,2,46.25559997558594
296,18,3,3,1,1,118.3332977294922
295,18,3,3,1,2,125.1110992431641
304,18,4,1,1,1,4.833300113677979
303,18,4,1,1,2,8.199999809265137
306,18,4,1,2,1,9.66670036315918
305,18,4,1,2,2,15.51749992370605
310,18,4,2,1,1,31.19289970397949
309,18,4,2,1,2,44.50439834594727
312,18,4,2,2,1,29.16670036315918
311,18,4,2,2,2,46.0718994140625
308,18,4,3,1,1,86.0333023071289
307,18,4,3,1,2,92.39820098876953
314,19,1,1,1,1,3.0
313,19,1,1,1,2,2.819400072097778
317,19,1,1,2,1,1.0
318,19,1,1,2,1,1.0
315,19,1,1,2,2,1.208299994468689
316,19,1,1,2,2,5.394400119781494
322,19,1,2,1,1,9.0
321,19,1,2,1,2,49.56900024414063
325,19,1,2,2,1,7.5
326,19,1,2,2,1,4.333300113677979
323,19,1,2,2,2,41.70790100097656
324,19,1,2,2,2,24.9857006072998
320,19,1,3,1,1,13.5
319,19,1,3,1,2,16.8528003692627
328,19,2,1,1,1,8.0
327,19,2,1,1,2,14.72259998321533
331,19,2,1,2,1,1.0
332,19,2,1,2,1,3.0
329,19,2,1,2,2,2.680599927902222
330,19,2,1,2,2,3.333300113677979
336,19,2,2,1,1,9.714300155639648
335,19,2,2,1,2,53.51200103759766
339,19,2,2,2,1,3.0
340,19,2,2,2,1,4.928599834442139
337,19,2,2,2,2,43.21110153198242
338,19,2,2,2,2,18.62299919128418
334,19,2,3,1,1,9.0
333,19,2,3,1,2,15.40320014953613
342,19,3,1,1,1,5.0
341,19,3,1,1,2,13.46030044555664
345,19,3,1,2,1,1.0
346,19,3,1,2,1,2.0
343,19,3,1,2,2,1.0
344,19,3,1,2,2,1.975499987602234
350,19,3,2,1,1,11.5
349,19,3,2,1,2,40.31470108032227
353,19,3,2,2,1,6.0
354,19,3,2,2,1,7.75
351,19,3,2,2,2,23.11940002441406
352,19,3,2,2,2,43.04560089111328
348,19,3,3,1,1,9.0
347,19,3,3,1,2,19.94370079040527
356,19,4,1,1,1,0.0
355,19,4,1,1,2,9.326199531555176
358,19,4,1,2,1,1.0
357,19,4,1,2,2,0.916700005531311
362,19,4,2,1,1,8.16670036315918
361,19,4,2,1,2,48.14920043945313
364,19,4,2,2,1,7.0
363,19,4,2,2,2,45.25230026245117
360,19,4,3,1,1,4.0
359,19,4,3,1,2,15.65950012207031
2654,20,1,1,1,1,16.0
2653,20,1,1,1,2,26.37779998779297
2657,20,1,1,2,1,9.0
2658,20,1,1,2,1,6.0
2655,20,1,1,2,2,12.72500038146973
2656,20,1,1,2,2,14.79290008544922
2662,20,1,2,1,1,15.16670036315918
2661,20,1,2,1,2,27.38260078430176
2665,20,1,2,2,1,10.16670036315918
2666,20,1,2,2,1,6.5
2663,20,1,2,2,2,18.48259925842285
2664,20,1,2,2,2,16.48500061035156
2660,20,1,3,1,1,28.0
2659,20,1,3,1,2,36.96110153198242
2668,20,2,1,1,1,16.0
2667,20,2,1,1,2,37.73329925537109
2671,20,2,1,2,1,4.0
2672,20,2,1,2,1,12.5
2669,20,2,1,2,2,11.39999961853027
2670,20,2,1,2,2,23.04400062561035
2676,20,2,2,1,1,14.66670036315918
2675,20,2,2,1,2,39.01940155029297
2679,20,2,2,2,1,6.0
2680,20,2,2,2,1,9.33329963684082
2677,20,2,2,2,2,17.07620048522949
2678,20,2,2,2,2,19.71479988098145
2674,20,2,3,1,1,34.0
2673,20,2,3,1,2,52.48329925537109
2682,20,3,1,1,1,14.5
2681,20,3,1,1,2,31.17020034790039
2685,20,3,1,2,1,5.0
2686,20,3,1,2,1,10.16670036315918
2683,20,3,1,2,2,5.5
2684,20,3,1,2,2,28.57819938659668
2690,20,3,2,1,1,14.0
2689,20,3,2,1,2,40.53089904785156
2693,20,3,2,2,1,2.0
2694,20,3,2,2,1,6.0
2691,20,3,2,2,2,8.085599899291992
2692,20,3,2,2,2,17.49209976196289
2688,20,3,3,1,1,15.5
2687,20,3,3,1,2,37.206298828125
2696,20,4,1,1,1,19.0
2695,20,4,1,1,2,36.96670150756836
2698,20,4,1,2,1,7.5
2697,20,4,1,2,2,14.48289966583252
2702,20,4,2,1,1,10.5
2701,20,4,2,1,2,26.71649932861328
2704,20,4,2,2,1,9.952400207519531
2703,20,4,2,2,2,23.79949951171875
2700,20,4,3,1,1,30.5
2699,20,4,3,1,2,49.57619857788086
2706,21,1,1,1,1,7.333300113677979
2705,21,1,1,1,2,7.433300018310547
2709,21,1,1,2,1,0.0
2710,21,1,1,2,1,6.5
2707,21,1,1,2,2,0.0
2708,21,1,1,2,2,7.0
2714,21,1,2,1,1,9.5
2713,21,1,2,1,2,9.244400024414062
2717,21,1,2,2,1,2.5
2718,21,1,2,2,1,7.166699886322021
2715,21,1,2,2,2,2.244400024414063
2716,21,1,2,2,2,6.36870002746582
2712,21,1,3,1,1,7.333300113677979
2711,21,1,3,1,2,7.383299827575684
2720,21,2,1,1,1,6.666699886322021
2719,21,2,1,1,2,6.875
2723,21,2,1,2,1,1.0
2724,21,2,1,2,1,3.5
2721,21,2,1,2,2,1.0
2722,21,2,1,2,2,3.299999952316284
2728,21,2,2,1,1,7.666699886322021
2727,21,2,2,1,2,7.875
2731,21,2,2,2,1,2.0
2732,21,2,2,2,1,2.333300113677979
2729,21,2,2,2,2,2.0
2730,21,2,2,2,2,2.686100006103516
2726,21,2,3,1,1,10.16670036315918
2725,21,2,3,1,2,10.25399971008301
2734,21,3,1,1,1,8.75
2733,21,3,1,1,2,7.93690013885498
2737,21,3,1,2,1,0.0
2738,21,3,1,2,1,1.0
2735,21,3,1,2,2,0.0
2736,21,3,1,2,2,2.5
2742,21,3,2,1,1,10.25
2741,21,3,2,1,2,9.236900329589844
2745,21,3,2,2,1,1.0
2746,21,3,2,2,1,3.5
2743,21,3,2,2,2,1.0
2744,21,3,2,2,2,3.299999952316284
2740,21,3,3,1,1,10.75
2739,21,3,3,1,2,9.825799942016602
2748,21,4,1,1,1,5.5
2747,21,4,1,1,2,5.209499835968018
2750,21,4,1,2,1,7.0
2749,21,4,1,2,2,7.0
2754,21,4,2,1,1,3.5
2753,21,4,2,1,2,3.833300113677979
2756,21,4,2,2,1,5.0
2755,21,4,2,2,2,5.944399833679199
2752,21,4,3,1,1,15.5
2751,21,4,3,1,2,14.48040008544922
2758,22,1,1,1,1,35.53329849243164
2757,22,1,1,1,2,15.10709953308105
2761,22,1,1,2,1,13.0
2762,22,1,1,2,1,28.33329963684082
2759,22,1,1,2,2,7.285699844360352
2760,22,1,1,2,2,9.476200103759766
2766,22,1,2,1,1,67.33329772949219
2765,22,1,2,1,2,20.07780075073242
2769,22,1,2,2,1,82.16670227050781
2770,22,1,2,2,1,93.7166976928711
2767,22,1,2,2,2,12.32779979705811
2768,22,1,2,2,2,13.17780017852783
2764,22,1,3,1,1,39.11669921875
2763,22,1,3,1,2,14.05000019073486
2772,22,2,1,1,1,40.66669845581055
2771,22,2,1,1,2,15.22859954833984
2775,22,2,1,2,1,10.16670036315918
2776,22,2,1,2,1,24.0
2773,22,2,1,2,2,1.700000047683716
2774,22,2,1,2,2,9.010299682617188
2780,22,2,2,1,1,71.0
2779,22,2,2,1,2,17.82379913330078
2783,22,2,2,2,1,81.25
2784,22,2,2,2,1,104.4167022705078
2781,22,2,2,2,2,6.183300018310547
2782,22,2,2,2,2,10.14999961853027
2778,22,2,3,1,1,34.25
2777,22,2,3,1,2,14.39050006866455
2786,22,3,1,1,1,52.0
2785,22,3,1,1,2,20.30949974060059
2789,22,3,1,2,1,5.0
2790,22,3,1,2,1,29.0
2787,22,3,1,2,2,0.0
2788,22,3,1,2,2,8.79170036315918
2794,22,3,2,1,1,75.0
2793,22,3,2,1,2,15.90480041503906
2797,22,3,2,2,1,77.0
2798,22,3,2,2,1,101.0417022705078
2795,22,3,2,2,2,8.361900329589844
2796,22,3,2,2,2,13.7278003692627
2792,22,3,3,1,1,47.5
2791,22,3,3,1,2,17.97620010375977
2800,22,4,1,1,1,28.5
2799,22,4,1,1,2,13.64290046691895
2802,22,4,1,2,1,26.0
2801,22,4,1,2,2,3.935699939727783
2806,22,4,2,1,1,58.75
2805,22,4,2,1,2,14.66670036315918
2808,22,4,2,2,1,94.75
2807,22,4,2,2,2,8.827799797058105
2804,22,4,3,1,1,54.70000076293945
2803,22,4,3,1,2,19.21820068359375
366,23,1,1,1,1,212.3999938964844
365,23,1,1,1,2,311.5090942382813
369,23,1,1,2,1,95.0
370,23,1,1,2,1,125.25
367,23,1,1,2,2,146.2595062255859
368,23,1,1,2,2,192.7357025146484
374,23,1,2,1,1,191.0944061279297
373,23,1,2,1,2,378.9617004394531
377,23,1,2,2,1,137.3999938964844
378,23,1,2,2,1,118.7077026367188
375,23,1,2,2,2,294.7344055175781
376,23,1,2,2,2,328.7712097167969
372,23,1,3,1,1,179.7082977294922
371,23,1,3,1,2,230.6463928222656
380,23,2,1,1,1,187.3332977294922
379,23,2,1,1,2,241.9299011230469
383,23,2,1,2,1,70.5
384,23,2,1,2,1,172.3332977294922
381,23,2,1,2,2,84.68099975585938
382,23,2,1,2,2,242.9002990722656
388,23,2,2,1,1,196.0832977294922
387,23,2,2,1,2,384.3919067382813
391,23,2,2,2,1,106.4167022705078
392,23,2,2,2,1,150.7467956542969
389,23,2,2,2,2,261.2903137207031
390,23,2,2,2,2,364.2214965820313
386,23,2,3,1,1,178.0
385,23,2,3,1,2,226.9129028320313
394,23,3,1,1,1,225.8999938964844
393,23,3,1,1,2,311.4971923828125
397,23,3,1,2,1,47.0
398,23,3,1,2,1,158.0
395,23,3,1,2,2,58.74290084838867
396,23,3,1,2,2,253.1553955078125
402,23,3,2,1,1,170.3332977294922
401,23,3,2,1,2,365.0618896484375
405,23,3,2,2,1,69.16670227050781
406,23,3,2,2,1,162.9333038330078
403,23,3,2,2,2,183.1676025390625
404,23,3,2,2,2,346.8471069335938
400,23,3,3,1,1,201.7095031738281
399,23,3,3,1,2,261.3364868164063
408,23,4,1,1,1,189.6999969482422
407,23,4,1,1,2,249.8415069580078
410,23,4,1,2,1,139.3332977294922
409,23,4,1,2,2,195.1293029785156
414,23,4,2,1,1,120.61669921875
413,23,4,2,1,2,265.1572875976563
416,23,4,2,2,1,111.5
415,23,4,2,2,2,293.9137878417969
412,23,4,3,1,1,277.9500122070313
411,23,4,3,1,2,326.0003967285156
2810,24,1,1,1,1,0.0
2809,24,1,1,1,2,2.700000047683716
2813,24,1,1,2,1,0.0
2814,24,1,1,2,1,0.0
2811,24,1,1,2,2,2.0
2812,24,1,1,2,2,2.666699886322021
2818,24,1,2,1,1,1.0
2817,24,1,2,1,2,5.949999809265137
2821,24,1,2,2,1,0.0
2822,24,1,2,2,1,1.5
2819,24,1,2,2,2,3.366699934005737
2820,24,1,2,2,2,4.949999809265137
2816,24,1,3,1,1,2.0
2815,24,1,3,1,2,3.625
2824,24,2,1,1,1,0.0
2823,24,2,1,1,2,0.2000000029802322
2827,24,2,1,2,1,0.0
2828,24,2,1,2,1,1.0
2825,24,2,1,2,2,0.0
2826,24,2,1,2,2,3.333300113677979
2832,24,2,2,1,1,2.5
2831,24,2,2,1,2,4.926199913024902
2835,24,2,2,2,1,2.0
2836,24,2,2,2,1,0.8611000180244446
2833,24,2,2,2,2,4.449999809265137
2834,24,2,2,2,2,3.916699886322021
2830,24,2,3,1,1,1.0
2829,24,2,3,1,2,1.200000047683716
2838,24,3,1,1,1,2.0
2837,24,3,1,1,2,9.08329963684082
2841,24,3,1,2,1,1.0
2842,24,3,1,2,1,0.0
2839,24,3,1,2,2,1.0
2840,24,3,1,2,2,1.785699963569641
2846,24,3,2,1,1,5.5
2845,24,3,2,1,2,8.39169979095459
2849,24,3,2,2,1,3.5
2850,24,3,2,2,1,0.0
2847,24,3,2,2,2,5.791699886322021
2848,24,3,2,2,2,2.416699886322021
2844,24,3,3,1,1,1.0
2843,24,3,3,1,2,8.33329963684082
2852,24,4,1,1,1,0.0
2851,24,4,1,1,2,3.583300113677979
2854,24,4,1,2,1,0.0
2853,24,4,1,2,2,0.0
2858,24,4,2,1,1,1.0
2857,24,4,2,1,2,3.624200105667114
2860,24,4,2,2,1,3.5
2859,24,4,2,2,2,4.283299922943115
2856,24,4,3,1,1,1.0
2855,24,4,3,1,2,4.25
418,25,1,1,1,1,1778.583251953125
417,25,1,1,1,2,1691.6982421875
421,25,1,1,2,1,701.3333129882812
422,25,1,1,2,1,1195.628784179688
419,25,1,1,2,2,654.2246704101562
420,25,1,1,2,2,1165.142456054688
426,25,1,2,1,1,1621.551147460938
425,25,1,2,1,2,1551.47509765625
429,25,1,2,2,1,1098.101196289063
430,25,1,2,2,1,1067.521728515625
427,25,1,2,2,2,1071.034912109375
428,25,1,2,2,2,1119.286499023438
424,25,1,3,1,1,1423.916748046875
423,25,1,3,1,2,1346.629028320313
432,25,2,1,1,1,1712.583251953125
431,25,2,1,1,2,1624.458740234375
435,25,2,1,2,1,464.1666870117188
436,25,2,1,2,1,1311.666748046875
433,25,2,1,2,2,436.7619934082031
434,25,2,1,2,2,1277.517456054688
440,25,2,2,1,1,1734.361083984375
439,25,2,2,1,2,1624.448852539063
443,25,2,2,2,1,829.2777709960938
444,25,2,2,2,1,1205.8349609375
441,25,2,2,2,2,751.8201904296875
442,25,2,2,2,2,1221.486572265625
438,25,2,3,1,1,1410.166748046875
437,25,2,3,1,2,1376.8525390625
446,25,3,1,1,1,1822.11669921875
445,25,3,1,1,2,1695.09130859375
449,25,3,1,2,1,213.5
450,25,3,1,2,1,1274.083251953125
447,25,3,1,2,2,202.3094940185547
448,25,3,1,2,2,1227.517822265625
454,25,3,2,1,1,1813.556030273438
453,25,3,2,1,2,1694.980102539063
457,25,3,2,2,1,517.6286010742188
458,25,3,2,2,1,1206.527099609375
455,25,3,2,2,2,497.0230102539063
456,25,3,2,2,2,1193.076049804688
452,25,3,3,1,1,1546.574951171875
451,25,3,3,1,2,1458.881958007813
460,25,4,1,1,1,1611.783325195313
459,25,4,1,1,2,1572.896240234375
462,25,4,1,2,1,1143.25
461,25,4,1,2,2,1078.34033203125
466,25,4,2,1,1,1220.916748046875
465,25,4,2,1,2,1174.006225585938
468,25,4,2,2,1,1248.827758789063
467,25,4,2,2,2,1176.196655273438
464,25,4,3,1,1,1522.150024414063
463,25,4,3,1,2,1544.612060546875
2862,26,1,1,1,1,0.0
2861,26,1,1,1,2,0.0
2865,26,1,1,2,1,0.0
2866,26,1,1,2,1,0.0
2863,26,1,1,2,2,0.0
2864,26,1,1,2,2,0.25
2870,26,1,2,1,1,0.0
2869,26,1,2,1,2,1.0
2873,26,1,2,2,1,0.0
2874,26,1,2,2,1,0.0
2871,26,1,2,2,2,1.0
2872,26,1,2,2,2,0.699999988079071
2868,26,1,3,1,1,0.0
2867,26,1,3,1,2,0.0
2876,26,2,1,1,1,0.0
2875,26,2,1,1,2,0.0
2879,26,2,1,2,1,0.0
2880,26,2,1,2,1,0.0
2877,26,2,1,2,2,0.0
2878,26,2,1,2,2,0.0
2884,26,2,2,1,1,0.0
2883,26,2,2,1,2,0.0
2887,26,2,2,2,1,0.0
2888,26,2,2,2,1,0.0
2885,26,2,2,2,2,0.0
2886,26,2,2,2,2,0.0
2882,26,2,3,1,1,0.0
2881,26,2,3,1,2,0.0
2890,26,3,1,1,1,0.0
2889,26,3,1,1,2,0.0
2893,26,3,1,2,1,0.0
2894,26,3,1,2,1,0.0
2891,26,3,1,2,2,0.0
2892,26,3,1,2,2,0.0
2898,26,3,2,1,1,0.0
2897,26,3,2,1,2,0.0
2901,26,3,2,2,1,0.0
2902,26,3,2,2,1,0.0
2899,26,3,2,2,2,0.0
2900,26,3,2,2,2,0.0
2896,26,3,3,1,1,0.0
2895,26,3,3,1,2,0.0
2904,26,4,1,1,1,0.0
2903,26,4,1,1,2,0.0
2906,26,4,1,2,1,0.0
2905,26,4,1,2,2,0.0
2910,26,4,2,1,1,0.0
2909,26,4,2,1,2,0.0
2912,26,4,2,2,1,0.0
2911,26,4,2,2,2,0.0
2908,26,4,3,1,1,0.0
2907,26,4,3,1,2,0.0
2914,27,1,1,1,1,1.0
2913,27,1,1,1,2,1.0
2917,27,1,1,2,1,0.0
2918,27,1,1,2,1,0.5
2915,27,1,1,2,2,0.0
2916,27,1,1,2,2,0.333299994468689
2922,27,1,2,1,1,2.5
2921,27,1,2,1,2,4.394400119781494
2925,27,1,2,2,1,1.5
2926,27,1,2,2,1,0.25
2923,27,1,2,2,2,3.833300113677979
2924,27,1,2,2,2,2.75
2920,27,1,3,1,1,26.0
2919,27,1,3,1,2,26.5
2928,27,2,1,1,1,0.0
2927,27,2,1,1,2,0.1429000049829483
2931,27,2,1,2,1,0.0
2932,27,2,1,2,1,0.0
2929,27,2,1,2,2,0.1429000049829483
2930,27,2,1,2,2,0.0
2936,27,2,2,1,1,2.583300113677979
2935,27,2,2,1,2,5.995200157165527
2939,27,2,2,2,1,0.583299994468689
2940,27,2,2,2,1,1.5
2937,27,2,2,2,2,3.82859992980957
2938,27,2,2,2,2,3.541699886322021
2934,27,2,3,1,1,16.0
2933,27,2,3,1,2,17.66230010986328
2942,27,3,1,1,1,0.333299994468689
2941,27,3,1,1,2,0.166700005531311
2945,27,3,1,2,1,0.0
2946,27,3,1,2,1,1.0
2943,27,3,1,2,2,0.0
2944,27,3,1,2,2,1.392899990081787
2950,27,3,2,1,1,2.0
2949,27,3,2,1,2,3.325000047683716
2953,27,3,2,2,1,1.0
2954,27,3,2,2,1,1.0
2951,27,3,2,2,2,0.824999988079071
2952,27,3,2,2,2,3.142899990081787
2948,27,3,3,1,1,5.083300113677979
2947,27,3,3,1,2,4.842899799346924
2956,27,4,1,1,1,1.0
2955,27,4,1,1,2,1.533300042152405
2958,27,4,1,2,1,0.0
2957,27,4,1,2,2,0.0
2962,27,4,2,1,1,0.0
2961,27,4,2,1,2,1.200000047683716
2964,27,4,2,2,1,3.083300113677979
2963,27,4,2,2,2,6.745200157165527
2960,27,4,3,1,1,11.75
2959,27,4,3,1,2,12.11670017242432
2966,28,1,1,1,1,6.666699886322021
2965,28,1,1,1,2,9.816699981689453
2969,28,1,1,2,1,0.0
2970,28,1,1,2,1,1.833299994468689
2967,28,1,1,2,2,1.0
2968,28,1,1,2,2,7.199999809265137
2974,28,1,2,1,1,15.0
2973,28,1,2,1,2,40.55950164794922
2977,28,1,2,2,1,9.5
2978,28,1,2,2,1,15.33329963684082
2975,28,1,2,2,2,30.3523998260498
2976,28,1,2,2,2,55.10129928588867
2972,28,1,3,1,1,38.5
2971,28,1,3,1,2,46.81669998168945
2980,28,2,1,1,1,4.0
2979,28,2,1,1,2,9.615900039672852
2983,28,2,1,2,1,0.0
2984,28,2,1,2,1,3.0
2981,28,2,1,2,2,1.0
2982,28,2,1,2,2,6.477799892425537
2988,28,2,2,1,1,12.56669998168945
2987,28,2,2,1,2,39.63809967041016
2991,28,2,2,2,1,4.566699981689453
2992,28,2,2,2,1,8.976200103759766
2989,28,2,2,2,2,33.08330154418945
2990,28,2,2,2,2,34.50070190429688
2986,28,2,3,1,1,39.66669845581055
2985,28,2,3,1,2,44.58810043334961
2994,28,3,1,1,1,5.699999809265137
2993,28,3,1,1,2,15.40789985656738
2997,28,3,1,2,1,0.0
2998,28,3,1,2,1,6.75
2995,28,3,1,2,2,2.5
2996,28,3,1,2,2,11.74170017242432
3002,28,3,2,1,1,13.83329963684082
3001,28,3,2,1,2,44.46189880371094
3005,28,3,2,2,1,7.4721999168396
3006,28,3,2,2,1,11.89999961853027
3003,28,3,2,2,2,28.05830001831055
3004,28,3,2,2,2,39.26430130004883
3000,28,3,3,1,1,41.38890075683594
2999,28,3,3,1,2,52.21900177001953
3008,28,4,1,1,1,5.199999809265137
3007,28,4,1,1,2,9.900799751281738
3010,28,4,1,2,1,0.0
3009,28,4,1,2,2,9.5
3014,28,4,2,1,1,8.0
3013,28,4,2,1,2,31.08830070495605
3016,28,4,2,2,1,13.41670036315918
3015,28,4,2,2,2,48.19290161132813
3012,28,4,3,1,1,49.09999847412109
3011,28,4,3,1,2,54.91749954223633
3018,29,1,1,1,1,0.0
3017,29,1,1,1,2,0.0
3021,29,1,1,2,1,0.0
3022,29,1,1,2,1,0.0
3019,29,1,1,2,2,0.0
3020,29,1,1,2,2,1.1110999584198
3026,29,1,2,1,1,1.25
3025,29,1,2,1,2,1.25
3029,29,1,2,2,1,1.0
3030,29,1,2,2,1,0.0
3027,29,1,2,2,2,1.0
3028,29,1,2,2,2,0.0
3024,29,1,3,1,1,1.0
3023,29,1,3,1,2,1.0
3032,29,2,1,1,1,0.0
3031,29,2,1,1,2,0.0
3035,29,2,1,2,1,0.0
3036,29,2,1,2,1,0.0
3033,29,2,1,2,2,0.0
3034,29,2,1,2,2,0.0
3040,29,2,2,1,1,0.0
3039,29,2,2,1,2,0.0
3043,29,2,2,2,1,0.0
3044,29,2,2,2,1,1.0
3041,29,2,2,2,2,0.0
3042,29,2,2,2,2,1.142899990081787
3038,29,2,3,1,1,2.0
3037,29,2,3,1,2,1.799999952316284
3046,29,3,1,1,1,0.0
3045,29,3,1,1,2,0.0
3049,29,3,1,2,1,0.0
3050,29,3,1,2,1,0.0
3047,29,3,1,2,2,0.0
3048,29,3,1,2,2,0.0
3054,29,3,2,1,1,1.0
3053,29,3,2,1,2,1.25
3057,29,3,2,2,1,1.0
3058,29,3,2,2,1,0.5
3055,29,3,2,2,2,1.0
3056,29,3,2,2,2,0.5
3052,29,3,3,1,1,0.0
3051,29,3,3,1,2,0.0
3060,29,4,1,1,1,0.0
3059,29,4,1,1,2,0.25
3062,29,4,1,2,1,0.0
3061,29,4,1,2,2,0.0
3066,29,4,2,1,1,0.0
3065,29,4,2,1,2,0.0
3068,29,4,2,2,1,1.0
3067,29,4,2,2,2,1.0
3064,29,4,3,1,1,0.0
3063,29,4,3,1,2,0.25
470,30,1,1,1,1,35.5
469,30,1,1,1,2,38.59389877319336
473,30,1,1,2,1,13.0
474,30,1,1,2,1,21.0
471,30,1,1,2,2,15.75
472,30,1,1,2,2,32.6786003112793
478,30,1,2,1,1,30.5
477,30,1,2,1,2,41.85559844970703
481,30,1,2,2,1,21.0
482,30,1,2,2,1,20.48329925537109
479,30,1,2,2,2,29.2721996307373
480,30,1,2,2,2,33.19250106811523
476,30,1,3,1,1,45.5
475,30,1,3,1,2,47.01060104370117
484,30,2,1,1,1,39.5
483,30,2,1,1,2,42.27379989624023
487,30,2,1,2,1,4.0
488,30,2,1,2,1,16.0
485,30,2,1,2,2,6.0
486,30,2,1,2,2,30.42060089111328
492,30,2,2,1,1,54.0
491,30,2,2,1,2,64.72229766845703
495,30,2,2,2,1,27.83329963684082
496,30,2,2,2,1,29.5
493,30,2,2,2,2,36.86520004272461
494,30,2,2,2,2,45.47620010375977
490,30,2,3,1,1,35.5
489,30,2,3,1,2,40.94049835205078
498,30,3,1,1,1,58.83330154418945
497,30,3,1,1,2,65.7667007446289
501,30,3,1,2,1,3.0
502,30,3,1,2,1,20.5
499,30,3,1,2,2,6.0
500,30,3,1,2,2,24.15950012207031
506,30,3,2,1,1,58.0713996887207
505,30,3,2,1,2,65.33560180664062
509,30,3,2,2,1,18.5713996887207
510,30,3,2,2,1,23.66670036315918
507,30,3,2,2,2,28.01059913635254
508,30,3,2,2,2,27.41900062561035
504,30,3,3,1,1,50.83330154418945
503,30,3,3,1,2,51.22499847412109
512,30,4,1,1,1,44.5
511,30,4,1,1,2,46.10710144042969
514,30,4,1,2,1,12.0
513,30,4,1,2,2,18.35000038146973
518,30,4,2,1,1,34.0
517,30,4,2,1,2,48.71709823608398
520,30,4,2,2,1,27.16670036315918
519,30,4,2,2,2,41.09690093994141
516,30,4,3,1,1,47.33330154418945
515,30,4,3,1,2,48.72380065917969
1978,31,1,1,1,1,56812.32421875
1977,31,1,1,1,2,57867.2734375
1981,31,1,1,2,1,27380.451171875
1982,31,1,1,2,1,48574.6328125
1979,31,1,1,2,2,28046.935546875
1980,31,1,1,2,2,48508.8125
1986,31,1,2,1,1,49636.13671875
1985,31,1,2,1,2,52077.14453125
1989,31,1,2,2,1,34803.99609375
1990,31,1,2,2,1,36608.80078125
1987,31,1,2,2,2,37153.8515625
1988,31,1,2,2,2,39104.71875
1984,31,1,3,1,1,48219.328125
1983,31,1,3,1,2,47490.92578125
1992,31,2,1,1,1,55840.9140625
1991,31,2,1,1,2,56620.6484375
1995,31,2,1,2,1,19018.681640625
1996,31,2,1,2,1,50547.48828125
1993,31,2,1,2,2,19403.658203125
1994,31,2,1,2,2,50698.9765625
2000,31,2,2,1,1,50472.21875
1999,31,2,2,1,2,53037.3046875
2003,31,2,2,2,1,25969.41015625
2004,31,2,2,2,1,41566.703125
2001,31,2,2,2,2,28514.962890625
2002,31,2,2,2,2,44255.84375
1998,31,2,3,1,1,47779.41796875
1997,31,2,3,1,2,47281.234375
2006,31,3,1,1,1,56232.2578125
2005,31,3,1,1,2,57236.859375
2009,31,3,1,2,1,10153.423828125
2010,31,3,1,2,1,48608.42578125
2007,31,3,1,2,2,10426.2490234375
2008,31,3,1,2,2,49144.3203125
2014,31,3,2,1,1,47994.72265625
2013,31,3,2,1,2,50648.04296875
2017,31,3,2,2,1,15642.7607421875
2018,31,3,2,2,1,40409.90625
2015,31,3,2,2,2,17705.873046875
2016,31,3,2,2,2,43350.44140625
2012,31,3,3,1,1,47174.84375
2011,31,3,3,1,2,46953.17578125
2020,31,4,1,1,1,46388.625
2019,31,4,1,1,2,47324.87109375
2022,31,4,1,2,1,39618.78515625
2021,31,4,1,2,2,40183.453125
2026,31,4,2,1,1,32159.7109375
2025,31,4,2,1,2,35198.13671875
2028,31,4,2,2,1,37133.85546875
2027,31,4,2,2,2,39755.9765625
2024,31,4,3,1,1,46633.55859375
2023,31,4,3,1,2,46337.63671875
522,32,1,1,1,1,1781.833251953125
521,32,1,1,1,2,1462.681640625
525,32,1,1,2,1,585.0
526,32,1,1,2,1,1542.962158203125
523,32,1,1,2,2,549.6055297851562
524,32,1,1,2,2,1457.801391601563
530,32,1,2,1,1,1813.333251953125
529,32,1,2,1,2,1659.795776367188
533,32,1,2,2,1,1182.083251953125
534,32,1,2,2,1,1347.875610351563
531,32,1,2,2,2,1187.949096679688
532,32,1,2,2,2,1447.347534179688
528,32,1,3,1,1,1988.333251953125
527,32,1,3,1,2,1426.270141601563
536,32,2,1,1,1,1805.916748046875
535,32,2,1,1,2,1525.006103515625
539,32,2,1,2,1,357.5
540,32,2,1,2,1,1623.833251953125
537,32,2,1,2,2,359.9114990234375
538,32,2,1,2,2,1457.392700195313
544,32,2,2,1,1,1754.199951171875
543,32,2,2,1,2,1674.920166015625
547,32,2,2,2,1,761.4500122070312
548,32,2,2,2,1,1455.943725585938
545,32,2,2,2,2,874.5471801757812
546,32,2,2,2,2,1520.801635742188
542,32,2,3,1,1,1835.416748046875
541,32,2,3,1,2,1368.096557617188
550,32,3,1,1,1,1870.75
549,32,3,1,1,2,1501.782104492188
553,32,3,1,2,1,175.25
554,32,3,1,2,1,1561.333251953125
551,32,3,1,2,2,159.7077026367188
552,32,3,1,2,2,1375.454833984375
558,32,3,2,1,1,1706.083251953125
557,32,3,2,1,2,1633.539916992188
561,32,3,2,2,1,579.8333129882812
562,32,3,2,2,1,1426.123779296875
559,32,3,2,2,2,620.4771118164062
560,32,3,2,2,2,1474.128540039063
556,32,3,3,1,1,1862.119018554688
555,32,3,3,1,2,1342.305908203125
564,32,4,1,1,1,1419.75
563,32,4,1,1,2,1092.12939453125
566,32,4,1,2,1,1217.0
565,32,4,1,2,2,1081.4892578125
570,32,4,2,1,1,1242.63330078125
569,32,4,2,1,2,1097.965454101563
572,32,4,2,2,1,1277.25
571,32,4,2,2,2,1260.049682617188
568,32,4,3,1,1,2136.0
567,32,4,3,1,2,1486.731689453125
5306,33,1,1,1,1,0.0
5305,33,1,1,1,2,0.0
5309,33,1,1,2,1,0.0
5310,33,1,1,2,1,1.5
5307,33,1,1,2,2,0.0
5308,33,1,1,2,2,2.200000047683716
5314,33,1,2,1,1,0.0
5313,33,1,2,1,2,0.0
5317,33,1,2,2,1,0.0
5318,33,1,2,2,1,0.0
5315,33,1,2,2,2,0.0
5316,33,1,2,2,2,0.0
5312,33,1,3,1,1,0.0
5311,33,1,3,1,2,0.0
5320,33,2,1,1,1,0.0
5319,33,2,1,1,2,0.0
5323,33,2,1,2,1,0.0
5324,33,2,1,2,1,0.0
5321,33,2,1,2,2,0.0
5322,33,2,1,2,2,0.0
5328,33,2,2,1,1,0.0
5327,33,2,2,1,2,0.0
5331,33,2,2,2,1,0.0
5332,33,2,2,2,1,0.0
5329,33,2,2,2,2,0.0
5330,33,2,2,2,2,1.0
5326,33,2,3,1,1,0.0
5325,33,2,3,1,2,0.0
5334,33,3,1,1,1,0.0
5333,33,3,1,1,2,0.0
5337,33,3,1,2,1,0.0
5338,33,3,1,2,1,0.0
5335,33,3,1,2,2,0.0
5336,33,3,1,2,2,0.0
5342,33,3,2,1,1,0.0
5341,33,3,2,1,2,0.0
5345,33,3,2,2,1,0.0
5346,33,3,2,2,1,0.0
5343,33,3,2,2,2,0.0
5344,33,3,2,2,2,0.0
5340,33,3,3,1,1,0.0
5339,33,3,3,1,2,0.0
5348,33,4,1,1,1,0.0
5347,33,4,1,1,2,0.0
5350,33,4,1,2,1,1.0
5349,33,4,1,2,2,1.0
5354,33,4,2,1,1,0.0
5353,33,4,2,1,2,0.0
5356,33,4,2,2,1,0.0
5355,33,4,2,2,2,0.0
5352,33,4,3,1,1,0.0
5351,33,4,3,1,2,0.0
574,34,1,1,1,1,9206.5283203125
573,34,1,1,1,2,9561.6943359375
577,34,1,1,2,1,4665.68115234375
578,34,1,1,2,1,8601.8623046875
575,34,1,1,2,2,4817.46435546875
576,34,1,1,2,2,8615.1884765625
582,34,1,2,1,1,7474.01318359375
581,34,1,2,1,2,8316.958984375
585,34,1,2,2,1,5055.5322265625
586,34,1,2,2,1,5897.1611328125
583,34,1,2,2,2,5842.5478515625
584,34,1,2,2,2,6511.76611328125
580,34,1,3,1,1,7871.99267578125
579,34,1,3,1,2,7923.87451171875
588,34,2,1,1,1,9050.458984375
587,34,2,1,1,2,9341.900390625
591,34,2,1,2,1,3483.521484375
592,34,2,1,2,1,8777.30078125
589,34,2,1,2,2,3589.16162109375
590,34,2,1,2,2,8904.7275390625
596,34,2,2,1,1,7405.91650390625
595,34,2,2,1,2,8419.8642578125
599,34,2,2,2,1,3597.833251953125
600,34,2,2,2,1,6469.65771484375
597,34,2,2,2,2,4431.8330078125
598,34,2,2,2,2,7270.01953125
594,34,2,3,1,1,7837.546875
593,34,2,3,1,2,7900.16650390625
602,34,3,1,1,1,9305.5498046875
601,34,3,1,1,2,9480.40625
605,34,3,1,2,1,1966.559448242188
606,34,3,1,2,1,8391.3916015625
603,34,3,1,2,2,2018.248046875
604,34,3,1,2,2,8556.1513671875
610,34,3,2,1,1,7381.45068359375
609,34,3,2,1,2,8276.1015625
613,34,3,2,2,1,1975.449951171875
614,34,3,2,2,1,6274.982421875
611,34,3,2,2,2,2587.36962890625
612,34,3,2,2,2,7111.52001953125
608,34,3,3,1,1,7799.19873046875
607,34,3,3,1,2,7863.06787109375
616,34,4,1,1,1,7270.890625
615,34,4,1,1,2,7387.67529296875
618,34,4,1,2,1,6782.99267578125
617,34,4,1,2,2,6993.33837890625
622,34,4,2,1,1,4331.591796875
621,34,4,2,1,2,5142.47119140625
624,34,4,2,2,1,5525.32666015625
623,34,4,2,2,2,6404.04052734375
620,34,4,3,1,1,7338.10693359375
619,34,4,3,1,2,7420.1650390625
3070,35,1,1,1,1,1.0
3069,35,1,1,1,2,2.933300018310547
3073,35,1,1,2,1,0.0
3074,35,1,1,2,1,0.0
3071,35,1,1,2,2,0.333299994468689
3072,35,1,1,2,2,0.2000000029802322
3078,35,1,2,1,1,0.333299994468689
3077,35,1,2,1,2,2.983799934387207
3081,35,1,2,2,1,0.333299994468689
3082,35,1,2,2,1,1.366700053215027
3079,35,1,2,2,2,2.983799934387207
3080,35,1,2,2,2,1.866700053215027
3076,35,1,3,1,1,5.0
3075,35,1,3,1,2,6.933300018310547
3084,35,2,1,1,1,1.0
3083,35,2,1,1,2,2.0
3087,35,2,1,2,1,1.0
3088,35,2,1,2,1,0.5
3085,35,2,1,2,2,1.0
3086,35,2,1,2,2,0.800000011920929
3092,35,2,2,1,1,2.333300113677979
3091,35,2,2,1,2,4.552599906921387
3095,35,2,2,2,1,1.5
3096,35,2,2,2,1,2.75
3093,35,2,2,2,2,2.333300113677979
3094,35,2,2,2,2,2.916699886322021
3090,35,2,3,1,1,4.0
3089,35,2,3,1,2,5.333300113677979
3098,35,3,1,1,1,3.0
3097,35,3,1,1,2,2.5
3101,35,3,1,2,1,0.0
3102,35,3,1,2,1,0.0
3099,35,3,1,2,2,0.0
3100,35,3,1,2,2,0.0
3106,35,3,2,1,1,4.333300113677979
3105,35,3,2,1,2,6.276199817657471
3109,35,3,2,2,1,1.833299994468689
3110,35,3,2,2,1,1.833299994468689
3107,35,3,2,2,2,3.742899894714355
3108,35,3,2,2,2,4.142899990081787
3104,35,3,3,1,1,5.0
3103,35,3,3,1,2,4.75
3112,35,4,1,1,1,4.0
3111,35,4,1,1,2,4.166699886322021
3114,35,4,1,2,1,1.0
3113,35,4,1,2,2,1.833299994468689
3118,35,4,2,1,1,7.0
3117,35,4,2,1,2,6.26669979095459
3120,35,4,2,2,1,1.5
3119,35,4,2,2,2,3.667099952697754
3116,35,4,3,1,1,15.0
3115,35,4,3,1,2,14.35000038146973
626,36,1,1,1,1,23389.1171875
625,36,1,1,1,2,24086.30859375
629,36,1,1,2,1,11956.939453125
630,36,1,1,2,1,20716.212890625
627,36,1,1,2,2,12308.923828125
628,36,1,1,2,2,21161.1015625
634,36,1,2,1,1,20121.962890625
633,36,1,2,1,2,21713.40234375
637,36,1,2,2,1,14393.3154296875
638,36,1,2,2,1,14814.1396484375
635,36,1,2,2,2,15663.8564453125
636,36,1,2,2,2,16033.48046875
632,36,1,3,1,1,19263.783203125
631,36,1,3,1,2,19516.453125
640,36,2,1,1,1,22396.1875
639,36,2,1,1,2,23178.462890625
643,36,2,1,2,1,8107.859375
644,36,2,1,2,1,21193.208984375
641,36,2,1,2,2,8346.2099609375
642,36,2,1,2,2,21667.92578125
648,36,2,2,1,1,20330.865234375
647,36,2,2,1,2,21748.4296875
651,36,2,2,2,1,10983.4541015625
652,36,2,2,2,1,16890.751953125
649,36,2,2,2,2,12093.3544921875
650,36,2,2,2,2,18337.80078125
646,36,2,3,1,1,18890.177734375
645,36,2,3,1,2,19036.552734375
654,36,3,1,1,1,22122.525390625
653,36,3,1,1,2,23334.587890625
657,36,3,1,2,1,4301.6259765625
658,36,3,1,2,1,20027.3828125
655,36,3,1,2,2,4474.36181640625
656,36,3,1,2,2,20644.8125
662,36,3,2,1,1,18739.291015625
661,36,3,2,1,2,20468.16796875
665,36,3,2,2,1,6486.43701171875
666,36,3,2,2,1,16290.4228515625
663,36,3,2,2,2,7354.99609375
664,36,3,2,2,2,17816.04296875
660,36,3,3,1,1,17987.197265625
659,36,3,3,1,2,18719.5625
668,36,4,1,1,1,18560.544921875
667,36,4,1,1,2,19551.201171875
670,36,4,1,2,1,16468.125
669,36,4,1,2,2,17054.251953125
674,36,4,2,1,1,12912.8017578125
673,36,4,2,1,2,14333.0048828125
676,36,4,2,2,1,14745.4951171875
675,36,4,2,2,2,16233.345703125
672,36,4,3,1,1,16916.677734375
671,36,4,3,1,2,17725.712890625
678,37,1,1,1,1,100.0278015136719
677,37,1,1,1,2,136.0841064453125
681,37,1,1,2,1,48.91669845581055
682,37,1,1,2,1,48.24549865722656
679,37,1,1,2,2,55.15829849243164
680,37,1,1,2,2,69.40619659423828
686,37,1,2,1,1,112.2316970825195
685,37,1,2,1,2,176.3260955810547
689,37,1,2,2,1,61.11669921875
690,37,1,2,2,1,57.36669921875
687,37,1,2,2,2,110.9768981933594
688,37,1,2,2,2,90.7166976928711
684,37,1,3,1,1,98.3373031616211
683,37,1,3,1,2,133.10400390625
692,37,2,1,1,1,121.5
691,37,2,1,1,2,147.3385009765625
695,37,2,1,2,1,37.66669845581055
696,37,2,1,2,1,56.0
693,37,2,1,2,2,40.59170150756836
694,37,2,1,2,2,77.44210052490234
700,37,2,2,1,1,107.7833023071289
699,37,2,2,1,2,194.2052001953125
703,37,2,2,2,1,40.75
704,37,2,2,2,1,73.18939971923828
701,37,2,2,2,2,93.6178970336914
702,37,2,2,2,2,130.8285980224609
698,37,2,3,1,1,113.8332977294922
697,37,2,3,1,2,154.9302062988281
706,37,3,1,1,1,119.75
705,37,3,1,1,2,152.0036926269531
709,37,3,1,2,1,10.75
710,37,3,1,2,1,90.5
707,37,3,1,2,2,11.33329963684082
708,37,3,1,2,2,112.428596496582
714,37,3,2,1,1,98.55950164794922
713,37,3,2,1,2,165.8654937744141
717,37,3,2,2,1,31.41670036315918
718,37,3,2,2,1,67.20829772949219
715,37,3,2,2,2,77.72019958496094
716,37,3,2,2,2,123.4011993408203
712,37,3,3,1,1,92.29170227050781
711,37,3,3,1,2,124.6220016479492
720,37,4,1,1,1,126.25
719,37,4,1,1,2,161.6940002441406
722,37,4,1,2,1,68.5
721,37,4,1,2,2,88.44920349121094
726,37,4,2,1,1,85.25
725,37,4,2,1,2,150.2149963378906
728,37,4,2,2,1,68.69999694824219
727,37,4,2,2,2,124.2841033935547
724,37,4,3,1,1,83.75
723,37,4,3,1,2,117.7082977294922
3122,38,1,1,1,1,0.0
3121,38,1,1,1,2,0.5
3125,38,1,1,2,1,0.0
3126,38,1,1,2,1,0.0
3123,38,1,1,2,2,0.5
3124,38,1,1,2,2,0.0
3130,38,1,2,1,1,2.5
3129,38,1,2,1,2,6.25
3133,38,1,2,2,1,2.0
3134,38,1,2,2,1,0.25
3131,38,1,2,2,2,5.0
3132,38,1,2,2,2,2.416699886322021
3128,38,1,3,1,1,1.5
3127,38,1,3,1,2,2.0
3136,38,2,1,1,1,0.0
3135,38,2,1,1,2,0.0
3139,38,2,1,2,1,0.0
3140,38,2,1,2,1,0.0
3137,38,2,1,2,2,0.0
3138,38,2,1,2,2,0.0
3144,38,2,2,1,1,0.0
3143,38,2,2,1,2,4.083300113677979
3147,38,2,2,2,1,1.0
3148,38,2,2,2,1,2.0
3145,38,2,2,2,2,4.25
3146,38,2,2,2,2,3.166699886322021
3142,38,2,3,1,1,0.0
3141,38,2,3,1,2,0.333299994468689
3150,38,3,1,1,1,1.0
3149,38,3,1,1,2,1.0
3153,38,3,1,2,1,0.0
3154,38,3,1,2,1,0.0
3151,38,3,1,2,2,0.0
3152,38,3,1,2,2,0.0
3158,38,3,2,1,1,2.666699886322021
3157,38,3,2,1,2,6.0
3161,38,3,2,2,1,2.0
3162,38,3,2,2,1,3.25
3159,38,3,2,2,2,4.333300113677979
3160,38,3,2,2,2,5.309500217437744
3156,38,3,3,1,1,2.0
3155,38,3,3,1,2,3.857100009918213
3164,38,4,1,1,1,0.0
3163,38,4,1,1,2,0.333299994468689
3166,38,4,1,2,1,0.0
3165,38,4,1,2,2,0.5
3170,38,4,2,1,1,2.0
3169,38,4,2,1,2,5.75
3172,38,4,2,2,1,3.0
3171,38,4,2,2,2,6.416699886322021
3168,38,4,3,1,1,2.0
3167,38,4,3,1,2,2.0
3174,39,1,1,1,1,449.3333129882813
3173,39,1,1,1,2,328.4754028320313
3177,39,1,1,2,1,140.75
3178,39,1,1,2,1,199.5
3175,39,1,1,2,2,97.88690185546875
3176,39,1,1,2,2,162.0467987060547
3182,39,1,2,1,1,820.3428955078125
3181,39,1,2,1,2,555.4896850585938
3185,39,1,2,2,1,621.8428955078125
3186,39,1,2,2,1,565.8302001953125
3183,39,1,2,2,2,417.8872985839844
3184,39,1,2,2,2,441.17138671875
3180,39,1,3,1,1,919.2000122070312
3179,39,1,3,1,2,831.3786010742188
3188,39,2,1,1,1,441.7929077148438
3187,39,2,1,1,2,278.5367126464844
3191,39,2,1,2,1,85.64289855957031
3192,39,2,1,2,1,254.8332977294922
3189,39,2,1,2,2,49.28810119628906
3190,39,2,1,2,2,217.5305938720703
3196,39,2,2,1,1,788.5333251953125
3195,39,2,2,1,2,539.74169921875
3199,39,2,2,2,1,538.61669921875
3200,39,2,2,2,1,625.4357299804688
3197,39,2,2,2,2,390.2882080078125
3198,39,2,2,2,2,475.3005065917969
3194,39,2,3,1,1,916.5429077148438
3193,39,2,3,1,2,639.832275390625
3202,39,3,1,1,1,379.1690063476563
3201,39,3,1,1,2,258.26708984375
3205,39,3,1,2,1,38.33330154418945
3206,39,3,1,2,1,235.75
3203,39,3,1,2,2,29.58329963684082
3204,39,3,1,2,2,212.6611022949219
3210,39,3,2,1,1,738.0
3209,39,3,2,1,2,514.1229248046875
3213,39,3,2,2,1,453.3333129882813
3214,39,3,2,2,1,584.8594970703125
3211,39,3,2,2,2,316.293701171875
3212,39,3,2,2,2,444.6274108886719
3208,39,3,3,1,1,751.2880859375
3207,39,3,3,1,2,620.1987915039062
3216,39,4,1,1,1,332.1458129882813
3215,39,4,1,1,2,206.9138031005859
3218,39,4,1,2,1,207.0
3217,39,4,1,2,2,163.2433013916016
3222,39,4,2,1,1,653.36669921875
3221,39,4,2,1,2,466.5758056640625
3224,39,4,2,2,1,606.9332885742188
3223,39,4,2,2,2,392.0694885253906
3220,39,4,3,1,1,818.5173950195312
3219,39,4,3,1,2,689.509521484375
730,40,1,1,1,1,107.75
729,40,1,1,1,2,224.0263977050781
733,40,1,1,2,1,41.5
734,40,1,1,2,1,67.16670227050781
731,40,1,1,2,2,95.34239959716797
732,40,1,1,2,2,155.2575073242188
738,40,1,2,1,1,94.91670227050781
737,40,1,2,1,2,196.8323059082031
741,40,1,2,2,1,56.83330154418945
742,40,1,2,2,1,63.99089813232422
739,40,1,2,2,2,129.8500061035156
740,40,1,2,2,2,136.9989929199219
736,40,1,3,1,1,141.0
735,40,1,3,1,2,234.5661926269531
744,40,2,1,1,1,108.5
743,40,2,1,1,2,249.2610931396484
747,40,2,1,2,1,28.5
748,40,2,1,2,1,74.625
745,40,2,1,2,2,70.80829620361328
746,40,2,1,2,2,167.0921020507813
752,40,2,2,1,1,111.9167022705078
751,40,2,2,1,2,270.468994140625
755,40,2,2,2,1,53.0
756,40,2,2,2,1,69.44999694824219
753,40,2,2,2,2,115.7674026489258
754,40,2,2,2,2,175.9470977783203
750,40,2,3,1,1,143.0
749,40,2,3,1,2,307.9753112792969
758,40,3,1,1,1,107.5
757,40,3,1,1,2,222.5420989990234
761,40,3,1,2,1,19.0
762,40,3,1,2,1,78.33329772949219
759,40,3,1,2,2,37.2598991394043
760,40,3,1,2,2,165.0021057128906
766,40,3,2,1,1,94.75
765,40,3,2,1,2,196.2364044189453
769,40,3,2,2,1,22.83329963684082
770,40,3,2,2,1,68.91670227050781
767,40,3,2,2,2,61.52080154418945
768,40,3,2,2,2,169.6365051269531
764,40,3,3,1,1,118.4643020629883
763,40,3,3,1,2,248.5370025634766
772,40,4,1,1,1,62.5
771,40,4,1,1,2,153.6773071289063
774,40,4,1,2,1,52.0
773,40,4,1,2,2,136.7366027832031
778,40,4,2,1,1,44.75
777,40,4,2,1,2,114.1635971069336
780,40,4,2,2,1,58.25
779,40,4,2,2,2,157.5628051757813
776,40,4,3,1,1,102.6667022705078
775,40,4,3,1,2,247.1325988769531
782,41,1,1,1,1,47.0
781,41,1,1,1,2,40.08330154418945
785,41,1,1,2,1,19.0
786,41,1,1,2,1,51.25
783,41,1,1,2,2,13.83329963684082
784,41,1,1,2,2,40.26670074462891
790,41,1,2,1,1,78.5
789,41,1,2,1,2,68.34290313720703
793,41,1,2,2,1,66.5
794,41,1,2,2,1,50.83330154418945
791,41,1,2,2,2,55.79290008544922
792,41,1,2,2,2,43.98329925537109
788,41,1,3,1,1,50.5
787,41,1,3,1,2,45.33330154418945
796,41,2,1,1,1,32.0
795,41,2,1,1,2,31.98209953308105
799,41,2,1,2,1,6.0
800,41,2,1,2,1,29.0
797,41,2,1,2,2,5.333300113677979
798,41,2,1,2,2,20.89170074462891
804,41,2,2,1,1,59.0
803,41,2,2,1,2,54.21250152587891
807,41,2,2,2,1,37.0
808,41,2,2,2,1,57.86669921875
805,41,2,2,2,2,31.01250076293945
806,41,2,2,2,2,45.24169921875
802,41,2,3,1,1,40.0
801,41,2,3,1,2,39.31549835205078
810,41,3,1,1,1,41.5
809,41,3,1,1,2,38.73329925537109
813,41,3,1,2,1,3.0
814,41,3,1,2,1,31.0
811,41,3,1,2,2,2.0
812,41,3,1,2,2,25.55949974060059
818,41,3,2,1,1,79.5
817,41,3,2,1,2,70.0790023803711
821,41,3,2,2,1,30.0
822,41,3,2,2,1,67.5
819,41,3,2,2,2,26.69440078735352
820,41,3,2,2,2,50.49580001831055
816,41,3,3,1,1,46.16669845581055
815,41,3,3,1,2,41.79999923706055
824,41,4,1,1,1,19.83329963684082
823,41,4,1,1,2,18.86669921875
826,41,4,1,2,1,40.0
825,41,4,1,2,2,34.72779846191406
830,41,4,2,1,1,43.5
829,41,4,2,1,2,37.91669845581055
832,41,4,2,2,1,49.5
831,41,4,2,2,2,40.18569946289063
828,41,4,3,1,1,30.5
827,41,4,3,1,2,28.36669921875
3226,42,1,1,1,1,642.61669921875
3225,42,1,1,1,2,1450.987548828125
3229,42,1,1,2,1,168.25
3230,42,1,1,2,1,362.25
3227,42,1,1,2,2,489.9501037597656
3228,42,1,1,2,2,772.50830078125
3234,42,1,2,1,1,1572.881958007813
3233,42,1,2,1,2,6331.04052734375
3237,42,1,2,2,1,1042.298217773438
3238,42,1,2,2,1,1133.331787109375
3235,42,1,2,2,2,5278.4169921875
3236,42,1,2,2,2,4308.794921875
3232,42,1,3,1,1,1926.203002929688
3231,42,1,3,1,2,2860.829345703125
3240,42,2,1,1,1,649.0999755859375
3239,42,2,1,1,2,1635.984375
3243,42,2,1,2,1,92.33329772949219
3244,42,2,1,2,1,392.3810119628906
3241,42,2,1,2,2,347.2374877929688
3242,42,2,1,2,2,845.97119140625
3248,42,2,2,1,1,1567.504272460938
3247,42,2,2,1,2,7132.6484375
3251,42,2,2,2,1,802.3203735351562
3252,42,2,2,2,1,1229.642578125
3249,42,2,2,2,2,5520.888671875
3250,42,2,2,2,2,5468.4619140625
3246,42,2,3,1,1,1715.650024414063
3245,42,2,3,1,2,2801.3701171875
3254,42,3,1,1,1,743.86669921875
3253,42,3,1,1,2,1741.661499023438
3257,42,3,1,2,1,66.5333023071289
3258,42,3,1,2,1,403.6666870117188
3255,42,3,1,2,2,168.1148071289063
3256,42,3,1,2,2,941.7230834960938
3262,42,3,2,1,1,1545.746948242188
3261,42,3,2,1,2,7087.06640625
3265,42,3,2,2,1,627.031005859375
3266,42,3,2,2,1,1192.988403320313
3263,42,3,2,2,2,4508.16259765625
3264,42,3,2,2,2,5905.3818359375
3260,42,3,3,1,1,1848.507080078125
3259,42,3,3,1,2,3030.7919921875
3268,42,4,1,1,1,707.0
3267,42,4,1,1,2,1625.609130859375
3270,42,4,1,2,1,326.25
3269,42,4,1,2,2,811.8209838867188
3274,42,4,2,1,1,1249.080444335938
3273,42,4,2,1,2,7800.1806640625
3276,42,4,2,2,1,1042.744140625
3275,42,4,2,2,2,5985.8623046875
3272,42,4,3,1,1,1991.115356445313
3271,42,4,3,1,2,3326.38330078125
3278,43,1,1,1,1,1.0
3277,43,1,1,1,2,2.440500020980835
3281,43,1,1,2,1,0.0
3282,43,1,1,2,1,1.0
3279,43,1,1,2,2,0.416700005531311
3280,43,1,1,2,2,4.683300018310547
3286,43,1,2,1,1,5.833300113677979
3285,43,1,2,1,2,12.38020038604736
3289,43,1,2,2,1,2.0
3290,43,1,2,2,1,2.785700082778931
3287,43,1,2,2,2,9.727800369262695
3288,43,1,2,2,2,11.53170013427734
3284,43,1,3,1,1,7.699999809265137
3283,43,1,3,1,2,15.55160045623779
3292,43,2,1,1,1,3.333300113677979
3291,43,2,1,1,2,5.092899799346924
3295,43,2,1,2,1,0.0
3296,43,2,1,2,1,3.0
3293,43,2,1,2,2,0.0
3294,43,2,1,2,2,6.424200057983398
3300,43,2,2,1,1,7.083300113677979
3299,43,2,2,1,2,13.96189975738525
3303,43,2,2,2,1,2.25
3304,43,2,2,2,1,3.5
3301,43,2,2,2,2,6.702400207519531
3302,43,2,2,2,2,12.95629978179932
3298,43,2,3,1,1,6.666699886322021
3297,43,2,3,1,2,13.85949993133545
3306,43,3,1,1,1,2.0
3305,43,3,1,1,2,7.716700077056885
3309,43,3,1,2,1,0.0
3310,43,3,1,2,1,1.5
3307,43,3,1,2,2,1.0
3308,43,3,1,2,2,7.763500213623047
3314,43,3,2,1,1,8.0
3313,43,3,2,1,2,17.87389945983887
3317,43,3,2,2,1,4.0
3318,43,3,2,2,1,5.0
3315,43,3,2,2,2,8.897700309753418
3316,43,3,2,2,2,15.00319957733154
3312,43,3,3,1,1,16.41670036315918
3311,43,3,3,1,2,22.39999961853027
3320,43,4,1,1,1,2.0
3319,43,4,1,1,2,7.261899948120117
3322,43,4,1,2,1,0.0
3321,43,4,1,2,2,2.333300113677979
3326,43,4,2,1,1,9.0
3325,43,4,2,1,2,18.20240020751953
3328,43,4,2,2,1,5.194399833679199
3327,43,4,2,2,2,13.07059955596924
3324,43,4,3,1,1,7.666699886322021
3323,43,4,3,1,2,16.3036003112793
3330,44,1,1,1,1,5.0
3329,44,1,1,1,2,6.291699886322021
3333,44,1,1,2,1,1.0
3334,44,1,1,2,1,4.0
3331,44,1,1,2,2,1.25
3332,44,1,1,2,2,4.916699886322021
3338,44,1,2,1,1,123.8056030273438
3337,44,1,2,1,2,134.9333038330078
3341,44,1,2,2,1,91.63890075683594
3342,44,1,2,2,1,52.91669845581055
3339,44,1,2,2,2,97.66670227050781
3340,44,1,2,2,2,54.50830078125
3336,44,1,3,1,1,142.0
3335,44,1,3,1,2,144.9416961669922
3344,44,2,1,1,1,6.0
3343,44,2,1,1,2,8.476200103759766
3347,44,2,1,2,1,1.0
3348,44,2,1,2,1,2.0
3345,44,2,1,2,2,1.5
3346,44,2,1,2,2,4.958300113677979
3352,44,2,2,1,1,83.13330078125
3351,44,2,2,1,2,88.0011978149414
3355,44,2,2,2,1,60.63330078125
3356,44,2,2,2,1,85.33329772949219
3353,44,2,2,2,2,65.1500015258789
3354,44,2,2,2,2,92.82379913330078
3350,44,2,3,1,1,165.625
3349,44,2,3,1,2,170.5417022705078
3358,44,3,1,1,1,7.0
3357,44,3,1,1,2,12.5
3361,44,3,1,2,1,1.0
3362,44,3,1,2,1,1.0
3359,44,3,1,2,2,1.333299994468689
3360,44,3,1,2,2,3.333300113677979
3366,44,3,2,1,1,76.43099975585938
3365,44,3,2,1,2,83.5
3369,44,3,2,2,1,47.25
3370,44,3,2,2,1,117.355598449707
3367,44,3,2,2,2,50.31669998168945
3368,44,3,2,2,2,123.8000030517578
3364,44,3,3,1,1,214.6667022705078
3363,44,3,3,1,2,221.6999969482422
3372,44,4,1,1,1,2.75
3371,44,4,1,1,2,7.57420015335083
3374,44,4,1,2,1,1.0
3373,44,4,1,2,2,1.600000023841858
3378,44,4,2,1,1,80.93329620361328
3377,44,4,2,1,2,88.52619934082031
3380,44,4,2,2,1,69.68329620361328
3379,44,4,2,2,2,76.86669921875
3376,44,4,3,1,1,287.25
3375,44,4,3,1,2,293.9332885742188
834,45,1,1,1,1,657.8944091796875
833,45,1,1,1,2,416.310302734375
837,45,1,1,2,1,207.6667022705078
838,45,1,1,2,1,523.0
835,45,1,1,2,2,134.5048065185547
836,45,1,1,2,2,301.16259765625
842,45,1,2,1,1,1507.262329101563
841,45,1,2,1,2,979.1771850585938
845,45,1,2,2,1,1240.266723632813
846,45,1,2,2,1,894.1920776367188
843,45,1,2,2,2,798.9243774414062
844,45,1,2,2,2,685.830810546875
840,45,1,3,1,1,623.2706298828125
839,45,1,3,1,2,433.6326904296875
848,45,2,1,1,1,834.9166870117188
847,45,2,1,1,2,462.5114135742188
851,45,2,1,2,1,201.5
852,45,2,1,2,1,549.9583129882812
849,45,2,1,2,2,89.34519958496094
850,45,2,1,2,2,306.5062866210938
856,45,2,2,1,1,1866.155639648438
855,45,2,2,1,2,1056.750244140625
859,45,2,2,2,1,1345.483276367188
860,45,2,2,2,1,1308.083740234375
857,45,2,2,2,2,744.3693237304688
858,45,2,2,2,2,829.546875
854,45,2,3,1,1,663.9583129882812
853,45,2,3,1,2,399.6166076660156
862,45,3,1,1,1,857.4166870117188
861,45,3,1,1,2,537.2708740234375
865,45,3,1,2,1,93.83329772949219
866,45,3,1,2,1,623.1666870117188
863,45,3,1,2,2,45.13330078125
864,45,3,1,2,2,348.4482116699219
870,45,3,2,1,1,1715.318969726563
869,45,3,2,1,2,1072.457763671875
873,45,3,2,2,1,944.4500122070312
874,45,3,2,2,1,1426.476196289063
871,45,3,2,2,2,527.7606201171875
872,45,3,2,2,2,967.7265014648438
868,45,3,3,1,1,745.4332885742188
867,45,3,3,1,2,450.8573913574219
876,45,4,1,1,1,826.9166870117188
875,45,4,1,1,2,467.8121032714844
878,45,4,1,2,1,544.8333129882812
877,45,4,1,2,2,271.7489929199219
882,45,4,2,1,1,1407.695556640625
881,45,4,2,1,2,964.75341796875
884,45,4,2,2,1,1342.926147460938
883,45,4,2,2,2,904.63232421875
880,45,4,3,1,1,919.0333251953125
879,45,4,3,1,2,553.3535766601562
886,46,1,1,1,1,1485.571411132813
885,46,1,1,1,2,1646.134155273438
889,46,1,1,2,1,386.1666870117188
890,46,1,1,2,1,717.9166870117188
887,46,1,1,2,2,403.4587097167969
888,46,1,1,2,2,945.2423095703125
894,46,1,2,1,1,3527.158447265625
893,46,1,2,1,2,5083.9052734375
897,46,1,2,2,1,2503.614501953125
898,46,1,2,2,1,2428.726806640625
895,46,1,2,2,2,3914.885498046875
896,46,1,2,2,2,4021.606689453125
892,46,1,3,1,1,1831.113159179688
891,46,1,3,1,2,2134.333740234375
900,46,2,1,1,1,1552.75
899,46,2,1,1,2,1697.42626953125
903,46,2,1,2,1,197.1667022705078
904,46,2,1,2,1,843.0
901,46,2,1,2,2,228.1121978759766
902,46,2,1,2,2,1090.578369140625
908,46,2,2,1,1,3799.96923828125
907,46,2,2,1,2,5533.56640625
911,46,2,2,2,1,2338.740966796875
912,46,2,2,2,1,2845.78955078125
909,46,2,2,2,2,3880.314208984375
910,46,2,2,2,2,4649.1279296875
906,46,2,3,1,1,1962.282104492188
905,46,2,3,1,2,2203.397216796875
914,46,3,1,1,1,1538.829833984375
913,46,3,1,1,2,1755.810546875
917,46,3,1,2,1,89.89289855957031
918,46,3,1,2,1,947.6666870117188
915,46,3,1,2,2,102.3209991455078
916,46,3,1,2,2,1196.059936523438
922,46,3,2,1,1,3880.798095703125
921,46,3,2,1,2,5517.21875
925,46,3,2,2,1,1726.74169921875
926,46,3,2,2,1,2936.59326171875
923,46,3,2,2,2,2909.53955078125
924,46,3,2,2,2,4707.48779296875
920,46,3,3,1,1,1886.588134765625
919,46,3,3,1,2,2144.9638671875
928,46,4,1,1,1,1322.166748046875
927,46,4,1,1,2,1507.67822265625
930,46,4,1,2,1,768.0
929,46,4,1,2,2,918.181884765625
934,46,4,2,1,1,3562.245849609375
933,46,4,2,1,2,5409.03369140625
936,46,4,2,2,1,2923.569580078125
935,46,4,2,2,2,4571.37158203125
932,46,4,3,1,1,2079.648681640625
931,46,4,3,1,2,2392.314208984375
938,47,1,1,1,1,4211.47607421875
937,47,1,1,1,2,4837.533203125
941,47,1,1,2,1,2539.5
942,47,1,1,2,1,3455.202880859375
939,47,1,1,2,2,2859.1123046875
940,47,1,1,2,2,3999.62255859375
946,47,1,2,1,1,2942.538818359375
945,47,1,2,1,2,3884.514404296875
949,47,1,2,2,1,2054.06201171875
950,47,1,2,2,1,2071.807373046875
947,47,1,2,2,2,2806.18359375
948,47,1,2,2,2,2856.075927734375
944,47,1,3,1,1,3164.246337890625
943,47,1,3,1,2,3600.3173828125
952,47,2,1,1,1,4259.22998046875
951,47,2,1,1,2,4863.9541015625
955,47,2,1,2,1,1930.63330078125
956,47,2,1,2,1,3732.416748046875
953,47,2,1,2,2,2127.123291015625
954,47,2,1,2,2,4299.658203125
960,47,2,2,1,1,2842.44091796875
959,47,2,2,1,2,3865.30908203125
963,47,2,2,2,1,1373.983276367188
964,47,2,2,2,1,2271.89111328125
961,47,2,2,2,2,2100.63525390625
962,47,2,2,2,2,3239.71533203125
958,47,2,3,1,1,3300.9658203125
957,47,2,3,1,2,3787.84619140625
966,47,3,1,1,1,4481.283203125
965,47,3,1,1,2,5060.0087890625
969,47,3,1,2,1,1200.28564453125
970,47,3,1,2,1,3839.916748046875
967,47,3,1,2,2,1315.062133789063
968,47,3,1,2,2,4460.34814453125
974,47,3,2,1,1,2947.556396484375
973,47,3,2,1,2,3839.32470703125
977,47,3,2,2,1,842.326171875
978,47,3,2,2,1,2314.65625
975,47,3,2,2,2,1331.418823242188
976,47,3,2,2,2,3236.880615234375
972,47,3,3,1,1,3331.52490234375
971,47,3,3,1,2,3759.46630859375
980,47,4,1,1,1,3876.112060546875
979,47,4,1,1,2,4312.41748046875
982,47,4,1,2,1,3203.5
981,47,4,1,2,2,3661.02978515625
986,47,4,2,1,1,1962.903564453125
985,47,4,2,1,2,2712.134765625
988,47,4,2,2,1,2201.784423828125
987,47,4,2,2,2,3000.357421875
984,47,4,3,1,1,3491.28466796875
983,47,4,3,1,2,3954.789794921875
3382,48,1,1,1,1,0.0
3381,48,1,1,1,2,0.0
3385,48,1,1,2,1,0.0
3386,48,1,1,2,1,0.5
3383,48,1,1,2,2,0.0
3384,48,1,1,2,2,1.5
3390,48,1,2,1,1,3.333300113677979
3389,48,1,2,1,2,3.5
3393,48,1,2,2,1,2.333300113677979
3394,48,1,2,2,1,1.0
3391,48,1,2,2,2,2.5
3392,48,1,2,2,2,1.5
3388,48,1,3,1,1,0.0
3387,48,1,3,1,2,0.0
3396,48,2,1,1,1,0.0
3395,48,2,1,1,2,0.0
3399,48,2,1,2,1,0.0
3400,48,2,1,2,1,0.5
3397,48,2,1,2,2,0.0
3398,48,2,1,2,2,0.5
3404,48,2,2,1,1,2.833300113677979
3403,48,2,2,1,2,3.0
3407,48,2,2,2,1,1.833299994468689
3408,48,2,2,2,1,3.5
3405,48,2,2,2,2,2.0
3406,48,2,2,2,2,5.0
3402,48,2,3,1,1,1.0
3401,48,2,3,1,2,2.0
3410,48,3,1,1,1,0.0
3409,48,3,1,1,2,0.0
3413,48,3,1,2,1,0.0
3414,48,3,1,2,1,0.5
3411,48,3,1,2,2,0.0
3412,48,3,1,2,2,0.5
3418,48,3,2,1,1,0.333299994468689
3417,48,3,2,1,2,1.0
3421,48,3,2,2,1,0.0
3422,48,3,2,2,1,6.166699886322021
3419,48,3,2,2,2,0.0
3420,48,3,2,2,2,7.916699886322021
3416,48,3,3,1,1,0.0
3415,48,3,3,1,2,0.0
3424,48,4,1,1,1,2.0
3423,48,4,1,1,2,0.0
3426,48,4,1,2,1,0.0
3425,48,4,1,2,2,0.3111000061035156
3430,48,4,2,1,1,5.333300113677979
3429,48,4,2,1,2,5.333300113677979
3432,48,4,2,2,1,2.166699886322021
3431,48,4,2,2,2,3.0
3428,48,4,3,1,1,7.5
3427,48,4,3,1,2,1.342900037765503
990,49,1,1,1,1,21425.3671875
989,49,1,1,1,2,21002.81640625
993,49,1,1,2,1,7979.86669921875
994,49,1,1,2,1,21339.0
991,49,1,1,2,2,7841.673828125
992,49,1,1,2,2,21129.052734375
998,49,1,2,1,1,63550.375
997,49,1,2,1,2,62667.6953125
1001,49,1,2,2,1,47990.8984375
1002,49,1,2,2,1,48047.81640625
999,49,1,2,2,2,47345.51953125
1000,49,1,2,2,2,47586.7734375
996,49,1,3,1,1,49178.6015625
995,49,1,3,1,2,48066.09765625
1004,49,2,1,1,1,21126.783203125
1003,49,2,1,1,2,20813.876953125
1007,49,2,1,2,1,4824.60009765625
1008,49,2,1,2,1,22430.916015625
1005,49,2,1,2,2,4757.37646484375
1006,49,2,1,2,2,22217.771484375
1012,49,2,2,1,1,66348.8515625
1011,49,2,2,1,2,65589.75
1015,49,2,2,2,1,40810.92578125
1016,49,2,2,2,1,54145.8046875
1013,49,2,2,2,2,40431.80859375
1014,49,2,2,2,2,53610.90234375
1010,49,2,3,1,1,52247.48046875
1009,49,2,3,1,2,49557.28515625
1018,49,3,1,1,1,19927.865234375
1017,49,3,1,1,2,19456.60546875
1021,49,3,1,2,1,2107.583251953125
1022,49,3,1,2,1,20230.55078125
1019,49,3,1,2,2,2021.592041015625
1020,49,3,1,2,2,19961.841796875
1026,49,3,2,1,1,59769.91015625
1025,49,3,2,1,2,58984.6875
1029,49,3,2,2,1,28617.39453125
1030,49,3,2,2,1,52281.4453125
1027,49,3,2,2,2,28341.275390625
1028,49,3,2,2,2,51675.98828125
1024,49,3,3,1,1,50141.9140625
1023,49,3,3,1,2,47270.484375
1032,49,4,1,1,1,14374.0166015625
1031,49,4,1,1,2,13959.36328125
1034,49,4,1,2,1,15361.400390625
1033,49,4,1,2,2,15122.4482421875
1038,49,4,2,1,1,44312.2890625
1037,49,4,2,1,2,43613.43359375
1040,49,4,2,2,1,46855.65234375
1039,49,4,2,2,2,46382.17578125
1036,49,4,3,1,1,49613.234375
1035,49,4,3,1,2,46680.1796875
3434,50,1,1,1,1,1.333299994468689
3433,50,1,1,1,2,2.450000047683716
3437,50,1,1,2,1,0.0
3438,50,1,1,2,1,4.0
3435,50,1,1,2,2,0.25
3436,50,1,1,2,2,5.616700172424316
3442,50,1,2,1,1,6.833300113677979
3441,50,1,2,1,2,13.80000019073486
3445,50,1,2,2,1,2.0
3446,50,1,2,2,1,9.092900276184082
3443,50,1,2,2,2,7.583300113677979
3444,50,1,2,2,2,13.64999961853027
3440,50,1,3,1,1,10.03330039978027
3439,50,1,3,1,2,12.19999980926514
3448,50,2,1,1,1,1.0
3447,50,2,1,1,2,1.0
3451,50,2,1,2,1,0.0
3452,50,2,1,2,1,0.0
3449,50,2,1,2,2,0.0
3450,50,2,1,2,2,3.741699934005737
3456,50,2,2,1,1,8.5
3455,50,2,2,1,2,10.94359970092773
3459,50,2,2,2,1,3.0
3460,50,2,2,2,1,12.55000019073486
3457,50,2,2,2,2,7.410299777984619
3458,50,2,2,2,2,17.11030006408691
3454,50,2,3,1,1,18.0
3453,50,2,3,1,2,19.16670036315918
3462,50,3,1,1,1,2.5
3461,50,3,1,1,2,5.0
3465,50,3,1,2,1,1.0
3466,50,3,1,2,1,1.0
3463,50,3,1,2,2,1.0
3464,50,3,1,2,2,1.25
3470,50,3,2,1,1,3.75
3469,50,3,2,1,2,15.73330020904541
3473,50,3,2,2,1,0.25
3474,50,3,2,2,1,1.75
3471,50,3,2,2,2,5.0
3472,50,3,2,2,2,9.33329963684082
3468,50,3,3,1,1,15.5
3467,50,3,3,1,2,18.5
3476,50,4,1,1,1,1.0
3475,50,4,1,1,2,1.666700005531311
3478,50,4,1,2,1,2.0
3477,50,4,1,2,2,3.116699934005737
3482,50,4,2,1,1,3.0
3481,50,4,2,1,2,6.900000095367432
3484,50,4,2,2,1,6.400000095367432
3483,50,4,2,2,2,10.28330039978027
3480,50,4,3,1,1,23.0
3479,50,4,3,1,2,26.33329963684082
3486,51,1,1,1,1,3.0
3485,51,1,1,1,2,4.5
3489,51,1,1,2,1,2.0
3490,51,1,1,2,1,1.0
3487,51,1,1,2,2,2.0
3488,51,1,1,2,2,4.726200103759766
3494,51,1,2,1,1,9.0
3493,51,1,2,1,2,12.11670017242432
3497,51,1,2,2,1,7.0
3498,51,1,2,2,1,3.555599927902222
3495,51,1,2,2,2,7.783299922943115
3496,51,1,2,2,2,4.158299922943115
3492,51,1,3,1,1,15.0
3491,51,1,3,1,2,19.58329963684082
3500,51,2,1,1,1,3.0
3499,51,2,1,1,2,2.933300018310547
3503,51,2,1,2,1,0.0
3504,51,2,1,2,1,3.5
3501,51,2,1,2,2,0.0
3502,51,2,1,2,2,3.5
3508,51,2,2,1,1,6.0
3507,51,2,2,1,2,6.98330020904541
3511,51,2,2,2,1,2.0
3512,51,2,2,2,1,5.0
3509,51,2,2,2,2,2.333300113677979
3510,51,2,2,2,2,6.916699886322021
3506,51,2,3,1,1,27.33329963684082
3505,51,2,3,1,2,27.45709991455078
3514,51,3,1,1,1,1.0
3513,51,3,1,1,2,1.0
3517,51,3,1,2,1,0.0
3518,51,3,1,2,1,1.0
3515,51,3,1,2,2,0.0
3516,51,3,1,2,2,0.0
3522,51,3,2,1,1,2.0
3521,51,3,2,1,2,3.851200103759766
3525,51,3,2,2,1,2.0
3526,51,3,2,2,1,6.0
3523,51,3,2,2,2,3.208300113677979
3524,51,3,2,2,2,7.294400215148926
3520,51,3,3,1,1,32.5
3519,51,3,3,1,2,35.02780151367188
3528,51,4,1,1,1,0.0
3527,51,4,1,1,2,0.0768999978899956
3530,51,4,1,2,1,1.0
3529,51,4,1,2,2,2.571399927139282
3534,51,4,2,1,1,2.0
3533,51,4,2,1,2,3.076900005340576
3536,51,4,2,2,1,4.0
3535,51,4,2,2,2,7.158299922943115
3532,51,4,3,1,1,31.0
3531,51,4,3,1,2,33.30670166015625
3538,52,1,1,1,1,1.0
3537,52,1,1,1,2,1.200000047683716
3541,52,1,1,2,1,0.0
3542,52,1,1,2,1,0.0
3539,52,1,1,2,2,0.2000000029802322
3540,52,1,1,2,2,0.809499979019165
3546,52,1,2,1,1,4.333300113677979
3545,52,1,2,1,2,30.06830024719238
3549,52,1,2,2,1,2.0
3550,52,1,2,2,1,2.533299922943115
3547,52,1,2,2,2,20.59919929504395
3548,52,1,2,2,2,14.50629997253418
3544,52,1,3,1,1,7.5
3543,52,1,3,1,2,7.333300113677979
3552,52,2,1,1,1,0.0
3551,52,2,1,1,2,1.410699963569641
3555,52,2,1,2,1,0.0
3556,52,2,1,2,1,1.0
3553,52,2,1,2,2,0.0
3554,52,2,1,2,2,1.0
3560,52,2,2,1,1,2.5
3559,52,2,2,1,2,23.9463996887207
3563,52,2,2,2,1,1.5
3564,52,2,2,2,1,1.0
3561,52,2,2,2,2,15.8011999130249
3562,52,2,2,2,2,14.74919986724854
3558,52,2,3,1,1,5.0
3557,52,2,3,1,2,6.781000137329102
3566,52,3,1,1,1,0.0
3565,52,3,1,1,2,0.0
3569,52,3,1,2,1,0.0
3570,52,3,1,2,1,0.0
3567,52,3,1,2,2,0.0
3568,52,3,1,2,2,1.450000047683716
3574,52,3,2,1,1,3.0
3573,52,3,2,1,2,16.61899948120117
3577,52,3,2,2,1,0.0
3578,52,3,2,2,1,0.0
3575,52,3,2,2,2,7.800000190734863
3576,52,3,2,2,2,24.64439964294434
3572,52,3,3,1,1,4.699999809265137
3571,52,3,3,1,2,4.666699886322021
3580,52,4,1,1,1,0.0
3579,52,4,1,1,2,0.0
3582,52,4,1,2,1,0.0
3581,52,4,1,2,2,0.0
3586,52,4,2,1,1,1.666700005531311
3585,52,4,2,1,2,11.84210014343262
3588,52,4,2,2,1,1.0
3587,52,4,2,2,2,18.40480041503906
3584,52,4,3,1,1,6.0
3583,52,4,3,1,2,8.5
1042,53,1,1,1,1,7547.33349609375
1041,53,1,1,1,2,7378.8662109375
1045,53,1,1,2,1,3375.166748046875
1046,53,1,1,2,1,6254.5
1043,53,1,1,2,2,3259.91015625
1044,53,1,1,2,2,6058.4853515625
1050,53,1,2,1,1,23844.669921875
1049,53,1,2,1,2,23385.47265625
1053,53,1,2,2,1,19595.478515625
1054,53,1,2,2,1,20442.095703125
1051,53,1,2,2,2,19150.498046875
1052,53,1,2,2,2,19761.88671875
1048,53,1,3,1,1,16124.8134765625
1047,53,1,3,1,2,16013.912109375
1056,53,2,1,1,1,8409.9501953125
1055,53,2,1,1,2,8266.5556640625
1059,53,2,1,2,1,2019.333251953125
1060,53,2,1,2,1,7249.83349609375
1057,53,2,1,2,2,1998.564697265625
1058,53,2,1,2,2,7106.5693359375
1064,53,2,2,1,1,28135.36328125
1063,53,2,2,1,2,27518.1015625
1067,53,2,2,2,1,19788.392578125
1068,53,2,2,2,1,22513.857421875
1065,53,2,2,2,2,19226.95703125
1066,53,2,2,2,2,21690.30078125
1062,53,2,3,1,1,18332.6171875
1061,53,2,3,1,2,18190.80859375
1070,53,3,1,1,1,9138.8330078125
1069,53,3,1,1,2,8931.7763671875
1073,53,3,1,2,1,996.1666870117188
1074,53,3,1,2,1,7035.13330078125
1071,53,3,1,2,2,954.8594970703125
1072,53,3,1,2,2,6898.03857421875
1078,53,3,2,1,1,29375.21484375
1077,53,3,2,1,2,28495.232421875
1081,53,3,2,2,1,16750.333984375
1082,53,3,2,2,1,22708.06640625
1079,53,3,2,2,2,16133.0625
1080,53,3,2,2,2,21987.6640625
1076,53,3,3,1,1,19294.400390625
1075,53,3,3,1,2,19061.662109375
1084,53,4,1,1,1,7991.2001953125
1083,53,4,1,1,2,7657.853515625
1086,53,4,1,2,1,5810.41650390625
1085,53,4,1,2,2,5693.4443359375
1090,53,4,2,1,1,25358.71875
1089,53,4,2,1,2,24329.142578125
1092,53,4,2,2,1,21334.939453125
1091,53,4,2,2,2,20711.712890625
1088,53,4,3,1,1,20226.56640625
1087,53,4,3,1,2,19841.189453125
3590,54,1,1,1,1,3.0
3589,54,1,1,1,2,3.0
3593,54,1,1,2,1,2.0
3594,54,1,1,2,1,4.0
3591,54,1,1,2,2,2.0
3592,54,1,1,2,2,4.666699886322021
3598,54,1,2,1,1,28.0
3597,54,1,2,1,2,28.95829963684082
3601,54,1,2,2,1,34.0
3602,54,1,2,2,1,32.5
3599,54,1,2,2,2,34.29169845581055
3600,54,1,2,2,2,32.0
3596,54,1,3,1,1,4.0
3595,54,1,3,1,2,7.041699886322021
3604,54,2,1,1,1,4.0
3603,54,2,1,1,2,4.333300113677979
3607,54,2,1,2,1,1.0
3608,54,2,1,2,1,1.0
3605,54,2,1,2,2,1.333299994468689
3606,54,2,1,2,2,1.25
3612,54,2,2,1,1,18.5
3611,54,2,2,1,2,20.625
3615,54,2,2,2,1,37.5
3616,54,2,2,2,1,44.0
3613,54,2,2,2,2,38.625
3614,54,2,2,2,2,45.91669845581055
3610,54,2,3,1,1,6.0
3609,54,2,3,1,2,7.333300113677979
3618,54,3,1,1,1,3.0
3617,54,3,1,1,2,3.0
3621,54,3,1,2,1,1.0
3622,54,3,1,2,1,1.5
3619,54,3,1,2,2,1.0
3620,54,3,1,2,2,1.833299994468689
3626,54,3,2,1,1,12.0
3625,54,3,2,1,2,13.30000019073486
3629,54,3,2,2,1,16.0
3630,54,3,2,2,1,27.0
3627,54,3,2,2,2,16.29999923706055
3628,54,3,2,2,2,27.60000038146973
3624,54,3,3,1,1,6.0
3623,54,3,3,1,2,7.0
3632,54,4,1,1,1,0.333299994468689
3631,54,4,1,1,2,1.100000023841858
3634,54,4,1,2,1,4.0
3633,54,4,1,2,2,4.333300113677979
3638,54,4,2,1,1,24.5
3637,54,4,2,1,2,23.83329963684082
3640,54,4,2,2,1,19.0
3639,54,4,2,2,2,19.79170036315918
3636,54,4,3,1,1,3.5
3635,54,4,3,1,2,3.5
1094,55,1,1,1,1,12.83329963684082
1093,55,1,1,1,2,16.76670074462891
1097,55,1,1,2,1,3.0
1098,55,1,1,2,1,12.0
1095,55,1,1,2,2,5.76669979095459
1096,55,1,1,2,2,12.5
1102,55,1,2,1,1,16.0
1101,55,1,2,1,2,23.21190071105957
1105,55,1,2,2,1,8.5
1106,55,1,2,2,1,6.0
1103,55,1,2,2,2,13.54520034790039
1104,55,1,2,2,2,7.050000190734863
1100,55,1,3,1,1,31.0
1099,55,1,3,1,2,32.77690124511719
1108,55,2,1,1,1,23.0
1107,55,2,1,1,2,20.5
1111,55,2,1,2,1,6.0
1112,55,2,1,2,1,6.0
1109,55,2,1,2,2,6.0
1110,55,2,1,2,2,7.183300018310547
1116,55,2,2,1,1,13.0
1115,55,2,2,1,2,20.25
1119,55,2,2,2,1,4.0
1120,55,2,2,2,1,6.5
1117,55,2,2,2,2,7.083300113677979
1118,55,2,2,2,2,8.600000381469727
1114,55,2,3,1,1,30.5
1113,55,2,3,1,2,29.83329963684082
1122,55,3,1,1,1,23.0
1121,55,3,1,1,2,31.72990036010742
1125,55,3,1,2,1,7.0
1126,55,3,1,2,1,5.0
1123,55,3,1,2,2,8.633299827575684
1124,55,3,1,2,2,6.583300113677979
1130,55,3,2,1,1,17.74290084838867
1129,55,3,2,1,2,25.50600051879883
1133,55,3,2,2,1,6.409500122070313
1134,55,3,2,2,1,10.5
1131,55,3,2,2,2,13.39290046691895
1132,55,3,2,2,2,15.36190032958984
1128,55,3,3,1,1,26.0
1127,55,3,3,1,2,29.82830047607422
1136,55,4,1,1,1,12.0
1135,55,4,1,1,2,20.56669998168945
1138,55,4,1,2,1,18.0
1137,55,4,1,2,2,15.17500019073486
1142,55,4,2,1,1,13.0
1141,55,4,2,1,2,25.83329963684082
1144,55,4,2,2,1,9.0
1143,55,4,2,2,2,16.41670036315918
1140,55,4,3,1,1,38.0
1139,55,4,3,1,2,47.22140121459961
3642,56,1,1,1,1,4.5
3641,56,1,1,1,2,15.70950031280518
3645,56,1,1,2,1,3.666699886322021
3646,56,1,1,2,1,3.5
3643,56,1,1,2,2,5.533299922943115
3644,56,1,1,2,2,5.349999904632568
3650,56,1,2,1,1,12.08329963684082
3649,56,1,2,1,2,30.00950050354004
3653,56,1,2,2,1,8.48330020904541
3654,56,1,2,2,1,7.0
3651,56,1,2,2,2,19.27619934082031
3652,56,1,2,2,2,8.25
3648,56,1,3,1,1,4.833300113677979
3647,56,1,3,1,2,20.4857006072998
3656,56,2,1,1,1,1.0
3655,56,2,1,1,2,6.351200103759766
3659,56,2,1,2,1,1.0
3660,56,2,1,2,1,2.166699886322021
3657,56,2,1,2,2,1.75
3658,56,2,1,2,2,5.099999904632568
3664,56,2,2,1,1,21.60000038146973
3663,56,2,2,1,2,35.57740020751953
3667,56,2,2,2,1,12.93330001831055
3668,56,2,2,2,1,10.16670036315918
3665,56,2,2,2,2,17.22620010375977
3666,56,2,2,2,2,22.23329925537109
3662,56,2,3,1,1,2.666699886322021
3661,56,2,3,1,2,13.97620010375977
3670,56,3,1,1,1,4.73330020904541
3669,56,3,1,1,2,10.54090023040771
3673,56,3,1,2,1,0.0
3674,56,3,1,2,1,2.666699886322021
3671,56,3,1,2,2,0.166700005531311
3672,56,3,1,2,2,2.75
3678,56,3,2,1,1,11.49289989471436
3677,56,3,2,1,2,15.59090042114258
3681,56,3,2,2,1,3.309499979019165
3682,56,3,2,2,1,9.23330020904541
3679,56,3,2,2,2,5.449999809265137
3680,56,3,2,2,2,15.51790046691895
3676,56,3,3,1,1,3.450000047683716
3675,56,3,3,1,2,9.057600021362305
3684,56,4,1,1,1,1.783300042152405
3683,56,4,1,1,2,6.580999851226807
3686,56,4,1,2,1,6.0
3685,56,4,1,2,2,6.75
3690,56,4,2,1,1,7.333300113677979
3689,56,4,2,1,2,11.13689994812012
3692,56,4,2,2,1,12.74289989471436
3691,56,4,2,2,2,15.39999961853027
3688,56,4,3,1,1,5.783299922943115
3687,56,4,3,1,2,14.6476001739502
3694,57,1,1,1,1,406.3333129882813
3693,57,1,1,1,2,50.77780151367188
3697,57,1,1,2,1,142.0
3698,57,1,1,2,1,188.3332977294922
3695,57,1,1,2,2,23.94440078735352
3696,57,1,1,2,2,31.63450050354004
3702,57,1,2,1,1,188.5
3701,57,1,2,1,2,32.23020172119141
3705,57,1,2,2,1,123.75
3706,57,1,2,2,1,136.8249969482422
3703,57,1,2,2,2,23.93020057678223
3704,57,1,2,2,2,27.63570022583008
3700,57,1,3,1,1,222.1667022705078
3699,57,1,3,1,2,29.46109962463379
3708,57,2,1,1,1,406.0
3707,57,2,1,1,2,44.59999847412109
3711,57,2,1,2,1,87.0
3712,57,2,1,2,1,205.5
3709,57,2,1,2,2,13.26669979095459
3710,57,2,1,2,2,42.1421012878418
3716,57,2,2,1,1,275.86669921875
3715,57,2,2,1,2,38.21110153198242
3719,57,2,2,2,1,96.16670227050781
3720,57,2,2,2,1,171.2832946777344
3717,57,2,2,2,2,12.52779960632324
3718,57,2,2,2,2,18.21109962463379
3714,57,2,3,1,1,237.625
3713,57,2,3,1,2,35.25
3722,57,3,1,1,1,396.0
3721,57,3,1,1,2,27.4689998626709
3725,57,3,1,2,1,38.5
3726,57,3,1,2,1,177.0
3723,57,3,1,2,2,3.75
3724,57,3,1,2,2,28.86350059509277
3730,57,3,2,1,1,216.5
3729,57,3,2,1,2,24.6023998260498
3733,57,3,2,2,1,38.5
3734,57,3,2,2,1,172.6667022705078
3731,57,3,2,2,2,6.019000053405762
3732,57,3,2,2,2,26.69009971618652
3728,57,3,3,1,1,212.0
3727,57,3,3,1,2,20.88330078125
3736,57,4,1,1,1,369.75
3735,57,4,1,1,2,35.84170150756836
3738,57,4,1,2,1,169.0
3737,57,4,1,2,2,39.17219924926758
3742,57,4,2,1,1,118.0
3741,57,4,2,1,2,6.917900085449219
3744,57,4,2,2,1,152.5
3743,57,4,2,2,2,28.90629959106445
3740,57,4,3,1,1,234.5
3739,57,4,3,1,2,25.52140045166016
1146,58,1,1,1,1,30.53330039978027
1145,58,1,1,1,2,34.11669921875
1149,58,1,1,2,1,12.0
1150,58,1,1,2,1,15.0
1147,58,1,1,2,2,13.16670036315918
1148,58,1,1,2,2,15.60000038146973
1154,58,1,2,1,1,26.86669921875
1153,58,1,2,1,2,35.72620010375977
1157,58,1,2,2,1,16.53330039978027
1158,58,1,2,2,1,13.0
1155,58,1,2,2,2,21.54290008544922
1156,58,1,2,2,2,14.27620029449463
1152,58,1,3,1,1,35.86669921875
1151,58,1,3,1,2,39.06669998168945
1160,58,2,1,1,1,36.25
1159,58,2,1,1,2,38.86109924316406
1163,58,2,1,2,1,12.25
1164,58,2,1,2,1,24.0
1161,58,2,1,2,2,11.58329963684082
1162,58,2,1,2,2,23.00709915161133
1168,58,2,2,1,1,25.70000076293945
1167,58,2,2,1,2,35.64440155029297
1171,58,2,2,2,1,8.449999809265137
1172,58,2,2,2,1,12.25
1169,58,2,2,2,2,14.41670036315918
1170,58,2,2,2,2,13.03330039978027
1166,58,2,3,1,1,31.25
1165,58,2,3,1,2,35.02780151367188
1174,58,3,1,1,1,48.5
1173,58,3,1,1,2,53.68889999389648
1177,58,3,1,2,1,5.0
1178,58,3,1,2,1,18.66670036315918
1175,58,3,1,2,2,6.0
1176,58,3,1,2,2,16.80830001831055
1182,58,3,2,1,1,31.83329963684082
1181,58,3,2,1,2,40.38330078125
1185,58,3,2,2,1,19.16670036315918
1186,58,3,2,2,1,20.75
1183,58,3,2,2,2,23.83329963684082
1184,58,3,2,2,2,19.3213996887207
1180,58,3,3,1,1,38.0
1179,58,3,3,1,2,40.65560150146484
1188,58,4,1,1,1,59.0
1187,58,4,1,1,2,61.66669845581055
1190,58,4,1,2,1,19.5
1189,58,4,1,2,2,20.16670036315918
1194,58,4,2,1,1,104.8332977294922
1193,58,4,2,1,2,120.1027984619141
1196,58,4,2,2,1,30.06669998168945
1195,58,4,2,2,2,34.56110000610352
1192,58,4,3,1,1,45.5
1191,58,4,3,1,2,45.97620010375977
1198,59,1,1,1,1,358.25
1197,59,1,1,1,2,94.77459716796875
1201,59,1,1,2,1,190.1667022705078
1202,59,1,1,2,1,448.6666870117188
1199,59,1,1,2,2,50.55239868164063
1200,59,1,1,2,2,62.47859954833984
1206,59,1,2,1,1,452.0094909667969
1205,59,1,2,1,2,85.20330047607422
1209,59,1,2,2,1,301.2000122070313
1210,59,1,2,2,1,339.4825134277344
1207,59,1,2,2,2,57.86830139160156
1208,59,1,2,2,2,51.83570098876953
1204,59,1,3,1,1,368.0416870117188
1203,59,1,3,1,2,75.76789855957031
1212,59,2,1,1,1,320.6666870117188
1211,59,2,1,1,2,85.79720306396484
1215,59,2,1,2,1,82.83329772949219
1216,59,2,1,2,1,374.7000122070313
1213,59,2,1,2,2,33.0182991027832
1214,59,2,1,2,2,59.01689910888672
1220,59,2,2,1,1,447.9166870117188
1219,59,2,2,1,2,83.65480041503906
1223,59,2,2,2,1,225.0
1224,59,2,2,2,1,442.460693359375
1221,59,2,2,2,2,43.5
1222,59,2,2,2,2,50.61180114746094
1218,59,2,3,1,1,357.6666870117188
1217,59,2,3,1,2,81.43609619140625
1226,59,3,1,1,1,320.6429138183594
1225,59,3,1,1,2,121.7731018066406
1229,59,3,1,2,1,32.5
1230,59,3,1,2,1,358.5
1227,59,3,1,2,2,26.84289932250977
1228,59,3,1,2,2,74.79329681396484
1234,59,3,2,1,1,381.6666870117188
1233,59,3,2,1,2,93.0291976928711
1237,59,3,2,2,1,132.1667022705078
1238,59,3,2,2,1,387.0136108398438
1235,59,3,2,2,2,21.69370079040527
1236,59,3,2,2,2,64.4114990234375
1232,59,3,3,1,1,314.4761962890625
1231,59,3,3,1,2,80.58170318603516
1240,59,4,1,1,1,232.3332977294922
1239,59,4,1,1,2,109.0472030639648
1242,59,4,1,2,1,293.8333129882813
1241,59,4,1,2,2,48.44260025024414
1246,59,4,2,1,1,237.8332977294922
1245,59,4,2,1,2,65.38929748535156
1248,59,4,2,2,1,344.0
1247,59,4,2,2,2,53.03829956054688
1244,59,4,3,1,1,346.8333129882813
1243,59,4,3,1,2,110.6364974975586
3746,60,1,1,1,1,31.79999923706055
3745,60,1,1,1,2,66.8373031616211
3749,60,1,1,2,1,8.300000190734863
3750,60,1,1,2,1,35.0
3747,60,1,1,2,2,21.36669921875
3748,60,1,1,2,2,58.62089920043945
3754,60,1,2,1,1,103.9167022705078
3753,60,1,2,1,2,287.0828857421875
3757,60,1,2,2,1,57.08330154418945
3758,60,1,2,2,1,102.2594985961914
3755,60,1,2,2,2,225.4503936767578
3756,60,1,2,2,2,249.3614959716797
3752,60,1,3,1,1,143.13330078125
3751,60,1,3,1,2,212.7044067382813
3760,60,2,1,1,1,26.0
3759,60,2,1,1,2,51.81110000610352
3763,60,2,1,2,1,3.0
3764,60,2,1,2,1,36.5
3761,60,2,1,2,2,12.02620029449463
3762,60,2,1,2,2,57.56650161743164
3768,60,2,2,1,1,130.5832977294922
3767,60,2,2,1,2,336.8810119628906
3771,60,2,2,2,1,53.08330154418945
3772,60,2,2,2,1,73.49700164794922
3769,60,2,2,2,2,232.5388946533203
3770,60,2,2,2,2,289.93798828125
3766,60,2,3,1,1,188.75
3765,60,2,3,1,2,234.3730010986328
3774,60,3,1,1,1,39.0
3773,60,3,1,1,2,71.92980194091797
3777,60,3,1,2,1,1.0
3778,60,3,1,2,1,30.83329963684082
3775,60,3,1,2,2,3.5
3776,60,3,1,2,2,47.68989944458008
3782,60,3,2,1,1,97.93329620361328
3781,60,3,2,1,2,307.531494140625
3785,60,3,2,2,1,25.91670036315918
3786,60,3,2,2,1,77.9000015258789
3783,60,3,2,2,2,185.7637023925781
3784,60,3,2,2,2,268.8980102539063
3780,60,3,3,1,1,237.0832977294922
3779,60,3,3,1,2,275.5693969726563
3788,60,4,1,1,1,34.83330154418945
3787,60,4,1,1,2,58.36940002441406
3790,60,4,1,2,1,17.5
3789,60,4,1,2,2,39.38330078125
3794,60,4,2,1,1,71.90789794921875
3793,60,4,2,1,2,265.9472961425781
3796,60,4,2,2,1,41.71670150756836
3795,60,4,2,2,2,260.7568969726563
3792,60,4,3,1,1,136.1667022705078
3791,60,4,3,1,2,177.7411041259766
3798,61,1,1,1,1,42.33330154418945
3797,61,1,1,1,2,14.05500030517578
3801,61,1,1,2,1,17.0
3802,61,1,1,2,1,54.0
3799,61,1,1,2,2,2.700000047683716
3800,61,1,1,2,2,5.833300113677979
3806,61,1,2,1,1,87.83329772949219
3805,61,1,2,1,2,19.14290046691895
3809,61,1,2,2,1,69.33329772949219
3810,61,1,2,2,1,72.0
3807,61,1,2,2,2,16.95000076293945
3808,61,1,2,2,2,4.333300113677979
3804,61,1,3,1,1,34.83330154418945
3803,61,1,3,1,2,14.6761999130249
3812,61,2,1,1,1,46.5
3811,61,2,1,1,2,16.0
3815,61,2,1,2,1,21.0
3816,61,2,1,2,1,29.5
3813,61,2,1,2,2,5.0
3814,61,2,1,2,2,3.0
3820,61,2,2,1,1,99.4761962890625
3819,61,2,2,1,2,20.11669921875
3823,61,2,2,2,1,58.97620010375977
3824,61,2,2,2,1,88.66670227050781
3821,61,2,2,2,2,11.31669998168945
3822,61,2,2,2,2,18.70000076293945
3818,61,2,3,1,1,33.5
3817,61,2,3,1,2,18.33329963684082
3826,61,3,1,1,1,58.0
3825,61,3,1,1,2,20.60950088500977
3829,61,3,1,2,1,13.0
3830,61,3,1,2,1,34.0
3827,61,3,1,2,2,3.0
3828,61,3,1,2,2,14.33329963684082
3834,61,3,2,1,1,105.7332992553711
3833,61,3,2,1,2,32.33330154418945
3837,61,3,2,2,1,56.23329925537109
3838,61,3,2,2,1,73.5
3835,61,3,2,2,2,18.05949974060059
3836,61,3,2,2,2,18.07500076293945
3832,61,3,3,1,1,38.5
3831,61,3,3,1,2,20.64290046691895
3840,61,4,1,1,1,43.0
3839,61,4,1,1,2,20.20000076293945
3842,61,4,1,2,1,28.5
3841,61,4,1,2,2,4.533299922943115
3846,61,4,2,1,1,113.0
3845,61,4,2,1,2,43.91669845581055
3848,61,4,2,2,1,94.64289855957031
3847,61,4,2,2,2,20.60950088500977
3844,61,4,3,1,1,45.5
3843,61,4,3,1,2,31.83329963684082
1250,62,1,1,1,1,58.58330154418945
1249,62,1,1,1,2,78.56670379638672
1253,62,1,1,2,1,13.75
1254,62,1,1,2,1,64.16670227050781
1251,62,1,1,2,2,16.04170036315918
1252,62,1,1,2,2,50.14410018920898
1258,62,1,2,1,1,167.2082977294922
1257,62,1,2,1,2,397.7793884277344
1261,62,1,2,2,1,96.45829772949219
1262,62,1,2,2,1,125.8403015136719
1259,62,1,2,2,2,305.3147888183594
1260,62,1,2,2,2,340.327392578125
1256,62,1,3,1,1,240.952392578125
1255,62,1,3,1,2,270.5096130371094
1264,62,2,1,1,1,49.5
1263,62,2,1,1,2,70.4198989868164
1267,62,2,1,2,1,7.0
1268,62,2,1,2,1,55.83330154418945
1265,62,2,1,2,2,10.95950031280518
1266,62,2,1,2,2,61.20280075073242
1272,62,2,2,1,1,164.3889007568359
1271,62,2,2,1,2,367.1180114746094
1275,62,2,2,2,1,67.66670227050781
1276,62,2,2,2,1,140.1916961669922
1273,62,2,2,2,2,234.8979034423828
1274,62,2,2,2,2,382.5956115722656
1270,62,2,3,1,1,208.375
1269,62,2,3,1,2,234.2702941894531
1278,62,3,1,1,1,54.64289855957031
1277,62,3,1,1,2,76.85600280761719
1281,62,3,1,2,1,3.0
1282,62,3,1,2,1,52.83330154418945
1279,62,3,1,2,2,3.571399927139282
1280,62,3,1,2,2,57.68889999389648
1286,62,3,2,1,1,138.4167022705078
1285,62,3,2,1,2,323.0111999511719
1289,62,3,2,2,1,43.25
1290,62,3,2,2,1,118.4713973999023
1287,62,3,2,2,2,160.8771057128906
1288,62,3,2,2,2,347.6087951660156
1284,62,3,3,1,1,164.7857055664063
1283,62,3,3,1,2,191.7135925292969
1292,62,4,1,1,1,23.70000076293945
1291,62,4,1,1,2,54.68930053710938
1294,62,4,1,2,1,43.91669845581055
1293,62,4,1,2,2,46.99860000610352
1298,62,4,2,1,1,99.2667007446289
1297,62,4,2,1,2,277.4743041992188
1300,62,4,2,2,1,115.2332992553711
1299,62,4,2,2,2,283.0812072753906
1296,62,4,3,1,1,157.86669921875
1295,62,4,3,1,2,191.0115051269531
3850,63,1,1,1,1,2.0
3849,63,1,1,1,2,3.25
3853,63,1,1,2,1,1.0
3854,63,1,1,2,1,1.0
3851,63,1,1,2,2,2.0
3852,63,1,1,2,2,2.333300113677979
3858,63,1,2,1,1,1.75
3857,63,1,2,1,2,4.75
3861,63,1,2,2,1,1.75
3862,63,1,2,2,1,1.166700005531311
3859,63,1,2,2,2,4.25
3860,63,1,2,2,2,2.166699886322021
3856,63,1,3,1,1,4.333300113677979
3855,63,1,3,1,2,5.583300113677979
3864,63,2,1,1,1,2.0
3863,63,2,1,1,2,2.200000047683716
3867,63,2,1,2,1,0.0
3868,63,2,1,2,1,0.0
3865,63,2,1,2,2,0.1000000014901161
3866,63,2,1,2,2,0.1429000049829483
3872,63,2,2,1,1,0.0
3871,63,2,2,1,2,0.8928999900817871
3875,63,2,2,2,1,0.0
3876,63,2,2,2,1,1.0
3873,63,2,2,2,2,0.75
3874,63,2,2,2,2,1.535699963569641
3870,63,2,3,1,1,7.0
3869,63,2,3,1,2,8.16670036315918
3878,63,3,1,1,1,0.0
3877,63,3,1,1,2,0.0
3881,63,3,1,2,1,0.0
3882,63,3,1,2,1,2.0
3879,63,3,1,2,2,0.0
3880,63,3,1,2,2,2.433300018310547
3886,63,3,2,1,1,3.25
3885,63,3,2,1,2,5.150000095367432
3889,63,3,2,2,1,1.25
3890,63,3,2,2,1,0.75
3887,63,3,2,2,2,2.316699981689453
3888,63,3,2,2,2,1.75
3884,63,3,3,1,1,5.0
3883,63,3,3,1,2,5.0
3892,63,4,1,1,1,1.5
3891,63,4,1,1,2,2.0
3894,63,4,1,2,1,0.0
3893,63,4,1,2,2,1.0
3898,63,4,2,1,1,0.0
3897,63,4,2,1,2,0.2000000029802322
3900,63,4,2,2,1,0.333299994468689
3899,63,4,2,2,2,2.75
3896,63,4,3,1,1,3.5
3895,63,4,3,1,2,3.833300113677979
3902,64,1,1,1,1,2.333300113677979
3901,64,1,1,1,2,3.142899990081787
3905,64,1,1,2,1,1.333299994468689
3906,64,1,1,2,1,4.0
3903,64,1,1,2,2,1.0
3904,64,1,1,2,2,6.0
3910,64,1,2,1,1,23.5
3909,64,1,2,1,2,14.59290027618408
3913,64,1,2,2,1,11.0
3914,64,1,2,2,1,15.83329963684082
3911,64,1,2,2,2,9.559499740600586
3912,64,1,2,2,2,7.400000095367432
3908,64,1,3,1,1,1.833299994468689
3907,64,1,3,1,2,6.142899990081787
3916,64,2,1,1,1,2.5
3915,64,2,1,1,2,5.5
3919,64,2,1,2,1,0.0
3920,64,2,1,2,1,4.0
3917,64,2,1,2,2,2.5
3918,64,2,1,2,2,4.633299827575684
3924,64,2,2,1,1,20.66670036315918
3923,64,2,2,1,2,16.48810005187988
3927,64,2,2,2,1,7.0
3928,64,2,2,2,1,17.0
3925,64,2,2,2,2,6.142899990081787
3926,64,2,2,2,2,14.48569965362549
3922,64,2,3,1,1,3.5
3921,64,2,3,1,2,5.0
3930,64,3,1,1,1,4.0
3929,64,3,1,1,2,16.55949974060059
3933,64,3,1,2,1,0.0
3934,64,3,1,2,1,7.0
3931,64,3,1,2,2,0.916700005531311
3932,64,3,1,2,2,4.5
3938,64,3,2,1,1,20.5
3937,64,3,2,1,2,22.75950050354004
3941,64,3,2,2,1,2.0
3942,64,3,2,2,1,13.5
3939,64,3,2,2,2,1.833299994468689
3940,64,3,2,2,2,11.5
3936,64,3,3,1,1,3.0
3935,64,3,3,1,2,11.47620010375977
3944,64,4,1,1,1,3.0
3943,64,4,1,1,2,3.642899990081787
3946,64,4,1,2,1,3.333300113677979
3945,64,4,1,2,2,1.666700005531311
3950,64,4,2,1,1,12.5
3949,64,4,2,1,2,11.35000038146973
3952,64,4,2,2,1,10.16670036315918
3951,64,4,2,2,2,13.16670036315918
3948,64,4,3,1,1,5.0
3947,64,4,3,1,2,7.916699886322021
3954,65,1,1,1,1,0.0
3953,65,1,1,1,2,0.0
3957,65,1,1,2,1,0.0
3958,65,1,1,2,1,0.0
3955,65,1,1,2,2,0.0
3956,65,1,1,2,2,0.0
3962,65,1,2,1,1,1.5
3961,65,1,2,1,2,2.545200109481812
3965,65,1,2,2,1,0.5
3966,65,1,2,2,1,1.0
3963,65,1,2,2,2,0.25
3964,65,1,2,2,2,0.6000000238418579
3960,65,1,3,1,1,2.25
3959,65,1,3,1,2,2.75
3968,65,2,1,1,1,0.0
3967,65,2,1,1,2,0.2000000029802322
3971,65,2,1,2,1,0.0
3972,65,2,1,2,1,0.0
3969,65,2,1,2,2,0.0
3970,65,2,1,2,2,0.0
3976,65,2,2,1,1,0.0
3975,65,2,2,1,2,0.8511999845504761
3979,65,2,2,2,1,0.0
3980,65,2,2,2,1,1.0
3977,65,2,2,2,2,0.583299994468689
3978,65,2,2,2,2,1.583299994468689
3974,65,2,3,1,1,0.0
3973,65,2,3,1,2,0.3111000061035156
3982,65,3,1,1,1,0.0
3981,65,3,1,1,2,0.3429000079631805
3985,65,3,1,2,1,0.0
3986,65,3,1,2,1,0.0
3983,65,3,1,2,2,0.0
3984,65,3,1,2,2,0.0
3990,65,3,2,1,1,1.5
3989,65,3,2,1,2,2.944400072097778
3993,65,3,2,2,1,2.5
3994,65,3,2,2,1,1.0
3991,65,3,2,2,2,0.699999988079071
3992,65,3,2,2,2,1.0
3988,65,3,3,1,1,0.0
3987,65,3,3,1,2,0.3429000079631805
3996,65,4,1,1,1,1.0
3995,65,4,1,1,2,1.0
3998,65,4,1,2,1,0.0
3997,65,4,1,2,2,0.0
4002,65,4,2,1,1,1.0
4001,65,4,2,1,2,1.200000047683716
4004,65,4,2,2,1,0.5
4003,65,4,2,2,2,0.53329998254776
4000,65,4,3,1,1,1.0
3999,65,4,3,1,2,1.0
4006,66,1,1,1,1,6.0
4005,66,1,1,1,2,5.800000190734863
4009,66,1,1,2,1,3.0
4010,66,1,1,2,1,1.0
4007,66,1,1,2,2,3.0
4008,66,1,1,2,2,4.616700172424316
4014,66,1,2,1,1,9.33329963684082
4013,66,1,2,1,2,10.43290042877197
4017,66,1,2,2,1,7.5
4018,66,1,2,2,1,6.826900005340576
4015,66,1,2,2,2,6.542900085449219
4016,66,1,2,2,2,6.876200199127197
4012,66,1,3,1,1,47.5
4011,66,1,3,1,2,48.05950164794922
4020,66,2,1,1,1,10.33329963684082
4019,66,2,1,1,2,12.67500019073486
4023,66,2,1,2,1,3.5
4024,66,2,1,2,1,2.0
4021,66,2,1,2,2,4.433300018310547
4022,66,2,1,2,2,4.673500061035156
4028,66,2,2,1,1,12.83329963684082
4027,66,2,2,1,2,14.52620029449463
4031,66,2,2,2,1,1.0
4032,66,2,2,2,1,1.0
4029,66,2,2,2,2,4.854800224304199
4030,66,2,2,2,2,2.509500026702881
4026,66,2,3,1,1,32.33330154418945
4025,66,2,3,1,2,33.17499923706055
4034,66,3,1,1,1,11.33329963684082
4033,66,3,1,1,2,11.79170036315918
4037,66,3,1,2,1,0.0
4038,66,3,1,2,1,3.0
4035,66,3,1,2,2,0.333299994468689
4036,66,3,1,2,2,5.0
4042,66,3,2,1,1,8.83329963684082
4041,66,3,2,1,2,12.32779979705811
4045,66,3,2,2,1,4.0
4046,66,3,2,2,1,3.5
4043,66,3,2,2,2,6.437300205230713
4044,66,3,2,2,2,3.934499979019165
4040,66,3,3,1,1,36.33330154418945
4039,66,3,3,1,2,37.04169845581055
4048,66,4,1,1,1,5.199999809265137
4047,66,4,1,1,2,11.0
4050,66,4,1,2,1,2.0
4049,66,4,1,2,2,2.5
4054,66,4,2,1,1,6.199999809265137
4053,66,4,2,1,2,11.11069965362549
4056,66,4,2,2,1,9.0
4055,66,4,2,2,2,6.130199909210205
4052,66,4,3,1,1,51.86669921875
4051,66,4,3,1,2,64.57140350341797
1302,67,1,1,1,1,4776.25
1301,67,1,1,1,2,4333.34375
1305,67,1,1,2,1,1825.166748046875
1306,67,1,1,2,1,3742.70751953125
1303,67,1,1,2,2,1671.08056640625
1304,67,1,1,2,2,3180.461669921875
1310,67,1,2,1,1,4578.75390625
1309,67,1,2,1,2,3159.95166015625
1313,67,1,2,2,1,3245.498291015625
1314,67,1,2,2,1,3656.8671875
1311,67,1,2,2,2,2191.640869140625
1312,67,1,2,2,2,2735.451171875
1308,67,1,3,1,1,4011.0
1307,67,1,3,1,2,3360.429931640625
1316,67,2,1,1,1,4633.2998046875
1315,67,2,1,1,2,4094.475341796875
1319,67,2,1,2,1,1176.333251953125
1320,67,2,1,2,1,4253.00390625
1317,67,2,1,2,2,1060.623413085938
1318,67,2,1,2,2,3610.356689453125
1324,67,2,2,1,1,4561.0400390625
1323,67,2,2,1,2,3281.392333984375
1327,67,2,2,2,1,2483.566650390625
1328,67,2,2,2,1,4148.4033203125
1325,67,2,2,2,2,1747.095703125
1326,67,2,2,2,2,3054.301025390625
1322,67,2,3,1,1,3946.691650390625
1321,67,2,3,1,2,3316.98681640625
1330,67,3,1,1,1,4574.076171875
1329,67,3,1,1,2,4188.33154296875
1333,67,3,1,2,1,599.0
1334,67,3,1,2,1,3914.583251953125
1331,67,3,1,2,2,532.0479736328125
1332,67,3,1,2,2,3427.74365234375
1338,67,3,2,1,1,4374.123046875
1337,67,3,2,1,2,3168.628662109375
1341,67,3,2,2,1,1457.28564453125
1342,67,3,2,2,1,4064.82373046875
1339,67,3,2,2,2,1028.09326171875
1340,67,3,2,2,2,2878.227783203125
1336,67,3,3,1,1,3873.93505859375
1335,67,3,3,1,2,3392.409423828125
1344,67,4,1,1,1,3864.283203125
1343,67,4,1,1,2,3598.314208984375
1346,67,4,1,2,1,2909.566650390625
1345,67,4,1,2,2,2546.10107421875
1350,67,4,2,1,1,2890.195068359375
1349,67,4,2,1,2,2121.863037109375
1352,67,4,2,2,1,3632.30419921875
1351,67,4,2,2,2,2553.6416015625
1348,67,4,3,1,1,3922.36669921875
1347,67,4,3,1,2,3503.420166015625
1354,68,1,1,1,1,136.5
1353,68,1,1,1,2,156.6024017333984
1357,68,1,1,2,1,22.0
1358,68,1,1,2,1,143.6999969482422
1355,68,1,1,2,2,28.08329963684082
1356,68,1,1,2,2,155.9582061767578
1362,68,1,2,1,1,331.4166870117188
1361,68,1,2,1,2,425.3049926757813
1365,68,1,2,2,1,204.0832977294922
1366,68,1,2,2,1,247.3701934814453
1363,68,1,2,2,2,277.0299987792969
1364,68,1,2,2,2,326.5202941894531
1360,68,1,3,1,1,278.0166931152344
1359,68,1,3,1,2,297.1444091796875
1368,68,2,1,1,1,135.6667022705078
1367,68,2,1,1,2,151.0252990722656
1371,68,2,1,2,1,10.0
1372,68,2,1,2,1,154.5
1369,68,2,1,2,2,14.0
1370,68,2,1,2,2,159.6260986328125
1376,68,2,2,1,1,373.7832946777344
1375,68,2,2,1,2,477.4075012207031
1379,68,2,2,2,1,170.11669921875
1380,68,2,2,2,1,276.6011962890625
1377,68,2,2,2,2,236.7978973388672
1378,68,2,2,2,2,375.4526062011719
1374,68,2,3,1,1,238.625
1373,68,2,3,1,2,252.1483001708984
1382,68,3,1,1,1,179.8332977294922
1381,68,3,1,1,2,193.5225982666016
1385,68,3,1,2,1,4.0
1386,68,3,1,2,1,177.5832977294922
1383,68,3,1,2,2,4.509500026702881
1384,68,3,1,2,2,181.0733947753906
1390,68,3,2,1,1,392.4667053222656
1389,68,3,2,1,2,484.9927978515625
1393,68,3,2,2,1,101.8332977294922
1394,68,3,2,2,1,294.7333068847656
1391,68,3,2,2,2,163.1967926025391
1392,68,3,2,2,2,369.6470947265625
1388,68,3,3,1,1,294.0667114257813
1387,68,3,3,1,2,305.6785888671875
1396,68,4,1,1,1,127.8332977294922
1395,68,4,1,1,2,142.61669921875
1398,68,4,1,2,1,133.86669921875
1397,68,4,1,2,2,147.0888977050781
1402,68,4,2,1,1,314.75
1401,68,4,2,1,2,402.8341979980469
1404,68,4,2,2,1,312.2261962890625
1403,68,4,2,2,2,376.5249938964844
1400,68,4,3,1,1,364.1388854980469
1399,68,4,3,1,2,390.7275085449219
4058,69,1,1,1,1,1.0
4057,69,1,1,1,2,2.0
4061,69,1,1,2,1,0.0
4062,69,1,1,2,1,0.0
4059,69,1,1,2,2,0.0
4060,69,1,1,2,2,0.0
4066,69,1,2,1,1,6.583300113677979
4065,69,1,2,1,2,8.66670036315918
4069,69,1,2,2,1,0.25
4070,69,1,2,2,1,1.0
4067,69,1,2,2,2,2.5
4068,69,1,2,2,2,2.866699934005737
4064,69,1,3,1,1,2.0
4063,69,1,3,1,2,4.083300113677979
4072,69,2,1,1,1,0.0
4071,69,2,1,1,2,0.1429000049829483
4075,69,2,1,2,1,0.0
4076,69,2,1,2,1,0.0
4073,69,2,1,2,2,0.1429000049829483
4074,69,2,1,2,2,0.0
4080,69,2,2,1,1,3.0
4079,69,2,2,1,2,7.485700130462646
4083,69,2,2,2,1,1.0
4084,69,2,2,2,1,0.0
4081,69,2,2,2,2,2.342900037765503
4082,69,2,2,2,2,2.309499979019165
4078,69,2,3,1,1,1.0
4077,69,2,3,1,2,3.095200061798096
4086,69,3,1,1,1,0.0
4085,69,3,1,1,2,0.0
4089,69,3,1,2,1,0.0
4090,69,3,1,2,1,1.0
4087,69,3,1,2,2,0.0
4088,69,3,1,2,2,1.966699957847595
4094,69,3,2,1,1,4.0
4093,69,3,2,1,2,4.449999809265137
4097,69,3,2,2,1,3.0
4098,69,3,2,2,1,1.25
4095,69,3,2,2,2,3.25
4096,69,3,2,2,2,2.558799982070923
4092,69,3,3,1,1,1.0
4091,69,3,3,1,2,1.333299994468689
4100,69,4,1,1,1,0.666700005531311
4099,69,4,1,1,2,0.666700005531311
4102,69,4,1,2,1,0.0
4101,69,4,1,2,2,0.0
4106,69,4,2,1,1,1.5
4105,69,4,2,1,2,3.0
4108,69,4,2,2,1,0.0
4107,69,4,2,2,2,2.166699886322021
4104,69,4,3,1,1,4.0
4103,69,4,3,1,2,4.333300113677979
4110,70,1,1,1,1,1.0
4109,70,1,1,1,2,1.0
4113,70,1,1,2,1,1.0
4114,70,1,1,2,1,0.0
4111,70,1,1,2,2,1.0
4112,70,1,1,2,2,1.0
4118,70,1,2,1,1,2.0
4117,70,1,2,1,2,2.0
4121,70,1,2,2,1,0.0
4122,70,1,2,2,1,1.833299994468689
4119,70,1,2,2,2,0.0
4120,70,1,2,2,2,2.299999952316284
4116,70,1,3,1,1,5.0
4115,70,1,3,1,2,5.0
4124,70,2,1,1,1,4.0
4123,70,2,1,1,2,3.75
4127,70,2,1,2,1,0.0
4128,70,2,1,2,1,1.0
4125,70,2,1,2,2,0.0
4126,70,2,1,2,2,3.0
4132,70,2,2,1,1,5.0
4131,70,2,2,1,2,6.0
4135,70,2,2,2,1,1.0
4136,70,2,2,2,1,0.0
4133,70,2,2,2,2,1.25
4134,70,2,2,2,2,0.666700005531311
4130,70,2,3,1,1,5.0
4129,70,2,3,1,2,7.416699886322021
4138,70,3,1,1,1,1.0
4137,70,3,1,1,2,0.666700005531311
4141,70,3,1,2,1,0.0
4142,70,3,1,2,1,0.0
4139,70,3,1,2,2,0.0
4140,70,3,1,2,2,0.333299994468689
4146,70,3,2,1,1,2.0
4145,70,3,2,1,2,3.25
4149,70,3,2,2,1,0.0
4150,70,3,2,2,1,1.0
4147,70,3,2,2,2,0.0
4148,70,3,2,2,2,2.133300065994263
4144,70,3,3,1,1,6.0
4143,70,3,3,1,2,5.666699886322021
4152,70,4,1,1,1,2.0
4151,70,4,1,1,2,2.0
4154,70,4,1,2,1,1.0
4153,70,4,1,2,2,1.0
4158,70,4,2,1,1,1.0
4157,70,4,2,1,2,1.533300042152405
4160,70,4,2,2,1,0.0
4159,70,4,2,2,2,0.0
4156,70,4,3,1,1,6.0
4155,70,4,3,1,2,5.25
1406,71,1,1,1,1,605.076904296875
1405,71,1,1,1,2,564.734375
1409,71,1,1,2,1,258.9103088378906
1410,71,1,1,2,1,419.25
1407,71,1,1,2,2,235.9024047851563
1408,71,1,1,2,2,467.7131958007813
1414,71,1,2,1,1,740.0408935546875
1413,71,1,2,1,2,810.531982421875
1417,71,1,2,2,1,531.8742065429688
1418,71,1,2,2,1,529.3251953125
1415,71,1,2,2,2,600.5062866210938
1416,71,1,2,2,2,598.6185302734375
1412,71,1,3,1,1,763.7435913085938
1411,71,1,3,1,2,752.6912231445312
1420,71,2,1,1,1,584.75
1419,71,2,1,1,2,567.7935180664062
1423,71,2,1,2,1,153.5
1424,71,2,1,2,1,440.9818115234375
1421,71,2,1,2,2,159.5274047851563
1422,71,2,1,2,2,480.2008056640625
1428,71,2,2,1,1,752.8056030273438
1427,71,2,2,1,2,781.7445068359375
1431,71,2,2,2,1,357.0556030273438
1432,71,2,2,2,1,568.4503784179688
1429,71,2,2,2,2,399.9065856933594
1430,71,2,2,2,2,659.826171875
1426,71,2,3,1,1,764.7166748046875
1425,71,2,3,1,2,763.6605224609375
1434,71,3,1,1,1,531.0
1433,71,3,1,1,2,521.1527099609375
1437,71,3,1,2,1,57.0
1438,71,3,1,2,1,472.0166931152344
1435,71,3,1,2,2,55.73329925537109
1436,71,3,1,2,2,475.5242004394531
1442,71,3,2,1,1,637.3139038085938
1441,71,3,2,1,2,698.9984130859375
1445,71,3,2,2,1,177.4889068603516
1446,71,3,2,2,1,599.4241943359375
1443,71,3,2,2,2,229.6846008300781
1444,71,3,2,2,2,709.6475219726562
1440,71,3,3,1,1,679.3333129882812
1439,71,3,3,1,2,684.8336181640625
1448,71,4,1,1,1,449.0332946777344
1447,71,4,1,1,2,435.6059875488281
1450,71,4,1,2,1,421.0
1449,71,4,1,2,2,402.60400390625
1454,71,4,2,1,1,423.3999938964844
1453,71,4,2,1,2,526.924072265625
1456,71,4,2,2,1,544.4838256835938
1455,71,4,2,2,2,622.4356079101562
1452,71,4,3,1,1,706.9166870117188
1451,71,4,3,1,2,704.8447265625
2030,72,1,1,1,1,141468.296875
2029,72,1,1,1,2,140696.28125
2033,72,1,1,2,1,56161.6328125
2034,72,1,1,2,1,119368.0703125
2031,72,1,1,2,2,55991.703125
2032,72,1,1,2,2,119121.296875
2038,72,1,2,1,1,342429.03125
2037,72,1,2,1,2,336650.40625
2041,72,1,2,2,1,272043.75
2042,72,1,2,2,1,276465.53125
2039,72,1,2,2,2,267581.53125
2040,72,1,2,2,2,272921.65625
2036,72,1,3,1,1,186807.09375
2035,72,1,3,1,2,184451.5
2044,72,2,1,1,1,144119.609375
2043,72,2,1,1,2,143179.8125
2047,72,2,1,2,1,36795.90625
2048,72,2,1,2,1,127882.1796875
2045,72,2,1,2,2,36627.984375
2046,72,2,1,2,2,127659.0625
2052,72,2,2,1,1,361080.71875
2051,72,2,2,1,2,353916.875
2055,72,2,2,2,1,251124.21875
2056,72,2,2,2,1,316985.09375
2053,72,2,2,2,2,246002.34375
2054,72,2,2,2,2,312101.21875
2050,72,2,3,1,1,194004.640625
2049,72,2,3,1,2,190066.21875
2058,72,3,1,1,1,143736.34375
2057,72,3,1,1,2,142918.703125
2061,72,3,1,2,1,17522.8828125
2062,72,3,1,2,1,122957.2265625
2059,72,3,1,2,2,17417.212890625
2060,72,3,1,2,2,122614.6328125
2066,72,3,2,1,1,344132.90625
2065,72,3,2,1,2,337115.9375
2069,72,3,2,2,1,185499.34375
2070,72,3,2,2,1,312148.53125
2067,72,3,2,2,2,181439.75
2068,72,3,2,2,2,306465.125
2064,72,3,3,1,1,193629.96875
2063,72,3,3,1,2,189452.921875
2072,72,4,1,1,1,115863.625
2071,72,4,1,1,2,115074.0078125
2074,72,4,1,2,1,98637.3671875
2073,72,4,1,2,2,98358.7890625
2078,72,4,2,1,1,295876.03125
2077,72,4,2,1,2,288303.28125
2080,72,4,2,2,1,286588.6875
2079,72,4,2,2,2,280660.28125
2076,72,4,3,1,1,194897.03125
2075,72,4,3,1,2,190390.046875
4162,73,1,1,1,1,3.0
4161,73,1,1,1,2,6.640500068664551
4165,73,1,1,2,1,2.5
4166,73,1,1,2,1,0.0
4163,73,1,1,2,2,3.092900037765503
4164,73,1,1,2,2,0.0
4170,73,1,2,1,1,18.5
4169,73,1,2,1,2,31.1107006072998
4173,73,1,2,2,1,17.0
4174,73,1,2,2,1,9.183300018310547
4171,73,1,2,2,2,25.30839920043945
4172,73,1,2,2,2,19.90119934082031
4168,73,1,3,1,1,1.0
4167,73,1,3,1,2,6.021399974822998
4176,73,2,1,1,1,2.0
4175,73,2,1,1,2,3.602400064468384
4179,73,2,1,2,1,1.0
4180,73,2,1,2,1,0.0
4177,73,2,1,2,2,1.452399969100952
4178,73,2,1,2,2,0.4762000143527985
4184,73,2,2,1,1,17.91670036315918
4183,73,2,2,1,2,32.01350021362305
4187,73,2,2,2,1,8.26669979095459
4188,73,2,2,2,1,17.5
4185,73,2,2,2,2,15.83500003814697
4186,73,2,2,2,2,27.64209938049316
4182,73,2,3,1,1,8.5
4181,73,2,3,1,2,22.15480041503906
4190,73,3,1,1,1,0.0
4189,73,3,1,1,2,1.983299970626831
4193,73,3,1,2,1,0.0
4194,73,3,1,2,1,2.333300113677979
4191,73,3,1,2,2,0.0
4192,73,3,1,2,2,4.583300113677979
4198,73,3,2,1,1,14.66670036315918
4197,73,3,2,1,2,24.19820022583008
4201,73,3,2,2,1,6.0
4202,73,3,2,2,1,12.85000038146973
4199,73,3,2,2,2,10.71669960021973
4200,73,3,2,2,2,20.49440002441406
4196,73,3,3,1,1,1.5
4195,73,3,3,1,2,8.783300399780273
4204,73,4,1,1,1,1.0
4203,73,4,1,1,2,3.866699934005737
4206,73,4,1,2,1,0.0
4205,73,4,1,2,2,1.428599953651428
4210,73,4,2,1,1,31.24169921875
4209,73,4,2,1,2,48.84400177001953
4212,73,4,2,2,1,9.0
4211,73,4,2,2,2,14.33209991455078
4208,73,4,3,1,1,0.5
4207,73,4,3,1,2,9.501199722290039
4214,74,1,1,1,1,5.0
4213,74,1,1,1,2,2.533299922943115
4217,74,1,1,2,1,0.0
4218,74,1,1,2,1,1.333299994468689
4215,74,1,1,2,2,0.0
4216,74,1,1,2,2,1.0
4222,74,1,2,1,1,25.66670036315918
4221,74,1,2,1,2,6.550000190734863
4225,74,1,2,2,1,12.33329963684082
4226,74,1,2,2,1,5.833300113677979
4223,74,1,2,2,2,2.394399881362915
4224,74,1,2,2,2,3.366699934005737
4220,74,1,3,1,1,183.0
4219,74,1,3,1,2,153.6999969482422
4228,74,2,1,1,1,5.0
4227,74,2,1,1,2,3.0
4231,74,2,1,2,1,1.5
4232,74,2,1,2,1,3.0
4229,74,2,1,2,2,0.5
4230,74,2,1,2,2,2.25
4236,74,2,2,1,1,15.83329963684082
4235,74,2,2,1,2,5.800000190734863
4239,74,2,2,2,1,6.0
4240,74,2,2,2,1,5.75
4237,74,2,2,2,2,2.666699886322021
4238,74,2,2,2,2,4.616700172424316
4234,74,2,3,1,1,17.0
4233,74,2,3,1,2,2.5
4242,74,3,1,1,1,7.0
4241,74,3,1,1,2,0.449999988079071
4245,74,3,1,2,1,0.0
4246,74,3,1,2,1,1.0
4243,74,3,1,2,2,0.0
4244,74,3,1,2,2,2.5
4250,74,3,2,1,1,8.5
4249,74,3,2,1,2,5.187300205230713
4253,74,3,2,2,1,2.0
4254,74,3,2,2,1,4.333300113677979
4251,74,3,2,2,2,2.809499979019165
4252,74,3,2,2,2,2.666699886322021
4248,74,3,3,1,1,19.0
4247,74,3,3,1,2,6.783299922943115
4256,74,4,1,1,1,10.0
4255,74,4,1,1,2,1.0
4258,74,4,1,2,1,1.0
4257,74,4,1,2,2,1.5
4262,74,4,2,1,1,10.0
4261,74,4,2,1,2,6.394400119781494
4264,74,4,2,2,1,9.0
4263,74,4,2,2,2,4.359499931335449
4260,74,4,3,1,1,12.0
4259,74,4,3,1,2,1.666700005531311
4266,75,1,1,1,1,4.0
4265,75,1,1,1,2,5.583300113677979
4269,75,1,1,2,1,0.0
4270,75,1,1,2,1,3.166699886322021
4267,75,1,1,2,2,0.0
4268,75,1,1,2,2,3.716700077056885
4274,75,1,2,1,1,12.0
4273,75,1,2,1,2,29.76029968261719
4277,75,1,2,2,1,5.0
4278,75,1,2,2,1,5.166699886322021
4275,75,1,2,2,2,13.59360027313232
4276,75,1,2,2,2,7.033299922943115
4272,75,1,3,1,1,34.33330154418945
4271,75,1,3,1,2,60.88570022583008
4280,75,2,1,1,1,1.0
4279,75,2,1,1,2,3.0
4283,75,2,1,2,1,0.0
4284,75,2,1,2,1,0.0
4281,75,2,1,2,2,0.5
4282,75,2,1,2,2,0.833299994468689
4288,75,2,2,1,1,6.5
4287,75,2,2,1,2,16.33099937438965
4291,75,2,2,2,1,2.0
4292,75,2,2,2,1,10.0
4289,75,2,2,2,2,7.330999851226807
4290,75,2,2,2,2,11.36030006408691
4286,75,2,3,1,1,21.0
4285,75,2,3,1,2,34.0
4294,75,3,1,1,1,2.0
4293,75,3,1,1,2,5.154799938201904
4297,75,3,1,2,1,0.0
4298,75,3,1,2,1,2.0
4295,75,3,1,2,2,0.0
4296,75,3,1,2,2,2.583300113677979
4302,75,3,2,1,1,6.0
4301,75,3,2,1,2,14.66499996185303
4305,75,3,2,2,1,0.0
4306,75,3,2,2,1,6.666699886322021
4303,75,3,2,2,2,0.8603000044822693
4304,75,3,2,2,2,10.72690010070801
4300,75,3,3,1,1,35.0
4299,75,3,3,1,2,45.47140121459961
4308,75,4,1,1,1,1.5
4307,75,4,1,1,2,3.625
4310,75,4,1,2,1,1.0
4309,75,4,1,2,2,1.285699963569641
4314,75,4,2,1,1,5.142899990081787
4313,75,4,2,1,2,8.83329963684082
4316,75,4,2,2,1,2.5
4315,75,4,2,2,2,8.831000328063965
4312,75,4,3,1,1,30.83329963684082
4311,75,4,3,1,2,37.71939849853516
4318,76,1,1,1,1,0.0
4317,76,1,1,1,2,9.142900466918945
4321,76,1,1,2,1,0.0
4322,76,1,1,2,1,6.5
4319,76,1,1,2,2,2.25
4320,76,1,1,2,2,10.81789970397949
4326,76,1,2,1,1,23.63330078125
4325,76,1,2,1,2,110.7603988647461
4329,76,1,2,2,1,15.43330001831055
4330,76,1,2,2,1,22.88730049133301
4327,76,1,2,2,2,92.5634994506836
4328,76,1,2,2,2,80.35600280761719
4324,76,1,3,1,1,18.0
4323,76,1,3,1,2,27.03730010986328
4332,76,2,1,1,1,1.0
4331,76,2,1,1,2,7.134500026702881
4335,76,2,1,2,1,0.0
4336,76,2,1,2,1,3.0
4333,76,2,1,2,2,1.200000047683716
4334,76,2,1,2,2,7.956999778747559
4340,76,2,2,1,1,25.70000076293945
4339,76,2,2,1,2,95.48169708251953
4343,76,2,2,2,1,19.70000076293945
4344,76,2,2,2,1,15.60000038146973
4341,76,2,2,2,2,83.36270141601562
4342,76,2,2,2,2,84.67620086669922
4338,76,2,3,1,1,18.75
4337,76,2,3,1,2,27.64879989624023
4346,76,3,1,1,1,4.25
4345,76,3,1,1,2,7.571400165557861
4349,76,3,1,2,1,0.0
4350,76,3,1,2,1,4.0
4347,76,3,1,2,2,0.0
4348,76,3,1,2,2,9.742899894714355
4354,76,3,2,1,1,21.36669921875
4353,76,3,2,1,2,84.36940002441406
4357,76,3,2,2,1,8.0
4358,76,3,2,2,1,15.85000038146973
4355,76,3,2,2,2,56.64609909057617
4356,76,3,2,2,2,78.90740203857422
4352,76,3,3,1,1,26.70000076293945
4351,76,3,3,1,2,34.84640121459961
4360,76,4,1,1,1,1.0
4359,76,4,1,1,2,10.91829967498779
4362,76,4,1,2,1,6.5
4361,76,4,1,2,2,4.148399829864502
4366,76,4,2,1,1,23.50830078125
4365,76,4,2,1,2,99.67970275878906
4368,76,4,2,2,1,22.41670036315918
4367,76,4,2,2,2,84.93299865722656
4364,76,4,3,1,1,28.89999961853027
4363,76,4,3,1,2,38.94290161132813
1458,77,1,1,1,1,435.0
1457,77,1,1,1,2,659.9002075195312
1461,77,1,1,2,1,192.8332977294922
1462,77,1,1,2,1,229.3787994384766
1459,77,1,1,2,2,323.0400085449219
1460,77,1,1,2,2,305.5946960449219
1466,77,1,2,1,1,205.8634948730469
1465,77,1,2,1,2,513.6196899414062
1469,77,1,2,2,1,117.7730026245117
1470,77,1,2,2,1,126.63330078125
1467,77,1,2,2,2,374.715087890625
1468,77,1,2,2,2,259.1333923339844
1464,77,1,3,1,1,288.952392578125
1463,77,1,3,1,2,386.4288940429688
1472,77,2,1,1,1,438.6666870117188
1471,77,2,1,1,2,644.7089233398438
1475,77,2,1,2,1,145.0
1476,77,2,1,2,1,234.6999969482422
1473,77,2,1,2,2,208.7135925292969
1474,77,2,1,2,2,365.1182861328125
1480,77,2,2,1,1,241.6833038330078
1479,77,2,2,1,2,566.40478515625
1483,77,2,2,2,1,109.0
1484,77,2,2,2,1,141.4095001220703
1481,77,2,2,2,2,339.4619140625
1482,77,2,2,2,2,353.7044982910156
1478,77,2,3,1,1,341.0190124511719
1477,77,2,3,1,2,428.1567993164063
1486,77,3,1,1,1,424.1011962890625
1485,77,3,1,1,2,609.7553100585938
1489,77,3,1,2,1,91.14289855957031
1490,77,3,1,2,1,280.3333129882813
1487,77,3,1,2,2,109.3516006469727
1488,77,3,1,2,2,426.4147033691406
1494,77,3,2,1,1,233.2516021728516
1493,77,3,2,1,2,509.6283874511719
1497,77,3,2,2,1,61.30950164794922
1498,77,3,2,2,1,124.9356994628906
1495,77,3,2,2,2,212.6820983886719
1496,77,3,2,2,2,409.48779296875
1492,77,3,3,1,1,315.6011962890625
1491,77,3,3,1,2,426.5927124023438
1500,77,4,1,1,1,406.1499938964844
1499,77,4,1,1,2,614.3336791992188
1502,77,4,1,2,1,239.9167022705078
1501,77,4,1,2,2,373.4760131835938
1506,77,4,2,1,1,157.3332977294922
1505,77,4,2,1,2,454.7300109863281
1508,77,4,2,2,1,132.7142944335938
1507,77,4,2,2,2,406.1274108886719
1504,77,4,3,1,1,353.0833129882813
1503,77,4,3,1,2,480.5060119628906
1510,78,1,1,1,1,223.9499969482422
1509,78,1,1,1,2,244.5285949707031
1513,78,1,1,2,1,84.33329772949219
1514,78,1,1,2,1,93.16670227050781
1511,78,1,1,2,2,94.52539825439453
1512,78,1,1,2,2,101.4356994628906
1518,78,1,2,1,1,142.8928985595703
1517,78,1,2,1,2,201.4476013183594
1521,78,1,2,2,1,65.14289855957031
1522,78,1,2,2,1,68.55619812011719
1519,78,1,2,2,2,121.4757995605469
1520,78,1,2,2,2,105.7667007446289
1516,78,1,3,1,1,245.61669921875
1515,78,1,3,1,2,267.7947998046875
1524,78,2,1,1,1,250.3332977294922
1523,78,2,1,1,2,277.343994140625
1527,78,2,1,2,1,51.36669921875
1528,78,2,1,2,1,109.8332977294922
1525,78,2,1,2,2,60.34289932250977
1526,78,2,1,2,2,125.6611022949219
1532,78,2,2,1,1,157.0625
1531,78,2,2,1,2,261.8501892089844
1535,78,2,2,2,1,50.66669845581055
1536,78,2,2,2,1,87.4613037109375
1533,78,2,2,2,2,114.7574996948242
1534,78,2,2,2,2,146.8719940185547
1530,78,2,3,1,1,199.5
1529,78,2,3,1,2,219.9496002197266
1538,78,3,1,1,1,235.1833038330078
1537,78,3,1,1,2,267.210693359375
1541,78,3,1,2,1,23.45000076293945
1542,78,3,1,2,1,119.5
1539,78,3,1,2,2,27.73970031738281
1540,78,3,1,2,2,138.5467987060547
1546,78,3,2,1,1,133.0666961669922
1545,78,3,2,1,2,175.0384979248047
1549,78,3,2,2,1,21.66670036315918
1550,78,3,2,2,1,76.14289855957031
1547,78,3,2,2,2,40.52579879760742
1548,78,3,2,2,2,142.4996032714844
1544,78,3,3,1,1,249.3000030517578
1543,78,3,3,1,2,275.2774963378906
1552,78,4,1,1,1,193.1226043701172
1551,78,4,1,1,2,207.2539978027344
1554,78,4,1,2,1,117.2332992553711
1553,78,4,1,2,2,129.0986022949219
1558,78,4,2,1,1,84.4832992553711
1557,78,4,2,1,2,127.6847991943359
1560,78,4,2,2,1,85.5
1559,78,4,2,2,2,141.7171020507813
1556,78,4,3,1,1,254.4309997558594
1555,78,4,3,1,2,265.2225952148438
4370,79,1,1,1,1,344.0
4369,79,1,1,1,2,5.102399826049805
4373,79,1,1,2,1,104.0
4374,79,1,1,2,1,174.0
4371,79,1,1,2,2,2.666699886322021
4372,79,1,1,2,2,3.60260009765625
4378,79,1,2,1,1,1.0
4377,79,1,2,1,2,0.75
4381,79,1,2,2,1,0.0
4382,79,1,2,2,1,0.0
4379,79,1,2,2,2,0.0
4380,79,1,2,2,2,0.0
4376,79,1,3,1,1,315.0
4375,79,1,3,1,2,5.769000053405762
4384,79,2,1,1,1,149.0
4383,79,2,1,1,2,3.5
4387,79,2,1,2,1,40.0
4388,79,2,1,2,1,161.0
4385,79,2,1,2,2,1.0
4386,79,2,1,2,2,5.533299922943115
4392,79,2,2,1,1,2.0
4391,79,2,2,1,2,0.78329998254776
4395,79,2,2,2,1,0.0
4396,79,2,2,2,1,0.0
4393,79,2,2,2,2,0.0
4394,79,2,2,2,2,0.0
4390,79,2,3,1,1,116.0
4389,79,2,3,1,2,4.25
4398,79,3,1,1,1,160.5
4397,79,3,1,1,2,8.607600212097168
4401,79,3,1,2,1,10.0
4402,79,3,1,2,1,252.5
4399,79,3,1,2,2,0.5
4400,79,3,1,2,2,1.649999976158142
4406,79,3,2,1,1,5.0
4405,79,3,2,1,2,3.25
4409,79,3,2,2,1,0.0
4410,79,3,2,2,1,0.0
4407,79,3,2,2,2,0.25
4408,79,3,2,2,2,0.0
4404,79,3,3,1,1,9.5
4403,79,3,3,1,2,11.59090042114258
4412,79,4,1,1,1,10.0
4411,79,4,1,1,2,7.099999904632568
4414,79,4,1,2,1,196.0
4413,79,4,1,2,2,3.444400072097778
4418,79,4,2,1,1,5.0
4417,79,4,2,1,2,4.5
4420,79,4,2,2,1,0.0
4419,79,4,2,2,2,0.25
4416,79,4,3,1,1,19.66670036315918
4415,79,4,3,1,2,11.41310024261475
4422,80,1,1,1,1,35.83330154418945
4421,80,1,1,1,2,137.6454925537109
4425,80,1,1,2,1,13.5
4426,80,1,1,2,1,9.045499801635742
4423,80,1,1,2,2,57.66669845581055
4424,80,1,1,2,2,43.96070098876953
4430,80,1,2,1,1,12.44999980926514
4429,80,1,2,1,2,113.3031997680664
4433,80,1,2,2,1,6.033299922943115
4434,80,1,2,2,1,14.63449954986572
4431,80,1,2,2,2,97.95279693603516
4432,80,1,2,2,2,98.16230010986328
4428,80,1,3,1,1,29.33329963684082
4427,80,1,3,1,2,80.82640075683594
4436,80,2,1,1,1,41.83330154418945
4435,80,2,1,1,2,108.8511962890625
4439,80,2,1,2,1,12.0
4440,80,2,1,2,1,14.33329963684082
4437,80,2,1,2,2,35.90000152587891
4438,80,2,1,2,2,67.38770294189453
4444,80,2,2,1,1,23.5
4443,80,2,2,1,2,124.507698059082
4447,80,2,2,2,1,9.83329963684082
4448,80,2,2,2,1,7.771399974822998
4445,80,2,2,2,2,99.83380126953125
4446,80,2,2,2,2,106.9936981201172
4442,80,2,3,1,1,34.33330154418945
4441,80,2,3,1,2,76.67230224609375
4450,80,3,1,1,1,50.0
4449,80,3,1,1,2,86.84220123291016
4453,80,3,1,2,1,10.5
4454,80,3,1,2,1,23.25
4451,80,3,1,2,2,13.36670017242432
4452,80,3,1,2,2,81.98169708251953
4458,80,3,2,1,1,18.29170036315918
4457,80,3,2,1,2,124.8733978271484
4461,80,3,2,2,1,6.166699886322021
4462,80,3,2,2,1,6.519000053405762
4459,80,3,2,2,2,85.25370025634766
4460,80,3,2,2,2,114.7929000854492
4456,80,3,3,1,1,34.16669845581055
4455,80,3,3,1,2,60.4838981628418
4464,80,4,1,1,1,20.0
4463,80,4,1,1,2,47.35480117797852
4466,80,4,1,2,1,11.5
4465,80,4,1,2,2,71.08329772949219
4470,80,4,2,1,1,15.78330039978027
4469,80,4,2,1,2,146.8948974609375
4472,80,4,2,2,1,18.31900024414063
4471,80,4,2,2,2,110.3224029541016
4468,80,4,3,1,1,27.5
4467,80,4,3,1,2,71.62460327148438
4474,81,1,1,1,1,225.2476043701172
4473,81,1,1,1,2,354.1328125
4477,81,1,1,2,1,65.33329772949219
4478,81,1,1,2,1,159.8000030517578
4475,81,1,1,2,2,107.9448013305664
4476,81,1,1,2,2,258.4653930664063
4482,81,1,2,1,1,361.5905151367188
4481,81,1,2,1,2,749.9946899414062
4485,81,1,2,2,1,211.11669921875
4486,81,1,2,2,1,234.1607055664063
4483,81,1,2,2,2,556.9177856445312
4484,81,1,2,2,2,562.4227294921875
4480,81,1,3,1,1,915.9810180664062
4479,81,1,3,1,2,1077.16064453125
4488,81,2,1,1,1,235.1667022705078
4487,81,2,1,1,2,329.6957092285156
4491,81,2,1,2,1,39.83330154418945
4492,81,2,1,2,1,130.375
4489,81,2,1,2,2,57.07059860229492
4490,81,2,1,2,2,223.3957977294922
4496,81,2,2,1,1,371.9446105957031
4495,81,2,2,1,2,824.7611083984375
4499,81,2,2,2,1,166.1000061035156
4500,81,2,2,2,1,222.3943939208984
4497,81,2,2,2,2,565.4276123046875
4498,81,2,2,2,2,624.0499267578125
4494,81,2,3,1,1,1054.800048828125
4493,81,2,3,1,2,1184.685791015625
4502,81,3,1,1,1,245.5832977294922
4501,81,3,1,1,2,334.6159973144531
4505,81,3,1,2,1,23.0
4506,81,3,1,2,1,137.86669921875
4503,81,3,1,2,2,24.9143009185791
4504,81,3,1,2,2,227.8894958496094
4510,81,3,2,1,1,321.2070922851563
4509,81,3,2,1,2,785.3184204101562
4513,81,3,2,2,1,105.6832962036133
4514,81,3,2,2,1,247.8047943115234
4511,81,3,2,2,2,427.0750122070313
4512,81,3,2,2,2,683.5220947265625
4508,81,3,3,1,1,953.2476196289062
4507,81,3,3,1,2,1121.41845703125
4516,81,4,1,1,1,95.83329772949219
4515,81,4,1,1,2,157.7566070556641
4518,81,4,1,2,1,107.0
4517,81,4,1,2,2,187.2205963134766
4522,81,4,2,1,1,199.3404998779297
4521,81,4,2,1,2,582.5003051757812
4524,81,4,2,2,1,218.3634948730469
4523,81,4,2,2,2,654.9315185546875
4520,81,4,3,1,1,900.8428955078125
4519,81,4,3,1,2,1096.217895507813
4526,82,1,1,1,1,508.6666870117188
4525,82,1,1,1,2,502.7102966308594
4529,82,1,1,2,1,133.3332977294922
4530,82,1,1,2,1,143.2651977539063
4527,82,1,1,2,2,132.4134979248047
4528,82,1,1,2,2,122.8235015869141
4534,82,1,2,1,1,1121.833251953125
4533,82,1,2,1,2,1029.230590820313
4537,82,1,2,2,1,1117.611083984375
4538,82,1,2,2,1,734.524169921875
4535,82,1,2,2,2,995.4179077148438
4536,82,1,2,2,2,667.3856811523438
4532,82,1,3,1,1,637.5
4531,82,1,3,1,2,658.55712890625
4540,82,2,1,1,1,341.8333129882813
4539,82,2,1,1,2,350.3651123046875
4543,82,2,1,2,1,71.0
4544,82,2,1,2,1,181.5832977294922
4541,82,2,1,2,2,74.4761962890625
4542,82,2,1,2,2,165.0771942138672
4548,82,2,2,1,1,1509.958251953125
4547,82,2,2,1,2,1384.939331054688
4551,82,2,2,2,1,1401.208251953125
4552,82,2,2,2,1,1008.695190429688
4549,82,2,2,2,2,1257.236938476563
4550,82,2,2,2,2,910.4351196289062
4546,82,2,3,1,1,529.9166870117188
4545,82,2,3,1,2,544.9552001953125
4554,82,3,1,1,1,253.5
4553,82,3,1,1,2,242.2555999755859
4557,82,3,1,2,1,16.5
4558,82,3,1,2,1,178.0
4555,82,3,1,2,2,15.375
4556,82,3,1,2,2,177.3480072021484
4562,82,3,2,1,1,1427.983276367188
4561,82,3,2,1,2,1301.695556640625
4565,82,3,2,2,1,1251.316650390625
4566,82,3,2,2,1,1047.539672851563
4563,82,3,2,2,2,1116.631469726563
4564,82,3,2,2,2,963.9818725585938
4560,82,3,3,1,1,940.5833129882812
4559,82,3,3,1,2,903.8472290039062
4568,82,4,1,1,1,140.1667022705078
4567,82,4,1,1,2,139.49169921875
4570,82,4,1,2,1,183.1667022705078
4569,82,4,1,2,2,186.7476959228516
4574,82,4,2,1,1,1428.373779296875
4573,82,4,2,1,2,1285.488891601563
4576,82,4,2,2,1,1330.108642578125
4575,82,4,2,2,2,1230.84619140625
4572,82,4,3,1,1,791.0936889648438
4571,82,4,3,1,2,727.5961303710938
4578,83,1,1,1,1,3.0
4577,83,1,1,1,2,1.0
4581,83,1,1,2,1,1.0
4582,83,1,1,2,1,7.0
4579,83,1,1,2,2,0.0
4580,83,1,1,2,2,1.333299994468689
4586,83,1,2,1,1,21.5
4585,83,1,2,1,2,2.0
4589,83,1,2,2,1,18.5
4590,83,1,2,2,1,12.5
4587,83,1,2,2,2,0.0
4588,83,1,2,2,2,2.0
4584,83,1,3,1,1,2.5
4583,83,1,3,1,2,2.0
4592,83,2,1,1,1,1.0
4591,83,2,1,1,2,0.0
4595,83,2,1,2,1,0.0
4596,83,2,1,2,1,7.0
4593,83,2,1,2,2,0.0
4594,83,2,1,2,2,1.0
4600,83,2,2,1,1,10.5
4599,83,2,2,1,2,1.866700053215027
4603,83,2,2,2,1,9.5
4604,83,2,2,2,1,16.0
4601,83,2,2,2,2,0.8666999936103821
4602,83,2,2,2,2,0.0
4598,83,2,3,1,1,1.0
4597,83,2,3,1,2,0.0
4606,83,3,1,1,1,5.0
4605,83,3,1,1,2,2.0
4609,83,3,1,2,1,1.0
4610,83,3,1,2,1,5.0
4607,83,3,1,2,2,0.0
4608,83,3,1,2,2,4.333300113677979
4614,83,3,2,1,1,11.0
4613,83,3,2,1,2,3.033299922943115
4617,83,3,2,2,1,5.0
4618,83,3,2,2,1,23.5
4615,83,3,2,2,2,0.2000000029802322
4616,83,3,2,2,2,3.642899990081787
4612,83,3,3,1,1,4.0
4611,83,3,3,1,2,2.0
4620,83,4,1,1,1,2.0
4619,83,4,1,1,2,1.0
4622,83,4,1,2,1,4.0
4621,83,4,1,2,2,1.0
4626,83,4,2,1,1,6.5
4625,83,4,2,1,2,2.799999952316284
4628,83,4,2,2,1,12.5
4627,83,4,2,2,2,0.2000000029802322
4624,83,4,3,1,1,3.0
4623,83,4,3,1,2,2.0
4630,84,1,1,1,1,525.5078735351562
4629,84,1,1,1,2,372.4981994628906
4633,84,1,1,2,1,152.952392578125
4634,84,1,1,2,1,402.8333129882813
4631,84,1,1,2,2,88.71420288085938
4632,84,1,1,2,2,226.8708953857422
4638,84,1,2,1,1,1812.101196289063
4637,84,1,2,1,2,1201.989501953125
4641,84,1,2,2,1,1458.091674804688
4642,84,1,2,2,1,1531.734130859375
4639,84,1,2,2,2,904.3460083007812
4640,84,1,2,2,2,973.0684814453125
4636,84,1,3,1,1,922.2857055664062
4635,84,1,3,1,2,850.0609130859375
4644,84,2,1,1,1,569.9500122070312
4643,84,2,1,1,2,375.39111328125
4647,84,2,1,2,1,84.0
4648,84,2,1,2,1,442.0
4645,84,2,1,2,2,37.72100067138672
4646,84,2,1,2,2,247.6943969726563
4652,84,2,2,1,1,2381.122314453125
4651,84,2,2,1,2,1365.519653320313
4655,84,2,2,2,1,1748.416748046875
4656,84,2,2,2,1,1813.375
4653,84,2,2,2,2,829.5054931640625
4654,84,2,2,2,2,1113.468994140625
4650,84,2,3,1,1,1389.20947265625
4649,84,2,3,1,2,973.8795166015625
4658,84,3,1,1,1,741.9166870117188
4657,84,3,1,1,2,462.9693908691406
4661,84,3,1,2,1,63.5
4662,84,3,1,2,1,443.9166870117188
4659,84,3,1,2,2,25.10829925537109
4660,84,3,1,2,2,260.0267028808594
4666,84,3,2,1,1,2283.22509765625
4665,84,3,2,1,2,1463.96337890625
4669,84,3,2,2,1,1272.333251953125
4670,84,3,2,2,1,1782.013061523438
4667,84,3,2,2,2,753.9337158203125
4668,84,3,2,2,2,1035.10546875
4664,84,3,3,1,1,1543.083251953125
4663,84,3,3,1,2,1024.345458984375
4672,84,4,1,1,1,692.75
4671,84,4,1,1,2,356.7885131835938
4674,84,4,1,2,1,323.5833129882813
4673,84,4,1,2,2,212.4651947021484
4678,84,4,2,1,1,1739.77978515625
4677,84,4,2,1,2,1284.102294921875
4680,84,4,2,2,1,1731.125
4679,84,4,2,2,2,993.6942138671875
4676,84,4,3,1,1,1727.783325195313
4675,84,4,3,1,2,1238.562866210938
1562,85,1,1,1,1,51.03329849243164
1561,85,1,1,1,2,80.97689819335938
1565,85,1,1,2,1,24.5
1566,85,1,1,2,1,26.66670036315918
1563,85,1,1,2,2,38.27780151367188
1564,85,1,1,2,2,45.91370010375977
1570,85,1,2,1,1,31.36669921875
1569,85,1,2,1,2,70.67040252685547
1573,85,1,2,2,1,19.20000076293945
1574,85,1,2,2,1,16.45000076293945
1571,85,1,2,2,2,48.27909851074219
1572,85,1,2,2,2,33.82120132446289
1568,85,1,3,1,1,44.86669921875
1567,85,1,3,1,2,67.42050170898438
1576,85,2,1,1,1,41.75
1575,85,2,1,1,2,67.856201171875
1579,85,2,1,2,1,12.25
1580,85,2,1,2,1,33.0
1577,85,2,1,2,2,16.16900062561035
1578,85,2,1,2,2,47.89849853515625
1584,85,2,2,1,1,13.83329963684082
1583,85,2,2,1,2,59.47900009155273
1587,85,2,2,2,1,5.5
1588,85,2,2,2,1,11.44050025939941
1585,85,2,2,2,2,34.79930114746094
1586,85,2,2,2,2,47.60710144042969
1582,85,2,3,1,1,39.75
1581,85,2,3,1,2,66.47920227050781
1590,85,3,1,1,1,40.03329849243164
1589,85,3,1,1,2,68.64399719238281
1593,85,3,1,2,1,6.5
1594,85,3,1,2,1,15.69999980926514
1591,85,3,1,2,2,14.19999980926514
1592,85,3,1,2,2,42.8130989074707
1598,85,3,2,1,1,18.33329963684082
1597,85,3,2,1,2,56.79090118408203
1601,85,3,2,2,1,5.0
1602,85,3,2,2,1,25.75
1599,85,3,2,2,2,29.98690032958984
1600,85,3,2,2,2,57.84659957885742
1596,85,3,3,1,1,38.53329849243164
1595,85,3,3,1,2,61.76190185546875
1604,85,4,1,1,1,34.03570175170898
1603,85,4,1,1,2,62.28960037231445
1606,85,4,1,2,1,33.58330154418945
1605,85,4,1,2,2,45.56150054931641
1610,85,4,2,1,1,19.16670036315918
1609,85,4,2,1,2,60.34510040283203
1612,85,4,2,2,1,13.0
1611,85,4,2,2,2,49.90000152587891
1608,85,4,3,1,1,38.86899948120117
1607,85,4,3,1,2,63.23130035400391
1614,86,1,1,1,1,127.0
1613,86,1,1,1,2,163.8190002441406
1617,86,1,1,2,1,63.0
1618,86,1,1,2,1,76.0
1615,86,1,1,2,2,87.90239715576172
1616,86,1,1,2,2,108.5951995849609
1622,86,1,2,1,1,72.13330078125
1621,86,1,2,1,2,103.1269989013672
1625,86,1,2,2,1,42.13330078125
1626,86,1,2,2,1,34.71670150756836
1623,86,1,2,2,2,67.73410034179688
1624,86,1,2,2,2,53.39879989624023
1620,86,1,3,1,1,122.5
1619,86,1,3,1,2,136.1929016113281
1628,86,2,1,1,1,97.33329772949219
1627,86,2,1,1,2,129.5744934082031
1631,86,2,1,2,1,27.33329963684082
1632,86,2,1,2,1,73.08329772949219
1629,86,2,1,2,2,41.16669845581055
1630,86,2,1,2,2,119.2024002075195
1636,86,2,2,1,1,45.0
1635,86,2,2,1,2,86.98760223388672
1639,86,2,2,2,1,19.0
1640,86,2,2,2,1,36.46670150756836
1637,86,2,2,2,2,49.77780151367188
1638,86,2,2,2,2,67.36900329589844
1634,86,2,3,1,1,83.5
1633,86,2,3,1,2,88.9136962890625
1642,86,3,1,1,1,132.8332977294922
1641,86,3,1,1,2,190.6672058105469
1645,86,3,1,2,1,32.0
1646,86,3,1,2,1,94.66670227050781
1643,86,3,1,2,2,46.68889999389648
1644,86,3,1,2,2,119.9810028076172
1650,86,3,2,1,1,53.5
1649,86,3,2,1,2,80.0238037109375
1653,86,3,2,2,1,24.0
1654,86,3,2,2,1,41.16669845581055
1651,86,3,2,2,2,40.73020172119141
1652,86,3,2,2,2,78.87059783935547
1648,86,3,3,1,1,77.66670227050781
1647,86,3,3,1,2,102.6762008666992
1656,86,4,1,1,1,80.33329772949219
1655,86,4,1,1,2,139.5238037109375
1658,86,4,1,2,1,79.0
1657,86,4,1,2,2,115.6500015258789
1662,86,4,2,1,1,28.5
1661,86,4,2,1,2,47.81669998168945
1664,86,4,2,2,1,31.5
1663,86,4,2,2,2,68.65670013427734
1660,86,4,3,1,1,92.5
1659,86,4,3,1,2,102.9392013549805
4682,87,1,1,1,1,87.25
4681,87,1,1,1,2,100.1344985961914
4685,87,1,1,2,1,29.5
4686,87,1,1,2,1,73.83329772949219
4683,87,1,1,2,2,33.14289855957031
4684,87,1,1,2,2,96.38670349121094
4690,87,1,2,1,1,137.5832977294922
4689,87,1,2,1,2,186.5052032470703
4693,87,1,2,2,1,67.86669921875
4694,87,1,2,2,1,102.8332977294922
4691,87,1,2,2,2,109.8043975830078
4692,87,1,2,2,2,152.2183074951172
4688,87,1,3,1,1,259.75
4687,87,1,3,1,2,278.8095092773438
4696,87,2,1,1,1,91.5
4695,87,2,1,1,2,115.8332977294922
4699,87,2,1,2,1,23.0
4700,87,2,1,2,1,71.0
4697,87,2,1,2,2,28.13330078125
4698,87,2,1,2,2,83.59049987792969
4704,87,2,2,1,1,137.7095031738281
4703,87,2,2,1,2,210.3397979736328
4707,87,2,2,2,1,41.06669998168945
4708,87,2,2,2,1,116.9000015258789
4705,87,2,2,2,2,98.6719970703125
4706,87,2,2,2,2,192.4864959716797
4702,87,2,3,1,1,264.9833068847656
4701,87,2,3,1,2,306.1440124511719
4710,87,3,1,1,1,79.0
4709,87,3,1,1,2,102.6987991333008
4713,87,3,1,2,1,9.0
4714,87,3,1,2,1,81.83329772949219
4711,87,3,1,2,2,10.91670036315918
4712,87,3,1,2,2,95.17549896240234
4718,87,3,2,1,1,119.75
4717,87,3,2,1,2,197.3916931152344
4721,87,3,2,2,1,21.5
4722,87,3,2,2,1,97.83809661865234
4719,87,3,2,2,2,63.05030059814453
4720,87,3,2,2,2,158.9949035644531
4716,87,3,3,1,1,222.5
4715,87,3,3,1,2,248.5321044921875
4724,87,4,1,1,1,65.0
4723,87,4,1,1,2,81.58889770507812
4726,87,4,1,2,1,51.0
4725,87,4,1,2,2,58.82619857788086
4730,87,4,2,1,1,81.5
4729,87,4,2,1,2,125.0822982788086
4732,87,4,2,2,1,69.5
4731,87,4,2,2,2,128.8072967529297
4728,87,4,3,1,1,221.3332977294922
4727,87,4,3,1,2,249.4833068847656
1666,88,1,1,1,1,1432.930786132813
1665,88,1,1,1,2,1802.203979492188
1669,88,1,1,2,1,593.7974243164062
1670,88,1,1,2,1,964.557373046875
1667,88,1,1,2,2,746.1102905273438
1668,88,1,1,2,2,1235.111450195313
1674,88,1,2,1,1,903.7380981445312
1673,88,1,2,1,2,1483.5751953125
1677,88,1,2,2,1,508.1008911132813
1678,88,1,2,2,1,571.4293823242188
1675,88,1,2,2,2,900.797119140625
1676,88,1,2,2,2,895.044921875
1672,88,1,3,1,1,1340.6640625
1671,88,1,3,1,2,1792.93505859375
1680,88,2,1,1,1,1513.588989257813
1679,88,2,1,1,2,1917.954345703125
1683,88,2,1,2,1,438.13330078125
1684,88,2,1,2,1,935.7083129882812
1681,88,2,1,2,2,514.255615234375
1682,88,2,1,2,2,1229.015625
1688,88,2,2,1,1,922.544189453125
1687,88,2,2,1,2,1583.8349609375
1691,88,2,2,2,1,343.5979919433594
1692,88,2,2,2,1,610.52978515625
1689,88,2,2,2,2,619.4133911132812
1690,88,2,2,2,2,972.2647094726562
1686,88,2,3,1,1,1427.872436523438
1685,88,2,3,1,2,1916.678588867188
1694,88,3,1,1,1,1420.251953125
1693,88,3,1,1,2,1765.51904296875
1697,88,3,1,2,1,184.6000061035156
1698,88,3,1,2,1,915.11669921875
1695,88,3,1,2,2,214.5146942138672
1696,88,3,1,2,2,1247.199829101563
1702,88,3,2,1,1,894.3726196289062
1701,88,3,2,1,2,1393.634643554688
1705,88,3,2,2,1,240.9499969482422
1706,88,3,2,2,1,637.9802856445312
1703,88,3,2,2,2,433.7861022949219
1704,88,3,2,2,2,1053.843139648438
1700,88,3,3,1,1,1376.079833984375
1699,88,3,3,1,2,1795.368041992188
1708,88,4,1,1,1,1348.974487304688
1707,88,4,1,1,2,1592.208740234375
1710,88,4,1,2,1,804.8499755859375
1709,88,4,1,2,2,1066.710815429688
1714,88,4,2,1,1,591.1724853515625
1713,88,4,2,1,2,959.2446899414062
1716,88,4,2,2,1,566.2694702148438
1715,88,4,2,2,2,964.2424926757812
1712,88,4,3,1,1,1481.424560546875
1711,88,4,3,1,2,1842.068359375
4734,89,1,1,1,1,5.0
4733,89,1,1,1,2,8.625
4737,89,1,1,2,1,3.0
4738,89,1,1,2,1,1.0
4735,89,1,1,2,2,3.0
4736,89,1,1,2,2,3.950000047683716
4742,89,1,2,1,1,7.0
4741,89,1,2,1,2,14.82619953155518
4745,89,1,2,2,1,3.0
4746,89,1,2,2,1,5.0
4743,89,1,2,2,2,5.877799987792969
4744,89,1,2,2,2,7.892899990081787
4740,89,1,3,1,1,16.0
4739,89,1,3,1,2,23.47620010375977
4748,89,2,1,1,1,2.0
4747,89,2,1,1,2,6.842899799346924
4751,89,2,1,2,1,1.0
4752,89,2,1,2,1,3.0
4749,89,2,1,2,2,1.5
4750,89,2,1,2,2,4.142899990081787
4756,89,2,2,1,1,6.0
4755,89,2,2,1,2,10.4286003112793
4759,89,2,2,2,1,3.0
4760,89,2,2,2,1,7.0
4757,89,2,2,2,2,6.085700035095215
4758,89,2,2,2,2,12.31900024414063
4754,89,2,3,1,1,11.0
4753,89,2,3,1,2,16.34289932250977
4762,89,3,1,1,1,5.0
4761,89,3,1,1,2,14.98330020904541
4765,89,3,1,2,1,2.0
4766,89,3,1,2,1,1.0
4763,89,3,1,2,2,3.0
4764,89,3,1,2,2,2.216700077056885
4770,89,3,2,1,1,7.0
4769,89,3,2,1,2,22.55990028381348
4773,89,3,2,2,1,2.0
4774,89,3,2,2,1,4.099999904632568
4771,89,3,2,2,2,6.701600074768066
4772,89,3,2,2,2,8.274999618530273
4768,89,3,3,1,1,19.33329963684082
4767,89,3,3,1,2,27.4778003692627
4776,89,4,1,1,1,6.0
4775,89,4,1,1,2,6.599999904632568
4778,89,4,1,2,1,5.0
4777,89,4,1,2,2,7.083300113677979
4782,89,4,2,1,1,11.0
4781,89,4,2,1,2,24.49850082397461
4784,89,4,2,2,1,11.0
4783,89,4,2,2,2,15.64439964294434
4780,89,4,3,1,1,38.0
4779,89,4,3,1,2,42.02500152587891
1718,90,1,1,1,1,3862.716796875
1717,90,1,1,1,2,3408.85009765625
1721,90,1,1,2,1,1586.833251953125
1722,90,1,1,2,1,3531.61669921875
1719,90,1,1,2,2,1387.340454101563
1720,90,1,1,2,2,2997.203857421875
1726,90,1,2,1,1,4276.5185546875
1725,90,1,2,1,2,3693.272705078125
1729,90,1,2,2,1,3067.485107421875
1730,90,1,2,2,1,3110.420166015625
1727,90,1,2,2,2,2661.405517578125
1728,90,1,2,2,2,2825.848388671875
1724,90,1,3,1,1,3936.550048828125
1723,90,1,3,1,2,3335.947021484375
1732,90,2,1,1,1,3988.916748046875
1731,90,2,1,1,2,3533.501953125
1735,90,2,1,2,1,985.3333129882812
1736,90,2,1,2,1,3849.449951171875
1733,90,2,1,2,2,910.242919921875
1734,90,2,1,2,2,3331.239013671875
1740,90,2,2,1,1,4584.29150390625
1739,90,2,2,1,2,3907.013671875
1743,90,2,2,2,1,2068.1708984375
1744,90,2,2,2,1,3603.77294921875
1741,90,2,2,2,2,1867.212646484375
1742,90,2,2,2,2,3136.1552734375
1738,90,2,3,1,1,3958.7333984375
1737,90,2,3,1,2,3414.4873046875
1746,90,3,1,1,1,3982.851318359375
1745,90,3,1,1,2,3411.051513671875
1749,90,3,1,2,1,425.6429138183594
1750,90,3,1,2,1,3573.2333984375
1747,90,3,1,2,2,385.6361999511719
1748,90,3,1,2,2,3117.96826171875
1754,90,3,2,1,1,4092.8095703125
1753,90,3,2,1,2,3525.427734375
1757,90,3,2,2,1,1212.183349609375
1758,90,3,2,2,1,3378.38525390625
1755,90,3,2,2,2,1161.001953125
1756,90,3,2,2,2,3040.52001953125
1752,90,3,3,1,1,4107.1513671875
1751,90,3,3,1,2,3385.60400390625
1760,90,4,1,1,1,2775.800048828125
1759,90,4,1,1,2,2395.50244140625
1762,90,4,1,2,1,2901.166748046875
1761,90,4,1,2,2,2504.340087890625
1766,90,4,2,1,1,2658.537353515625
1765,90,4,2,1,2,2420.5205078125
1768,90,4,2,2,1,3446.7841796875
1767,90,4,2,2,2,2982.84423828125
1764,90,4,3,1,1,4116.79150390625
1763,90,4,3,1,2,3260.222900390625
1770,91,1,1,1,1,5970.64990234375
1769,91,1,1,1,2,3767.94775390625
1773,91,1,1,2,1,2496.199951171875
1774,91,1,1,2,1,4534.662109375
1771,91,1,1,2,2,1567.3564453125
1772,91,1,1,2,2,2828.724609375
1778,91,1,2,1,1,5413.03564453125
1777,91,1,2,1,2,3673.837158203125
1781,91,1,2,2,1,3737.165283203125
1782,91,1,2,2,1,3688.488525390625
1779,91,1,2,2,2,2547.791748046875
1780,91,1,2,2,2,2683.71435546875
1776,91,1,3,1,1,4525.29052734375
1775,91,1,3,1,2,2734.248291015625
1784,91,2,1,1,1,6081.31689453125
1783,91,2,1,1,2,4001.34765625
1787,91,2,1,2,1,1717.75
1788,91,2,1,2,1,4820.466796875
1785,91,2,1,2,2,1147.075073242188
1786,91,2,1,2,2,2943.6669921875
1792,91,2,2,1,1,5880.111328125
1791,91,2,2,1,2,3963.8173828125
1795,91,2,2,2,1,3046.9833984375
1796,91,2,2,2,1,4355.1787109375
1793,91,2,2,2,2,1979.149658203125
1794,91,2,2,2,2,2989.314208984375
1790,91,2,3,1,1,4555.06689453125
1789,91,2,3,1,2,2893.080810546875
1798,91,3,1,1,1,6192.64990234375
1797,91,3,1,1,2,3803.757080078125
1801,91,3,1,2,1,763.1666870117188
1802,91,3,1,2,1,4944.7666015625
1799,91,3,1,2,2,483.96728515625
1800,91,3,1,2,2,3038.177001953125
1806,91,3,2,1,1,6033.89208984375
1805,91,3,2,1,2,3849.173583984375
1809,91,3,2,2,1,2194.64990234375
1810,91,3,2,2,1,4236.1826171875
1807,91,3,2,2,2,1266.745849609375
1808,91,3,2,2,2,2890.287841796875
1804,91,3,3,1,1,5065.0244140625
1803,91,3,3,1,2,2811.862060546875
1812,91,4,1,1,1,5436.04736328125
1811,91,4,1,1,2,3394.876953125
1814,91,4,1,2,1,3958.449951171875
1813,91,4,1,2,2,2488.509521484375
1818,91,4,2,1,1,4575.6640625
1817,91,4,2,1,2,2662.052001953125
1820,91,4,2,2,1,4285.4033203125
1819,91,4,2,2,2,2782.27490234375
1816,91,4,3,1,1,5300.30419921875
1815,91,4,3,1,2,3132.369384765625
4838,92,1,1,1,1,57.66669845581055
4837,92,1,1,1,2,57.72420120239258
4841,92,1,1,2,1,11.5
4842,92,1,1,2,1,21.0
4839,92,1,1,2,2,13.33810043334961
4840,92,1,1,2,2,23.99130058288574
4846,92,1,2,1,1,114.8332977294922
4845,92,1,2,1,2,135.1582946777344
4849,92,1,2,2,1,77.33329772949219
4850,92,1,2,2,1,48.84999847412109
4847,92,1,2,2,2,99.20780181884766
4848,92,1,2,2,2,78.78199768066406
4844,92,1,3,1,1,101.3332977294922
4843,92,1,3,1,2,107.1592025756836
4852,92,2,1,1,1,84.0
4851,92,2,1,1,2,51.68059921264648
4855,92,2,1,2,1,11.0
4856,92,2,1,2,1,42.25
4853,92,2,1,2,2,11.58329963684082
4854,92,2,1,2,2,39.31230163574219
4860,92,2,2,1,1,146.3332977294922
4859,92,2,2,1,2,160.0695953369141
4863,92,2,2,2,1,94.66670227050781
4864,92,2,2,2,1,83.3761978149414
4861,92,2,2,2,2,114.0934982299805
4862,92,2,2,2,2,116.1343002319336
4858,92,2,3,1,1,146.5832977294922
4857,92,2,3,1,2,129.9902038574219
4866,92,3,1,1,1,74.33329772949219
4865,92,3,1,1,2,52.44290161132813
4869,92,3,1,2,1,0.5
4870,92,3,1,2,1,49.0
4867,92,3,1,2,2,2.633300065994263
4868,92,3,1,2,2,53.55749893188477
4874,92,3,2,1,1,117.2667007446289
4873,92,3,2,1,2,107.2399978637695
4877,92,3,2,2,1,31.39999961853027
4878,92,3,2,2,1,101.9595031738281
4875,92,3,2,2,2,44.04719924926758
4876,92,3,2,2,2,128.7666015625
4872,92,3,3,1,1,160.5
4871,92,3,3,1,2,129.9463958740234
4880,92,4,1,1,1,53.58330154418945
4879,92,4,1,1,2,30.63299942016602
4882,92,4,1,2,1,36.0
4881,92,4,1,2,2,38.16070175170898
4886,92,4,2,1,1,86.66670227050781
4885,92,4,2,1,2,89.68930053710938
4888,92,4,2,2,1,85.0999984741211
4887,92,4,2,2,2,99.31809997558594
4884,92,4,3,1,1,147.75
4883,92,4,3,1,2,154.3818054199219
4890,93,1,1,1,1,0.0
4889,93,1,1,1,2,0.0
4893,93,1,1,2,1,0.0
4894,93,1,1,2,1,0.0
4891,93,1,1,2,2,0.0
4892,93,1,1,2,2,0.0
4898,93,1,2,1,1,5.5
4897,93,1,2,1,2,4.800000190734863
4901,93,1,2,2,1,1.0
4902,93,1,2,2,1,3.0
4899,93,1,2,2,2,1.0
4900,93,1,2,2,2,3.0
4896,93,1,3,1,1,6.0
4895,93,1,3,1,2,4.5
4904,93,2,1,1,1,1.0
4903,93,2,1,1,2,2.166699886322021
4907,93,2,1,2,1,0.0
4908,93,2,1,2,1,0.0
4905,93,2,1,2,2,1.166700005531311
4906,93,2,1,2,2,0.2000000029802322
4912,93,2,2,1,1,4.0
4911,93,2,2,1,2,4.559500217437744
4915,93,2,2,2,1,1.0
4916,93,2,2,2,1,4.125
4913,93,2,2,2,2,0.5
4914,93,2,2,2,2,4.202400207519531
4910,93,2,3,1,1,1.0
4909,93,2,3,1,2,2.166699886322021
4918,93,3,1,1,1,0.0
4917,93,3,1,1,2,0.0
4921,93,3,1,2,1,0.0
4922,93,3,1,2,1,0.0
4919,93,3,1,2,2,0.0
4920,93,3,1,2,2,0.333299994468689
4926,93,3,2,1,1,1.0
4925,93,3,2,1,2,1.0
4929,93,3,2,2,1,0.0
4930,93,3,2,2,1,3.0
4927,93,3,2,2,2,0.0
4928,93,3,2,2,2,2.833300113677979
4924,93,3,3,1,1,0.0
4923,93,3,3,1,2,0.0
4932,93,4,1,1,1,0.0
4931,93,4,1,1,2,0.0
4934,93,4,1,2,1,0.0
4933,93,4,1,2,2,0.0
4938,93,4,2,1,1,1.0
4937,93,4,2,1,2,1.5
4940,93,4,2,2,1,1.0
4939,93,4,2,2,2,0.75
4936,93,4,3,1,1,2.5
4935,93,4,3,1,2,2.5
4942,94,1,1,1,1,3.0
4941,94,1,1,1,2,6.916699886322021
4945,94,1,1,2,1,0.0
4946,94,1,1,2,1,3.0
4943,94,1,1,2,2,1.333299994468689
4944,94,1,1,2,2,3.5
4950,94,1,2,1,1,1.0
4949,94,1,2,1,2,5.916699886322021
4953,94,1,2,2,1,0.0
4954,94,1,2,2,1,0.5
4951,94,1,2,2,2,4.23330020904541
4952,94,1,2,2,2,0.7357000112533569
4948,94,1,3,1,1,7.666699886322021
4947,94,1,3,1,2,9.199999809265137
4956,94,2,1,1,1,3.416699886322021
4955,94,2,1,1,2,5.033299922943115
4959,94,2,1,2,1,0.0
4960,94,2,1,2,1,2.5
4957,94,2,1,2,2,1.0
4958,94,2,1,2,2,5.833300113677979
4964,94,2,2,1,1,2.416699886322021
4963,94,2,2,1,2,4.73330020904541
4967,94,2,2,2,1,2.166699886322021
4968,94,2,2,2,1,2.333300113677979
4965,94,2,2,2,2,3.349999904632568
4966,94,2,2,2,2,7.909500122070313
4962,94,2,3,1,1,13.41670036315918
4961,94,2,3,1,2,15.53330039978027
4970,94,3,1,1,1,3.25
4969,94,3,1,1,2,10.80949974060059
4973,94,3,1,2,1,1.0
4974,94,3,1,2,1,1.0
4971,94,3,1,2,2,3.166699886322021
4972,94,3,1,2,2,2.866699934005737
4978,94,3,2,1,1,1.75
4977,94,3,2,1,2,4.626200199127197
4981,94,3,2,2,1,0.5
4982,94,3,2,2,1,0.5
4979,94,3,2,2,2,1.200000047683716
4980,94,3,2,2,2,3.208300113677979
4976,94,3,3,1,1,5.25
4975,94,3,3,1,2,8.259499549865723
4984,94,4,1,1,1,2.25
4983,94,4,1,1,2,5.29580020904541
4986,94,4,1,2,1,1.75
4985,94,4,1,2,2,2.608299970626831
4990,94,4,2,1,1,1.142899990081787
4989,94,4,2,1,2,8.283300399780273
4992,94,4,2,2,1,0.166700005531311
4991,94,4,2,2,2,4.066699981689453
4988,94,4,3,1,1,11.5
4987,94,4,3,1,2,13.76249980926514
1822,95,1,1,1,1,619.1666870117188
1821,95,1,1,1,2,659.2053833007812
1825,95,1,1,2,1,195.0
1826,95,1,1,2,1,290.9667053222656
1823,95,1,1,2,2,209.3345031738281
1824,95,1,1,2,2,316.18310546875
1830,95,1,2,1,1,279.2167053222656
1829,95,1,2,1,2,332.0080871582031
1833,95,1,2,2,1,145.38330078125
1834,95,1,2,2,1,127.2678985595703
1831,95,1,2,2,2,184.1696014404297
1832,95,1,2,2,2,163.5762939453125
1828,95,1,3,1,1,1337.309448242188
1827,95,1,3,1,2,1371.751831054688
1836,95,2,1,1,1,670.5
1835,95,2,1,1,2,703.2879028320312
1839,95,2,1,2,1,142.0
1840,95,2,1,2,1,367.8333129882813
1837,95,2,1,2,2,152.9261932373047
1838,95,2,1,2,2,403.3053894042969
1844,95,2,2,1,1,333.7999877929688
1843,95,2,2,1,2,383.4797973632813
1847,95,2,2,2,1,112.6999969482422
1848,95,2,2,2,1,165.3778076171875
1845,95,2,2,2,2,151.8804016113281
1846,95,2,2,2,2,224.0988006591797
1842,95,2,3,1,1,1629.25
1841,95,2,3,1,2,1646.703979492188
1850,95,3,1,1,1,576.4332885742188
1849,95,3,1,1,2,618.635498046875
1853,95,3,1,2,1,71.0
1854,95,3,1,2,1,373.5
1851,95,3,1,2,2,75.23829650878906
1852,95,3,1,2,2,411.2636108398438
1858,95,3,2,1,1,276.6666870117188
1857,95,3,2,1,2,324.3894958496094
1861,95,3,2,2,1,36.0
1862,95,3,2,2,1,150.0193939208984
1859,95,3,2,2,2,64.27400207519531
1860,95,3,2,2,2,203.3114929199219
1856,95,3,3,1,1,1522.266723632813
1855,95,3,3,1,2,1556.958862304688
1864,95,4,1,1,1,392.875
1863,95,4,1,1,2,418.6762084960938
1866,95,4,1,2,1,254.0
1865,95,4,1,2,2,272.6744079589844
1870,95,4,2,1,1,154.6999969482422
1869,95,4,2,1,2,202.0986938476563
1872,95,4,2,2,1,156.9667053222656
1871,95,4,2,2,2,203.7949981689453
1868,95,4,3,1,1,1660.875
1867,95,4,3,1,2,1679.901245117188
4994,96,1,1,1,1,19.0
4993,96,1,1,1,2,40.73329925537109
4997,96,1,1,2,1,3.0
4998,96,1,1,2,1,11.33329963684082
4995,96,1,1,2,2,11.81669998168945
4996,96,1,1,2,2,23.86669921875
5002,96,1,2,1,1,51.29999923706055
5001,96,1,2,1,2,117.2910995483398
5005,96,1,2,2,1,22.43330001831055
5006,96,1,2,2,1,28.18330001831055
5003,96,1,2,2,2,84.67939758300781
5004,96,1,2,2,2,61.43040084838867
5000,96,1,3,1,1,133.5832977294922
4999,96,1,3,1,2,161.6777954101563
5008,96,2,1,1,1,20.75
5007,96,2,1,1,2,38.29999923706055
5011,96,2,1,2,1,2.75
5012,96,2,1,2,1,6.0
5009,96,2,1,2,2,9.199999809265137
5010,96,2,1,2,2,19.52540016174316
5016,96,2,2,1,1,36.66669845581055
5015,96,2,2,1,2,98.70330047607422
5019,96,2,2,2,1,16.33329963684082
5020,96,2,2,2,1,33.84170150756836
5017,96,2,2,2,2,68.95760345458984
5018,96,2,2,2,2,94.79570007324219
5014,96,2,3,1,1,168.1667022705078
5013,96,2,3,1,2,196.2341003417969
5022,96,3,1,1,1,16.75
5021,96,3,1,1,2,29.58600044250488
5025,96,3,1,2,1,1.75
5026,96,3,1,2,1,6.5
5023,96,3,1,2,2,2.25
5024,96,3,1,2,2,22.75480079650879
5030,96,3,2,1,1,41.15000152587891
5029,96,3,2,1,2,116.5506973266602
5033,96,3,2,2,1,12.98330020904541
5034,96,3,2,2,1,35.53329849243164
5031,96,3,2,2,2,65.62519836425781
5032,96,3,2,2,2,92.83159637451172
5028,96,3,3,1,1,120.0832977294922
5027,96,3,3,1,2,154.6443023681641
5036,96,4,1,1,1,14.23330020904541
5035,96,4,1,1,2,30.94370079040527
5038,96,4,1,2,1,6.75
5037,96,4,1,2,2,18.77739906311035
5042,96,4,2,1,1,28.70420074462891
5041,96,4,2,1,2,114.2184982299805
5044,96,4,2,2,1,20.46669960021973
5043,96,4,2,2,2,87.29660034179688
5040,96,4,3,1,1,121.9167022705078
5039,96,4,3,1,2,166.4608001708984
5046,97,1,1,1,1,56.83330154418945
5045,97,1,1,1,2,55.91709899902344
5049,97,1,1,2,1,20.5
5050,97,1,1,2,1,15.58329963684082
5047,97,1,1,2,2,18.19169998168945
5048,97,1,1,2,2,21.21669960021973
5054,97,1,2,1,1,126.75
5053,97,1,2,1,2,143.3757934570313
5057,97,1,2,2,1,88.11109924316406
5058,97,1,2,2,1,73.6500015258789
5055,97,1,2,2,2,96.6812973022461
5056,97,1,2,2,2,81.36109924316406
5052,97,1,3,1,1,86.68329620361328
5051,97,1,3,1,2,93.12259674072266
5060,97,2,1,1,1,46.66669845581055
5059,97,2,1,1,2,57.07780075073242
5063,97,2,1,2,1,10.5
5064,97,2,1,2,1,23.16670036315918
5061,97,2,1,2,2,4.333300113677979
5062,97,2,1,2,2,26.02499961853027
5068,97,2,2,1,1,124.0
5067,97,2,2,1,2,159.2749938964844
5071,97,2,2,2,1,69.4832992553711
5072,97,2,2,2,1,106.6999969482422
5069,97,2,2,2,2,82.8187026977539
5070,97,2,2,2,2,109.1400985717773
5066,97,2,3,1,1,100.1500015258789
5065,97,2,3,1,2,109.6929016113281
5074,97,3,1,1,1,49.0
5073,97,3,1,1,2,52.35039901733398
5077,97,3,1,2,1,3.5
5078,97,3,1,2,1,31.16670036315918
5075,97,3,1,2,2,4.708300113677979
5076,97,3,1,2,2,28.81940078735352
5082,97,3,2,1,1,106.3332977294922
5081,97,3,2,1,2,113.0460968017578
5085,97,3,2,2,1,83.66670227050781
5086,97,3,2,2,1,109.4555969238281
5083,97,3,2,2,2,78.11940002441406
5084,97,3,2,2,2,113.9908981323242
5080,97,3,3,1,1,85.0
5079,97,3,3,1,2,86.05879974365234
5088,97,4,1,1,1,47.0
5087,97,4,1,1,2,48.92219924926758
5090,97,4,1,2,1,30.83329963684082
5089,97,4,1,2,2,24.32500076293945
5094,97,4,2,1,1,147.4499969482422
5093,97,4,2,1,2,147.7476043701172
5096,97,4,2,2,1,101.4167022705078
5095,97,4,2,2,2,106.4225997924805
5092,97,4,3,1,1,123.8332977294922
5091,97,4,3,1,2,124.6644973754883
1874,98,1,1,1,1,5074.78466796875
1873,98,1,1,1,2,6165.072265625
1877,98,1,1,2,1,1722.11669921875
1878,98,1,1,2,1,3829.57421875
1875,98,1,1,2,2,2195.0458984375
1876,98,1,1,2,2,5008.4970703125
1882,98,1,2,1,1,6840.10693359375
1881,98,1,2,1,2,9077.1005859375
1885,98,1,2,2,1,4558.9052734375
1886,98,1,2,2,1,4745.12353515625
1883,98,1,2,2,2,6350.73779296875
1884,98,1,2,2,2,6689.9873046875
1880,98,1,3,1,1,5428.0283203125
1879,98,1,3,1,2,6358.3408203125
1888,98,2,1,1,1,5496.767578125
1887,98,2,1,1,2,6558.1796875
1891,98,2,1,2,1,1125.0
1892,98,2,1,2,1,4137.5166015625
1889,98,2,1,2,2,1427.233642578125
1890,98,2,1,2,2,5391.7041015625
1896,98,2,2,1,1,7347.53173828125
1895,98,2,2,1,2,9690.1650390625
1899,98,2,2,2,1,3750.980224609375
1900,98,2,2,2,1,5459.04638671875
1897,98,2,2,2,2,5375.8740234375
1898,98,2,2,2,2,7906.705078125
1894,98,2,3,1,1,5610.00244140625
1893,98,2,3,1,2,6448.8232421875
1902,98,3,1,1,1,5251.5390625
1901,98,3,1,1,2,6232.92724609375
1905,98,3,1,2,1,499.0332946777344
1906,98,3,1,2,1,4034.574951171875
1903,98,3,1,2,2,636.2788696289062
1904,98,3,1,2,2,5167.3193359375
1910,98,3,2,1,1,6904.3310546875
1909,98,3,2,1,2,9145.16015625
1913,98,3,2,2,1,2284.676513671875
1914,98,3,2,2,1,5408.876953125
1911,98,3,2,2,2,3439.228271484375
1912,98,3,2,2,2,7502.1484375
1908,98,3,3,1,1,5790.52392578125
1907,98,3,3,1,2,6513.84130859375
1916,98,4,1,1,1,4214.001953125
1915,98,4,1,1,2,4971.53564453125
1918,98,4,1,2,1,3239.0166015625
1917,98,4,1,2,2,4178.54296875
1922,98,4,2,1,1,4931.541015625
1921,98,4,2,1,2,6699.384765625
1924,98,4,2,2,1,5140.419921875
1923,98,4,2,2,2,7150.03662109375
1920,98,4,3,1,1,5862.83203125
1919,98,4,3,1,2,6532.47119140625
1926,99,1,1,1,1,39433.53515625
1925,99,1,1,1,2,38547.0703125
1929,99,1,1,2,1,11901.51171875
1930,99,1,1,2,1,31114.880859375
1927,99,1,1,2,2,11531.662109375
1928,99,1,1,2,2,31070.234375
1934,99,1,2,1,1,179507.21875
1933,99,1,2,1,2,167719.8125
1937,99,1,2,2,1,152161.453125
1938,99,1,2,2,1,153596.984375
1935,99,1,2,2,2,141933.59375
1936,99,1,2,2,2,143409.09375
1932,99,1,3,1,1,54517.9375
1931,99,1,3,1,2,53849.8359375
1940,99,2,1,1,1,41557.171875
1939,99,2,1,1,2,40507.75390625
1943,99,2,1,2,1,7311.1259765625
1944,99,2,1,2,1,34562.9609375
1941,99,2,1,2,2,6946.5625
1942,99,2,1,2,2,34274.26171875
1948,99,2,2,1,1,188128.109375
1947,99,2,2,1,2,174778.890625
1951,99,2,2,2,1,149294.640625
1952,99,2,2,2,1,178165.140625
1949,99,2,2,2,2,138095.640625
1950,99,2,2,2,2,165896.9375
1946,99,2,3,1,1,56103.58984375
1945,99,2,3,1,2,55326.6328125
1954,99,3,1,1,1,41558.1171875
1953,99,3,1,1,2,40922.21484375
1957,99,3,1,2,1,2675.783203125
1958,99,3,1,2,1,34127.65625
1955,99,3,1,2,2,2495.141357421875
1956,99,3,1,2,2,33495.54296875
1962,99,3,2,1,1,179995.890625
1961,99,3,2,1,2,167638.609375
1965,99,3,2,2,1,114064.4609375
1966,99,3,2,2,1,176209.375
1963,99,3,2,2,2,105624.65625
1964,99,3,2,2,2,163502.75
1960,99,3,3,1,1,57164.0625
1959,99,3,3,1,2,56722.6875
1968,99,4,1,1,1,33141.58984375
1967,99,4,1,1,2,32735.34375
1970,99,4,1,2,1,27449.224609375
1969,99,4,1,2,2,26853.876953125
1974,99,4,2,1,1,172543.1875
1973,99,4,2,1,2,159622.046875
1976,99,4,2,2,1,161432.875
1975,99,4,2,2,2,149247.75
1972,99,4,3,1,1,57916.40234375
1971,99,4,3,1,2,57277.5390625
5098,100,1,1,1,1,7.666699886322021
5097,100,1,1,1,2,7.3125
5101,100,1,1,2,1,3.0
5102,100,1,1,2,1,6.0
5099,100,1,1,2,2,4.0
5100,100,1,1,2,2,6.75
5106,100,1,2,1,1,14.60000038146973
5105,100,1,2,1,2,14.17140007019043
5109,100,1,2,2,1,10.60000038146973
5110,100,1,2,2,1,7.017899990081787
5107,100,1,2,2,2,8.304800033569336
5108,100,1,2,2,2,10.36190032958984
5104,100,1,3,1,1,9.66670036315918
5103,100,1,3,1,2,12.14999961853027
5112,100,2,1,1,1,7.0
5111,100,2,1,1,2,6.23330020904541
5115,100,2,1,2,1,3.0
5116,100,2,1,2,1,3.5
5113,100,2,1,2,2,2.233299970626831
5114,100,2,1,2,2,4.291699886322021
5120,100,2,2,1,1,17.0
5119,100,2,2,1,2,14.80000019073486
5123,100,2,2,2,1,8.5
5124,100,2,2,2,1,10.75
5121,100,2,2,2,2,7.900000095367432
5122,100,2,2,2,2,8.0
5118,100,2,3,1,1,11.0
5117,100,2,3,1,2,11.54440021514893
5126,100,3,1,1,1,7.5
5125,100,3,1,1,2,8.926199913024902
5129,100,3,1,2,1,1.0
5130,100,3,1,2,1,2.5
5127,100,3,1,2,2,1.0
5128,100,3,1,2,2,4.517899990081787
5134,100,3,2,1,1,11.66670036315918
5133,100,3,2,1,2,10.51669979095459
5137,100,3,2,2,1,2.0
5138,100,3,2,2,1,11.5
5135,100,3,2,2,2,4.583300113677979
5136,100,3,2,2,2,13.35120010375977
5132,100,3,3,1,1,9.66670036315918
5131,100,3,3,1,2,9.576199531555176
5140,100,4,1,1,1,3.0
5139,100,4,1,1,2,7.533299922943115
5142,100,4,1,2,1,5.0
5141,100,4,1,2,2,5.23330020904541
5146,100,4,2,1,1,13.0
5145,100,4,2,1,2,10.29290008544922
5148,100,4,2,2,1,5.333300113677979
5147,100,4,2,2,2,5.059500217437744
5144,100,4,3,1,1,5.5
5143,100,4,3,1,2,5.424200057983398
5150,101,1,1,1,1,1.5
5149,101,1,1,1,2,1.642899990081787
5153,101,1,1,2,1,1.0
5154,101,1,1,2,1,0.0
5151,101,1,1,2,2,1.142899990081787
5152,101,1,1,2,2,0.0
5158,101,1,2,1,1,2.0
5157,101,1,2,1,2,2.142899990081787
5161,101,1,2,2,1,2.0
5162,101,1,2,2,1,3.0
5159,101,1,2,2,2,2.142899990081787
5160,101,1,2,2,2,3.0
5156,101,1,3,1,1,1.5
5155,101,1,3,1,2,1.976199984550476
5164,101,2,1,1,1,1.0
5163,101,2,1,1,2,1.0
5167,101,2,1,2,1,1.0
5168,101,2,1,2,1,2.0
5165,101,2,1,2,2,1.0
5166,101,2,1,2,2,2.0
5172,101,2,2,1,1,2.0
5171,101,2,2,1,2,1.5
5175,101,2,2,2,1,0.0
5176,101,2,2,2,1,2.5
5173,101,2,2,2,2,0.5
5174,101,2,2,2,2,2.5
5170,101,2,3,1,1,1.0
5169,101,2,3,1,2,2.0
5178,101,3,1,1,1,0.0
5177,101,3,1,1,2,0.0
5181,101,3,1,2,1,0.0
5182,101,3,1,2,1,0.0
5179,101,3,1,2,2,0.0
5180,101,3,1,2,2,0.0
5186,101,3,2,1,1,1.0
5185,101,3,2,1,2,1.333299994468689
5189,101,3,2,2,1,1.0
5190,101,3,2,2,1,1.0
5187,101,3,2,2,2,1.333299994468689
5188,101,3,2,2,2,1.0
5184,101,3,3,1,1,0.0
5183,101,3,3,1,2,0.0
5192,101,4,1,1,1,0.0
5191,101,4,1,1,2,0.0
5194,101,4,1,2,1,1.0
5193,101,4,1,2,2,1.809499979019165
5198,101,4,2,1,1,1.0
5197,101,4,2,1,2,1.25
5200,101,4,2,2,1,2.0
5199,101,4,2,2,2,2.976200103759766
5196,101,4,3,1,1,3.25
5195,101,4,3,1,2,2.854199886322021
5202,102,1,1,1,1,0.0
5201,102,1,1,1,2,0.300000011920929
5205,102,1,1,2,1,0.0
5206,102,1,1,2,1,0.5
5203,102,1,1,2,2,0.2000000029802322
5204,102,1,1,2,2,2.900000095367432
5210,102,1,2,1,1,2.0
5209,102,1,2,1,2,8.327799797058105
5213,102,1,2,2,1,2.5
5214,102,1,2,2,1,4.5
5211,102,1,2,2,2,5.216700077056885
5212,102,1,2,2,2,8.199999809265137
5208,102,1,3,1,1,0.5
5207,102,1,3,1,2,2.383300065994263
5216,102,2,1,1,1,0.0
5215,102,2,1,1,2,0.5
5219,102,2,1,2,1,0.0
5220,102,2,1,2,1,1.0
5217,102,2,1,2,2,0.0
5218,102,2,1,2,2,0.458299994468689
5224,102,2,2,1,1,8.0
5223,102,2,2,1,2,10.83329963684082
5227,102,2,2,2,1,3.0
5228,102,2,2,2,1,3.5
5225,102,2,2,2,2,4.333300113677979
5226,102,2,2,2,2,10.36670017242432
5222,102,2,3,1,1,1.0
5221,102,2,3,1,2,2.5
5230,102,3,1,1,1,0.5
5229,102,3,1,1,2,2.125
5233,102,3,1,2,1,0.0
5234,102,3,1,2,1,0.0
5231,102,3,1,2,2,1.0
5232,102,3,1,2,2,2.166699886322021
5238,102,3,2,1,1,0.0
5237,102,3,2,1,2,1.271399974822998
5241,102,3,2,2,1,1.0
5242,102,3,2,2,1,1.5
5239,102,3,2,2,2,1.200000047683716
5240,102,3,2,2,2,4.366700172424316
5236,102,3,3,1,1,0.0
5235,102,3,3,1,2,1.899999976158142
5244,102,4,1,1,1,1.0
5243,102,4,1,1,2,1.333299994468689
5246,102,4,1,2,1,0.0
5245,102,4,1,2,2,0.2000000029802322
5250,102,4,2,1,1,1.5
5249,102,4,2,1,2,4.0
5252,102,4,2,2,1,3.5
5251,102,4,2,2,2,7.23330020904541
5248,102,4,3,1,1,0.0
5247,102,4,3,1,2,1.0
5358,103,1,1,1,1,160230.0
5357,103,1,1,1,2,160230.0
5361,103,1,1,2,1,63100.0
5362,103,1,1,2,1,127619.0
5359,103,1,1,2,2,63100.0
5360,103,1,1,2,2,127619.0
5366,103,1,2,1,1,392331.0
5365,103,1,2,1,2,392331.0
5369,103,1,2,2,1,310970.0
5370,103,1,2,2,1,307761.0
5367,103,1,2,2,2,310970.0
5368,103,1,2,2,2,307761.0
5364,103,1,3,1,1,244777.0
5363,103,1,3,1,2,244777.0
5372,103,2,1,1,1,163861.0
5371,103,2,1,1,2,163861.0
5375,103,2,1,2,1,40959.0
5376,103,2,1,2,1,137767.0
5373,103,2,1,2,2,40959.0
5374,103,2,1,2,2,137767.0
5380,103,2,2,1,1,416637.0
5379,103,2,2,1,2,416637.0
5383,103,2,2,2,1,290878.0
5384,103,2,2,2,1,354427.0
5381,103,2,2,2,2,290878.0
5382,103,2,2,2,2,354427.0
5378,103,2,3,1,1,258043.0
5377,103,2,3,1,2,258043.0
5386,103,3,1,1,1,165816.0
5385,103,3,1,1,2,165816.0
5389,103,3,1,2,1,19432.0
5390,103,3,1,2,1,133706.0
5387,103,3,1,2,2,19432.0
5388,103,3,1,2,2,133706.0
5394,103,3,2,1,1,400543.0
5393,103,3,2,1,2,400543.0
5397,103,3,2,2,1,218185.0
5398,103,3,2,2,1,351998.0
5395,103,3,2,2,2,218185.0
5396,103,3,2,2,2,351998.0
5392,103,3,3,1,1,267512.0
5391,103,3,3,1,2,267512.0
5400,103,4,1,1,1,133044.0
5399,103,4,1,1,2,133044.0
5402,103,4,1,2,1,108797.0
5401,103,4,1,2,2,108797.0
5406,103,4,2,1,1,346927.0
5405,103,4,2,1,2,346927.0
5408,103,4,2,2,1,327312.0
5407,103,4,2,2,2,327312.0
5404,103,4,3,1,1,269538.0
5403,103,4,3,1,2,269538.0
5254,104,1,1,1,1,0.0
5253,104,1,1,1,2,0.166700005531311
5257,104,1,1,2,1,0.0
5258,104,1,1,2,1,0.0
5255,104,1,1,2,2,0.0
5256,104,1,1,2,2,0.0
5262,104,1,2,1,1,1.0
5261,104,1,2,1,2,1.333299994468689
5265,104,1,2,2,1,0.0
5266,104,1,2,2,1,0.0
5263,104,1,2,2,2,0.333299994468689
5264,104,1,2,2,2,0.0
5260,104,1,3,1,1,0.0
5259,104,1,3,1,2,0.416700005531311
5268,104,2,1,1,1,0.0
5267,104,2,1,1,2,0.0
5271,104,2,1,2,1,0.0
5272,104,2,1,2,1,0.0
5269,104,2,1,2,2,0.0
5270,104,2,1,2,2,0.0
5276,104,2,2,1,1,0.0
5275,104,2,2,1,2,0.0
5279,104,2,2,2,1,0.0
5280,104,2,2,2,1,0.0
5277,104,2,2,2,2,0.0
5278,104,2,2,2,2,0.333299994468689
5274,104,2,3,1,1,0.0
5273,104,2,3,1,2,0.0
5282,104,3,1,1,1,0.0
5281,104,3,1,1,2,0.5
5285,104,3,1,2,1,0.0
5286,104,3,1,2,1,0.0
5283,104,3,1,2,2,0.0
5284,104,3,1,2,2,0.5
5290,104,3,2,1,1,1.0
5289,104,3,2,1,2,1.5
5293,104,3,2,2,1,0.0
5294,104,3,2,2,1,1.0
5291,104,3,2,2,2,0.0
5292,104,3,2,2,2,1.5
5288,104,3,3,1,1,0.0
5287,104,3,3,1,2,0.5
5296,104,4,1,1,1,0.0
5295,104,4,1,1,2,0.0
5298,104,4,1,2,1,0.0
5297,104,4,1,2,2,0.5
5302,104,4,2,1,1,0.0
5301,104,4,2,1,2,0.0
5304,104,4,2,2,1,0.0
5303,104,4,2,2,2,0.166700005531311
5300,104,4,3,1,1,0.333299994468689
5299,104,4,3,1,2,0.5
