Country_Name,Year,Quarter,YearQuarter,PatentAuthority,PatentMeasure,AgentRole,PatentCount
Australia,2018,,2018,European Patent Office,Patent applications,Inventor,988.8630981445312
Australia,2018,,2018,European Patent Office,Patent applications,Applicant,883.0
Australia,2018,,2018,European Patent Office,Patent grants,Inventor,178.085693359375
Australia,2018,,2018,European Patent Office,Patent grants,Inventor,683.9265747070312
Australia,2018,,2018,European Patent Office,Patent grants,Applicant,123.1667022705078
Australia,2018,,2018,European Patent Office,Patent grants,Applicant,536.75
Australia,2018,,2018,World Intellectual Property Organization,Patent applications,Inventor,1907.194946289063
Australia,2018,,2018,World Intellectual Property Organization,Patent applications,Applicant,1763.886108398438
Australia,2018,,2018,United States Patent and Trademark Office,Patent applications,Inventor,2425.010986328125
Australia,2018,,2018,United States Patent and Trademark Office,Patent applications,Applicant,1999.699951171875
Australia,2018,,2018,United States Patent and Trademark Office,Patent grants,Inventor,1529.198852539063
Australia,2018,,2018,United States Patent and Trademark Office,Patent grants,Inventor,1676.79931640625
Australia,2018,,2018,United States Patent and Trademark Office,Patent grants,Applicant,1166.766723632813
Australia,2018,,2018,United States Patent and Trademark Office,Patent grants,Applicant,1239.226928710938
Australia,2019,,2019,European Patent Office,Patent applications,Inventor,1015.203796386719
Australia,2019,,2019,European Patent Office,Patent applications,Applicant,897.6857299804688
Australia,2019,,2019,European Patent Office,Patent grants,Inventor,79.4447021484375
Australia,2019,,2019,European Patent Office,Patent grants,Inventor,794.2683715820312
Australia,2019,,2019,European Patent Office,Patent grants,Applicant,46.5
Australia,2019,,2019,European Patent Office,Patent grants,Applicant,622.8333129882812
Australia,2019,,2019,World Intellectual Property Organization,Patent applications,Inventor,1862.236450195313
Australia,2019,,2019,World Intellectual Property Organization,Patent applications,Applicant,1730.451171875
Australia,2019,,2019,United States Patent and Trademark Office,Patent applications,Inventor,2486.98974609375
Australia,2019,,2019,United States Patent and Trademark Office,Patent applications,Applicant,2102.45703125
Australia,2019,,2019,United States Patent and Trademark Office,Patent grants,Inventor,1241.239868164063
Australia,2019,,2019,United States Patent and Trademark Office,Patent grants,Inventor,1833.37841796875
Australia,2019,,2019,United States Patent and Trademark Office,Patent grants,Applicant,938.7780151367188
Australia,2019,,2019,United States Patent and Trademark Office,Patent grants,Applicant,1338.124267578125
Australia,2020,,2020,European Patent Office,Patent applications,Inventor,1027.877807617188
Australia,2020,,2020,European Patent Office,Patent applications,Applicant,914.0
Australia,2020,,2020,European Patent Office,Patent grants,Inventor,18.63570022583008
Australia,2020,,2020,European Patent Office,Patent grants,Inventor,753.3638916015625
Australia,2020,,2020,European Patent Office,Patent grants,Applicant,6.0
Australia,2020,,2020,European Patent Office,Patent grants,Applicant,582.11669921875
Australia,2020,,2020,World Intellectual Property Organization,Patent applications,Inventor,1826.675048828125
Australia,2020,,2020,World Intellectual Property Organization,Patent applications,Applicant,1687.949951171875
Australia,2020,,2020,United States Patent and Trademark Office,Patent applications,Inventor,2492.52392578125
Australia,2020,,2020,United States Patent and Trademark Office,Patent applications,Applicant,2084.966796875
Australia,2020,,2020,United States Patent and Trademark Office,Patent grants,Inventor,891.36328125
Australia,2020,,2020,United States Patent and Trademark Office,Patent grants,Inventor,1888.026000976563
Australia,2020,,2020,United States Patent and Trademark Office,Patent grants,Applicant,660.67138671875
Australia,2020,,2020,United States Patent and Trademark Office,Patent grants,Applicant,1481.96484375
Australia,2021,,2021,European Patent Office,Patent applications,Inventor,773.2451782226562
Australia,2021,,2021,European Patent Office,Patent applications,Applicant,691.3167114257812
Australia,2021,,2021,European Patent Office,Patent grants,Inventor,561.9954833984375
Australia,2021,,2021,European Patent Office,Patent grants,Applicant,464.5
Australia,2021,,2021,World Intellectual Property Organization,Patent applications,Inventor,1831.554077148438
Australia,2021,,2021,World Intellectual Property Organization,Patent applications,Applicant,1729.69287109375
Australia,2021,,2021,United States Patent and Trademark Office,Patent applications,Inventor,1819.748291015625
Australia,2021,,2021,United States Patent and Trademark Office,Patent applications,Applicant,1520.009521484375
Australia,2021,,2021,United States Patent and Trademark Office,Patent grants,Inventor,1784.03515625
Australia,2021,,2021,United States Patent and Trademark Office,Patent grants,Applicant,1425.230346679688
Austria,2018,,2018,European Patent Office,Patent applications,Inventor,2252.6591796875
Austria,2018,,2018,European Patent Office,Patent applications,Applicant,2037.083251953125
Austria,2018,,2018,European Patent Office,Patent grants,Inventor,1124.702392578125
Austria,2018,,2018,European Patent Office,Patent grants,Inventor,1809.212524414063
Austria,2018,,2018,European Patent Office,Patent grants,Applicant,1027.833251953125
Austria,2018,,2018,European Patent Office,Patent grants,Applicant,1664.620483398438
Austria,2018,,2018,World Intellectual Property Organization,Patent applications,Inventor,1600.2734375
Austria,2018,,2018,World Intellectual Property Organization,Patent applications,Applicant,1490.25
Austria,2018,,2018,United States Patent and Trademark Office,Patent applications,Inventor,1805.97265625
Austria,2018,,2018,United States Patent and Trademark Office,Patent applications,Applicant,1398.833251953125
Austria,2018,,2018,United States Patent and Trademark Office,Patent grants,Inventor,1336.16015625
Austria,2018,,2018,United States Patent and Trademark Office,Patent grants,Inventor,1412.515747070313
Austria,2018,,2018,United States Patent and Trademark Office,Patent grants,Applicant,990.6666870117188
Austria,2018,,2018,United States Patent and Trademark Office,Patent grants,Applicant,1086.605224609375
Austria,2019,,2019,European Patent Office,Patent applications,Inventor,2189.50048828125
Austria,2019,,2019,European Patent Office,Patent applications,Applicant,1997.666748046875
Austria,2019,,2019,European Patent Office,Patent grants,Inventor,852.503173828125
Austria,2019,,2019,European Patent Office,Patent grants,Inventor,1861.600952148438
Austria,2019,,2019,European Patent Office,Patent grants,Applicant,793.8333129882812
Austria,2019,,2019,European Patent Office,Patent grants,Applicant,1665.916748046875
Austria,2019,,2019,World Intellectual Property Organization,Patent applications,Inventor,1588.874755859375
Austria,2019,,2019,World Intellectual Property Organization,Patent applications,Applicant,1396.683349609375
Austria,2019,,2019,United States Patent and Trademark Office,Patent applications,Inventor,1765.450439453125
Austria,2019,,2019,United States Patent and Trademark Office,Patent applications,Applicant,1325.916748046875
Austria,2019,,2019,United States Patent and Trademark Office,Patent grants,Inventor,1003.589416503906
Austria,2019,,2019,United States Patent and Trademark Office,Patent grants,Inventor,1610.661865234375
Austria,2019,,2019,United States Patent and Trademark Office,Patent grants,Applicant,670.3167114257812
Austria,2019,,2019,United States Patent and Trademark Office,Patent grants,Applicant,1199.599487304688
Austria,2020,,2020,European Patent Office,Patent applications,Inventor,2261.310302734375
Austria,2020,,2020,European Patent Office,Patent applications,Applicant,2093.14990234375
Austria,2020,,2020,European Patent Office,Patent grants,Inventor,482.1777954101563
Austria,2020,,2020,European Patent Office,Patent grants,Inventor,1866.586547851563
Austria,2020,,2020,European Patent Office,Patent grants,Applicant,433.5
Austria,2020,,2020,European Patent Office,Patent grants,Applicant,1759.25
Austria,2020,,2020,World Intellectual Property Organization,Patent applications,Inventor,1596.640502929688
Austria,2020,,2020,World Intellectual Property Organization,Patent applications,Applicant,1499.733276367188
Austria,2020,,2020,United States Patent and Trademark Office,Patent applications,Inventor,1743.028442382813
Austria,2020,,2020,United States Patent and Trademark Office,Patent applications,Applicant,1348.895629882813
Austria,2020,,2020,United States Patent and Trademark Office,Patent grants,Inventor,662.4085083007812
Austria,2020,,2020,United States Patent and Trademark Office,Patent grants,Inventor,1526.721557617188
Austria,2020,,2020,United States Patent and Trademark Office,Patent grants,Applicant,427.25
Austria,2020,,2020,United States Patent and Trademark Office,Patent grants,Applicant,1085.324951171875
Austria,2021,,2021,European Patent Office,Patent applications,Inventor,1865.329345703125
Austria,2021,,2021,European Patent Office,Patent applications,Applicant,1758.61669921875
Austria,2021,,2021,European Patent Office,Patent grants,Inventor,1478.784423828125
Austria,2021,,2021,European Patent Office,Patent grants,Applicant,1325.583251953125
Austria,2021,,2021,World Intellectual Property Organization,Patent applications,Inventor,1603.859741210938
Austria,2021,,2021,World Intellectual Property Organization,Patent applications,Applicant,1555.650024414063
Austria,2021,,2021,United States Patent and Trademark Office,Patent applications,Inventor,1189.3349609375
Austria,2021,,2021,United States Patent and Trademark Office,Patent applications,Applicant,827.0595092773438
Austria,2021,,2021,United States Patent and Trademark Office,Patent grants,Inventor,1395.0947265625
Austria,2021,,2021,United States Patent and Trademark Office,Patent grants,Applicant,1026.050048828125
Belgium,2018,,2018,European Patent Office,Patent applications,Inventor,1775.906372070313
Belgium,2018,,2018,European Patent Office,Patent applications,Applicant,1817.933349609375
Belgium,2018,,2018,European Patent Office,Patent grants,Inventor,769.013916015625
Belgium,2018,,2018,European Patent Office,Patent grants,Inventor,1391.961181640625
Belgium,2018,,2018,European Patent Office,Patent grants,Applicant,850.9500122070312
Belgium,2018,,2018,European Patent Office,Patent grants,Applicant,1358.340942382813
Belgium,2018,,2018,World Intellectual Property Organization,Patent applications,Inventor,1300.869750976563
Belgium,2018,,2018,World Intellectual Property Organization,Patent applications,Applicant,1316.076171875
Belgium,2018,,2018,United States Patent and Trademark Office,Patent applications,Inventor,1754.988647460938
Belgium,2018,,2018,United States Patent and Trademark Office,Patent applications,Applicant,1412.304809570313
Belgium,2018,,2018,United States Patent and Trademark Office,Patent grants,Inventor,1224.52392578125
Belgium,2018,,2018,United States Patent and Trademark Office,Patent grants,Inventor,1292.79443359375
Belgium,2018,,2018,United States Patent and Trademark Office,Patent grants,Applicant,940.5189819335938
Belgium,2018,,2018,United States Patent and Trademark Office,Patent grants,Applicant,1019.657104492188
Belgium,2019,,2019,European Patent Office,Patent applications,Inventor,1716.9931640625
Belgium,2019,,2019,European Patent Office,Patent applications,Applicant,1803.316650390625
Belgium,2019,,2019,European Patent Office,Patent grants,Inventor,470.444091796875
Belgium,2019,,2019,European Patent Office,Patent grants,Inventor,1365.417236328125
Belgium,2019,,2019,European Patent Office,Patent grants,Applicant,542.0
Belgium,2019,,2019,European Patent Office,Patent grants,Applicant,1383.083251953125
Belgium,2019,,2019,World Intellectual Property Organization,Patent applications,Inventor,1280.313232421875
Belgium,2019,,2019,World Intellectual Property Organization,Patent applications,Applicant,1372.599975585938
Belgium,2019,,2019,United States Patent and Trademark Office,Patent applications,Inventor,1792.854248046875
Belgium,2019,,2019,United States Patent and Trademark Office,Patent applications,Applicant,1496.36669921875
Belgium,2019,,2019,United States Patent and Trademark Office,Patent grants,Inventor,973.613525390625
Belgium,2019,,2019,United States Patent and Trademark Office,Patent grants,Inventor,1441.61962890625
Belgium,2019,,2019,United States Patent and Trademark Office,Patent grants,Applicant,692.0999755859375
Belgium,2019,,2019,United States Patent and Trademark Office,Patent grants,Applicant,1112.704711914063
Belgium,2020,,2020,European Patent Office,Patent applications,Inventor,1689.320068359375
Belgium,2020,,2020,European Patent Office,Patent applications,Applicant,1744.110717773438
Belgium,2020,,2020,European Patent Office,Patent grants,Inventor,216.2904968261719
Belgium,2020,,2020,European Patent Office,Patent grants,Inventor,1341.084228515625
Belgium,2020,,2020,European Patent Office,Patent grants,Applicant,244.2832946777344
Belgium,2020,,2020,European Patent Office,Patent grants,Applicant,1375.349975585938
Belgium,2020,,2020,World Intellectual Property Organization,Patent applications,Inventor,1292.937377929688
Belgium,2020,,2020,World Intellectual Property Organization,Patent applications,Applicant,1339.954345703125
Belgium,2020,,2020,United States Patent and Trademark Office,Patent applications,Inventor,1757.229370117188
Belgium,2020,,2020,United States Patent and Trademark Office,Patent applications,Applicant,1448.630615234375
Belgium,2020,,2020,United States Patent and Trademark Office,Patent grants,Inventor,593.2197875976562
Belgium,2020,,2020,United States Patent and Trademark Office,Patent grants,Inventor,1369.41943359375
Belgium,2020,,2020,United States Patent and Trademark Office,Patent grants,Applicant,397.3594970703125
Belgium,2020,,2020,United States Patent and Trademark Office,Patent grants,Applicant,1100.157836914063
Belgium,2021,,2021,European Patent Office,Patent applications,Inventor,1500.993408203125
Belgium,2021,,2021,European Patent Office,Patent applications,Applicant,1488.02734375
Belgium,2021,,2021,European Patent Office,Patent grants,Inventor,1141.205444335938
Belgium,2021,,2021,European Patent Office,Patent grants,Applicant,1148.640502929688
Belgium,2021,,2021,World Intellectual Property Organization,Patent applications,Inventor,1363.703735351563
Belgium,2021,,2021,World Intellectual Property Organization,Patent applications,Applicant,1351.121459960938
Belgium,2021,,2021,United States Patent and Trademark Office,Patent applications,Inventor,1278.1640625
Belgium,2021,,2021,United States Patent and Trademark Office,Patent applications,Applicant,967.4039916992188
Belgium,2021,,2021,United States Patent and Trademark Office,Patent grants,Inventor,1247.119018554688
Belgium,2021,,2021,United States Patent and Trademark Office,Patent grants,Applicant,976.2738037109375
Canada,2018,,2018,European Patent Office,Patent applications,Inventor,2001.8310546875
Canada,2018,,2018,European Patent Office,Patent applications,Applicant,1480.771362304688
Canada,2018,,2018,European Patent Office,Patent grants,Inventor,553.4552001953125
Canada,2018,,2018,European Patent Office,Patent grants,Inventor,1902.40576171875
Canada,2018,,2018,European Patent Office,Patent grants,Applicant,351.326904296875
Canada,2018,,2018,European Patent Office,Patent grants,Applicant,1585.201538085938
Canada,2018,,2018,World Intellectual Property Organization,Patent applications,Inventor,2969.06591796875
Canada,2018,,2018,World Intellectual Property Organization,Patent applications,Applicant,2360.757080078125
Canada,2018,,2018,United States Patent and Trademark Office,Patent applications,Inventor,8516.1669921875
Canada,2018,,2018,United States Patent and Trademark Office,Patent applications,Applicant,6562.8955078125
Canada,2018,,2018,United States Patent and Trademark Office,Patent grants,Inventor,6303.75634765625
Canada,2018,,2018,United States Patent and Trademark Office,Patent grants,Inventor,6580.2880859375
Canada,2018,,2018,United States Patent and Trademark Office,Patent grants,Applicant,4591.5791015625
Canada,2018,,2018,United States Patent and Trademark Office,Patent grants,Applicant,4723.85693359375
Canada,2019,,2019,European Patent Office,Patent applications,Inventor,2304.19970703125
Canada,2019,,2019,European Patent Office,Patent applications,Applicant,1790.19287109375
Canada,2019,,2019,European Patent Office,Patent grants,Inventor,353.6635131835938
Canada,2019,,2019,European Patent Office,Patent grants,Inventor,2095.95068359375
Canada,2019,,2019,European Patent Office,Patent grants,Applicant,270.0833129882813
Canada,2019,,2019,European Patent Office,Patent grants,Applicant,1683.966674804688
Canada,2019,,2019,World Intellectual Property Organization,Patent applications,Inventor,3221.800537109375
Canada,2019,,2019,World Intellectual Property Organization,Patent applications,Applicant,2657.351318359375
Canada,2019,,2019,United States Patent and Trademark Office,Patent applications,Inventor,9277.0078125
Canada,2019,,2019,United States Patent and Trademark Office,Patent applications,Applicant,7242.92919921875
Canada,2019,,2019,United States Patent and Trademark Office,Patent grants,Inventor,6270.462890625
Canada,2019,,2019,United States Patent and Trademark Office,Patent grants,Inventor,7677.86279296875
Canada,2019,,2019,United States Patent and Trademark Office,Patent grants,Applicant,4556.30029296875
Canada,2019,,2019,United States Patent and Trademark Office,Patent grants,Applicant,5530.353515625
Canada,2020,,2020,European Patent Office,Patent applications,Inventor,2235.3076171875
Canada,2020,,2020,European Patent Office,Patent applications,Applicant,1763.803955078125
Canada,2020,,2020,European Patent Office,Patent grants,Inventor,160.7212982177734
Canada,2020,,2020,European Patent Office,Patent grants,Inventor,1921.868530273438
Canada,2020,,2020,European Patent Office,Patent grants,Applicant,128.3332977294922
Canada,2020,,2020,European Patent Office,Patent grants,Applicant,1423.983276367188
Canada,2020,,2020,World Intellectual Property Organization,Patent applications,Inventor,3185.811279296875
Canada,2020,,2020,World Intellectual Property Organization,Patent applications,Applicant,2557.678955078125
Canada,2020,,2020,United States Patent and Trademark Office,Patent applications,Inventor,8545.69921875
Canada,2020,,2020,United States Patent and Trademark Office,Patent applications,Applicant,6678.71826171875
Canada,2020,,2020,United States Patent and Trademark Office,Patent grants,Inventor,4591.82470703125
Canada,2020,,2020,United States Patent and Trademark Office,Patent grants,Inventor,7349.794921875
Canada,2020,,2020,United States Patent and Trademark Office,Patent grants,Applicant,3285.48681640625
Canada,2020,,2020,United States Patent and Trademark Office,Patent grants,Applicant,5343.79833984375
Canada,2021,,2021,European Patent Office,Patent applications,Inventor,1803.75537109375
Canada,2021,,2021,European Patent Office,Patent applications,Applicant,1420.354858398438
Canada,2021,,2021,European Patent Office,Patent grants,Inventor,1532.560302734375
Canada,2021,,2021,European Patent Office,Patent grants,Applicant,1136.0
Canada,2021,,2021,World Intellectual Property Organization,Patent applications,Inventor,3324.1259765625
Canada,2021,,2021,World Intellectual Property Organization,Patent applications,Applicant,2570.038818359375
Canada,2021,,2021,United States Patent and Trademark Office,Patent applications,Inventor,7680.07275390625
Canada,2021,,2021,United States Patent and Trademark Office,Patent applications,Applicant,6015.861328125
Canada,2021,,2021,United States Patent and Trademark Office,Patent grants,Inventor,6832.37109375
Canada,2021,,2021,United States Patent and Trademark Office,Patent grants,Applicant,5016.64990234375
Chile,2018,,2018,European Patent Office,Patent applications,Inventor,42.02500152587891
Chile,2018,,2018,European Patent Office,Patent applications,Applicant,37.5
Chile,2018,,2018,European Patent Office,Patent grants,Inventor,5.283299922943115
Chile,2018,,2018,European Patent Office,Patent grants,Inventor,33.06669998168945
Chile,2018,,2018,European Patent Office,Patent grants,Applicant,6.0
Chile,2018,,2018,European Patent Office,Patent grants,Applicant,20.66670036315918
Chile,2018,,2018,World Intellectual Property Organization,Patent applications,Inventor,225.6535949707031
Chile,2018,,2018,World Intellectual Property Organization,Patent applications,Applicant,220.5
Chile,2018,,2018,United States Patent and Trademark Office,Patent applications,Inventor,105.9751968383789
Chile,2018,,2018,United States Patent and Trademark Office,Patent applications,Applicant,89.83329772949219
Chile,2018,,2018,United States Patent and Trademark Office,Patent grants,Inventor,40.60309982299805
Chile,2018,,2018,United States Patent and Trademark Office,Patent grants,Inventor,46.99029922485352
Chile,2018,,2018,United States Patent and Trademark Office,Patent grants,Applicant,31.0
Chile,2018,,2018,United States Patent and Trademark Office,Patent grants,Applicant,35.53329849243164
Chile,2019,,2019,European Patent Office,Patent applications,Inventor,57.27780151367188
Chile,2019,,2019,European Patent Office,Patent applications,Applicant,49.16669845581055
Chile,2019,,2019,European Patent Office,Patent grants,Inventor,6.0
Chile,2019,,2019,European Patent Office,Patent grants,Inventor,21.83329963684082
Chile,2019,,2019,European Patent Office,Patent grants,Applicant,5.0
Chile,2019,,2019,European Patent Office,Patent grants,Applicant,16.5
Chile,2019,,2019,World Intellectual Property Organization,Patent applications,Inventor,212.2539978027344
Chile,2019,,2019,World Intellectual Property Organization,Patent applications,Applicant,203.5
Chile,2019,,2019,United States Patent and Trademark Office,Patent applications,Inventor,127.9968032836914
Chile,2019,,2019,United States Patent and Trademark Office,Patent applications,Applicant,103.75
Chile,2019,,2019,United States Patent and Trademark Office,Patent grants,Inventor,52.11669921875
Chile,2019,,2019,United States Patent and Trademark Office,Patent grants,Inventor,58.72320175170898
Chile,2019,,2019,United States Patent and Trademark Office,Patent grants,Applicant,35.25
Chile,2019,,2019,United States Patent and Trademark Office,Patent grants,Applicant,51.25
Chile,2020,,2020,European Patent Office,Patent applications,Inventor,47.92679977416992
Chile,2020,,2020,European Patent Office,Patent applications,Applicant,36.43330001831055
Chile,2020,,2020,European Patent Office,Patent grants,Inventor,2.416699886322021
Chile,2020,,2020,European Patent Office,Patent grants,Inventor,23.04170036315918
Chile,2020,,2020,European Patent Office,Patent grants,Applicant,2.0
Chile,2020,,2020,European Patent Office,Patent grants,Applicant,19.83329963684082
Chile,2020,,2020,World Intellectual Property Organization,Patent applications,Inventor,228.6970062255859
Chile,2020,,2020,World Intellectual Property Organization,Patent applications,Applicant,216.1000061035156
Chile,2020,,2020,United States Patent and Trademark Office,Patent applications,Inventor,84.57939910888672
Chile,2020,,2020,United States Patent and Trademark Office,Patent applications,Applicant,65.7833023071289
Chile,2020,,2020,United States Patent and Trademark Office,Patent grants,Inventor,19.84760093688965
Chile,2020,,2020,United States Patent and Trademark Office,Patent grants,Inventor,67.74230194091797
Chile,2020,,2020,United States Patent and Trademark Office,Patent grants,Applicant,12.0
Chile,2020,,2020,United States Patent and Trademark Office,Patent grants,Applicant,53.95000076293945
Chile,2021,,2021,European Patent Office,Patent applications,Inventor,19.89170074462891
Chile,2021,,2021,European Patent Office,Patent applications,Applicant,13.19999980926514
Chile,2021,,2021,European Patent Office,Patent grants,Inventor,25.125
Chile,2021,,2021,European Patent Office,Patent grants,Applicant,24.5
Chile,2021,,2021,World Intellectual Property Organization,Patent applications,Inventor,161.4539947509766
Chile,2021,,2021,World Intellectual Property Organization,Patent applications,Applicant,156.4575958251953
Chile,2021,,2021,United States Patent and Trademark Office,Patent applications,Inventor,54.8578987121582
Chile,2021,,2021,United States Patent and Trademark Office,Patent applications,Applicant,38.86669921875
Chile,2021,,2021,United States Patent and Trademark Office,Patent grants,Inventor,72.35489654541016
Chile,2021,,2021,United States Patent and Trademark Office,Patent grants,Applicant,58.70000076293945
Colombia,2018,,2018,European Patent Office,Patent applications,Inventor,19.36190032958984
Colombia,2018,,2018,European Patent Office,Patent applications,Applicant,13.83329963684082
Colombia,2018,,2018,European Patent Office,Patent grants,Inventor,3.542900085449219
Colombia,2018,,2018,European Patent Office,Patent grants,Inventor,9.83329963684082
Colombia,2018,,2018,European Patent Office,Patent grants,Applicant,1.5
Colombia,2018,,2018,European Patent Office,Patent grants,Applicant,5.333300113677979
Colombia,2018,,2018,World Intellectual Property Organization,Patent applications,Inventor,150.1226043701172
Colombia,2018,,2018,World Intellectual Property Organization,Patent applications,Applicant,140.6667022705078
Colombia,2018,,2018,United States Patent and Trademark Office,Patent applications,Inventor,81.82859802246094
Colombia,2018,,2018,United States Patent and Trademark Office,Patent applications,Applicant,61.95240020751953
Colombia,2018,,2018,United States Patent and Trademark Office,Patent grants,Inventor,45.40240097045898
Colombia,2018,,2018,United States Patent and Trademark Office,Patent grants,Inventor,36.10950088500977
Colombia,2018,,2018,United States Patent and Trademark Office,Patent grants,Applicant,32.61899948120117
Colombia,2018,,2018,United States Patent and Trademark Office,Patent grants,Applicant,29.64999961853027
Colombia,2019,,2019,European Patent Office,Patent applications,Inventor,24.60000038146973
Colombia,2019,,2019,European Patent Office,Patent applications,Applicant,16.5
Colombia,2019,,2019,European Patent Office,Patent grants,Inventor,2.866699934005737
Colombia,2019,,2019,European Patent Office,Patent grants,Inventor,17.60000038146973
Colombia,2019,,2019,European Patent Office,Patent grants,Applicant,1.333299994468689
Colombia,2019,,2019,European Patent Office,Patent grants,Applicant,13.21430015563965
Colombia,2019,,2019,World Intellectual Property Organization,Patent applications,Inventor,131.3713989257813
Colombia,2019,,2019,World Intellectual Property Organization,Patent applications,Applicant,118.0
Colombia,2019,,2019,United States Patent and Trademark Office,Patent applications,Inventor,84.77539825439453
Colombia,2019,,2019,United States Patent and Trademark Office,Patent applications,Applicant,60.08330154418945
Colombia,2019,,2019,United States Patent and Trademark Office,Patent grants,Inventor,32.25320053100586
Colombia,2019,,2019,United States Patent and Trademark Office,Patent grants,Inventor,43.47620010375977
Colombia,2019,,2019,United States Patent and Trademark Office,Patent grants,Applicant,16.83329963684082
Colombia,2019,,2019,United States Patent and Trademark Office,Patent grants,Applicant,29.08329963684082
Colombia,2020,,2020,European Patent Office,Patent applications,Inventor,22.17779922485352
Colombia,2020,,2020,European Patent Office,Patent applications,Applicant,15.5
Colombia,2020,,2020,European Patent Office,Patent grants,Inventor,0.9444000124931335
Colombia,2020,,2020,European Patent Office,Patent grants,Inventor,12.29290008544922
Colombia,2020,,2020,European Patent Office,Patent grants,Applicant,0.5
Colombia,2020,,2020,European Patent Office,Patent grants,Applicant,7.5
Colombia,2020,,2020,World Intellectual Property Organization,Patent applications,Inventor,125.1110992431641
Colombia,2020,,2020,World Intellectual Property Organization,Patent applications,Applicant,118.3332977294922
Colombia,2020,,2020,United States Patent and Trademark Office,Patent applications,Inventor,75.85900115966797
Colombia,2020,,2020,United States Patent and Trademark Office,Patent applications,Applicant,54.33330154418945
Colombia,2020,,2020,United States Patent and Trademark Office,Patent grants,Inventor,23.53330039978027
Colombia,2020,,2020,United States Patent and Trademark Office,Patent grants,Inventor,46.25559997558594
Colombia,2020,,2020,United States Patent and Trademark Office,Patent grants,Applicant,15.5
Colombia,2020,,2020,United States Patent and Trademark Office,Patent grants,Applicant,35.53329849243164
Colombia,2021,,2021,European Patent Office,Patent applications,Inventor,8.199999809265137
Colombia,2021,,2021,European Patent Office,Patent applications,Applicant,4.833300113677979
Colombia,2021,,2021,European Patent Office,Patent grants,Inventor,15.51749992370605
Colombia,2021,,2021,European Patent Office,Patent grants,Applicant,9.66670036315918
Colombia,2021,,2021,World Intellectual Property Organization,Patent applications,Inventor,92.39820098876953
Colombia,2021,,2021,World Intellectual Property Organization,Patent applications,Applicant,86.0333023071289
Colombia,2021,,2021,United States Patent and Trademark Office,Patent applications,Inventor,44.50439834594727
Colombia,2021,,2021,United States Patent and Trademark Office,Patent applications,Applicant,31.19289970397949
Colombia,2021,,2021,United States Patent and Trademark Office,Patent grants,Inventor,46.0718994140625
Colombia,2021,,2021,United States Patent and Trademark Office,Patent grants,Applicant,29.16670036315918
Costa Rica,2018,,2018,European Patent Office,Patent applications,Inventor,2.819400072097778
Costa Rica,2018,,2018,European Patent Office,Patent applications,Applicant,3.0
Costa Rica,2018,,2018,European Patent Office,Patent grants,Inventor,1.208299994468689
Costa Rica,2018,,2018,European Patent Office,Patent grants,Inventor,5.394400119781494
Costa Rica,2018,,2018,European Patent Office,Patent grants,Applicant,1.0
Costa Rica,2018,,2018,European Patent Office,Patent grants,Applicant,1.0
Costa Rica,2018,,2018,World Intellectual Property Organization,Patent applications,Inventor,16.8528003692627
Costa Rica,2018,,2018,World Intellectual Property Organization,Patent applications,Applicant,13.5
Costa Rica,2018,,2018,United States Patent and Trademark Office,Patent applications,Inventor,49.56900024414063
Costa Rica,2018,,2018,United States Patent and Trademark Office,Patent applications,Applicant,9.0
Costa Rica,2018,,2018,United States Patent and Trademark Office,Patent grants,Inventor,41.70790100097656
Costa Rica,2018,,2018,United States Patent and Trademark Office,Patent grants,Inventor,24.9857006072998
Costa Rica,2018,,2018,United States Patent and Trademark Office,Patent grants,Applicant,7.5
Costa Rica,2018,,2018,United States Patent and Trademark Office,Patent grants,Applicant,4.333300113677979
Costa Rica,2019,,2019,European Patent Office,Patent applications,Inventor,14.72259998321533
Costa Rica,2019,,2019,European Patent Office,Patent applications,Applicant,8.0
Costa Rica,2019,,2019,European Patent Office,Patent grants,Inventor,2.680599927902222
Costa Rica,2019,,2019,European Patent Office,Patent grants,Inventor,3.333300113677979
Costa Rica,2019,,2019,European Patent Office,Patent grants,Applicant,1.0
Costa Rica,2019,,2019,European Patent Office,Patent grants,Applicant,3.0
Costa Rica,2019,,2019,World Intellectual Property Organization,Patent applications,Inventor,15.40320014953613
Costa Rica,2019,,2019,World Intellectual Property Organization,Patent applications,Applicant,9.0
Costa Rica,2019,,2019,United States Patent and Trademark Office,Patent applications,Inventor,53.51200103759766
Costa Rica,2019,,2019,United States Patent and Trademark Office,Patent applications,Applicant,9.714300155639648
Costa Rica,2019,,2019,United States Patent and Trademark Office,Patent grants,Inventor,43.21110153198242
Costa Rica,2019,,2019,United States Patent and Trademark Office,Patent grants,Inventor,18.62299919128418
Costa Rica,2019,,2019,United States Patent and Trademark Office,Patent grants,Applicant,3.0
Costa Rica,2019,,2019,United States Patent and Trademark Office,Patent grants,Applicant,4.928599834442139
Costa Rica,2020,,2020,European Patent Office,Patent applications,Inventor,13.46030044555664
Costa Rica,2020,,2020,European Patent Office,Patent applications,Applicant,5.0
Costa Rica,2020,,2020,European Patent Office,Patent grants,Inventor,1.0
Costa Rica,2020,,2020,European Patent Office,Patent grants,Inventor,1.975499987602234
Costa Rica,2020,,2020,European Patent Office,Patent grants,Applicant,1.0
Costa Rica,2020,,2020,European Patent Office,Patent grants,Applicant,2.0
Costa Rica,2020,,2020,World Intellectual Property Organization,Patent applications,Inventor,19.94370079040527
Costa Rica,2020,,2020,World Intellectual Property Organization,Patent applications,Applicant,9.0
Costa Rica,2020,,2020,United States Patent and Trademark Office,Patent applications,Inventor,40.31470108032227
Costa Rica,2020,,2020,United States Patent and Trademark Office,Patent applications,Applicant,11.5
Costa Rica,2020,,2020,United States Patent and Trademark Office,Patent grants,Inventor,23.11940002441406
Costa Rica,2020,,2020,United States Patent and Trademark Office,Patent grants,Inventor,43.04560089111328
Costa Rica,2020,,2020,United States Patent and Trademark Office,Patent grants,Applicant,6.0
Costa Rica,2020,,2020,United States Patent and Trademark Office,Patent grants,Applicant,7.75
Costa Rica,2021,,2021,European Patent Office,Patent applications,Inventor,9.326199531555176
Costa Rica,2021,,2021,European Patent Office,Patent applications,Applicant,0.0
Costa Rica,2021,,2021,European Patent Office,Patent grants,Inventor,0.916700005531311
Costa Rica,2021,,2021,European Patent Office,Patent grants,Applicant,1.0
Costa Rica,2021,,2021,World Intellectual Property Organization,Patent applications,Inventor,15.65950012207031
Costa Rica,2021,,2021,World Intellectual Property Organization,Patent applications,Applicant,4.0
Costa Rica,2021,,2021,United States Patent and Trademark Office,Patent applications,Inventor,48.14920043945313
Costa Rica,2021,,2021,United States Patent and Trademark Office,Patent applications,Applicant,8.16670036315918
Costa Rica,2021,,2021,United States Patent and Trademark Office,Patent grants,Inventor,45.25230026245117
Costa Rica,2021,,2021,United States Patent and Trademark Office,Patent grants,Applicant,7.0
Czechia,2018,,2018,European Patent Office,Patent applications,Inventor,311.5090942382813
Czechia,2018,,2018,European Patent Office,Patent applications,Applicant,212.3999938964844
Czechia,2018,,2018,European Patent Office,Patent grants,Inventor,146.2595062255859
Czechia,2018,,2018,European Patent Office,Patent grants,Inventor,192.7357025146484
Czechia,2018,,2018,European Patent Office,Patent grants,Applicant,95.0
Czechia,2018,,2018,European Patent Office,Patent grants,Applicant,125.25
Czechia,2018,,2018,World Intellectual Property Organization,Patent applications,Inventor,230.6463928222656
Czechia,2018,,2018,World Intellectual Property Organization,Patent applications,Applicant,179.7082977294922
Czechia,2018,,2018,United States Patent and Trademark Office,Patent applications,Inventor,378.9617004394531
Czechia,2018,,2018,United States Patent and Trademark Office,Patent applications,Applicant,191.0944061279297
Czechia,2018,,2018,United States Patent and Trademark Office,Patent grants,Inventor,294.7344055175781
Czechia,2018,,2018,United States Patent and Trademark Office,Patent grants,Inventor,328.7712097167969
Czechia,2018,,2018,United States Patent and Trademark Office,Patent grants,Applicant,137.3999938964844
Czechia,2018,,2018,United States Patent and Trademark Office,Patent grants,Applicant,118.7077026367188
Czechia,2019,,2019,European Patent Office,Patent applications,Inventor,241.9299011230469
Czechia,2019,,2019,European Patent Office,Patent applications,Applicant,187.3332977294922
Czechia,2019,,2019,European Patent Office,Patent grants,Inventor,84.68099975585938
Czechia,2019,,2019,European Patent Office,Patent grants,Inventor,242.9002990722656
Czechia,2019,,2019,European Patent Office,Patent grants,Applicant,70.5
Czechia,2019,,2019,European Patent Office,Patent grants,Applicant,172.3332977294922
Czechia,2019,,2019,World Intellectual Property Organization,Patent applications,Inventor,226.9129028320313
Czechia,2019,,2019,World Intellectual Property Organization,Patent applications,Applicant,178.0
Czechia,2019,,2019,United States Patent and Trademark Office,Patent applications,Inventor,384.3919067382813
Czechia,2019,,2019,United States Patent and Trademark Office,Patent applications,Applicant,196.0832977294922
Czechia,2019,,2019,United States Patent and Trademark Office,Patent grants,Inventor,261.2903137207031
Czechia,2019,,2019,United States Patent and Trademark Office,Patent grants,Inventor,364.2214965820313
Czechia,2019,,2019,United States Patent and Trademark Office,Patent grants,Applicant,106.4167022705078
Czechia,2019,,2019,United States Patent and Trademark Office,Patent grants,Applicant,150.7467956542969
Czechia,2020,,2020,European Patent Office,Patent applications,Inventor,311.4971923828125
Czechia,2020,,2020,European Patent Office,Patent applications,Applicant,225.8999938964844
Czechia,2020,,2020,European Patent Office,Patent grants,Inventor,58.74290084838867
Czechia,2020,,2020,European Patent Office,Patent grants,Inventor,253.1553955078125
Czechia,2020,,2020,European Patent Office,Patent grants,Applicant,47.0
Czechia,2020,,2020,European Patent Office,Patent grants,Applicant,158.0
Czechia,2020,,2020,World Intellectual Property Organization,Patent applications,Inventor,261.3364868164063
Czechia,2020,,2020,World Intellectual Property Organization,Patent applications,Applicant,201.7095031738281
Czechia,2020,,2020,United States Patent and Trademark Office,Patent applications,Inventor,365.0618896484375
Czechia,2020,,2020,United States Patent and Trademark Office,Patent applications,Applicant,170.3332977294922
Czechia,2020,,2020,United States Patent and Trademark Office,Patent grants,Inventor,183.1676025390625
Czechia,2020,,2020,United States Patent and Trademark Office,Patent grants,Inventor,346.8471069335938
Czechia,2020,,2020,United States Patent and Trademark Office,Patent grants,Applicant,69.16670227050781
Czechia,2020,,2020,United States Patent and Trademark Office,Patent grants,Applicant,162.9333038330078
Czechia,2021,,2021,European Patent Office,Patent applications,Inventor,249.8415069580078
Czechia,2021,,2021,European Patent Office,Patent applications,Applicant,189.6999969482422
Czechia,2021,,2021,European Patent Office,Patent grants,Inventor,195.1293029785156
Czechia,2021,,2021,European Patent Office,Patent grants,Applicant,139.3332977294922
Czechia,2021,,2021,World Intellectual Property Organization,Patent applications,Inventor,326.0003967285156
Czechia,2021,,2021,World Intellectual Property Organization,Patent applications,Applicant,277.9500122070313
Czechia,2021,,2021,United States Patent and Trademark Office,Patent applications,Inventor,265.1572875976563
Czechia,2021,,2021,United States Patent and Trademark Office,Patent applications,Applicant,120.61669921875
Czechia,2021,,2021,United States Patent and Trademark Office,Patent grants,Inventor,293.9137878417969
Czechia,2021,,2021,United States Patent and Trademark Office,Patent grants,Applicant,111.5
Denmark,2018,,2018,European Patent Office,Patent applications,Inventor,1691.6982421875
Denmark,2018,,2018,European Patent Office,Patent applications,Applicant,1778.583251953125
Denmark,2018,,2018,European Patent Office,Patent grants,Inventor,654.2246704101562
Denmark,2018,,2018,European Patent Office,Patent grants,Inventor,1165.142456054688
Denmark,2018,,2018,European Patent Office,Patent grants,Applicant,701.3333129882812
Denmark,2018,,2018,European Patent Office,Patent grants,Applicant,1195.628784179688
Denmark,2018,,2018,World Intellectual Property Organization,Patent applications,Inventor,1346.629028320313
Denmark,2018,,2018,World Intellectual Property Organization,Patent applications,Applicant,1423.916748046875
Denmark,2018,,2018,United States Patent and Trademark Office,Patent applications,Inventor,1551.47509765625
Denmark,2018,,2018,United States Patent and Trademark Office,Patent applications,Applicant,1621.551147460938
Denmark,2018,,2018,United States Patent and Trademark Office,Patent grants,Inventor,1071.034912109375
Denmark,2018,,2018,United States Patent and Trademark Office,Patent grants,Inventor,1119.286499023438
Denmark,2018,,2018,United States Patent and Trademark Office,Patent grants,Applicant,1098.101196289063
Denmark,2018,,2018,United States Patent and Trademark Office,Patent grants,Applicant,1067.521728515625
Denmark,2019,,2019,European Patent Office,Patent applications,Inventor,1624.458740234375
Denmark,2019,,2019,European Patent Office,Patent applications,Applicant,1712.583251953125
Denmark,2019,,2019,European Patent Office,Patent grants,Inventor,436.7619934082031
Denmark,2019,,2019,European Patent Office,Patent grants,Inventor,1277.517456054688
Denmark,2019,,2019,European Patent Office,Patent grants,Applicant,464.1666870117188
Denmark,2019,,2019,European Patent Office,Patent grants,Applicant,1311.666748046875
Denmark,2019,,2019,World Intellectual Property Organization,Patent applications,Inventor,1376.8525390625
Denmark,2019,,2019,World Intellectual Property Organization,Patent applications,Applicant,1410.166748046875
Denmark,2019,,2019,United States Patent and Trademark Office,Patent applications,Inventor,1624.448852539063
Denmark,2019,,2019,United States Patent and Trademark Office,Patent applications,Applicant,1734.361083984375
Denmark,2019,,2019,United States Patent and Trademark Office,Patent grants,Inventor,751.8201904296875
Denmark,2019,,2019,United States Patent and Trademark Office,Patent grants,Inventor,1221.486572265625
Denmark,2019,,2019,United States Patent and Trademark Office,Patent grants,Applicant,829.2777709960938
Denmark,2019,,2019,United States Patent and Trademark Office,Patent grants,Applicant,1205.8349609375
Denmark,2020,,2020,European Patent Office,Patent applications,Inventor,1695.09130859375
Denmark,2020,,2020,European Patent Office,Patent applications,Applicant,1822.11669921875
Denmark,2020,,2020,European Patent Office,Patent grants,Inventor,202.3094940185547
Denmark,2020,,2020,European Patent Office,Patent grants,Inventor,1227.517822265625
Denmark,2020,,2020,European Patent Office,Patent grants,Applicant,213.5
Denmark,2020,,2020,European Patent Office,Patent grants,Applicant,1274.083251953125
Denmark,2020,,2020,World Intellectual Property Organization,Patent applications,Inventor,1458.881958007813
Denmark,2020,,2020,World Intellectual Property Organization,Patent applications,Applicant,1546.574951171875
Denmark,2020,,2020,United States Patent and Trademark Office,Patent applications,Inventor,1694.980102539063
Denmark,2020,,2020,United States Patent and Trademark Office,Patent applications,Applicant,1813.556030273438
Denmark,2020,,2020,United States Patent and Trademark Office,Patent grants,Inventor,497.0230102539063
Denmark,2020,,2020,United States Patent and Trademark Office,Patent grants,Inventor,1193.076049804688
Denmark,2020,,2020,United States Patent and Trademark Office,Patent grants,Applicant,517.6286010742188
Denmark,2020,,2020,United States Patent and Trademark Office,Patent grants,Applicant,1206.527099609375
Denmark,2021,,2021,European Patent Office,Patent applications,Inventor,1572.896240234375
Denmark,2021,,2021,European Patent Office,Patent applications,Applicant,1611.783325195313
Denmark,2021,,2021,European Patent Office,Patent grants,Inventor,1078.34033203125
Denmark,2021,,2021,European Patent Office,Patent grants,Applicant,1143.25
Denmark,2021,,2021,World Intellectual Property Organization,Patent applications,Inventor,1544.612060546875
Denmark,2021,,2021,World Intellectual Property Organization,Patent applications,Applicant,1522.150024414063
Denmark,2021,,2021,United States Patent and Trademark Office,Patent applications,Inventor,1174.006225585938
Denmark,2021,,2021,United States Patent and Trademark Office,Patent applications,Applicant,1220.916748046875
Denmark,2021,,2021,United States Patent and Trademark Office,Patent grants,Inventor,1176.196655273438
Denmark,2021,,2021,United States Patent and Trademark Office,Patent grants,Applicant,1248.827758789063
Estonia,2018,,2018,European Patent Office,Patent applications,Inventor,38.59389877319336
Estonia,2018,,2018,European Patent Office,Patent applications,Applicant,35.5
Estonia,2018,,2018,European Patent Office,Patent grants,Inventor,15.75
Estonia,2018,,2018,European Patent Office,Patent grants,Inventor,32.6786003112793
Estonia,2018,,2018,European Patent Office,Patent grants,Applicant,13.0
Estonia,2018,,2018,European Patent Office,Patent grants,Applicant,21.0
Estonia,2018,,2018,World Intellectual Property Organization,Patent applications,Inventor,47.01060104370117
Estonia,2018,,2018,World Intellectual Property Organization,Patent applications,Applicant,45.5
Estonia,2018,,2018,United States Patent and Trademark Office,Patent applications,Inventor,41.85559844970703
Estonia,2018,,2018,United States Patent and Trademark Office,Patent applications,Applicant,30.5
Estonia,2018,,2018,United States Patent and Trademark Office,Patent grants,Inventor,29.2721996307373
Estonia,2018,,2018,United States Patent and Trademark Office,Patent grants,Inventor,33.19250106811523
Estonia,2018,,2018,United States Patent and Trademark Office,Patent grants,Applicant,21.0
Estonia,2018,,2018,United States Patent and Trademark Office,Patent grants,Applicant,20.48329925537109
Estonia,2019,,2019,European Patent Office,Patent applications,Inventor,42.27379989624023
Estonia,2019,,2019,European Patent Office,Patent applications,Applicant,39.5
Estonia,2019,,2019,European Patent Office,Patent grants,Inventor,6.0
Estonia,2019,,2019,European Patent Office,Patent grants,Inventor,30.42060089111328
Estonia,2019,,2019,European Patent Office,Patent grants,Applicant,4.0
Estonia,2019,,2019,European Patent Office,Patent grants,Applicant,16.0
Estonia,2019,,2019,World Intellectual Property Organization,Patent applications,Inventor,40.94049835205078
Estonia,2019,,2019,World Intellectual Property Organization,Patent applications,Applicant,35.5
Estonia,2019,,2019,United States Patent and Trademark Office,Patent applications,Inventor,64.72229766845703
Estonia,2019,,2019,United States Patent and Trademark Office,Patent applications,Applicant,54.0
Estonia,2019,,2019,United States Patent and Trademark Office,Patent grants,Inventor,36.86520004272461
Estonia,2019,,2019,United States Patent and Trademark Office,Patent grants,Inventor,45.47620010375977
Estonia,2019,,2019,United States Patent and Trademark Office,Patent grants,Applicant,27.83329963684082
Estonia,2019,,2019,United States Patent and Trademark Office,Patent grants,Applicant,29.5
Estonia,2020,,2020,European Patent Office,Patent applications,Inventor,65.7667007446289
Estonia,2020,,2020,European Patent Office,Patent applications,Applicant,58.83330154418945
Estonia,2020,,2020,European Patent Office,Patent grants,Inventor,6.0
Estonia,2020,,2020,European Patent Office,Patent grants,Inventor,24.15950012207031
Estonia,2020,,2020,European Patent Office,Patent grants,Applicant,3.0
Estonia,2020,,2020,European Patent Office,Patent grants,Applicant,20.5
Estonia,2020,,2020,World Intellectual Property Organization,Patent applications,Inventor,51.22499847412109
Estonia,2020,,2020,World Intellectual Property Organization,Patent applications,Applicant,50.83330154418945
Estonia,2020,,2020,United States Patent and Trademark Office,Patent applications,Inventor,65.33560180664062
Estonia,2020,,2020,United States Patent and Trademark Office,Patent applications,Applicant,58.0713996887207
Estonia,2020,,2020,United States Patent and Trademark Office,Patent grants,Inventor,28.01059913635254
Estonia,2020,,2020,United States Patent and Trademark Office,Patent grants,Inventor,27.41900062561035
Estonia,2020,,2020,United States Patent and Trademark Office,Patent grants,Applicant,18.5713996887207
Estonia,2020,,2020,United States Patent and Trademark Office,Patent grants,Applicant,23.66670036315918
Estonia,2021,,2021,European Patent Office,Patent applications,Inventor,46.10710144042969
Estonia,2021,,2021,European Patent Office,Patent applications,Applicant,44.5
Estonia,2021,,2021,European Patent Office,Patent grants,Inventor,18.35000038146973
Estonia,2021,,2021,European Patent Office,Patent grants,Applicant,12.0
Estonia,2021,,2021,World Intellectual Property Organization,Patent applications,Inventor,48.72380065917969
Estonia,2021,,2021,World Intellectual Property Organization,Patent applications,Applicant,47.33330154418945
Estonia,2021,,2021,United States Patent and Trademark Office,Patent applications,Inventor,48.71709823608398
Estonia,2021,,2021,United States Patent and Trademark Office,Patent applications,Applicant,34.0
Estonia,2021,,2021,United States Patent and Trademark Office,Patent grants,Inventor,41.09690093994141
Estonia,2021,,2021,United States Patent and Trademark Office,Patent grants,Applicant,27.16670036315918
Finland,2018,,2018,European Patent Office,Patent applications,Inventor,1462.681640625
Finland,2018,,2018,European Patent Office,Patent applications,Applicant,1781.833251953125
Finland,2018,,2018,European Patent Office,Patent grants,Inventor,549.6055297851562
Finland,2018,,2018,European Patent Office,Patent grants,Inventor,1457.801391601563
Finland,2018,,2018,European Patent Office,Patent grants,Applicant,585.0
Finland,2018,,2018,European Patent Office,Patent grants,Applicant,1542.962158203125
Finland,2018,,2018,World Intellectual Property Organization,Patent applications,Inventor,1426.270141601563
Finland,2018,,2018,World Intellectual Property Organization,Patent applications,Applicant,1988.333251953125
Finland,2018,,2018,United States Patent and Trademark Office,Patent applications,Inventor,1659.795776367188
Finland,2018,,2018,United States Patent and Trademark Office,Patent applications,Applicant,1813.333251953125
Finland,2018,,2018,United States Patent and Trademark Office,Patent grants,Inventor,1187.949096679688
Finland,2018,,2018,United States Patent and Trademark Office,Patent grants,Inventor,1447.347534179688
Finland,2018,,2018,United States Patent and Trademark Office,Patent grants,Applicant,1182.083251953125
Finland,2018,,2018,United States Patent and Trademark Office,Patent grants,Applicant,1347.875610351563
Finland,2019,,2019,European Patent Office,Patent applications,Inventor,1525.006103515625
Finland,2019,,2019,European Patent Office,Patent applications,Applicant,1805.916748046875
Finland,2019,,2019,European Patent Office,Patent grants,Inventor,359.9114990234375
Finland,2019,,2019,European Patent Office,Patent grants,Inventor,1457.392700195313
Finland,2019,,2019,European Patent Office,Patent grants,Applicant,357.5
Finland,2019,,2019,European Patent Office,Patent grants,Applicant,1623.833251953125
Finland,2019,,2019,World Intellectual Property Organization,Patent applications,Inventor,1368.096557617188
Finland,2019,,2019,World Intellectual Property Organization,Patent applications,Applicant,1835.416748046875
Finland,2019,,2019,United States Patent and Trademark Office,Patent applications,Inventor,1674.920166015625
Finland,2019,,2019,United States Patent and Trademark Office,Patent applications,Applicant,1754.199951171875
Finland,2019,,2019,United States Patent and Trademark Office,Patent grants,Inventor,874.5471801757812
Finland,2019,,2019,United States Patent and Trademark Office,Patent grants,Inventor,1520.801635742188
Finland,2019,,2019,United States Patent and Trademark Office,Patent grants,Applicant,761.4500122070312
Finland,2019,,2019,United States Patent and Trademark Office,Patent grants,Applicant,1455.943725585938
Finland,2020,,2020,European Patent Office,Patent applications,Inventor,1501.782104492188
Finland,2020,,2020,European Patent Office,Patent applications,Applicant,1870.75
Finland,2020,,2020,European Patent Office,Patent grants,Inventor,159.7077026367188
Finland,2020,,2020,European Patent Office,Patent grants,Inventor,1375.454833984375
Finland,2020,,2020,European Patent Office,Patent grants,Applicant,175.25
Finland,2020,,2020,European Patent Office,Patent grants,Applicant,1561.333251953125
Finland,2020,,2020,World Intellectual Property Organization,Patent applications,Inventor,1342.305908203125
Finland,2020,,2020,World Intellectual Property Organization,Patent applications,Applicant,1862.119018554688
Finland,2020,,2020,United States Patent and Trademark Office,Patent applications,Inventor,1633.539916992188
Finland,2020,,2020,United States Patent and Trademark Office,Patent applications,Applicant,1706.083251953125
Finland,2020,,2020,United States Patent and Trademark Office,Patent grants,Inventor,620.4771118164062
Finland,2020,,2020,United States Patent and Trademark Office,Patent grants,Inventor,1474.128540039063
Finland,2020,,2020,United States Patent and Trademark Office,Patent grants,Applicant,579.8333129882812
Finland,2020,,2020,United States Patent and Trademark Office,Patent grants,Applicant,1426.123779296875
Finland,2021,,2021,European Patent Office,Patent applications,Inventor,1092.12939453125
Finland,2021,,2021,European Patent Office,Patent applications,Applicant,1419.75
Finland,2021,,2021,European Patent Office,Patent grants,Inventor,1081.4892578125
Finland,2021,,2021,European Patent Office,Patent grants,Applicant,1217.0
Finland,2021,,2021,World Intellectual Property Organization,Patent applications,Inventor,1486.731689453125
Finland,2021,,2021,World Intellectual Property Organization,Patent applications,Applicant,2136.0
Finland,2021,,2021,United States Patent and Trademark Office,Patent applications,Inventor,1097.965454101563
Finland,2021,,2021,United States Patent and Trademark Office,Patent applications,Applicant,1242.63330078125
Finland,2021,,2021,United States Patent and Trademark Office,Patent grants,Inventor,1260.049682617188
Finland,2021,,2021,United States Patent and Trademark Office,Patent grants,Applicant,1277.25
France,2018,,2018,European Patent Office,Patent applications,Inventor,9561.6943359375
France,2018,,2018,European Patent Office,Patent applications,Applicant,9206.5283203125
France,2018,,2018,European Patent Office,Patent grants,Inventor,4817.46435546875
France,2018,,2018,European Patent Office,Patent grants,Inventor,8615.1884765625
France,2018,,2018,European Patent Office,Patent grants,Applicant,4665.68115234375
France,2018,,2018,European Patent Office,Patent grants,Applicant,8601.8623046875
France,2018,,2018,World Intellectual Property Organization,Patent applications,Inventor,7923.87451171875
France,2018,,2018,World Intellectual Property Organization,Patent applications,Applicant,7871.99267578125
France,2018,,2018,United States Patent and Trademark Office,Patent applications,Inventor,8316.958984375
France,2018,,2018,United States Patent and Trademark Office,Patent applications,Applicant,7474.01318359375
France,2018,,2018,United States Patent and Trademark Office,Patent grants,Inventor,5842.5478515625
France,2018,,2018,United States Patent and Trademark Office,Patent grants,Inventor,6511.76611328125
France,2018,,2018,United States Patent and Trademark Office,Patent grants,Applicant,5055.5322265625
France,2018,,2018,United States Patent and Trademark Office,Patent grants,Applicant,5897.1611328125
France,2019,,2019,European Patent Office,Patent applications,Inventor,9341.900390625
France,2019,,2019,European Patent Office,Patent applications,Applicant,9050.458984375
France,2019,,2019,European Patent Office,Patent grants,Inventor,3589.16162109375
France,2019,,2019,European Patent Office,Patent grants,Inventor,8904.7275390625
France,2019,,2019,European Patent Office,Patent grants,Applicant,3483.521484375
France,2019,,2019,European Patent Office,Patent grants,Applicant,8777.30078125
France,2019,,2019,World Intellectual Property Organization,Patent applications,Inventor,7900.16650390625
France,2019,,2019,World Intellectual Property Organization,Patent applications,Applicant,7837.546875
France,2019,,2019,United States Patent and Trademark Office,Patent applications,Inventor,8419.8642578125
France,2019,,2019,United States Patent and Trademark Office,Patent applications,Applicant,7405.91650390625
France,2019,,2019,United States Patent and Trademark Office,Patent grants,Inventor,4431.8330078125
France,2019,,2019,United States Patent and Trademark Office,Patent grants,Inventor,7270.01953125
France,2019,,2019,United States Patent and Trademark Office,Patent grants,Applicant,3597.833251953125
France,2019,,2019,United States Patent and Trademark Office,Patent grants,Applicant,6469.65771484375
France,2020,,2020,European Patent Office,Patent applications,Inventor,9480.40625
France,2020,,2020,European Patent Office,Patent applications,Applicant,9305.5498046875
France,2020,,2020,European Patent Office,Patent grants,Inventor,2018.248046875
France,2020,,2020,European Patent Office,Patent grants,Inventor,8556.1513671875
France,2020,,2020,European Patent Office,Patent grants,Applicant,1966.559448242188
France,2020,,2020,European Patent Office,Patent grants,Applicant,8391.3916015625
France,2020,,2020,World Intellectual Property Organization,Patent applications,Inventor,7863.06787109375
France,2020,,2020,World Intellectual Property Organization,Patent applications,Applicant,7799.19873046875
France,2020,,2020,United States Patent and Trademark Office,Patent applications,Inventor,8276.1015625
France,2020,,2020,United States Patent and Trademark Office,Patent applications,Applicant,7381.45068359375
France,2020,,2020,United States Patent and Trademark Office,Patent grants,Inventor,2587.36962890625
France,2020,,2020,United States Patent and Trademark Office,Patent grants,Inventor,7111.52001953125
France,2020,,2020,United States Patent and Trademark Office,Patent grants,Applicant,1975.449951171875
France,2020,,2020,United States Patent and Trademark Office,Patent grants,Applicant,6274.982421875
France,2021,,2021,European Patent Office,Patent applications,Inventor,7387.67529296875
France,2021,,2021,European Patent Office,Patent applications,Applicant,7270.890625
France,2021,,2021,European Patent Office,Patent grants,Inventor,6993.33837890625
France,2021,,2021,European Patent Office,Patent grants,Applicant,6782.99267578125
France,2021,,2021,World Intellectual Property Organization,Patent applications,Inventor,7420.1650390625
France,2021,,2021,World Intellectual Property Organization,Patent applications,Applicant,7338.10693359375
France,2021,,2021,United States Patent and Trademark Office,Patent applications,Inventor,5142.47119140625
France,2021,,2021,United States Patent and Trademark Office,Patent applications,Applicant,4331.591796875
France,2021,,2021,United States Patent and Trademark Office,Patent grants,Inventor,6404.04052734375
France,2021,,2021,United States Patent and Trademark Office,Patent grants,Applicant,5525.32666015625
Germany,2018,,2018,European Patent Office,Patent applications,Inventor,24086.30859375
Germany,2018,,2018,European Patent Office,Patent applications,Applicant,23389.1171875
Germany,2018,,2018,European Patent Office,Patent grants,Inventor,12308.923828125
Germany,2018,,2018,European Patent Office,Patent grants,Inventor,21161.1015625
Germany,2018,,2018,European Patent Office,Patent grants,Applicant,11956.939453125
Germany,2018,,2018,European Patent Office,Patent grants,Applicant,20716.212890625
Germany,2018,,2018,World Intellectual Property Organization,Patent applications,Inventor,19516.453125
Germany,2018,,2018,World Intellectual Property Organization,Patent applications,Applicant,19263.783203125
Germany,2018,,2018,United States Patent and Trademark Office,Patent applications,Inventor,21713.40234375
Germany,2018,,2018,United States Patent and Trademark Office,Patent applications,Applicant,20121.962890625
Germany,2018,,2018,United States Patent and Trademark Office,Patent grants,Inventor,15663.8564453125
Germany,2018,,2018,United States Patent and Trademark Office,Patent grants,Inventor,16033.48046875
Germany,2018,,2018,United States Patent and Trademark Office,Patent grants,Applicant,14393.3154296875
Germany,2018,,2018,United States Patent and Trademark Office,Patent grants,Applicant,14814.1396484375
Germany,2019,,2019,European Patent Office,Patent applications,Inventor,23178.462890625
Germany,2019,,2019,European Patent Office,Patent applications,Applicant,22396.1875
Germany,2019,,2019,European Patent Office,Patent grants,Inventor,8346.2099609375
Germany,2019,,2019,European Patent Office,Patent grants,Inventor,21667.92578125
Germany,2019,,2019,European Patent Office,Patent grants,Applicant,8107.859375
Germany,2019,,2019,European Patent Office,Patent grants,Applicant,21193.208984375
Germany,2019,,2019,World Intellectual Property Organization,Patent applications,Inventor,19036.552734375
Germany,2019,,2019,World Intellectual Property Organization,Patent applications,Applicant,18890.177734375
Germany,2019,,2019,United States Patent and Trademark Office,Patent applications,Inventor,21748.4296875
Germany,2019,,2019,United States Patent and Trademark Office,Patent applications,Applicant,20330.865234375
Germany,2019,,2019,United States Patent and Trademark Office,Patent grants,Inventor,12093.3544921875
Germany,2019,,2019,United States Patent and Trademark Office,Patent grants,Inventor,18337.80078125
Germany,2019,,2019,United States Patent and Trademark Office,Patent grants,Applicant,10983.4541015625
Germany,2019,,2019,United States Patent and Trademark Office,Patent grants,Applicant,16890.751953125
Germany,2020,,2020,European Patent Office,Patent applications,Inventor,23334.587890625
Germany,2020,,2020,European Patent Office,Patent applications,Applicant,22122.525390625
Germany,2020,,2020,European Patent Office,Patent grants,Inventor,4474.36181640625
Germany,2020,,2020,European Patent Office,Patent grants,Inventor,20644.8125
Germany,2020,,2020,European Patent Office,Patent grants,Applicant,4301.6259765625
Germany,2020,,2020,European Patent Office,Patent grants,Applicant,20027.3828125
Germany,2020,,2020,World Intellectual Property Organization,Patent applications,Inventor,18719.5625
Germany,2020,,2020,World Intellectual Property Organization,Patent applications,Applicant,17987.197265625
Germany,2020,,2020,United States Patent and Trademark Office,Patent applications,Inventor,20468.16796875
Germany,2020,,2020,United States Patent and Trademark Office,Patent applications,Applicant,18739.291015625
Germany,2020,,2020,United States Patent and Trademark Office,Patent grants,Inventor,7354.99609375
Germany,2020,,2020,United States Patent and Trademark Office,Patent grants,Inventor,17816.04296875
Germany,2020,,2020,United States Patent and Trademark Office,Patent grants,Applicant,6486.43701171875
Germany,2020,,2020,United States Patent and Trademark Office,Patent grants,Applicant,16290.4228515625
Germany,2021,,2021,European Patent Office,Patent applications,Inventor,19551.201171875
Germany,2021,,2021,European Patent Office,Patent applications,Applicant,18560.544921875
Germany,2021,,2021,European Patent Office,Patent grants,Inventor,17054.251953125
Germany,2021,,2021,European Patent Office,Patent grants,Applicant,16468.125
Germany,2021,,2021,World Intellectual Property Organization,Patent applications,Inventor,17725.712890625
Germany,2021,,2021,World Intellectual Property Organization,Patent applications,Applicant,16916.677734375
Germany,2021,,2021,United States Patent and Trademark Office,Patent applications,Inventor,14333.0048828125
Germany,2021,,2021,United States Patent and Trademark Office,Patent applications,Applicant,12912.8017578125
Germany,2021,,2021,United States Patent and Trademark Office,Patent grants,Inventor,16233.345703125
Germany,2021,,2021,United States Patent and Trademark Office,Patent grants,Applicant,14745.4951171875
Greece,2018,,2018,European Patent Office,Patent applications,Inventor,136.0841064453125
Greece,2018,,2018,European Patent Office,Patent applications,Applicant,100.0278015136719
Greece,2018,,2018,European Patent Office,Patent grants,Inventor,55.15829849243164
Greece,2018,,2018,European Patent Office,Patent grants,Inventor,69.40619659423828
Greece,2018,,2018,European Patent Office,Patent grants,Applicant,48.91669845581055
Greece,2018,,2018,European Patent Office,Patent grants,Applicant,48.24549865722656
Greece,2018,,2018,World Intellectual Property Organization,Patent applications,Inventor,133.10400390625
Greece,2018,,2018,World Intellectual Property Organization,Patent applications,Applicant,98.3373031616211
Greece,2018,,2018,United States Patent and Trademark Office,Patent applications,Inventor,176.3260955810547
Greece,2018,,2018,United States Patent and Trademark Office,Patent applications,Applicant,112.2316970825195
Greece,2018,,2018,United States Patent and Trademark Office,Patent grants,Inventor,110.9768981933594
Greece,2018,,2018,United States Patent and Trademark Office,Patent grants,Inventor,90.7166976928711
Greece,2018,,2018,United States Patent and Trademark Office,Patent grants,Applicant,61.11669921875
Greece,2018,,2018,United States Patent and Trademark Office,Patent grants,Applicant,57.36669921875
Greece,2019,,2019,European Patent Office,Patent applications,Inventor,147.3385009765625
Greece,2019,,2019,European Patent Office,Patent applications,Applicant,121.5
Greece,2019,,2019,European Patent Office,Patent grants,Inventor,40.59170150756836
Greece,2019,,2019,European Patent Office,Patent grants,Inventor,77.44210052490234
Greece,2019,,2019,European Patent Office,Patent grants,Applicant,37.66669845581055
Greece,2019,,2019,European Patent Office,Patent grants,Applicant,56.0
Greece,2019,,2019,World Intellectual Property Organization,Patent applications,Inventor,154.9302062988281
Greece,2019,,2019,World Intellectual Property Organization,Patent applications,Applicant,113.8332977294922
Greece,2019,,2019,United States Patent and Trademark Office,Patent applications,Inventor,194.2052001953125
Greece,2019,,2019,United States Patent and Trademark Office,Patent applications,Applicant,107.7833023071289
Greece,2019,,2019,United States Patent and Trademark Office,Patent grants,Inventor,93.6178970336914
Greece,2019,,2019,United States Patent and Trademark Office,Patent grants,Inventor,130.8285980224609
Greece,2019,,2019,United States Patent and Trademark Office,Patent grants,Applicant,40.75
Greece,2019,,2019,United States Patent and Trademark Office,Patent grants,Applicant,73.18939971923828
Greece,2020,,2020,European Patent Office,Patent applications,Inventor,152.0036926269531
Greece,2020,,2020,European Patent Office,Patent applications,Applicant,119.75
Greece,2020,,2020,European Patent Office,Patent grants,Inventor,11.33329963684082
Greece,2020,,2020,European Patent Office,Patent grants,Inventor,112.428596496582
Greece,2020,,2020,European Patent Office,Patent grants,Applicant,10.75
Greece,2020,,2020,European Patent Office,Patent grants,Applicant,90.5
Greece,2020,,2020,World Intellectual Property Organization,Patent applications,Inventor,124.6220016479492
Greece,2020,,2020,World Intellectual Property Organization,Patent applications,Applicant,92.29170227050781
Greece,2020,,2020,United States Patent and Trademark Office,Patent applications,Inventor,165.8654937744141
Greece,2020,,2020,United States Patent and Trademark Office,Patent applications,Applicant,98.55950164794922
Greece,2020,,2020,United States Patent and Trademark Office,Patent grants,Inventor,77.72019958496094
Greece,2020,,2020,United States Patent and Trademark Office,Patent grants,Inventor,123.4011993408203
Greece,2020,,2020,United States Patent and Trademark Office,Patent grants,Applicant,31.41670036315918
Greece,2020,,2020,United States Patent and Trademark Office,Patent grants,Applicant,67.20829772949219
Greece,2021,,2021,European Patent Office,Patent applications,Inventor,161.6940002441406
Greece,2021,,2021,European Patent Office,Patent applications,Applicant,126.25
Greece,2021,,2021,European Patent Office,Patent grants,Inventor,88.44920349121094
Greece,2021,,2021,European Patent Office,Patent grants,Applicant,68.5
Greece,2021,,2021,World Intellectual Property Organization,Patent applications,Inventor,117.7082977294922
Greece,2021,,2021,World Intellectual Property Organization,Patent applications,Applicant,83.75
Greece,2021,,2021,United States Patent and Trademark Office,Patent applications,Inventor,150.2149963378906
Greece,2021,,2021,United States Patent and Trademark Office,Patent applications,Applicant,85.25
Greece,2021,,2021,United States Patent and Trademark Office,Patent grants,Inventor,124.2841033935547
Greece,2021,,2021,United States Patent and Trademark Office,Patent grants,Applicant,68.69999694824219
Hungary,2018,,2018,European Patent Office,Patent applications,Inventor,224.0263977050781
Hungary,2018,,2018,European Patent Office,Patent applications,Applicant,107.75
Hungary,2018,,2018,European Patent Office,Patent grants,Inventor,95.34239959716797
Hungary,2018,,2018,European Patent Office,Patent grants,Inventor,155.2575073242188
Hungary,2018,,2018,European Patent Office,Patent grants,Applicant,41.5
Hungary,2018,,2018,European Patent Office,Patent grants,Applicant,67.16670227050781
Hungary,2018,,2018,World Intellectual Property Organization,Patent applications,Inventor,234.5661926269531
Hungary,2018,,2018,World Intellectual Property Organization,Patent applications,Applicant,141.0
Hungary,2018,,2018,United States Patent and Trademark Office,Patent applications,Inventor,196.8323059082031
Hungary,2018,,2018,United States Patent and Trademark Office,Patent applications,Applicant,94.91670227050781
Hungary,2018,,2018,United States Patent and Trademark Office,Patent grants,Inventor,129.8500061035156
Hungary,2018,,2018,United States Patent and Trademark Office,Patent grants,Inventor,136.9989929199219
Hungary,2018,,2018,United States Patent and Trademark Office,Patent grants,Applicant,56.83330154418945
Hungary,2018,,2018,United States Patent and Trademark Office,Patent grants,Applicant,63.99089813232422
Hungary,2019,,2019,European Patent Office,Patent applications,Inventor,249.2610931396484
Hungary,2019,,2019,European Patent Office,Patent applications,Applicant,108.5
Hungary,2019,,2019,European Patent Office,Patent grants,Inventor,70.80829620361328
Hungary,2019,,2019,European Patent Office,Patent grants,Inventor,167.0921020507813
Hungary,2019,,2019,European Patent Office,Patent grants,Applicant,28.5
Hungary,2019,,2019,European Patent Office,Patent grants,Applicant,74.625
Hungary,2019,,2019,World Intellectual Property Organization,Patent applications,Inventor,307.9753112792969
Hungary,2019,,2019,World Intellectual Property Organization,Patent applications,Applicant,143.0
Hungary,2019,,2019,United States Patent and Trademark Office,Patent applications,Inventor,270.468994140625
Hungary,2019,,2019,United States Patent and Trademark Office,Patent applications,Applicant,111.9167022705078
Hungary,2019,,2019,United States Patent and Trademark Office,Patent grants,Inventor,115.7674026489258
Hungary,2019,,2019,United States Patent and Trademark Office,Patent grants,Inventor,175.9470977783203
Hungary,2019,,2019,United States Patent and Trademark Office,Patent grants,Applicant,53.0
Hungary,2019,,2019,United States Patent and Trademark Office,Patent grants,Applicant,69.44999694824219
Hungary,2020,,2020,European Patent Office,Patent applications,Inventor,222.5420989990234
Hungary,2020,,2020,European Patent Office,Patent applications,Applicant,107.5
Hungary,2020,,2020,European Patent Office,Patent grants,Inventor,37.2598991394043
Hungary,2020,,2020,European Patent Office,Patent grants,Inventor,165.0021057128906
Hungary,2020,,2020,European Patent Office,Patent grants,Applicant,19.0
Hungary,2020,,2020,European Patent Office,Patent grants,Applicant,78.33329772949219
Hungary,2020,,2020,World Intellectual Property Organization,Patent applications,Inventor,248.5370025634766
Hungary,2020,,2020,World Intellectual Property Organization,Patent applications,Applicant,118.4643020629883
Hungary,2020,,2020,United States Patent and Trademark Office,Patent applications,Inventor,196.2364044189453
Hungary,2020,,2020,United States Patent and Trademark Office,Patent applications,Applicant,94.75
Hungary,2020,,2020,United States Patent and Trademark Office,Patent grants,Inventor,61.52080154418945
Hungary,2020,,2020,United States Patent and Trademark Office,Patent grants,Inventor,169.6365051269531
Hungary,2020,,2020,United States Patent and Trademark Office,Patent grants,Applicant,22.83329963684082
Hungary,2020,,2020,United States Patent and Trademark Office,Patent grants,Applicant,68.91670227050781
Hungary,2021,,2021,European Patent Office,Patent applications,Inventor,153.6773071289063
Hungary,2021,,2021,European Patent Office,Patent applications,Applicant,62.5
Hungary,2021,,2021,European Patent Office,Patent grants,Inventor,136.7366027832031
Hungary,2021,,2021,European Patent Office,Patent grants,Applicant,52.0
Hungary,2021,,2021,World Intellectual Property Organization,Patent applications,Inventor,247.1325988769531
Hungary,2021,,2021,World Intellectual Property Organization,Patent applications,Applicant,102.6667022705078
Hungary,2021,,2021,United States Patent and Trademark Office,Patent applications,Inventor,114.1635971069336
Hungary,2021,,2021,United States Patent and Trademark Office,Patent applications,Applicant,44.75
Hungary,2021,,2021,United States Patent and Trademark Office,Patent grants,Inventor,157.5628051757813
Hungary,2021,,2021,United States Patent and Trademark Office,Patent grants,Applicant,58.25
Iceland,2018,,2018,European Patent Office,Patent applications,Inventor,40.08330154418945
Iceland,2018,,2018,European Patent Office,Patent applications,Applicant,47.0
Iceland,2018,,2018,European Patent Office,Patent grants,Inventor,13.83329963684082
Iceland,2018,,2018,European Patent Office,Patent grants,Inventor,40.26670074462891
Iceland,2018,,2018,European Patent Office,Patent grants,Applicant,19.0
Iceland,2018,,2018,European Patent Office,Patent grants,Applicant,51.25
Iceland,2018,,2018,World Intellectual Property Organization,Patent applications,Inventor,45.33330154418945
Iceland,2018,,2018,World Intellectual Property Organization,Patent applications,Applicant,50.5
Iceland,2018,,2018,United States Patent and Trademark Office,Patent applications,Inventor,68.34290313720703
Iceland,2018,,2018,United States Patent and Trademark Office,Patent applications,Applicant,78.5
Iceland,2018,,2018,United States Patent and Trademark Office,Patent grants,Inventor,55.79290008544922
Iceland,2018,,2018,United States Patent and Trademark Office,Patent grants,Inventor,43.98329925537109
Iceland,2018,,2018,United States Patent and Trademark Office,Patent grants,Applicant,66.5
Iceland,2018,,2018,United States Patent and Trademark Office,Patent grants,Applicant,50.83330154418945
Iceland,2019,,2019,European Patent Office,Patent applications,Inventor,31.98209953308105
Iceland,2019,,2019,European Patent Office,Patent applications,Applicant,32.0
Iceland,2019,,2019,European Patent Office,Patent grants,Inventor,5.333300113677979
Iceland,2019,,2019,European Patent Office,Patent grants,Inventor,20.89170074462891
Iceland,2019,,2019,European Patent Office,Patent grants,Applicant,6.0
Iceland,2019,,2019,European Patent Office,Patent grants,Applicant,29.0
Iceland,2019,,2019,World Intellectual Property Organization,Patent applications,Inventor,39.31549835205078
Iceland,2019,,2019,World Intellectual Property Organization,Patent applications,Applicant,40.0
Iceland,2019,,2019,United States Patent and Trademark Office,Patent applications,Inventor,54.21250152587891
Iceland,2019,,2019,United States Patent and Trademark Office,Patent applications,Applicant,59.0
Iceland,2019,,2019,United States Patent and Trademark Office,Patent grants,Inventor,31.01250076293945
Iceland,2019,,2019,United States Patent and Trademark Office,Patent grants,Inventor,45.24169921875
Iceland,2019,,2019,United States Patent and Trademark Office,Patent grants,Applicant,37.0
Iceland,2019,,2019,United States Patent and Trademark Office,Patent grants,Applicant,57.86669921875
Iceland,2020,,2020,European Patent Office,Patent applications,Inventor,38.73329925537109
Iceland,2020,,2020,European Patent Office,Patent applications,Applicant,41.5
Iceland,2020,,2020,European Patent Office,Patent grants,Inventor,2.0
Iceland,2020,,2020,European Patent Office,Patent grants,Inventor,25.55949974060059
Iceland,2020,,2020,European Patent Office,Patent grants,Applicant,3.0
Iceland,2020,,2020,European Patent Office,Patent grants,Applicant,31.0
Iceland,2020,,2020,World Intellectual Property Organization,Patent applications,Inventor,41.79999923706055
Iceland,2020,,2020,World Intellectual Property Organization,Patent applications,Applicant,46.16669845581055
Iceland,2020,,2020,United States Patent and Trademark Office,Patent applications,Inventor,70.0790023803711
Iceland,2020,,2020,United States Patent and Trademark Office,Patent applications,Applicant,79.5
Iceland,2020,,2020,United States Patent and Trademark Office,Patent grants,Inventor,26.69440078735352
Iceland,2020,,2020,United States Patent and Trademark Office,Patent grants,Inventor,50.49580001831055
Iceland,2020,,2020,United States Patent and Trademark Office,Patent grants,Applicant,30.0
Iceland,2020,,2020,United States Patent and Trademark Office,Patent grants,Applicant,67.5
Iceland,2021,,2021,European Patent Office,Patent applications,Inventor,18.86669921875
Iceland,2021,,2021,European Patent Office,Patent applications,Applicant,19.83329963684082
Iceland,2021,,2021,European Patent Office,Patent grants,Inventor,34.72779846191406
Iceland,2021,,2021,European Patent Office,Patent grants,Applicant,40.0
Iceland,2021,,2021,World Intellectual Property Organization,Patent applications,Inventor,28.36669921875
Iceland,2021,,2021,World Intellectual Property Organization,Patent applications,Applicant,30.5
Iceland,2021,,2021,United States Patent and Trademark Office,Patent applications,Inventor,37.91669845581055
Iceland,2021,,2021,United States Patent and Trademark Office,Patent applications,Applicant,43.5
Iceland,2021,,2021,United States Patent and Trademark Office,Patent grants,Inventor,40.18569946289063
Iceland,2021,,2021,United States Patent and Trademark Office,Patent grants,Applicant,49.5
Ireland,2018,,2018,European Patent Office,Patent applications,Inventor,416.310302734375
Ireland,2018,,2018,European Patent Office,Patent applications,Applicant,657.8944091796875
Ireland,2018,,2018,European Patent Office,Patent grants,Inventor,134.5048065185547
Ireland,2018,,2018,European Patent Office,Patent grants,Inventor,301.16259765625
Ireland,2018,,2018,European Patent Office,Patent grants,Applicant,207.6667022705078
Ireland,2018,,2018,European Patent Office,Patent grants,Applicant,523.0
Ireland,2018,,2018,World Intellectual Property Organization,Patent applications,Inventor,433.6326904296875
Ireland,2018,,2018,World Intellectual Property Organization,Patent applications,Applicant,623.2706298828125
Ireland,2018,,2018,United States Patent and Trademark Office,Patent applications,Inventor,979.1771850585938
Ireland,2018,,2018,United States Patent and Trademark Office,Patent applications,Applicant,1507.262329101563
Ireland,2018,,2018,United States Patent and Trademark Office,Patent grants,Inventor,798.9243774414062
Ireland,2018,,2018,United States Patent and Trademark Office,Patent grants,Inventor,685.830810546875
Ireland,2018,,2018,United States Patent and Trademark Office,Patent grants,Applicant,1240.266723632813
Ireland,2018,,2018,United States Patent and Trademark Office,Patent grants,Applicant,894.1920776367188
Ireland,2019,,2019,European Patent Office,Patent applications,Inventor,462.5114135742188
Ireland,2019,,2019,European Patent Office,Patent applications,Applicant,834.9166870117188
Ireland,2019,,2019,European Patent Office,Patent grants,Inventor,89.34519958496094
Ireland,2019,,2019,European Patent Office,Patent grants,Inventor,306.5062866210938
Ireland,2019,,2019,European Patent Office,Patent grants,Applicant,201.5
Ireland,2019,,2019,European Patent Office,Patent grants,Applicant,549.9583129882812
Ireland,2019,,2019,World Intellectual Property Organization,Patent applications,Inventor,399.6166076660156
Ireland,2019,,2019,World Intellectual Property Organization,Patent applications,Applicant,663.9583129882812
Ireland,2019,,2019,United States Patent and Trademark Office,Patent applications,Inventor,1056.750244140625
Ireland,2019,,2019,United States Patent and Trademark Office,Patent applications,Applicant,1866.155639648438
Ireland,2019,,2019,United States Patent and Trademark Office,Patent grants,Inventor,744.3693237304688
Ireland,2019,,2019,United States Patent and Trademark Office,Patent grants,Inventor,829.546875
Ireland,2019,,2019,United States Patent and Trademark Office,Patent grants,Applicant,1345.483276367188
Ireland,2019,,2019,United States Patent and Trademark Office,Patent grants,Applicant,1308.083740234375
Ireland,2020,,2020,European Patent Office,Patent applications,Inventor,537.2708740234375
Ireland,2020,,2020,European Patent Office,Patent applications,Applicant,857.4166870117188
Ireland,2020,,2020,European Patent Office,Patent grants,Inventor,45.13330078125
Ireland,2020,,2020,European Patent Office,Patent grants,Inventor,348.4482116699219
Ireland,2020,,2020,European Patent Office,Patent grants,Applicant,93.83329772949219
Ireland,2020,,2020,European Patent Office,Patent grants,Applicant,623.1666870117188
Ireland,2020,,2020,World Intellectual Property Organization,Patent applications,Inventor,450.8573913574219
Ireland,2020,,2020,World Intellectual Property Organization,Patent applications,Applicant,745.4332885742188
Ireland,2020,,2020,United States Patent and Trademark Office,Patent applications,Inventor,1072.457763671875
Ireland,2020,,2020,United States Patent and Trademark Office,Patent applications,Applicant,1715.318969726563
Ireland,2020,,2020,United States Patent and Trademark Office,Patent grants,Inventor,527.7606201171875
Ireland,2020,,2020,United States Patent and Trademark Office,Patent grants,Inventor,967.7265014648438
Ireland,2020,,2020,United States Patent and Trademark Office,Patent grants,Applicant,944.4500122070312
Ireland,2020,,2020,United States Patent and Trademark Office,Patent grants,Applicant,1426.476196289063
Ireland,2021,,2021,European Patent Office,Patent applications,Inventor,467.8121032714844
Ireland,2021,,2021,European Patent Office,Patent applications,Applicant,826.9166870117188
Ireland,2021,,2021,European Patent Office,Patent grants,Inventor,271.7489929199219
Ireland,2021,,2021,European Patent Office,Patent grants,Applicant,544.8333129882812
Ireland,2021,,2021,World Intellectual Property Organization,Patent applications,Inventor,553.3535766601562
Ireland,2021,,2021,World Intellectual Property Organization,Patent applications,Applicant,919.0333251953125
Ireland,2021,,2021,United States Patent and Trademark Office,Patent applications,Inventor,964.75341796875
Ireland,2021,,2021,United States Patent and Trademark Office,Patent applications,Applicant,1407.695556640625
Ireland,2021,,2021,United States Patent and Trademark Office,Patent grants,Inventor,904.63232421875
Ireland,2021,,2021,United States Patent and Trademark Office,Patent grants,Applicant,1342.926147460938
Israel,2018,,2018,European Patent Office,Patent applications,Inventor,1646.134155273438
Israel,2018,,2018,European Patent Office,Patent applications,Applicant,1485.571411132813
Israel,2018,,2018,European Patent Office,Patent grants,Inventor,403.4587097167969
Israel,2018,,2018,European Patent Office,Patent grants,Inventor,945.2423095703125
Israel,2018,,2018,European Patent Office,Patent grants,Applicant,386.1666870117188
Israel,2018,,2018,European Patent Office,Patent grants,Applicant,717.9166870117188
Israel,2018,,2018,World Intellectual Property Organization,Patent applications,Inventor,2134.333740234375
Israel,2018,,2018,World Intellectual Property Organization,Patent applications,Applicant,1831.113159179688
Israel,2018,,2018,United States Patent and Trademark Office,Patent applications,Inventor,5083.9052734375
Israel,2018,,2018,United States Patent and Trademark Office,Patent applications,Applicant,3527.158447265625
Israel,2018,,2018,United States Patent and Trademark Office,Patent grants,Inventor,3914.885498046875
Israel,2018,,2018,United States Patent and Trademark Office,Patent grants,Inventor,4021.606689453125
Israel,2018,,2018,United States Patent and Trademark Office,Patent grants,Applicant,2503.614501953125
Israel,2018,,2018,United States Patent and Trademark Office,Patent grants,Applicant,2428.726806640625
Israel,2019,,2019,European Patent Office,Patent applications,Inventor,1697.42626953125
Israel,2019,,2019,European Patent Office,Patent applications,Applicant,1552.75
Israel,2019,,2019,European Patent Office,Patent grants,Inventor,228.1121978759766
Israel,2019,,2019,European Patent Office,Patent grants,Inventor,1090.578369140625
Israel,2019,,2019,European Patent Office,Patent grants,Applicant,197.1667022705078
Israel,2019,,2019,European Patent Office,Patent grants,Applicant,843.0
Israel,2019,,2019,World Intellectual Property Organization,Patent applications,Inventor,2203.397216796875
Israel,2019,,2019,World Intellectual Property Organization,Patent applications,Applicant,1962.282104492188
Israel,2019,,2019,United States Patent and Trademark Office,Patent applications,Inventor,5533.56640625
Israel,2019,,2019,United States Patent and Trademark Office,Patent applications,Applicant,3799.96923828125
Israel,2019,,2019,United States Patent and Trademark Office,Patent grants,Inventor,3880.314208984375
Israel,2019,,2019,United States Patent and Trademark Office,Patent grants,Inventor,4649.1279296875
Israel,2019,,2019,United States Patent and Trademark Office,Patent grants,Applicant,2338.740966796875
Israel,2019,,2019,United States Patent and Trademark Office,Patent grants,Applicant,2845.78955078125
Israel,2020,,2020,European Patent Office,Patent applications,Inventor,1755.810546875
Israel,2020,,2020,European Patent Office,Patent applications,Applicant,1538.829833984375
Israel,2020,,2020,European Patent Office,Patent grants,Inventor,102.3209991455078
Israel,2020,,2020,European Patent Office,Patent grants,Inventor,1196.059936523438
Israel,2020,,2020,European Patent Office,Patent grants,Applicant,89.89289855957031
Israel,2020,,2020,European Patent Office,Patent grants,Applicant,947.6666870117188
Israel,2020,,2020,World Intellectual Property Organization,Patent applications,Inventor,2144.9638671875
Israel,2020,,2020,World Intellectual Property Organization,Patent applications,Applicant,1886.588134765625
Israel,2020,,2020,United States Patent and Trademark Office,Patent applications,Inventor,5517.21875
Israel,2020,,2020,United States Patent and Trademark Office,Patent applications,Applicant,3880.798095703125
Israel,2020,,2020,United States Patent and Trademark Office,Patent grants,Inventor,2909.53955078125
Israel,2020,,2020,United States Patent and Trademark Office,Patent grants,Inventor,4707.48779296875
Israel,2020,,2020,United States Patent and Trademark Office,Patent grants,Applicant,1726.74169921875
Israel,2020,,2020,United States Patent and Trademark Office,Patent grants,Applicant,2936.59326171875
Israel,2021,,2021,European Patent Office,Patent applications,Inventor,1507.67822265625
Israel,2021,,2021,European Patent Office,Patent applications,Applicant,1322.166748046875
Israel,2021,,2021,European Patent Office,Patent grants,Inventor,918.181884765625
Israel,2021,,2021,European Patent Office,Patent grants,Applicant,768.0
Israel,2021,,2021,World Intellectual Property Organization,Patent applications,Inventor,2392.314208984375
Israel,2021,,2021,World Intellectual Property Organization,Patent applications,Applicant,2079.648681640625
Israel,2021,,2021,United States Patent and Trademark Office,Patent applications,Inventor,5409.03369140625
Israel,2021,,2021,United States Patent and Trademark Office,Patent applications,Applicant,3562.245849609375
Israel,2021,,2021,United States Patent and Trademark Office,Patent grants,Inventor,4571.37158203125
Israel,2021,,2021,United States Patent and Trademark Office,Patent grants,Applicant,2923.569580078125
Italy,2018,,2018,European Patent Office,Patent applications,Inventor,4837.533203125
Italy,2018,,2018,European Patent Office,Patent applications,Applicant,4211.47607421875
Italy,2018,,2018,European Patent Office,Patent grants,Inventor,2859.1123046875
Italy,2018,,2018,European Patent Office,Patent grants,Inventor,3999.62255859375
Italy,2018,,2018,European Patent Office,Patent grants,Applicant,2539.5
Italy,2018,,2018,European Patent Office,Patent grants,Applicant,3455.202880859375
Italy,2018,,2018,World Intellectual Property Organization,Patent applications,Inventor,3600.3173828125
Italy,2018,,2018,World Intellectual Property Organization,Patent applications,Applicant,3164.246337890625
Italy,2018,,2018,United States Patent and Trademark Office,Patent applications,Inventor,3884.514404296875
Italy,2018,,2018,United States Patent and Trademark Office,Patent applications,Applicant,2942.538818359375
Italy,2018,,2018,United States Patent and Trademark Office,Patent grants,Inventor,2806.18359375
Italy,2018,,2018,United States Patent and Trademark Office,Patent grants,Inventor,2856.075927734375
Italy,2018,,2018,United States Patent and Trademark Office,Patent grants,Applicant,2054.06201171875
Italy,2018,,2018,United States Patent and Trademark Office,Patent grants,Applicant,2071.807373046875
Italy,2019,,2019,European Patent Office,Patent applications,Inventor,4863.9541015625
Italy,2019,,2019,European Patent Office,Patent applications,Applicant,4259.22998046875
Italy,2019,,2019,European Patent Office,Patent grants,Inventor,2127.123291015625
Italy,2019,,2019,European Patent Office,Patent grants,Inventor,4299.658203125
Italy,2019,,2019,European Patent Office,Patent grants,Applicant,1930.63330078125
Italy,2019,,2019,European Patent Office,Patent grants,Applicant,3732.416748046875
Italy,2019,,2019,World Intellectual Property Organization,Patent applications,Inventor,3787.84619140625
Italy,2019,,2019,World Intellectual Property Organization,Patent applications,Applicant,3300.9658203125
Italy,2019,,2019,United States Patent and Trademark Office,Patent applications,Inventor,3865.30908203125
Italy,2019,,2019,United States Patent and Trademark Office,Patent applications,Applicant,2842.44091796875
Italy,2019,,2019,United States Patent and Trademark Office,Patent grants,Inventor,2100.63525390625
Italy,2019,,2019,United States Patent and Trademark Office,Patent grants,Inventor,3239.71533203125
Italy,2019,,2019,United States Patent and Trademark Office,Patent grants,Applicant,1373.983276367188
Italy,2019,,2019,United States Patent and Trademark Office,Patent grants,Applicant,2271.89111328125
Italy,2020,,2020,European Patent Office,Patent applications,Inventor,5060.0087890625
Italy,2020,,2020,European Patent Office,Patent applications,Applicant,4481.283203125
Italy,2020,,2020,European Patent Office,Patent grants,Inventor,1315.062133789063
Italy,2020,,2020,European Patent Office,Patent grants,Inventor,4460.34814453125
Italy,2020,,2020,European Patent Office,Patent grants,Applicant,1200.28564453125
Italy,2020,,2020,European Patent Office,Patent grants,Applicant,3839.916748046875
Italy,2020,,2020,World Intellectual Property Organization,Patent applications,Inventor,3759.46630859375
Italy,2020,,2020,World Intellectual Property Organization,Patent applications,Applicant,3331.52490234375
Italy,2020,,2020,United States Patent and Trademark Office,Patent applications,Inventor,3839.32470703125
Italy,2020,,2020,United States Patent and Trademark Office,Patent applications,Applicant,2947.556396484375
Italy,2020,,2020,United States Patent and Trademark Office,Patent grants,Inventor,1331.418823242188
Italy,2020,,2020,United States Patent and Trademark Office,Patent grants,Inventor,3236.880615234375
Italy,2020,,2020,United States Patent and Trademark Office,Patent grants,Applicant,842.326171875
Italy,2020,,2020,United States Patent and Trademark Office,Patent grants,Applicant,2314.65625
Italy,2021,,2021,European Patent Office,Patent applications,Inventor,4312.41748046875
Italy,2021,,2021,European Patent Office,Patent applications,Applicant,3876.112060546875
Italy,2021,,2021,European Patent Office,Patent grants,Inventor,3661.02978515625
Italy,2021,,2021,European Patent Office,Patent grants,Applicant,3203.5
Italy,2021,,2021,World Intellectual Property Organization,Patent applications,Inventor,3954.789794921875
Italy,2021,,2021,World Intellectual Property Organization,Patent applications,Applicant,3491.28466796875
Italy,2021,,2021,United States Patent and Trademark Office,Patent applications,Inventor,2712.134765625
Italy,2021,,2021,United States Patent and Trademark Office,Patent applications,Applicant,1962.903564453125
Italy,2021,,2021,United States Patent and Trademark Office,Patent grants,Inventor,3000.357421875
Italy,2021,,2021,United States Patent and Trademark Office,Patent grants,Applicant,2201.784423828125
Japan,2018,,2018,European Patent Office,Patent applications,Inventor,21002.81640625
Japan,2018,,2018,European Patent Office,Patent applications,Applicant,21425.3671875
Japan,2018,,2018,European Patent Office,Patent grants,Inventor,7841.673828125
Japan,2018,,2018,European Patent Office,Patent grants,Inventor,21129.052734375
Japan,2018,,2018,European Patent Office,Patent grants,Applicant,7979.86669921875
Japan,2018,,2018,European Patent Office,Patent grants,Applicant,21339.0
Japan,2018,,2018,World Intellectual Property Organization,Patent applications,Inventor,48066.09765625
Japan,2018,,2018,World Intellectual Property Organization,Patent applications,Applicant,49178.6015625
Japan,2018,,2018,United States Patent and Trademark Office,Patent applications,Inventor,62667.6953125
Japan,2018,,2018,United States Patent and Trademark Office,Patent applications,Applicant,63550.375
Japan,2018,,2018,United States Patent and Trademark Office,Patent grants,Inventor,47345.51953125
Japan,2018,,2018,United States Patent and Trademark Office,Patent grants,Inventor,47586.7734375
Japan,2018,,2018,United States Patent and Trademark Office,Patent grants,Applicant,47990.8984375
Japan,2018,,2018,United States Patent and Trademark Office,Patent grants,Applicant,48047.81640625
Japan,2019,,2019,European Patent Office,Patent applications,Inventor,20813.876953125
Japan,2019,,2019,European Patent Office,Patent applications,Applicant,21126.783203125
Japan,2019,,2019,European Patent Office,Patent grants,Inventor,4757.37646484375
Japan,2019,,2019,European Patent Office,Patent grants,Inventor,22217.771484375
Japan,2019,,2019,European Patent Office,Patent grants,Applicant,4824.60009765625
Japan,2019,,2019,European Patent Office,Patent grants,Applicant,22430.916015625
Japan,2019,,2019,World Intellectual Property Organization,Patent applications,Inventor,49557.28515625
Japan,2019,,2019,World Intellectual Property Organization,Patent applications,Applicant,52247.48046875
Japan,2019,,2019,United States Patent and Trademark Office,Patent applications,Inventor,65589.75
Japan,2019,,2019,United States Patent and Trademark Office,Patent applications,Applicant,66348.8515625
Japan,2019,,2019,United States Patent and Trademark Office,Patent grants,Inventor,40431.80859375
Japan,2019,,2019,United States Patent and Trademark Office,Patent grants,Inventor,53610.90234375
Japan,2019,,2019,United States Patent and Trademark Office,Patent grants,Applicant,40810.92578125
Japan,2019,,2019,United States Patent and Trademark Office,Patent grants,Applicant,54145.8046875
Japan,2020,,2020,European Patent Office,Patent applications,Inventor,19456.60546875
Japan,2020,,2020,European Patent Office,Patent applications,Applicant,19927.865234375
Japan,2020,,2020,European Patent Office,Patent grants,Inventor,2021.592041015625
Japan,2020,,2020,European Patent Office,Patent grants,Inventor,19961.841796875
Japan,2020,,2020,European Patent Office,Patent grants,Applicant,2107.583251953125
Japan,2020,,2020,European Patent Office,Patent grants,Applicant,20230.55078125
Japan,2020,,2020,World Intellectual Property Organization,Patent applications,Inventor,47270.484375
Japan,2020,,2020,World Intellectual Property Organization,Patent applications,Applicant,50141.9140625
Japan,2020,,2020,United States Patent and Trademark Office,Patent applications,Inventor,58984.6875
Japan,2020,,2020,United States Patent and Trademark Office,Patent applications,Applicant,59769.91015625
Japan,2020,,2020,United States Patent and Trademark Office,Patent grants,Inventor,28341.275390625
Japan,2020,,2020,United States Patent and Trademark Office,Patent grants,Inventor,51675.98828125
Japan,2020,,2020,United States Patent and Trademark Office,Patent grants,Applicant,28617.39453125
Japan,2020,,2020,United States Patent and Trademark Office,Patent grants,Applicant,52281.4453125
Japan,2021,,2021,European Patent Office,Patent applications,Inventor,13959.36328125
Japan,2021,,2021,European Patent Office,Patent applications,Applicant,14374.0166015625
Japan,2021,,2021,European Patent Office,Patent grants,Inventor,15122.4482421875
Japan,2021,,2021,European Patent Office,Patent grants,Applicant,15361.400390625
Japan,2021,,2021,World Intellectual Property Organization,Patent applications,Inventor,46680.1796875
Japan,2021,,2021,World Intellectual Property Organization,Patent applications,Applicant,49613.234375
Japan,2021,,2021,United States Patent and Trademark Office,Patent applications,Inventor,43613.43359375
Japan,2021,,2021,United States Patent and Trademark Office,Patent applications,Applicant,44312.2890625
Japan,2021,,2021,United States Patent and Trademark Office,Patent grants,Inventor,46382.17578125
Japan,2021,,2021,United States Patent and Trademark Office,Patent grants,Applicant,46855.65234375
Korea,2018,,2018,European Patent Office,Patent applications,Inventor,7378.8662109375
Korea,2018,,2018,European Patent Office,Patent applications,Applicant,7547.33349609375
Korea,2018,,2018,European Patent Office,Patent grants,Inventor,3259.91015625
Korea,2018,,2018,European Patent Office,Patent grants,Inventor,6058.4853515625
Korea,2018,,2018,European Patent Office,Patent grants,Applicant,3375.166748046875
Korea,2018,,2018,European Patent Office,Patent grants,Applicant,6254.5
Korea,2018,,2018,World Intellectual Property Organization,Patent applications,Inventor,16013.912109375
Korea,2018,,2018,World Intellectual Property Organization,Patent applications,Applicant,16124.8134765625
Korea,2018,,2018,United States Patent and Trademark Office,Patent applications,Inventor,23385.47265625
Korea,2018,,2018,United States Patent and Trademark Office,Patent applications,Applicant,23844.669921875
Korea,2018,,2018,United States Patent and Trademark Office,Patent grants,Inventor,19150.498046875
Korea,2018,,2018,United States Patent and Trademark Office,Patent grants,Inventor,19761.88671875
Korea,2018,,2018,United States Patent and Trademark Office,Patent grants,Applicant,19595.478515625
Korea,2018,,2018,United States Patent and Trademark Office,Patent grants,Applicant,20442.095703125
Korea,2019,,2019,European Patent Office,Patent applications,Inventor,8266.5556640625
Korea,2019,,2019,European Patent Office,Patent applications,Applicant,8409.9501953125
Korea,2019,,2019,European Patent Office,Patent grants,Inventor,1998.564697265625
Korea,2019,,2019,European Patent Office,Patent grants,Inventor,7106.5693359375
Korea,2019,,2019,European Patent Office,Patent grants,Applicant,2019.333251953125
Korea,2019,,2019,European Patent Office,Patent grants,Applicant,7249.83349609375
Korea,2019,,2019,World Intellectual Property Organization,Patent applications,Inventor,18190.80859375
Korea,2019,,2019,World Intellectual Property Organization,Patent applications,Applicant,18332.6171875
Korea,2019,,2019,United States Patent and Trademark Office,Patent applications,Inventor,27518.1015625
Korea,2019,,2019,United States Patent and Trademark Office,Patent applications,Applicant,28135.36328125
Korea,2019,,2019,United States Patent and Trademark Office,Patent grants,Inventor,19226.95703125
Korea,2019,,2019,United States Patent and Trademark Office,Patent grants,Inventor,21690.30078125
Korea,2019,,2019,United States Patent and Trademark Office,Patent grants,Applicant,19788.392578125
Korea,2019,,2019,United States Patent and Trademark Office,Patent grants,Applicant,22513.857421875
Korea,2020,,2020,European Patent Office,Patent applications,Inventor,8931.7763671875
Korea,2020,,2020,European Patent Office,Patent applications,Applicant,9138.8330078125
Korea,2020,,2020,European Patent Office,Patent grants,Inventor,954.8594970703125
Korea,2020,,2020,European Patent Office,Patent grants,Inventor,6898.03857421875
Korea,2020,,2020,European Patent Office,Patent grants,Applicant,996.1666870117188
Korea,2020,,2020,European Patent Office,Patent grants,Applicant,7035.13330078125
Korea,2020,,2020,World Intellectual Property Organization,Patent applications,Inventor,19061.662109375
Korea,2020,,2020,World Intellectual Property Organization,Patent applications,Applicant,19294.400390625
Korea,2020,,2020,United States Patent and Trademark Office,Patent applications,Inventor,28495.232421875
Korea,2020,,2020,United States Patent and Trademark Office,Patent applications,Applicant,29375.21484375
Korea,2020,,2020,United States Patent and Trademark Office,Patent grants,Inventor,16133.0625
Korea,2020,,2020,United States Patent and Trademark Office,Patent grants,Inventor,21987.6640625
Korea,2020,,2020,United States Patent and Trademark Office,Patent grants,Applicant,16750.333984375
Korea,2020,,2020,United States Patent and Trademark Office,Patent grants,Applicant,22708.06640625
Korea,2021,,2021,European Patent Office,Patent applications,Inventor,7657.853515625
Korea,2021,,2021,European Patent Office,Patent applications,Applicant,7991.2001953125
Korea,2021,,2021,European Patent Office,Patent grants,Inventor,5693.4443359375
Korea,2021,,2021,European Patent Office,Patent grants,Applicant,5810.41650390625
Korea,2021,,2021,World Intellectual Property Organization,Patent applications,Inventor,19841.189453125
Korea,2021,,2021,World Intellectual Property Organization,Patent applications,Applicant,20226.56640625
Korea,2021,,2021,United States Patent and Trademark Office,Patent applications,Inventor,24329.142578125
Korea,2021,,2021,United States Patent and Trademark Office,Patent applications,Applicant,25358.71875
Korea,2021,,2021,United States Patent and Trademark Office,Patent grants,Inventor,20711.712890625
Korea,2021,,2021,United States Patent and Trademark Office,Patent grants,Applicant,21334.939453125
Latvia,2018,,2018,European Patent Office,Patent applications,Inventor,16.76670074462891
Latvia,2018,,2018,European Patent Office,Patent applications,Applicant,12.83329963684082
Latvia,2018,,2018,European Patent Office,Patent grants,Inventor,5.76669979095459
Latvia,2018,,2018,European Patent Office,Patent grants,Inventor,12.5
Latvia,2018,,2018,European Patent Office,Patent grants,Applicant,3.0
Latvia,2018,,2018,European Patent Office,Patent grants,Applicant,12.0
Latvia,2018,,2018,World Intellectual Property Organization,Patent applications,Inventor,32.77690124511719
Latvia,2018,,2018,World Intellectual Property Organization,Patent applications,Applicant,31.0
Latvia,2018,,2018,United States Patent and Trademark Office,Patent applications,Inventor,23.21190071105957
Latvia,2018,,2018,United States Patent and Trademark Office,Patent applications,Applicant,16.0
Latvia,2018,,2018,United States Patent and Trademark Office,Patent grants,Inventor,13.54520034790039
Latvia,2018,,2018,United States Patent and Trademark Office,Patent grants,Inventor,7.050000190734863
Latvia,2018,,2018,United States Patent and Trademark Office,Patent grants,Applicant,8.5
Latvia,2018,,2018,United States Patent and Trademark Office,Patent grants,Applicant,6.0
Latvia,2019,,2019,European Patent Office,Patent applications,Inventor,20.5
Latvia,2019,,2019,European Patent Office,Patent applications,Applicant,23.0
Latvia,2019,,2019,European Patent Office,Patent grants,Inventor,6.0
Latvia,2019,,2019,European Patent Office,Patent grants,Inventor,7.183300018310547
Latvia,2019,,2019,European Patent Office,Patent grants,Applicant,6.0
Latvia,2019,,2019,European Patent Office,Patent grants,Applicant,6.0
Latvia,2019,,2019,World Intellectual Property Organization,Patent applications,Inventor,29.83329963684082
Latvia,2019,,2019,World Intellectual Property Organization,Patent applications,Applicant,30.5
Latvia,2019,,2019,United States Patent and Trademark Office,Patent applications,Inventor,20.25
Latvia,2019,,2019,United States Patent and Trademark Office,Patent applications,Applicant,13.0
Latvia,2019,,2019,United States Patent and Trademark Office,Patent grants,Inventor,7.083300113677979
Latvia,2019,,2019,United States Patent and Trademark Office,Patent grants,Inventor,8.600000381469727
Latvia,2019,,2019,United States Patent and Trademark Office,Patent grants,Applicant,4.0
Latvia,2019,,2019,United States Patent and Trademark Office,Patent grants,Applicant,6.5
Latvia,2020,,2020,European Patent Office,Patent applications,Inventor,31.72990036010742
Latvia,2020,,2020,European Patent Office,Patent applications,Applicant,23.0
Latvia,2020,,2020,European Patent Office,Patent grants,Inventor,8.633299827575684
Latvia,2020,,2020,European Patent Office,Patent grants,Inventor,6.583300113677979
Latvia,2020,,2020,European Patent Office,Patent grants,Applicant,7.0
Latvia,2020,,2020,European Patent Office,Patent grants,Applicant,5.0
Latvia,2020,,2020,World Intellectual Property Organization,Patent applications,Inventor,29.82830047607422
Latvia,2020,,2020,World Intellectual Property Organization,Patent applications,Applicant,26.0
Latvia,2020,,2020,United States Patent and Trademark Office,Patent applications,Inventor,25.50600051879883
Latvia,2020,,2020,United States Patent and Trademark Office,Patent applications,Applicant,17.74290084838867
Latvia,2020,,2020,United States Patent and Trademark Office,Patent grants,Inventor,13.39290046691895
Latvia,2020,,2020,United States Patent and Trademark Office,Patent grants,Inventor,15.36190032958984
Latvia,2020,,2020,United States Patent and Trademark Office,Patent grants,Applicant,6.409500122070313
Latvia,2020,,2020,United States Patent and Trademark Office,Patent grants,Applicant,10.5
Latvia,2021,,2021,European Patent Office,Patent applications,Inventor,20.56669998168945
Latvia,2021,,2021,European Patent Office,Patent applications,Applicant,12.0
Latvia,2021,,2021,European Patent Office,Patent grants,Inventor,15.17500019073486
Latvia,2021,,2021,European Patent Office,Patent grants,Applicant,18.0
Latvia,2021,,2021,World Intellectual Property Organization,Patent applications,Inventor,47.22140121459961
Latvia,2021,,2021,World Intellectual Property Organization,Patent applications,Applicant,38.0
Latvia,2021,,2021,United States Patent and Trademark Office,Patent applications,Inventor,25.83329963684082
Latvia,2021,,2021,United States Patent and Trademark Office,Patent applications,Applicant,13.0
Latvia,2021,,2021,United States Patent and Trademark Office,Patent grants,Inventor,16.41670036315918
Latvia,2021,,2021,United States Patent and Trademark Office,Patent grants,Applicant,9.0
Lithuania,2018,,2018,European Patent Office,Patent applications,Inventor,34.11669921875
Lithuania,2018,,2018,European Patent Office,Patent applications,Applicant,30.53330039978027
Lithuania,2018,,2018,European Patent Office,Patent grants,Inventor,13.16670036315918
Lithuania,2018,,2018,European Patent Office,Patent grants,Inventor,15.60000038146973
Lithuania,2018,,2018,European Patent Office,Patent grants,Applicant,12.0
Lithuania,2018,,2018,European Patent Office,Patent grants,Applicant,15.0
Lithuania,2018,,2018,World Intellectual Property Organization,Patent applications,Inventor,39.06669998168945
Lithuania,2018,,2018,World Intellectual Property Organization,Patent applications,Applicant,35.86669921875
Lithuania,2018,,2018,United States Patent and Trademark Office,Patent applications,Inventor,35.72620010375977
Lithuania,2018,,2018,United States Patent and Trademark Office,Patent applications,Applicant,26.86669921875
Lithuania,2018,,2018,United States Patent and Trademark Office,Patent grants,Inventor,21.54290008544922
Lithuania,2018,,2018,United States Patent and Trademark Office,Patent grants,Inventor,14.27620029449463
Lithuania,2018,,2018,United States Patent and Trademark Office,Patent grants,Applicant,16.53330039978027
Lithuania,2018,,2018,United States Patent and Trademark Office,Patent grants,Applicant,13.0
Lithuania,2019,,2019,European Patent Office,Patent applications,Inventor,38.86109924316406
Lithuania,2019,,2019,European Patent Office,Patent applications,Applicant,36.25
Lithuania,2019,,2019,European Patent Office,Patent grants,Inventor,11.58329963684082
Lithuania,2019,,2019,European Patent Office,Patent grants,Inventor,23.00709915161133
Lithuania,2019,,2019,European Patent Office,Patent grants,Applicant,12.25
Lithuania,2019,,2019,European Patent Office,Patent grants,Applicant,24.0
Lithuania,2019,,2019,World Intellectual Property Organization,Patent applications,Inventor,35.02780151367188
Lithuania,2019,,2019,World Intellectual Property Organization,Patent applications,Applicant,31.25
Lithuania,2019,,2019,United States Patent and Trademark Office,Patent applications,Inventor,35.64440155029297
Lithuania,2019,,2019,United States Patent and Trademark Office,Patent applications,Applicant,25.70000076293945
Lithuania,2019,,2019,United States Patent and Trademark Office,Patent grants,Inventor,14.41670036315918
Lithuania,2019,,2019,United States Patent and Trademark Office,Patent grants,Inventor,13.03330039978027
Lithuania,2019,,2019,United States Patent and Trademark Office,Patent grants,Applicant,8.449999809265137
Lithuania,2019,,2019,United States Patent and Trademark Office,Patent grants,Applicant,12.25
Lithuania,2020,,2020,European Patent Office,Patent applications,Inventor,53.68889999389648
Lithuania,2020,,2020,European Patent Office,Patent applications,Applicant,48.5
Lithuania,2020,,2020,European Patent Office,Patent grants,Inventor,6.0
Lithuania,2020,,2020,European Patent Office,Patent grants,Inventor,16.80830001831055
Lithuania,2020,,2020,European Patent Office,Patent grants,Applicant,5.0
Lithuania,2020,,2020,European Patent Office,Patent grants,Applicant,18.66670036315918
Lithuania,2020,,2020,World Intellectual Property Organization,Patent applications,Inventor,40.65560150146484
Lithuania,2020,,2020,World Intellectual Property Organization,Patent applications,Applicant,38.0
Lithuania,2020,,2020,United States Patent and Trademark Office,Patent applications,Inventor,40.38330078125
Lithuania,2020,,2020,United States Patent and Trademark Office,Patent applications,Applicant,31.83329963684082
Lithuania,2020,,2020,United States Patent and Trademark Office,Patent grants,Inventor,23.83329963684082
Lithuania,2020,,2020,United States Patent and Trademark Office,Patent grants,Inventor,19.3213996887207
Lithuania,2020,,2020,United States Patent and Trademark Office,Patent grants,Applicant,19.16670036315918
Lithuania,2020,,2020,United States Patent and Trademark Office,Patent grants,Applicant,20.75
Lithuania,2021,,2021,European Patent Office,Patent applications,Inventor,61.66669845581055
Lithuania,2021,,2021,European Patent Office,Patent applications,Applicant,59.0
Lithuania,2021,,2021,European Patent Office,Patent grants,Inventor,20.16670036315918
Lithuania,2021,,2021,European Patent Office,Patent grants,Applicant,19.5
Lithuania,2021,,2021,World Intellectual Property Organization,Patent applications,Inventor,45.97620010375977
Lithuania,2021,,2021,World Intellectual Property Organization,Patent applications,Applicant,45.5
Lithuania,2021,,2021,United States Patent and Trademark Office,Patent applications,Inventor,120.1027984619141
Lithuania,2021,,2021,United States Patent and Trademark Office,Patent applications,Applicant,104.8332977294922
Lithuania,2021,,2021,United States Patent and Trademark Office,Patent grants,Inventor,34.56110000610352
Lithuania,2021,,2021,United States Patent and Trademark Office,Patent grants,Applicant,30.06669998168945
Luxembourg,2018,,2018,European Patent Office,Patent applications,Inventor,94.77459716796875
Luxembourg,2018,,2018,European Patent Office,Patent applications,Applicant,358.25
Luxembourg,2018,,2018,European Patent Office,Patent grants,Inventor,50.55239868164063
Luxembourg,2018,,2018,European Patent Office,Patent grants,Inventor,62.47859954833984
Luxembourg,2018,,2018,European Patent Office,Patent grants,Applicant,190.1667022705078
Luxembourg,2018,,2018,European Patent Office,Patent grants,Applicant,448.6666870117188
Luxembourg,2018,,2018,World Intellectual Property Organization,Patent applications,Inventor,75.76789855957031
Luxembourg,2018,,2018,World Intellectual Property Organization,Patent applications,Applicant,368.0416870117188
Luxembourg,2018,,2018,United States Patent and Trademark Office,Patent applications,Inventor,85.20330047607422
Luxembourg,2018,,2018,United States Patent and Trademark Office,Patent applications,Applicant,452.0094909667969
Luxembourg,2018,,2018,United States Patent and Trademark Office,Patent grants,Inventor,57.86830139160156
Luxembourg,2018,,2018,United States Patent and Trademark Office,Patent grants,Inventor,51.83570098876953
Luxembourg,2018,,2018,United States Patent and Trademark Office,Patent grants,Applicant,301.2000122070313
Luxembourg,2018,,2018,United States Patent and Trademark Office,Patent grants,Applicant,339.4825134277344
Luxembourg,2019,,2019,European Patent Office,Patent applications,Inventor,85.79720306396484
Luxembourg,2019,,2019,European Patent Office,Patent applications,Applicant,320.6666870117188
Luxembourg,2019,,2019,European Patent Office,Patent grants,Inventor,33.0182991027832
Luxembourg,2019,,2019,European Patent Office,Patent grants,Inventor,59.01689910888672
Luxembourg,2019,,2019,European Patent Office,Patent grants,Applicant,82.83329772949219
Luxembourg,2019,,2019,European Patent Office,Patent grants,Applicant,374.7000122070313
Luxembourg,2019,,2019,World Intellectual Property Organization,Patent applications,Inventor,81.43609619140625
Luxembourg,2019,,2019,World Intellectual Property Organization,Patent applications,Applicant,357.6666870117188
Luxembourg,2019,,2019,United States Patent and Trademark Office,Patent applications,Inventor,83.65480041503906
Luxembourg,2019,,2019,United States Patent and Trademark Office,Patent applications,Applicant,447.9166870117188
Luxembourg,2019,,2019,United States Patent and Trademark Office,Patent grants,Inventor,43.5
Luxembourg,2019,,2019,United States Patent and Trademark Office,Patent grants,Inventor,50.61180114746094
Luxembourg,2019,,2019,United States Patent and Trademark Office,Patent grants,Applicant,225.0
Luxembourg,2019,,2019,United States Patent and Trademark Office,Patent grants,Applicant,442.460693359375
Luxembourg,2020,,2020,European Patent Office,Patent applications,Inventor,121.7731018066406
Luxembourg,2020,,2020,European Patent Office,Patent applications,Applicant,320.6429138183594
Luxembourg,2020,,2020,European Patent Office,Patent grants,Inventor,26.84289932250977
Luxembourg,2020,,2020,European Patent Office,Patent grants,Inventor,74.79329681396484
Luxembourg,2020,,2020,European Patent Office,Patent grants,Applicant,32.5
Luxembourg,2020,,2020,European Patent Office,Patent grants,Applicant,358.5
Luxembourg,2020,,2020,World Intellectual Property Organization,Patent applications,Inventor,80.58170318603516
Luxembourg,2020,,2020,World Intellectual Property Organization,Patent applications,Applicant,314.4761962890625
Luxembourg,2020,,2020,United States Patent and Trademark Office,Patent applications,Inventor,93.0291976928711
Luxembourg,2020,,2020,United States Patent and Trademark Office,Patent applications,Applicant,381.6666870117188
Luxembourg,2020,,2020,United States Patent and Trademark Office,Patent grants,Inventor,21.69370079040527
Luxembourg,2020,,2020,United States Patent and Trademark Office,Patent grants,Inventor,64.4114990234375
Luxembourg,2020,,2020,United States Patent and Trademark Office,Patent grants,Applicant,132.1667022705078
Luxembourg,2020,,2020,United States Patent and Trademark Office,Patent grants,Applicant,387.0136108398438
Luxembourg,2021,,2021,European Patent Office,Patent applications,Inventor,109.0472030639648
Luxembourg,2021,,2021,European Patent Office,Patent applications,Applicant,232.3332977294922
Luxembourg,2021,,2021,European Patent Office,Patent grants,Inventor,48.44260025024414
Luxembourg,2021,,2021,European Patent Office,Patent grants,Applicant,293.8333129882813
Luxembourg,2021,,2021,World Intellectual Property Organization,Patent applications,Inventor,110.6364974975586
Luxembourg,2021,,2021,World Intellectual Property Organization,Patent applications,Applicant,346.8333129882813
Luxembourg,2021,,2021,United States Patent and Trademark Office,Patent applications,Inventor,65.38929748535156
Luxembourg,2021,,2021,United States Patent and Trademark Office,Patent applications,Applicant,237.8332977294922
Luxembourg,2021,,2021,United States Patent and Trademark Office,Patent grants,Inventor,53.03829956054688
Luxembourg,2021,,2021,United States Patent and Trademark Office,Patent grants,Applicant,344.0
Mexico,2018,,2018,European Patent Office,Patent applications,Inventor,78.56670379638672
Mexico,2018,,2018,European Patent Office,Patent applications,Applicant,58.58330154418945
Mexico,2018,,2018,European Patent Office,Patent grants,Inventor,16.04170036315918
Mexico,2018,,2018,European Patent Office,Patent grants,Inventor,50.14410018920898
Mexico,2018,,2018,European Patent Office,Patent grants,Applicant,13.75
Mexico,2018,,2018,European Patent Office,Patent grants,Applicant,64.16670227050781
Mexico,2018,,2018,World Intellectual Property Organization,Patent applications,Inventor,270.5096130371094
Mexico,2018,,2018,World Intellectual Property Organization,Patent applications,Applicant,240.952392578125
Mexico,2018,,2018,United States Patent and Trademark Office,Patent applications,Inventor,397.7793884277344
Mexico,2018,,2018,United States Patent and Trademark Office,Patent applications,Applicant,167.2082977294922
Mexico,2018,,2018,United States Patent and Trademark Office,Patent grants,Inventor,305.3147888183594
Mexico,2018,,2018,United States Patent and Trademark Office,Patent grants,Inventor,340.327392578125
Mexico,2018,,2018,United States Patent and Trademark Office,Patent grants,Applicant,96.45829772949219
Mexico,2018,,2018,United States Patent and Trademark Office,Patent grants,Applicant,125.8403015136719
Mexico,2019,,2019,European Patent Office,Patent applications,Inventor,70.4198989868164
Mexico,2019,,2019,European Patent Office,Patent applications,Applicant,49.5
Mexico,2019,,2019,European Patent Office,Patent grants,Inventor,10.95950031280518
Mexico,2019,,2019,European Patent Office,Patent grants,Inventor,61.20280075073242
Mexico,2019,,2019,European Patent Office,Patent grants,Applicant,7.0
Mexico,2019,,2019,European Patent Office,Patent grants,Applicant,55.83330154418945
Mexico,2019,,2019,World Intellectual Property Organization,Patent applications,Inventor,234.2702941894531
Mexico,2019,,2019,World Intellectual Property Organization,Patent applications,Applicant,208.375
Mexico,2019,,2019,United States Patent and Trademark Office,Patent applications,Inventor,367.1180114746094
Mexico,2019,,2019,United States Patent and Trademark Office,Patent applications,Applicant,164.3889007568359
Mexico,2019,,2019,United States Patent and Trademark Office,Patent grants,Inventor,234.8979034423828
Mexico,2019,,2019,United States Patent and Trademark Office,Patent grants,Inventor,382.5956115722656
Mexico,2019,,2019,United States Patent and Trademark Office,Patent grants,Applicant,67.66670227050781
Mexico,2019,,2019,United States Patent and Trademark Office,Patent grants,Applicant,140.1916961669922
Mexico,2020,,2020,European Patent Office,Patent applications,Inventor,76.85600280761719
Mexico,2020,,2020,European Patent Office,Patent applications,Applicant,54.64289855957031
Mexico,2020,,2020,European Patent Office,Patent grants,Inventor,3.571399927139282
Mexico,2020,,2020,European Patent Office,Patent grants,Inventor,57.68889999389648
Mexico,2020,,2020,European Patent Office,Patent grants,Applicant,3.0
Mexico,2020,,2020,European Patent Office,Patent grants,Applicant,52.83330154418945
Mexico,2020,,2020,World Intellectual Property Organization,Patent applications,Inventor,191.7135925292969
Mexico,2020,,2020,World Intellectual Property Organization,Patent applications,Applicant,164.7857055664063
Mexico,2020,,2020,United States Patent and Trademark Office,Patent applications,Inventor,323.0111999511719
Mexico,2020,,2020,United States Patent and Trademark Office,Patent applications,Applicant,138.4167022705078
Mexico,2020,,2020,United States Patent and Trademark Office,Patent grants,Inventor,160.8771057128906
Mexico,2020,,2020,United States Patent and Trademark Office,Patent grants,Inventor,347.6087951660156
Mexico,2020,,2020,United States Patent and Trademark Office,Patent grants,Applicant,43.25
Mexico,2020,,2020,United States Patent and Trademark Office,Patent grants,Applicant,118.4713973999023
Mexico,2021,,2021,European Patent Office,Patent applications,Inventor,54.68930053710938
Mexico,2021,,2021,European Patent Office,Patent applications,Applicant,23.70000076293945
Mexico,2021,,2021,European Patent Office,Patent grants,Inventor,46.99860000610352
Mexico,2021,,2021,European Patent Office,Patent grants,Applicant,43.91669845581055
Mexico,2021,,2021,World Intellectual Property Organization,Patent applications,Inventor,191.0115051269531
Mexico,2021,,2021,World Intellectual Property Organization,Patent applications,Applicant,157.86669921875
Mexico,2021,,2021,United States Patent and Trademark Office,Patent applications,Inventor,277.4743041992188
Mexico,2021,,2021,United States Patent and Trademark Office,Patent applications,Applicant,99.2667007446289
Mexico,2021,,2021,United States Patent and Trademark Office,Patent grants,Inventor,283.0812072753906
Mexico,2021,,2021,United States Patent and Trademark Office,Patent grants,Applicant,115.2332992553711
Netherlands,2018,,2018,European Patent Office,Patent applications,Inventor,4333.34375
Netherlands,2018,,2018,European Patent Office,Patent applications,Applicant,4776.25
Netherlands,2018,,2018,European Patent Office,Patent grants,Inventor,1671.08056640625
Netherlands,2018,,2018,European Patent Office,Patent grants,Inventor,3180.461669921875
Netherlands,2018,,2018,European Patent Office,Patent grants,Applicant,1825.166748046875
Netherlands,2018,,2018,European Patent Office,Patent grants,Applicant,3742.70751953125
Netherlands,2018,,2018,World Intellectual Property Organization,Patent applications,Inventor,3360.429931640625
Netherlands,2018,,2018,World Intellectual Property Organization,Patent applications,Applicant,4011.0
Netherlands,2018,,2018,United States Patent and Trademark Office,Patent applications,Inventor,3159.95166015625
Netherlands,2018,,2018,United States Patent and Trademark Office,Patent applications,Applicant,4578.75390625
Netherlands,2018,,2018,United States Patent and Trademark Office,Patent grants,Inventor,2191.640869140625
Netherlands,2018,,2018,United States Patent and Trademark Office,Patent grants,Inventor,2735.451171875
Netherlands,2018,,2018,United States Patent and Trademark Office,Patent grants,Applicant,3245.498291015625
Netherlands,2018,,2018,United States Patent and Trademark Office,Patent grants,Applicant,3656.8671875
Netherlands,2019,,2019,European Patent Office,Patent applications,Inventor,4094.475341796875
Netherlands,2019,,2019,European Patent Office,Patent applications,Applicant,4633.2998046875
Netherlands,2019,,2019,European Patent Office,Patent grants,Inventor,1060.623413085938
Netherlands,2019,,2019,European Patent Office,Patent grants,Inventor,3610.356689453125
Netherlands,2019,,2019,European Patent Office,Patent grants,Applicant,1176.333251953125
Netherlands,2019,,2019,European Patent Office,Patent grants,Applicant,4253.00390625
Netherlands,2019,,2019,World Intellectual Property Organization,Patent applications,Inventor,3316.98681640625
Netherlands,2019,,2019,World Intellectual Property Organization,Patent applications,Applicant,3946.691650390625
Netherlands,2019,,2019,United States Patent and Trademark Office,Patent applications,Inventor,3281.392333984375
Netherlands,2019,,2019,United States Patent and Trademark Office,Patent applications,Applicant,4561.0400390625
Netherlands,2019,,2019,United States Patent and Trademark Office,Patent grants,Inventor,1747.095703125
Netherlands,2019,,2019,United States Patent and Trademark Office,Patent grants,Inventor,3054.301025390625
Netherlands,2019,,2019,United States Patent and Trademark Office,Patent grants,Applicant,2483.566650390625
Netherlands,2019,,2019,United States Patent and Trademark Office,Patent grants,Applicant,4148.4033203125
Netherlands,2020,,2020,European Patent Office,Patent applications,Inventor,4188.33154296875
Netherlands,2020,,2020,European Patent Office,Patent applications,Applicant,4574.076171875
Netherlands,2020,,2020,European Patent Office,Patent grants,Inventor,532.0479736328125
Netherlands,2020,,2020,European Patent Office,Patent grants,Inventor,3427.74365234375
Netherlands,2020,,2020,European Patent Office,Patent grants,Applicant,599.0
Netherlands,2020,,2020,European Patent Office,Patent grants,Applicant,3914.583251953125
Netherlands,2020,,2020,World Intellectual Property Organization,Patent applications,Inventor,3392.409423828125
Netherlands,2020,,2020,World Intellectual Property Organization,Patent applications,Applicant,3873.93505859375
Netherlands,2020,,2020,United States Patent and Trademark Office,Patent applications,Inventor,3168.628662109375
Netherlands,2020,,2020,United States Patent and Trademark Office,Patent applications,Applicant,4374.123046875
Netherlands,2020,,2020,United States Patent and Trademark Office,Patent grants,Inventor,1028.09326171875
Netherlands,2020,,2020,United States Patent and Trademark Office,Patent grants,Inventor,2878.227783203125
Netherlands,2020,,2020,United States Patent and Trademark Office,Patent grants,Applicant,1457.28564453125
Netherlands,2020,,2020,United States Patent and Trademark Office,Patent grants,Applicant,4064.82373046875
Netherlands,2021,,2021,European Patent Office,Patent applications,Inventor,3598.314208984375
Netherlands,2021,,2021,European Patent Office,Patent applications,Applicant,3864.283203125
Netherlands,2021,,2021,European Patent Office,Patent grants,Inventor,2546.10107421875
Netherlands,2021,,2021,European Patent Office,Patent grants,Applicant,2909.566650390625
Netherlands,2021,,2021,World Intellectual Property Organization,Patent applications,Inventor,3503.420166015625
Netherlands,2021,,2021,World Intellectual Property Organization,Patent applications,Applicant,3922.36669921875
Netherlands,2021,,2021,United States Patent and Trademark Office,Patent applications,Inventor,2121.863037109375
Netherlands,2021,,2021,United States Patent and Trademark Office,Patent applications,Applicant,2890.195068359375
Netherlands,2021,,2021,United States Patent and Trademark Office,Patent grants,Inventor,2553.6416015625
Netherlands,2021,,2021,United States Patent and Trademark Office,Patent grants,Applicant,3632.30419921875
New Zealand,2018,,2018,European Patent Office,Patent applications,Inventor,156.6024017333984
New Zealand,2018,,2018,European Patent Office,Patent applications,Applicant,136.5
New Zealand,2018,,2018,European Patent Office,Patent grants,Inventor,28.08329963684082
New Zealand,2018,,2018,European Patent Office,Patent grants,Inventor,155.9582061767578
New Zealand,2018,,2018,European Patent Office,Patent grants,Applicant,22.0
New Zealand,2018,,2018,European Patent Office,Patent grants,Applicant,143.6999969482422
New Zealand,2018,,2018,World Intellectual Property Organization,Patent applications,Inventor,297.1444091796875
New Zealand,2018,,2018,World Intellectual Property Organization,Patent applications,Applicant,278.0166931152344
New Zealand,2018,,2018,United States Patent and Trademark Office,Patent applications,Inventor,425.3049926757813
New Zealand,2018,,2018,United States Patent and Trademark Office,Patent applications,Applicant,331.4166870117188
New Zealand,2018,,2018,United States Patent and Trademark Office,Patent grants,Inventor,277.0299987792969
New Zealand,2018,,2018,United States Patent and Trademark Office,Patent grants,Inventor,326.5202941894531
New Zealand,2018,,2018,United States Patent and Trademark Office,Patent grants,Applicant,204.0832977294922
New Zealand,2018,,2018,United States Patent and Trademark Office,Patent grants,Applicant,247.3701934814453
New Zealand,2019,,2019,European Patent Office,Patent applications,Inventor,151.0252990722656
New Zealand,2019,,2019,European Patent Office,Patent applications,Applicant,135.6667022705078
New Zealand,2019,,2019,European Patent Office,Patent grants,Inventor,14.0
New Zealand,2019,,2019,European Patent Office,Patent grants,Inventor,159.6260986328125
New Zealand,2019,,2019,European Patent Office,Patent grants,Applicant,10.0
New Zealand,2019,,2019,European Patent Office,Patent grants,Applicant,154.5
New Zealand,2019,,2019,World Intellectual Property Organization,Patent applications,Inventor,252.1483001708984
New Zealand,2019,,2019,World Intellectual Property Organization,Patent applications,Applicant,238.625
New Zealand,2019,,2019,United States Patent and Trademark Office,Patent applications,Inventor,477.4075012207031
New Zealand,2019,,2019,United States Patent and Trademark Office,Patent applications,Applicant,373.7832946777344
New Zealand,2019,,2019,United States Patent and Trademark Office,Patent grants,Inventor,236.7978973388672
New Zealand,2019,,2019,United States Patent and Trademark Office,Patent grants,Inventor,375.4526062011719
New Zealand,2019,,2019,United States Patent and Trademark Office,Patent grants,Applicant,170.11669921875
New Zealand,2019,,2019,United States Patent and Trademark Office,Patent grants,Applicant,276.6011962890625
New Zealand,2020,,2020,European Patent Office,Patent applications,Inventor,193.5225982666016
New Zealand,2020,,2020,European Patent Office,Patent applications,Applicant,179.8332977294922
New Zealand,2020,,2020,European Patent Office,Patent grants,Inventor,4.509500026702881
New Zealand,2020,,2020,European Patent Office,Patent grants,Inventor,181.0733947753906
New Zealand,2020,,2020,European Patent Office,Patent grants,Applicant,4.0
New Zealand,2020,,2020,European Patent Office,Patent grants,Applicant,177.5832977294922
New Zealand,2020,,2020,World Intellectual Property Organization,Patent applications,Inventor,305.6785888671875
New Zealand,2020,,2020,World Intellectual Property Organization,Patent applications,Applicant,294.0667114257813
New Zealand,2020,,2020,United States Patent and Trademark Office,Patent applications,Inventor,484.9927978515625
New Zealand,2020,,2020,United States Patent and Trademark Office,Patent applications,Applicant,392.4667053222656
New Zealand,2020,,2020,United States Patent and Trademark Office,Patent grants,Inventor,163.1967926025391
New Zealand,2020,,2020,United States Patent and Trademark Office,Patent grants,Inventor,369.6470947265625
New Zealand,2020,,2020,United States Patent and Trademark Office,Patent grants,Applicant,101.8332977294922
New Zealand,2020,,2020,United States Patent and Trademark Office,Patent grants,Applicant,294.7333068847656
New Zealand,2021,,2021,European Patent Office,Patent applications,Inventor,142.61669921875
New Zealand,2021,,2021,European Patent Office,Patent applications,Applicant,127.8332977294922
New Zealand,2021,,2021,European Patent Office,Patent grants,Inventor,147.0888977050781
New Zealand,2021,,2021,European Patent Office,Patent grants,Applicant,133.86669921875
New Zealand,2021,,2021,World Intellectual Property Organization,Patent applications,Inventor,390.7275085449219
New Zealand,2021,,2021,World Intellectual Property Organization,Patent applications,Applicant,364.1388854980469
New Zealand,2021,,2021,United States Patent and Trademark Office,Patent applications,Inventor,402.8341979980469
New Zealand,2021,,2021,United States Patent and Trademark Office,Patent applications,Applicant,314.75
New Zealand,2021,,2021,United States Patent and Trademark Office,Patent grants,Inventor,376.5249938964844
New Zealand,2021,,2021,United States Patent and Trademark Office,Patent grants,Applicant,312.2261962890625
Norway,2018,,2018,European Patent Office,Patent applications,Inventor,564.734375
Norway,2018,,2018,European Patent Office,Patent applications,Applicant,605.076904296875
Norway,2018,,2018,European Patent Office,Patent grants,Inventor,235.9024047851563
Norway,2018,,2018,European Patent Office,Patent grants,Inventor,467.7131958007813
Norway,2018,,2018,European Patent Office,Patent grants,Applicant,258.9103088378906
Norway,2018,,2018,European Patent Office,Patent grants,Applicant,419.25
Norway,2018,,2018,World Intellectual Property Organization,Patent applications,Inventor,752.6912231445312
Norway,2018,,2018,World Intellectual Property Organization,Patent applications,Applicant,763.7435913085938
Norway,2018,,2018,United States Patent and Trademark Office,Patent applications,Inventor,810.531982421875
Norway,2018,,2018,United States Patent and Trademark Office,Patent applications,Applicant,740.0408935546875
Norway,2018,,2018,United States Patent and Trademark Office,Patent grants,Inventor,600.5062866210938
Norway,2018,,2018,United States Patent and Trademark Office,Patent grants,Inventor,598.6185302734375
Norway,2018,,2018,United States Patent and Trademark Office,Patent grants,Applicant,531.8742065429688
Norway,2018,,2018,United States Patent and Trademark Office,Patent grants,Applicant,529.3251953125
Norway,2019,,2019,European Patent Office,Patent applications,Inventor,567.7935180664062
Norway,2019,,2019,European Patent Office,Patent applications,Applicant,584.75
Norway,2019,,2019,European Patent Office,Patent grants,Inventor,159.5274047851563
Norway,2019,,2019,European Patent Office,Patent grants,Inventor,480.2008056640625
Norway,2019,,2019,European Patent Office,Patent grants,Applicant,153.5
Norway,2019,,2019,European Patent Office,Patent grants,Applicant,440.9818115234375
Norway,2019,,2019,World Intellectual Property Organization,Patent applications,Inventor,763.6605224609375
Norway,2019,,2019,World Intellectual Property Organization,Patent applications,Applicant,764.7166748046875
Norway,2019,,2019,United States Patent and Trademark Office,Patent applications,Inventor,781.7445068359375
Norway,2019,,2019,United States Patent and Trademark Office,Patent applications,Applicant,752.8056030273438
Norway,2019,,2019,United States Patent and Trademark Office,Patent grants,Inventor,399.9065856933594
Norway,2019,,2019,United States Patent and Trademark Office,Patent grants,Inventor,659.826171875
Norway,2019,,2019,United States Patent and Trademark Office,Patent grants,Applicant,357.0556030273438
Norway,2019,,2019,United States Patent and Trademark Office,Patent grants,Applicant,568.4503784179688
Norway,2020,,2020,European Patent Office,Patent applications,Inventor,521.1527099609375
Norway,2020,,2020,European Patent Office,Patent applications,Applicant,531.0
Norway,2020,,2020,European Patent Office,Patent grants,Inventor,55.73329925537109
Norway,2020,,2020,European Patent Office,Patent grants,Inventor,475.5242004394531
Norway,2020,,2020,European Patent Office,Patent grants,Applicant,57.0
Norway,2020,,2020,European Patent Office,Patent grants,Applicant,472.0166931152344
Norway,2020,,2020,World Intellectual Property Organization,Patent applications,Inventor,684.8336181640625
Norway,2020,,2020,World Intellectual Property Organization,Patent applications,Applicant,679.3333129882812
Norway,2020,,2020,United States Patent and Trademark Office,Patent applications,Inventor,698.9984130859375
Norway,2020,,2020,United States Patent and Trademark Office,Patent applications,Applicant,637.3139038085938
Norway,2020,,2020,United States Patent and Trademark Office,Patent grants,Inventor,229.6846008300781
Norway,2020,,2020,United States Patent and Trademark Office,Patent grants,Inventor,709.6475219726562
Norway,2020,,2020,United States Patent and Trademark Office,Patent grants,Applicant,177.4889068603516
Norway,2020,,2020,United States Patent and Trademark Office,Patent grants,Applicant,599.4241943359375
Norway,2021,,2021,European Patent Office,Patent applications,Inventor,435.6059875488281
Norway,2021,,2021,European Patent Office,Patent applications,Applicant,449.0332946777344
Norway,2021,,2021,European Patent Office,Patent grants,Inventor,402.60400390625
Norway,2021,,2021,European Patent Office,Patent grants,Applicant,421.0
Norway,2021,,2021,World Intellectual Property Organization,Patent applications,Inventor,704.8447265625
Norway,2021,,2021,World Intellectual Property Organization,Patent applications,Applicant,706.9166870117188
Norway,2021,,2021,United States Patent and Trademark Office,Patent applications,Inventor,526.924072265625
Norway,2021,,2021,United States Patent and Trademark Office,Patent applications,Applicant,423.3999938964844
Norway,2021,,2021,United States Patent and Trademark Office,Patent grants,Inventor,622.4356079101562
Norway,2021,,2021,United States Patent and Trademark Office,Patent grants,Applicant,544.4838256835938
Poland,2018,,2018,European Patent Office,Patent applications,Inventor,659.9002075195312
Poland,2018,,2018,European Patent Office,Patent applications,Applicant,435.0
Poland,2018,,2018,European Patent Office,Patent grants,Inventor,323.0400085449219
Poland,2018,,2018,European Patent Office,Patent grants,Inventor,305.5946960449219
Poland,2018,,2018,European Patent Office,Patent grants,Applicant,192.8332977294922
Poland,2018,,2018,European Patent Office,Patent grants,Applicant,229.3787994384766
Poland,2018,,2018,World Intellectual Property Organization,Patent applications,Inventor,386.4288940429688
Poland,2018,,2018,World Intellectual Property Organization,Patent applications,Applicant,288.952392578125
Poland,2018,,2018,United States Patent and Trademark Office,Patent applications,Inventor,513.6196899414062
Poland,2018,,2018,United States Patent and Trademark Office,Patent applications,Applicant,205.8634948730469
Poland,2018,,2018,United States Patent and Trademark Office,Patent grants,Inventor,374.715087890625
Poland,2018,,2018,United States Patent and Trademark Office,Patent grants,Inventor,259.1333923339844
Poland,2018,,2018,United States Patent and Trademark Office,Patent grants,Applicant,117.7730026245117
Poland,2018,,2018,United States Patent and Trademark Office,Patent grants,Applicant,126.63330078125
Poland,2019,,2019,European Patent Office,Patent applications,Inventor,644.7089233398438
Poland,2019,,2019,European Patent Office,Patent applications,Applicant,438.6666870117188
Poland,2019,,2019,European Patent Office,Patent grants,Inventor,208.7135925292969
Poland,2019,,2019,European Patent Office,Patent grants,Inventor,365.1182861328125
Poland,2019,,2019,European Patent Office,Patent grants,Applicant,145.0
Poland,2019,,2019,European Patent Office,Patent grants,Applicant,234.6999969482422
Poland,2019,,2019,World Intellectual Property Organization,Patent applications,Inventor,428.1567993164063
Poland,2019,,2019,World Intellectual Property Organization,Patent applications,Applicant,341.0190124511719
Poland,2019,,2019,United States Patent and Trademark Office,Patent applications,Inventor,566.40478515625
Poland,2019,,2019,United States Patent and Trademark Office,Patent applications,Applicant,241.6833038330078
Poland,2019,,2019,United States Patent and Trademark Office,Patent grants,Inventor,339.4619140625
Poland,2019,,2019,United States Patent and Trademark Office,Patent grants,Inventor,353.7044982910156
Poland,2019,,2019,United States Patent and Trademark Office,Patent grants,Applicant,109.0
Poland,2019,,2019,United States Patent and Trademark Office,Patent grants,Applicant,141.4095001220703
Poland,2020,,2020,European Patent Office,Patent applications,Inventor,609.7553100585938
Poland,2020,,2020,European Patent Office,Patent applications,Applicant,424.1011962890625
Poland,2020,,2020,European Patent Office,Patent grants,Inventor,109.3516006469727
Poland,2020,,2020,European Patent Office,Patent grants,Inventor,426.4147033691406
Poland,2020,,2020,European Patent Office,Patent grants,Applicant,91.14289855957031
Poland,2020,,2020,European Patent Office,Patent grants,Applicant,280.3333129882813
Poland,2020,,2020,World Intellectual Property Organization,Patent applications,Inventor,426.5927124023438
Poland,2020,,2020,World Intellectual Property Organization,Patent applications,Applicant,315.6011962890625
Poland,2020,,2020,United States Patent and Trademark Office,Patent applications,Inventor,509.6283874511719
Poland,2020,,2020,United States Patent and Trademark Office,Patent applications,Applicant,233.2516021728516
Poland,2020,,2020,United States Patent and Trademark Office,Patent grants,Inventor,212.6820983886719
Poland,2020,,2020,United States Patent and Trademark Office,Patent grants,Inventor,409.48779296875
Poland,2020,,2020,United States Patent and Trademark Office,Patent grants,Applicant,61.30950164794922
Poland,2020,,2020,United States Patent and Trademark Office,Patent grants,Applicant,124.9356994628906
Poland,2021,,2021,European Patent Office,Patent applications,Inventor,614.3336791992188
Poland,2021,,2021,European Patent Office,Patent applications,Applicant,406.1499938964844
Poland,2021,,2021,European Patent Office,Patent grants,Inventor,373.4760131835938
Poland,2021,,2021,European Patent Office,Patent grants,Applicant,239.9167022705078
Poland,2021,,2021,World Intellectual Property Organization,Patent applications,Inventor,480.5060119628906
Poland,2021,,2021,World Intellectual Property Organization,Patent applications,Applicant,353.0833129882813
Poland,2021,,2021,United States Patent and Trademark Office,Patent applications,Inventor,454.7300109863281
Poland,2021,,2021,United States Patent and Trademark Office,Patent applications,Applicant,157.3332977294922
Poland,2021,,2021,United States Patent and Trademark Office,Patent grants,Inventor,406.1274108886719
Poland,2021,,2021,United States Patent and Trademark Office,Patent grants,Applicant,132.7142944335938
Portugal,2018,,2018,European Patent Office,Patent applications,Inventor,244.5285949707031
Portugal,2018,,2018,European Patent Office,Patent applications,Applicant,223.9499969482422
Portugal,2018,,2018,European Patent Office,Patent grants,Inventor,94.52539825439453
Portugal,2018,,2018,European Patent Office,Patent grants,Inventor,101.4356994628906
Portugal,2018,,2018,European Patent Office,Patent grants,Applicant,84.33329772949219
Portugal,2018,,2018,European Patent Office,Patent grants,Applicant,93.16670227050781
Portugal,2018,,2018,World Intellectual Property Organization,Patent applications,Inventor,267.7947998046875
Portugal,2018,,2018,World Intellectual Property Organization,Patent applications,Applicant,245.61669921875
Portugal,2018,,2018,United States Patent and Trademark Office,Patent applications,Inventor,201.4476013183594
Portugal,2018,,2018,United States Patent and Trademark Office,Patent applications,Applicant,142.8928985595703
Portugal,2018,,2018,United States Patent and Trademark Office,Patent grants,Inventor,121.4757995605469
Portugal,2018,,2018,United States Patent and Trademark Office,Patent grants,Inventor,105.7667007446289
Portugal,2018,,2018,United States Patent and Trademark Office,Patent grants,Applicant,65.14289855957031
Portugal,2018,,2018,United States Patent and Trademark Office,Patent grants,Applicant,68.55619812011719
Portugal,2019,,2019,European Patent Office,Patent applications,Inventor,277.343994140625
Portugal,2019,,2019,European Patent Office,Patent applications,Applicant,250.3332977294922
Portugal,2019,,2019,European Patent Office,Patent grants,Inventor,60.34289932250977
Portugal,2019,,2019,European Patent Office,Patent grants,Inventor,125.6611022949219
Portugal,2019,,2019,European Patent Office,Patent grants,Applicant,51.36669921875
Portugal,2019,,2019,European Patent Office,Patent grants,Applicant,109.8332977294922
Portugal,2019,,2019,World Intellectual Property Organization,Patent applications,Inventor,219.9496002197266
Portugal,2019,,2019,World Intellectual Property Organization,Patent applications,Applicant,199.5
Portugal,2019,,2019,United States Patent and Trademark Office,Patent applications,Inventor,261.8501892089844
Portugal,2019,,2019,United States Patent and Trademark Office,Patent applications,Applicant,157.0625
Portugal,2019,,2019,United States Patent and Trademark Office,Patent grants,Inventor,114.7574996948242
Portugal,2019,,2019,United States Patent and Trademark Office,Patent grants,Inventor,146.8719940185547
Portugal,2019,,2019,United States Patent and Trademark Office,Patent grants,Applicant,50.66669845581055
Portugal,2019,,2019,United States Patent and Trademark Office,Patent grants,Applicant,87.4613037109375
Portugal,2020,,2020,European Patent Office,Patent applications,Inventor,267.210693359375
Portugal,2020,,2020,European Patent Office,Patent applications,Applicant,235.1833038330078
Portugal,2020,,2020,European Patent Office,Patent grants,Inventor,27.73970031738281
Portugal,2020,,2020,European Patent Office,Patent grants,Inventor,138.5467987060547
Portugal,2020,,2020,European Patent Office,Patent grants,Applicant,23.45000076293945
Portugal,2020,,2020,European Patent Office,Patent grants,Applicant,119.5
Portugal,2020,,2020,World Intellectual Property Organization,Patent applications,Inventor,275.2774963378906
Portugal,2020,,2020,World Intellectual Property Organization,Patent applications,Applicant,249.3000030517578
Portugal,2020,,2020,United States Patent and Trademark Office,Patent applications,Inventor,175.0384979248047
Portugal,2020,,2020,United States Patent and Trademark Office,Patent applications,Applicant,133.0666961669922
Portugal,2020,,2020,United States Patent and Trademark Office,Patent grants,Inventor,40.52579879760742
Portugal,2020,,2020,United States Patent and Trademark Office,Patent grants,Inventor,142.4996032714844
Portugal,2020,,2020,United States Patent and Trademark Office,Patent grants,Applicant,21.66670036315918
Portugal,2020,,2020,United States Patent and Trademark Office,Patent grants,Applicant,76.14289855957031
Portugal,2021,,2021,European Patent Office,Patent applications,Inventor,207.2539978027344
Portugal,2021,,2021,European Patent Office,Patent applications,Applicant,193.1226043701172
Portugal,2021,,2021,European Patent Office,Patent grants,Inventor,129.0986022949219
Portugal,2021,,2021,European Patent Office,Patent grants,Applicant,117.2332992553711
Portugal,2021,,2021,World Intellectual Property Organization,Patent applications,Inventor,265.2225952148438
Portugal,2021,,2021,World Intellectual Property Organization,Patent applications,Applicant,254.4309997558594
Portugal,2021,,2021,United States Patent and Trademark Office,Patent applications,Inventor,127.6847991943359
Portugal,2021,,2021,United States Patent and Trademark Office,Patent applications,Applicant,84.4832992553711
Portugal,2021,,2021,United States Patent and Trademark Office,Patent grants,Inventor,141.7171020507813
Portugal,2021,,2021,United States Patent and Trademark Office,Patent grants,Applicant,85.5
Slovak Republic,2018,,2018,European Patent Office,Patent applications,Inventor,80.97689819335938
Slovak Republic,2018,,2018,European Patent Office,Patent applications,Applicant,51.03329849243164
Slovak Republic,2018,,2018,European Patent Office,Patent grants,Inventor,38.27780151367188
Slovak Republic,2018,,2018,European Patent Office,Patent grants,Inventor,45.91370010375977
Slovak Republic,2018,,2018,European Patent Office,Patent grants,Applicant,24.5
Slovak Republic,2018,,2018,European Patent Office,Patent grants,Applicant,26.66670036315918
Slovak Republic,2018,,2018,World Intellectual Property Organization,Patent applications,Inventor,67.42050170898438
Slovak Republic,2018,,2018,World Intellectual Property Organization,Patent applications,Applicant,44.86669921875
Slovak Republic,2018,,2018,United States Patent and Trademark Office,Patent applications,Inventor,70.67040252685547
Slovak Republic,2018,,2018,United States Patent and Trademark Office,Patent applications,Applicant,31.36669921875
Slovak Republic,2018,,2018,United States Patent and Trademark Office,Patent grants,Inventor,48.27909851074219
Slovak Republic,2018,,2018,United States Patent and Trademark Office,Patent grants,Inventor,33.82120132446289
Slovak Republic,2018,,2018,United States Patent and Trademark Office,Patent grants,Applicant,19.20000076293945
Slovak Republic,2018,,2018,United States Patent and Trademark Office,Patent grants,Applicant,16.45000076293945
Slovak Republic,2019,,2019,European Patent Office,Patent applications,Inventor,67.856201171875
Slovak Republic,2019,,2019,European Patent Office,Patent applications,Applicant,41.75
Slovak Republic,2019,,2019,European Patent Office,Patent grants,Inventor,16.16900062561035
Slovak Republic,2019,,2019,European Patent Office,Patent grants,Inventor,47.89849853515625
Slovak Republic,2019,,2019,European Patent Office,Patent grants,Applicant,12.25
Slovak Republic,2019,,2019,European Patent Office,Patent grants,Applicant,33.0
Slovak Republic,2019,,2019,World Intellectual Property Organization,Patent applications,Inventor,66.47920227050781
Slovak Republic,2019,,2019,World Intellectual Property Organization,Patent applications,Applicant,39.75
Slovak Republic,2019,,2019,United States Patent and Trademark Office,Patent applications,Inventor,59.47900009155273
Slovak Republic,2019,,2019,United States Patent and Trademark Office,Patent applications,Applicant,13.83329963684082
Slovak Republic,2019,,2019,United States Patent and Trademark Office,Patent grants,Inventor,34.79930114746094
Slovak Republic,2019,,2019,United States Patent and Trademark Office,Patent grants,Inventor,47.60710144042969
Slovak Republic,2019,,2019,United States Patent and Trademark Office,Patent grants,Applicant,5.5
Slovak Republic,2019,,2019,United States Patent and Trademark Office,Patent grants,Applicant,11.44050025939941
Slovak Republic,2020,,2020,European Patent Office,Patent applications,Inventor,68.64399719238281
Slovak Republic,2020,,2020,European Patent Office,Patent applications,Applicant,40.03329849243164
Slovak Republic,2020,,2020,European Patent Office,Patent grants,Inventor,14.19999980926514
Slovak Republic,2020,,2020,European Patent Office,Patent grants,Inventor,42.8130989074707
Slovak Republic,2020,,2020,European Patent Office,Patent grants,Applicant,6.5
Slovak Republic,2020,,2020,European Patent Office,Patent grants,Applicant,15.69999980926514
Slovak Republic,2020,,2020,World Intellectual Property Organization,Patent applications,Inventor,61.76190185546875
Slovak Republic,2020,,2020,World Intellectual Property Organization,Patent applications,Applicant,38.53329849243164
Slovak Republic,2020,,2020,United States Patent and Trademark Office,Patent applications,Inventor,56.79090118408203
Slovak Republic,2020,,2020,United States Patent and Trademark Office,Patent applications,Applicant,18.33329963684082
Slovak Republic,2020,,2020,United States Patent and Trademark Office,Patent grants,Inventor,29.98690032958984
Slovak Republic,2020,,2020,United States Patent and Trademark Office,Patent grants,Inventor,57.84659957885742
Slovak Republic,2020,,2020,United States Patent and Trademark Office,Patent grants,Applicant,5.0
Slovak Republic,2020,,2020,United States Patent and Trademark Office,Patent grants,Applicant,25.75
Slovak Republic,2021,,2021,European Patent Office,Patent applications,Inventor,62.28960037231445
Slovak Republic,2021,,2021,European Patent Office,Patent applications,Applicant,34.03570175170898
Slovak Republic,2021,,2021,European Patent Office,Patent grants,Inventor,45.56150054931641
Slovak Republic,2021,,2021,European Patent Office,Patent grants,Applicant,33.58330154418945
Slovak Republic,2021,,2021,World Intellectual Property Organization,Patent applications,Inventor,63.23130035400391
Slovak Republic,2021,,2021,World Intellectual Property Organization,Patent applications,Applicant,38.86899948120117
Slovak Republic,2021,,2021,United States Patent and Trademark Office,Patent applications,Inventor,60.34510040283203
Slovak Republic,2021,,2021,United States Patent and Trademark Office,Patent applications,Applicant,19.16670036315918
Slovak Republic,2021,,2021,United States Patent and Trademark Office,Patent grants,Inventor,49.90000152587891
Slovak Republic,2021,,2021,United States Patent and Trademark Office,Patent grants,Applicant,13.0
Slovenia,2018,,2018,European Patent Office,Patent applications,Inventor,163.8190002441406
Slovenia,2018,,2018,European Patent Office,Patent applications,Applicant,127.0
Slovenia,2018,,2018,European Patent Office,Patent grants,Inventor,87.90239715576172
Slovenia,2018,,2018,European Patent Office,Patent grants,Inventor,108.5951995849609
Slovenia,2018,,2018,European Patent Office,Patent grants,Applicant,63.0
Slovenia,2018,,2018,European Patent Office,Patent grants,Applicant,76.0
Slovenia,2018,,2018,World Intellectual Property Organization,Patent applications,Inventor,136.1929016113281
Slovenia,2018,,2018,World Intellectual Property Organization,Patent applications,Applicant,122.5
Slovenia,2018,,2018,United States Patent and Trademark Office,Patent applications,Inventor,103.1269989013672
Slovenia,2018,,2018,United States Patent and Trademark Office,Patent applications,Applicant,72.13330078125
Slovenia,2018,,2018,United States Patent and Trademark Office,Patent grants,Inventor,67.73410034179688
Slovenia,2018,,2018,United States Patent and Trademark Office,Patent grants,Inventor,53.39879989624023
Slovenia,2018,,2018,United States Patent and Trademark Office,Patent grants,Applicant,42.13330078125
Slovenia,2018,,2018,United States Patent and Trademark Office,Patent grants,Applicant,34.71670150756836
Slovenia,2019,,2019,European Patent Office,Patent applications,Inventor,129.5744934082031
Slovenia,2019,,2019,European Patent Office,Patent applications,Applicant,97.33329772949219
Slovenia,2019,,2019,European Patent Office,Patent grants,Inventor,41.16669845581055
Slovenia,2019,,2019,European Patent Office,Patent grants,Inventor,119.2024002075195
Slovenia,2019,,2019,European Patent Office,Patent grants,Applicant,27.33329963684082
Slovenia,2019,,2019,European Patent Office,Patent grants,Applicant,73.08329772949219
Slovenia,2019,,2019,World Intellectual Property Organization,Patent applications,Inventor,88.9136962890625
Slovenia,2019,,2019,World Intellectual Property Organization,Patent applications,Applicant,83.5
Slovenia,2019,,2019,United States Patent and Trademark Office,Patent applications,Inventor,86.98760223388672
Slovenia,2019,,2019,United States Patent and Trademark Office,Patent applications,Applicant,45.0
Slovenia,2019,,2019,United States Patent and Trademark Office,Patent grants,Inventor,49.77780151367188
Slovenia,2019,,2019,United States Patent and Trademark Office,Patent grants,Inventor,67.36900329589844
Slovenia,2019,,2019,United States Patent and Trademark Office,Patent grants,Applicant,19.0
Slovenia,2019,,2019,United States Patent and Trademark Office,Patent grants,Applicant,36.46670150756836
Slovenia,2020,,2020,European Patent Office,Patent applications,Inventor,190.6672058105469
Slovenia,2020,,2020,European Patent Office,Patent applications,Applicant,132.8332977294922
Slovenia,2020,,2020,European Patent Office,Patent grants,Inventor,46.68889999389648
Slovenia,2020,,2020,European Patent Office,Patent grants,Inventor,119.9810028076172
Slovenia,2020,,2020,European Patent Office,Patent grants,Applicant,32.0
Slovenia,2020,,2020,European Patent Office,Patent grants,Applicant,94.66670227050781
Slovenia,2020,,2020,World Intellectual Property Organization,Patent applications,Inventor,102.6762008666992
Slovenia,2020,,2020,World Intellectual Property Organization,Patent applications,Applicant,77.66670227050781
Slovenia,2020,,2020,United States Patent and Trademark Office,Patent applications,Inventor,80.0238037109375
Slovenia,2020,,2020,United States Patent and Trademark Office,Patent applications,Applicant,53.5
Slovenia,2020,,2020,United States Patent and Trademark Office,Patent grants,Inventor,40.73020172119141
Slovenia,2020,,2020,United States Patent and Trademark Office,Patent grants,Inventor,78.87059783935547
Slovenia,2020,,2020,United States Patent and Trademark Office,Patent grants,Applicant,24.0
Slovenia,2020,,2020,United States Patent and Trademark Office,Patent grants,Applicant,41.16669845581055
Slovenia,2021,,2021,European Patent Office,Patent applications,Inventor,139.5238037109375
Slovenia,2021,,2021,European Patent Office,Patent applications,Applicant,80.33329772949219
Slovenia,2021,,2021,European Patent Office,Patent grants,Inventor,115.6500015258789
Slovenia,2021,,2021,European Patent Office,Patent grants,Applicant,79.0
Slovenia,2021,,2021,World Intellectual Property Organization,Patent applications,Inventor,102.9392013549805
Slovenia,2021,,2021,World Intellectual Property Organization,Patent applications,Applicant,92.5
Slovenia,2021,,2021,United States Patent and Trademark Office,Patent applications,Inventor,47.81669998168945
Slovenia,2021,,2021,United States Patent and Trademark Office,Patent applications,Applicant,28.5
Slovenia,2021,,2021,United States Patent and Trademark Office,Patent grants,Inventor,68.65670013427734
Slovenia,2021,,2021,United States Patent and Trademark Office,Patent grants,Applicant,31.5
Spain,2018,,2018,European Patent Office,Patent applications,Inventor,1802.203979492188
Spain,2018,,2018,European Patent Office,Patent applications,Applicant,1432.930786132813
Spain,2018,,2018,European Patent Office,Patent grants,Inventor,746.1102905273438
Spain,2018,,2018,European Patent Office,Patent grants,Inventor,1235.111450195313
Spain,2018,,2018,European Patent Office,Patent grants,Applicant,593.7974243164062
Spain,2018,,2018,European Patent Office,Patent grants,Applicant,964.557373046875
Spain,2018,,2018,World Intellectual Property Organization,Patent applications,Inventor,1792.93505859375
Spain,2018,,2018,World Intellectual Property Organization,Patent applications,Applicant,1340.6640625
Spain,2018,,2018,United States Patent and Trademark Office,Patent applications,Inventor,1483.5751953125
Spain,2018,,2018,United States Patent and Trademark Office,Patent applications,Applicant,903.7380981445312
Spain,2018,,2018,United States Patent and Trademark Office,Patent grants,Inventor,900.797119140625
Spain,2018,,2018,United States Patent and Trademark Office,Patent grants,Inventor,895.044921875
Spain,2018,,2018,United States Patent and Trademark Office,Patent grants,Applicant,508.1008911132813
Spain,2018,,2018,United States Patent and Trademark Office,Patent grants,Applicant,571.4293823242188
Spain,2019,,2019,European Patent Office,Patent applications,Inventor,1917.954345703125
Spain,2019,,2019,European Patent Office,Patent applications,Applicant,1513.588989257813
Spain,2019,,2019,European Patent Office,Patent grants,Inventor,514.255615234375
Spain,2019,,2019,European Patent Office,Patent grants,Inventor,1229.015625
Spain,2019,,2019,European Patent Office,Patent grants,Applicant,438.13330078125
Spain,2019,,2019,European Patent Office,Patent grants,Applicant,935.7083129882812
Spain,2019,,2019,World Intellectual Property Organization,Patent applications,Inventor,1916.678588867188
Spain,2019,,2019,World Intellectual Property Organization,Patent applications,Applicant,1427.872436523438
Spain,2019,,2019,United States Patent and Trademark Office,Patent applications,Inventor,1583.8349609375
Spain,2019,,2019,United States Patent and Trademark Office,Patent applications,Applicant,922.544189453125
Spain,2019,,2019,United States Patent and Trademark Office,Patent grants,Inventor,619.4133911132812
Spain,2019,,2019,United States Patent and Trademark Office,Patent grants,Inventor,972.2647094726562
Spain,2019,,2019,United States Patent and Trademark Office,Patent grants,Applicant,343.5979919433594
Spain,2019,,2019,United States Patent and Trademark Office,Patent grants,Applicant,610.52978515625
Spain,2020,,2020,European Patent Office,Patent applications,Inventor,1765.51904296875
Spain,2020,,2020,European Patent Office,Patent applications,Applicant,1420.251953125
Spain,2020,,2020,European Patent Office,Patent grants,Inventor,214.5146942138672
Spain,2020,,2020,European Patent Office,Patent grants,Inventor,1247.199829101563
Spain,2020,,2020,European Patent Office,Patent grants,Applicant,184.6000061035156
Spain,2020,,2020,European Patent Office,Patent grants,Applicant,915.11669921875
Spain,2020,,2020,World Intellectual Property Organization,Patent applications,Inventor,1795.368041992188
Spain,2020,,2020,World Intellectual Property Organization,Patent applications,Applicant,1376.079833984375
Spain,2020,,2020,United States Patent and Trademark Office,Patent applications,Inventor,1393.634643554688
Spain,2020,,2020,United States Patent and Trademark Office,Patent applications,Applicant,894.3726196289062
Spain,2020,,2020,United States Patent and Trademark Office,Patent grants,Inventor,433.7861022949219
Spain,2020,,2020,United States Patent and Trademark Office,Patent grants,Inventor,1053.843139648438
Spain,2020,,2020,United States Patent and Trademark Office,Patent grants,Applicant,240.9499969482422
Spain,2020,,2020,United States Patent and Trademark Office,Patent grants,Applicant,637.9802856445312
Spain,2021,,2021,European Patent Office,Patent applications,Inventor,1592.208740234375
Spain,2021,,2021,European Patent Office,Patent applications,Applicant,1348.974487304688
Spain,2021,,2021,European Patent Office,Patent grants,Inventor,1066.710815429688
Spain,2021,,2021,European Patent Office,Patent grants,Applicant,804.8499755859375
Spain,2021,,2021,World Intellectual Property Organization,Patent applications,Inventor,1842.068359375
Spain,2021,,2021,World Intellectual Property Organization,Patent applications,Applicant,1481.424560546875
Spain,2021,,2021,United States Patent and Trademark Office,Patent applications,Inventor,959.2446899414062
Spain,2021,,2021,United States Patent and Trademark Office,Patent applications,Applicant,591.1724853515625
Spain,2021,,2021,United States Patent and Trademark Office,Patent grants,Inventor,964.2424926757812
Spain,2021,,2021,United States Patent and Trademark Office,Patent grants,Applicant,566.2694702148438
Sweden,2018,,2018,European Patent Office,Patent applications,Inventor,3408.85009765625
Sweden,2018,,2018,European Patent Office,Patent applications,Applicant,3862.716796875
Sweden,2018,,2018,European Patent Office,Patent grants,Inventor,1387.340454101563
Sweden,2018,,2018,European Patent Office,Patent grants,Inventor,2997.203857421875
Sweden,2018,,2018,European Patent Office,Patent grants,Applicant,1586.833251953125
Sweden,2018,,2018,European Patent Office,Patent grants,Applicant,3531.61669921875
Sweden,2018,,2018,World Intellectual Property Organization,Patent applications,Inventor,3335.947021484375
Sweden,2018,,2018,World Intellectual Property Organization,Patent applications,Applicant,3936.550048828125
Sweden,2018,,2018,United States Patent and Trademark Office,Patent applications,Inventor,3693.272705078125
Sweden,2018,,2018,United States Patent and Trademark Office,Patent applications,Applicant,4276.5185546875
Sweden,2018,,2018,United States Patent and Trademark Office,Patent grants,Inventor,2661.405517578125
Sweden,2018,,2018,United States Patent and Trademark Office,Patent grants,Inventor,2825.848388671875
Sweden,2018,,2018,United States Patent and Trademark Office,Patent grants,Applicant,3067.485107421875
Sweden,2018,,2018,United States Patent and Trademark Office,Patent grants,Applicant,3110.420166015625
Sweden,2019,,2019,European Patent Office,Patent applications,Inventor,3533.501953125
Sweden,2019,,2019,European Patent Office,Patent applications,Applicant,3988.916748046875
Sweden,2019,,2019,European Patent Office,Patent grants,Inventor,910.242919921875
Sweden,2019,,2019,European Patent Office,Patent grants,Inventor,3331.239013671875
Sweden,2019,,2019,European Patent Office,Patent grants,Applicant,985.3333129882812
Sweden,2019,,2019,European Patent Office,Patent grants,Applicant,3849.449951171875
Sweden,2019,,2019,World Intellectual Property Organization,Patent applications,Inventor,3414.4873046875
Sweden,2019,,2019,World Intellectual Property Organization,Patent applications,Applicant,3958.7333984375
Sweden,2019,,2019,United States Patent and Trademark Office,Patent applications,Inventor,3907.013671875
Sweden,2019,,2019,United States Patent and Trademark Office,Patent applications,Applicant,4584.29150390625
Sweden,2019,,2019,United States Patent and Trademark Office,Patent grants,Inventor,1867.212646484375
Sweden,2019,,2019,United States Patent and Trademark Office,Patent grants,Inventor,3136.1552734375
Sweden,2019,,2019,United States Patent and Trademark Office,Patent grants,Applicant,2068.1708984375
Sweden,2019,,2019,United States Patent and Trademark Office,Patent grants,Applicant,3603.77294921875
Sweden,2020,,2020,European Patent Office,Patent applications,Inventor,3411.051513671875
Sweden,2020,,2020,European Patent Office,Patent applications,Applicant,3982.851318359375
Sweden,2020,,2020,European Patent Office,Patent grants,Inventor,385.6361999511719
Sweden,2020,,2020,European Patent Office,Patent grants,Inventor,3117.96826171875
Sweden,2020,,2020,European Patent Office,Patent grants,Applicant,425.6429138183594
Sweden,2020,,2020,European Patent Office,Patent grants,Applicant,3573.2333984375
Sweden,2020,,2020,World Intellectual Property Organization,Patent applications,Inventor,3385.60400390625
Sweden,2020,,2020,World Intellectual Property Organization,Patent applications,Applicant,4107.1513671875
Sweden,2020,,2020,United States Patent and Trademark Office,Patent applications,Inventor,3525.427734375
Sweden,2020,,2020,United States Patent and Trademark Office,Patent applications,Applicant,4092.8095703125
Sweden,2020,,2020,United States Patent and Trademark Office,Patent grants,Inventor,1161.001953125
Sweden,2020,,2020,United States Patent and Trademark Office,Patent grants,Inventor,3040.52001953125
Sweden,2020,,2020,United States Patent and Trademark Office,Patent grants,Applicant,1212.183349609375
Sweden,2020,,2020,United States Patent and Trademark Office,Patent grants,Applicant,3378.38525390625
Sweden,2021,,2021,European Patent Office,Patent applications,Inventor,2395.50244140625
Sweden,2021,,2021,European Patent Office,Patent applications,Applicant,2775.800048828125
Sweden,2021,,2021,European Patent Office,Patent grants,Inventor,2504.340087890625
Sweden,2021,,2021,European Patent Office,Patent grants,Applicant,2901.166748046875
Sweden,2021,,2021,World Intellectual Property Organization,Patent applications,Inventor,3260.222900390625
Sweden,2021,,2021,World Intellectual Property Organization,Patent applications,Applicant,4116.79150390625
Sweden,2021,,2021,United States Patent and Trademark Office,Patent applications,Inventor,2420.5205078125
Sweden,2021,,2021,United States Patent and Trademark Office,Patent applications,Applicant,2658.537353515625
Sweden,2021,,2021,United States Patent and Trademark Office,Patent grants,Inventor,2982.84423828125
Sweden,2021,,2021,United States Patent and Trademark Office,Patent grants,Applicant,3446.7841796875
Switzerland,2018,,2018,European Patent Office,Patent applications,Inventor,3767.94775390625
Switzerland,2018,,2018,European Patent Office,Patent applications,Applicant,5970.64990234375
Switzerland,2018,,2018,European Patent Office,Patent grants,Inventor,1567.3564453125
Switzerland,2018,,2018,European Patent Office,Patent grants,Inventor,2828.724609375
Switzerland,2018,,2018,European Patent Office,Patent grants,Applicant,2496.199951171875
Switzerland,2018,,2018,European Patent Office,Patent grants,Applicant,4534.662109375
Switzerland,2018,,2018,World Intellectual Property Organization,Patent applications,Inventor,2734.248291015625
Switzerland,2018,,2018,World Intellectual Property Organization,Patent applications,Applicant,4525.29052734375
Switzerland,2018,,2018,United States Patent and Trademark Office,Patent applications,Inventor,3673.837158203125
Switzerland,2018,,2018,United States Patent and Trademark Office,Patent applications,Applicant,5413.03564453125
Switzerland,2018,,2018,United States Patent and Trademark Office,Patent grants,Inventor,2547.791748046875
Switzerland,2018,,2018,United States Patent and Trademark Office,Patent grants,Inventor,2683.71435546875
Switzerland,2018,,2018,United States Patent and Trademark Office,Patent grants,Applicant,3737.165283203125
Switzerland,2018,,2018,United States Patent and Trademark Office,Patent grants,Applicant,3688.488525390625
Switzerland,2019,,2019,European Patent Office,Patent applications,Inventor,4001.34765625
Switzerland,2019,,2019,European Patent Office,Patent applications,Applicant,6081.31689453125
Switzerland,2019,,2019,European Patent Office,Patent grants,Inventor,1147.075073242188
Switzerland,2019,,2019,European Patent Office,Patent grants,Inventor,2943.6669921875
Switzerland,2019,,2019,European Patent Office,Patent grants,Applicant,1717.75
Switzerland,2019,,2019,European Patent Office,Patent grants,Applicant,4820.466796875
Switzerland,2019,,2019,World Intellectual Property Organization,Patent applications,Inventor,2893.080810546875
Switzerland,2019,,2019,World Intellectual Property Organization,Patent applications,Applicant,4555.06689453125
Switzerland,2019,,2019,United States Patent and Trademark Office,Patent applications,Inventor,3963.8173828125
Switzerland,2019,,2019,United States Patent and Trademark Office,Patent applications,Applicant,5880.111328125
Switzerland,2019,,2019,United States Patent and Trademark Office,Patent grants,Inventor,1979.149658203125
Switzerland,2019,,2019,United States Patent and Trademark Office,Patent grants,Inventor,2989.314208984375
Switzerland,2019,,2019,United States Patent and Trademark Office,Patent grants,Applicant,3046.9833984375
Switzerland,2019,,2019,United States Patent and Trademark Office,Patent grants,Applicant,4355.1787109375
Switzerland,2020,,2020,European Patent Office,Patent applications,Inventor,3803.757080078125
Switzerland,2020,,2020,European Patent Office,Patent applications,Applicant,6192.64990234375
Switzerland,2020,,2020,European Patent Office,Patent grants,Inventor,483.96728515625
Switzerland,2020,,2020,European Patent Office,Patent grants,Inventor,3038.177001953125
Switzerland,2020,,2020,European Patent Office,Patent grants,Applicant,763.1666870117188
Switzerland,2020,,2020,European Patent Office,Patent grants,Applicant,4944.7666015625
Switzerland,2020,,2020,World Intellectual Property Organization,Patent applications,Inventor,2811.862060546875
Switzerland,2020,,2020,World Intellectual Property Organization,Patent applications,Applicant,5065.0244140625
Switzerland,2020,,2020,United States Patent and Trademark Office,Patent applications,Inventor,3849.173583984375
Switzerland,2020,,2020,United States Patent and Trademark Office,Patent applications,Applicant,6033.89208984375
Switzerland,2020,,2020,United States Patent and Trademark Office,Patent grants,Inventor,1266.745849609375
Switzerland,2020,,2020,United States Patent and Trademark Office,Patent grants,Inventor,2890.287841796875
Switzerland,2020,,2020,United States Patent and Trademark Office,Patent grants,Applicant,2194.64990234375
Switzerland,2020,,2020,United States Patent and Trademark Office,Patent grants,Applicant,4236.1826171875
Switzerland,2021,,2021,European Patent Office,Patent applications,Inventor,3394.876953125
Switzerland,2021,,2021,European Patent Office,Patent applications,Applicant,5436.04736328125
Switzerland,2021,,2021,European Patent Office,Patent grants,Inventor,2488.509521484375
Switzerland,2021,,2021,European Patent Office,Patent grants,Applicant,3958.449951171875
Switzerland,2021,,2021,World Intellectual Property Organization,Patent applications,Inventor,3132.369384765625
Switzerland,2021,,2021,World Intellectual Property Organization,Patent applications,Applicant,5300.30419921875
Switzerland,2021,,2021,United States Patent and Trademark Office,Patent applications,Inventor,2662.052001953125
Switzerland,2021,,2021,United States Patent and Trademark Office,Patent applications,Applicant,4575.6640625
Switzerland,2021,,2021,United States Patent and Trademark Office,Patent grants,Inventor,2782.27490234375
Switzerland,2021,,2021,United States Patent and Trademark Office,Patent grants,Applicant,4285.4033203125
Türkiye,2018,,2018,European Patent Office,Patent applications,Inventor,659.2053833007812
Türkiye,2018,,2018,European Patent Office,Patent applications,Applicant,619.1666870117188
Türkiye,2018,,2018,European Patent Office,Patent grants,Inventor,209.3345031738281
Türkiye,2018,,2018,European Patent Office,Patent grants,Inventor,316.18310546875
Türkiye,2018,,2018,European Patent Office,Patent grants,Applicant,195.0
Türkiye,2018,,2018,European Patent Office,Patent grants,Applicant,290.9667053222656
Türkiye,2018,,2018,World Intellectual Property Organization,Patent applications,Inventor,1371.751831054688
Türkiye,2018,,2018,World Intellectual Property Organization,Patent applications,Applicant,1337.309448242188
Türkiye,2018,,2018,United States Patent and Trademark Office,Patent applications,Inventor,332.0080871582031
Türkiye,2018,,2018,United States Patent and Trademark Office,Patent applications,Applicant,279.2167053222656
Türkiye,2018,,2018,United States Patent and Trademark Office,Patent grants,Inventor,184.1696014404297
Türkiye,2018,,2018,United States Patent and Trademark Office,Patent grants,Inventor,163.5762939453125
Türkiye,2018,,2018,United States Patent and Trademark Office,Patent grants,Applicant,145.38330078125
Türkiye,2018,,2018,United States Patent and Trademark Office,Patent grants,Applicant,127.2678985595703
Türkiye,2019,,2019,European Patent Office,Patent applications,Inventor,703.2879028320312
Türkiye,2019,,2019,European Patent Office,Patent applications,Applicant,670.5
Türkiye,2019,,2019,European Patent Office,Patent grants,Inventor,152.9261932373047
Türkiye,2019,,2019,European Patent Office,Patent grants,Inventor,403.3053894042969
Türkiye,2019,,2019,European Patent Office,Patent grants,Applicant,142.0
Türkiye,2019,,2019,European Patent Office,Patent grants,Applicant,367.8333129882813
Türkiye,2019,,2019,World Intellectual Property Organization,Patent applications,Inventor,1646.703979492188
Türkiye,2019,,2019,World Intellectual Property Organization,Patent applications,Applicant,1629.25
Türkiye,2019,,2019,United States Patent and Trademark Office,Patent applications,Inventor,383.4797973632813
Türkiye,2019,,2019,United States Patent and Trademark Office,Patent applications,Applicant,333.7999877929688
Türkiye,2019,,2019,United States Patent and Trademark Office,Patent grants,Inventor,151.8804016113281
Türkiye,2019,,2019,United States Patent and Trademark Office,Patent grants,Inventor,224.0988006591797
Türkiye,2019,,2019,United States Patent and Trademark Office,Patent grants,Applicant,112.6999969482422
Türkiye,2019,,2019,United States Patent and Trademark Office,Patent grants,Applicant,165.3778076171875
Türkiye,2020,,2020,European Patent Office,Patent applications,Inventor,618.635498046875
Türkiye,2020,,2020,European Patent Office,Patent applications,Applicant,576.4332885742188
Türkiye,2020,,2020,European Patent Office,Patent grants,Inventor,75.23829650878906
Türkiye,2020,,2020,European Patent Office,Patent grants,Inventor,411.2636108398438
Türkiye,2020,,2020,European Patent Office,Patent grants,Applicant,71.0
Türkiye,2020,,2020,European Patent Office,Patent grants,Applicant,373.5
Türkiye,2020,,2020,World Intellectual Property Organization,Patent applications,Inventor,1556.958862304688
Türkiye,2020,,2020,World Intellectual Property Organization,Patent applications,Applicant,1522.266723632813
Türkiye,2020,,2020,United States Patent and Trademark Office,Patent applications,Inventor,324.3894958496094
Türkiye,2020,,2020,United States Patent and Trademark Office,Patent applications,Applicant,276.6666870117188
Türkiye,2020,,2020,United States Patent and Trademark Office,Patent grants,Inventor,64.27400207519531
Türkiye,2020,,2020,United States Patent and Trademark Office,Patent grants,Inventor,203.3114929199219
Türkiye,2020,,2020,United States Patent and Trademark Office,Patent grants,Applicant,36.0
Türkiye,2020,,2020,United States Patent and Trademark Office,Patent grants,Applicant,150.0193939208984
Türkiye,2021,,2021,European Patent Office,Patent applications,Inventor,418.6762084960938
Türkiye,2021,,2021,European Patent Office,Patent applications,Applicant,392.875
Türkiye,2021,,2021,European Patent Office,Patent grants,Inventor,272.6744079589844
Türkiye,2021,,2021,European Patent Office,Patent grants,Applicant,254.0
Türkiye,2021,,2021,World Intellectual Property Organization,Patent applications,Inventor,1679.901245117188
Türkiye,2021,,2021,World Intellectual Property Organization,Patent applications,Applicant,1660.875
Türkiye,2021,,2021,United States Patent and Trademark Office,Patent applications,Inventor,202.0986938476563
Türkiye,2021,,2021,United States Patent and Trademark Office,Patent applications,Applicant,154.6999969482422
Türkiye,2021,,2021,United States Patent and Trademark Office,Patent grants,Inventor,203.7949981689453
Türkiye,2021,,2021,United States Patent and Trademark Office,Patent grants,Applicant,156.9667053222656
United Kingdom,2018,,2018,European Patent Office,Patent applications,Inventor,6165.072265625
United Kingdom,2018,,2018,European Patent Office,Patent applications,Applicant,5074.78466796875
United Kingdom,2018,,2018,European Patent Office,Patent grants,Inventor,2195.0458984375
United Kingdom,2018,,2018,European Patent Office,Patent grants,Inventor,5008.4970703125
United Kingdom,2018,,2018,European Patent Office,Patent grants,Applicant,1722.11669921875
United Kingdom,2018,,2018,European Patent Office,Patent grants,Applicant,3829.57421875
United Kingdom,2018,,2018,World Intellectual Property Organization,Patent applications,Inventor,6358.3408203125
United Kingdom,2018,,2018,World Intellectual Property Organization,Patent applications,Applicant,5428.0283203125
United Kingdom,2018,,2018,United States Patent and Trademark Office,Patent applications,Inventor,9077.1005859375
United Kingdom,2018,,2018,United States Patent and Trademark Office,Patent applications,Applicant,6840.10693359375
United Kingdom,2018,,2018,United States Patent and Trademark Office,Patent grants,Inventor,6350.73779296875
United Kingdom,2018,,2018,United States Patent and Trademark Office,Patent grants,Inventor,6689.9873046875
United Kingdom,2018,,2018,United States Patent and Trademark Office,Patent grants,Applicant,4558.9052734375
United Kingdom,2018,,2018,United States Patent and Trademark Office,Patent grants,Applicant,4745.12353515625
United Kingdom,2019,,2019,European Patent Office,Patent applications,Inventor,6558.1796875
United Kingdom,2019,,2019,European Patent Office,Patent applications,Applicant,5496.767578125
United Kingdom,2019,,2019,European Patent Office,Patent grants,Inventor,1427.233642578125
United Kingdom,2019,,2019,European Patent Office,Patent grants,Inventor,5391.7041015625
United Kingdom,2019,,2019,European Patent Office,Patent grants,Applicant,1125.0
United Kingdom,2019,,2019,European Patent Office,Patent grants,Applicant,4137.5166015625
United Kingdom,2019,,2019,World Intellectual Property Organization,Patent applications,Inventor,6448.8232421875
United Kingdom,2019,,2019,World Intellectual Property Organization,Patent applications,Applicant,5610.00244140625
United Kingdom,2019,,2019,United States Patent and Trademark Office,Patent applications,Inventor,9690.1650390625
United Kingdom,2019,,2019,United States Patent and Trademark Office,Patent applications,Applicant,7347.53173828125
United Kingdom,2019,,2019,United States Patent and Trademark Office,Patent grants,Inventor,5375.8740234375
United Kingdom,2019,,2019,United States Patent and Trademark Office,Patent grants,Inventor,7906.705078125
United Kingdom,2019,,2019,United States Patent and Trademark Office,Patent grants,Applicant,3750.980224609375
United Kingdom,2019,,2019,United States Patent and Trademark Office,Patent grants,Applicant,5459.04638671875
United Kingdom,2020,,2020,European Patent Office,Patent applications,Inventor,6232.92724609375
United Kingdom,2020,,2020,European Patent Office,Patent applications,Applicant,5251.5390625
United Kingdom,2020,,2020,European Patent Office,Patent grants,Inventor,636.2788696289062
United Kingdom,2020,,2020,European Patent Office,Patent grants,Inventor,5167.3193359375
United Kingdom,2020,,2020,European Patent Office,Patent grants,Applicant,499.0332946777344
United Kingdom,2020,,2020,European Patent Office,Patent grants,Applicant,4034.574951171875
United Kingdom,2020,,2020,World Intellectual Property Organization,Patent applications,Inventor,6513.84130859375
United Kingdom,2020,,2020,World Intellectual Property Organization,Patent applications,Applicant,5790.52392578125
United Kingdom,2020,,2020,United States Patent and Trademark Office,Patent applications,Inventor,9145.16015625
United Kingdom,2020,,2020,United States Patent and Trademark Office,Patent applications,Applicant,6904.3310546875
United Kingdom,2020,,2020,United States Patent and Trademark Office,Patent grants,Inventor,3439.228271484375
United Kingdom,2020,,2020,United States Patent and Trademark Office,Patent grants,Inventor,7502.1484375
United Kingdom,2020,,2020,United States Patent and Trademark Office,Patent grants,Applicant,2284.676513671875
United Kingdom,2020,,2020,United States Patent and Trademark Office,Patent grants,Applicant,5408.876953125
United Kingdom,2021,,2021,European Patent Office,Patent applications,Inventor,4971.53564453125
United Kingdom,2021,,2021,European Patent Office,Patent applications,Applicant,4214.001953125
United Kingdom,2021,,2021,European Patent Office,Patent grants,Inventor,4178.54296875
United Kingdom,2021,,2021,European Patent Office,Patent grants,Applicant,3239.0166015625
United Kingdom,2021,,2021,World Intellectual Property Organization,Patent applications,Inventor,6532.47119140625
United Kingdom,2021,,2021,World Intellectual Property Organization,Patent applications,Applicant,5862.83203125
United Kingdom,2021,,2021,United States Patent and Trademark Office,Patent applications,Inventor,6699.384765625
United Kingdom,2021,,2021,United States Patent and Trademark Office,Patent applications,Applicant,4931.541015625
United Kingdom,2021,,2021,United States Patent and Trademark Office,Patent grants,Inventor,7150.03662109375
United Kingdom,2021,,2021,United States Patent and Trademark Office,Patent grants,Applicant,5140.419921875
United States,2018,,2018,European Patent Office,Patent applications,Inventor,38547.0703125
United States,2018,,2018,European Patent Office,Patent applications,Applicant,39433.53515625
United States,2018,,2018,European Patent Office,Patent grants,Inventor,11531.662109375
United States,2018,,2018,European Patent Office,Patent grants,Inventor,31070.234375
United States,2018,,2018,European Patent Office,Patent grants,Applicant,11901.51171875
United States,2018,,2018,European Patent Office,Patent grants,Applicant,31114.880859375
United States,2018,,2018,World Intellectual Property Organization,Patent applications,Inventor,53849.8359375
United States,2018,,2018,World Intellectual Property Organization,Patent applications,Applicant,54517.9375
United States,2018,,2018,United States Patent and Trademark Office,Patent applications,Inventor,167719.8125
United States,2018,,2018,United States Patent and Trademark Office,Patent applications,Applicant,179507.21875
United States,2018,,2018,United States Patent and Trademark Office,Patent grants,Inventor,141933.59375
United States,2018,,2018,United States Patent and Trademark Office,Patent grants,Inventor,143409.09375
United States,2018,,2018,United States Patent and Trademark Office,Patent grants,Applicant,152161.453125
United States,2018,,2018,United States Patent and Trademark Office,Patent grants,Applicant,153596.984375
United States,2019,,2019,European Patent Office,Patent applications,Inventor,40507.75390625
United States,2019,,2019,European Patent Office,Patent applications,Applicant,41557.171875
United States,2019,,2019,European Patent Office,Patent grants,Inventor,6946.5625
United States,2019,,2019,European Patent Office,Patent grants,Inventor,34274.26171875
United States,2019,,2019,European Patent Office,Patent grants,Applicant,7311.1259765625
United States,2019,,2019,European Patent Office,Patent grants,Applicant,34562.9609375
United States,2019,,2019,World Intellectual Property Organization,Patent applications,Inventor,55326.6328125
United States,2019,,2019,World Intellectual Property Organization,Patent applications,Applicant,56103.58984375
United States,2019,,2019,United States Patent and Trademark Office,Patent applications,Inventor,174778.890625
United States,2019,,2019,United States Patent and Trademark Office,Patent applications,Applicant,188128.109375
United States,2019,,2019,United States Patent and Trademark Office,Patent grants,Inventor,138095.640625
United States,2019,,2019,United States Patent and Trademark Office,Patent grants,Inventor,165896.9375
United States,2019,,2019,United States Patent and Trademark Office,Patent grants,Applicant,149294.640625
United States,2019,,2019,United States Patent and Trademark Office,Patent grants,Applicant,178165.140625
United States,2020,,2020,European Patent Office,Patent applications,Inventor,40922.21484375
United States,2020,,2020,European Patent Office,Patent applications,Applicant,41558.1171875
United States,2020,,2020,European Patent Office,Patent grants,Inventor,2495.141357421875
United States,2020,,2020,European Patent Office,Patent grants,Inventor,33495.54296875
United States,2020,,2020,European Patent Office,Patent grants,Applicant,2675.783203125
United States,2020,,2020,European Patent Office,Patent grants,Applicant,34127.65625
United States,2020,,2020,World Intellectual Property Organization,Patent applications,Inventor,56722.6875
United States,2020,,2020,World Intellectual Property Organization,Patent applications,Applicant,57164.0625
United States,2020,,2020,United States Patent and Trademark Office,Patent applications,Inventor,167638.609375
United States,2020,,2020,United States Patent and Trademark Office,Patent applications,Applicant,179995.890625
United States,2020,,2020,United States Patent and Trademark Office,Patent grants,Inventor,105624.65625
United States,2020,,2020,United States Patent and Trademark Office,Patent grants,Inventor,163502.75
United States,2020,,2020,United States Patent and Trademark Office,Patent grants,Applicant,114064.4609375
United States,2020,,2020,United States Patent and Trademark Office,Patent grants,Applicant,176209.375
United States,2021,,2021,European Patent Office,Patent applications,Inventor,32735.34375
United States,2021,,2021,European Patent Office,Patent applications,Applicant,33141.58984375
United States,2021,,2021,European Patent Office,Patent grants,Inventor,26853.876953125
United States,2021,,2021,European Patent Office,Patent grants,Applicant,27449.224609375
United States,2021,,2021,World Intellectual Property Organization,Patent applications,Inventor,57277.5390625
United States,2021,,2021,World Intellectual Property Organization,Patent applications,Applicant,57916.40234375
United States,2021,,2021,United States Patent and Trademark Office,Patent applications,Inventor,159622.046875
United States,2021,,2021,United States Patent and Trademark Office,Patent applications,Applicant,172543.1875
United States,2021,,2021,United States Patent and Trademark Office,Patent grants,Inventor,149247.75
United States,2021,,2021,United States Patent and Trademark Office,Patent grants,Applicant,161432.875
European Union (27 countries from 01/02/2020),2018,,2018,European Patent Office,Patent applications,Inventor,57867.2734375
European Union (27 countries from 01/02/2020),2018,,2018,European Patent Office,Patent applications,Applicant,56812.32421875
European Union (27 countries from 01/02/2020),2018,,2018,European Patent Office,Patent grants,Inventor,28046.935546875
European Union (27 countries from 01/02/2020),2018,,2018,European Patent Office,Patent grants,Inventor,48508.8125
European Union (27 countries from 01/02/2020),2018,,2018,European Patent Office,Patent grants,Applicant,27380.451171875
European Union (27 countries from 01/02/2020),2018,,2018,European Patent Office,Patent grants,Applicant,48574.6328125
European Union (27 countries from 01/02/2020),2018,,2018,World Intellectual Property Organization,Patent applications,Inventor,47490.92578125
European Union (27 countries from 01/02/2020),2018,,2018,World Intellectual Property Organization,Patent applications,Applicant,48219.328125
European Union (27 countries from 01/02/2020),2018,,2018,United States Patent and Trademark Office,Patent applications,Inventor,52077.14453125
European Union (27 countries from 01/02/2020),2018,,2018,United States Patent and Trademark Office,Patent applications,Applicant,49636.13671875
European Union (27 countries from 01/02/2020),2018,,2018,United States Patent and Trademark Office,Patent grants,Inventor,37153.8515625
European Union (27 countries from 01/02/2020),2018,,2018,United States Patent and Trademark Office,Patent grants,Inventor,39104.71875
European Union (27 countries from 01/02/2020),2018,,2018,United States Patent and Trademark Office,Patent grants,Applicant,34803.99609375
European Union (27 countries from 01/02/2020),2018,,2018,United States Patent and Trademark Office,Patent grants,Applicant,36608.80078125
European Union (27 countries from 01/02/2020),2019,,2019,European Patent Office,Patent applications,Inventor,56620.6484375
European Union (27 countries from 01/02/2020),2019,,2019,European Patent Office,Patent applications,Applicant,55840.9140625
European Union (27 countries from 01/02/2020),2019,,2019,European Patent Office,Patent grants,Inventor,19403.658203125
European Union (27 countries from 01/02/2020),2019,,2019,European Patent Office,Patent grants,Inventor,50698.9765625
European Union (27 countries from 01/02/2020),2019,,2019,European Patent Office,Patent grants,Applicant,19018.681640625
European Union (27 countries from 01/02/2020),2019,,2019,European Patent Office,Patent grants,Applicant,50547.48828125
European Union (27 countries from 01/02/2020),2019,,2019,World Intellectual Property Organization,Patent applications,Inventor,47281.234375
European Union (27 countries from 01/02/2020),2019,,2019,World Intellectual Property Organization,Patent applications,Applicant,47779.41796875
European Union (27 countries from 01/02/2020),2019,,2019,United States Patent and Trademark Office,Patent applications,Inventor,53037.3046875
European Union (27 countries from 01/02/2020),2019,,2019,United States Patent and Trademark Office,Patent applications,Applicant,50472.21875
European Union (27 countries from 01/02/2020),2019,,2019,United States Patent and Trademark Office,Patent grants,Inventor,28514.962890625
European Union (27 countries from 01/02/2020),2019,,2019,United States Patent and Trademark Office,Patent grants,Inventor,44255.84375
European Union (27 countries from 01/02/2020),2019,,2019,United States Patent and Trademark Office,Patent grants,Applicant,25969.41015625
European Union (27 countries from 01/02/2020),2019,,2019,United States Patent and Trademark Office,Patent grants,Applicant,41566.703125
European Union (27 countries from 01/02/2020),2020,,2020,European Patent Office,Patent applications,Inventor,57236.859375
European Union (27 countries from 01/02/2020),2020,,2020,European Patent Office,Patent applications,Applicant,56232.2578125
European Union (27 countries from 01/02/2020),2020,,2020,European Patent Office,Patent grants,Inventor,10426.2490234375
European Union (27 countries from 01/02/2020),2020,,2020,European Patent Office,Patent grants,Inventor,49144.3203125
European Union (27 countries from 01/02/2020),2020,,2020,European Patent Office,Patent grants,Applicant,10153.423828125
European Union (27 countries from 01/02/2020),2020,,2020,European Patent Office,Patent grants,Applicant,48608.42578125
European Union (27 countries from 01/02/2020),2020,,2020,World Intellectual Property Organization,Patent applications,Inventor,46953.17578125
European Union (27 countries from 01/02/2020),2020,,2020,World Intellectual Property Organization,Patent applications,Applicant,47174.84375
European Union (27 countries from 01/02/2020),2020,,2020,United States Patent and Trademark Office,Patent applications,Inventor,50648.04296875
European Union (27 countries from 01/02/2020),2020,,2020,United States Patent and Trademark Office,Patent applications,Applicant,47994.72265625
European Union (27 countries from 01/02/2020),2020,,2020,United States Patent and Trademark Office,Patent grants,Inventor,17705.873046875
European Union (27 countries from 01/02/2020),2020,,2020,United States Patent and Trademark Office,Patent grants,Inventor,43350.44140625
European Union (27 countries from 01/02/2020),2020,,2020,United States Patent and Trademark Office,Patent grants,Applicant,15642.7607421875
European Union (27 countries from 01/02/2020),2020,,2020,United States Patent and Trademark Office,Patent grants,Applicant,40409.90625
European Union (27 countries from 01/02/2020),2021,,2021,European Patent Office,Patent applications,Inventor,47324.87109375
European Union (27 countries from 01/02/2020),2021,,2021,European Patent Office,Patent applications,Applicant,46388.625
European Union (27 countries from 01/02/2020),2021,,2021,European Patent Office,Patent grants,Inventor,40183.453125
European Union (27 countries from 01/02/2020),2021,,2021,European Patent Office,Patent grants,Applicant,39618.78515625
European Union (27 countries from 01/02/2020),2021,,2021,World Intellectual Property Organization,Patent applications,Inventor,46337.63671875
European Union (27 countries from 01/02/2020),2021,,2021,World Intellectual Property Organization,Patent applications,Applicant,46633.55859375
European Union (27 countries from 01/02/2020),2021,,2021,United States Patent and Trademark Office,Patent applications,Inventor,35198.13671875
European Union (27 countries from 01/02/2020),2021,,2021,United States Patent and Trademark Office,Patent applications,Applicant,32159.7109375
European Union (27 countries from 01/02/2020),2021,,2021,United States Patent and Trademark Office,Patent grants,Inventor,39755.9765625
European Union (27 countries from 01/02/2020),2021,,2021,United States Patent and Trademark Office,Patent grants,Applicant,37133.85546875
OECD,2018,,2018,European Patent Office,Patent applications,Inventor,140696.28125
OECD,2018,,2018,European Patent Office,Patent applications,Applicant,141468.296875
OECD,2018,,2018,European Patent Office,Patent grants,Inventor,55991.703125
OECD,2018,,2018,European Patent Office,Patent grants,Inventor,119121.296875
OECD,2018,,2018,European Patent Office,Patent grants,Applicant,56161.6328125
OECD,2018,,2018,European Patent Office,Patent grants,Applicant,119368.0703125
OECD,2018,,2018,World Intellectual Property Organization,Patent applications,Inventor,184451.5
OECD,2018,,2018,World Intellectual Property Organization,Patent applications,Applicant,186807.09375
OECD,2018,,2018,United States Patent and Trademark Office,Patent applications,Inventor,336650.40625
OECD,2018,,2018,United States Patent and Trademark Office,Patent applications,Applicant,342429.03125
OECD,2018,,2018,United States Patent and Trademark Office,Patent grants,Inventor,267581.53125
OECD,2018,,2018,United States Patent and Trademark Office,Patent grants,Inventor,272921.65625
OECD,2018,,2018,United States Patent and Trademark Office,Patent grants,Applicant,272043.75
OECD,2018,,2018,United States Patent and Trademark Office,Patent grants,Applicant,276465.53125
OECD,2019,,2019,European Patent Office,Patent applications,Inventor,143179.8125
OECD,2019,,2019,European Patent Office,Patent applications,Applicant,144119.609375
OECD,2019,,2019,European Patent Office,Patent grants,Inventor,36627.984375
OECD,2019,,2019,European Patent Office,Patent grants,Inventor,127659.0625
OECD,2019,,2019,European Patent Office,Patent grants,Applicant,36795.90625
OECD,2019,,2019,European Patent Office,Patent grants,Applicant,127882.1796875
OECD,2019,,2019,World Intellectual Property Organization,Patent applications,Inventor,190066.21875
OECD,2019,,2019,World Intellectual Property Organization,Patent applications,Applicant,194004.640625
OECD,2019,,2019,United States Patent and Trademark Office,Patent applications,Inventor,353916.875
OECD,2019,,2019,United States Patent and Trademark Office,Patent applications,Applicant,361080.71875
OECD,2019,,2019,United States Patent and Trademark Office,Patent grants,Inventor,246002.34375
OECD,2019,,2019,United States Patent and Trademark Office,Patent grants,Inventor,312101.21875
OECD,2019,,2019,United States Patent and Trademark Office,Patent grants,Applicant,251124.21875
OECD,2019,,2019,United States Patent and Trademark Office,Patent grants,Applicant,316985.09375
OECD,2020,,2020,European Patent Office,Patent applications,Inventor,142918.703125
OECD,2020,,2020,European Patent Office,Patent applications,Applicant,143736.34375
OECD,2020,,2020,European Patent Office,Patent grants,Inventor,17417.212890625
OECD,2020,,2020,European Patent Office,Patent grants,Inventor,122614.6328125
OECD,2020,,2020,European Patent Office,Patent grants,Applicant,17522.8828125
OECD,2020,,2020,European Patent Office,Patent grants,Applicant,122957.2265625
OECD,2020,,2020,World Intellectual Property Organization,Patent applications,Inventor,189452.921875
OECD,2020,,2020,World Intellectual Property Organization,Patent applications,Applicant,193629.96875
OECD,2020,,2020,United States Patent and Trademark Office,Patent applications,Inventor,337115.9375
OECD,2020,,2020,United States Patent and Trademark Office,Patent applications,Applicant,344132.90625
OECD,2020,,2020,United States Patent and Trademark Office,Patent grants,Inventor,181439.75
OECD,2020,,2020,United States Patent and Trademark Office,Patent grants,Inventor,306465.125
OECD,2020,,2020,United States Patent and Trademark Office,Patent grants,Applicant,185499.34375
OECD,2020,,2020,United States Patent and Trademark Office,Patent grants,Applicant,312148.53125
OECD,2021,,2021,European Patent Office,Patent applications,Inventor,115074.0078125
OECD,2021,,2021,European Patent Office,Patent applications,Applicant,115863.625
OECD,2021,,2021,European Patent Office,Patent grants,Inventor,98358.7890625
OECD,2021,,2021,European Patent Office,Patent grants,Applicant,98637.3671875
OECD,2021,,2021,World Intellectual Property Organization,Patent applications,Inventor,190390.046875
OECD,2021,,2021,World Intellectual Property Organization,Patent applications,Applicant,194897.03125
OECD,2021,,2021,United States Patent and Trademark Office,Patent applications,Inventor,288303.28125
OECD,2021,,2021,United States Patent and Trademark Office,Patent applications,Applicant,295876.03125
OECD,2021,,2021,United States Patent and Trademark Office,Patent grants,Inventor,280660.28125
OECD,2021,,2021,United States Patent and Trademark Office,Patent grants,Applicant,286588.6875
Algeria,2018,,2018,European Patent Office,Patent applications,Inventor,1.416700005531311
Algeria,2018,,2018,European Patent Office,Patent applications,Applicant,0.0
Algeria,2018,,2018,European Patent Office,Patent grants,Inventor,0.5
Algeria,2018,,2018,European Patent Office,Patent grants,Inventor,1.533300042152405
Algeria,2018,,2018,European Patent Office,Patent grants,Applicant,0.0
Algeria,2018,,2018,European Patent Office,Patent grants,Applicant,1.0
Algeria,2018,,2018,World Intellectual Property Organization,Patent applications,Inventor,11.41670036315918
Algeria,2018,,2018,World Intellectual Property Organization,Patent applications,Applicant,10.0
Algeria,2018,,2018,United States Patent and Trademark Office,Patent applications,Inventor,0.6499999761581421
Algeria,2018,,2018,United States Patent and Trademark Office,Patent applications,Applicant,0.0
Algeria,2018,,2018,United States Patent and Trademark Office,Patent grants,Inventor,0.4000000059604645
Algeria,2018,,2018,United States Patent and Trademark Office,Patent grants,Inventor,3.283299922943115
Algeria,2018,,2018,United States Patent and Trademark Office,Patent grants,Applicant,0.0
Algeria,2018,,2018,United States Patent and Trademark Office,Patent grants,Applicant,2.0
Algeria,2019,,2019,European Patent Office,Patent applications,Inventor,1.0
Algeria,2019,,2019,European Patent Office,Patent applications,Applicant,1.0
Algeria,2019,,2019,European Patent Office,Patent grants,Inventor,1.0
Algeria,2019,,2019,European Patent Office,Patent grants,Inventor,1.272699952125549
Algeria,2019,,2019,European Patent Office,Patent grants,Applicant,1.0
Algeria,2019,,2019,European Patent Office,Patent grants,Applicant,1.0
Algeria,2019,,2019,World Intellectual Property Organization,Patent applications,Inventor,8.0
Algeria,2019,,2019,World Intellectual Property Organization,Patent applications,Applicant,7.0
Algeria,2019,,2019,United States Patent and Trademark Office,Patent applications,Inventor,0.699999988079071
Algeria,2019,,2019,United States Patent and Trademark Office,Patent applications,Applicant,0.0
Algeria,2019,,2019,United States Patent and Trademark Office,Patent grants,Inventor,0.5
Algeria,2019,,2019,United States Patent and Trademark Office,Patent grants,Inventor,1.25
Algeria,2019,,2019,United States Patent and Trademark Office,Patent grants,Applicant,0.0
Algeria,2019,,2019,United States Patent and Trademark Office,Patent grants,Applicant,0.0
Algeria,2020,,2020,European Patent Office,Patent applications,Inventor,2.700000047683716
Algeria,2020,,2020,European Patent Office,Patent applications,Applicant,2.0
Algeria,2020,,2020,European Patent Office,Patent grants,Inventor,0.0
Algeria,2020,,2020,European Patent Office,Patent grants,Inventor,1.533300042152405
Algeria,2020,,2020,European Patent Office,Patent grants,Applicant,0.0
Algeria,2020,,2020,European Patent Office,Patent grants,Applicant,0.0
Algeria,2020,,2020,World Intellectual Property Organization,Patent applications,Inventor,13.36670017242432
Algeria,2020,,2020,World Intellectual Property Organization,Patent applications,Applicant,13.33329963684082
Algeria,2020,,2020,United States Patent and Trademark Office,Patent applications,Inventor,5.566699981689453
Algeria,2020,,2020,United States Patent and Trademark Office,Patent applications,Applicant,3.866699934005737
Algeria,2020,,2020,United States Patent and Trademark Office,Patent grants,Inventor,2.5
Algeria,2020,,2020,United States Patent and Trademark Office,Patent grants,Inventor,0.5611000061035156
Algeria,2020,,2020,United States Patent and Trademark Office,Patent grants,Applicant,2.0
Algeria,2020,,2020,United States Patent and Trademark Office,Patent grants,Applicant,0.2000000029802322
Algeria,2021,,2021,European Patent Office,Patent applications,Inventor,1.0
Algeria,2021,,2021,European Patent Office,Patent applications,Applicant,1.0
Algeria,2021,,2021,European Patent Office,Patent grants,Inventor,0.0
Algeria,2021,,2021,European Patent Office,Patent grants,Applicant,0.0
Algeria,2021,,2021,World Intellectual Property Organization,Patent applications,Inventor,8.08329963684082
Algeria,2021,,2021,World Intellectual Property Organization,Patent applications,Applicant,7.0
Algeria,2021,,2021,United States Patent and Trademark Office,Patent applications,Inventor,2.933300018310547
Algeria,2021,,2021,United States Patent and Trademark Office,Patent applications,Applicant,0.5
Algeria,2021,,2021,United States Patent and Trademark Office,Patent grants,Inventor,0.8999999761581421
Algeria,2021,,2021,United States Patent and Trademark Office,Patent grants,Applicant,0.5
Andorra,2018,,2018,European Patent Office,Patent applications,Inventor,6.699999809265137
Andorra,2018,,2018,European Patent Office,Patent applications,Applicant,5.5
Andorra,2018,,2018,European Patent Office,Patent grants,Inventor,1.200000047683716
Andorra,2018,,2018,European Patent Office,Patent grants,Inventor,3.25
Andorra,2018,,2018,European Patent Office,Patent grants,Applicant,0.0
Andorra,2018,,2018,European Patent Office,Patent grants,Applicant,3.0
Andorra,2018,,2018,World Intellectual Property Organization,Patent applications,Inventor,8.449999809265137
Andorra,2018,,2018,World Intellectual Property Organization,Patent applications,Applicant,6.0
Andorra,2018,,2018,United States Patent and Trademark Office,Patent applications,Inventor,3.5
Andorra,2018,,2018,United States Patent and Trademark Office,Patent applications,Applicant,3.333300113677979
Andorra,2018,,2018,United States Patent and Trademark Office,Patent grants,Inventor,3.0
Andorra,2018,,2018,United States Patent and Trademark Office,Patent grants,Inventor,1.083299994468689
Andorra,2018,,2018,United States Patent and Trademark Office,Patent grants,Applicant,2.333300113677979
Andorra,2018,,2018,United States Patent and Trademark Office,Patent grants,Applicant,2.0
Andorra,2019,,2019,European Patent Office,Patent applications,Inventor,1.700000047683716
Andorra,2019,,2019,European Patent Office,Patent applications,Applicant,0.0
Andorra,2019,,2019,European Patent Office,Patent grants,Inventor,0.449999988079071
Andorra,2019,,2019,European Patent Office,Patent grants,Inventor,2.0
Andorra,2019,,2019,European Patent Office,Patent grants,Applicant,0.0
Andorra,2019,,2019,European Patent Office,Patent grants,Applicant,2.0
Andorra,2019,,2019,World Intellectual Property Organization,Patent applications,Inventor,4.083300113677979
Andorra,2019,,2019,World Intellectual Property Organization,Patent applications,Applicant,3.5
Andorra,2019,,2019,United States Patent and Trademark Office,Patent applications,Inventor,1.233299970626831
Andorra,2019,,2019,United States Patent and Trademark Office,Patent applications,Applicant,1.0
Andorra,2019,,2019,United States Patent and Trademark Office,Patent grants,Inventor,1.233299970626831
Andorra,2019,,2019,United States Patent and Trademark Office,Patent grants,Inventor,0.833299994468689
Andorra,2019,,2019,United States Patent and Trademark Office,Patent grants,Applicant,1.0
Andorra,2019,,2019,United States Patent and Trademark Office,Patent grants,Applicant,1.0
Andorra,2020,,2020,European Patent Office,Patent applications,Inventor,1.958299994468689
Andorra,2020,,2020,European Patent Office,Patent applications,Applicant,2.0
Andorra,2020,,2020,European Patent Office,Patent grants,Inventor,0.0
Andorra,2020,,2020,European Patent Office,Patent grants,Inventor,0.166700005531311
Andorra,2020,,2020,European Patent Office,Patent grants,Applicant,0.0
Andorra,2020,,2020,European Patent Office,Patent grants,Applicant,1.0
Andorra,2020,,2020,World Intellectual Property Organization,Patent applications,Inventor,1.958299994468689
Andorra,2020,,2020,World Intellectual Property Organization,Patent applications,Applicant,1.333299994468689
Andorra,2020,,2020,United States Patent and Trademark Office,Patent applications,Inventor,0.833299994468689
Andorra,2020,,2020,United States Patent and Trademark Office,Patent applications,Applicant,2.0
Andorra,2020,,2020,United States Patent and Trademark Office,Patent grants,Inventor,0.166700005531311
Andorra,2020,,2020,United States Patent and Trademark Office,Patent grants,Inventor,2.366699934005737
Andorra,2020,,2020,United States Patent and Trademark Office,Patent grants,Applicant,1.0
Andorra,2020,,2020,United States Patent and Trademark Office,Patent grants,Applicant,0.0
Andorra,2021,,2021,European Patent Office,Patent applications,Inventor,0.958299994468689
Andorra,2021,,2021,European Patent Office,Patent applications,Applicant,3.166699886322021
Andorra,2021,,2021,European Patent Office,Patent grants,Inventor,0.2000000029802322
Andorra,2021,,2021,European Patent Office,Patent grants,Applicant,0.0
Andorra,2021,,2021,World Intellectual Property Organization,Patent applications,Inventor,1.583299994468689
Andorra,2021,,2021,World Intellectual Property Organization,Patent applications,Applicant,3.166699886322021
Andorra,2021,,2021,United States Patent and Trademark Office,Patent applications,Inventor,0.5
Andorra,2021,,2021,United States Patent and Trademark Office,Patent applications,Applicant,0.666700005531311
Andorra,2021,,2021,United States Patent and Trademark Office,Patent grants,Inventor,0.699999988079071
Andorra,2021,,2021,United States Patent and Trademark Office,Patent grants,Applicant,0.666700005531311
Argentina,2018,,2018,European Patent Office,Patent applications,Inventor,51.02500152587891
Argentina,2018,,2018,European Patent Office,Patent applications,Applicant,25.16670036315918
Argentina,2018,,2018,European Patent Office,Patent grants,Inventor,12.98569965362549
Argentina,2018,,2018,European Patent Office,Patent grants,Inventor,34.95869827270508
Argentina,2018,,2018,European Patent Office,Patent grants,Applicant,6.333300113677979
Argentina,2018,,2018,European Patent Office,Patent grants,Applicant,15.23330020904541
Argentina,2018,,2018,World Intellectual Property Organization,Patent applications,Inventor,62.85120010375977
Argentina,2018,,2018,World Intellectual Property Organization,Patent applications,Applicant,37.95830154418945
Argentina,2018,,2018,United States Patent and Trademark Office,Patent applications,Inventor,143.1441040039063
Argentina,2018,,2018,United States Patent and Trademark Office,Patent applications,Applicant,61.59999847412109
Argentina,2018,,2018,United States Patent and Trademark Office,Patent grants,Inventor,112.0127029418945
Argentina,2018,,2018,United States Patent and Trademark Office,Patent grants,Inventor,88.1344985961914
Argentina,2018,,2018,United States Patent and Trademark Office,Patent grants,Applicant,35.26670074462891
Argentina,2018,,2018,United States Patent and Trademark Office,Patent grants,Applicant,35.26900100708008
Argentina,2019,,2019,European Patent Office,Patent applications,Inventor,45.52619934082031
Argentina,2019,,2019,European Patent Office,Patent applications,Applicant,20.66670036315918
Argentina,2019,,2019,European Patent Office,Patent grants,Inventor,13.36670017242432
Argentina,2019,,2019,European Patent Office,Patent grants,Inventor,40.05709838867188
Argentina,2019,,2019,European Patent Office,Patent grants,Applicant,6.666699886322021
Argentina,2019,,2019,European Patent Office,Patent grants,Applicant,19.58329963684082
Argentina,2019,,2019,World Intellectual Property Organization,Patent applications,Inventor,58.89289855957031
Argentina,2019,,2019,World Intellectual Property Organization,Patent applications,Applicant,27.33329963684082
Argentina,2019,,2019,United States Patent and Trademark Office,Patent applications,Inventor,169.0272979736328
Argentina,2019,,2019,United States Patent and Trademark Office,Patent applications,Applicant,62.91669845581055
Argentina,2019,,2019,United States Patent and Trademark Office,Patent grants,Inventor,104.3308029174805
Argentina,2019,,2019,United States Patent and Trademark Office,Patent grants,Inventor,134.5711975097656
Argentina,2019,,2019,United States Patent and Trademark Office,Patent grants,Applicant,28.25
Argentina,2019,,2019,United States Patent and Trademark Office,Patent grants,Applicant,55.36669921875
Argentina,2020,,2020,European Patent Office,Patent applications,Inventor,53.43330001831055
Argentina,2020,,2020,European Patent Office,Patent applications,Applicant,27.33329963684082
Argentina,2020,,2020,European Patent Office,Patent grants,Inventor,2.833300113677979
Argentina,2020,,2020,European Patent Office,Patent grants,Inventor,29.42060089111328
Argentina,2020,,2020,European Patent Office,Patent grants,Applicant,2.0
Argentina,2020,,2020,European Patent Office,Patent grants,Applicant,11.39999961853027
Argentina,2020,,2020,World Intellectual Property Organization,Patent applications,Inventor,67.76229858398438
Argentina,2020,,2020,World Intellectual Property Organization,Patent applications,Applicant,39.5
Argentina,2020,,2020,United States Patent and Trademark Office,Patent applications,Inventor,140.7648010253906
Argentina,2020,,2020,United States Patent and Trademark Office,Patent applications,Applicant,70.25
Argentina,2020,,2020,United States Patent and Trademark Office,Patent grants,Inventor,69.27259826660156
Argentina,2020,,2020,United States Patent and Trademark Office,Patent grants,Inventor,107.5494995117188
Argentina,2020,,2020,United States Patent and Trademark Office,Patent grants,Applicant,25.25
Argentina,2020,,2020,United States Patent and Trademark Office,Patent grants,Applicant,38.54439926147461
Argentina,2021,,2021,European Patent Office,Patent applications,Inventor,29.9242000579834
Argentina,2021,,2021,European Patent Office,Patent applications,Applicant,14.06669998168945
Argentina,2021,,2021,European Patent Office,Patent grants,Inventor,26.30789947509766
Argentina,2021,,2021,European Patent Office,Patent grants,Applicant,10.73330020904541
Argentina,2021,,2021,World Intellectual Property Organization,Patent applications,Inventor,53.80759811401367
Argentina,2021,,2021,World Intellectual Property Organization,Patent applications,Applicant,28.33329963684082
Argentina,2021,,2021,United States Patent and Trademark Office,Patent applications,Inventor,126.8523025512695
Argentina,2021,,2021,United States Patent and Trademark Office,Patent applications,Applicant,47.5
Argentina,2021,,2021,United States Patent and Trademark Office,Patent grants,Inventor,110.9056015014648
Argentina,2021,,2021,United States Patent and Trademark Office,Patent grants,Applicant,37.32780075073242
Armenia,2018,,2018,European Patent Office,Patent applications,Inventor,5.682600021362305
Armenia,2018,,2018,European Patent Office,Patent applications,Applicant,1.0
Armenia,2018,,2018,European Patent Office,Patent grants,Inventor,1.0
Armenia,2018,,2018,European Patent Office,Patent grants,Inventor,3.583300113677979
Armenia,2018,,2018,European Patent Office,Patent grants,Applicant,1.0
Armenia,2018,,2018,European Patent Office,Patent grants,Applicant,0.5
Armenia,2018,,2018,World Intellectual Property Organization,Patent applications,Inventor,12.1826000213623
Armenia,2018,,2018,World Intellectual Property Organization,Patent applications,Applicant,5.0
Armenia,2018,,2018,United States Patent and Trademark Office,Patent applications,Inventor,14.24209976196289
Armenia,2018,,2018,United States Patent and Trademark Office,Patent applications,Applicant,3.5
Armenia,2018,,2018,United States Patent and Trademark Office,Patent grants,Inventor,7.934500217437744
Armenia,2018,,2018,United States Patent and Trademark Office,Patent grants,Inventor,14.16670036315918
Armenia,2018,,2018,United States Patent and Trademark Office,Patent grants,Applicant,0.0
Armenia,2018,,2018,United States Patent and Trademark Office,Patent grants,Applicant,3.866699934005737
Armenia,2019,,2019,European Patent Office,Patent applications,Inventor,4.198400020599365
Armenia,2019,,2019,European Patent Office,Patent applications,Applicant,0.333299994468689
Armenia,2019,,2019,European Patent Office,Patent grants,Inventor,0.0
Armenia,2019,,2019,European Patent Office,Patent grants,Inventor,5.0
Armenia,2019,,2019,European Patent Office,Patent grants,Applicant,0.0
Armenia,2019,,2019,European Patent Office,Patent grants,Applicant,0.0
Armenia,2019,,2019,World Intellectual Property Organization,Patent applications,Inventor,5.365099906921387
Armenia,2019,,2019,World Intellectual Property Organization,Patent applications,Applicant,3.0
Armenia,2019,,2019,United States Patent and Trademark Office,Patent applications,Inventor,27.54129981994629
Armenia,2019,,2019,United States Patent and Trademark Office,Patent applications,Applicant,0.0
Armenia,2019,,2019,United States Patent and Trademark Office,Patent grants,Inventor,22.08329963684082
Armenia,2019,,2019,United States Patent and Trademark Office,Patent grants,Inventor,26.55120086669922
Armenia,2019,,2019,United States Patent and Trademark Office,Patent grants,Applicant,4.5
Armenia,2019,,2019,United States Patent and Trademark Office,Patent grants,Applicant,2.666699886322021
Armenia,2020,,2020,European Patent Office,Patent applications,Inventor,5.617899894714355
Armenia,2020,,2020,European Patent Office,Patent applications,Applicant,1.5
Armenia,2020,,2020,European Patent Office,Patent grants,Inventor,1.933300018310547
Armenia,2020,,2020,European Patent Office,Patent grants,Inventor,5.892899990081787
Armenia,2020,,2020,European Patent Office,Patent grants,Applicant,0.5
Armenia,2020,,2020,European Patent Office,Patent grants,Applicant,1.5
Armenia,2020,,2020,World Intellectual Property Organization,Patent applications,Inventor,7.351200103759766
Armenia,2020,,2020,World Intellectual Property Organization,Patent applications,Applicant,2.5
Armenia,2020,,2020,United States Patent and Trademark Office,Patent applications,Inventor,19.52020072937012
Armenia,2020,,2020,United States Patent and Trademark Office,Patent applications,Applicant,0.25
Armenia,2020,,2020,United States Patent and Trademark Office,Patent grants,Inventor,7.142899990081787
Armenia,2020,,2020,United States Patent and Trademark Office,Patent grants,Inventor,21.04290008544922
Armenia,2020,,2020,United States Patent and Trademark Office,Patent grants,Applicant,0.0
Armenia,2020,,2020,United States Patent and Trademark Office,Patent grants,Applicant,3.950000047683716
Armenia,2021,,2021,European Patent Office,Patent applications,Inventor,3.833300113677979
Armenia,2021,,2021,European Patent Office,Patent applications,Applicant,3.0
Armenia,2021,,2021,European Patent Office,Patent grants,Inventor,3.616699934005737
Armenia,2021,,2021,European Patent Office,Patent grants,Applicant,0.0
Armenia,2021,,2021,World Intellectual Property Organization,Patent applications,Inventor,7.190499782562256
Armenia,2021,,2021,World Intellectual Property Organization,Patent applications,Applicant,4.5
Armenia,2021,,2021,United States Patent and Trademark Office,Patent applications,Inventor,16.33099937438965
Armenia,2021,,2021,United States Patent and Trademark Office,Patent applications,Applicant,3.164299964904785
Armenia,2021,,2021,United States Patent and Trademark Office,Patent grants,Inventor,20.46669960021973
Armenia,2021,,2021,United States Patent and Trademark Office,Patent grants,Applicant,1.0
Belarus,2018,,2018,European Patent Office,Patent applications,Inventor,8.50100040435791
Belarus,2018,,2018,European Patent Office,Patent applications,Applicant,4.833300113677979
Belarus,2018,,2018,European Patent Office,Patent grants,Inventor,2.0
Belarus,2018,,2018,European Patent Office,Patent grants,Inventor,4.992899894714355
Belarus,2018,,2018,European Patent Office,Patent grants,Applicant,1.0
Belarus,2018,,2018,European Patent Office,Patent grants,Applicant,1.5
Belarus,2018,,2018,World Intellectual Property Organization,Patent applications,Inventor,29.13430023193359
Belarus,2018,,2018,World Intellectual Property Organization,Patent applications,Applicant,21.83329963684082
Belarus,2018,,2018,United States Patent and Trademark Office,Patent applications,Inventor,23.85880088806152
Belarus,2018,,2018,United States Patent and Trademark Office,Patent applications,Applicant,4.833300113677979
Belarus,2018,,2018,United States Patent and Trademark Office,Patent grants,Inventor,22.84169960021973
Belarus,2018,,2018,United States Patent and Trademark Office,Patent grants,Inventor,11.48569965362549
Belarus,2018,,2018,United States Patent and Trademark Office,Patent grants,Applicant,3.166699886322021
Belarus,2018,,2018,United States Patent and Trademark Office,Patent grants,Applicant,5.199999809265137
Belarus,2019,,2019,European Patent Office,Patent applications,Inventor,11.61670017242432
Belarus,2019,,2019,European Patent Office,Patent applications,Applicant,7.0
Belarus,2019,,2019,European Patent Office,Patent grants,Inventor,1.0
Belarus,2019,,2019,European Patent Office,Patent grants,Inventor,3.966700077056885
Belarus,2019,,2019,European Patent Office,Patent grants,Applicant,0.0
Belarus,2019,,2019,European Patent Office,Patent grants,Applicant,2.0
Belarus,2019,,2019,World Intellectual Property Organization,Patent applications,Inventor,24.37689971923828
Belarus,2019,,2019,World Intellectual Property Organization,Patent applications,Applicant,16.16670036315918
Belarus,2019,,2019,United States Patent and Trademark Office,Patent applications,Inventor,40.50479888916016
Belarus,2019,,2019,United States Patent and Trademark Office,Patent applications,Applicant,9.08329963684082
Belarus,2019,,2019,United States Patent and Trademark Office,Patent grants,Inventor,27.81119918823242
Belarus,2019,,2019,United States Patent and Trademark Office,Patent grants,Inventor,15.51669979095459
Belarus,2019,,2019,United States Patent and Trademark Office,Patent grants,Applicant,1.899999976158142
Belarus,2019,,2019,United States Patent and Trademark Office,Patent grants,Applicant,5.166699886322021
Belarus,2020,,2020,European Patent Office,Patent applications,Inventor,21.35000038146973
Belarus,2020,,2020,European Patent Office,Patent applications,Applicant,9.0
Belarus,2020,,2020,European Patent Office,Patent grants,Inventor,3.0
Belarus,2020,,2020,European Patent Office,Patent grants,Inventor,10.3213996887207
Belarus,2020,,2020,European Patent Office,Patent grants,Applicant,1.0
Belarus,2020,,2020,European Patent Office,Patent grants,Applicant,6.5
Belarus,2020,,2020,World Intellectual Property Organization,Patent applications,Inventor,21.58329963684082
Belarus,2020,,2020,World Intellectual Property Organization,Patent applications,Applicant,13.25
Belarus,2020,,2020,United States Patent and Trademark Office,Patent applications,Inventor,38.95949935913086
Belarus,2020,,2020,United States Patent and Trademark Office,Patent applications,Applicant,6.833300113677979
Belarus,2020,,2020,United States Patent and Trademark Office,Patent grants,Inventor,25.43330001831055
Belarus,2020,,2020,United States Patent and Trademark Office,Patent grants,Inventor,20.42620086669922
Belarus,2020,,2020,United States Patent and Trademark Office,Patent grants,Applicant,2.5
Belarus,2020,,2020,United States Patent and Trademark Office,Patent grants,Applicant,4.400000095367432
Belarus,2021,,2021,European Patent Office,Patent applications,Inventor,6.790900230407715
Belarus,2021,,2021,European Patent Office,Patent applications,Applicant,2.333300113677979
Belarus,2021,,2021,European Patent Office,Patent grants,Inventor,2.083300113677979
Belarus,2021,,2021,European Patent Office,Patent grants,Applicant,0.0
Belarus,2021,,2021,World Intellectual Property Organization,Patent applications,Inventor,18.5408992767334
Belarus,2021,,2021,World Intellectual Property Organization,Patent applications,Applicant,12.33329963684082
Belarus,2021,,2021,United States Patent and Trademark Office,Patent applications,Inventor,28.09539985656738
Belarus,2021,,2021,United States Patent and Trademark Office,Patent applications,Applicant,3.0
Belarus,2021,,2021,United States Patent and Trademark Office,Patent grants,Inventor,18.50639915466309
Belarus,2021,,2021,United States Patent and Trademark Office,Patent grants,Applicant,0.5
Bermuda,2018,,2018,European Patent Office,Patent applications,Inventor,1.083299994468689
Bermuda,2018,,2018,European Patent Office,Patent applications,Applicant,25.5
Bermuda,2018,,2018,European Patent Office,Patent grants,Inventor,0.0
Bermuda,2018,,2018,European Patent Office,Patent grants,Inventor,0.25
Bermuda,2018,,2018,European Patent Office,Patent grants,Applicant,9.5
Bermuda,2018,,2018,European Patent Office,Patent grants,Applicant,55.0
Bermuda,2018,,2018,World Intellectual Property Organization,Patent applications,Inventor,2.583300113677979
Bermuda,2018,,2018,World Intellectual Property Organization,Patent applications,Applicant,27.0
Bermuda,2018,,2018,United States Patent and Trademark Office,Patent applications,Inventor,6.5
Bermuda,2018,,2018,United States Patent and Trademark Office,Patent applications,Applicant,172.0
Bermuda,2018,,2018,United States Patent and Trademark Office,Patent grants,Inventor,5.833300113677979
Bermuda,2018,,2018,United States Patent and Trademark Office,Patent grants,Inventor,1.0
Bermuda,2018,,2018,United States Patent and Trademark Office,Patent grants,Applicant,220.0
Bermuda,2018,,2018,United States Patent and Trademark Office,Patent grants,Applicant,293.0535888671875
Bermuda,2019,,2019,European Patent Office,Patent applications,Inventor,0.0
Bermuda,2019,,2019,European Patent Office,Patent applications,Applicant,14.83329963684082
Bermuda,2019,,2019,European Patent Office,Patent grants,Inventor,0.0
Bermuda,2019,,2019,European Patent Office,Patent grants,Inventor,1.333299994468689
Bermuda,2019,,2019,European Patent Office,Patent grants,Applicant,4.0
Bermuda,2019,,2019,European Patent Office,Patent grants,Applicant,56.83330154418945
Bermuda,2019,,2019,World Intellectual Property Organization,Patent applications,Inventor,2.0
Bermuda,2019,,2019,World Intellectual Property Organization,Patent applications,Applicant,23.83329963684082
Bermuda,2019,,2019,United States Patent and Trademark Office,Patent applications,Inventor,1.476199984550476
Bermuda,2019,,2019,United States Patent and Trademark Office,Patent applications,Applicant,85.83329772949219
Bermuda,2019,,2019,United States Patent and Trademark Office,Patent grants,Inventor,1.0
Bermuda,2019,,2019,United States Patent and Trademark Office,Patent grants,Inventor,1.666700005531311
Bermuda,2019,,2019,United States Patent and Trademark Office,Patent grants,Applicant,82.83329772949219
Bermuda,2019,,2019,United States Patent and Trademark Office,Patent grants,Applicant,316.6845092773438
Bermuda,2020,,2020,European Patent Office,Patent applications,Inventor,0.0
Bermuda,2020,,2020,European Patent Office,Patent applications,Applicant,16.0
Bermuda,2020,,2020,European Patent Office,Patent grants,Inventor,0.0
Bermuda,2020,,2020,European Patent Office,Patent grants,Inventor,2.0
Bermuda,2020,,2020,European Patent Office,Patent grants,Applicant,0.0
Bermuda,2020,,2020,European Patent Office,Patent grants,Applicant,24.83329963684082
Bermuda,2020,,2020,World Intellectual Property Organization,Patent applications,Inventor,0.0
Bermuda,2020,,2020,World Intellectual Property Organization,Patent applications,Applicant,23.5
Bermuda,2020,,2020,United States Patent and Trademark Office,Patent applications,Inventor,4.166699886322021
Bermuda,2020,,2020,United States Patent and Trademark Office,Patent applications,Applicant,91.0
Bermuda,2020,,2020,United States Patent and Trademark Office,Patent grants,Inventor,4.5
Bermuda,2020,,2020,United States Patent and Trademark Office,Patent grants,Inventor,2.5
Bermuda,2020,,2020,United States Patent and Trademark Office,Patent grants,Applicant,55.5
Bermuda,2020,,2020,United States Patent and Trademark Office,Patent grants,Applicant,194.7917022705078
Bermuda,2021,,2021,European Patent Office,Patent applications,Inventor,1.0
Bermuda,2021,,2021,European Patent Office,Patent applications,Applicant,11.5
Bermuda,2021,,2021,European Patent Office,Patent grants,Inventor,1.0
Bermuda,2021,,2021,European Patent Office,Patent grants,Applicant,21.25
Bermuda,2021,,2021,World Intellectual Property Organization,Patent applications,Inventor,2.5
Bermuda,2021,,2021,World Intellectual Property Organization,Patent applications,Applicant,19.5
Bermuda,2021,,2021,United States Patent and Trademark Office,Patent applications,Inventor,4.25
Bermuda,2021,,2021,United States Patent and Trademark Office,Patent applications,Applicant,104.3332977294922
Bermuda,2021,,2021,United States Patent and Trademark Office,Patent grants,Inventor,5.309500217437744
Bermuda,2021,,2021,United States Patent and Trademark Office,Patent grants,Applicant,104.9761962890625
Bosnia and Herzegovina,2018,,2018,European Patent Office,Patent applications,Inventor,2.125
Bosnia and Herzegovina,2018,,2018,European Patent Office,Patent applications,Applicant,0.0
Bosnia and Herzegovina,2018,,2018,European Patent Office,Patent grants,Inventor,1.0
Bosnia and Herzegovina,2018,,2018,European Patent Office,Patent grants,Inventor,1.833299994468689
Bosnia and Herzegovina,2018,,2018,European Patent Office,Patent grants,Applicant,0.0
Bosnia and Herzegovina,2018,,2018,European Patent Office,Patent grants,Applicant,0.0
Bosnia and Herzegovina,2018,,2018,World Intellectual Property Organization,Patent applications,Inventor,2.375
Bosnia and Herzegovina,2018,,2018,World Intellectual Property Organization,Patent applications,Applicant,2.0
Bosnia and Herzegovina,2018,,2018,United States Patent and Trademark Office,Patent applications,Inventor,0.324999988079071
Bosnia and Herzegovina,2018,,2018,United States Patent and Trademark Office,Patent applications,Applicant,1.0
Bosnia and Herzegovina,2018,,2018,United States Patent and Trademark Office,Patent grants,Inventor,0.5
Bosnia and Herzegovina,2018,,2018,United States Patent and Trademark Office,Patent grants,Inventor,2.5
Bosnia and Herzegovina,2018,,2018,United States Patent and Trademark Office,Patent grants,Applicant,1.0
Bosnia and Herzegovina,2018,,2018,United States Patent and Trademark Office,Patent grants,Applicant,0.5
Bosnia and Herzegovina,2019,,2019,European Patent Office,Patent applications,Inventor,1.200000047683716
Bosnia and Herzegovina,2019,,2019,European Patent Office,Patent applications,Applicant,1.0
Bosnia and Herzegovina,2019,,2019,European Patent Office,Patent grants,Inventor,0.0
Bosnia and Herzegovina,2019,,2019,European Patent Office,Patent grants,Inventor,3.0
Bosnia and Herzegovina,2019,,2019,European Patent Office,Patent grants,Applicant,0.0
Bosnia and Herzegovina,2019,,2019,European Patent Office,Patent grants,Applicant,0.0
Bosnia and Herzegovina,2019,,2019,World Intellectual Property Organization,Patent applications,Inventor,2.200000047683716
Bosnia and Herzegovina,2019,,2019,World Intellectual Property Organization,Patent applications,Applicant,2.0
Bosnia and Herzegovina,2019,,2019,United States Patent and Trademark Office,Patent applications,Inventor,2.866699934005737
Bosnia and Herzegovina,2019,,2019,United States Patent and Trademark Office,Patent applications,Applicant,1.0
Bosnia and Herzegovina,2019,,2019,United States Patent and Trademark Office,Patent grants,Inventor,3.166699886322021
Bosnia and Herzegovina,2019,,2019,United States Patent and Trademark Office,Patent grants,Inventor,4.066699981689453
Bosnia and Herzegovina,2019,,2019,United States Patent and Trademark Office,Patent grants,Applicant,1.0
Bosnia and Herzegovina,2019,,2019,United States Patent and Trademark Office,Patent grants,Applicant,0.333299994468689
Bosnia and Herzegovina,2020,,2020,European Patent Office,Patent applications,Inventor,3.444400072097778
Bosnia and Herzegovina,2020,,2020,European Patent Office,Patent applications,Applicant,3.0
Bosnia and Herzegovina,2020,,2020,European Patent Office,Patent grants,Inventor,0.0
Bosnia and Herzegovina,2020,,2020,European Patent Office,Patent grants,Inventor,0.0
Bosnia and Herzegovina,2020,,2020,European Patent Office,Patent grants,Applicant,0.0
Bosnia and Herzegovina,2020,,2020,European Patent Office,Patent grants,Applicant,0.0
Bosnia and Herzegovina,2020,,2020,World Intellectual Property Organization,Patent applications,Inventor,7.634900093078613
Bosnia and Herzegovina,2020,,2020,World Intellectual Property Organization,Patent applications,Applicant,7.0
Bosnia and Herzegovina,2020,,2020,United States Patent and Trademark Office,Patent applications,Inventor,1.333299994468689
Bosnia and Herzegovina,2020,,2020,United States Patent and Trademark Office,Patent applications,Applicant,1.0
Bosnia and Herzegovina,2020,,2020,United States Patent and Trademark Office,Patent grants,Inventor,0.0
Bosnia and Herzegovina,2020,,2020,United States Patent and Trademark Office,Patent grants,Inventor,2.5
Bosnia and Herzegovina,2020,,2020,United States Patent and Trademark Office,Patent grants,Applicant,0.0
Bosnia and Herzegovina,2020,,2020,United States Patent and Trademark Office,Patent grants,Applicant,0.0
Bosnia and Herzegovina,2021,,2021,European Patent Office,Patent applications,Inventor,1.833299994468689
Bosnia and Herzegovina,2021,,2021,European Patent Office,Patent applications,Applicant,2.0
Bosnia and Herzegovina,2021,,2021,European Patent Office,Patent grants,Inventor,2.0
Bosnia and Herzegovina,2021,,2021,European Patent Office,Patent grants,Applicant,1.0
Bosnia and Herzegovina,2021,,2021,World Intellectual Property Organization,Patent applications,Inventor,13.16670036315918
Bosnia and Herzegovina,2021,,2021,World Intellectual Property Organization,Patent applications,Applicant,12.0
Bosnia and Herzegovina,2021,,2021,United States Patent and Trademark Office,Patent applications,Inventor,4.050000190734863
Bosnia and Herzegovina,2021,,2021,United States Patent and Trademark Office,Patent applications,Applicant,3.0
Bosnia and Herzegovina,2021,,2021,United States Patent and Trademark Office,Patent grants,Inventor,2.309499979019165
Bosnia and Herzegovina,2021,,2021,United States Patent and Trademark Office,Patent grants,Applicant,2.0
Brazil,2018,,2018,European Patent Office,Patent applications,Inventor,260.7777099609375
Brazil,2018,,2018,European Patent Office,Patent applications,Applicant,176.1405029296875
Brazil,2018,,2018,European Patent Office,Patent grants,Inventor,63.6786003112793
Brazil,2018,,2018,European Patent Office,Patent grants,Inventor,199.3647003173828
Brazil,2018,,2018,European Patent Office,Patent grants,Applicant,45.10480117797852
Brazil,2018,,2018,European Patent Office,Patent grants,Applicant,137.25
Brazil,2018,,2018,World Intellectual Property Organization,Patent applications,Inventor,743.1842041015625
Brazil,2018,,2018,World Intellectual Property Organization,Patent applications,Applicant,593.44287109375
Brazil,2018,,2018,United States Patent and Trademark Office,Patent applications,Inventor,686.6417236328125
Brazil,2018,,2018,United States Patent and Trademark Office,Patent applications,Applicant,366.25
Brazil,2018,,2018,United States Patent and Trademark Office,Patent grants,Inventor,441.3528137207031
Brazil,2018,,2018,United States Patent and Trademark Office,Patent grants,Inventor,388.8241882324219
Brazil,2018,,2018,United States Patent and Trademark Office,Patent grants,Applicant,206.5
Brazil,2018,,2018,United States Patent and Trademark Office,Patent grants,Applicant,200.6887054443359
Brazil,2019,,2019,European Patent Office,Patent applications,Inventor,303.6235961914063
Brazil,2019,,2019,European Patent Office,Patent applications,Applicant,212.2832946777344
Brazil,2019,,2019,European Patent Office,Patent grants,Inventor,43.48450088500977
Brazil,2019,,2019,European Patent Office,Patent grants,Inventor,210.0428924560547
Brazil,2019,,2019,European Patent Office,Patent grants,Applicant,29.33329963684082
Brazil,2019,,2019,European Patent Office,Patent grants,Applicant,144.1667022705078
Brazil,2019,,2019,World Intellectual Property Organization,Patent applications,Inventor,799.8895263671875
Brazil,2019,,2019,World Intellectual Property Organization,Patent applications,Applicant,631.9332885742188
Brazil,2019,,2019,United States Patent and Trademark Office,Patent applications,Inventor,748.9752197265625
Brazil,2019,,2019,United States Patent and Trademark Office,Patent applications,Applicant,409.139404296875
Brazil,2019,,2019,United States Patent and Trademark Office,Patent grants,Inventor,374.9531860351563
Brazil,2019,,2019,United States Patent and Trademark Office,Patent grants,Inventor,450.5140075683594
Brazil,2019,,2019,United States Patent and Trademark Office,Patent grants,Applicant,148.8166961669922
Brazil,2019,,2019,United States Patent and Trademark Office,Patent grants,Applicant,231.0426940917969
Brazil,2020,,2020,European Patent Office,Patent applications,Inventor,294.3198852539063
Brazil,2020,,2020,European Patent Office,Patent applications,Applicant,206.88330078125
Brazil,2020,,2020,European Patent Office,Patent grants,Inventor,16.21789932250977
Brazil,2020,,2020,European Patent Office,Patent grants,Inventor,178.6040954589844
Brazil,2020,,2020,European Patent Office,Patent grants,Applicant,8.0
Brazil,2020,,2020,European Patent Office,Patent grants,Applicant,117.5
Brazil,2020,,2020,World Intellectual Property Organization,Patent applications,Inventor,772.8405151367188
Brazil,2020,,2020,World Intellectual Property Organization,Patent applications,Applicant,622.1500244140625
Brazil,2020,,2020,United States Patent and Trademark Office,Patent applications,Inventor,621.5881958007812
Brazil,2020,,2020,United States Patent and Trademark Office,Patent applications,Applicant,339.2333068847656
Brazil,2020,,2020,United States Patent and Trademark Office,Patent grants,Inventor,237.7384948730469
Brazil,2020,,2020,United States Patent and Trademark Office,Patent grants,Inventor,509.158203125
Brazil,2020,,2020,United States Patent and Trademark Office,Patent grants,Applicant,64.41670227050781
Brazil,2020,,2020,United States Patent and Trademark Office,Patent grants,Applicant,226.9833068847656
Brazil,2021,,2021,European Patent Office,Patent applications,Inventor,215.2203063964844
Brazil,2021,,2021,European Patent Office,Patent applications,Applicant,146.7333068847656
Brazil,2021,,2021,European Patent Office,Patent grants,Inventor,127.5214004516602
Brazil,2021,,2021,European Patent Office,Patent grants,Applicant,74.44999694824219
Brazil,2021,,2021,World Intellectual Property Organization,Patent applications,Inventor,748.7178955078125
Brazil,2021,,2021,World Intellectual Property Organization,Patent applications,Applicant,606.63330078125
Brazil,2021,,2021,United States Patent and Trademark Office,Patent applications,Inventor,460.4755859375
Brazil,2021,,2021,United States Patent and Trademark Office,Patent applications,Applicant,211.86669921875
Brazil,2021,,2021,United States Patent and Trademark Office,Patent grants,Inventor,501.9309997558594
Brazil,2021,,2021,United States Patent and Trademark Office,Patent grants,Applicant,189.5
Bulgaria,2018,,2018,European Patent Office,Patent applications,Inventor,39.79999923706055
Bulgaria,2018,,2018,European Patent Office,Patent applications,Applicant,36.0
Bulgaria,2018,,2018,European Patent Office,Patent grants,Inventor,18.73329925537109
Bulgaria,2018,,2018,European Patent Office,Patent grants,Inventor,18.5856990814209
Bulgaria,2018,,2018,European Patent Office,Patent grants,Applicant,19.0
Bulgaria,2018,,2018,European Patent Office,Patent grants,Applicant,18.0
Bulgaria,2018,,2018,World Intellectual Property Organization,Patent applications,Inventor,56.00479888916016
Bulgaria,2018,,2018,World Intellectual Property Organization,Patent applications,Applicant,56.5713996887207
Bulgaria,2018,,2018,United States Patent and Trademark Office,Patent applications,Inventor,67.17060089111328
Bulgaria,2018,,2018,United States Patent and Trademark Office,Patent applications,Applicant,26.66670036315918
Bulgaria,2018,,2018,United States Patent and Trademark Office,Patent grants,Inventor,53.12060165405273
Bulgaria,2018,,2018,United States Patent and Trademark Office,Patent grants,Inventor,42.15829849243164
Bulgaria,2018,,2018,United States Patent and Trademark Office,Patent grants,Applicant,13.83329963684082
Bulgaria,2018,,2018,United States Patent and Trademark Office,Patent grants,Applicant,18.88570022583008
Bulgaria,2019,,2019,European Patent Office,Patent applications,Inventor,48.67060089111328
Bulgaria,2019,,2019,European Patent Office,Patent applications,Applicant,35.0
Bulgaria,2019,,2019,European Patent Office,Patent grants,Inventor,14.0
Bulgaria,2019,,2019,European Patent Office,Patent grants,Inventor,20.23329925537109
Bulgaria,2019,,2019,European Patent Office,Patent grants,Applicant,13.0
Bulgaria,2019,,2019,European Patent Office,Patent grants,Applicant,17.33329963684082
Bulgaria,2019,,2019,World Intellectual Property Organization,Patent applications,Inventor,52.32619857788086
Bulgaria,2019,,2019,World Intellectual Property Organization,Patent applications,Applicant,49.0
Bulgaria,2019,,2019,United States Patent and Trademark Office,Patent applications,Inventor,87.50749969482422
Bulgaria,2019,,2019,United States Patent and Trademark Office,Patent applications,Applicant,25.5
Bulgaria,2019,,2019,United States Patent and Trademark Office,Patent grants,Inventor,61.73130035400391
Bulgaria,2019,,2019,United States Patent and Trademark Office,Patent grants,Inventor,61.64049911499023
Bulgaria,2019,,2019,United States Patent and Trademark Office,Patent grants,Applicant,14.5
Bulgaria,2019,,2019,United States Patent and Trademark Office,Patent grants,Applicant,18.46669960021973
Bulgaria,2020,,2020,European Patent Office,Patent applications,Inventor,57.96670150756836
Bulgaria,2020,,2020,European Patent Office,Patent applications,Applicant,47.40000152587891
Bulgaria,2020,,2020,European Patent Office,Patent grants,Inventor,6.099999904632568
Bulgaria,2020,,2020,European Patent Office,Patent grants,Inventor,16.63330078125
Bulgaria,2020,,2020,European Patent Office,Patent grants,Applicant,4.5
Bulgaria,2020,,2020,European Patent Office,Patent grants,Applicant,17.5
Bulgaria,2020,,2020,World Intellectual Property Organization,Patent applications,Inventor,56.6713981628418
Bulgaria,2020,,2020,World Intellectual Property Organization,Patent applications,Applicant,47.40000152587891
Bulgaria,2020,,2020,United States Patent and Trademark Office,Patent applications,Inventor,88.98100280761719
Bulgaria,2020,,2020,United States Patent and Trademark Office,Patent applications,Applicant,28.5
Bulgaria,2020,,2020,United States Patent and Trademark Office,Patent grants,Inventor,55.29399871826172
Bulgaria,2020,,2020,United States Patent and Trademark Office,Patent grants,Inventor,63.14400100708008
Bulgaria,2020,,2020,United States Patent and Trademark Office,Patent grants,Applicant,8.5
Bulgaria,2020,,2020,United States Patent and Trademark Office,Patent grants,Applicant,8.0
Bulgaria,2021,,2021,European Patent Office,Patent applications,Inventor,44.22620010375977
Bulgaria,2021,,2021,European Patent Office,Patent applications,Applicant,36.5
Bulgaria,2021,,2021,European Patent Office,Patent grants,Inventor,25.84169960021973
Bulgaria,2021,,2021,European Patent Office,Patent grants,Applicant,22.875
Bulgaria,2021,,2021,World Intellectual Property Organization,Patent applications,Inventor,51.4452018737793
Bulgaria,2021,,2021,World Intellectual Property Organization,Patent applications,Applicant,43.83330154418945
Bulgaria,2021,,2021,United States Patent and Trademark Office,Patent applications,Inventor,92.32440185546875
Bulgaria,2021,,2021,United States Patent and Trademark Office,Patent applications,Applicant,19.0
Bulgaria,2021,,2021,United States Patent and Trademark Office,Patent grants,Inventor,83.57859802246094
Bulgaria,2021,,2021,United States Patent and Trademark Office,Patent grants,Applicant,15.5
Cayman Islands,2018,,2018,European Patent Office,Patent applications,Inventor,4.25
Cayman Islands,2018,,2018,European Patent Office,Patent applications,Applicant,397.5
Cayman Islands,2018,,2018,European Patent Office,Patent grants,Inventor,1.0
Cayman Islands,2018,,2018,European Patent Office,Patent grants,Inventor,0.0
Cayman Islands,2018,,2018,European Patent Office,Patent grants,Applicant,169.0
Cayman Islands,2018,,2018,European Patent Office,Patent grants,Applicant,104.6667022705078
Cayman Islands,2018,,2018,World Intellectual Property Organization,Patent applications,Inventor,6.083300113677979
Cayman Islands,2018,,2018,World Intellectual Property Organization,Patent applications,Applicant,1007.083312988281
Cayman Islands,2018,,2018,United States Patent and Trademark Office,Patent applications,Inventor,6.333300113677979
Cayman Islands,2018,,2018,United States Patent and Trademark Office,Patent applications,Applicant,1465.833251953125
Cayman Islands,2018,,2018,United States Patent and Trademark Office,Patent grants,Inventor,4.75
Cayman Islands,2018,,2018,United States Patent and Trademark Office,Patent grants,Inventor,8.20829963684082
Cayman Islands,2018,,2018,United States Patent and Trademark Office,Patent grants,Applicant,1298.5
Cayman Islands,2018,,2018,United States Patent and Trademark Office,Patent grants,Applicant,1075.27294921875
Cayman Islands,2019,,2019,European Patent Office,Patent applications,Inventor,15.5
Cayman Islands,2019,,2019,European Patent Office,Patent applications,Applicant,507.6666870117188
Cayman Islands,2019,,2019,European Patent Office,Patent grants,Inventor,4.0
Cayman Islands,2019,,2019,European Patent Office,Patent grants,Inventor,0.125
Cayman Islands,2019,,2019,European Patent Office,Patent grants,Applicant,181.0
Cayman Islands,2019,,2019,European Patent Office,Patent grants,Applicant,130.3332977294922
Cayman Islands,2019,,2019,World Intellectual Property Organization,Patent applications,Inventor,13.66670036315918
Cayman Islands,2019,,2019,World Intellectual Property Organization,Patent applications,Applicant,1305.833251953125
Cayman Islands,2019,,2019,United States Patent and Trademark Office,Patent applications,Inventor,13.72500038146973
Cayman Islands,2019,,2019,United States Patent and Trademark Office,Patent applications,Applicant,1382.416748046875
Cayman Islands,2019,,2019,United States Patent and Trademark Office,Patent grants,Inventor,9.29170036315918
Cayman Islands,2019,,2019,United States Patent and Trademark Office,Patent grants,Inventor,6.833300113677979
Cayman Islands,2019,,2019,United States Patent and Trademark Office,Patent grants,Applicant,1202.25
Cayman Islands,2019,,2019,United States Patent and Trademark Office,Patent grants,Applicant,1292.949951171875
Cayman Islands,2020,,2020,European Patent Office,Patent applications,Inventor,7.416699886322021
Cayman Islands,2020,,2020,European Patent Office,Patent applications,Applicant,123.75
Cayman Islands,2020,,2020,European Patent Office,Patent grants,Inventor,0.0
Cayman Islands,2020,,2020,European Patent Office,Patent grants,Inventor,0.0
Cayman Islands,2020,,2020,European Patent Office,Patent grants,Applicant,8.0
Cayman Islands,2020,,2020,European Patent Office,Patent grants,Applicant,207.5
Cayman Islands,2020,,2020,World Intellectual Property Organization,Patent applications,Inventor,11.21669960021973
Cayman Islands,2020,,2020,World Intellectual Property Organization,Patent applications,Applicant,843.75
Cayman Islands,2020,,2020,United States Patent and Trademark Office,Patent applications,Inventor,15.40830039978027
Cayman Islands,2020,,2020,United States Patent and Trademark Office,Patent applications,Applicant,1503.833251953125
Cayman Islands,2020,,2020,United States Patent and Trademark Office,Patent grants,Inventor,8.08329963684082
Cayman Islands,2020,,2020,United States Patent and Trademark Office,Patent grants,Inventor,7.75
Cayman Islands,2020,,2020,United States Patent and Trademark Office,Patent grants,Applicant,1196.583251953125
Cayman Islands,2020,,2020,United States Patent and Trademark Office,Patent grants,Applicant,1563.092895507813
Cayman Islands,2021,,2021,European Patent Office,Patent applications,Inventor,3.833300113677979
Cayman Islands,2021,,2021,European Patent Office,Patent applications,Applicant,125.25
Cayman Islands,2021,,2021,European Patent Office,Patent grants,Inventor,4.0
Cayman Islands,2021,,2021,European Patent Office,Patent grants,Applicant,293.3333129882813
Cayman Islands,2021,,2021,World Intellectual Property Organization,Patent applications,Inventor,13.875
Cayman Islands,2021,,2021,World Intellectual Property Organization,Patent applications,Applicant,282.0833129882813
Cayman Islands,2021,,2021,United States Patent and Trademark Office,Patent applications,Inventor,14.53330039978027
Cayman Islands,2021,,2021,United States Patent and Trademark Office,Patent applications,Applicant,858.0833129882812
Cayman Islands,2021,,2021,United States Patent and Trademark Office,Patent grants,Inventor,8.741700172424316
Cayman Islands,2021,,2021,United States Patent and Trademark Office,Patent grants,Applicant,1336.166748046875
China (People’s Republic of),2018,,2018,European Patent Office,Patent applications,Inventor,13346.791015625
China (People’s Republic of),2018,,2018,European Patent Office,Patent applications,Applicant,12353.455078125
China (People’s Republic of),2018,,2018,European Patent Office,Patent grants,Inventor,4895.3759765625
China (People’s Republic of),2018,,2018,European Patent Office,Patent grants,Inventor,5093.7568359375
China (People’s Republic of),2018,,2018,European Patent Office,Patent grants,Applicant,4627.8095703125
China (People’s Republic of),2018,,2018,European Patent Office,Patent grants,Applicant,4686.68310546875
China (People’s Republic of),2018,,2018,World Intellectual Property Organization,Patent applications,Inventor,49373.578125
China (People’s Republic of),2018,,2018,World Intellectual Property Organization,Patent applications,Applicant,47534.63671875
China (People’s Republic of),2018,,2018,United States Patent and Trademark Office,Patent applications,Inventor,28288.916015625
China (People’s Republic of),2018,,2018,United States Patent and Trademark Office,Patent applications,Applicant,25375.490234375
China (People’s Republic of),2018,,2018,United States Patent and Trademark Office,Patent grants,Inventor,21584.734375
China (People’s Republic of),2018,,2018,United States Patent and Trademark Office,Patent grants,Inventor,14975.958984375
China (People’s Republic of),2018,,2018,United States Patent and Trademark Office,Patent grants,Applicant,19573.92578125
China (People’s Republic of),2018,,2018,United States Patent and Trademark Office,Patent grants,Applicant,12910.7314453125
China (People’s Republic of),2019,,2019,European Patent Office,Patent applications,Inventor,14787.6689453125
China (People’s Republic of),2019,,2019,European Patent Office,Patent applications,Applicant,13770.5078125
China (People’s Republic of),2019,,2019,European Patent Office,Patent grants,Inventor,2869.518310546875
China (People’s Republic of),2019,,2019,European Patent Office,Patent grants,Inventor,6400.7294921875
China (People’s Republic of),2019,,2019,European Patent Office,Patent grants,Applicant,2650.199951171875
China (People’s Republic of),2019,,2019,European Patent Office,Patent grants,Applicant,5996.06689453125
China (People’s Republic of),2019,,2019,World Intellectual Property Organization,Patent applications,Inventor,55584.98828125
China (People’s Republic of),2019,,2019,World Intellectual Property Organization,Patent applications,Applicant,53498.70703125
China (People’s Republic of),2019,,2019,United States Patent and Trademark Office,Patent applications,Inventor,32936.890625
China (People’s Republic of),2019,,2019,United States Patent and Trademark Office,Patent applications,Applicant,29322.357421875
China (People’s Republic of),2019,,2019,United States Patent and Trademark Office,Patent grants,Inventor,21906.71484375
China (People’s Republic of),2019,,2019,United States Patent and Trademark Office,Patent grants,Inventor,19818.58984375
China (People’s Republic of),2019,,2019,United States Patent and Trademark Office,Patent grants,Applicant,19669.923828125
China (People’s Republic of),2019,,2019,United States Patent and Trademark Office,Patent grants,Applicant,17248.498046875
China (People’s Republic of),2020,,2020,European Patent Office,Patent applications,Inventor,17063.099609375
China (People’s Republic of),2020,,2020,European Patent Office,Patent applications,Applicant,16496.42578125
China (People’s Republic of),2020,,2020,European Patent Office,Patent grants,Inventor,1265.97216796875
China (People’s Republic of),2020,,2020,European Patent Office,Patent grants,Inventor,7149.0625
China (People’s Republic of),2020,,2020,European Patent Office,Patent grants,Applicant,1207.166748046875
China (People’s Republic of),2020,,2020,European Patent Office,Patent grants,Applicant,6705.14306640625
China (People’s Republic of),2020,,2020,World Intellectual Property Organization,Patent applications,Inventor,65330.09765625
China (People’s Republic of),2020,,2020,World Intellectual Property Organization,Patent applications,Applicant,63791.5703125
China (People’s Republic of),2020,,2020,United States Patent and Trademark Office,Patent applications,Inventor,34242.7578125
China (People’s Republic of),2020,,2020,United States Patent and Trademark Office,Patent applications,Applicant,30865.63671875
China (People’s Republic of),2020,,2020,United States Patent and Trademark Office,Patent grants,Inventor,17128.435546875
China (People’s Republic of),2020,,2020,United States Patent and Trademark Office,Patent grants,Inventor,21911.94921875
China (People’s Republic of),2020,,2020,United States Patent and Trademark Office,Patent grants,Applicant,15475.755859375
China (People’s Republic of),2020,,2020,United States Patent and Trademark Office,Patent grants,Applicant,19041.2109375
China (People’s Republic of),2021,,2021,European Patent Office,Patent applications,Inventor,12952.216796875
China (People’s Republic of),2021,,2021,European Patent Office,Patent applications,Applicant,12393.033203125
China (People’s Republic of),2021,,2021,European Patent Office,Patent grants,Inventor,7166.5263671875
China (People’s Republic of),2021,,2021,European Patent Office,Patent grants,Applicant,6704.72607421875
China (People’s Republic of),2021,,2021,World Intellectual Property Organization,Patent applications,Inventor,65221.52734375
China (People’s Republic of),2021,,2021,World Intellectual Property Organization,Patent applications,Applicant,64157.70703125
China (People’s Republic of),2021,,2021,United States Patent and Trademark Office,Patent applications,Inventor,29947.609375
China (People’s Republic of),2021,,2021,United States Patent and Trademark Office,Patent applications,Applicant,28237.142578125
China (People’s Republic of),2021,,2021,United States Patent and Trademark Office,Patent grants,Inventor,23881.197265625
China (People’s Republic of),2021,,2021,United States Patent and Trademark Office,Patent grants,Applicant,20954.580078125
Croatia,2018,,2018,European Patent Office,Patent applications,Inventor,26.37779998779297
Croatia,2018,,2018,European Patent Office,Patent applications,Applicant,16.0
Croatia,2018,,2018,European Patent Office,Patent grants,Inventor,12.72500038146973
Croatia,2018,,2018,European Patent Office,Patent grants,Inventor,14.79290008544922
Croatia,2018,,2018,European Patent Office,Patent grants,Applicant,9.0
Croatia,2018,,2018,European Patent Office,Patent grants,Applicant,6.0
Croatia,2018,,2018,World Intellectual Property Organization,Patent applications,Inventor,36.96110153198242
Croatia,2018,,2018,World Intellectual Property Organization,Patent applications,Applicant,28.0
Croatia,2018,,2018,United States Patent and Trademark Office,Patent applications,Inventor,27.38260078430176
Croatia,2018,,2018,United States Patent and Trademark Office,Patent applications,Applicant,15.16670036315918
Croatia,2018,,2018,United States Patent and Trademark Office,Patent grants,Inventor,18.48259925842285
Croatia,2018,,2018,United States Patent and Trademark Office,Patent grants,Inventor,16.48500061035156
Croatia,2018,,2018,United States Patent and Trademark Office,Patent grants,Applicant,10.16670036315918
Croatia,2018,,2018,United States Patent and Trademark Office,Patent grants,Applicant,6.5
Croatia,2019,,2019,European Patent Office,Patent applications,Inventor,37.73329925537109
Croatia,2019,,2019,European Patent Office,Patent applications,Applicant,16.0
Croatia,2019,,2019,European Patent Office,Patent grants,Inventor,11.39999961853027
Croatia,2019,,2019,European Patent Office,Patent grants,Inventor,23.04400062561035
Croatia,2019,,2019,European Patent Office,Patent grants,Applicant,4.0
Croatia,2019,,2019,European Patent Office,Patent grants,Applicant,12.5
Croatia,2019,,2019,World Intellectual Property Organization,Patent applications,Inventor,52.48329925537109
Croatia,2019,,2019,World Intellectual Property Organization,Patent applications,Applicant,34.0
Croatia,2019,,2019,United States Patent and Trademark Office,Patent applications,Inventor,39.01940155029297
Croatia,2019,,2019,United States Patent and Trademark Office,Patent applications,Applicant,14.66670036315918
Croatia,2019,,2019,United States Patent and Trademark Office,Patent grants,Inventor,17.07620048522949
Croatia,2019,,2019,United States Patent and Trademark Office,Patent grants,Inventor,19.71479988098145
Croatia,2019,,2019,United States Patent and Trademark Office,Patent grants,Applicant,6.0
Croatia,2019,,2019,United States Patent and Trademark Office,Patent grants,Applicant,9.33329963684082
Croatia,2020,,2020,European Patent Office,Patent applications,Inventor,31.17020034790039
Croatia,2020,,2020,European Patent Office,Patent applications,Applicant,14.5
Croatia,2020,,2020,European Patent Office,Patent grants,Inventor,5.5
Croatia,2020,,2020,European Patent Office,Patent grants,Inventor,28.57819938659668
Croatia,2020,,2020,European Patent Office,Patent grants,Applicant,5.0
Croatia,2020,,2020,European Patent Office,Patent grants,Applicant,10.16670036315918
Croatia,2020,,2020,World Intellectual Property Organization,Patent applications,Inventor,37.206298828125
Croatia,2020,,2020,World Intellectual Property Organization,Patent applications,Applicant,15.5
Croatia,2020,,2020,United States Patent and Trademark Office,Patent applications,Inventor,40.53089904785156
Croatia,2020,,2020,United States Patent and Trademark Office,Patent applications,Applicant,14.0
Croatia,2020,,2020,United States Patent and Trademark Office,Patent grants,Inventor,8.085599899291992
Croatia,2020,,2020,United States Patent and Trademark Office,Patent grants,Inventor,17.49209976196289
Croatia,2020,,2020,United States Patent and Trademark Office,Patent grants,Applicant,2.0
Croatia,2020,,2020,United States Patent and Trademark Office,Patent grants,Applicant,6.0
Croatia,2021,,2021,European Patent Office,Patent applications,Inventor,36.96670150756836
Croatia,2021,,2021,European Patent Office,Patent applications,Applicant,19.0
Croatia,2021,,2021,European Patent Office,Patent grants,Inventor,14.48289966583252
Croatia,2021,,2021,European Patent Office,Patent grants,Applicant,7.5
Croatia,2021,,2021,World Intellectual Property Organization,Patent applications,Inventor,49.57619857788086
Croatia,2021,,2021,World Intellectual Property Organization,Patent applications,Applicant,30.5
Croatia,2021,,2021,United States Patent and Trademark Office,Patent applications,Inventor,26.71649932861328
Croatia,2021,,2021,United States Patent and Trademark Office,Patent applications,Applicant,10.5
Croatia,2021,,2021,United States Patent and Trademark Office,Patent grants,Inventor,23.79949951171875
Croatia,2021,,2021,United States Patent and Trademark Office,Patent grants,Applicant,9.952400207519531
Cuba,2018,,2018,European Patent Office,Patent applications,Inventor,7.433300018310547
Cuba,2018,,2018,European Patent Office,Patent applications,Applicant,7.333300113677979
Cuba,2018,,2018,European Patent Office,Patent grants,Inventor,0.0
Cuba,2018,,2018,European Patent Office,Patent grants,Inventor,7.0
Cuba,2018,,2018,European Patent Office,Patent grants,Applicant,0.0
Cuba,2018,,2018,European Patent Office,Patent grants,Applicant,6.5
Cuba,2018,,2018,World Intellectual Property Organization,Patent applications,Inventor,7.383299827575684
Cuba,2018,,2018,World Intellectual Property Organization,Patent applications,Applicant,7.333300113677979
Cuba,2018,,2018,United States Patent and Trademark Office,Patent applications,Inventor,9.244400024414062
Cuba,2018,,2018,United States Patent and Trademark Office,Patent applications,Applicant,9.5
Cuba,2018,,2018,United States Patent and Trademark Office,Patent grants,Inventor,2.244400024414063
Cuba,2018,,2018,United States Patent and Trademark Office,Patent grants,Inventor,6.36870002746582
Cuba,2018,,2018,United States Patent and Trademark Office,Patent grants,Applicant,2.5
Cuba,2018,,2018,United States Patent and Trademark Office,Patent grants,Applicant,7.166699886322021
Cuba,2019,,2019,European Patent Office,Patent applications,Inventor,6.875
Cuba,2019,,2019,European Patent Office,Patent applications,Applicant,6.666699886322021
Cuba,2019,,2019,European Patent Office,Patent grants,Inventor,1.0
Cuba,2019,,2019,European Patent Office,Patent grants,Inventor,3.299999952316284
Cuba,2019,,2019,European Patent Office,Patent grants,Applicant,1.0
Cuba,2019,,2019,European Patent Office,Patent grants,Applicant,3.5
Cuba,2019,,2019,World Intellectual Property Organization,Patent applications,Inventor,10.25399971008301
Cuba,2019,,2019,World Intellectual Property Organization,Patent applications,Applicant,10.16670036315918
Cuba,2019,,2019,United States Patent and Trademark Office,Patent applications,Inventor,7.875
Cuba,2019,,2019,United States Patent and Trademark Office,Patent applications,Applicant,7.666699886322021
Cuba,2019,,2019,United States Patent and Trademark Office,Patent grants,Inventor,2.0
Cuba,2019,,2019,United States Patent and Trademark Office,Patent grants,Inventor,2.686100006103516
Cuba,2019,,2019,United States Patent and Trademark Office,Patent grants,Applicant,2.0
Cuba,2019,,2019,United States Patent and Trademark Office,Patent grants,Applicant,2.333300113677979
Cuba,2020,,2020,European Patent Office,Patent applications,Inventor,7.93690013885498
Cuba,2020,,2020,European Patent Office,Patent applications,Applicant,8.75
Cuba,2020,,2020,European Patent Office,Patent grants,Inventor,0.0
Cuba,2020,,2020,European Patent Office,Patent grants,Inventor,2.5
Cuba,2020,,2020,European Patent Office,Patent grants,Applicant,0.0
Cuba,2020,,2020,European Patent Office,Patent grants,Applicant,1.0
Cuba,2020,,2020,World Intellectual Property Organization,Patent applications,Inventor,9.825799942016602
Cuba,2020,,2020,World Intellectual Property Organization,Patent applications,Applicant,10.75
Cuba,2020,,2020,United States Patent and Trademark Office,Patent applications,Inventor,9.236900329589844
Cuba,2020,,2020,United States Patent and Trademark Office,Patent applications,Applicant,10.25
Cuba,2020,,2020,United States Patent and Trademark Office,Patent grants,Inventor,1.0
Cuba,2020,,2020,United States Patent and Trademark Office,Patent grants,Inventor,3.299999952316284
Cuba,2020,,2020,United States Patent and Trademark Office,Patent grants,Applicant,1.0
Cuba,2020,,2020,United States Patent and Trademark Office,Patent grants,Applicant,3.5
Cuba,2021,,2021,European Patent Office,Patent applications,Inventor,5.209499835968018
Cuba,2021,,2021,European Patent Office,Patent applications,Applicant,5.5
Cuba,2021,,2021,European Patent Office,Patent grants,Inventor,7.0
Cuba,2021,,2021,European Patent Office,Patent grants,Applicant,7.0
Cuba,2021,,2021,World Intellectual Property Organization,Patent applications,Inventor,14.48040008544922
Cuba,2021,,2021,World Intellectual Property Organization,Patent applications,Applicant,15.5
Cuba,2021,,2021,United States Patent and Trademark Office,Patent applications,Inventor,3.833300113677979
Cuba,2021,,2021,United States Patent and Trademark Office,Patent applications,Applicant,3.5
Cuba,2021,,2021,United States Patent and Trademark Office,Patent grants,Inventor,5.944399833679199
Cuba,2021,,2021,United States Patent and Trademark Office,Patent grants,Applicant,5.0
Cyprus,2018,,2018,European Patent Office,Patent applications,Inventor,15.10709953308105
Cyprus,2018,,2018,European Patent Office,Patent applications,Applicant,35.53329849243164
Cyprus,2018,,2018,European Patent Office,Patent grants,Inventor,7.285699844360352
Cyprus,2018,,2018,European Patent Office,Patent grants,Inventor,9.476200103759766
Cyprus,2018,,2018,European Patent Office,Patent grants,Applicant,13.0
Cyprus,2018,,2018,European Patent Office,Patent grants,Applicant,28.33329963684082
Cyprus,2018,,2018,World Intellectual Property Organization,Patent applications,Inventor,14.05000019073486
Cyprus,2018,,2018,World Intellectual Property Organization,Patent applications,Applicant,39.11669921875
Cyprus,2018,,2018,United States Patent and Trademark Office,Patent applications,Inventor,20.07780075073242
Cyprus,2018,,2018,United States Patent and Trademark Office,Patent applications,Applicant,67.33329772949219
Cyprus,2018,,2018,United States Patent and Trademark Office,Patent grants,Inventor,12.32779979705811
Cyprus,2018,,2018,United States Patent and Trademark Office,Patent grants,Inventor,13.17780017852783
Cyprus,2018,,2018,United States Patent and Trademark Office,Patent grants,Applicant,82.16670227050781
Cyprus,2018,,2018,United States Patent and Trademark Office,Patent grants,Applicant,93.7166976928711
Cyprus,2019,,2019,European Patent Office,Patent applications,Inventor,15.22859954833984
Cyprus,2019,,2019,European Patent Office,Patent applications,Applicant,40.66669845581055
Cyprus,2019,,2019,European Patent Office,Patent grants,Inventor,1.700000047683716
Cyprus,2019,,2019,European Patent Office,Patent grants,Inventor,9.010299682617188
Cyprus,2019,,2019,European Patent Office,Patent grants,Applicant,10.16670036315918
Cyprus,2019,,2019,European Patent Office,Patent grants,Applicant,24.0
Cyprus,2019,,2019,World Intellectual Property Organization,Patent applications,Inventor,14.39050006866455
Cyprus,2019,,2019,World Intellectual Property Organization,Patent applications,Applicant,34.25
Cyprus,2019,,2019,United States Patent and Trademark Office,Patent applications,Inventor,17.82379913330078
Cyprus,2019,,2019,United States Patent and Trademark Office,Patent applications,Applicant,71.0
Cyprus,2019,,2019,United States Patent and Trademark Office,Patent grants,Inventor,6.183300018310547
Cyprus,2019,,2019,United States Patent and Trademark Office,Patent grants,Inventor,10.14999961853027
Cyprus,2019,,2019,United States Patent and Trademark Office,Patent grants,Applicant,81.25
Cyprus,2019,,2019,United States Patent and Trademark Office,Patent grants,Applicant,104.4167022705078
Cyprus,2020,,2020,European Patent Office,Patent applications,Inventor,20.30949974060059
Cyprus,2020,,2020,European Patent Office,Patent applications,Applicant,52.0
Cyprus,2020,,2020,European Patent Office,Patent grants,Inventor,0.0
Cyprus,2020,,2020,European Patent Office,Patent grants,Inventor,8.79170036315918
Cyprus,2020,,2020,European Patent Office,Patent grants,Applicant,5.0
Cyprus,2020,,2020,European Patent Office,Patent grants,Applicant,29.0
Cyprus,2020,,2020,World Intellectual Property Organization,Patent applications,Inventor,17.97620010375977
Cyprus,2020,,2020,World Intellectual Property Organization,Patent applications,Applicant,47.5
Cyprus,2020,,2020,United States Patent and Trademark Office,Patent applications,Inventor,15.90480041503906
Cyprus,2020,,2020,United States Patent and Trademark Office,Patent applications,Applicant,75.0
Cyprus,2020,,2020,United States Patent and Trademark Office,Patent grants,Inventor,8.361900329589844
Cyprus,2020,,2020,United States Patent and Trademark Office,Patent grants,Inventor,13.7278003692627
Cyprus,2020,,2020,United States Patent and Trademark Office,Patent grants,Applicant,77.0
Cyprus,2020,,2020,United States Patent and Trademark Office,Patent grants,Applicant,101.0417022705078
Cyprus,2021,,2021,European Patent Office,Patent applications,Inventor,13.64290046691895
Cyprus,2021,,2021,European Patent Office,Patent applications,Applicant,28.5
Cyprus,2021,,2021,European Patent Office,Patent grants,Inventor,3.935699939727783
Cyprus,2021,,2021,European Patent Office,Patent grants,Applicant,26.0
Cyprus,2021,,2021,World Intellectual Property Organization,Patent applications,Inventor,19.21820068359375
Cyprus,2021,,2021,World Intellectual Property Organization,Patent applications,Applicant,54.70000076293945
Cyprus,2021,,2021,United States Patent and Trademark Office,Patent applications,Inventor,14.66670036315918
Cyprus,2021,,2021,United States Patent and Trademark Office,Patent applications,Applicant,58.75
Cyprus,2021,,2021,United States Patent and Trademark Office,Patent grants,Inventor,8.827799797058105
Cyprus,2021,,2021,United States Patent and Trademark Office,Patent grants,Applicant,94.75
Democratic People’s Republic of Korea,2018,,2018,European Patent Office,Patent applications,Inventor,2.700000047683716
Democratic People’s Republic of Korea,2018,,2018,European Patent Office,Patent applications,Applicant,0.0
Democratic People’s Republic of Korea,2018,,2018,European Patent Office,Patent grants,Inventor,2.0
Democratic People’s Republic of Korea,2018,,2018,European Patent Office,Patent grants,Inventor,2.666699886322021
Democratic People’s Republic of Korea,2018,,2018,European Patent Office,Patent grants,Applicant,0.0
Democratic People’s Republic of Korea,2018,,2018,European Patent Office,Patent grants,Applicant,0.0
Democratic People’s Republic of Korea,2018,,2018,World Intellectual Property Organization,Patent applications,Inventor,3.625
Democratic People’s Republic of Korea,2018,,2018,World Intellectual Property Organization,Patent applications,Applicant,2.0
Democratic People’s Republic of Korea,2018,,2018,United States Patent and Trademark Office,Patent applications,Inventor,5.949999809265137
Democratic People’s Republic of Korea,2018,,2018,United States Patent and Trademark Office,Patent applications,Applicant,1.0
Democratic People’s Republic of Korea,2018,,2018,United States Patent and Trademark Office,Patent grants,Inventor,3.366699934005737
Democratic People’s Republic of Korea,2018,,2018,United States Patent and Trademark Office,Patent grants,Inventor,4.949999809265137
Democratic People’s Republic of Korea,2018,,2018,United States Patent and Trademark Office,Patent grants,Applicant,0.0
Democratic People’s Republic of Korea,2018,,2018,United States Patent and Trademark Office,Patent grants,Applicant,1.5
Democratic People’s Republic of Korea,2019,,2019,European Patent Office,Patent applications,Inventor,0.2000000029802322
Democratic People’s Republic of Korea,2019,,2019,European Patent Office,Patent applications,Applicant,0.0
Democratic People’s Republic of Korea,2019,,2019,European Patent Office,Patent grants,Inventor,0.0
Democratic People’s Republic of Korea,2019,,2019,European Patent Office,Patent grants,Inventor,3.333300113677979
Democratic People’s Republic of Korea,2019,,2019,European Patent Office,Patent grants,Applicant,0.0
Democratic People’s Republic of Korea,2019,,2019,European Patent Office,Patent grants,Applicant,1.0
Democratic People’s Republic of Korea,2019,,2019,World Intellectual Property Organization,Patent applications,Inventor,1.200000047683716
Democratic People’s Republic of Korea,2019,,2019,World Intellectual Property Organization,Patent applications,Applicant,1.0
Democratic People’s Republic of Korea,2019,,2019,United States Patent and Trademark Office,Patent applications,Inventor,4.926199913024902
Democratic People’s Republic of Korea,2019,,2019,United States Patent and Trademark Office,Patent applications,Applicant,2.5
Democratic People’s Republic of Korea,2019,,2019,United States Patent and Trademark Office,Patent grants,Inventor,4.449999809265137
Democratic People’s Republic of Korea,2019,,2019,United States Patent and Trademark Office,Patent grants,Inventor,3.916699886322021
Democratic People’s Republic of Korea,2019,,2019,United States Patent and Trademark Office,Patent grants,Applicant,2.0
Democratic People’s Republic of Korea,2019,,2019,United States Patent and Trademark Office,Patent grants,Applicant,0.8611000180244446
Democratic People’s Republic of Korea,2020,,2020,European Patent Office,Patent applications,Inventor,9.08329963684082
Democratic People’s Republic of Korea,2020,,2020,European Patent Office,Patent applications,Applicant,2.0
Democratic People’s Republic of Korea,2020,,2020,European Patent Office,Patent grants,Inventor,1.0
Democratic People’s Republic of Korea,2020,,2020,European Patent Office,Patent grants,Inventor,1.785699963569641
Democratic People’s Republic of Korea,2020,,2020,European Patent Office,Patent grants,Applicant,1.0
Democratic People’s Republic of Korea,2020,,2020,European Patent Office,Patent grants,Applicant,0.0
Democratic People’s Republic of Korea,2020,,2020,World Intellectual Property Organization,Patent applications,Inventor,8.33329963684082
Democratic People’s Republic of Korea,2020,,2020,World Intellectual Property Organization,Patent applications,Applicant,1.0
Democratic People’s Republic of Korea,2020,,2020,United States Patent and Trademark Office,Patent applications,Inventor,8.39169979095459
Democratic People’s Republic of Korea,2020,,2020,United States Patent and Trademark Office,Patent applications,Applicant,5.5
Democratic People’s Republic of Korea,2020,,2020,United States Patent and Trademark Office,Patent grants,Inventor,5.791699886322021
Democratic People’s Republic of Korea,2020,,2020,United States Patent and Trademark Office,Patent grants,Inventor,2.416699886322021
Democratic People’s Republic of Korea,2020,,2020,United States Patent and Trademark Office,Patent grants,Applicant,3.5
Democratic People’s Republic of Korea,2020,,2020,United States Patent and Trademark Office,Patent grants,Applicant,0.0
Democratic People’s Republic of Korea,2021,,2021,European Patent Office,Patent applications,Inventor,3.583300113677979
Democratic People’s Republic of Korea,2021,,2021,European Patent Office,Patent applications,Applicant,0.0
Democratic People’s Republic of Korea,2021,,2021,European Patent Office,Patent grants,Inventor,0.0
Democratic People’s Republic of Korea,2021,,2021,European Patent Office,Patent grants,Applicant,0.0
Democratic People’s Republic of Korea,2021,,2021,World Intellectual Property Organization,Patent applications,Inventor,4.25
Democratic People’s Republic of Korea,2021,,2021,World Intellectual Property Organization,Patent applications,Applicant,1.0
Democratic People’s Republic of Korea,2021,,2021,United States Patent and Trademark Office,Patent applications,Inventor,3.624200105667114
Democratic People’s Republic of Korea,2021,,2021,United States Patent and Trademark Office,Patent applications,Applicant,1.0
Democratic People’s Republic of Korea,2021,,2021,United States Patent and Trademark Office,Patent grants,Inventor,4.283299922943115
Democratic People’s Republic of Korea,2021,,2021,United States Patent and Trademark Office,Patent grants,Applicant,3.5
Djibouti,2018,,2018,European Patent Office,Patent applications,Inventor,0.0
Djibouti,2018,,2018,European Patent Office,Patent applications,Applicant,0.0
Djibouti,2018,,2018,European Patent Office,Patent grants,Inventor,0.0
Djibouti,2018,,2018,European Patent Office,Patent grants,Inventor,0.25
Djibouti,2018,,2018,European Patent Office,Patent grants,Applicant,0.0
Djibouti,2018,,2018,European Patent Office,Patent grants,Applicant,0.0
Djibouti,2018,,2018,World Intellectual Property Organization,Patent applications,Inventor,0.0
Djibouti,2018,,2018,World Intellectual Property Organization,Patent applications,Applicant,0.0
Djibouti,2018,,2018,United States Patent and Trademark Office,Patent applications,Inventor,1.0
Djibouti,2018,,2018,United States Patent and Trademark Office,Patent applications,Applicant,0.0
Djibouti,2018,,2018,United States Patent and Trademark Office,Patent grants,Inventor,1.0
Djibouti,2018,,2018,United States Patent and Trademark Office,Patent grants,Inventor,0.699999988079071
Djibouti,2018,,2018,United States Patent and Trademark Office,Patent grants,Applicant,0.0
Djibouti,2018,,2018,United States Patent and Trademark Office,Patent grants,Applicant,0.0
Djibouti,2019,,2019,European Patent Office,Patent applications,Inventor,0.0
Djibouti,2019,,2019,European Patent Office,Patent applications,Applicant,0.0
Djibouti,2019,,2019,European Patent Office,Patent grants,Inventor,0.0
Djibouti,2019,,2019,European Patent Office,Patent grants,Inventor,0.0
Djibouti,2019,,2019,European Patent Office,Patent grants,Applicant,0.0
Djibouti,2019,,2019,European Patent Office,Patent grants,Applicant,0.0
Djibouti,2019,,2019,World Intellectual Property Organization,Patent applications,Inventor,0.0
Djibouti,2019,,2019,World Intellectual Property Organization,Patent applications,Applicant,0.0
Djibouti,2019,,2019,United States Patent and Trademark Office,Patent applications,Inventor,0.0
Djibouti,2019,,2019,United States Patent and Trademark Office,Patent applications,Applicant,0.0
Djibouti,2019,,2019,United States Patent and Trademark Office,Patent grants,Inventor,0.0
Djibouti,2019,,2019,United States Patent and Trademark Office,Patent grants,Inventor,0.0
Djibouti,2019,,2019,United States Patent and Trademark Office,Patent grants,Applicant,0.0
Djibouti,2019,,2019,United States Patent and Trademark Office,Patent grants,Applicant,0.0
Djibouti,2020,,2020,European Patent Office,Patent applications,Inventor,0.0
Djibouti,2020,,2020,European Patent Office,Patent applications,Applicant,0.0
Djibouti,2020,,2020,European Patent Office,Patent grants,Inventor,0.0
Djibouti,2020,,2020,European Patent Office,Patent grants,Inventor,0.0
Djibouti,2020,,2020,European Patent Office,Patent grants,Applicant,0.0
Djibouti,2020,,2020,European Patent Office,Patent grants,Applicant,0.0
Djibouti,2020,,2020,World Intellectual Property Organization,Patent applications,Inventor,0.0
Djibouti,2020,,2020,World Intellectual Property Organization,Patent applications,Applicant,0.0
Djibouti,2020,,2020,United States Patent and Trademark Office,Patent applications,Inventor,0.0
Djibouti,2020,,2020,United States Patent and Trademark Office,Patent applications,Applicant,0.0
Djibouti,2020,,2020,United States Patent and Trademark Office,Patent grants,Inventor,0.0
Djibouti,2020,,2020,United States Patent and Trademark Office,Patent grants,Inventor,0.0
Djibouti,2020,,2020,United States Patent and Trademark Office,Patent grants,Applicant,0.0
Djibouti,2020,,2020,United States Patent and Trademark Office,Patent grants,Applicant,0.0
Djibouti,2021,,2021,European Patent Office,Patent applications,Inventor,0.0
Djibouti,2021,,2021,European Patent Office,Patent applications,Applicant,0.0
Djibouti,2021,,2021,European Patent Office,Patent grants,Inventor,0.0
Djibouti,2021,,2021,European Patent Office,Patent grants,Applicant,0.0
Djibouti,2021,,2021,World Intellectual Property Organization,Patent applications,Inventor,0.0
Djibouti,2021,,2021,World Intellectual Property Organization,Patent applications,Applicant,0.0
Djibouti,2021,,2021,United States Patent and Trademark Office,Patent applications,Inventor,0.0
Djibouti,2021,,2021,United States Patent and Trademark Office,Patent applications,Applicant,0.0
Djibouti,2021,,2021,United States Patent and Trademark Office,Patent grants,Inventor,0.0
Djibouti,2021,,2021,United States Patent and Trademark Office,Patent grants,Applicant,0.0
Ecuador,2018,,2018,European Patent Office,Patent applications,Inventor,1.0
Ecuador,2018,,2018,European Patent Office,Patent applications,Applicant,1.0
Ecuador,2018,,2018,European Patent Office,Patent grants,Inventor,0.0
Ecuador,2018,,2018,European Patent Office,Patent grants,Inventor,0.333299994468689
Ecuador,2018,,2018,European Patent Office,Patent grants,Applicant,0.0
Ecuador,2018,,2018,European Patent Office,Patent grants,Applicant,0.5
Ecuador,2018,,2018,World Intellectual Property Organization,Patent applications,Inventor,26.5
Ecuador,2018,,2018,World Intellectual Property Organization,Patent applications,Applicant,26.0
Ecuador,2018,,2018,United States Patent and Trademark Office,Patent applications,Inventor,4.394400119781494
Ecuador,2018,,2018,United States Patent and Trademark Office,Patent applications,Applicant,2.5
Ecuador,2018,,2018,United States Patent and Trademark Office,Patent grants,Inventor,3.833300113677979
Ecuador,2018,,2018,United States Patent and Trademark Office,Patent grants,Inventor,2.75
Ecuador,2018,,2018,United States Patent and Trademark Office,Patent grants,Applicant,1.5
Ecuador,2018,,2018,United States Patent and Trademark Office,Patent grants,Applicant,0.25
Ecuador,2019,,2019,European Patent Office,Patent applications,Inventor,0.1429000049829483
Ecuador,2019,,2019,European Patent Office,Patent applications,Applicant,0.0
Ecuador,2019,,2019,European Patent Office,Patent grants,Inventor,0.1429000049829483
Ecuador,2019,,2019,European Patent Office,Patent grants,Inventor,0.0
Ecuador,2019,,2019,European Patent Office,Patent grants,Applicant,0.0
Ecuador,2019,,2019,European Patent Office,Patent grants,Applicant,0.0
Ecuador,2019,,2019,World Intellectual Property Organization,Patent applications,Inventor,17.66230010986328
Ecuador,2019,,2019,World Intellectual Property Organization,Patent applications,Applicant,16.0
Ecuador,2019,,2019,United States Patent and Trademark Office,Patent applications,Inventor,5.995200157165527
Ecuador,2019,,2019,United States Patent and Trademark Office,Patent applications,Applicant,2.583300113677979
Ecuador,2019,,2019,United States Patent and Trademark Office,Patent grants,Inventor,3.82859992980957
Ecuador,2019,,2019,United States Patent and Trademark Office,Patent grants,Inventor,3.541699886322021
Ecuador,2019,,2019,United States Patent and Trademark Office,Patent grants,Applicant,0.583299994468689
Ecuador,2019,,2019,United States Patent and Trademark Office,Patent grants,Applicant,1.5
Ecuador,2020,,2020,European Patent Office,Patent applications,Inventor,0.166700005531311
Ecuador,2020,,2020,European Patent Office,Patent applications,Applicant,0.333299994468689
Ecuador,2020,,2020,European Patent Office,Patent grants,Inventor,0.0
Ecuador,2020,,2020,European Patent Office,Patent grants,Inventor,1.392899990081787
Ecuador,2020,,2020,European Patent Office,Patent grants,Applicant,0.0
Ecuador,2020,,2020,European Patent Office,Patent grants,Applicant,1.0
Ecuador,2020,,2020,World Intellectual Property Organization,Patent applications,Inventor,4.842899799346924
Ecuador,2020,,2020,World Intellectual Property Organization,Patent applications,Applicant,5.083300113677979
Ecuador,2020,,2020,United States Patent and Trademark Office,Patent applications,Inventor,3.325000047683716
Ecuador,2020,,2020,United States Patent and Trademark Office,Patent applications,Applicant,2.0
Ecuador,2020,,2020,United States Patent and Trademark Office,Patent grants,Inventor,0.824999988079071
Ecuador,2020,,2020,United States Patent and Trademark Office,Patent grants,Inventor,3.142899990081787
Ecuador,2020,,2020,United States Patent and Trademark Office,Patent grants,Applicant,1.0
Ecuador,2020,,2020,United States Patent and Trademark Office,Patent grants,Applicant,1.0
Ecuador,2021,,2021,European Patent Office,Patent applications,Inventor,1.533300042152405
Ecuador,2021,,2021,European Patent Office,Patent applications,Applicant,1.0
Ecuador,2021,,2021,European Patent Office,Patent grants,Inventor,0.0
Ecuador,2021,,2021,European Patent Office,Patent grants,Applicant,0.0
Ecuador,2021,,2021,World Intellectual Property Organization,Patent applications,Inventor,12.11670017242432
Ecuador,2021,,2021,World Intellectual Property Organization,Patent applications,Applicant,11.75
Ecuador,2021,,2021,United States Patent and Trademark Office,Patent applications,Inventor,1.200000047683716
Ecuador,2021,,2021,United States Patent and Trademark Office,Patent applications,Applicant,0.0
Ecuador,2021,,2021,United States Patent and Trademark Office,Patent grants,Inventor,6.745200157165527
Ecuador,2021,,2021,United States Patent and Trademark Office,Patent grants,Applicant,3.083300113677979
Egypt,2018,,2018,European Patent Office,Patent applications,Inventor,9.816699981689453
Egypt,2018,,2018,European Patent Office,Patent applications,Applicant,6.666699886322021
Egypt,2018,,2018,European Patent Office,Patent grants,Inventor,1.0
Egypt,2018,,2018,European Patent Office,Patent grants,Inventor,7.199999809265137
Egypt,2018,,2018,European Patent Office,Patent grants,Applicant,0.0
Egypt,2018,,2018,European Patent Office,Patent grants,Applicant,1.833299994468689
Egypt,2018,,2018,World Intellectual Property Organization,Patent applications,Inventor,46.81669998168945
Egypt,2018,,2018,World Intellectual Property Organization,Patent applications,Applicant,38.5
Egypt,2018,,2018,United States Patent and Trademark Office,Patent applications,Inventor,40.55950164794922
Egypt,2018,,2018,United States Patent and Trademark Office,Patent applications,Applicant,15.0
Egypt,2018,,2018,United States Patent and Trademark Office,Patent grants,Inventor,30.3523998260498
Egypt,2018,,2018,United States Patent and Trademark Office,Patent grants,Inventor,55.10129928588867
Egypt,2018,,2018,United States Patent and Trademark Office,Patent grants,Applicant,9.5
Egypt,2018,,2018,United States Patent and Trademark Office,Patent grants,Applicant,15.33329963684082
Egypt,2019,,2019,European Patent Office,Patent applications,Inventor,9.615900039672852
Egypt,2019,,2019,European Patent Office,Patent applications,Applicant,4.0
Egypt,2019,,2019,European Patent Office,Patent grants,Inventor,1.0
Egypt,2019,,2019,European Patent Office,Patent grants,Inventor,6.477799892425537
Egypt,2019,,2019,European Patent Office,Patent grants,Applicant,0.0
Egypt,2019,,2019,European Patent Office,Patent grants,Applicant,3.0
Egypt,2019,,2019,World Intellectual Property Organization,Patent applications,Inventor,44.58810043334961
Egypt,2019,,2019,World Intellectual Property Organization,Patent applications,Applicant,39.66669845581055
Egypt,2019,,2019,United States Patent and Trademark Office,Patent applications,Inventor,39.63809967041016
Egypt,2019,,2019,United States Patent and Trademark Office,Patent applications,Applicant,12.56669998168945
Egypt,2019,,2019,United States Patent and Trademark Office,Patent grants,Inventor,33.08330154418945
Egypt,2019,,2019,United States Patent and Trademark Office,Patent grants,Inventor,34.50070190429688
Egypt,2019,,2019,United States Patent and Trademark Office,Patent grants,Applicant,4.566699981689453
Egypt,2019,,2019,United States Patent and Trademark Office,Patent grants,Applicant,8.976200103759766
Egypt,2020,,2020,European Patent Office,Patent applications,Inventor,15.40789985656738
Egypt,2020,,2020,European Patent Office,Patent applications,Applicant,5.699999809265137
Egypt,2020,,2020,European Patent Office,Patent grants,Inventor,2.5
Egypt,2020,,2020,European Patent Office,Patent grants,Inventor,11.74170017242432
Egypt,2020,,2020,European Patent Office,Patent grants,Applicant,0.0
Egypt,2020,,2020,European Patent Office,Patent grants,Applicant,6.75
Egypt,2020,,2020,World Intellectual Property Organization,Patent applications,Inventor,52.21900177001953
Egypt,2020,,2020,World Intellectual Property Organization,Patent applications,Applicant,41.38890075683594
Egypt,2020,,2020,United States Patent and Trademark Office,Patent applications,Inventor,44.46189880371094
Egypt,2020,,2020,United States Patent and Trademark Office,Patent applications,Applicant,13.83329963684082
Egypt,2020,,2020,United States Patent and Trademark Office,Patent grants,Inventor,28.05830001831055
Egypt,2020,,2020,United States Patent and Trademark Office,Patent grants,Inventor,39.26430130004883
Egypt,2020,,2020,United States Patent and Trademark Office,Patent grants,Applicant,7.4721999168396
Egypt,2020,,2020,United States Patent and Trademark Office,Patent grants,Applicant,11.89999961853027
Egypt,2021,,2021,European Patent Office,Patent applications,Inventor,9.900799751281738
Egypt,2021,,2021,European Patent Office,Patent applications,Applicant,5.199999809265137
Egypt,2021,,2021,European Patent Office,Patent grants,Inventor,9.5
Egypt,2021,,2021,European Patent Office,Patent grants,Applicant,0.0
Egypt,2021,,2021,World Intellectual Property Organization,Patent applications,Inventor,54.91749954223633
Egypt,2021,,2021,World Intellectual Property Organization,Patent applications,Applicant,49.09999847412109
Egypt,2021,,2021,United States Patent and Trademark Office,Patent applications,Inventor,31.08830070495605
Egypt,2021,,2021,United States Patent and Trademark Office,Patent applications,Applicant,8.0
Egypt,2021,,2021,United States Patent and Trademark Office,Patent grants,Inventor,48.19290161132813
Egypt,2021,,2021,United States Patent and Trademark Office,Patent grants,Applicant,13.41670036315918
El Salvador,2018,,2018,European Patent Office,Patent applications,Inventor,0.0
El Salvador,2018,,2018,European Patent Office,Patent applications,Applicant,0.0
El Salvador,2018,,2018,European Patent Office,Patent grants,Inventor,0.0
El Salvador,2018,,2018,European Patent Office,Patent grants,Inventor,1.1110999584198
El Salvador,2018,,2018,European Patent Office,Patent grants,Applicant,0.0
El Salvador,2018,,2018,European Patent Office,Patent grants,Applicant,0.0
El Salvador,2018,,2018,World Intellectual Property Organization,Patent applications,Inventor,1.0
El Salvador,2018,,2018,World Intellectual Property Organization,Patent applications,Applicant,1.0
El Salvador,2018,,2018,United States Patent and Trademark Office,Patent applications,Inventor,1.25
El Salvador,2018,,2018,United States Patent and Trademark Office,Patent applications,Applicant,1.25
El Salvador,2018,,2018,United States Patent and Trademark Office,Patent grants,Inventor,1.0
El Salvador,2018,,2018,United States Patent and Trademark Office,Patent grants,Inventor,0.0
El Salvador,2018,,2018,United States Patent and Trademark Office,Patent grants,Applicant,1.0
El Salvador,2018,,2018,United States Patent and Trademark Office,Patent grants,Applicant,0.0
El Salvador,2019,,2019,European Patent Office,Patent applications,Inventor,0.0
El Salvador,2019,,2019,European Patent Office,Patent applications,Applicant,0.0
El Salvador,2019,,2019,European Patent Office,Patent grants,Inventor,0.0
El Salvador,2019,,2019,European Patent Office,Patent grants,Inventor,0.0
El Salvador,2019,,2019,European Patent Office,Patent grants,Applicant,0.0
El Salvador,2019,,2019,European Patent Office,Patent grants,Applicant,0.0
El Salvador,2019,,2019,World Intellectual Property Organization,Patent applications,Inventor,1.799999952316284
El Salvador,2019,,2019,World Intellectual Property Organization,Patent applications,Applicant,2.0
El Salvador,2019,,2019,United States Patent and Trademark Office,Patent applications,Inventor,0.0
El Salvador,2019,,2019,United States Patent and Trademark Office,Patent applications,Applicant,0.0
El Salvador,2019,,2019,United States Patent and Trademark Office,Patent grants,Inventor,0.0
El Salvador,2019,,2019,United States Patent and Trademark Office,Patent grants,Inventor,1.142899990081787
El Salvador,2019,,2019,United States Patent and Trademark Office,Patent grants,Applicant,0.0
El Salvador,2019,,2019,United States Patent and Trademark Office,Patent grants,Applicant,1.0
El Salvador,2020,,2020,European Patent Office,Patent applications,Inventor,0.0
El Salvador,2020,,2020,European Patent Office,Patent applications,Applicant,0.0
El Salvador,2020,,2020,European Patent Office,Patent grants,Inventor,0.0
El Salvador,2020,,2020,European Patent Office,Patent grants,Inventor,0.0
El Salvador,2020,,2020,European Patent Office,Patent grants,Applicant,0.0
El Salvador,2020,,2020,European Patent Office,Patent grants,Applicant,0.0
El Salvador,2020,,2020,World Intellectual Property Organization,Patent applications,Inventor,0.0
El Salvador,2020,,2020,World Intellectual Property Organization,Patent applications,Applicant,0.0
El Salvador,2020,,2020,United States Patent and Trademark Office,Patent applications,Inventor,1.25
El Salvador,2020,,2020,United States Patent and Trademark Office,Patent applications,Applicant,1.0
El Salvador,2020,,2020,United States Patent and Trademark Office,Patent grants,Inventor,1.0
El Salvador,2020,,2020,United States Patent and Trademark Office,Patent grants,Inventor,0.5
El Salvador,2020,,2020,United States Patent and Trademark Office,Patent grants,Applicant,1.0
El Salvador,2020,,2020,United States Patent and Trademark Office,Patent grants,Applicant,0.5
El Salvador,2021,,2021,European Patent Office,Patent applications,Inventor,0.25
El Salvador,2021,,2021,European Patent Office,Patent applications,Applicant,0.0
El Salvador,2021,,2021,European Patent Office,Patent grants,Inventor,0.0
El Salvador,2021,,2021,European Patent Office,Patent grants,Applicant,0.0
El Salvador,2021,,2021,World Intellectual Property Organization,Patent applications,Inventor,0.25
El Salvador,2021,,2021,World Intellectual Property Organization,Patent applications,Applicant,0.0
El Salvador,2021,,2021,United States Patent and Trademark Office,Patent applications,Inventor,0.0
El Salvador,2021,,2021,United States Patent and Trademark Office,Patent applications,Applicant,0.0
El Salvador,2021,,2021,United States Patent and Trademark Office,Patent grants,Inventor,1.0
El Salvador,2021,,2021,United States Patent and Trademark Office,Patent grants,Applicant,1.0
Georgia,2018,,2018,European Patent Office,Patent applications,Inventor,2.933300018310547
Georgia,2018,,2018,European Patent Office,Patent applications,Applicant,1.0
Georgia,2018,,2018,European Patent Office,Patent grants,Inventor,0.333299994468689
Georgia,2018,,2018,European Patent Office,Patent grants,Inventor,0.2000000029802322
Georgia,2018,,2018,European Patent Office,Patent grants,Applicant,0.0
Georgia,2018,,2018,European Patent Office,Patent grants,Applicant,0.0
Georgia,2018,,2018,World Intellectual Property Organization,Patent applications,Inventor,6.933300018310547
Georgia,2018,,2018,World Intellectual Property Organization,Patent applications,Applicant,5.0
Georgia,2018,,2018,United States Patent and Trademark Office,Patent applications,Inventor,2.983799934387207
Georgia,2018,,2018,United States Patent and Trademark Office,Patent applications,Applicant,0.333299994468689
Georgia,2018,,2018,United States Patent and Trademark Office,Patent grants,Inventor,2.983799934387207
Georgia,2018,,2018,United States Patent and Trademark Office,Patent grants,Inventor,1.866700053215027
Georgia,2018,,2018,United States Patent and Trademark Office,Patent grants,Applicant,0.333299994468689
Georgia,2018,,2018,United States Patent and Trademark Office,Patent grants,Applicant,1.366700053215027
Georgia,2019,,2019,European Patent Office,Patent applications,Inventor,2.0
Georgia,2019,,2019,European Patent Office,Patent applications,Applicant,1.0
Georgia,2019,,2019,European Patent Office,Patent grants,Inventor,1.0
Georgia,2019,,2019,European Patent Office,Patent grants,Inventor,0.800000011920929
Georgia,2019,,2019,European Patent Office,Patent grants,Applicant,1.0
Georgia,2019,,2019,European Patent Office,Patent grants,Applicant,0.5
Georgia,2019,,2019,World Intellectual Property Organization,Patent applications,Inventor,5.333300113677979
Georgia,2019,,2019,World Intellectual Property Organization,Patent applications,Applicant,4.0
Georgia,2019,,2019,United States Patent and Trademark Office,Patent applications,Inventor,4.552599906921387
Georgia,2019,,2019,United States Patent and Trademark Office,Patent applications,Applicant,2.333300113677979
Georgia,2019,,2019,United States Patent and Trademark Office,Patent grants,Inventor,2.333300113677979
Georgia,2019,,2019,United States Patent and Trademark Office,Patent grants,Inventor,2.916699886322021
Georgia,2019,,2019,United States Patent and Trademark Office,Patent grants,Applicant,1.5
Georgia,2019,,2019,United States Patent and Trademark Office,Patent grants,Applicant,2.75
Georgia,2020,,2020,European Patent Office,Patent applications,Inventor,2.5
Georgia,2020,,2020,European Patent Office,Patent applications,Applicant,3.0
Georgia,2020,,2020,European Patent Office,Patent grants,Inventor,0.0
Georgia,2020,,2020,European Patent Office,Patent grants,Inventor,0.0
Georgia,2020,,2020,European Patent Office,Patent grants,Applicant,0.0
Georgia,2020,,2020,European Patent Office,Patent grants,Applicant,0.0
Georgia,2020,,2020,World Intellectual Property Organization,Patent applications,Inventor,4.75
Georgia,2020,,2020,World Intellectual Property Organization,Patent applications,Applicant,5.0
Georgia,2020,,2020,United States Patent and Trademark Office,Patent applications,Inventor,6.276199817657471
Georgia,2020,,2020,United States Patent and Trademark Office,Patent applications,Applicant,4.333300113677979
Georgia,2020,,2020,United States Patent and Trademark Office,Patent grants,Inventor,3.742899894714355
Georgia,2020,,2020,United States Patent and Trademark Office,Patent grants,Inventor,4.142899990081787
Georgia,2020,,2020,United States Patent and Trademark Office,Patent grants,Applicant,1.833299994468689
Georgia,2020,,2020,United States Patent and Trademark Office,Patent grants,Applicant,1.833299994468689
Georgia,2021,,2021,European Patent Office,Patent applications,Inventor,4.166699886322021
Georgia,2021,,2021,European Patent Office,Patent applications,Applicant,4.0
Georgia,2021,,2021,European Patent Office,Patent grants,Inventor,1.833299994468689
Georgia,2021,,2021,European Patent Office,Patent grants,Applicant,1.0
Georgia,2021,,2021,World Intellectual Property Organization,Patent applications,Inventor,14.35000038146973
Georgia,2021,,2021,World Intellectual Property Organization,Patent applications,Applicant,15.0
Georgia,2021,,2021,United States Patent and Trademark Office,Patent applications,Inventor,6.26669979095459
Georgia,2021,,2021,United States Patent and Trademark Office,Patent applications,Applicant,7.0
Georgia,2021,,2021,United States Patent and Trademark Office,Patent grants,Inventor,3.667099952697754
Georgia,2021,,2021,United States Patent and Trademark Office,Patent grants,Applicant,1.5
Guatemala,2018,,2018,European Patent Office,Patent applications,Inventor,0.5
Guatemala,2018,,2018,European Patent Office,Patent applications,Applicant,0.0
Guatemala,2018,,2018,European Patent Office,Patent grants,Inventor,0.5
Guatemala,2018,,2018,European Patent Office,Patent grants,Inventor,0.0
Guatemala,2018,,2018,European Patent Office,Patent grants,Applicant,0.0
Guatemala,2018,,2018,European Patent Office,Patent grants,Applicant,0.0
Guatemala,2018,,2018,World Intellectual Property Organization,Patent applications,Inventor,2.0
Guatemala,2018,,2018,World Intellectual Property Organization,Patent applications,Applicant,1.5
Guatemala,2018,,2018,United States Patent and Trademark Office,Patent applications,Inventor,6.25
Guatemala,2018,,2018,United States Patent and Trademark Office,Patent applications,Applicant,2.5
Guatemala,2018,,2018,United States Patent and Trademark Office,Patent grants,Inventor,5.0
Guatemala,2018,,2018,United States Patent and Trademark Office,Patent grants,Inventor,2.416699886322021
Guatemala,2018,,2018,United States Patent and Trademark Office,Patent grants,Applicant,2.0
Guatemala,2018,,2018,United States Patent and Trademark Office,Patent grants,Applicant,0.25
Guatemala,2019,,2019,European Patent Office,Patent applications,Inventor,0.0
Guatemala,2019,,2019,European Patent Office,Patent applications,Applicant,0.0
Guatemala,2019,,2019,European Patent Office,Patent grants,Inventor,0.0
Guatemala,2019,,2019,European Patent Office,Patent grants,Inventor,0.0
Guatemala,2019,,2019,European Patent Office,Patent grants,Applicant,0.0
Guatemala,2019,,2019,European Patent Office,Patent grants,Applicant,0.0
Guatemala,2019,,2019,World Intellectual Property Organization,Patent applications,Inventor,0.333299994468689
Guatemala,2019,,2019,World Intellectual Property Organization,Patent applications,Applicant,0.0
Guatemala,2019,,2019,United States Patent and Trademark Office,Patent applications,Inventor,4.083300113677979
Guatemala,2019,,2019,United States Patent and Trademark Office,Patent applications,Applicant,0.0
Guatemala,2019,,2019,United States Patent and Trademark Office,Patent grants,Inventor,4.25
Guatemala,2019,,2019,United States Patent and Trademark Office,Patent grants,Inventor,3.166699886322021
Guatemala,2019,,2019,United States Patent and Trademark Office,Patent grants,Applicant,1.0
Guatemala,2019,,2019,United States Patent and Trademark Office,Patent grants,Applicant,2.0
Guatemala,2020,,2020,European Patent Office,Patent applications,Inventor,1.0
Guatemala,2020,,2020,European Patent Office,Patent applications,Applicant,1.0
Guatemala,2020,,2020,European Patent Office,Patent grants,Inventor,0.0
Guatemala,2020,,2020,European Patent Office,Patent grants,Inventor,0.0
Guatemala,2020,,2020,European Patent Office,Patent grants,Applicant,0.0
Guatemala,2020,,2020,European Patent Office,Patent grants,Applicant,0.0
Guatemala,2020,,2020,World Intellectual Property Organization,Patent applications,Inventor,3.857100009918213
Guatemala,2020,,2020,World Intellectual Property Organization,Patent applications,Applicant,2.0
Guatemala,2020,,2020,United States Patent and Trademark Office,Patent applications,Inventor,6.0
Guatemala,2020,,2020,United States Patent and Trademark Office,Patent applications,Applicant,2.666699886322021
Guatemala,2020,,2020,United States Patent and Trademark Office,Patent grants,Inventor,4.333300113677979
Guatemala,2020,,2020,United States Patent and Trademark Office,Patent grants,Inventor,5.309500217437744
Guatemala,2020,,2020,United States Patent and Trademark Office,Patent grants,Applicant,2.0
Guatemala,2020,,2020,United States Patent and Trademark Office,Patent grants,Applicant,3.25
Guatemala,2021,,2021,European Patent Office,Patent applications,Inventor,0.333299994468689
Guatemala,2021,,2021,European Patent Office,Patent applications,Applicant,0.0
Guatemala,2021,,2021,European Patent Office,Patent grants,Inventor,0.5
Guatemala,2021,,2021,European Patent Office,Patent grants,Applicant,0.0
Guatemala,2021,,2021,World Intellectual Property Organization,Patent applications,Inventor,2.0
Guatemala,2021,,2021,World Intellectual Property Organization,Patent applications,Applicant,2.0
Guatemala,2021,,2021,United States Patent and Trademark Office,Patent applications,Inventor,5.75
Guatemala,2021,,2021,United States Patent and Trademark Office,Patent applications,Applicant,2.0
Guatemala,2021,,2021,United States Patent and Trademark Office,Patent grants,Inventor,6.416699886322021
Guatemala,2021,,2021,United States Patent and Trademark Office,Patent grants,Applicant,3.0
Hong Kong (China),2018,,2018,European Patent Office,Patent applications,Inventor,328.4754028320313
Hong Kong (China),2018,,2018,European Patent Office,Patent applications,Applicant,449.3333129882813
Hong Kong (China),2018,,2018,European Patent Office,Patent grants,Inventor,97.88690185546875
Hong Kong (China),2018,,2018,European Patent Office,Patent grants,Inventor,162.0467987060547
Hong Kong (China),2018,,2018,European Patent Office,Patent grants,Applicant,140.75
Hong Kong (China),2018,,2018,European Patent Office,Patent grants,Applicant,199.5
Hong Kong (China),2018,,2018,World Intellectual Property Organization,Patent applications,Inventor,831.3786010742188
Hong Kong (China),2018,,2018,World Intellectual Property Organization,Patent applications,Applicant,919.2000122070312
Hong Kong (China),2018,,2018,United States Patent and Trademark Office,Patent applications,Inventor,555.4896850585938
Hong Kong (China),2018,,2018,United States Patent and Trademark Office,Patent applications,Applicant,820.3428955078125
Hong Kong (China),2018,,2018,United States Patent and Trademark Office,Patent grants,Inventor,417.8872985839844
Hong Kong (China),2018,,2018,United States Patent and Trademark Office,Patent grants,Inventor,441.17138671875
Hong Kong (China),2018,,2018,United States Patent and Trademark Office,Patent grants,Applicant,621.8428955078125
Hong Kong (China),2018,,2018,United States Patent and Trademark Office,Patent grants,Applicant,565.8302001953125
Hong Kong (China),2019,,2019,European Patent Office,Patent applications,Inventor,278.5367126464844
Hong Kong (China),2019,,2019,European Patent Office,Patent applications,Applicant,441.7929077148438
Hong Kong (China),2019,,2019,European Patent Office,Patent grants,Inventor,49.28810119628906
Hong Kong (China),2019,,2019,European Patent Office,Patent grants,Inventor,217.5305938720703
Hong Kong (China),2019,,2019,European Patent Office,Patent grants,Applicant,85.64289855957031
Hong Kong (China),2019,,2019,European Patent Office,Patent grants,Applicant,254.8332977294922
Hong Kong (China),2019,,2019,World Intellectual Property Organization,Patent applications,Inventor,639.832275390625
Hong Kong (China),2019,,2019,World Intellectual Property Organization,Patent applications,Applicant,916.5429077148438
Hong Kong (China),2019,,2019,United States Patent and Trademark Office,Patent applications,Inventor,539.74169921875
Hong Kong (China),2019,,2019,United States Patent and Trademark Office,Patent applications,Applicant,788.5333251953125
Hong Kong (China),2019,,2019,United States Patent and Trademark Office,Patent grants,Inventor,390.2882080078125
Hong Kong (China),2019,,2019,United States Patent and Trademark Office,Patent grants,Inventor,475.3005065917969
Hong Kong (China),2019,,2019,United States Patent and Trademark Office,Patent grants,Applicant,538.61669921875
Hong Kong (China),2019,,2019,United States Patent and Trademark Office,Patent grants,Applicant,625.4357299804688
Hong Kong (China),2020,,2020,European Patent Office,Patent applications,Inventor,258.26708984375
Hong Kong (China),2020,,2020,European Patent Office,Patent applications,Applicant,379.1690063476563
Hong Kong (China),2020,,2020,European Patent Office,Patent grants,Inventor,29.58329963684082
Hong Kong (China),2020,,2020,European Patent Office,Patent grants,Inventor,212.6611022949219
Hong Kong (China),2020,,2020,European Patent Office,Patent grants,Applicant,38.33330154418945
Hong Kong (China),2020,,2020,European Patent Office,Patent grants,Applicant,235.75
Hong Kong (China),2020,,2020,World Intellectual Property Organization,Patent applications,Inventor,620.1987915039062
Hong Kong (China),2020,,2020,World Intellectual Property Organization,Patent applications,Applicant,751.2880859375
Hong Kong (China),2020,,2020,United States Patent and Trademark Office,Patent applications,Inventor,514.1229248046875
Hong Kong (China),2020,,2020,United States Patent and Trademark Office,Patent applications,Applicant,738.0
Hong Kong (China),2020,,2020,United States Patent and Trademark Office,Patent grants,Inventor,316.293701171875
Hong Kong (China),2020,,2020,United States Patent and Trademark Office,Patent grants,Inventor,444.6274108886719
Hong Kong (China),2020,,2020,United States Patent and Trademark Office,Patent grants,Applicant,453.3333129882813
Hong Kong (China),2020,,2020,United States Patent and Trademark Office,Patent grants,Applicant,584.8594970703125
Hong Kong (China),2021,,2021,European Patent Office,Patent applications,Inventor,206.9138031005859
Hong Kong (China),2021,,2021,European Patent Office,Patent applications,Applicant,332.1458129882813
Hong Kong (China),2021,,2021,European Patent Office,Patent grants,Inventor,163.2433013916016
Hong Kong (China),2021,,2021,European Patent Office,Patent grants,Applicant,207.0
Hong Kong (China),2021,,2021,World Intellectual Property Organization,Patent applications,Inventor,689.509521484375
Hong Kong (China),2021,,2021,World Intellectual Property Organization,Patent applications,Applicant,818.5173950195312
Hong Kong (China),2021,,2021,United States Patent and Trademark Office,Patent applications,Inventor,466.5758056640625
Hong Kong (China),2021,,2021,United States Patent and Trademark Office,Patent applications,Applicant,653.36669921875
Hong Kong (China),2021,,2021,United States Patent and Trademark Office,Patent grants,Inventor,392.0694885253906
Hong Kong (China),2021,,2021,United States Patent and Trademark Office,Patent grants,Applicant,606.9332885742188
India,2018,,2018,European Patent Office,Patent applications,Inventor,1450.987548828125
India,2018,,2018,European Patent Office,Patent applications,Applicant,642.61669921875
India,2018,,2018,European Patent Office,Patent grants,Inventor,489.9501037597656
India,2018,,2018,European Patent Office,Patent grants,Inventor,772.50830078125
India,2018,,2018,European Patent Office,Patent grants,Applicant,168.25
India,2018,,2018,European Patent Office,Patent grants,Applicant,362.25
India,2018,,2018,World Intellectual Property Organization,Patent applications,Inventor,2860.829345703125
India,2018,,2018,World Intellectual Property Organization,Patent applications,Applicant,1926.203002929688
India,2018,,2018,United States Patent and Trademark Office,Patent applications,Inventor,6331.04052734375
India,2018,,2018,United States Patent and Trademark Office,Patent applications,Applicant,1572.881958007813
India,2018,,2018,United States Patent and Trademark Office,Patent grants,Inventor,5278.4169921875
India,2018,,2018,United States Patent and Trademark Office,Patent grants,Inventor,4308.794921875
India,2018,,2018,United States Patent and Trademark Office,Patent grants,Applicant,1042.298217773438
India,2018,,2018,United States Patent and Trademark Office,Patent grants,Applicant,1133.331787109375
India,2019,,2019,European Patent Office,Patent applications,Inventor,1635.984375
India,2019,,2019,European Patent Office,Patent applications,Applicant,649.0999755859375
India,2019,,2019,European Patent Office,Patent grants,Inventor,347.2374877929688
India,2019,,2019,European Patent Office,Patent grants,Inventor,845.97119140625
India,2019,,2019,European Patent Office,Patent grants,Applicant,92.33329772949219
India,2019,,2019,European Patent Office,Patent grants,Applicant,392.3810119628906
India,2019,,2019,World Intellectual Property Organization,Patent applications,Inventor,2801.3701171875
India,2019,,2019,World Intellectual Property Organization,Patent applications,Applicant,1715.650024414063
India,2019,,2019,United States Patent and Trademark Office,Patent applications,Inventor,7132.6484375
India,2019,,2019,United States Patent and Trademark Office,Patent applications,Applicant,1567.504272460938
India,2019,,2019,United States Patent and Trademark Office,Patent grants,Inventor,5520.888671875
India,2019,,2019,United States Patent and Trademark Office,Patent grants,Inventor,5468.4619140625
India,2019,,2019,United States Patent and Trademark Office,Patent grants,Applicant,802.3203735351562
India,2019,,2019,United States Patent and Trademark Office,Patent grants,Applicant,1229.642578125
India,2020,,2020,European Patent Office,Patent applications,Inventor,1741.661499023438
India,2020,,2020,European Patent Office,Patent applications,Applicant,743.86669921875
India,2020,,2020,European Patent Office,Patent grants,Inventor,168.1148071289063
India,2020,,2020,European Patent Office,Patent grants,Inventor,941.7230834960938
India,2020,,2020,European Patent Office,Patent grants,Applicant,66.5333023071289
India,2020,,2020,European Patent Office,Patent grants,Applicant,403.6666870117188
India,2020,,2020,World Intellectual Property Organization,Patent applications,Inventor,3030.7919921875
India,2020,,2020,World Intellectual Property Organization,Patent applications,Applicant,1848.507080078125
India,2020,,2020,United States Patent and Trademark Office,Patent applications,Inventor,7087.06640625
India,2020,,2020,United States Patent and Trademark Office,Patent applications,Applicant,1545.746948242188
India,2020,,2020,United States Patent and Trademark Office,Patent grants,Inventor,4508.16259765625
India,2020,,2020,United States Patent and Trademark Office,Patent grants,Inventor,5905.3818359375
India,2020,,2020,United States Patent and Trademark Office,Patent grants,Applicant,627.031005859375
India,2020,,2020,United States Patent and Trademark Office,Patent grants,Applicant,1192.988403320313
India,2021,,2021,European Patent Office,Patent applications,Inventor,1625.609130859375
India,2021,,2021,European Patent Office,Patent applications,Applicant,707.0
India,2021,,2021,European Patent Office,Patent grants,Inventor,811.8209838867188
India,2021,,2021,European Patent Office,Patent grants,Applicant,326.25
India,2021,,2021,World Intellectual Property Organization,Patent applications,Inventor,3326.38330078125
India,2021,,2021,World Intellectual Property Organization,Patent applications,Applicant,1991.115356445313
India,2021,,2021,United States Patent and Trademark Office,Patent applications,Inventor,7800.1806640625
India,2021,,2021,United States Patent and Trademark Office,Patent applications,Applicant,1249.080444335938
India,2021,,2021,United States Patent and Trademark Office,Patent grants,Inventor,5985.8623046875
India,2021,,2021,United States Patent and Trademark Office,Patent grants,Applicant,1042.744140625
Indonesia,2018,,2018,European Patent Office,Patent applications,Inventor,2.440500020980835
Indonesia,2018,,2018,European Patent Office,Patent applications,Applicant,1.0
Indonesia,2018,,2018,European Patent Office,Patent grants,Inventor,0.416700005531311
Indonesia,2018,,2018,European Patent Office,Patent grants,Inventor,4.683300018310547
Indonesia,2018,,2018,European Patent Office,Patent grants,Applicant,0.0
Indonesia,2018,,2018,European Patent Office,Patent grants,Applicant,1.0
Indonesia,2018,,2018,World Intellectual Property Organization,Patent applications,Inventor,15.55160045623779
Indonesia,2018,,2018,World Intellectual Property Organization,Patent applications,Applicant,7.699999809265137
Indonesia,2018,,2018,United States Patent and Trademark Office,Patent applications,Inventor,12.38020038604736
Indonesia,2018,,2018,United States Patent and Trademark Office,Patent applications,Applicant,5.833300113677979
Indonesia,2018,,2018,United States Patent and Trademark Office,Patent grants,Inventor,9.727800369262695
Indonesia,2018,,2018,United States Patent and Trademark Office,Patent grants,Inventor,11.53170013427734
Indonesia,2018,,2018,United States Patent and Trademark Office,Patent grants,Applicant,2.0
Indonesia,2018,,2018,United States Patent and Trademark Office,Patent grants,Applicant,2.785700082778931
Indonesia,2019,,2019,European Patent Office,Patent applications,Inventor,5.092899799346924
Indonesia,2019,,2019,European Patent Office,Patent applications,Applicant,3.333300113677979
Indonesia,2019,,2019,European Patent Office,Patent grants,Inventor,0.0
Indonesia,2019,,2019,European Patent Office,Patent grants,Inventor,6.424200057983398
Indonesia,2019,,2019,European Patent Office,Patent grants,Applicant,0.0
Indonesia,2019,,2019,European Patent Office,Patent grants,Applicant,3.0
Indonesia,2019,,2019,World Intellectual Property Organization,Patent applications,Inventor,13.85949993133545
Indonesia,2019,,2019,World Intellectual Property Organization,Patent applications,Applicant,6.666699886322021
Indonesia,2019,,2019,United States Patent and Trademark Office,Patent applications,Inventor,13.96189975738525
Indonesia,2019,,2019,United States Patent and Trademark Office,Patent applications,Applicant,7.083300113677979
Indonesia,2019,,2019,United States Patent and Trademark Office,Patent grants,Inventor,6.702400207519531
Indonesia,2019,,2019,United States Patent and Trademark Office,Patent grants,Inventor,12.95629978179932
Indonesia,2019,,2019,United States Patent and Trademark Office,Patent grants,Applicant,2.25
Indonesia,2019,,2019,United States Patent and Trademark Office,Patent grants,Applicant,3.5
Indonesia,2020,,2020,European Patent Office,Patent applications,Inventor,7.716700077056885
Indonesia,2020,,2020,European Patent Office,Patent applications,Applicant,2.0
Indonesia,2020,,2020,European Patent Office,Patent grants,Inventor,1.0
Indonesia,2020,,2020,European Patent Office,Patent grants,Inventor,7.763500213623047
Indonesia,2020,,2020,European Patent Office,Patent grants,Applicant,0.0
Indonesia,2020,,2020,European Patent Office,Patent grants,Applicant,1.5
Indonesia,2020,,2020,World Intellectual Property Organization,Patent applications,Inventor,22.39999961853027
Indonesia,2020,,2020,World Intellectual Property Organization,Patent applications,Applicant,16.41670036315918
Indonesia,2020,,2020,United States Patent and Trademark Office,Patent applications,Inventor,17.87389945983887
Indonesia,2020,,2020,United States Patent and Trademark Office,Patent applications,Applicant,8.0
Indonesia,2020,,2020,United States Patent and Trademark Office,Patent grants,Inventor,8.897700309753418
Indonesia,2020,,2020,United States Patent and Trademark Office,Patent grants,Inventor,15.00319957733154
Indonesia,2020,,2020,United States Patent and Trademark Office,Patent grants,Applicant,4.0
Indonesia,2020,,2020,United States Patent and Trademark Office,Patent grants,Applicant,5.0
Indonesia,2021,,2021,European Patent Office,Patent applications,Inventor,7.261899948120117
Indonesia,2021,,2021,European Patent Office,Patent applications,Applicant,2.0
Indonesia,2021,,2021,European Patent Office,Patent grants,Inventor,2.333300113677979
Indonesia,2021,,2021,European Patent Office,Patent grants,Applicant,0.0
Indonesia,2021,,2021,World Intellectual Property Organization,Patent applications,Inventor,16.3036003112793
Indonesia,2021,,2021,World Intellectual Property Organization,Patent applications,Applicant,7.666699886322021
Indonesia,2021,,2021,United States Patent and Trademark Office,Patent applications,Inventor,18.20240020751953
Indonesia,2021,,2021,United States Patent and Trademark Office,Patent applications,Applicant,9.0
Indonesia,2021,,2021,United States Patent and Trademark Office,Patent grants,Inventor,13.07059955596924
Indonesia,2021,,2021,United States Patent and Trademark Office,Patent grants,Applicant,5.194399833679199
Iran,2018,,2018,European Patent Office,Patent applications,Inventor,6.291699886322021
Iran,2018,,2018,European Patent Office,Patent applications,Applicant,5.0
Iran,2018,,2018,European Patent Office,Patent grants,Inventor,1.25
Iran,2018,,2018,European Patent Office,Patent grants,Inventor,4.916699886322021
Iran,2018,,2018,European Patent Office,Patent grants,Applicant,1.0
Iran,2018,,2018,European Patent Office,Patent grants,Applicant,4.0
Iran,2018,,2018,World Intellectual Property Organization,Patent applications,Inventor,144.9416961669922
Iran,2018,,2018,World Intellectual Property Organization,Patent applications,Applicant,142.0
Iran,2018,,2018,United States Patent and Trademark Office,Patent applications,Inventor,134.9333038330078
Iran,2018,,2018,United States Patent and Trademark Office,Patent applications,Applicant,123.8056030273438
Iran,2018,,2018,United States Patent and Trademark Office,Patent grants,Inventor,97.66670227050781
Iran,2018,,2018,United States Patent and Trademark Office,Patent grants,Inventor,54.50830078125
Iran,2018,,2018,United States Patent and Trademark Office,Patent grants,Applicant,91.63890075683594
Iran,2018,,2018,United States Patent and Trademark Office,Patent grants,Applicant,52.91669845581055
Iran,2019,,2019,European Patent Office,Patent applications,Inventor,8.476200103759766
Iran,2019,,2019,European Patent Office,Patent applications,Applicant,6.0
Iran,2019,,2019,European Patent Office,Patent grants,Inventor,1.5
Iran,2019,,2019,European Patent Office,Patent grants,Inventor,4.958300113677979
Iran,2019,,2019,European Patent Office,Patent grants,Applicant,1.0
Iran,2019,,2019,European Patent Office,Patent grants,Applicant,2.0
Iran,2019,,2019,World Intellectual Property Organization,Patent applications,Inventor,170.5417022705078
Iran,2019,,2019,World Intellectual Property Organization,Patent applications,Applicant,165.625
Iran,2019,,2019,United States Patent and Trademark Office,Patent applications,Inventor,88.0011978149414
Iran,2019,,2019,United States Patent and Trademark Office,Patent applications,Applicant,83.13330078125
Iran,2019,,2019,United States Patent and Trademark Office,Patent grants,Inventor,65.1500015258789
Iran,2019,,2019,United States Patent and Trademark Office,Patent grants,Inventor,92.82379913330078
Iran,2019,,2019,United States Patent and Trademark Office,Patent grants,Applicant,60.63330078125
Iran,2019,,2019,United States Patent and Trademark Office,Patent grants,Applicant,85.33329772949219
Iran,2020,,2020,European Patent Office,Patent applications,Inventor,12.5
Iran,2020,,2020,European Patent Office,Patent applications,Applicant,7.0
Iran,2020,,2020,European Patent Office,Patent grants,Inventor,1.333299994468689
Iran,2020,,2020,European Patent Office,Patent grants,Inventor,3.333300113677979
Iran,2020,,2020,European Patent Office,Patent grants,Applicant,1.0
Iran,2020,,2020,European Patent Office,Patent grants,Applicant,1.0
Iran,2020,,2020,World Intellectual Property Organization,Patent applications,Inventor,221.6999969482422
Iran,2020,,2020,World Intellectual Property Organization,Patent applications,Applicant,214.6667022705078
Iran,2020,,2020,United States Patent and Trademark Office,Patent applications,Inventor,83.5
Iran,2020,,2020,United States Patent and Trademark Office,Patent applications,Applicant,76.43099975585938
Iran,2020,,2020,United States Patent and Trademark Office,Patent grants,Inventor,50.31669998168945
Iran,2020,,2020,United States Patent and Trademark Office,Patent grants,Inventor,123.8000030517578
Iran,2020,,2020,United States Patent and Trademark Office,Patent grants,Applicant,47.25
Iran,2020,,2020,United States Patent and Trademark Office,Patent grants,Applicant,117.355598449707
Iran,2021,,2021,European Patent Office,Patent applications,Inventor,7.57420015335083
Iran,2021,,2021,European Patent Office,Patent applications,Applicant,2.75
Iran,2021,,2021,European Patent Office,Patent grants,Inventor,1.600000023841858
Iran,2021,,2021,European Patent Office,Patent grants,Applicant,1.0
Iran,2021,,2021,World Intellectual Property Organization,Patent applications,Inventor,293.9332885742188
Iran,2021,,2021,World Intellectual Property Organization,Patent applications,Applicant,287.25
Iran,2021,,2021,United States Patent and Trademark Office,Patent applications,Inventor,88.52619934082031
Iran,2021,,2021,United States Patent and Trademark Office,Patent applications,Applicant,80.93329620361328
Iran,2021,,2021,United States Patent and Trademark Office,Patent grants,Inventor,76.86669921875
Iran,2021,,2021,United States Patent and Trademark Office,Patent grants,Applicant,69.68329620361328
Jamaica,2018,,2018,European Patent Office,Patent applications,Inventor,0.0
Jamaica,2018,,2018,European Patent Office,Patent applications,Applicant,0.0
Jamaica,2018,,2018,European Patent Office,Patent grants,Inventor,0.0
Jamaica,2018,,2018,European Patent Office,Patent grants,Inventor,1.5
Jamaica,2018,,2018,European Patent Office,Patent grants,Applicant,0.0
Jamaica,2018,,2018,European Patent Office,Patent grants,Applicant,0.5
Jamaica,2018,,2018,World Intellectual Property Organization,Patent applications,Inventor,0.0
Jamaica,2018,,2018,World Intellectual Property Organization,Patent applications,Applicant,0.0
Jamaica,2018,,2018,United States Patent and Trademark Office,Patent applications,Inventor,3.5
Jamaica,2018,,2018,United States Patent and Trademark Office,Patent applications,Applicant,3.333300113677979
Jamaica,2018,,2018,United States Patent and Trademark Office,Patent grants,Inventor,2.5
Jamaica,2018,,2018,United States Patent and Trademark Office,Patent grants,Inventor,1.5
Jamaica,2018,,2018,United States Patent and Trademark Office,Patent grants,Applicant,2.333300113677979
Jamaica,2018,,2018,United States Patent and Trademark Office,Patent grants,Applicant,1.0
Jamaica,2019,,2019,European Patent Office,Patent applications,Inventor,0.0
Jamaica,2019,,2019,European Patent Office,Patent applications,Applicant,0.0
Jamaica,2019,,2019,European Patent Office,Patent grants,Inventor,0.0
Jamaica,2019,,2019,European Patent Office,Patent grants,Inventor,0.5
Jamaica,2019,,2019,European Patent Office,Patent grants,Applicant,0.0
Jamaica,2019,,2019,European Patent Office,Patent grants,Applicant,0.5
Jamaica,2019,,2019,World Intellectual Property Organization,Patent applications,Inventor,2.0
Jamaica,2019,,2019,World Intellectual Property Organization,Patent applications,Applicant,1.0
Jamaica,2019,,2019,United States Patent and Trademark Office,Patent applications,Inventor,3.0
Jamaica,2019,,2019,United States Patent and Trademark Office,Patent applications,Applicant,2.833300113677979
Jamaica,2019,,2019,United States Patent and Trademark Office,Patent grants,Inventor,2.0
Jamaica,2019,,2019,United States Patent and Trademark Office,Patent grants,Inventor,5.0
Jamaica,2019,,2019,United States Patent and Trademark Office,Patent grants,Applicant,1.833299994468689
Jamaica,2019,,2019,United States Patent and Trademark Office,Patent grants,Applicant,3.5
Jamaica,2020,,2020,European Patent Office,Patent applications,Inventor,0.0
Jamaica,2020,,2020,European Patent Office,Patent applications,Applicant,0.0
Jamaica,2020,,2020,European Patent Office,Patent grants,Inventor,0.0
Jamaica,2020,,2020,European Patent Office,Patent grants,Inventor,0.5
Jamaica,2020,,2020,European Patent Office,Patent grants,Applicant,0.0
Jamaica,2020,,2020,European Patent Office,Patent grants,Applicant,0.5
Jamaica,2020,,2020,World Intellectual Property Organization,Patent applications,Inventor,0.0
Jamaica,2020,,2020,World Intellectual Property Organization,Patent applications,Applicant,0.0
Jamaica,2020,,2020,United States Patent and Trademark Office,Patent applications,Inventor,1.0
Jamaica,2020,,2020,United States Patent and Trademark Office,Patent applications,Applicant,0.333299994468689
Jamaica,2020,,2020,United States Patent and Trademark Office,Patent grants,Inventor,0.0
Jamaica,2020,,2020,United States Patent and Trademark Office,Patent grants,Inventor,7.916699886322021
Jamaica,2020,,2020,United States Patent and Trademark Office,Patent grants,Applicant,0.0
Jamaica,2020,,2020,United States Patent and Trademark Office,Patent grants,Applicant,6.166699886322021
Jamaica,2021,,2021,European Patent Office,Patent applications,Inventor,0.0
Jamaica,2021,,2021,European Patent Office,Patent applications,Applicant,2.0
Jamaica,2021,,2021,European Patent Office,Patent grants,Inventor,0.3111000061035156
Jamaica,2021,,2021,European Patent Office,Patent grants,Applicant,0.0
Jamaica,2021,,2021,World Intellectual Property Organization,Patent applications,Inventor,1.342900037765503
Jamaica,2021,,2021,World Intellectual Property Organization,Patent applications,Applicant,7.5
Jamaica,2021,,2021,United States Patent and Trademark Office,Patent applications,Inventor,5.333300113677979
Jamaica,2021,,2021,United States Patent and Trademark Office,Patent applications,Applicant,5.333300113677979
Jamaica,2021,,2021,United States Patent and Trademark Office,Patent grants,Inventor,3.0
Jamaica,2021,,2021,United States Patent and Trademark Office,Patent grants,Applicant,2.166699886322021
Jordan,2018,,2018,European Patent Office,Patent applications,Inventor,2.450000047683716
Jordan,2018,,2018,European Patent Office,Patent applications,Applicant,1.333299994468689
Jordan,2018,,2018,European Patent Office,Patent grants,Inventor,0.25
Jordan,2018,,2018,European Patent Office,Patent grants,Inventor,5.616700172424316
Jordan,2018,,2018,European Patent Office,Patent grants,Applicant,0.0
Jordan,2018,,2018,European Patent Office,Patent grants,Applicant,4.0
Jordan,2018,,2018,World Intellectual Property Organization,Patent applications,Inventor,12.19999980926514
Jordan,2018,,2018,World Intellectual Property Organization,Patent applications,Applicant,10.03330039978027
Jordan,2018,,2018,United States Patent and Trademark Office,Patent applications,Inventor,13.80000019073486
Jordan,2018,,2018,United States Patent and Trademark Office,Patent applications,Applicant,6.833300113677979
Jordan,2018,,2018,United States Patent and Trademark Office,Patent grants,Inventor,7.583300113677979
Jordan,2018,,2018,United States Patent and Trademark Office,Patent grants,Inventor,13.64999961853027
Jordan,2018,,2018,United States Patent and Trademark Office,Patent grants,Applicant,2.0
Jordan,2018,,2018,United States Patent and Trademark Office,Patent grants,Applicant,9.092900276184082
Jordan,2019,,2019,European Patent Office,Patent applications,Inventor,1.0
Jordan,2019,,2019,European Patent Office,Patent applications,Applicant,1.0
Jordan,2019,,2019,European Patent Office,Patent grants,Inventor,0.0
Jordan,2019,,2019,European Patent Office,Patent grants,Inventor,3.741699934005737
Jordan,2019,,2019,European Patent Office,Patent grants,Applicant,0.0
Jordan,2019,,2019,European Patent Office,Patent grants,Applicant,0.0
Jordan,2019,,2019,World Intellectual Property Organization,Patent applications,Inventor,19.16670036315918
Jordan,2019,,2019,World Intellectual Property Organization,Patent applications,Applicant,18.0
Jordan,2019,,2019,United States Patent and Trademark Office,Patent applications,Inventor,10.94359970092773
Jordan,2019,,2019,United States Patent and Trademark Office,Patent applications,Applicant,8.5
Jordan,2019,,2019,United States Patent and Trademark Office,Patent grants,Inventor,7.410299777984619
Jordan,2019,,2019,United States Patent and Trademark Office,Patent grants,Inventor,17.11030006408691
Jordan,2019,,2019,United States Patent and Trademark Office,Patent grants,Applicant,3.0
Jordan,2019,,2019,United States Patent and Trademark Office,Patent grants,Applicant,12.55000019073486
Jordan,2020,,2020,European Patent Office,Patent applications,Inventor,5.0
Jordan,2020,,2020,European Patent Office,Patent applications,Applicant,2.5
Jordan,2020,,2020,European Patent Office,Patent grants,Inventor,1.0
Jordan,2020,,2020,European Patent Office,Patent grants,Inventor,1.25
Jordan,2020,,2020,European Patent Office,Patent grants,Applicant,1.0
Jordan,2020,,2020,European Patent Office,Patent grants,Applicant,1.0
Jordan,2020,,2020,World Intellectual Property Organization,Patent applications,Inventor,18.5
Jordan,2020,,2020,World Intellectual Property Organization,Patent applications,Applicant,15.5
Jordan,2020,,2020,United States Patent and Trademark Office,Patent applications,Inventor,15.73330020904541
Jordan,2020,,2020,United States Patent and Trademark Office,Patent applications,Applicant,3.75
Jordan,2020,,2020,United States Patent and Trademark Office,Patent grants,Inventor,5.0
Jordan,2020,,2020,United States Patent and Trademark Office,Patent grants,Inventor,9.33329963684082
Jordan,2020,,2020,United States Patent and Trademark Office,Patent grants,Applicant,0.25
Jordan,2020,,2020,United States Patent and Trademark Office,Patent grants,Applicant,1.75
Jordan,2021,,2021,European Patent Office,Patent applications,Inventor,1.666700005531311
Jordan,2021,,2021,European Patent Office,Patent applications,Applicant,1.0
Jordan,2021,,2021,European Patent Office,Patent grants,Inventor,3.116699934005737
Jordan,2021,,2021,European Patent Office,Patent grants,Applicant,2.0
Jordan,2021,,2021,World Intellectual Property Organization,Patent applications,Inventor,26.33329963684082
Jordan,2021,,2021,World Intellectual Property Organization,Patent applications,Applicant,23.0
Jordan,2021,,2021,United States Patent and Trademark Office,Patent applications,Inventor,6.900000095367432
Jordan,2021,,2021,United States Patent and Trademark Office,Patent applications,Applicant,3.0
Jordan,2021,,2021,United States Patent and Trademark Office,Patent grants,Inventor,10.28330039978027
Jordan,2021,,2021,United States Patent and Trademark Office,Patent grants,Applicant,6.400000095367432
Kazakhstan,2018,,2018,European Patent Office,Patent applications,Inventor,4.5
Kazakhstan,2018,,2018,European Patent Office,Patent applications,Applicant,3.0
Kazakhstan,2018,,2018,European Patent Office,Patent grants,Inventor,2.0
Kazakhstan,2018,,2018,European Patent Office,Patent grants,Inventor,4.726200103759766
Kazakhstan,2018,,2018,European Patent Office,Patent grants,Applicant,2.0
Kazakhstan,2018,,2018,European Patent Office,Patent grants,Applicant,1.0
Kazakhstan,2018,,2018,World Intellectual Property Organization,Patent applications,Inventor,19.58329963684082
Kazakhstan,2018,,2018,World Intellectual Property Organization,Patent applications,Applicant,15.0
Kazakhstan,2018,,2018,United States Patent and Trademark Office,Patent applications,Inventor,12.11670017242432
Kazakhstan,2018,,2018,United States Patent and Trademark Office,Patent applications,Applicant,9.0
Kazakhstan,2018,,2018,United States Patent and Trademark Office,Patent grants,Inventor,7.783299922943115
Kazakhstan,2018,,2018,United States Patent and Trademark Office,Patent grants,Inventor,4.158299922943115
Kazakhstan,2018,,2018,United States Patent and Trademark Office,Patent grants,Applicant,7.0
Kazakhstan,2018,,2018,United States Patent and Trademark Office,Patent grants,Applicant,3.555599927902222
Kazakhstan,2019,,2019,European Patent Office,Patent applications,Inventor,2.933300018310547
Kazakhstan,2019,,2019,European Patent Office,Patent applications,Applicant,3.0
Kazakhstan,2019,,2019,European Patent Office,Patent grants,Inventor,0.0
Kazakhstan,2019,,2019,European Patent Office,Patent grants,Inventor,3.5
Kazakhstan,2019,,2019,European Patent Office,Patent grants,Applicant,0.0
Kazakhstan,2019,,2019,European Patent Office,Patent grants,Applicant,3.5
Kazakhstan,2019,,2019,World Intellectual Property Organization,Patent applications,Inventor,27.45709991455078
Kazakhstan,2019,,2019,World Intellectual Property Organization,Patent applications,Applicant,27.33329963684082
Kazakhstan,2019,,2019,United States Patent and Trademark Office,Patent applications,Inventor,6.98330020904541
Kazakhstan,2019,,2019,United States Patent and Trademark Office,Patent applications,Applicant,6.0
Kazakhstan,2019,,2019,United States Patent and Trademark Office,Patent grants,Inventor,2.333300113677979
Kazakhstan,2019,,2019,United States Patent and Trademark Office,Patent grants,Inventor,6.916699886322021
Kazakhstan,2019,,2019,United States Patent and Trademark Office,Patent grants,Applicant,2.0
Kazakhstan,2019,,2019,United States Patent and Trademark Office,Patent grants,Applicant,5.0
Kazakhstan,2020,,2020,European Patent Office,Patent applications,Inventor,1.0
Kazakhstan,2020,,2020,European Patent Office,Patent applications,Applicant,1.0
Kazakhstan,2020,,2020,European Patent Office,Patent grants,Inventor,0.0
Kazakhstan,2020,,2020,European Patent Office,Patent grants,Inventor,0.0
Kazakhstan,2020,,2020,European Patent Office,Patent grants,Applicant,0.0
Kazakhstan,2020,,2020,European Patent Office,Patent grants,Applicant,1.0
Kazakhstan,2020,,2020,World Intellectual Property Organization,Patent applications,Inventor,35.02780151367188
Kazakhstan,2020,,2020,World Intellectual Property Organization,Patent applications,Applicant,32.5
Kazakhstan,2020,,2020,United States Patent and Trademark Office,Patent applications,Inventor,3.851200103759766
Kazakhstan,2020,,2020,United States Patent and Trademark Office,Patent applications,Applicant,2.0
Kazakhstan,2020,,2020,United States Patent and Trademark Office,Patent grants,Inventor,3.208300113677979
Kazakhstan,2020,,2020,United States Patent and Trademark Office,Patent grants,Inventor,7.294400215148926
Kazakhstan,2020,,2020,United States Patent and Trademark Office,Patent grants,Applicant,2.0
Kazakhstan,2020,,2020,United States Patent and Trademark Office,Patent grants,Applicant,6.0
Kazakhstan,2021,,2021,European Patent Office,Patent applications,Inventor,0.0768999978899956
Kazakhstan,2021,,2021,European Patent Office,Patent applications,Applicant,0.0
Kazakhstan,2021,,2021,European Patent Office,Patent grants,Inventor,2.571399927139282
Kazakhstan,2021,,2021,European Patent Office,Patent grants,Applicant,1.0
Kazakhstan,2021,,2021,World Intellectual Property Organization,Patent applications,Inventor,33.30670166015625
Kazakhstan,2021,,2021,World Intellectual Property Organization,Patent applications,Applicant,31.0
Kazakhstan,2021,,2021,United States Patent and Trademark Office,Patent applications,Inventor,3.076900005340576
Kazakhstan,2021,,2021,United States Patent and Trademark Office,Patent applications,Applicant,2.0
Kazakhstan,2021,,2021,United States Patent and Trademark Office,Patent grants,Inventor,7.158299922943115
Kazakhstan,2021,,2021,United States Patent and Trademark Office,Patent grants,Applicant,4.0
Kenya,2018,,2018,European Patent Office,Patent applications,Inventor,1.200000047683716
Kenya,2018,,2018,European Patent Office,Patent applications,Applicant,1.0
Kenya,2018,,2018,European Patent Office,Patent grants,Inventor,0.2000000029802322
Kenya,2018,,2018,European Patent Office,Patent grants,Inventor,0.809499979019165
Kenya,2018,,2018,European Patent Office,Patent grants,Applicant,0.0
Kenya,2018,,2018,European Patent Office,Patent grants,Applicant,0.0
Kenya,2018,,2018,World Intellectual Property Organization,Patent applications,Inventor,7.333300113677979
Kenya,2018,,2018,World Intellectual Property Organization,Patent applications,Applicant,7.5
Kenya,2018,,2018,United States Patent and Trademark Office,Patent applications,Inventor,30.06830024719238
Kenya,2018,,2018,United States Patent and Trademark Office,Patent applications,Applicant,4.333300113677979
Kenya,2018,,2018,United States Patent and Trademark Office,Patent grants,Inventor,20.59919929504395
Kenya,2018,,2018,United States Patent and Trademark Office,Patent grants,Inventor,14.50629997253418
Kenya,2018,,2018,United States Patent and Trademark Office,Patent grants,Applicant,2.0
Kenya,2018,,2018,United States Patent and Trademark Office,Patent grants,Applicant,2.533299922943115
Kenya,2019,,2019,European Patent Office,Patent applications,Inventor,1.410699963569641
Kenya,2019,,2019,European Patent Office,Patent applications,Applicant,0.0
Kenya,2019,,2019,European Patent Office,Patent grants,Inventor,0.0
Kenya,2019,,2019,European Patent Office,Patent grants,Inventor,1.0
Kenya,2019,,2019,European Patent Office,Patent grants,Applicant,0.0
Kenya,2019,,2019,European Patent Office,Patent grants,Applicant,1.0
Kenya,2019,,2019,World Intellectual Property Organization,Patent applications,Inventor,6.781000137329102
Kenya,2019,,2019,World Intellectual Property Organization,Patent applications,Applicant,5.0
Kenya,2019,,2019,United States Patent and Trademark Office,Patent applications,Inventor,23.9463996887207
Kenya,2019,,2019,United States Patent and Trademark Office,Patent applications,Applicant,2.5
Kenya,2019,,2019,United States Patent and Trademark Office,Patent grants,Inventor,15.8011999130249
Kenya,2019,,2019,United States Patent and Trademark Office,Patent grants,Inventor,14.74919986724854
Kenya,2019,,2019,United States Patent and Trademark Office,Patent grants,Applicant,1.5
Kenya,2019,,2019,United States Patent and Trademark Office,Patent grants,Applicant,1.0
Kenya,2020,,2020,European Patent Office,Patent applications,Inventor,0.0
Kenya,2020,,2020,European Patent Office,Patent applications,Applicant,0.0
Kenya,2020,,2020,European Patent Office,Patent grants,Inventor,0.0
Kenya,2020,,2020,European Patent Office,Patent grants,Inventor,1.450000047683716
Kenya,2020,,2020,European Patent Office,Patent grants,Applicant,0.0
Kenya,2020,,2020,European Patent Office,Patent grants,Applicant,0.0
Kenya,2020,,2020,World Intellectual Property Organization,Patent applications,Inventor,4.666699886322021
Kenya,2020,,2020,World Intellectual Property Organization,Patent applications,Applicant,4.699999809265137
Kenya,2020,,2020,United States Patent and Trademark Office,Patent applications,Inventor,16.61899948120117
Kenya,2020,,2020,United States Patent and Trademark Office,Patent applications,Applicant,3.0
Kenya,2020,,2020,United States Patent and Trademark Office,Patent grants,Inventor,7.800000190734863
Kenya,2020,,2020,United States Patent and Trademark Office,Patent grants,Inventor,24.64439964294434
Kenya,2020,,2020,United States Patent and Trademark Office,Patent grants,Applicant,0.0
Kenya,2020,,2020,United States Patent and Trademark Office,Patent grants,Applicant,0.0
Kenya,2021,,2021,European Patent Office,Patent applications,Inventor,0.0
Kenya,2021,,2021,European Patent Office,Patent applications,Applicant,0.0
Kenya,2021,,2021,European Patent Office,Patent grants,Inventor,0.0
Kenya,2021,,2021,European Patent Office,Patent grants,Applicant,0.0
Kenya,2021,,2021,World Intellectual Property Organization,Patent applications,Inventor,8.5
Kenya,2021,,2021,World Intellectual Property Organization,Patent applications,Applicant,6.0
Kenya,2021,,2021,United States Patent and Trademark Office,Patent applications,Inventor,11.84210014343262
Kenya,2021,,2021,United States Patent and Trademark Office,Patent applications,Applicant,1.666700005531311
Kenya,2021,,2021,United States Patent and Trademark Office,Patent grants,Inventor,18.40480041503906
Kenya,2021,,2021,United States Patent and Trademark Office,Patent grants,Applicant,1.0
Kuwait,2018,,2018,European Patent Office,Patent applications,Inventor,3.0
Kuwait,2018,,2018,European Patent Office,Patent applications,Applicant,3.0
Kuwait,2018,,2018,European Patent Office,Patent grants,Inventor,2.0
Kuwait,2018,,2018,European Patent Office,Patent grants,Inventor,4.666699886322021
Kuwait,2018,,2018,European Patent Office,Patent grants,Applicant,2.0
Kuwait,2018,,2018,European Patent Office,Patent grants,Applicant,4.0
Kuwait,2018,,2018,World Intellectual Property Organization,Patent applications,Inventor,7.041699886322021
Kuwait,2018,,2018,World Intellectual Property Organization,Patent applications,Applicant,4.0
Kuwait,2018,,2018,United States Patent and Trademark Office,Patent applications,Inventor,28.95829963684082
Kuwait,2018,,2018,United States Patent and Trademark Office,Patent applications,Applicant,28.0
Kuwait,2018,,2018,United States Patent and Trademark Office,Patent grants,Inventor,34.29169845581055
Kuwait,2018,,2018,United States Patent and Trademark Office,Patent grants,Inventor,32.0
Kuwait,2018,,2018,United States Patent and Trademark Office,Patent grants,Applicant,34.0
Kuwait,2018,,2018,United States Patent and Trademark Office,Patent grants,Applicant,32.5
Kuwait,2019,,2019,European Patent Office,Patent applications,Inventor,4.333300113677979
Kuwait,2019,,2019,European Patent Office,Patent applications,Applicant,4.0
Kuwait,2019,,2019,European Patent Office,Patent grants,Inventor,1.333299994468689
Kuwait,2019,,2019,European Patent Office,Patent grants,Inventor,1.25
Kuwait,2019,,2019,European Patent Office,Patent grants,Applicant,1.0
Kuwait,2019,,2019,European Patent Office,Patent grants,Applicant,1.0
Kuwait,2019,,2019,World Intellectual Property Organization,Patent applications,Inventor,7.333300113677979
Kuwait,2019,,2019,World Intellectual Property Organization,Patent applications,Applicant,6.0
Kuwait,2019,,2019,United States Patent and Trademark Office,Patent applications,Inventor,20.625
Kuwait,2019,,2019,United States Patent and Trademark Office,Patent applications,Applicant,18.5
Kuwait,2019,,2019,United States Patent and Trademark Office,Patent grants,Inventor,38.625
Kuwait,2019,,2019,United States Patent and Trademark Office,Patent grants,Inventor,45.91669845581055
Kuwait,2019,,2019,United States Patent and Trademark Office,Patent grants,Applicant,37.5
Kuwait,2019,,2019,United States Patent and Trademark Office,Patent grants,Applicant,44.0
Kuwait,2020,,2020,European Patent Office,Patent applications,Inventor,3.0
Kuwait,2020,,2020,European Patent Office,Patent applications,Applicant,3.0
Kuwait,2020,,2020,European Patent Office,Patent grants,Inventor,1.0
Kuwait,2020,,2020,European Patent Office,Patent grants,Inventor,1.833299994468689
Kuwait,2020,,2020,European Patent Office,Patent grants,Applicant,1.0
Kuwait,2020,,2020,European Patent Office,Patent grants,Applicant,1.5
Kuwait,2020,,2020,World Intellectual Property Organization,Patent applications,Inventor,7.0
Kuwait,2020,,2020,World Intellectual Property Organization,Patent applications,Applicant,6.0
Kuwait,2020,,2020,United States Patent and Trademark Office,Patent applications,Inventor,13.30000019073486
Kuwait,2020,,2020,United States Patent and Trademark Office,Patent applications,Applicant,12.0
Kuwait,2020,,2020,United States Patent and Trademark Office,Patent grants,Inventor,16.29999923706055
Kuwait,2020,,2020,United States Patent and Trademark Office,Patent grants,Inventor,27.60000038146973
Kuwait,2020,,2020,United States Patent and Trademark Office,Patent grants,Applicant,16.0
Kuwait,2020,,2020,United States Patent and Trademark Office,Patent grants,Applicant,27.0
Kuwait,2021,,2021,European Patent Office,Patent applications,Inventor,1.100000023841858
Kuwait,2021,,2021,European Patent Office,Patent applications,Applicant,0.333299994468689
Kuwait,2021,,2021,European Patent Office,Patent grants,Inventor,4.333300113677979
Kuwait,2021,,2021,European Patent Office,Patent grants,Applicant,4.0
Kuwait,2021,,2021,World Intellectual Property Organization,Patent applications,Inventor,3.5
Kuwait,2021,,2021,World Intellectual Property Organization,Patent applications,Applicant,3.5
Kuwait,2021,,2021,United States Patent and Trademark Office,Patent applications,Inventor,23.83329963684082
Kuwait,2021,,2021,United States Patent and Trademark Office,Patent applications,Applicant,24.5
Kuwait,2021,,2021,United States Patent and Trademark Office,Patent grants,Inventor,19.79170036315918
Kuwait,2021,,2021,United States Patent and Trademark Office,Patent grants,Applicant,19.0
Lebanon,2018,,2018,European Patent Office,Patent applications,Inventor,15.70950031280518
Lebanon,2018,,2018,European Patent Office,Patent applications,Applicant,4.5
Lebanon,2018,,2018,European Patent Office,Patent grants,Inventor,5.533299922943115
Lebanon,2018,,2018,European Patent Office,Patent grants,Inventor,5.349999904632568
Lebanon,2018,,2018,European Patent Office,Patent grants,Applicant,3.666699886322021
Lebanon,2018,,2018,European Patent Office,Patent grants,Applicant,3.5
Lebanon,2018,,2018,World Intellectual Property Organization,Patent applications,Inventor,20.4857006072998
Lebanon,2018,,2018,World Intellectual Property Organization,Patent applications,Applicant,4.833300113677979
Lebanon,2018,,2018,United States Patent and Trademark Office,Patent applications,Inventor,30.00950050354004
Lebanon,2018,,2018,United States Patent and Trademark Office,Patent applications,Applicant,12.08329963684082
Lebanon,2018,,2018,United States Patent and Trademark Office,Patent grants,Inventor,19.27619934082031
Lebanon,2018,,2018,United States Patent and Trademark Office,Patent grants,Inventor,8.25
Lebanon,2018,,2018,United States Patent and Trademark Office,Patent grants,Applicant,8.48330020904541
Lebanon,2018,,2018,United States Patent and Trademark Office,Patent grants,Applicant,7.0
Lebanon,2019,,2019,European Patent Office,Patent applications,Inventor,6.351200103759766
Lebanon,2019,,2019,European Patent Office,Patent applications,Applicant,1.0
Lebanon,2019,,2019,European Patent Office,Patent grants,Inventor,1.75
Lebanon,2019,,2019,European Patent Office,Patent grants,Inventor,5.099999904632568
Lebanon,2019,,2019,European Patent Office,Patent grants,Applicant,1.0
Lebanon,2019,,2019,European Patent Office,Patent grants,Applicant,2.166699886322021
Lebanon,2019,,2019,World Intellectual Property Organization,Patent applications,Inventor,13.97620010375977
Lebanon,2019,,2019,World Intellectual Property Organization,Patent applications,Applicant,2.666699886322021
Lebanon,2019,,2019,United States Patent and Trademark Office,Patent applications,Inventor,35.57740020751953
Lebanon,2019,,2019,United States Patent and Trademark Office,Patent applications,Applicant,21.60000038146973
Lebanon,2019,,2019,United States Patent and Trademark Office,Patent grants,Inventor,17.22620010375977
Lebanon,2019,,2019,United States Patent and Trademark Office,Patent grants,Inventor,22.23329925537109
Lebanon,2019,,2019,United States Patent and Trademark Office,Patent grants,Applicant,12.93330001831055
Lebanon,2019,,2019,United States Patent and Trademark Office,Patent grants,Applicant,10.16670036315918
Lebanon,2020,,2020,European Patent Office,Patent applications,Inventor,10.54090023040771
Lebanon,2020,,2020,European Patent Office,Patent applications,Applicant,4.73330020904541
Lebanon,2020,,2020,European Patent Office,Patent grants,Inventor,0.166700005531311
Lebanon,2020,,2020,European Patent Office,Patent grants,Inventor,2.75
Lebanon,2020,,2020,European Patent Office,Patent grants,Applicant,0.0
Lebanon,2020,,2020,European Patent Office,Patent grants,Applicant,2.666699886322021
Lebanon,2020,,2020,World Intellectual Property Organization,Patent applications,Inventor,9.057600021362305
Lebanon,2020,,2020,World Intellectual Property Organization,Patent applications,Applicant,3.450000047683716
Lebanon,2020,,2020,United States Patent and Trademark Office,Patent applications,Inventor,15.59090042114258
Lebanon,2020,,2020,United States Patent and Trademark Office,Patent applications,Applicant,11.49289989471436
Lebanon,2020,,2020,United States Patent and Trademark Office,Patent grants,Inventor,5.449999809265137
Lebanon,2020,,2020,United States Patent and Trademark Office,Patent grants,Inventor,15.51790046691895
Lebanon,2020,,2020,United States Patent and Trademark Office,Patent grants,Applicant,3.309499979019165
Lebanon,2020,,2020,United States Patent and Trademark Office,Patent grants,Applicant,9.23330020904541
Lebanon,2021,,2021,European Patent Office,Patent applications,Inventor,6.580999851226807
Lebanon,2021,,2021,European Patent Office,Patent applications,Applicant,1.783300042152405
Lebanon,2021,,2021,European Patent Office,Patent grants,Inventor,6.75
Lebanon,2021,,2021,European Patent Office,Patent grants,Applicant,6.0
Lebanon,2021,,2021,World Intellectual Property Organization,Patent applications,Inventor,14.6476001739502
Lebanon,2021,,2021,World Intellectual Property Organization,Patent applications,Applicant,5.783299922943115
Lebanon,2021,,2021,United States Patent and Trademark Office,Patent applications,Inventor,11.13689994812012
Lebanon,2021,,2021,United States Patent and Trademark Office,Patent applications,Applicant,7.333300113677979
Lebanon,2021,,2021,United States Patent and Trademark Office,Patent grants,Inventor,15.39999961853027
Lebanon,2021,,2021,United States Patent and Trademark Office,Patent grants,Applicant,12.74289989471436
Liechtenstein,2018,,2018,European Patent Office,Patent applications,Inventor,50.77780151367188
Liechtenstein,2018,,2018,European Patent Office,Patent applications,Applicant,406.3333129882813
Liechtenstein,2018,,2018,European Patent Office,Patent grants,Inventor,23.94440078735352
Liechtenstein,2018,,2018,European Patent Office,Patent grants,Inventor,31.63450050354004
Liechtenstein,2018,,2018,European Patent Office,Patent grants,Applicant,142.0
Liechtenstein,2018,,2018,European Patent Office,Patent grants,Applicant,188.3332977294922
Liechtenstein,2018,,2018,World Intellectual Property Organization,Patent applications,Inventor,29.46109962463379
Liechtenstein,2018,,2018,World Intellectual Property Organization,Patent applications,Applicant,222.1667022705078
Liechtenstein,2018,,2018,United States Patent and Trademark Office,Patent applications,Inventor,32.23020172119141
Liechtenstein,2018,,2018,United States Patent and Trademark Office,Patent applications,Applicant,188.5
Liechtenstein,2018,,2018,United States Patent and Trademark Office,Patent grants,Inventor,23.93020057678223
Liechtenstein,2018,,2018,United States Patent and Trademark Office,Patent grants,Inventor,27.63570022583008
Liechtenstein,2018,,2018,United States Patent and Trademark Office,Patent grants,Applicant,123.75
Liechtenstein,2018,,2018,United States Patent and Trademark Office,Patent grants,Applicant,136.8249969482422
Liechtenstein,2019,,2019,European Patent Office,Patent applications,Inventor,44.59999847412109
Liechtenstein,2019,,2019,European Patent Office,Patent applications,Applicant,406.0
Liechtenstein,2019,,2019,European Patent Office,Patent grants,Inventor,13.26669979095459
Liechtenstein,2019,,2019,European Patent Office,Patent grants,Inventor,42.1421012878418
Liechtenstein,2019,,2019,European Patent Office,Patent grants,Applicant,87.0
Liechtenstein,2019,,2019,European Patent Office,Patent grants,Applicant,205.5
Liechtenstein,2019,,2019,World Intellectual Property Organization,Patent applications,Inventor,35.25
Liechtenstein,2019,,2019,World Intellectual Property Organization,Patent applications,Applicant,237.625
Liechtenstein,2019,,2019,United States Patent and Trademark Office,Patent applications,Inventor,38.21110153198242
Liechtenstein,2019,,2019,United States Patent and Trademark Office,Patent applications,Applicant,275.86669921875
Liechtenstein,2019,,2019,United States Patent and Trademark Office,Patent grants,Inventor,12.52779960632324
Liechtenstein,2019,,2019,United States Patent and Trademark Office,Patent grants,Inventor,18.21109962463379
Liechtenstein,2019,,2019,United States Patent and Trademark Office,Patent grants,Applicant,96.16670227050781
Liechtenstein,2019,,2019,United States Patent and Trademark Office,Patent grants,Applicant,171.2832946777344
Liechtenstein,2020,,2020,European Patent Office,Patent applications,Inventor,27.4689998626709
Liechtenstein,2020,,2020,European Patent Office,Patent applications,Applicant,396.0
Liechtenstein,2020,,2020,European Patent Office,Patent grants,Inventor,3.75
Liechtenstein,2020,,2020,European Patent Office,Patent grants,Inventor,28.86350059509277
Liechtenstein,2020,,2020,European Patent Office,Patent grants,Applicant,38.5
Liechtenstein,2020,,2020,European Patent Office,Patent grants,Applicant,177.0
Liechtenstein,2020,,2020,World Intellectual Property Organization,Patent applications,Inventor,20.88330078125
Liechtenstein,2020,,2020,World Intellectual Property Organization,Patent applications,Applicant,212.0
Liechtenstein,2020,,2020,United States Patent and Trademark Office,Patent applications,Inventor,24.6023998260498
Liechtenstein,2020,,2020,United States Patent and Trademark Office,Patent applications,Applicant,216.5
Liechtenstein,2020,,2020,United States Patent and Trademark Office,Patent grants,Inventor,6.019000053405762
Liechtenstein,2020,,2020,United States Patent and Trademark Office,Patent grants,Inventor,26.69009971618652
Liechtenstein,2020,,2020,United States Patent and Trademark Office,Patent grants,Applicant,38.5
Liechtenstein,2020,,2020,United States Patent and Trademark Office,Patent grants,Applicant,172.6667022705078
Liechtenstein,2021,,2021,European Patent Office,Patent applications,Inventor,35.84170150756836
Liechtenstein,2021,,2021,European Patent Office,Patent applications,Applicant,369.75
Liechtenstein,2021,,2021,European Patent Office,Patent grants,Inventor,39.17219924926758
Liechtenstein,2021,,2021,European Patent Office,Patent grants,Applicant,169.0
Liechtenstein,2021,,2021,World Intellectual Property Organization,Patent applications,Inventor,25.52140045166016
Liechtenstein,2021,,2021,World Intellectual Property Organization,Patent applications,Applicant,234.5
Liechtenstein,2021,,2021,United States Patent and Trademark Office,Patent applications,Inventor,6.917900085449219
Liechtenstein,2021,,2021,United States Patent and Trademark Office,Patent applications,Applicant,118.0
Liechtenstein,2021,,2021,United States Patent and Trademark Office,Patent grants,Inventor,28.90629959106445
Liechtenstein,2021,,2021,United States Patent and Trademark Office,Patent grants,Applicant,152.5
Malaysia,2018,,2018,European Patent Office,Patent applications,Inventor,66.8373031616211
Malaysia,2018,,2018,European Patent Office,Patent applications,Applicant,31.79999923706055
Malaysia,2018,,2018,European Patent Office,Patent grants,Inventor,21.36669921875
Malaysia,2018,,2018,European Patent Office,Patent grants,Inventor,58.62089920043945
Malaysia,2018,,2018,European Patent Office,Patent grants,Applicant,8.300000190734863
Malaysia,2018,,2018,European Patent Office,Patent grants,Applicant,35.0
Malaysia,2018,,2018,World Intellectual Property Organization,Patent applications,Inventor,212.7044067382813
Malaysia,2018,,2018,World Intellectual Property Organization,Patent applications,Applicant,143.13330078125
Malaysia,2018,,2018,United States Patent and Trademark Office,Patent applications,Inventor,287.0828857421875
Malaysia,2018,,2018,United States Patent and Trademark Office,Patent applications,Applicant,103.9167022705078
Malaysia,2018,,2018,United States Patent and Trademark Office,Patent grants,Inventor,225.4503936767578
Malaysia,2018,,2018,United States Patent and Trademark Office,Patent grants,Inventor,249.3614959716797
Malaysia,2018,,2018,United States Patent and Trademark Office,Patent grants,Applicant,57.08330154418945
Malaysia,2018,,2018,United States Patent and Trademark Office,Patent grants,Applicant,102.2594985961914
Malaysia,2019,,2019,European Patent Office,Patent applications,Inventor,51.81110000610352
Malaysia,2019,,2019,European Patent Office,Patent applications,Applicant,26.0
Malaysia,2019,,2019,European Patent Office,Patent grants,Inventor,12.02620029449463
Malaysia,2019,,2019,European Patent Office,Patent grants,Inventor,57.56650161743164
Malaysia,2019,,2019,European Patent Office,Patent grants,Applicant,3.0
Malaysia,2019,,2019,European Patent Office,Patent grants,Applicant,36.5
Malaysia,2019,,2019,World Intellectual Property Organization,Patent applications,Inventor,234.3730010986328
Malaysia,2019,,2019,World Intellectual Property Organization,Patent applications,Applicant,188.75
Malaysia,2019,,2019,United States Patent and Trademark Office,Patent applications,Inventor,336.8810119628906
Malaysia,2019,,2019,United States Patent and Trademark Office,Patent applications,Applicant,130.5832977294922
Malaysia,2019,,2019,United States Patent and Trademark Office,Patent grants,Inventor,232.5388946533203
Malaysia,2019,,2019,United States Patent and Trademark Office,Patent grants,Inventor,289.93798828125
Malaysia,2019,,2019,United States Patent and Trademark Office,Patent grants,Applicant,53.08330154418945
Malaysia,2019,,2019,United States Patent and Trademark Office,Patent grants,Applicant,73.49700164794922
Malaysia,2020,,2020,European Patent Office,Patent applications,Inventor,71.92980194091797
Malaysia,2020,,2020,European Patent Office,Patent applications,Applicant,39.0
Malaysia,2020,,2020,European Patent Office,Patent grants,Inventor,3.5
Malaysia,2020,,2020,European Patent Office,Patent grants,Inventor,47.68989944458008
Malaysia,2020,,2020,European Patent Office,Patent grants,Applicant,1.0
Malaysia,2020,,2020,European Patent Office,Patent grants,Applicant,30.83329963684082
Malaysia,2020,,2020,World Intellectual Property Organization,Patent applications,Inventor,275.5693969726563
Malaysia,2020,,2020,World Intellectual Property Organization,Patent applications,Applicant,237.0832977294922
Malaysia,2020,,2020,United States Patent and Trademark Office,Patent applications,Inventor,307.531494140625
Malaysia,2020,,2020,United States Patent and Trademark Office,Patent applications,Applicant,97.93329620361328
Malaysia,2020,,2020,United States Patent and Trademark Office,Patent grants,Inventor,185.7637023925781
Malaysia,2020,,2020,United States Patent and Trademark Office,Patent grants,Inventor,268.8980102539063
Malaysia,2020,,2020,United States Patent and Trademark Office,Patent grants,Applicant,25.91670036315918
Malaysia,2020,,2020,United States Patent and Trademark Office,Patent grants,Applicant,77.9000015258789
Malaysia,2021,,2021,European Patent Office,Patent applications,Inventor,58.36940002441406
Malaysia,2021,,2021,European Patent Office,Patent applications,Applicant,34.83330154418945
Malaysia,2021,,2021,European Patent Office,Patent grants,Inventor,39.38330078125
Malaysia,2021,,2021,European Patent Office,Patent grants,Applicant,17.5
Malaysia,2021,,2021,World Intellectual Property Organization,Patent applications,Inventor,177.7411041259766
Malaysia,2021,,2021,World Intellectual Property Organization,Patent applications,Applicant,136.1667022705078
Malaysia,2021,,2021,United States Patent and Trademark Office,Patent applications,Inventor,265.9472961425781
Malaysia,2021,,2021,United States Patent and Trademark Office,Patent applications,Applicant,71.90789794921875
Malaysia,2021,,2021,United States Patent and Trademark Office,Patent grants,Inventor,260.7568969726563
Malaysia,2021,,2021,United States Patent and Trademark Office,Patent grants,Applicant,41.71670150756836
Malta,2018,,2018,European Patent Office,Patent applications,Inventor,14.05500030517578
Malta,2018,,2018,European Patent Office,Patent applications,Applicant,42.33330154418945
Malta,2018,,2018,European Patent Office,Patent grants,Inventor,2.700000047683716
Malta,2018,,2018,European Patent Office,Patent grants,Inventor,5.833300113677979
Malta,2018,,2018,European Patent Office,Patent grants,Applicant,17.0
Malta,2018,,2018,European Patent Office,Patent grants,Applicant,54.0
Malta,2018,,2018,World Intellectual Property Organization,Patent applications,Inventor,14.6761999130249
Malta,2018,,2018,World Intellectual Property Organization,Patent applications,Applicant,34.83330154418945
Malta,2018,,2018,United States Patent and Trademark Office,Patent applications,Inventor,19.14290046691895
Malta,2018,,2018,United States Patent and Trademark Office,Patent applications,Applicant,87.83329772949219
Malta,2018,,2018,United States Patent and Trademark Office,Patent grants,Inventor,16.95000076293945
Malta,2018,,2018,United States Patent and Trademark Office,Patent grants,Inventor,4.333300113677979
Malta,2018,,2018,United States Patent and Trademark Office,Patent grants,Applicant,69.33329772949219
Malta,2018,,2018,United States Patent and Trademark Office,Patent grants,Applicant,72.0
Malta,2019,,2019,European Patent Office,Patent applications,Inventor,16.0
Malta,2019,,2019,European Patent Office,Patent applications,Applicant,46.5
Malta,2019,,2019,European Patent Office,Patent grants,Inventor,5.0
Malta,2019,,2019,European Patent Office,Patent grants,Inventor,3.0
Malta,2019,,2019,European Patent Office,Patent grants,Applicant,21.0
Malta,2019,,2019,European Patent Office,Patent grants,Applicant,29.5
Malta,2019,,2019,World Intellectual Property Organization,Patent applications,Inventor,18.33329963684082
Malta,2019,,2019,World Intellectual Property Organization,Patent applications,Applicant,33.5
Malta,2019,,2019,United States Patent and Trademark Office,Patent applications,Inventor,20.11669921875
Malta,2019,,2019,United States Patent and Trademark Office,Patent applications,Applicant,99.4761962890625
Malta,2019,,2019,United States Patent and Trademark Office,Patent grants,Inventor,11.31669998168945
Malta,2019,,2019,United States Patent and Trademark Office,Patent grants,Inventor,18.70000076293945
Malta,2019,,2019,United States Patent and Trademark Office,Patent grants,Applicant,58.97620010375977
Malta,2019,,2019,United States Patent and Trademark Office,Patent grants,Applicant,88.66670227050781
Malta,2020,,2020,European Patent Office,Patent applications,Inventor,20.60950088500977
Malta,2020,,2020,European Patent Office,Patent applications,Applicant,58.0
Malta,2020,,2020,European Patent Office,Patent grants,Inventor,3.0
Malta,2020,,2020,European Patent Office,Patent grants,Inventor,14.33329963684082
Malta,2020,,2020,European Patent Office,Patent grants,Applicant,13.0
Malta,2020,,2020,European Patent Office,Patent grants,Applicant,34.0
Malta,2020,,2020,World Intellectual Property Organization,Patent applications,Inventor,20.64290046691895
Malta,2020,,2020,World Intellectual Property Organization,Patent applications,Applicant,38.5
Malta,2020,,2020,United States Patent and Trademark Office,Patent applications,Inventor,32.33330154418945
Malta,2020,,2020,United States Patent and Trademark Office,Patent applications,Applicant,105.7332992553711
Malta,2020,,2020,United States Patent and Trademark Office,Patent grants,Inventor,18.05949974060059
Malta,2020,,2020,United States Patent and Trademark Office,Patent grants,Inventor,18.07500076293945
Malta,2020,,2020,United States Patent and Trademark Office,Patent grants,Applicant,56.23329925537109
Malta,2020,,2020,United States Patent and Trademark Office,Patent grants,Applicant,73.5
Malta,2021,,2021,European Patent Office,Patent applications,Inventor,20.20000076293945
Malta,2021,,2021,European Patent Office,Patent applications,Applicant,43.0
Malta,2021,,2021,European Patent Office,Patent grants,Inventor,4.533299922943115
Malta,2021,,2021,European Patent Office,Patent grants,Applicant,28.5
Malta,2021,,2021,World Intellectual Property Organization,Patent applications,Inventor,31.83329963684082
Malta,2021,,2021,World Intellectual Property Organization,Patent applications,Applicant,45.5
Malta,2021,,2021,United States Patent and Trademark Office,Patent applications,Inventor,43.91669845581055
Malta,2021,,2021,United States Patent and Trademark Office,Patent applications,Applicant,113.0
Malta,2021,,2021,United States Patent and Trademark Office,Patent grants,Inventor,20.60950088500977
Malta,2021,,2021,United States Patent and Trademark Office,Patent grants,Applicant,94.64289855957031
Moldova,2018,,2018,European Patent Office,Patent applications,Inventor,3.25
Moldova,2018,,2018,European Patent Office,Patent applications,Applicant,2.0
Moldova,2018,,2018,European Patent Office,Patent grants,Inventor,2.0
Moldova,2018,,2018,European Patent Office,Patent grants,Inventor,2.333300113677979
Moldova,2018,,2018,European Patent Office,Patent grants,Applicant,1.0
Moldova,2018,,2018,European Patent Office,Patent grants,Applicant,1.0
Moldova,2018,,2018,World Intellectual Property Organization,Patent applications,Inventor,5.583300113677979
Moldova,2018,,2018,World Intellectual Property Organization,Patent applications,Applicant,4.333300113677979
Moldova,2018,,2018,United States Patent and Trademark Office,Patent applications,Inventor,4.75
Moldova,2018,,2018,United States Patent and Trademark Office,Patent applications,Applicant,1.75
Moldova,2018,,2018,United States Patent and Trademark Office,Patent grants,Inventor,4.25
Moldova,2018,,2018,United States Patent and Trademark Office,Patent grants,Inventor,2.166699886322021
Moldova,2018,,2018,United States Patent and Trademark Office,Patent grants,Applicant,1.75
Moldova,2018,,2018,United States Patent and Trademark Office,Patent grants,Applicant,1.166700005531311
Moldova,2019,,2019,European Patent Office,Patent applications,Inventor,2.200000047683716
Moldova,2019,,2019,European Patent Office,Patent applications,Applicant,2.0
Moldova,2019,,2019,European Patent Office,Patent grants,Inventor,0.1000000014901161
Moldova,2019,,2019,European Patent Office,Patent grants,Inventor,0.1429000049829483
Moldova,2019,,2019,European Patent Office,Patent grants,Applicant,0.0
Moldova,2019,,2019,European Patent Office,Patent grants,Applicant,0.0
Moldova,2019,,2019,World Intellectual Property Organization,Patent applications,Inventor,8.16670036315918
Moldova,2019,,2019,World Intellectual Property Organization,Patent applications,Applicant,7.0
Moldova,2019,,2019,United States Patent and Trademark Office,Patent applications,Inventor,0.8928999900817871
Moldova,2019,,2019,United States Patent and Trademark Office,Patent applications,Applicant,0.0
Moldova,2019,,2019,United States Patent and Trademark Office,Patent grants,Inventor,0.75
Moldova,2019,,2019,United States Patent and Trademark Office,Patent grants,Inventor,1.535699963569641
Moldova,2019,,2019,United States Patent and Trademark Office,Patent grants,Applicant,0.0
Moldova,2019,,2019,United States Patent and Trademark Office,Patent grants,Applicant,1.0
Moldova,2020,,2020,European Patent Office,Patent applications,Inventor,0.0
Moldova,2020,,2020,European Patent Office,Patent applications,Applicant,0.0
Moldova,2020,,2020,European Patent Office,Patent grants,Inventor,0.0
Moldova,2020,,2020,European Patent Office,Patent grants,Inventor,2.433300018310547
Moldova,2020,,2020,European Patent Office,Patent grants,Applicant,0.0
Moldova,2020,,2020,European Patent Office,Patent grants,Applicant,2.0
Moldova,2020,,2020,World Intellectual Property Organization,Patent applications,Inventor,5.0
Moldova,2020,,2020,World Intellectual Property Organization,Patent applications,Applicant,5.0
Moldova,2020,,2020,United States Patent and Trademark Office,Patent applications,Inventor,5.150000095367432
Moldova,2020,,2020,United States Patent and Trademark Office,Patent applications,Applicant,3.25
Moldova,2020,,2020,United States Patent and Trademark Office,Patent grants,Inventor,2.316699981689453
Moldova,2020,,2020,United States Patent and Trademark Office,Patent grants,Inventor,1.75
Moldova,2020,,2020,United States Patent and Trademark Office,Patent grants,Applicant,1.25
Moldova,2020,,2020,United States Patent and Trademark Office,Patent grants,Applicant,0.75
Moldova,2021,,2021,European Patent Office,Patent applications,Inventor,2.0
Moldova,2021,,2021,European Patent Office,Patent applications,Applicant,1.5
Moldova,2021,,2021,European Patent Office,Patent grants,Inventor,1.0
Moldova,2021,,2021,European Patent Office,Patent grants,Applicant,0.0
Moldova,2021,,2021,World Intellectual Property Organization,Patent applications,Inventor,3.833300113677979
Moldova,2021,,2021,World Intellectual Property Organization,Patent applications,Applicant,3.5
Moldova,2021,,2021,United States Patent and Trademark Office,Patent applications,Inventor,0.2000000029802322
Moldova,2021,,2021,United States Patent and Trademark Office,Patent applications,Applicant,0.0
Moldova,2021,,2021,United States Patent and Trademark Office,Patent grants,Inventor,2.75
Moldova,2021,,2021,United States Patent and Trademark Office,Patent grants,Applicant,0.333299994468689
Monaco,2018,,2018,European Patent Office,Patent applications,Inventor,3.142899990081787
Monaco,2018,,2018,European Patent Office,Patent applications,Applicant,2.333300113677979
Monaco,2018,,2018,European Patent Office,Patent grants,Inventor,1.0
Monaco,2018,,2018,European Patent Office,Patent grants,Inventor,6.0
Monaco,2018,,2018,European Patent Office,Patent grants,Applicant,1.333299994468689
Monaco,2018,,2018,European Patent Office,Patent grants,Applicant,4.0
Monaco,2018,,2018,World Intellectual Property Organization,Patent applications,Inventor,6.142899990081787
Monaco,2018,,2018,World Intellectual Property Organization,Patent applications,Applicant,1.833299994468689
Monaco,2018,,2018,United States Patent and Trademark Office,Patent applications,Inventor,14.59290027618408
Monaco,2018,,2018,United States Patent and Trademark Office,Patent applications,Applicant,23.5
Monaco,2018,,2018,United States Patent and Trademark Office,Patent grants,Inventor,9.559499740600586
Monaco,2018,,2018,United States Patent and Trademark Office,Patent grants,Inventor,7.400000095367432
Monaco,2018,,2018,United States Patent and Trademark Office,Patent grants,Applicant,11.0
Monaco,2018,,2018,United States Patent and Trademark Office,Patent grants,Applicant,15.83329963684082
Monaco,2019,,2019,European Patent Office,Patent applications,Inventor,5.5
Monaco,2019,,2019,European Patent Office,Patent applications,Applicant,2.5
Monaco,2019,,2019,European Patent Office,Patent grants,Inventor,2.5
Monaco,2019,,2019,European Patent Office,Patent grants,Inventor,4.633299827575684
Monaco,2019,,2019,European Patent Office,Patent grants,Applicant,0.0
Monaco,2019,,2019,European Patent Office,Patent grants,Applicant,4.0
Monaco,2019,,2019,World Intellectual Property Organization,Patent applications,Inventor,5.0
Monaco,2019,,2019,World Intellectual Property Organization,Patent applications,Applicant,3.5
Monaco,2019,,2019,United States Patent and Trademark Office,Patent applications,Inventor,16.48810005187988
Monaco,2019,,2019,United States Patent and Trademark Office,Patent applications,Applicant,20.66670036315918
Monaco,2019,,2019,United States Patent and Trademark Office,Patent grants,Inventor,6.142899990081787
Monaco,2019,,2019,United States Patent and Trademark Office,Patent grants,Inventor,14.48569965362549
Monaco,2019,,2019,United States Patent and Trademark Office,Patent grants,Applicant,7.0
Monaco,2019,,2019,United States Patent and Trademark Office,Patent grants,Applicant,17.0
Monaco,2020,,2020,European Patent Office,Patent applications,Inventor,16.55949974060059
Monaco,2020,,2020,European Patent Office,Patent applications,Applicant,4.0
Monaco,2020,,2020,European Patent Office,Patent grants,Inventor,0.916700005531311
Monaco,2020,,2020,European Patent Office,Patent grants,Inventor,4.5
Monaco,2020,,2020,European Patent Office,Patent grants,Applicant,0.0
Monaco,2020,,2020,European Patent Office,Patent grants,Applicant,7.0
Monaco,2020,,2020,World Intellectual Property Organization,Patent applications,Inventor,11.47620010375977
Monaco,2020,,2020,World Intellectual Property Organization,Patent applications,Applicant,3.0
Monaco,2020,,2020,United States Patent and Trademark Office,Patent applications,Inventor,22.75950050354004
Monaco,2020,,2020,United States Patent and Trademark Office,Patent applications,Applicant,20.5
Monaco,2020,,2020,United States Patent and Trademark Office,Patent grants,Inventor,1.833299994468689
Monaco,2020,,2020,United States Patent and Trademark Office,Patent grants,Inventor,11.5
Monaco,2020,,2020,United States Patent and Trademark Office,Patent grants,Applicant,2.0
Monaco,2020,,2020,United States Patent and Trademark Office,Patent grants,Applicant,13.5
Monaco,2021,,2021,European Patent Office,Patent applications,Inventor,3.642899990081787
Monaco,2021,,2021,European Patent Office,Patent applications,Applicant,3.0
Monaco,2021,,2021,European Patent Office,Patent grants,Inventor,1.666700005531311
Monaco,2021,,2021,European Patent Office,Patent grants,Applicant,3.333300113677979
Monaco,2021,,2021,World Intellectual Property Organization,Patent applications,Inventor,7.916699886322021
Monaco,2021,,2021,World Intellectual Property Organization,Patent applications,Applicant,5.0
Monaco,2021,,2021,United States Patent and Trademark Office,Patent applications,Inventor,11.35000038146973
Monaco,2021,,2021,United States Patent and Trademark Office,Patent applications,Applicant,12.5
Monaco,2021,,2021,United States Patent and Trademark Office,Patent grants,Inventor,13.16670036315918
Monaco,2021,,2021,United States Patent and Trademark Office,Patent grants,Applicant,10.16670036315918
Mongolia,2018,,2018,European Patent Office,Patent applications,Inventor,0.0
Mongolia,2018,,2018,European Patent Office,Patent applications,Applicant,0.0
Mongolia,2018,,2018,European Patent Office,Patent grants,Inventor,0.0
Mongolia,2018,,2018,European Patent Office,Patent grants,Inventor,0.0
Mongolia,2018,,2018,European Patent Office,Patent grants,Applicant,0.0
Mongolia,2018,,2018,European Patent Office,Patent grants,Applicant,0.0
Mongolia,2018,,2018,World Intellectual Property Organization,Patent applications,Inventor,2.75
Mongolia,2018,,2018,World Intellectual Property Organization,Patent applications,Applicant,2.25
Mongolia,2018,,2018,United States Patent and Trademark Office,Patent applications,Inventor,2.545200109481812
Mongolia,2018,,2018,United States Patent and Trademark Office,Patent applications,Applicant,1.5
Mongolia,2018,,2018,United States Patent and Trademark Office,Patent grants,Inventor,0.25
Mongolia,2018,,2018,United States Patent and Trademark Office,Patent grants,Inventor,0.6000000238418579
Mongolia,2018,,2018,United States Patent and Trademark Office,Patent grants,Applicant,0.5
Mongolia,2018,,2018,United States Patent and Trademark Office,Patent grants,Applicant,1.0
Mongolia,2019,,2019,European Patent Office,Patent applications,Inventor,0.2000000029802322
Mongolia,2019,,2019,European Patent Office,Patent applications,Applicant,0.0
Mongolia,2019,,2019,European Patent Office,Patent grants,Inventor,0.0
Mongolia,2019,,2019,European Patent Office,Patent grants,Inventor,0.0
Mongolia,2019,,2019,European Patent Office,Patent grants,Applicant,0.0
Mongolia,2019,,2019,European Patent Office,Patent grants,Applicant,0.0
Mongolia,2019,,2019,World Intellectual Property Organization,Patent applications,Inventor,0.3111000061035156
Mongolia,2019,,2019,World Intellectual Property Organization,Patent applications,Applicant,0.0
Mongolia,2019,,2019,United States Patent and Trademark Office,Patent applications,Inventor,0.8511999845504761
Mongolia,2019,,2019,United States Patent and Trademark Office,Patent applications,Applicant,0.0
Mongolia,2019,,2019,United States Patent and Trademark Office,Patent grants,Inventor,0.583299994468689
Mongolia,2019,,2019,United States Patent and Trademark Office,Patent grants,Inventor,1.583299994468689
Mongolia,2019,,2019,United States Patent and Trademark Office,Patent grants,Applicant,0.0
Mongolia,2019,,2019,United States Patent and Trademark Office,Patent grants,Applicant,1.0
Mongolia,2020,,2020,European Patent Office,Patent applications,Inventor,0.3429000079631805
Mongolia,2020,,2020,European Patent Office,Patent applications,Applicant,0.0
Mongolia,2020,,2020,European Patent Office,Patent grants,Inventor,0.0
Mongolia,2020,,2020,European Patent Office,Patent grants,Inventor,0.0
Mongolia,2020,,2020,European Patent Office,Patent grants,Applicant,0.0
Mongolia,2020,,2020,European Patent Office,Patent grants,Applicant,0.0
Mongolia,2020,,2020,World Intellectual Property Organization,Patent applications,Inventor,0.3429000079631805
Mongolia,2020,,2020,World Intellectual Property Organization,Patent applications,Applicant,0.0
Mongolia,2020,,2020,United States Patent and Trademark Office,Patent applications,Inventor,2.944400072097778
Mongolia,2020,,2020,United States Patent and Trademark Office,Patent applications,Applicant,1.5
Mongolia,2020,,2020,United States Patent and Trademark Office,Patent grants,Inventor,0.699999988079071
Mongolia,2020,,2020,United States Patent and Trademark Office,Patent grants,Inventor,1.0
Mongolia,2020,,2020,United States Patent and Trademark Office,Patent grants,Applicant,2.5
Mongolia,2020,,2020,United States Patent and Trademark Office,Patent grants,Applicant,1.0
Mongolia,2021,,2021,European Patent Office,Patent applications,Inventor,1.0
Mongolia,2021,,2021,European Patent Office,Patent applications,Applicant,1.0
Mongolia,2021,,2021,European Patent Office,Patent grants,Inventor,0.0
Mongolia,2021,,2021,European Patent Office,Patent grants,Applicant,0.0
Mongolia,2021,,2021,World Intellectual Property Organization,Patent applications,Inventor,1.0
Mongolia,2021,,2021,World Intellectual Property Organization,Patent applications,Applicant,1.0
Mongolia,2021,,2021,United States Patent and Trademark Office,Patent applications,Inventor,1.200000047683716
Mongolia,2021,,2021,United States Patent and Trademark Office,Patent applications,Applicant,1.0
Mongolia,2021,,2021,United States Patent and Trademark Office,Patent grants,Inventor,0.53329998254776
Mongolia,2021,,2021,United States Patent and Trademark Office,Patent grants,Applicant,0.5
Morocco,2018,,2018,European Patent Office,Patent applications,Inventor,5.800000190734863
Morocco,2018,,2018,European Patent Office,Patent applications,Applicant,6.0
Morocco,2018,,2018,European Patent Office,Patent grants,Inventor,3.0
Morocco,2018,,2018,European Patent Office,Patent grants,Inventor,4.616700172424316
Morocco,2018,,2018,European Patent Office,Patent grants,Applicant,3.0
Morocco,2018,,2018,European Patent Office,Patent grants,Applicant,1.0
Morocco,2018,,2018,World Intellectual Property Organization,Patent applications,Inventor,48.05950164794922
Morocco,2018,,2018,World Intellectual Property Organization,Patent applications,Applicant,47.5
Morocco,2018,,2018,United States Patent and Trademark Office,Patent applications,Inventor,10.43290042877197
Morocco,2018,,2018,United States Patent and Trademark Office,Patent applications,Applicant,9.33329963684082
Morocco,2018,,2018,United States Patent and Trademark Office,Patent grants,Inventor,6.542900085449219
Morocco,2018,,2018,United States Patent and Trademark Office,Patent grants,Inventor,6.876200199127197
Morocco,2018,,2018,United States Patent and Trademark Office,Patent grants,Applicant,7.5
Morocco,2018,,2018,United States Patent and Trademark Office,Patent grants,Applicant,6.826900005340576
Morocco,2019,,2019,European Patent Office,Patent applications,Inventor,12.67500019073486
Morocco,2019,,2019,European Patent Office,Patent applications,Applicant,10.33329963684082
Morocco,2019,,2019,European Patent Office,Patent grants,Inventor,4.433300018310547
Morocco,2019,,2019,European Patent Office,Patent grants,Inventor,4.673500061035156
Morocco,2019,,2019,European Patent Office,Patent grants,Applicant,3.5
Morocco,2019,,2019,European Patent Office,Patent grants,Applicant,2.0
Morocco,2019,,2019,World Intellectual Property Organization,Patent applications,Inventor,33.17499923706055
Morocco,2019,,2019,World Intellectual Property Organization,Patent applications,Applicant,32.33330154418945
Morocco,2019,,2019,United States Patent and Trademark Office,Patent applications,Inventor,14.52620029449463
Morocco,2019,,2019,United States Patent and Trademark Office,Patent applications,Applicant,12.83329963684082
Morocco,2019,,2019,United States Patent and Trademark Office,Patent grants,Inventor,4.854800224304199
Morocco,2019,,2019,United States Patent and Trademark Office,Patent grants,Inventor,2.509500026702881
Morocco,2019,,2019,United States Patent and Trademark Office,Patent grants,Applicant,1.0
Morocco,2019,,2019,United States Patent and Trademark Office,Patent grants,Applicant,1.0
Morocco,2020,,2020,European Patent Office,Patent applications,Inventor,11.79170036315918
Morocco,2020,,2020,European Patent Office,Patent applications,Applicant,11.33329963684082
Morocco,2020,,2020,European Patent Office,Patent grants,Inventor,0.333299994468689
Morocco,2020,,2020,European Patent Office,Patent grants,Inventor,5.0
Morocco,2020,,2020,European Patent Office,Patent grants,Applicant,0.0
Morocco,2020,,2020,European Patent Office,Patent grants,Applicant,3.0
Morocco,2020,,2020,World Intellectual Property Organization,Patent applications,Inventor,37.04169845581055
Morocco,2020,,2020,World Intellectual Property Organization,Patent applications,Applicant,36.33330154418945
Morocco,2020,,2020,United States Patent and Trademark Office,Patent applications,Inventor,12.32779979705811
Morocco,2020,,2020,United States Patent and Trademark Office,Patent applications,Applicant,8.83329963684082
Morocco,2020,,2020,United States Patent and Trademark Office,Patent grants,Inventor,6.437300205230713
Morocco,2020,,2020,United States Patent and Trademark Office,Patent grants,Inventor,3.934499979019165
Morocco,2020,,2020,United States Patent and Trademark Office,Patent grants,Applicant,4.0
Morocco,2020,,2020,United States Patent and Trademark Office,Patent grants,Applicant,3.5
Morocco,2021,,2021,European Patent Office,Patent applications,Inventor,11.0
Morocco,2021,,2021,European Patent Office,Patent applications,Applicant,5.199999809265137
Morocco,2021,,2021,European Patent Office,Patent grants,Inventor,2.5
Morocco,2021,,2021,European Patent Office,Patent grants,Applicant,2.0
Morocco,2021,,2021,World Intellectual Property Organization,Patent applications,Inventor,64.57140350341797
Morocco,2021,,2021,World Intellectual Property Organization,Patent applications,Applicant,51.86669921875
Morocco,2021,,2021,United States Patent and Trademark Office,Patent applications,Inventor,11.11069965362549
Morocco,2021,,2021,United States Patent and Trademark Office,Patent applications,Applicant,6.199999809265137
Morocco,2021,,2021,United States Patent and Trademark Office,Patent grants,Inventor,6.130199909210205
Morocco,2021,,2021,United States Patent and Trademark Office,Patent grants,Applicant,9.0
Nigeria,2018,,2018,European Patent Office,Patent applications,Inventor,2.0
Nigeria,2018,,2018,European Patent Office,Patent applications,Applicant,1.0
Nigeria,2018,,2018,European Patent Office,Patent grants,Inventor,0.0
Nigeria,2018,,2018,European Patent Office,Patent grants,Inventor,0.0
Nigeria,2018,,2018,European Patent Office,Patent grants,Applicant,0.0
Nigeria,2018,,2018,European Patent Office,Patent grants,Applicant,0.0
Nigeria,2018,,2018,World Intellectual Property Organization,Patent applications,Inventor,4.083300113677979
Nigeria,2018,,2018,World Intellectual Property Organization,Patent applications,Applicant,2.0
Nigeria,2018,,2018,United States Patent and Trademark Office,Patent applications,Inventor,8.66670036315918
Nigeria,2018,,2018,United States Patent and Trademark Office,Patent applications,Applicant,6.583300113677979
Nigeria,2018,,2018,United States Patent and Trademark Office,Patent grants,Inventor,2.5
Nigeria,2018,,2018,United States Patent and Trademark Office,Patent grants,Inventor,2.866699934005737
Nigeria,2018,,2018,United States Patent and Trademark Office,Patent grants,Applicant,0.25
Nigeria,2018,,2018,United States Patent and Trademark Office,Patent grants,Applicant,1.0
Nigeria,2019,,2019,European Patent Office,Patent applications,Inventor,0.1429000049829483
Nigeria,2019,,2019,European Patent Office,Patent applications,Applicant,0.0
Nigeria,2019,,2019,European Patent Office,Patent grants,Inventor,0.1429000049829483
Nigeria,2019,,2019,European Patent Office,Patent grants,Inventor,0.0
Nigeria,2019,,2019,European Patent Office,Patent grants,Applicant,0.0
Nigeria,2019,,2019,European Patent Office,Patent grants,Applicant,0.0
Nigeria,2019,,2019,World Intellectual Property Organization,Patent applications,Inventor,3.095200061798096
Nigeria,2019,,2019,World Intellectual Property Organization,Patent applications,Applicant,1.0
Nigeria,2019,,2019,United States Patent and Trademark Office,Patent applications,Inventor,7.485700130462646
Nigeria,2019,,2019,United States Patent and Trademark Office,Patent applications,Applicant,3.0
Nigeria,2019,,2019,United States Patent and Trademark Office,Patent grants,Inventor,2.342900037765503
Nigeria,2019,,2019,United States Patent and Trademark Office,Patent grants,Inventor,2.309499979019165
Nigeria,2019,,2019,United States Patent and Trademark Office,Patent grants,Applicant,1.0
Nigeria,2019,,2019,United States Patent and Trademark Office,Patent grants,Applicant,0.0
Nigeria,2020,,2020,European Patent Office,Patent applications,Inventor,0.0
Nigeria,2020,,2020,European Patent Office,Patent applications,Applicant,0.0
Nigeria,2020,,2020,European Patent Office,Patent grants,Inventor,0.0
Nigeria,2020,,2020,European Patent Office,Patent grants,Inventor,1.966699957847595
Nigeria,2020,,2020,European Patent Office,Patent grants,Applicant,0.0
Nigeria,2020,,2020,European Patent Office,Patent grants,Applicant,1.0
Nigeria,2020,,2020,World Intellectual Property Organization,Patent applications,Inventor,1.333299994468689
Nigeria,2020,,2020,World Intellectual Property Organization,Patent applications,Applicant,1.0
Nigeria,2020,,2020,United States Patent and Trademark Office,Patent applications,Inventor,4.449999809265137
Nigeria,2020,,2020,United States Patent and Trademark Office,Patent applications,Applicant,4.0
Nigeria,2020,,2020,United States Patent and Trademark Office,Patent grants,Inventor,3.25
Nigeria,2020,,2020,United States Patent and Trademark Office,Patent grants,Inventor,2.558799982070923
Nigeria,2020,,2020,United States Patent and Trademark Office,Patent grants,Applicant,3.0
Nigeria,2020,,2020,United States Patent and Trademark Office,Patent grants,Applicant,1.25
Nigeria,2021,,2021,European Patent Office,Patent applications,Inventor,0.666700005531311
Nigeria,2021,,2021,European Patent Office,Patent applications,Applicant,0.666700005531311
Nigeria,2021,,2021,European Patent Office,Patent grants,Inventor,0.0
Nigeria,2021,,2021,European Patent Office,Patent grants,Applicant,0.0
Nigeria,2021,,2021,World Intellectual Property Organization,Patent applications,Inventor,4.333300113677979
Nigeria,2021,,2021,World Intellectual Property Organization,Patent applications,Applicant,4.0
Nigeria,2021,,2021,United States Patent and Trademark Office,Patent applications,Inventor,3.0
Nigeria,2021,,2021,United States Patent and Trademark Office,Patent applications,Applicant,1.5
Nigeria,2021,,2021,United States Patent and Trademark Office,Patent grants,Inventor,2.166699886322021
Nigeria,2021,,2021,United States Patent and Trademark Office,Patent grants,Applicant,0.0
North Macedonia,2018,,2018,European Patent Office,Patent applications,Inventor,1.0
North Macedonia,2018,,2018,European Patent Office,Patent applications,Applicant,1.0
North Macedonia,2018,,2018,European Patent Office,Patent grants,Inventor,1.0
North Macedonia,2018,,2018,European Patent Office,Patent grants,Inventor,1.0
North Macedonia,2018,,2018,European Patent Office,Patent grants,Applicant,1.0
North Macedonia,2018,,2018,European Patent Office,Patent grants,Applicant,0.0
North Macedonia,2018,,2018,World Intellectual Property Organization,Patent applications,Inventor,5.0
North Macedonia,2018,,2018,World Intellectual Property Organization,Patent applications,Applicant,5.0
North Macedonia,2018,,2018,United States Patent and Trademark Office,Patent applications,Inventor,2.0
North Macedonia,2018,,2018,United States Patent and Trademark Office,Patent applications,Applicant,2.0
North Macedonia,2018,,2018,United States Patent and Trademark Office,Patent grants,Inventor,0.0
North Macedonia,2018,,2018,United States Patent and Trademark Office,Patent grants,Inventor,2.299999952316284
North Macedonia,2018,,2018,United States Patent and Trademark Office,Patent grants,Applicant,0.0
North Macedonia,2018,,2018,United States Patent and Trademark Office,Patent grants,Applicant,1.833299994468689
North Macedonia,2019,,2019,European Patent Office,Patent applications,Inventor,3.75
North Macedonia,2019,,2019,European Patent Office,Patent applications,Applicant,4.0
North Macedonia,2019,,2019,European Patent Office,Patent grants,Inventor,0.0
North Macedonia,2019,,2019,European Patent Office,Patent grants,Inventor,3.0
North Macedonia,2019,,2019,European Patent Office,Patent grants,Applicant,0.0
North Macedonia,2019,,2019,European Patent Office,Patent grants,Applicant,1.0
North Macedonia,2019,,2019,World Intellectual Property Organization,Patent applications,Inventor,7.416699886322021
North Macedonia,2019,,2019,World Intellectual Property Organization,Patent applications,Applicant,5.0
North Macedonia,2019,,2019,United States Patent and Trademark Office,Patent applications,Inventor,6.0
North Macedonia,2019,,2019,United States Patent and Trademark Office,Patent applications,Applicant,5.0
North Macedonia,2019,,2019,United States Patent and Trademark Office,Patent grants,Inventor,1.25
North Macedonia,2019,,2019,United States Patent and Trademark Office,Patent grants,Inventor,0.666700005531311
North Macedonia,2019,,2019,United States Patent and Trademark Office,Patent grants,Applicant,1.0
North Macedonia,2019,,2019,United States Patent and Trademark Office,Patent grants,Applicant,0.0
North Macedonia,2020,,2020,European Patent Office,Patent applications,Inventor,0.666700005531311
North Macedonia,2020,,2020,European Patent Office,Patent applications,Applicant,1.0
North Macedonia,2020,,2020,European Patent Office,Patent grants,Inventor,0.0
North Macedonia,2020,,2020,European Patent Office,Patent grants,Inventor,0.333299994468689
North Macedonia,2020,,2020,European Patent Office,Patent grants,Applicant,0.0
North Macedonia,2020,,2020,European Patent Office,Patent grants,Applicant,0.0
North Macedonia,2020,,2020,World Intellectual Property Organization,Patent applications,Inventor,5.666699886322021
North Macedonia,2020,,2020,World Intellectual Property Organization,Patent applications,Applicant,6.0
North Macedonia,2020,,2020,United States Patent and Trademark Office,Patent applications,Inventor,3.25
North Macedonia,2020,,2020,United States Patent and Trademark Office,Patent applications,Applicant,2.0
North Macedonia,2020,,2020,United States Patent and Trademark Office,Patent grants,Inventor,0.0
North Macedonia,2020,,2020,United States Patent and Trademark Office,Patent grants,Inventor,2.133300065994263
North Macedonia,2020,,2020,United States Patent and Trademark Office,Patent grants,Applicant,0.0
North Macedonia,2020,,2020,United States Patent and Trademark Office,Patent grants,Applicant,1.0
North Macedonia,2021,,2021,European Patent Office,Patent applications,Inventor,2.0
North Macedonia,2021,,2021,European Patent Office,Patent applications,Applicant,2.0
North Macedonia,2021,,2021,European Patent Office,Patent grants,Inventor,1.0
North Macedonia,2021,,2021,European Patent Office,Patent grants,Applicant,1.0
North Macedonia,2021,,2021,World Intellectual Property Organization,Patent applications,Inventor,5.25
North Macedonia,2021,,2021,World Intellectual Property Organization,Patent applications,Applicant,6.0
North Macedonia,2021,,2021,United States Patent and Trademark Office,Patent applications,Inventor,1.533300042152405
North Macedonia,2021,,2021,United States Patent and Trademark Office,Patent applications,Applicant,1.0
North Macedonia,2021,,2021,United States Patent and Trademark Office,Patent grants,Inventor,0.0
North Macedonia,2021,,2021,United States Patent and Trademark Office,Patent grants,Applicant,0.0
Pakistan,2018,,2018,European Patent Office,Patent applications,Inventor,6.640500068664551
Pakistan,2018,,2018,European Patent Office,Patent applications,Applicant,3.0
Pakistan,2018,,2018,European Patent Office,Patent grants,Inventor,3.092900037765503
Pakistan,2018,,2018,European Patent Office,Patent grants,Inventor,0.0
Pakistan,2018,,2018,European Patent Office,Patent grants,Applicant,2.5
Pakistan,2018,,2018,European Patent Office,Patent grants,Applicant,0.0
Pakistan,2018,,2018,World Intellectual Property Organization,Patent applications,Inventor,6.021399974822998
Pakistan,2018,,2018,World Intellectual Property Organization,Patent applications,Applicant,1.0
Pakistan,2018,,2018,United States Patent and Trademark Office,Patent applications,Inventor,31.1107006072998
Pakistan,2018,,2018,United States Patent and Trademark Office,Patent applications,Applicant,18.5
Pakistan,2018,,2018,United States Patent and Trademark Office,Patent grants,Inventor,25.30839920043945
Pakistan,2018,,2018,United States Patent and Trademark Office,Patent grants,Inventor,19.90119934082031
Pakistan,2018,,2018,United States Patent and Trademark Office,Patent grants,Applicant,17.0
Pakistan,2018,,2018,United States Patent and Trademark Office,Patent grants,Applicant,9.183300018310547
Pakistan,2019,,2019,European Patent Office,Patent applications,Inventor,3.602400064468384
Pakistan,2019,,2019,European Patent Office,Patent applications,Applicant,2.0
Pakistan,2019,,2019,European Patent Office,Patent grants,Inventor,1.452399969100952
Pakistan,2019,,2019,European Patent Office,Patent grants,Inventor,0.4762000143527985
Pakistan,2019,,2019,European Patent Office,Patent grants,Applicant,1.0
Pakistan,2019,,2019,European Patent Office,Patent grants,Applicant,0.0
Pakistan,2019,,2019,World Intellectual Property Organization,Patent applications,Inventor,22.15480041503906
Pakistan,2019,,2019,World Intellectual Property Organization,Patent applications,Applicant,8.5
Pakistan,2019,,2019,United States Patent and Trademark Office,Patent applications,Inventor,32.01350021362305
Pakistan,2019,,2019,United States Patent and Trademark Office,Patent applications,Applicant,17.91670036315918
Pakistan,2019,,2019,United States Patent and Trademark Office,Patent grants,Inventor,15.83500003814697
Pakistan,2019,,2019,United States Patent and Trademark Office,Patent grants,Inventor,27.64209938049316
Pakistan,2019,,2019,United States Patent and Trademark Office,Patent grants,Applicant,8.26669979095459
Pakistan,2019,,2019,United States Patent and Trademark Office,Patent grants,Applicant,17.5
Pakistan,2020,,2020,European Patent Office,Patent applications,Inventor,1.983299970626831
Pakistan,2020,,2020,European Patent Office,Patent applications,Applicant,0.0
Pakistan,2020,,2020,European Patent Office,Patent grants,Inventor,0.0
Pakistan,2020,,2020,European Patent Office,Patent grants,Inventor,4.583300113677979
Pakistan,2020,,2020,European Patent Office,Patent grants,Applicant,0.0
Pakistan,2020,,2020,European Patent Office,Patent grants,Applicant,2.333300113677979
Pakistan,2020,,2020,World Intellectual Property Organization,Patent applications,Inventor,8.783300399780273
Pakistan,2020,,2020,World Intellectual Property Organization,Patent applications,Applicant,1.5
Pakistan,2020,,2020,United States Patent and Trademark Office,Patent applications,Inventor,24.19820022583008
Pakistan,2020,,2020,United States Patent and Trademark Office,Patent applications,Applicant,14.66670036315918
Pakistan,2020,,2020,United States Patent and Trademark Office,Patent grants,Inventor,10.71669960021973
Pakistan,2020,,2020,United States Patent and Trademark Office,Patent grants,Inventor,20.49440002441406
Pakistan,2020,,2020,United States Patent and Trademark Office,Patent grants,Applicant,6.0
Pakistan,2020,,2020,United States Patent and Trademark Office,Patent grants,Applicant,12.85000038146973
Pakistan,2021,,2021,European Patent Office,Patent applications,Inventor,3.866699934005737
Pakistan,2021,,2021,European Patent Office,Patent applications,Applicant,1.0
Pakistan,2021,,2021,European Patent Office,Patent grants,Inventor,1.428599953651428
Pakistan,2021,,2021,European Patent Office,Patent grants,Applicant,0.0
Pakistan,2021,,2021,World Intellectual Property Organization,Patent applications,Inventor,9.501199722290039
Pakistan,2021,,2021,World Intellectual Property Organization,Patent applications,Applicant,0.5
Pakistan,2021,,2021,United States Patent and Trademark Office,Patent applications,Inventor,48.84400177001953
Pakistan,2021,,2021,United States Patent and Trademark Office,Patent applications,Applicant,31.24169921875
Pakistan,2021,,2021,United States Patent and Trademark Office,Patent grants,Inventor,14.33209991455078
Pakistan,2021,,2021,United States Patent and Trademark Office,Patent grants,Applicant,9.0
Panama,2018,,2018,European Patent Office,Patent applications,Inventor,2.533299922943115
Panama,2018,,2018,European Patent Office,Patent applications,Applicant,5.0
Panama,2018,,2018,European Patent Office,Patent grants,Inventor,0.0
Panama,2018,,2018,European Patent Office,Patent grants,Inventor,1.0
Panama,2018,,2018,European Patent Office,Patent grants,Applicant,0.0
Panama,2018,,2018,European Patent Office,Patent grants,Applicant,1.333299994468689
Panama,2018,,2018,World Intellectual Property Organization,Patent applications,Inventor,153.6999969482422
Panama,2018,,2018,World Intellectual Property Organization,Patent applications,Applicant,183.0
Panama,2018,,2018,United States Patent and Trademark Office,Patent applications,Inventor,6.550000190734863
Panama,2018,,2018,United States Patent and Trademark Office,Patent applications,Applicant,25.66670036315918
Panama,2018,,2018,United States Patent and Trademark Office,Patent grants,Inventor,2.394399881362915
Panama,2018,,2018,United States Patent and Trademark Office,Patent grants,Inventor,3.366699934005737
Panama,2018,,2018,United States Patent and Trademark Office,Patent grants,Applicant,12.33329963684082
Panama,2018,,2018,United States Patent and Trademark Office,Patent grants,Applicant,5.833300113677979
Panama,2019,,2019,European Patent Office,Patent applications,Inventor,3.0
Panama,2019,,2019,European Patent Office,Patent applications,Applicant,5.0
Panama,2019,,2019,European Patent Office,Patent grants,Inventor,0.5
Panama,2019,,2019,European Patent Office,Patent grants,Inventor,2.25
Panama,2019,,2019,European Patent Office,Patent grants,Applicant,1.5
Panama,2019,,2019,European Patent Office,Patent grants,Applicant,3.0
Panama,2019,,2019,World Intellectual Property Organization,Patent applications,Inventor,2.5
Panama,2019,,2019,World Intellectual Property Organization,Patent applications,Applicant,17.0
Panama,2019,,2019,United States Patent and Trademark Office,Patent applications,Inventor,5.800000190734863
Panama,2019,,2019,United States Patent and Trademark Office,Patent applications,Applicant,15.83329963684082
Panama,2019,,2019,United States Patent and Trademark Office,Patent grants,Inventor,2.666699886322021
Panama,2019,,2019,United States Patent and Trademark Office,Patent grants,Inventor,4.616700172424316
Panama,2019,,2019,United States Patent and Trademark Office,Patent grants,Applicant,6.0
Panama,2019,,2019,United States Patent and Trademark Office,Patent grants,Applicant,5.75
Panama,2020,,2020,European Patent Office,Patent applications,Inventor,0.449999988079071
Panama,2020,,2020,European Patent Office,Patent applications,Applicant,7.0
Panama,2020,,2020,European Patent Office,Patent grants,Inventor,0.0
Panama,2020,,2020,European Patent Office,Patent grants,Inventor,2.5
Panama,2020,,2020,European Patent Office,Patent grants,Applicant,0.0
Panama,2020,,2020,European Patent Office,Patent grants,Applicant,1.0
Panama,2020,,2020,World Intellectual Property Organization,Patent applications,Inventor,6.783299922943115
Panama,2020,,2020,World Intellectual Property Organization,Patent applications,Applicant,19.0
Panama,2020,,2020,United States Patent and Trademark Office,Patent applications,Inventor,5.187300205230713
Panama,2020,,2020,United States Patent and Trademark Office,Patent applications,Applicant,8.5
Panama,2020,,2020,United States Patent and Trademark Office,Patent grants,Inventor,2.809499979019165
Panama,2020,,2020,United States Patent and Trademark Office,Patent grants,Inventor,2.666699886322021
Panama,2020,,2020,United States Patent and Trademark Office,Patent grants,Applicant,2.0
Panama,2020,,2020,United States Patent and Trademark Office,Patent grants,Applicant,4.333300113677979
Panama,2021,,2021,European Patent Office,Patent applications,Inventor,1.0
Panama,2021,,2021,European Patent Office,Patent applications,Applicant,10.0
Panama,2021,,2021,European Patent Office,Patent grants,Inventor,1.5
Panama,2021,,2021,European Patent Office,Patent grants,Applicant,1.0
Panama,2021,,2021,World Intellectual Property Organization,Patent applications,Inventor,1.666700005531311
Panama,2021,,2021,World Intellectual Property Organization,Patent applications,Applicant,12.0
Panama,2021,,2021,United States Patent and Trademark Office,Patent applications,Inventor,6.394400119781494
Panama,2021,,2021,United States Patent and Trademark Office,Patent applications,Applicant,10.0
Panama,2021,,2021,United States Patent and Trademark Office,Patent grants,Inventor,4.359499931335449
Panama,2021,,2021,United States Patent and Trademark Office,Patent grants,Applicant,9.0
Peru,2018,,2018,European Patent Office,Patent applications,Inventor,5.583300113677979
Peru,2018,,2018,European Patent Office,Patent applications,Applicant,4.0
Peru,2018,,2018,European Patent Office,Patent grants,Inventor,0.0
Peru,2018,,2018,European Patent Office,Patent grants,Inventor,3.716700077056885
Peru,2018,,2018,European Patent Office,Patent grants,Applicant,0.0
Peru,2018,,2018,European Patent Office,Patent grants,Applicant,3.166699886322021
Peru,2018,,2018,World Intellectual Property Organization,Patent applications,Inventor,60.88570022583008
Peru,2018,,2018,World Intellectual Property Organization,Patent applications,Applicant,34.33330154418945
Peru,2018,,2018,United States Patent and Trademark Office,Patent applications,Inventor,29.76029968261719
Peru,2018,,2018,United States Patent and Trademark Office,Patent applications,Applicant,12.0
Peru,2018,,2018,United States Patent and Trademark Office,Patent grants,Inventor,13.59360027313232
Peru,2018,,2018,United States Patent and Trademark Office,Patent grants,Inventor,7.033299922943115
Peru,2018,,2018,United States Patent and Trademark Office,Patent grants,Applicant,5.0
Peru,2018,,2018,United States Patent and Trademark Office,Patent grants,Applicant,5.166699886322021
Peru,2019,,2019,European Patent Office,Patent applications,Inventor,3.0
Peru,2019,,2019,European Patent Office,Patent applications,Applicant,1.0
Peru,2019,,2019,European Patent Office,Patent grants,Inventor,0.5
Peru,2019,,2019,European Patent Office,Patent grants,Inventor,0.833299994468689
Peru,2019,,2019,European Patent Office,Patent grants,Applicant,0.0
Peru,2019,,2019,European Patent Office,Patent grants,Applicant,0.0
Peru,2019,,2019,World Intellectual Property Organization,Patent applications,Inventor,34.0
Peru,2019,,2019,World Intellectual Property Organization,Patent applications,Applicant,21.0
Peru,2019,,2019,United States Patent and Trademark Office,Patent applications,Inventor,16.33099937438965
Peru,2019,,2019,United States Patent and Trademark Office,Patent applications,Applicant,6.5
Peru,2019,,2019,United States Patent and Trademark Office,Patent grants,Inventor,7.330999851226807
Peru,2019,,2019,United States Patent and Trademark Office,Patent grants,Inventor,11.36030006408691
Peru,2019,,2019,United States Patent and Trademark Office,Patent grants,Applicant,2.0
Peru,2019,,2019,United States Patent and Trademark Office,Patent grants,Applicant,10.0
Peru,2020,,2020,European Patent Office,Patent applications,Inventor,5.154799938201904
Peru,2020,,2020,European Patent Office,Patent applications,Applicant,2.0
Peru,2020,,2020,European Patent Office,Patent grants,Inventor,0.0
Peru,2020,,2020,European Patent Office,Patent grants,Inventor,2.583300113677979
Peru,2020,,2020,European Patent Office,Patent grants,Applicant,0.0
Peru,2020,,2020,European Patent Office,Patent grants,Applicant,2.0
Peru,2020,,2020,World Intellectual Property Organization,Patent applications,Inventor,45.47140121459961
Peru,2020,,2020,World Intellectual Property Organization,Patent applications,Applicant,35.0
Peru,2020,,2020,United States Patent and Trademark Office,Patent applications,Inventor,14.66499996185303
Peru,2020,,2020,United States Patent and Trademark Office,Patent applications,Applicant,6.0
Peru,2020,,2020,United States Patent and Trademark Office,Patent grants,Inventor,0.8603000044822693
Peru,2020,,2020,United States Patent and Trademark Office,Patent grants,Inventor,10.72690010070801
Peru,2020,,2020,United States Patent and Trademark Office,Patent grants,Applicant,0.0
Peru,2020,,2020,United States Patent and Trademark Office,Patent grants,Applicant,6.666699886322021
Peru,2021,,2021,European Patent Office,Patent applications,Inventor,3.625
Peru,2021,,2021,European Patent Office,Patent applications,Applicant,1.5
Peru,2021,,2021,European Patent Office,Patent grants,Inventor,1.285699963569641
Peru,2021,,2021,European Patent Office,Patent grants,Applicant,1.0
Peru,2021,,2021,World Intellectual Property Organization,Patent applications,Inventor,37.71939849853516
Peru,2021,,2021,World Intellectual Property Organization,Patent applications,Applicant,30.83329963684082
Peru,2021,,2021,United States Patent and Trademark Office,Patent applications,Inventor,8.83329963684082
Peru,2021,,2021,United States Patent and Trademark Office,Patent applications,Applicant,5.142899990081787
Peru,2021,,2021,United States Patent and Trademark Office,Patent grants,Inventor,8.831000328063965
Peru,2021,,2021,United States Patent and Trademark Office,Patent grants,Applicant,2.5
Philippines,2018,,2018,European Patent Office,Patent applications,Inventor,9.142900466918945
Philippines,2018,,2018,European Patent Office,Patent applications,Applicant,0.0
Philippines,2018,,2018,European Patent Office,Patent grants,Inventor,2.25
Philippines,2018,,2018,European Patent Office,Patent grants,Inventor,10.81789970397949
Philippines,2018,,2018,European Patent Office,Patent grants,Applicant,0.0
Philippines,2018,,2018,European Patent Office,Patent grants,Applicant,6.5
Philippines,2018,,2018,World Intellectual Property Organization,Patent applications,Inventor,27.03730010986328
Philippines,2018,,2018,World Intellectual Property Organization,Patent applications,Applicant,18.0
Philippines,2018,,2018,United States Patent and Trademark Office,Patent applications,Inventor,110.7603988647461
Philippines,2018,,2018,United States Patent and Trademark Office,Patent applications,Applicant,23.63330078125
Philippines,2018,,2018,United States Patent and Trademark Office,Patent grants,Inventor,92.5634994506836
Philippines,2018,,2018,United States Patent and Trademark Office,Patent grants,Inventor,80.35600280761719
Philippines,2018,,2018,United States Patent and Trademark Office,Patent grants,Applicant,15.43330001831055
Philippines,2018,,2018,United States Patent and Trademark Office,Patent grants,Applicant,22.88730049133301
Philippines,2019,,2019,European Patent Office,Patent applications,Inventor,7.134500026702881
Philippines,2019,,2019,European Patent Office,Patent applications,Applicant,1.0
Philippines,2019,,2019,European Patent Office,Patent grants,Inventor,1.200000047683716
Philippines,2019,,2019,European Patent Office,Patent grants,Inventor,7.956999778747559
Philippines,2019,,2019,European Patent Office,Patent grants,Applicant,0.0
Philippines,2019,,2019,European Patent Office,Patent grants,Applicant,3.0
Philippines,2019,,2019,World Intellectual Property Organization,Patent applications,Inventor,27.64879989624023
Philippines,2019,,2019,World Intellectual Property Organization,Patent applications,Applicant,18.75
Philippines,2019,,2019,United States Patent and Trademark Office,Patent applications,Inventor,95.48169708251953
Philippines,2019,,2019,United States Patent and Trademark Office,Patent applications,Applicant,25.70000076293945
Philippines,2019,,2019,United States Patent and Trademark Office,Patent grants,Inventor,83.36270141601562
Philippines,2019,,2019,United States Patent and Trademark Office,Patent grants,Inventor,84.67620086669922
Philippines,2019,,2019,United States Patent and Trademark Office,Patent grants,Applicant,19.70000076293945
Philippines,2019,,2019,United States Patent and Trademark Office,Patent grants,Applicant,15.60000038146973
Philippines,2020,,2020,European Patent Office,Patent applications,Inventor,7.571400165557861
Philippines,2020,,2020,European Patent Office,Patent applications,Applicant,4.25
Philippines,2020,,2020,European Patent Office,Patent grants,Inventor,0.0
Philippines,2020,,2020,European Patent Office,Patent grants,Inventor,9.742899894714355
Philippines,2020,,2020,European Patent Office,Patent grants,Applicant,0.0
Philippines,2020,,2020,European Patent Office,Patent grants,Applicant,4.0
Philippines,2020,,2020,World Intellectual Property Organization,Patent applications,Inventor,34.84640121459961
Philippines,2020,,2020,World Intellectual Property Organization,Patent applications,Applicant,26.70000076293945
Philippines,2020,,2020,United States Patent and Trademark Office,Patent applications,Inventor,84.36940002441406
Philippines,2020,,2020,United States Patent and Trademark Office,Patent applications,Applicant,21.36669921875
Philippines,2020,,2020,United States Patent and Trademark Office,Patent grants,Inventor,56.64609909057617
Philippines,2020,,2020,United States Patent and Trademark Office,Patent grants,Inventor,78.90740203857422
Philippines,2020,,2020,United States Patent and Trademark Office,Patent grants,Applicant,8.0
Philippines,2020,,2020,United States Patent and Trademark Office,Patent grants,Applicant,15.85000038146973
Philippines,2021,,2021,European Patent Office,Patent applications,Inventor,10.91829967498779
Philippines,2021,,2021,European Patent Office,Patent applications,Applicant,1.0
Philippines,2021,,2021,European Patent Office,Patent grants,Inventor,4.148399829864502
Philippines,2021,,2021,European Patent Office,Patent grants,Applicant,6.5
Philippines,2021,,2021,World Intellectual Property Organization,Patent applications,Inventor,38.94290161132813
Philippines,2021,,2021,World Intellectual Property Organization,Patent applications,Applicant,28.89999961853027
Philippines,2021,,2021,United States Patent and Trademark Office,Patent applications,Inventor,99.67970275878906
Philippines,2021,,2021,United States Patent and Trademark Office,Patent applications,Applicant,23.50830078125
Philippines,2021,,2021,United States Patent and Trademark Office,Patent grants,Inventor,84.93299865722656
Philippines,2021,,2021,United States Patent and Trademark Office,Patent grants,Applicant,22.41670036315918
Puerto Rico,2018,,2018,European Patent Office,Patent applications,Inventor,5.102399826049805
Puerto Rico,2018,,2018,European Patent Office,Patent applications,Applicant,344.0
Puerto Rico,2018,,2018,European Patent Office,Patent grants,Inventor,2.666699886322021
Puerto Rico,2018,,2018,European Patent Office,Patent grants,Inventor,3.60260009765625
Puerto Rico,2018,,2018,European Patent Office,Patent grants,Applicant,104.0
Puerto Rico,2018,,2018,European Patent Office,Patent grants,Applicant,174.0
Puerto Rico,2018,,2018,World Intellectual Property Organization,Patent applications,Inventor,5.769000053405762
Puerto Rico,2018,,2018,World Intellectual Property Organization,Patent applications,Applicant,315.0
Puerto Rico,2018,,2018,United States Patent and Trademark Office,Patent applications,Inventor,0.75
Puerto Rico,2018,,2018,United States Patent and Trademark Office,Patent applications,Applicant,1.0
Puerto Rico,2018,,2018,United States Patent and Trademark Office,Patent grants,Inventor,0.0
Puerto Rico,2018,,2018,United States Patent and Trademark Office,Patent grants,Inventor,0.0
Puerto Rico,2018,,2018,United States Patent and Trademark Office,Patent grants,Applicant,0.0
Puerto Rico,2018,,2018,United States Patent and Trademark Office,Patent grants,Applicant,0.0
Puerto Rico,2019,,2019,European Patent Office,Patent applications,Inventor,3.5
Puerto Rico,2019,,2019,European Patent Office,Patent applications,Applicant,149.0
Puerto Rico,2019,,2019,European Patent Office,Patent grants,Inventor,1.0
Puerto Rico,2019,,2019,European Patent Office,Patent grants,Inventor,5.533299922943115
Puerto Rico,2019,,2019,European Patent Office,Patent grants,Applicant,40.0
Puerto Rico,2019,,2019,European Patent Office,Patent grants,Applicant,161.0
Puerto Rico,2019,,2019,World Intellectual Property Organization,Patent applications,Inventor,4.25
Puerto Rico,2019,,2019,World Intellectual Property Organization,Patent applications,Applicant,116.0
Puerto Rico,2019,,2019,United States Patent and Trademark Office,Patent applications,Inventor,0.78329998254776
Puerto Rico,2019,,2019,United States Patent and Trademark Office,Patent applications,Applicant,2.0
Puerto Rico,2019,,2019,United States Patent and Trademark Office,Patent grants,Inventor,0.0
Puerto Rico,2019,,2019,United States Patent and Trademark Office,Patent grants,Inventor,0.0
Puerto Rico,2019,,2019,United States Patent and Trademark Office,Patent grants,Applicant,0.0
Puerto Rico,2019,,2019,United States Patent and Trademark Office,Patent grants,Applicant,0.0
Puerto Rico,2020,,2020,European Patent Office,Patent applications,Inventor,8.607600212097168
Puerto Rico,2020,,2020,European Patent Office,Patent applications,Applicant,160.5
Puerto Rico,2020,,2020,European Patent Office,Patent grants,Inventor,0.5
Puerto Rico,2020,,2020,European Patent Office,Patent grants,Inventor,1.649999976158142
Puerto Rico,2020,,2020,European Patent Office,Patent grants,Applicant,10.0
Puerto Rico,2020,,2020,European Patent Office,Patent grants,Applicant,252.5
Puerto Rico,2020,,2020,World Intellectual Property Organization,Patent applications,Inventor,11.59090042114258
Puerto Rico,2020,,2020,World Intellectual Property Organization,Patent applications,Applicant,9.5
Puerto Rico,2020,,2020,United States Patent and Trademark Office,Patent applications,Inventor,3.25
Puerto Rico,2020,,2020,United States Patent and Trademark Office,Patent applications,Applicant,5.0
Puerto Rico,2020,,2020,United States Patent and Trademark Office,Patent grants,Inventor,0.25
Puerto Rico,2020,,2020,United States Patent and Trademark Office,Patent grants,Inventor,0.0
Puerto Rico,2020,,2020,United States Patent and Trademark Office,Patent grants,Applicant,0.0
Puerto Rico,2020,,2020,United States Patent and Trademark Office,Patent grants,Applicant,0.0
Puerto Rico,2021,,2021,European Patent Office,Patent applications,Inventor,7.099999904632568
Puerto Rico,2021,,2021,European Patent Office,Patent applications,Applicant,10.0
Puerto Rico,2021,,2021,European Patent Office,Patent grants,Inventor,3.444400072097778
Puerto Rico,2021,,2021,European Patent Office,Patent grants,Applicant,196.0
Puerto Rico,2021,,2021,World Intellectual Property Organization,Patent applications,Inventor,11.41310024261475
Puerto Rico,2021,,2021,World Intellectual Property Organization,Patent applications,Applicant,19.66670036315918
Puerto Rico,2021,,2021,United States Patent and Trademark Office,Patent applications,Inventor,4.5
Puerto Rico,2021,,2021,United States Patent and Trademark Office,Patent applications,Applicant,5.0
Puerto Rico,2021,,2021,United States Patent and Trademark Office,Patent grants,Inventor,0.25
Puerto Rico,2021,,2021,United States Patent and Trademark Office,Patent grants,Applicant,0.0
Romania,2018,,2018,European Patent Office,Patent applications,Inventor,137.6454925537109
Romania,2018,,2018,European Patent Office,Patent applications,Applicant,35.83330154418945
Romania,2018,,2018,European Patent Office,Patent grants,Inventor,57.66669845581055
Romania,2018,,2018,European Patent Office,Patent grants,Inventor,43.96070098876953
Romania,2018,,2018,European Patent Office,Patent grants,Applicant,13.5
Romania,2018,,2018,European Patent Office,Patent grants,Applicant,9.045499801635742
Romania,2018,,2018,World Intellectual Property Organization,Patent applications,Inventor,80.82640075683594
Romania,2018,,2018,World Intellectual Property Organization,Patent applications,Applicant,29.33329963684082
Romania,2018,,2018,United States Patent and Trademark Office,Patent applications,Inventor,113.3031997680664
Romania,2018,,2018,United States Patent and Trademark Office,Patent applications,Applicant,12.44999980926514
Romania,2018,,2018,United States Patent and Trademark Office,Patent grants,Inventor,97.95279693603516
Romania,2018,,2018,United States Patent and Trademark Office,Patent grants,Inventor,98.16230010986328
Romania,2018,,2018,United States Patent and Trademark Office,Patent grants,Applicant,6.033299922943115
Romania,2018,,2018,United States Patent and Trademark Office,Patent grants,Applicant,14.63449954986572
Romania,2019,,2019,European Patent Office,Patent applications,Inventor,108.8511962890625
Romania,2019,,2019,European Patent Office,Patent applications,Applicant,41.83330154418945
Romania,2019,,2019,European Patent Office,Patent grants,Inventor,35.90000152587891
Romania,2019,,2019,European Patent Office,Patent grants,Inventor,67.38770294189453
Romania,2019,,2019,European Patent Office,Patent grants,Applicant,12.0
Romania,2019,,2019,European Patent Office,Patent grants,Applicant,14.33329963684082
Romania,2019,,2019,World Intellectual Property Organization,Patent applications,Inventor,76.67230224609375
Romania,2019,,2019,World Intellectual Property Organization,Patent applications,Applicant,34.33330154418945
Romania,2019,,2019,United States Patent and Trademark Office,Patent applications,Inventor,124.507698059082
Romania,2019,,2019,United States Patent and Trademark Office,Patent applications,Applicant,23.5
Romania,2019,,2019,United States Patent and Trademark Office,Patent grants,Inventor,99.83380126953125
Romania,2019,,2019,United States Patent and Trademark Office,Patent grants,Inventor,106.9936981201172
Romania,2019,,2019,United States Patent and Trademark Office,Patent grants,Applicant,9.83329963684082
Romania,2019,,2019,United States Patent and Trademark Office,Patent grants,Applicant,7.771399974822998
Romania,2020,,2020,European Patent Office,Patent applications,Inventor,86.84220123291016
Romania,2020,,2020,European Patent Office,Patent applications,Applicant,50.0
Romania,2020,,2020,European Patent Office,Patent grants,Inventor,13.36670017242432
Romania,2020,,2020,European Patent Office,Patent grants,Inventor,81.98169708251953
Romania,2020,,2020,European Patent Office,Patent grants,Applicant,10.5
Romania,2020,,2020,European Patent Office,Patent grants,Applicant,23.25
Romania,2020,,2020,World Intellectual Property Organization,Patent applications,Inventor,60.4838981628418
Romania,2020,,2020,World Intellectual Property Organization,Patent applications,Applicant,34.16669845581055
Romania,2020,,2020,United States Patent and Trademark Office,Patent applications,Inventor,124.8733978271484
Romania,2020,,2020,United States Patent and Trademark Office,Patent applications,Applicant,18.29170036315918
Romania,2020,,2020,United States Patent and Trademark Office,Patent grants,Inventor,85.25370025634766
Romania,2020,,2020,United States Patent and Trademark Office,Patent grants,Inventor,114.7929000854492
Romania,2020,,2020,United States Patent and Trademark Office,Patent grants,Applicant,6.166699886322021
Romania,2020,,2020,United States Patent and Trademark Office,Patent grants,Applicant,6.519000053405762
Romania,2021,,2021,European Patent Office,Patent applications,Inventor,47.35480117797852
Romania,2021,,2021,European Patent Office,Patent applications,Applicant,20.0
Romania,2021,,2021,European Patent Office,Patent grants,Inventor,71.08329772949219
Romania,2021,,2021,European Patent Office,Patent grants,Applicant,11.5
Romania,2021,,2021,World Intellectual Property Organization,Patent applications,Inventor,71.62460327148438
Romania,2021,,2021,World Intellectual Property Organization,Patent applications,Applicant,27.5
Romania,2021,,2021,United States Patent and Trademark Office,Patent applications,Inventor,146.8948974609375
Romania,2021,,2021,United States Patent and Trademark Office,Patent applications,Applicant,15.78330039978027
Romania,2021,,2021,United States Patent and Trademark Office,Patent grants,Inventor,110.3224029541016
Romania,2021,,2021,United States Patent and Trademark Office,Patent grants,Applicant,18.31900024414063
Russia,2018,,2018,European Patent Office,Patent applications,Inventor,354.1328125
Russia,2018,,2018,European Patent Office,Patent applications,Applicant,225.2476043701172
Russia,2018,,2018,European Patent Office,Patent grants,Inventor,107.9448013305664
Russia,2018,,2018,European Patent Office,Patent grants,Inventor,258.4653930664063
Russia,2018,,2018,European Patent Office,Patent grants,Applicant,65.33329772949219
Russia,2018,,2018,European Patent Office,Patent grants,Applicant,159.8000030517578
Russia,2018,,2018,World Intellectual Property Organization,Patent applications,Inventor,1077.16064453125
Russia,2018,,2018,World Intellectual Property Organization,Patent applications,Applicant,915.9810180664062
Russia,2018,,2018,United States Patent and Trademark Office,Patent applications,Inventor,749.9946899414062
Russia,2018,,2018,United States Patent and Trademark Office,Patent applications,Applicant,361.5905151367188
Russia,2018,,2018,United States Patent and Trademark Office,Patent grants,Inventor,556.9177856445312
Russia,2018,,2018,United States Patent and Trademark Office,Patent grants,Inventor,562.4227294921875
Russia,2018,,2018,United States Patent and Trademark Office,Patent grants,Applicant,211.11669921875
Russia,2018,,2018,United States Patent and Trademark Office,Patent grants,Applicant,234.1607055664063
Russia,2019,,2019,European Patent Office,Patent applications,Inventor,329.6957092285156
Russia,2019,,2019,European Patent Office,Patent applications,Applicant,235.1667022705078
Russia,2019,,2019,European Patent Office,Patent grants,Inventor,57.07059860229492
Russia,2019,,2019,European Patent Office,Patent grants,Inventor,223.3957977294922
Russia,2019,,2019,European Patent Office,Patent grants,Applicant,39.83330154418945
Russia,2019,,2019,European Patent Office,Patent grants,Applicant,130.375
Russia,2019,,2019,World Intellectual Property Organization,Patent applications,Inventor,1184.685791015625
Russia,2019,,2019,World Intellectual Property Organization,Patent applications,Applicant,1054.800048828125
Russia,2019,,2019,United States Patent and Trademark Office,Patent applications,Inventor,824.7611083984375
Russia,2019,,2019,United States Patent and Trademark Office,Patent applications,Applicant,371.9446105957031
Russia,2019,,2019,United States Patent and Trademark Office,Patent grants,Inventor,565.4276123046875
Russia,2019,,2019,United States Patent and Trademark Office,Patent grants,Inventor,624.0499267578125
Russia,2019,,2019,United States Patent and Trademark Office,Patent grants,Applicant,166.1000061035156
Russia,2019,,2019,United States Patent and Trademark Office,Patent grants,Applicant,222.3943939208984
Russia,2020,,2020,European Patent Office,Patent applications,Inventor,334.6159973144531
Russia,2020,,2020,European Patent Office,Patent applications,Applicant,245.5832977294922
Russia,2020,,2020,European Patent Office,Patent grants,Inventor,24.9143009185791
Russia,2020,,2020,European Patent Office,Patent grants,Inventor,227.8894958496094
Russia,2020,,2020,European Patent Office,Patent grants,Applicant,23.0
Russia,2020,,2020,European Patent Office,Patent grants,Applicant,137.86669921875
Russia,2020,,2020,World Intellectual Property Organization,Patent applications,Inventor,1121.41845703125
Russia,2020,,2020,World Intellectual Property Organization,Patent applications,Applicant,953.2476196289062
Russia,2020,,2020,United States Patent and Trademark Office,Patent applications,Inventor,785.3184204101562
Russia,2020,,2020,United States Patent and Trademark Office,Patent applications,Applicant,321.2070922851563
Russia,2020,,2020,United States Patent and Trademark Office,Patent grants,Inventor,427.0750122070313
Russia,2020,,2020,United States Patent and Trademark Office,Patent grants,Inventor,683.5220947265625
Russia,2020,,2020,United States Patent and Trademark Office,Patent grants,Applicant,105.6832962036133
Russia,2020,,2020,United States Patent and Trademark Office,Patent grants,Applicant,247.8047943115234
Russia,2021,,2021,European Patent Office,Patent applications,Inventor,157.7566070556641
Russia,2021,,2021,European Patent Office,Patent applications,Applicant,95.83329772949219
Russia,2021,,2021,European Patent Office,Patent grants,Inventor,187.2205963134766
Russia,2021,,2021,European Patent Office,Patent grants,Applicant,107.0
Russia,2021,,2021,World Intellectual Property Organization,Patent applications,Inventor,1096.217895507813
Russia,2021,,2021,World Intellectual Property Organization,Patent applications,Applicant,900.8428955078125
Russia,2021,,2021,United States Patent and Trademark Office,Patent applications,Inventor,582.5003051757812
Russia,2021,,2021,United States Patent and Trademark Office,Patent applications,Applicant,199.3404998779297
Russia,2021,,2021,United States Patent and Trademark Office,Patent grants,Inventor,654.9315185546875
Russia,2021,,2021,United States Patent and Trademark Office,Patent grants,Applicant,218.3634948730469
Saudi Arabia,2018,,2018,European Patent Office,Patent applications,Inventor,502.7102966308594
Saudi Arabia,2018,,2018,European Patent Office,Patent applications,Applicant,508.6666870117188
Saudi Arabia,2018,,2018,European Patent Office,Patent grants,Inventor,132.4134979248047
Saudi Arabia,2018,,2018,European Patent Office,Patent grants,Inventor,122.8235015869141
Saudi Arabia,2018,,2018,European Patent Office,Patent grants,Applicant,133.3332977294922
Saudi Arabia,2018,,2018,European Patent Office,Patent grants,Applicant,143.2651977539063
Saudi Arabia,2018,,2018,World Intellectual Property Organization,Patent applications,Inventor,658.55712890625
Saudi Arabia,2018,,2018,World Intellectual Property Organization,Patent applications,Applicant,637.5
Saudi Arabia,2018,,2018,United States Patent and Trademark Office,Patent applications,Inventor,1029.230590820313
Saudi Arabia,2018,,2018,United States Patent and Trademark Office,Patent applications,Applicant,1121.833251953125
Saudi Arabia,2018,,2018,United States Patent and Trademark Office,Patent grants,Inventor,995.4179077148438
Saudi Arabia,2018,,2018,United States Patent and Trademark Office,Patent grants,Inventor,667.3856811523438
Saudi Arabia,2018,,2018,United States Patent and Trademark Office,Patent grants,Applicant,1117.611083984375
Saudi Arabia,2018,,2018,United States Patent and Trademark Office,Patent grants,Applicant,734.524169921875
Saudi Arabia,2019,,2019,European Patent Office,Patent applications,Inventor,350.3651123046875
Saudi Arabia,2019,,2019,European Patent Office,Patent applications,Applicant,341.8333129882813
Saudi Arabia,2019,,2019,European Patent Office,Patent grants,Inventor,74.4761962890625
Saudi Arabia,2019,,2019,European Patent Office,Patent grants,Inventor,165.0771942138672
Saudi Arabia,2019,,2019,European Patent Office,Patent grants,Applicant,71.0
Saudi Arabia,2019,,2019,European Patent Office,Patent grants,Applicant,181.5832977294922
Saudi Arabia,2019,,2019,World Intellectual Property Organization,Patent applications,Inventor,544.9552001953125
Saudi Arabia,2019,,2019,World Intellectual Property Organization,Patent applications,Applicant,529.9166870117188
Saudi Arabia,2019,,2019,United States Patent and Trademark Office,Patent applications,Inventor,1384.939331054688
Saudi Arabia,2019,,2019,United States Patent and Trademark Office,Patent applications,Applicant,1509.958251953125
Saudi Arabia,2019,,2019,United States Patent and Trademark Office,Patent grants,Inventor,1257.236938476563
Saudi Arabia,2019,,2019,United States Patent and Trademark Office,Patent grants,Inventor,910.4351196289062
Saudi Arabia,2019,,2019,United States Patent and Trademark Office,Patent grants,Applicant,1401.208251953125
Saudi Arabia,2019,,2019,United States Patent and Trademark Office,Patent grants,Applicant,1008.695190429688
Saudi Arabia,2020,,2020,European Patent Office,Patent applications,Inventor,242.2555999755859
Saudi Arabia,2020,,2020,European Patent Office,Patent applications,Applicant,253.5
Saudi Arabia,2020,,2020,European Patent Office,Patent grants,Inventor,15.375
Saudi Arabia,2020,,2020,European Patent Office,Patent grants,Inventor,177.3480072021484
Saudi Arabia,2020,,2020,European Patent Office,Patent grants,Applicant,16.5
Saudi Arabia,2020,,2020,European Patent Office,Patent grants,Applicant,178.0
Saudi Arabia,2020,,2020,World Intellectual Property Organization,Patent applications,Inventor,903.8472290039062
Saudi Arabia,2020,,2020,World Intellectual Property Organization,Patent applications,Applicant,940.5833129882812
Saudi Arabia,2020,,2020,United States Patent and Trademark Office,Patent applications,Inventor,1301.695556640625
Saudi Arabia,2020,,2020,United States Patent and Trademark Office,Patent applications,Applicant,1427.983276367188
Saudi Arabia,2020,,2020,United States Patent and Trademark Office,Patent grants,Inventor,1116.631469726563
Saudi Arabia,2020,,2020,United States Patent and Trademark Office,Patent grants,Inventor,963.9818725585938
Saudi Arabia,2020,,2020,United States Patent and Trademark Office,Patent grants,Applicant,1251.316650390625
Saudi Arabia,2020,,2020,United States Patent and Trademark Office,Patent grants,Applicant,1047.539672851563
Saudi Arabia,2021,,2021,European Patent Office,Patent applications,Inventor,139.49169921875
Saudi Arabia,2021,,2021,European Patent Office,Patent applications,Applicant,140.1667022705078
Saudi Arabia,2021,,2021,European Patent Office,Patent grants,Inventor,186.7476959228516
Saudi Arabia,2021,,2021,European Patent Office,Patent grants,Applicant,183.1667022705078
Saudi Arabia,2021,,2021,World Intellectual Property Organization,Patent applications,Inventor,727.5961303710938
Saudi Arabia,2021,,2021,World Intellectual Property Organization,Patent applications,Applicant,791.0936889648438
Saudi Arabia,2021,,2021,United States Patent and Trademark Office,Patent applications,Inventor,1285.488891601563
Saudi Arabia,2021,,2021,United States Patent and Trademark Office,Patent applications,Applicant,1428.373779296875
Saudi Arabia,2021,,2021,United States Patent and Trademark Office,Patent grants,Inventor,1230.84619140625
Saudi Arabia,2021,,2021,United States Patent and Trademark Office,Patent grants,Applicant,1330.108642578125
Seychelles,2018,,2018,European Patent Office,Patent applications,Inventor,1.0
Seychelles,2018,,2018,European Patent Office,Patent applications,Applicant,3.0
Seychelles,2018,,2018,European Patent Office,Patent grants,Inventor,0.0
Seychelles,2018,,2018,European Patent Office,Patent grants,Inventor,1.333299994468689
Seychelles,2018,,2018,European Patent Office,Patent grants,Applicant,1.0
Seychelles,2018,,2018,European Patent Office,Patent grants,Applicant,7.0
Seychelles,2018,,2018,World Intellectual Property Organization,Patent applications,Inventor,2.0
Seychelles,2018,,2018,World Intellectual Property Organization,Patent applications,Applicant,2.5
Seychelles,2018,,2018,United States Patent and Trademark Office,Patent applications,Inventor,2.0
Seychelles,2018,,2018,United States Patent and Trademark Office,Patent applications,Applicant,21.5
Seychelles,2018,,2018,United States Patent and Trademark Office,Patent grants,Inventor,0.0
Seychelles,2018,,2018,United States Patent and Trademark Office,Patent grants,Inventor,2.0
Seychelles,2018,,2018,United States Patent and Trademark Office,Patent grants,Applicant,18.5
Seychelles,2018,,2018,United States Patent and Trademark Office,Patent grants,Applicant,12.5
Seychelles,2019,,2019,European Patent Office,Patent applications,Inventor,0.0
Seychelles,2019,,2019,European Patent Office,Patent applications,Applicant,1.0
Seychelles,2019,,2019,European Patent Office,Patent grants,Inventor,0.0
Seychelles,2019,,2019,European Patent Office,Patent grants,Inventor,1.0
Seychelles,2019,,2019,European Patent Office,Patent grants,Applicant,0.0
Seychelles,2019,,2019,European Patent Office,Patent grants,Applicant,7.0
Seychelles,2019,,2019,World Intellectual Property Organization,Patent applications,Inventor,0.0
Seychelles,2019,,2019,World Intellectual Property Organization,Patent applications,Applicant,1.0
Seychelles,2019,,2019,United States Patent and Trademark Office,Patent applications,Inventor,1.866700053215027
Seychelles,2019,,2019,United States Patent and Trademark Office,Patent applications,Applicant,10.5
Seychelles,2019,,2019,United States Patent and Trademark Office,Patent grants,Inventor,0.8666999936103821
Seychelles,2019,,2019,United States Patent and Trademark Office,Patent grants,Inventor,0.0
Seychelles,2019,,2019,United States Patent and Trademark Office,Patent grants,Applicant,9.5
Seychelles,2019,,2019,United States Patent and Trademark Office,Patent grants,Applicant,16.0
Seychelles,2020,,2020,European Patent Office,Patent applications,Inventor,2.0
Seychelles,2020,,2020,European Patent Office,Patent applications,Applicant,5.0
Seychelles,2020,,2020,European Patent Office,Patent grants,Inventor,0.0
Seychelles,2020,,2020,European Patent Office,Patent grants,Inventor,4.333300113677979
Seychelles,2020,,2020,European Patent Office,Patent grants,Applicant,1.0
Seychelles,2020,,2020,European Patent Office,Patent grants,Applicant,5.0
Seychelles,2020,,2020,World Intellectual Property Organization,Patent applications,Inventor,2.0
Seychelles,2020,,2020,World Intellectual Property Organization,Patent applications,Applicant,4.0
Seychelles,2020,,2020,United States Patent and Trademark Office,Patent applications,Inventor,3.033299922943115
Seychelles,2020,,2020,United States Patent and Trademark Office,Patent applications,Applicant,11.0
Seychelles,2020,,2020,United States Patent and Trademark Office,Patent grants,Inventor,0.2000000029802322
Seychelles,2020,,2020,United States Patent and Trademark Office,Patent grants,Inventor,3.642899990081787
Seychelles,2020,,2020,United States Patent and Trademark Office,Patent grants,Applicant,5.0
Seychelles,2020,,2020,United States Patent and Trademark Office,Patent grants,Applicant,23.5
Seychelles,2021,,2021,European Patent Office,Patent applications,Inventor,1.0
Seychelles,2021,,2021,European Patent Office,Patent applications,Applicant,2.0
Seychelles,2021,,2021,European Patent Office,Patent grants,Inventor,1.0
Seychelles,2021,,2021,European Patent Office,Patent grants,Applicant,4.0
Seychelles,2021,,2021,World Intellectual Property Organization,Patent applications,Inventor,2.0
Seychelles,2021,,2021,World Intellectual Property Organization,Patent applications,Applicant,3.0
Seychelles,2021,,2021,United States Patent and Trademark Office,Patent applications,Inventor,2.799999952316284
Seychelles,2021,,2021,United States Patent and Trademark Office,Patent applications,Applicant,6.5
Seychelles,2021,,2021,United States Patent and Trademark Office,Patent grants,Inventor,0.2000000029802322
Seychelles,2021,,2021,United States Patent and Trademark Office,Patent grants,Applicant,12.5
Singapore,2018,,2018,European Patent Office,Patent applications,Inventor,372.4981994628906
Singapore,2018,,2018,European Patent Office,Patent applications,Applicant,525.5078735351562
Singapore,2018,,2018,European Patent Office,Patent grants,Inventor,88.71420288085938
Singapore,2018,,2018,European Patent Office,Patent grants,Inventor,226.8708953857422
Singapore,2018,,2018,European Patent Office,Patent grants,Applicant,152.952392578125
Singapore,2018,,2018,European Patent Office,Patent grants,Applicant,402.8333129882813
Singapore,2018,,2018,World Intellectual Property Organization,Patent applications,Inventor,850.0609130859375
Singapore,2018,,2018,World Intellectual Property Organization,Patent applications,Applicant,922.2857055664062
Singapore,2018,,2018,United States Patent and Trademark Office,Patent applications,Inventor,1201.989501953125
Singapore,2018,,2018,United States Patent and Trademark Office,Patent applications,Applicant,1812.101196289063
Singapore,2018,,2018,United States Patent and Trademark Office,Patent grants,Inventor,904.3460083007812
Singapore,2018,,2018,United States Patent and Trademark Office,Patent grants,Inventor,973.0684814453125
Singapore,2018,,2018,United States Patent and Trademark Office,Patent grants,Applicant,1458.091674804688
Singapore,2018,,2018,United States Patent and Trademark Office,Patent grants,Applicant,1531.734130859375
Singapore,2019,,2019,European Patent Office,Patent applications,Inventor,375.39111328125
Singapore,2019,,2019,European Patent Office,Patent applications,Applicant,569.9500122070312
Singapore,2019,,2019,European Patent Office,Patent grants,Inventor,37.72100067138672
Singapore,2019,,2019,European Patent Office,Patent grants,Inventor,247.6943969726563
Singapore,2019,,2019,European Patent Office,Patent grants,Applicant,84.0
Singapore,2019,,2019,European Patent Office,Patent grants,Applicant,442.0
Singapore,2019,,2019,World Intellectual Property Organization,Patent applications,Inventor,973.8795166015625
Singapore,2019,,2019,World Intellectual Property Organization,Patent applications,Applicant,1389.20947265625
Singapore,2019,,2019,United States Patent and Trademark Office,Patent applications,Inventor,1365.519653320313
Singapore,2019,,2019,United States Patent and Trademark Office,Patent applications,Applicant,2381.122314453125
Singapore,2019,,2019,United States Patent and Trademark Office,Patent grants,Inventor,829.5054931640625
Singapore,2019,,2019,United States Patent and Trademark Office,Patent grants,Inventor,1113.468994140625
Singapore,2019,,2019,United States Patent and Trademark Office,Patent grants,Applicant,1748.416748046875
Singapore,2019,,2019,United States Patent and Trademark Office,Patent grants,Applicant,1813.375
Singapore,2020,,2020,European Patent Office,Patent applications,Inventor,462.9693908691406
Singapore,2020,,2020,European Patent Office,Patent applications,Applicant,741.9166870117188
Singapore,2020,,2020,European Patent Office,Patent grants,Inventor,25.10829925537109
Singapore,2020,,2020,European Patent Office,Patent grants,Inventor,260.0267028808594
Singapore,2020,,2020,European Patent Office,Patent grants,Applicant,63.5
Singapore,2020,,2020,European Patent Office,Patent grants,Applicant,443.9166870117188
Singapore,2020,,2020,World Intellectual Property Organization,Patent applications,Inventor,1024.345458984375
Singapore,2020,,2020,World Intellectual Property Organization,Patent applications,Applicant,1543.083251953125
Singapore,2020,,2020,United States Patent and Trademark Office,Patent applications,Inventor,1463.96337890625
Singapore,2020,,2020,United States Patent and Trademark Office,Patent applications,Applicant,2283.22509765625
Singapore,2020,,2020,United States Patent and Trademark Office,Patent grants,Inventor,753.9337158203125
Singapore,2020,,2020,United States Patent and Trademark Office,Patent grants,Inventor,1035.10546875
Singapore,2020,,2020,United States Patent and Trademark Office,Patent grants,Applicant,1272.333251953125
Singapore,2020,,2020,United States Patent and Trademark Office,Patent grants,Applicant,1782.013061523438
Singapore,2021,,2021,European Patent Office,Patent applications,Inventor,356.7885131835938
Singapore,2021,,2021,European Patent Office,Patent applications,Applicant,692.75
Singapore,2021,,2021,European Patent Office,Patent grants,Inventor,212.4651947021484
Singapore,2021,,2021,European Patent Office,Patent grants,Applicant,323.5833129882813
Singapore,2021,,2021,World Intellectual Property Organization,Patent applications,Inventor,1238.562866210938
Singapore,2021,,2021,World Intellectual Property Organization,Patent applications,Applicant,1727.783325195313
Singapore,2021,,2021,United States Patent and Trademark Office,Patent applications,Inventor,1284.102294921875
Singapore,2021,,2021,United States Patent and Trademark Office,Patent applications,Applicant,1739.77978515625
Singapore,2021,,2021,United States Patent and Trademark Office,Patent grants,Inventor,993.6942138671875
Singapore,2021,,2021,United States Patent and Trademark Office,Patent grants,Applicant,1731.125
South Africa,2018,,2018,European Patent Office,Patent applications,Inventor,100.1344985961914
South Africa,2018,,2018,European Patent Office,Patent applications,Applicant,87.25
South Africa,2018,,2018,European Patent Office,Patent grants,Inventor,33.14289855957031
South Africa,2018,,2018,European Patent Office,Patent grants,Inventor,96.38670349121094
South Africa,2018,,2018,European Patent Office,Patent grants,Applicant,29.5
South Africa,2018,,2018,European Patent Office,Patent grants,Applicant,73.83329772949219
South Africa,2018,,2018,World Intellectual Property Organization,Patent applications,Inventor,278.8095092773438
South Africa,2018,,2018,World Intellectual Property Organization,Patent applications,Applicant,259.75
South Africa,2018,,2018,United States Patent and Trademark Office,Patent applications,Inventor,186.5052032470703
South Africa,2018,,2018,United States Patent and Trademark Office,Patent applications,Applicant,137.5832977294922
South Africa,2018,,2018,United States Patent and Trademark Office,Patent grants,Inventor,109.8043975830078
South Africa,2018,,2018,United States Patent and Trademark Office,Patent grants,Inventor,152.2183074951172
South Africa,2018,,2018,United States Patent and Trademark Office,Patent grants,Applicant,67.86669921875
South Africa,2018,,2018,United States Patent and Trademark Office,Patent grants,Applicant,102.8332977294922
South Africa,2019,,2019,European Patent Office,Patent applications,Inventor,115.8332977294922
South Africa,2019,,2019,European Patent Office,Patent applications,Applicant,91.5
South Africa,2019,,2019,European Patent Office,Patent grants,Inventor,28.13330078125
South Africa,2019,,2019,European Patent Office,Patent grants,Inventor,83.59049987792969
South Africa,2019,,2019,European Patent Office,Patent grants,Applicant,23.0
South Africa,2019,,2019,European Patent Office,Patent grants,Applicant,71.0
South Africa,2019,,2019,World Intellectual Property Organization,Patent applications,Inventor,306.1440124511719
South Africa,2019,,2019,World Intellectual Property Organization,Patent applications,Applicant,264.9833068847656
South Africa,2019,,2019,United States Patent and Trademark Office,Patent applications,Inventor,210.3397979736328
South Africa,2019,,2019,United States Patent and Trademark Office,Patent applications,Applicant,137.7095031738281
South Africa,2019,,2019,United States Patent and Trademark Office,Patent grants,Inventor,98.6719970703125
South Africa,2019,,2019,United States Patent and Trademark Office,Patent grants,Inventor,192.4864959716797
South Africa,2019,,2019,United States Patent and Trademark Office,Patent grants,Applicant,41.06669998168945
South Africa,2019,,2019,United States Patent and Trademark Office,Patent grants,Applicant,116.9000015258789
South Africa,2020,,2020,European Patent Office,Patent applications,Inventor,102.6987991333008
South Africa,2020,,2020,European Patent Office,Patent applications,Applicant,79.0
South Africa,2020,,2020,European Patent Office,Patent grants,Inventor,10.91670036315918
South Africa,2020,,2020,European Patent Office,Patent grants,Inventor,95.17549896240234
South Africa,2020,,2020,European Patent Office,Patent grants,Applicant,9.0
South Africa,2020,,2020,European Patent Office,Patent grants,Applicant,81.83329772949219
South Africa,2020,,2020,World Intellectual Property Organization,Patent applications,Inventor,248.5321044921875
South Africa,2020,,2020,World Intellectual Property Organization,Patent applications,Applicant,222.5
South Africa,2020,,2020,United States Patent and Trademark Office,Patent applications,Inventor,197.3916931152344
South Africa,2020,,2020,United States Patent and Trademark Office,Patent applications,Applicant,119.75
South Africa,2020,,2020,United States Patent and Trademark Office,Patent grants,Inventor,63.05030059814453
South Africa,2020,,2020,United States Patent and Trademark Office,Patent grants,Inventor,158.9949035644531
South Africa,2020,,2020,United States Patent and Trademark Office,Patent grants,Applicant,21.5
South Africa,2020,,2020,United States Patent and Trademark Office,Patent grants,Applicant,97.83809661865234
South Africa,2021,,2021,European Patent Office,Patent applications,Inventor,81.58889770507812
South Africa,2021,,2021,European Patent Office,Patent applications,Applicant,65.0
South Africa,2021,,2021,European Patent Office,Patent grants,Inventor,58.82619857788086
South Africa,2021,,2021,European Patent Office,Patent grants,Applicant,51.0
South Africa,2021,,2021,World Intellectual Property Organization,Patent applications,Inventor,249.4833068847656
South Africa,2021,,2021,World Intellectual Property Organization,Patent applications,Applicant,221.3332977294922
South Africa,2021,,2021,United States Patent and Trademark Office,Patent applications,Inventor,125.0822982788086
South Africa,2021,,2021,United States Patent and Trademark Office,Patent applications,Applicant,81.5
South Africa,2021,,2021,United States Patent and Trademark Office,Patent grants,Inventor,128.8072967529297
South Africa,2021,,2021,United States Patent and Trademark Office,Patent grants,Applicant,69.5
Sri Lanka,2018,,2018,European Patent Office,Patent applications,Inventor,8.625
Sri Lanka,2018,,2018,European Patent Office,Patent applications,Applicant,5.0
Sri Lanka,2018,,2018,European Patent Office,Patent grants,Inventor,3.0
Sri Lanka,2018,,2018,European Patent Office,Patent grants,Inventor,3.950000047683716
Sri Lanka,2018,,2018,European Patent Office,Patent grants,Applicant,3.0
Sri Lanka,2018,,2018,European Patent Office,Patent grants,Applicant,1.0
Sri Lanka,2018,,2018,World Intellectual Property Organization,Patent applications,Inventor,23.47620010375977
Sri Lanka,2018,,2018,World Intellectual Property Organization,Patent applications,Applicant,16.0
Sri Lanka,2018,,2018,United States Patent and Trademark Office,Patent applications,Inventor,14.82619953155518
Sri Lanka,2018,,2018,United States Patent and Trademark Office,Patent applications,Applicant,7.0
Sri Lanka,2018,,2018,United States Patent and Trademark Office,Patent grants,Inventor,5.877799987792969
Sri Lanka,2018,,2018,United States Patent and Trademark Office,Patent grants,Inventor,7.892899990081787
Sri Lanka,2018,,2018,United States Patent and Trademark Office,Patent grants,Applicant,3.0
Sri Lanka,2018,,2018,United States Patent and Trademark Office,Patent grants,Applicant,5.0
Sri Lanka,2019,,2019,European Patent Office,Patent applications,Inventor,6.842899799346924
Sri Lanka,2019,,2019,European Patent Office,Patent applications,Applicant,2.0
Sri Lanka,2019,,2019,European Patent Office,Patent grants,Inventor,1.5
Sri Lanka,2019,,2019,European Patent Office,Patent grants,Inventor,4.142899990081787
Sri Lanka,2019,,2019,European Patent Office,Patent grants,Applicant,1.0
Sri Lanka,2019,,2019,European Patent Office,Patent grants,Applicant,3.0
Sri Lanka,2019,,2019,World Intellectual Property Organization,Patent applications,Inventor,16.34289932250977
Sri Lanka,2019,,2019,World Intellectual Property Organization,Patent applications,Applicant,11.0
Sri Lanka,2019,,2019,United States Patent and Trademark Office,Patent applications,Inventor,10.4286003112793
Sri Lanka,2019,,2019,United States Patent and Trademark Office,Patent applications,Applicant,6.0
Sri Lanka,2019,,2019,United States Patent and Trademark Office,Patent grants,Inventor,6.085700035095215
Sri Lanka,2019,,2019,United States Patent and Trademark Office,Patent grants,Inventor,12.31900024414063
Sri Lanka,2019,,2019,United States Patent and Trademark Office,Patent grants,Applicant,3.0
Sri Lanka,2019,,2019,United States Patent and Trademark Office,Patent grants,Applicant,7.0
Sri Lanka,2020,,2020,European Patent Office,Patent applications,Inventor,14.98330020904541
Sri Lanka,2020,,2020,European Patent Office,Patent applications,Applicant,5.0
Sri Lanka,2020,,2020,European Patent Office,Patent grants,Inventor,3.0
Sri Lanka,2020,,2020,European Patent Office,Patent grants,Inventor,2.216700077056885
Sri Lanka,2020,,2020,European Patent Office,Patent grants,Applicant,2.0
Sri Lanka,2020,,2020,European Patent Office,Patent grants,Applicant,1.0
Sri Lanka,2020,,2020,World Intellectual Property Organization,Patent applications,Inventor,27.4778003692627
Sri Lanka,2020,,2020,World Intellectual Property Organization,Patent applications,Applicant,19.33329963684082
Sri Lanka,2020,,2020,United States Patent and Trademark Office,Patent applications,Inventor,22.55990028381348
Sri Lanka,2020,,2020,United States Patent and Trademark Office,Patent applications,Applicant,7.0
Sri Lanka,2020,,2020,United States Patent and Trademark Office,Patent grants,Inventor,6.701600074768066
Sri Lanka,2020,,2020,United States Patent and Trademark Office,Patent grants,Inventor,8.274999618530273
Sri Lanka,2020,,2020,United States Patent and Trademark Office,Patent grants,Applicant,2.0
Sri Lanka,2020,,2020,United States Patent and Trademark Office,Patent grants,Applicant,4.099999904632568
Sri Lanka,2021,,2021,European Patent Office,Patent applications,Inventor,6.599999904632568
Sri Lanka,2021,,2021,European Patent Office,Patent applications,Applicant,6.0
Sri Lanka,2021,,2021,European Patent Office,Patent grants,Inventor,7.083300113677979
Sri Lanka,2021,,2021,European Patent Office,Patent grants,Applicant,5.0
Sri Lanka,2021,,2021,World Intellectual Property Organization,Patent applications,Inventor,42.02500152587891
Sri Lanka,2021,,2021,World Intellectual Property Organization,Patent applications,Applicant,38.0
Sri Lanka,2021,,2021,United States Patent and Trademark Office,Patent applications,Inventor,24.49850082397461
Sri Lanka,2021,,2021,United States Patent and Trademark Office,Patent applications,Applicant,11.0
Sri Lanka,2021,,2021,United States Patent and Trademark Office,Patent grants,Inventor,15.64439964294434
Sri Lanka,2021,,2021,United States Patent and Trademark Office,Patent grants,Applicant,11.0
Chinese Taipei,2018,,2018,European Patent Office,Patent applications,Inventor,1873.780883789063
Chinese Taipei,2018,,2018,European Patent Office,Patent applications,Applicant,1716.650024414063
Chinese Taipei,2018,,2018,European Patent Office,Patent grants,Inventor,839.1102905273438
Chinese Taipei,2018,,2018,European Patent Office,Patent grants,Inventor,1004.235717773438
Chinese Taipei,2018,,2018,European Patent Office,Patent grants,Applicant,796.7000122070312
Chinese Taipei,2018,,2018,European Patent Office,Patent grants,Applicant,994.4166870117188
Chinese Taipei,2018,,2018,World Intellectual Property Organization,Patent applications,Inventor,896.6762084960938
Chinese Taipei,2018,,2018,World Intellectual Property Organization,Patent applications,Applicant,684.3167114257812
Chinese Taipei,2018,,2018,United States Patent and Trademark Office,Patent applications,Inventor,13885.802734375
Chinese Taipei,2018,,2018,United States Patent and Trademark Office,Patent applications,Applicant,13147.4248046875
Chinese Taipei,2018,,2018,United States Patent and Trademark Office,Patent grants,Inventor,11609.443359375
Chinese Taipei,2018,,2018,United States Patent and Trademark Office,Patent grants,Inventor,10980.4453125
Chinese Taipei,2018,,2018,United States Patent and Trademark Office,Patent grants,Applicant,11056.31640625
Chinese Taipei,2018,,2018,United States Patent and Trademark Office,Patent grants,Applicant,10659.3017578125
Chinese Taipei,2019,,2019,European Patent Office,Patent applications,Inventor,1596.46337890625
Chinese Taipei,2019,,2019,European Patent Office,Patent applications,Applicant,1501.25
Chinese Taipei,2019,,2019,European Patent Office,Patent grants,Inventor,568.0908813476562
Chinese Taipei,2019,,2019,European Patent Office,Patent grants,Inventor,1087.06494140625
Chinese Taipei,2019,,2019,European Patent Office,Patent grants,Applicant,552.5
Chinese Taipei,2019,,2019,European Patent Office,Patent grants,Applicant,1031.733276367188
Chinese Taipei,2019,,2019,World Intellectual Property Organization,Patent applications,Inventor,823.3292846679688
Chinese Taipei,2019,,2019,World Intellectual Property Organization,Patent applications,Applicant,561.9000244140625
Chinese Taipei,2019,,2019,United States Patent and Trademark Office,Patent applications,Inventor,14777.203125
Chinese Taipei,2019,,2019,United States Patent and Trademark Office,Patent applications,Applicant,13968.2255859375
Chinese Taipei,2019,,2019,United States Patent and Trademark Office,Patent grants,Inventor,12522.7890625
Chinese Taipei,2019,,2019,United States Patent and Trademark Office,Patent grants,Inventor,11558.1923828125
Chinese Taipei,2019,,2019,United States Patent and Trademark Office,Patent grants,Applicant,11981.5830078125
Chinese Taipei,2019,,2019,United States Patent and Trademark Office,Patent grants,Applicant,11177.09375
Chinese Taipei,2020,,2020,European Patent Office,Patent applications,Inventor,1473.89599609375
Chinese Taipei,2020,,2020,European Patent Office,Patent applications,Applicant,1320.0
Chinese Taipei,2020,,2020,European Patent Office,Patent grants,Inventor,344.6666870117188
Chinese Taipei,2020,,2020,European Patent Office,Patent grants,Inventor,1192.499755859375
Chinese Taipei,2020,,2020,European Patent Office,Patent grants,Applicant,318.3333129882813
Chinese Taipei,2020,,2020,European Patent Office,Patent grants,Applicant,1151.5
Chinese Taipei,2020,,2020,World Intellectual Property Organization,Patent applications,Inventor,708.014404296875
Chinese Taipei,2020,,2020,World Intellectual Property Organization,Patent applications,Applicant,445.7619018554688
Chinese Taipei,2020,,2020,United States Patent and Trademark Office,Patent applications,Inventor,14710.609375
Chinese Taipei,2020,,2020,United States Patent and Trademark Office,Patent applications,Applicant,13962.0556640625
Chinese Taipei,2020,,2020,United States Patent and Trademark Office,Patent grants,Inventor,11164.5048828125
Chinese Taipei,2020,,2020,United States Patent and Trademark Office,Patent grants,Inventor,12220.77734375
Chinese Taipei,2020,,2020,United States Patent and Trademark Office,Patent grants,Applicant,10738.9501953125
Chinese Taipei,2020,,2020,United States Patent and Trademark Office,Patent grants,Applicant,11699.625
Chinese Taipei,2021,,2021,European Patent Office,Patent applications,Inventor,1508.138061523438
Chinese Taipei,2021,,2021,European Patent Office,Patent applications,Applicant,1348.25
Chinese Taipei,2021,,2021,European Patent Office,Patent grants,Inventor,981.8585815429688
Chinese Taipei,2021,,2021,European Patent Office,Patent grants,Applicant,972.86669921875
Chinese Taipei,2021,,2021,World Intellectual Property Organization,Patent applications,Inventor,661.3173828125
Chinese Taipei,2021,,2021,World Intellectual Property Organization,Patent applications,Applicant,407.61669921875
Chinese Taipei,2021,,2021,United States Patent and Trademark Office,Patent applications,Inventor,14467.0283203125
Chinese Taipei,2021,,2021,United States Patent and Trademark Office,Patent applications,Applicant,13869.42578125
Chinese Taipei,2021,,2021,United States Patent and Trademark Office,Patent grants,Inventor,11271.212890625
Chinese Taipei,2021,,2021,United States Patent and Trademark Office,Patent grants,Applicant,10806.3974609375
Thailand,2018,,2018,European Patent Office,Patent applications,Inventor,57.72420120239258
Thailand,2018,,2018,European Patent Office,Patent applications,Applicant,57.66669845581055
Thailand,2018,,2018,European Patent Office,Patent grants,Inventor,13.33810043334961
Thailand,2018,,2018,European Patent Office,Patent grants,Inventor,23.99130058288574
Thailand,2018,,2018,European Patent Office,Patent grants,Applicant,11.5
Thailand,2018,,2018,European Patent Office,Patent grants,Applicant,21.0
Thailand,2018,,2018,World Intellectual Property Organization,Patent applications,Inventor,107.1592025756836
Thailand,2018,,2018,World Intellectual Property Organization,Patent applications,Applicant,101.3332977294922
Thailand,2018,,2018,United States Patent and Trademark Office,Patent applications,Inventor,135.1582946777344
Thailand,2018,,2018,United States Patent and Trademark Office,Patent applications,Applicant,114.8332977294922
Thailand,2018,,2018,United States Patent and Trademark Office,Patent grants,Inventor,99.20780181884766
Thailand,2018,,2018,United States Patent and Trademark Office,Patent grants,Inventor,78.78199768066406
Thailand,2018,,2018,United States Patent and Trademark Office,Patent grants,Applicant,77.33329772949219
Thailand,2018,,2018,United States Patent and Trademark Office,Patent grants,Applicant,48.84999847412109
Thailand,2019,,2019,European Patent Office,Patent applications,Inventor,51.68059921264648
Thailand,2019,,2019,European Patent Office,Patent applications,Applicant,84.0
Thailand,2019,,2019,European Patent Office,Patent grants,Inventor,11.58329963684082
Thailand,2019,,2019,European Patent Office,Patent grants,Inventor,39.31230163574219
Thailand,2019,,2019,European Patent Office,Patent grants,Applicant,11.0
Thailand,2019,,2019,European Patent Office,Patent grants,Applicant,42.25
Thailand,2019,,2019,World Intellectual Property Organization,Patent applications,Inventor,129.9902038574219
Thailand,2019,,2019,World Intellectual Property Organization,Patent applications,Applicant,146.5832977294922
Thailand,2019,,2019,United States Patent and Trademark Office,Patent applications,Inventor,160.0695953369141
Thailand,2019,,2019,United States Patent and Trademark Office,Patent applications,Applicant,146.3332977294922
Thailand,2019,,2019,United States Patent and Trademark Office,Patent grants,Inventor,114.0934982299805
Thailand,2019,,2019,United States Patent and Trademark Office,Patent grants,Inventor,116.1343002319336
Thailand,2019,,2019,United States Patent and Trademark Office,Patent grants,Applicant,94.66670227050781
Thailand,2019,,2019,United States Patent and Trademark Office,Patent grants,Applicant,83.3761978149414
Thailand,2020,,2020,European Patent Office,Patent applications,Inventor,52.44290161132813
Thailand,2020,,2020,European Patent Office,Patent applications,Applicant,74.33329772949219
Thailand,2020,,2020,European Patent Office,Patent grants,Inventor,2.633300065994263
Thailand,2020,,2020,European Patent Office,Patent grants,Inventor,53.55749893188477
Thailand,2020,,2020,European Patent Office,Patent grants,Applicant,0.5
Thailand,2020,,2020,European Patent Office,Patent grants,Applicant,49.0
Thailand,2020,,2020,World Intellectual Property Organization,Patent applications,Inventor,129.9463958740234
Thailand,2020,,2020,World Intellectual Property Organization,Patent applications,Applicant,160.5
Thailand,2020,,2020,United States Patent and Trademark Office,Patent applications,Inventor,107.2399978637695
Thailand,2020,,2020,United States Patent and Trademark Office,Patent applications,Applicant,117.2667007446289
Thailand,2020,,2020,United States Patent and Trademark Office,Patent grants,Inventor,44.04719924926758
Thailand,2020,,2020,United States Patent and Trademark Office,Patent grants,Inventor,128.7666015625
Thailand,2020,,2020,United States Patent and Trademark Office,Patent grants,Applicant,31.39999961853027
Thailand,2020,,2020,United States Patent and Trademark Office,Patent grants,Applicant,101.9595031738281
Thailand,2021,,2021,European Patent Office,Patent applications,Inventor,30.63299942016602
Thailand,2021,,2021,European Patent Office,Patent applications,Applicant,53.58330154418945
Thailand,2021,,2021,European Patent Office,Patent grants,Inventor,38.16070175170898
Thailand,2021,,2021,European Patent Office,Patent grants,Applicant,36.0
Thailand,2021,,2021,World Intellectual Property Organization,Patent applications,Inventor,154.3818054199219
Thailand,2021,,2021,World Intellectual Property Organization,Patent applications,Applicant,147.75
Thailand,2021,,2021,United States Patent and Trademark Office,Patent applications,Inventor,89.68930053710938
Thailand,2021,,2021,United States Patent and Trademark Office,Patent applications,Applicant,86.66670227050781
Thailand,2021,,2021,United States Patent and Trademark Office,Patent grants,Inventor,99.31809997558594
Thailand,2021,,2021,United States Patent and Trademark Office,Patent grants,Applicant,85.0999984741211
Trinidad and Tobago,2018,,2018,European Patent Office,Patent applications,Inventor,0.0
Trinidad and Tobago,2018,,2018,European Patent Office,Patent applications,Applicant,0.0
Trinidad and Tobago,2018,,2018,European Patent Office,Patent grants,Inventor,0.0
Trinidad and Tobago,2018,,2018,European Patent Office,Patent grants,Inventor,0.0
Trinidad and Tobago,2018,,2018,European Patent Office,Patent grants,Applicant,0.0
Trinidad and Tobago,2018,,2018,European Patent Office,Patent grants,Applicant,0.0
Trinidad and Tobago,2018,,2018,World Intellectual Property Organization,Patent applications,Inventor,4.5
Trinidad and Tobago,2018,,2018,World Intellectual Property Organization,Patent applications,Applicant,6.0
Trinidad and Tobago,2018,,2018,United States Patent and Trademark Office,Patent applications,Inventor,4.800000190734863
Trinidad and Tobago,2018,,2018,United States Patent and Trademark Office,Patent applications,Applicant,5.5
Trinidad and Tobago,2018,,2018,United States Patent and Trademark Office,Patent grants,Inventor,1.0
Trinidad and Tobago,2018,,2018,United States Patent and Trademark Office,Patent grants,Inventor,3.0
Trinidad and Tobago,2018,,2018,United States Patent and Trademark Office,Patent grants,Applicant,1.0
Trinidad and Tobago,2018,,2018,United States Patent and Trademark Office,Patent grants,Applicant,3.0
Trinidad and Tobago,2019,,2019,European Patent Office,Patent applications,Inventor,2.166699886322021
Trinidad and Tobago,2019,,2019,European Patent Office,Patent applications,Applicant,1.0
Trinidad and Tobago,2019,,2019,European Patent Office,Patent grants,Inventor,1.166700005531311
Trinidad and Tobago,2019,,2019,European Patent Office,Patent grants,Inventor,0.2000000029802322
Trinidad and Tobago,2019,,2019,European Patent Office,Patent grants,Applicant,0.0
Trinidad and Tobago,2019,,2019,European Patent Office,Patent grants,Applicant,0.0
Trinidad and Tobago,2019,,2019,World Intellectual Property Organization,Patent applications,Inventor,2.166699886322021
Trinidad and Tobago,2019,,2019,World Intellectual Property Organization,Patent applications,Applicant,1.0
Trinidad and Tobago,2019,,2019,United States Patent and Trademark Office,Patent applications,Inventor,4.559500217437744
Trinidad and Tobago,2019,,2019,United States Patent and Trademark Office,Patent applications,Applicant,4.0
Trinidad and Tobago,2019,,2019,United States Patent and Trademark Office,Patent grants,Inventor,0.5
Trinidad and Tobago,2019,,2019,United States Patent and Trademark Office,Patent grants,Inventor,4.202400207519531
Trinidad and Tobago,2019,,2019,United States Patent and Trademark Office,Patent grants,Applicant,1.0
Trinidad and Tobago,2019,,2019,United States Patent and Trademark Office,Patent grants,Applicant,4.125
Trinidad and Tobago,2020,,2020,European Patent Office,Patent applications,Inventor,0.0
Trinidad and Tobago,2020,,2020,European Patent Office,Patent applications,Applicant,0.0
Trinidad and Tobago,2020,,2020,European Patent Office,Patent grants,Inventor,0.0
Trinidad and Tobago,2020,,2020,European Patent Office,Patent grants,Inventor,0.333299994468689
Trinidad and Tobago,2020,,2020,European Patent Office,Patent grants,Applicant,0.0
Trinidad and Tobago,2020,,2020,European Patent Office,Patent grants,Applicant,0.0
Trinidad and Tobago,2020,,2020,World Intellectual Property Organization,Patent applications,Inventor,0.0
Trinidad and Tobago,2020,,2020,World Intellectual Property Organization,Patent applications,Applicant,0.0
Trinidad and Tobago,2020,,2020,United States Patent and Trademark Office,Patent applications,Inventor,1.0
Trinidad and Tobago,2020,,2020,United States Patent and Trademark Office,Patent applications,Applicant,1.0
Trinidad and Tobago,2020,,2020,United States Patent and Trademark Office,Patent grants,Inventor,0.0
Trinidad and Tobago,2020,,2020,United States Patent and Trademark Office,Patent grants,Inventor,2.833300113677979
Trinidad and Tobago,2020,,2020,United States Patent and Trademark Office,Patent grants,Applicant,0.0
Trinidad and Tobago,2020,,2020,United States Patent and Trademark Office,Patent grants,Applicant,3.0
Trinidad and Tobago,2021,,2021,European Patent Office,Patent applications,Inventor,0.0
Trinidad and Tobago,2021,,2021,European Patent Office,Patent applications,Applicant,0.0
Trinidad and Tobago,2021,,2021,European Patent Office,Patent grants,Inventor,0.0
Trinidad and Tobago,2021,,2021,European Patent Office,Patent grants,Applicant,0.0
Trinidad and Tobago,2021,,2021,World Intellectual Property Organization,Patent applications,Inventor,2.5
Trinidad and Tobago,2021,,2021,World Intellectual Property Organization,Patent applications,Applicant,2.5
Trinidad and Tobago,2021,,2021,United States Patent and Trademark Office,Patent applications,Inventor,1.5
Trinidad and Tobago,2021,,2021,United States Patent and Trademark Office,Patent applications,Applicant,1.0
Trinidad and Tobago,2021,,2021,United States Patent and Trademark Office,Patent grants,Inventor,0.75
Trinidad and Tobago,2021,,2021,United States Patent and Trademark Office,Patent grants,Applicant,1.0
Tunisia,2018,,2018,European Patent Office,Patent applications,Inventor,6.916699886322021
Tunisia,2018,,2018,European Patent Office,Patent applications,Applicant,3.0
Tunisia,2018,,2018,European Patent Office,Patent grants,Inventor,1.333299994468689
Tunisia,2018,,2018,European Patent Office,Patent grants,Inventor,3.5
Tunisia,2018,,2018,European Patent Office,Patent grants,Applicant,0.0
Tunisia,2018,,2018,European Patent Office,Patent grants,Applicant,3.0
Tunisia,2018,,2018,World Intellectual Property Organization,Patent applications,Inventor,9.199999809265137
Tunisia,2018,,2018,World Intellectual Property Organization,Patent applications,Applicant,7.666699886322021
Tunisia,2018,,2018,United States Patent and Trademark Office,Patent applications,Inventor,5.916699886322021
Tunisia,2018,,2018,United States Patent and Trademark Office,Patent applications,Applicant,1.0
Tunisia,2018,,2018,United States Patent and Trademark Office,Patent grants,Inventor,4.23330020904541
Tunisia,2018,,2018,United States Patent and Trademark Office,Patent grants,Inventor,0.7357000112533569
Tunisia,2018,,2018,United States Patent and Trademark Office,Patent grants,Applicant,0.0
Tunisia,2018,,2018,United States Patent and Trademark Office,Patent grants,Applicant,0.5
Tunisia,2019,,2019,European Patent Office,Patent applications,Inventor,5.033299922943115
Tunisia,2019,,2019,European Patent Office,Patent applications,Applicant,3.416699886322021
Tunisia,2019,,2019,European Patent Office,Patent grants,Inventor,1.0
Tunisia,2019,,2019,European Patent Office,Patent grants,Inventor,5.833300113677979
Tunisia,2019,,2019,European Patent Office,Patent grants,Applicant,0.0
Tunisia,2019,,2019,European Patent Office,Patent grants,Applicant,2.5
Tunisia,2019,,2019,World Intellectual Property Organization,Patent applications,Inventor,15.53330039978027
Tunisia,2019,,2019,World Intellectual Property Organization,Patent applications,Applicant,13.41670036315918
Tunisia,2019,,2019,United States Patent and Trademark Office,Patent applications,Inventor,4.73330020904541
Tunisia,2019,,2019,United States Patent and Trademark Office,Patent applications,Applicant,2.416699886322021
Tunisia,2019,,2019,United States Patent and Trademark Office,Patent grants,Inventor,3.349999904632568
Tunisia,2019,,2019,United States Patent and Trademark Office,Patent grants,Inventor,7.909500122070313
Tunisia,2019,,2019,United States Patent and Trademark Office,Patent grants,Applicant,2.166699886322021
Tunisia,2019,,2019,United States Patent and Trademark Office,Patent grants,Applicant,2.333300113677979
Tunisia,2020,,2020,European Patent Office,Patent applications,Inventor,10.80949974060059
Tunisia,2020,,2020,European Patent Office,Patent applications,Applicant,3.25
Tunisia,2020,,2020,European Patent Office,Patent grants,Inventor,3.166699886322021
Tunisia,2020,,2020,European Patent Office,Patent grants,Inventor,2.866699934005737
Tunisia,2020,,2020,European Patent Office,Patent grants,Applicant,1.0
Tunisia,2020,,2020,European Patent Office,Patent grants,Applicant,1.0
Tunisia,2020,,2020,World Intellectual Property Organization,Patent applications,Inventor,8.259499549865723
Tunisia,2020,,2020,World Intellectual Property Organization,Patent applications,Applicant,5.25
Tunisia,2020,,2020,United States Patent and Trademark Office,Patent applications,Inventor,4.626200199127197
Tunisia,2020,,2020,United States Patent and Trademark Office,Patent applications,Applicant,1.75
Tunisia,2020,,2020,United States Patent and Trademark Office,Patent grants,Inventor,1.200000047683716
Tunisia,2020,,2020,United States Patent and Trademark Office,Patent grants,Inventor,3.208300113677979
Tunisia,2020,,2020,United States Patent and Trademark Office,Patent grants,Applicant,0.5
Tunisia,2020,,2020,United States Patent and Trademark Office,Patent grants,Applicant,0.5
Tunisia,2021,,2021,European Patent Office,Patent applications,Inventor,5.29580020904541
Tunisia,2021,,2021,European Patent Office,Patent applications,Applicant,2.25
Tunisia,2021,,2021,European Patent Office,Patent grants,Inventor,2.608299970626831
Tunisia,2021,,2021,European Patent Office,Patent grants,Applicant,1.75
Tunisia,2021,,2021,World Intellectual Property Organization,Patent applications,Inventor,13.76249980926514
Tunisia,2021,,2021,World Intellectual Property Organization,Patent applications,Applicant,11.5
Tunisia,2021,,2021,United States Patent and Trademark Office,Patent applications,Inventor,8.283300399780273
Tunisia,2021,,2021,United States Patent and Trademark Office,Patent applications,Applicant,1.142899990081787
Tunisia,2021,,2021,United States Patent and Trademark Office,Patent grants,Inventor,4.066699981689453
Tunisia,2021,,2021,United States Patent and Trademark Office,Patent grants,Applicant,0.166700005531311
Ukraine,2018,,2018,European Patent Office,Patent applications,Inventor,40.73329925537109
Ukraine,2018,,2018,European Patent Office,Patent applications,Applicant,19.0
Ukraine,2018,,2018,European Patent Office,Patent grants,Inventor,11.81669998168945
Ukraine,2018,,2018,European Patent Office,Patent grants,Inventor,23.86669921875
Ukraine,2018,,2018,European Patent Office,Patent grants,Applicant,3.0
Ukraine,2018,,2018,European Patent Office,Patent grants,Applicant,11.33329963684082
Ukraine,2018,,2018,World Intellectual Property Organization,Patent applications,Inventor,161.6777954101563
Ukraine,2018,,2018,World Intellectual Property Organization,Patent applications,Applicant,133.5832977294922
Ukraine,2018,,2018,United States Patent and Trademark Office,Patent applications,Inventor,117.2910995483398
Ukraine,2018,,2018,United States Patent and Trademark Office,Patent applications,Applicant,51.29999923706055
Ukraine,2018,,2018,United States Patent and Trademark Office,Patent grants,Inventor,84.67939758300781
Ukraine,2018,,2018,United States Patent and Trademark Office,Patent grants,Inventor,61.43040084838867
Ukraine,2018,,2018,United States Patent and Trademark Office,Patent grants,Applicant,22.43330001831055
Ukraine,2018,,2018,United States Patent and Trademark Office,Patent grants,Applicant,28.18330001831055
Ukraine,2019,,2019,European Patent Office,Patent applications,Inventor,38.29999923706055
Ukraine,2019,,2019,European Patent Office,Patent applications,Applicant,20.75
Ukraine,2019,,2019,European Patent Office,Patent grants,Inventor,9.199999809265137
Ukraine,2019,,2019,European Patent Office,Patent grants,Inventor,19.52540016174316
Ukraine,2019,,2019,European Patent Office,Patent grants,Applicant,2.75
Ukraine,2019,,2019,European Patent Office,Patent grants,Applicant,6.0
Ukraine,2019,,2019,World Intellectual Property Organization,Patent applications,Inventor,196.2341003417969
Ukraine,2019,,2019,World Intellectual Property Organization,Patent applications,Applicant,168.1667022705078
Ukraine,2019,,2019,United States Patent and Trademark Office,Patent applications,Inventor,98.70330047607422
Ukraine,2019,,2019,United States Patent and Trademark Office,Patent applications,Applicant,36.66669845581055
Ukraine,2019,,2019,United States Patent and Trademark Office,Patent grants,Inventor,68.95760345458984
Ukraine,2019,,2019,United States Patent and Trademark Office,Patent grants,Inventor,94.79570007324219
Ukraine,2019,,2019,United States Patent and Trademark Office,Patent grants,Applicant,16.33329963684082
Ukraine,2019,,2019,United States Patent and Trademark Office,Patent grants,Applicant,33.84170150756836
Ukraine,2020,,2020,European Patent Office,Patent applications,Inventor,29.58600044250488
Ukraine,2020,,2020,European Patent Office,Patent applications,Applicant,16.75
Ukraine,2020,,2020,European Patent Office,Patent grants,Inventor,2.25
Ukraine,2020,,2020,European Patent Office,Patent grants,Inventor,22.75480079650879
Ukraine,2020,,2020,European Patent Office,Patent grants,Applicant,1.75
Ukraine,2020,,2020,European Patent Office,Patent grants,Applicant,6.5
Ukraine,2020,,2020,World Intellectual Property Organization,Patent applications,Inventor,154.6443023681641
Ukraine,2020,,2020,World Intellectual Property Organization,Patent applications,Applicant,120.0832977294922
Ukraine,2020,,2020,United States Patent and Trademark Office,Patent applications,Inventor,116.5506973266602
Ukraine,2020,,2020,United States Patent and Trademark Office,Patent applications,Applicant,41.15000152587891
Ukraine,2020,,2020,United States Patent and Trademark Office,Patent grants,Inventor,65.62519836425781
Ukraine,2020,,2020,United States Patent and Trademark Office,Patent grants,Inventor,92.83159637451172
Ukraine,2020,,2020,United States Patent and Trademark Office,Patent grants,Applicant,12.98330020904541
Ukraine,2020,,2020,United States Patent and Trademark Office,Patent grants,Applicant,35.53329849243164
Ukraine,2021,,2021,European Patent Office,Patent applications,Inventor,30.94370079040527
Ukraine,2021,,2021,European Patent Office,Patent applications,Applicant,14.23330020904541
Ukraine,2021,,2021,European Patent Office,Patent grants,Inventor,18.77739906311035
Ukraine,2021,,2021,European Patent Office,Patent grants,Applicant,6.75
Ukraine,2021,,2021,World Intellectual Property Organization,Patent applications,Inventor,166.4608001708984
Ukraine,2021,,2021,World Intellectual Property Organization,Patent applications,Applicant,121.9167022705078
Ukraine,2021,,2021,United States Patent and Trademark Office,Patent applications,Inventor,114.2184982299805
Ukraine,2021,,2021,United States Patent and Trademark Office,Patent applications,Applicant,28.70420074462891
Ukraine,2021,,2021,United States Patent and Trademark Office,Patent grants,Inventor,87.29660034179688
Ukraine,2021,,2021,United States Patent and Trademark Office,Patent grants,Applicant,20.46669960021973
United Arab Emirates,2018,,2018,European Patent Office,Patent applications,Inventor,55.91709899902344
United Arab Emirates,2018,,2018,European Patent Office,Patent applications,Applicant,56.83330154418945
United Arab Emirates,2018,,2018,European Patent Office,Patent grants,Inventor,18.19169998168945
United Arab Emirates,2018,,2018,European Patent Office,Patent grants,Inventor,21.21669960021973
United Arab Emirates,2018,,2018,European Patent Office,Patent grants,Applicant,20.5
United Arab Emirates,2018,,2018,European Patent Office,Patent grants,Applicant,15.58329963684082
United Arab Emirates,2018,,2018,World Intellectual Property Organization,Patent applications,Inventor,93.12259674072266
United Arab Emirates,2018,,2018,World Intellectual Property Organization,Patent applications,Applicant,86.68329620361328
United Arab Emirates,2018,,2018,United States Patent and Trademark Office,Patent applications,Inventor,143.3757934570313
United Arab Emirates,2018,,2018,United States Patent and Trademark Office,Patent applications,Applicant,126.75
United Arab Emirates,2018,,2018,United States Patent and Trademark Office,Patent grants,Inventor,96.6812973022461
United Arab Emirates,2018,,2018,United States Patent and Trademark Office,Patent grants,Inventor,81.36109924316406
United Arab Emirates,2018,,2018,United States Patent and Trademark Office,Patent grants,Applicant,88.11109924316406
United Arab Emirates,2018,,2018,United States Patent and Trademark Office,Patent grants,Applicant,73.6500015258789
United Arab Emirates,2019,,2019,European Patent Office,Patent applications,Inventor,57.07780075073242
United Arab Emirates,2019,,2019,European Patent Office,Patent applications,Applicant,46.66669845581055
United Arab Emirates,2019,,2019,European Patent Office,Patent grants,Inventor,4.333300113677979
United Arab Emirates,2019,,2019,European Patent Office,Patent grants,Inventor,26.02499961853027
United Arab Emirates,2019,,2019,European Patent Office,Patent grants,Applicant,10.5
United Arab Emirates,2019,,2019,European Patent Office,Patent grants,Applicant,23.16670036315918
United Arab Emirates,2019,,2019,World Intellectual Property Organization,Patent applications,Inventor,109.6929016113281
United Arab Emirates,2019,,2019,World Intellectual Property Organization,Patent applications,Applicant,100.1500015258789
United Arab Emirates,2019,,2019,United States Patent and Trademark Office,Patent applications,Inventor,159.2749938964844
United Arab Emirates,2019,,2019,United States Patent and Trademark Office,Patent applications,Applicant,124.0
United Arab Emirates,2019,,2019,United States Patent and Trademark Office,Patent grants,Inventor,82.8187026977539
United Arab Emirates,2019,,2019,United States Patent and Trademark Office,Patent grants,Inventor,109.1400985717773
United Arab Emirates,2019,,2019,United States Patent and Trademark Office,Patent grants,Applicant,69.4832992553711
United Arab Emirates,2019,,2019,United States Patent and Trademark Office,Patent grants,Applicant,106.6999969482422
United Arab Emirates,2020,,2020,European Patent Office,Patent applications,Inventor,52.35039901733398
United Arab Emirates,2020,,2020,European Patent Office,Patent applications,Applicant,49.0
United Arab Emirates,2020,,2020,European Patent Office,Patent grants,Inventor,4.708300113677979
United Arab Emirates,2020,,2020,European Patent Office,Patent grants,Inventor,28.81940078735352
United Arab Emirates,2020,,2020,European Patent Office,Patent grants,Applicant,3.5
United Arab Emirates,2020,,2020,European Patent Office,Patent grants,Applicant,31.16670036315918
United Arab Emirates,2020,,2020,World Intellectual Property Organization,Patent applications,Inventor,86.05879974365234
United Arab Emirates,2020,,2020,World Intellectual Property Organization,Patent applications,Applicant,85.0
United Arab Emirates,2020,,2020,United States Patent and Trademark Office,Patent applications,Inventor,113.0460968017578
United Arab Emirates,2020,,2020,United States Patent and Trademark Office,Patent applications,Applicant,106.3332977294922
United Arab Emirates,2020,,2020,United States Patent and Trademark Office,Patent grants,Inventor,78.11940002441406
United Arab Emirates,2020,,2020,United States Patent and Trademark Office,Patent grants,Inventor,113.9908981323242
United Arab Emirates,2020,,2020,United States Patent and Trademark Office,Patent grants,Applicant,83.66670227050781
United Arab Emirates,2020,,2020,United States Patent and Trademark Office,Patent grants,Applicant,109.4555969238281
United Arab Emirates,2021,,2021,European Patent Office,Patent applications,Inventor,48.92219924926758
United Arab Emirates,2021,,2021,European Patent Office,Patent applications,Applicant,47.0
United Arab Emirates,2021,,2021,European Patent Office,Patent grants,Inventor,24.32500076293945
United Arab Emirates,2021,,2021,European Patent Office,Patent grants,Applicant,30.83329963684082
United Arab Emirates,2021,,2021,World Intellectual Property Organization,Patent applications,Inventor,124.6644973754883
United Arab Emirates,2021,,2021,World Intellectual Property Organization,Patent applications,Applicant,123.8332977294922
United Arab Emirates,2021,,2021,United States Patent and Trademark Office,Patent applications,Inventor,147.7476043701172
United Arab Emirates,2021,,2021,United States Patent and Trademark Office,Patent applications,Applicant,147.4499969482422
United Arab Emirates,2021,,2021,United States Patent and Trademark Office,Patent grants,Inventor,106.4225997924805
United Arab Emirates,2021,,2021,United States Patent and Trademark Office,Patent grants,Applicant,101.4167022705078
Uruguay,2018,,2018,European Patent Office,Patent applications,Inventor,7.3125
Uruguay,2018,,2018,European Patent Office,Patent applications,Applicant,7.666699886322021
Uruguay,2018,,2018,European Patent Office,Patent grants,Inventor,4.0
Uruguay,2018,,2018,European Patent Office,Patent grants,Inventor,6.75
Uruguay,2018,,2018,European Patent Office,Patent grants,Applicant,3.0
Uruguay,2018,,2018,European Patent Office,Patent grants,Applicant,6.0
Uruguay,2018,,2018,World Intellectual Property Organization,Patent applications,Inventor,12.14999961853027
Uruguay,2018,,2018,World Intellectual Property Organization,Patent applications,Applicant,9.66670036315918
Uruguay,2018,,2018,United States Patent and Trademark Office,Patent applications,Inventor,14.17140007019043
Uruguay,2018,,2018,United States Patent and Trademark Office,Patent applications,Applicant,14.60000038146973
Uruguay,2018,,2018,United States Patent and Trademark Office,Patent grants,Inventor,8.304800033569336
Uruguay,2018,,2018,United States Patent and Trademark Office,Patent grants,Inventor,10.36190032958984
Uruguay,2018,,2018,United States Patent and Trademark Office,Patent grants,Applicant,10.60000038146973
Uruguay,2018,,2018,United States Patent and Trademark Office,Patent grants,Applicant,7.017899990081787
Uruguay,2019,,2019,European Patent Office,Patent applications,Inventor,6.23330020904541
Uruguay,2019,,2019,European Patent Office,Patent applications,Applicant,7.0
Uruguay,2019,,2019,European Patent Office,Patent grants,Inventor,2.233299970626831
Uruguay,2019,,2019,European Patent Office,Patent grants,Inventor,4.291699886322021
Uruguay,2019,,2019,European Patent Office,Patent grants,Applicant,3.0
Uruguay,2019,,2019,European Patent Office,Patent grants,Applicant,3.5
Uruguay,2019,,2019,World Intellectual Property Organization,Patent applications,Inventor,11.54440021514893
Uruguay,2019,,2019,World Intellectual Property Organization,Patent applications,Applicant,11.0
Uruguay,2019,,2019,United States Patent and Trademark Office,Patent applications,Inventor,14.80000019073486
Uruguay,2019,,2019,United States Patent and Trademark Office,Patent applications,Applicant,17.0
Uruguay,2019,,2019,United States Patent and Trademark Office,Patent grants,Inventor,7.900000095367432
Uruguay,2019,,2019,United States Patent and Trademark Office,Patent grants,Inventor,8.0
Uruguay,2019,,2019,United States Patent and Trademark Office,Patent grants,Applicant,8.5
Uruguay,2019,,2019,United States Patent and Trademark Office,Patent grants,Applicant,10.75
Uruguay,2020,,2020,European Patent Office,Patent applications,Inventor,8.926199913024902
Uruguay,2020,,2020,European Patent Office,Patent applications,Applicant,7.5
Uruguay,2020,,2020,European Patent Office,Patent grants,Inventor,1.0
Uruguay,2020,,2020,European Patent Office,Patent grants,Inventor,4.517899990081787
Uruguay,2020,,2020,European Patent Office,Patent grants,Applicant,1.0
Uruguay,2020,,2020,European Patent Office,Patent grants,Applicant,2.5
Uruguay,2020,,2020,World Intellectual Property Organization,Patent applications,Inventor,9.576199531555176
Uruguay,2020,,2020,World Intellectual Property Organization,Patent applications,Applicant,9.66670036315918
Uruguay,2020,,2020,United States Patent and Trademark Office,Patent applications,Inventor,10.51669979095459
Uruguay,2020,,2020,United States Patent and Trademark Office,Patent applications,Applicant,11.66670036315918
Uruguay,2020,,2020,United States Patent and Trademark Office,Patent grants,Inventor,4.583300113677979
Uruguay,2020,,2020,United States Patent and Trademark Office,Patent grants,Inventor,13.35120010375977
Uruguay,2020,,2020,United States Patent and Trademark Office,Patent grants,Applicant,2.0
Uruguay,2020,,2020,United States Patent and Trademark Office,Patent grants,Applicant,11.5
Uruguay,2021,,2021,European Patent Office,Patent applications,Inventor,7.533299922943115
Uruguay,2021,,2021,European Patent Office,Patent applications,Applicant,3.0
Uruguay,2021,,2021,European Patent Office,Patent grants,Inventor,5.23330020904541
Uruguay,2021,,2021,European Patent Office,Patent grants,Applicant,5.0
Uruguay,2021,,2021,World Intellectual Property Organization,Patent applications,Inventor,5.424200057983398
Uruguay,2021,,2021,World Intellectual Property Organization,Patent applications,Applicant,5.5
Uruguay,2021,,2021,United States Patent and Trademark Office,Patent applications,Inventor,10.29290008544922
Uruguay,2021,,2021,United States Patent and Trademark Office,Patent applications,Applicant,13.0
Uruguay,2021,,2021,United States Patent and Trademark Office,Patent grants,Inventor,5.059500217437744
Uruguay,2021,,2021,United States Patent and Trademark Office,Patent grants,Applicant,5.333300113677979
Uzbekistan,2018,,2018,European Patent Office,Patent applications,Inventor,1.642899990081787
Uzbekistan,2018,,2018,European Patent Office,Patent applications,Applicant,1.5
Uzbekistan,2018,,2018,European Patent Office,Patent grants,Inventor,1.142899990081787
Uzbekistan,2018,,2018,European Patent Office,Patent grants,Inventor,0.0
Uzbekistan,2018,,2018,European Patent Office,Patent grants,Applicant,1.0
Uzbekistan,2018,,2018,European Patent Office,Patent grants,Applicant,0.0
Uzbekistan,2018,,2018,World Intellectual Property Organization,Patent applications,Inventor,1.976199984550476
Uzbekistan,2018,,2018,World Intellectual Property Organization,Patent applications,Applicant,1.5
Uzbekistan,2018,,2018,United States Patent and Trademark Office,Patent applications,Inventor,2.142899990081787
Uzbekistan,2018,,2018,United States Patent and Trademark Office,Patent applications,Applicant,2.0
Uzbekistan,2018,,2018,United States Patent and Trademark Office,Patent grants,Inventor,2.142899990081787
Uzbekistan,2018,,2018,United States Patent and Trademark Office,Patent grants,Inventor,3.0
Uzbekistan,2018,,2018,United States Patent and Trademark Office,Patent grants,Applicant,2.0
Uzbekistan,2018,,2018,United States Patent and Trademark Office,Patent grants,Applicant,3.0
Uzbekistan,2019,,2019,European Patent Office,Patent applications,Inventor,1.0
Uzbekistan,2019,,2019,European Patent Office,Patent applications,Applicant,1.0
Uzbekistan,2019,,2019,European Patent Office,Patent grants,Inventor,1.0
Uzbekistan,2019,,2019,European Patent Office,Patent grants,Inventor,2.0
Uzbekistan,2019,,2019,European Patent Office,Patent grants,Applicant,1.0
Uzbekistan,2019,,2019,European Patent Office,Patent grants,Applicant,2.0
Uzbekistan,2019,,2019,World Intellectual Property Organization,Patent applications,Inventor,2.0
Uzbekistan,2019,,2019,World Intellectual Property Organization,Patent applications,Applicant,1.0
Uzbekistan,2019,,2019,United States Patent and Trademark Office,Patent applications,Inventor,1.5
Uzbekistan,2019,,2019,United States Patent and Trademark Office,Patent applications,Applicant,2.0
Uzbekistan,2019,,2019,United States Patent and Trademark Office,Patent grants,Inventor,0.5
Uzbekistan,2019,,2019,United States Patent and Trademark Office,Patent grants,Inventor,2.5
Uzbekistan,2019,,2019,United States Patent and Trademark Office,Patent grants,Applicant,0.0
Uzbekistan,2019,,2019,United States Patent and Trademark Office,Patent grants,Applicant,2.5
Uzbekistan,2020,,2020,European Patent Office,Patent applications,Inventor,0.0
Uzbekistan,2020,,2020,European Patent Office,Patent applications,Applicant,0.0
Uzbekistan,2020,,2020,European Patent Office,Patent grants,Inventor,0.0
Uzbekistan,2020,,2020,European Patent Office,Patent grants,Inventor,0.0
Uzbekistan,2020,,2020,European Patent Office,Patent grants,Applicant,0.0
Uzbekistan,2020,,2020,European Patent Office,Patent grants,Applicant,0.0
Uzbekistan,2020,,2020,World Intellectual Property Organization,Patent applications,Inventor,0.0
Uzbekistan,2020,,2020,World Intellectual Property Organization,Patent applications,Applicant,0.0
Uzbekistan,2020,,2020,United States Patent and Trademark Office,Patent applications,Inventor,1.333299994468689
Uzbekistan,2020,,2020,United States Patent and Trademark Office,Patent applications,Applicant,1.0
Uzbekistan,2020,,2020,United States Patent and Trademark Office,Patent grants,Inventor,1.333299994468689
Uzbekistan,2020,,2020,United States Patent and Trademark Office,Patent grants,Inventor,1.0
Uzbekistan,2020,,2020,United States Patent and Trademark Office,Patent grants,Applicant,1.0
Uzbekistan,2020,,2020,United States Patent and Trademark Office,Patent grants,Applicant,1.0
Uzbekistan,2021,,2021,European Patent Office,Patent applications,Inventor,0.0
Uzbekistan,2021,,2021,European Patent Office,Patent applications,Applicant,0.0
Uzbekistan,2021,,2021,European Patent Office,Patent grants,Inventor,1.809499979019165
Uzbekistan,2021,,2021,European Patent Office,Patent grants,Applicant,1.0
Uzbekistan,2021,,2021,World Intellectual Property Organization,Patent applications,Inventor,2.854199886322021
Uzbekistan,2021,,2021,World Intellectual Property Organization,Patent applications,Applicant,3.25
Uzbekistan,2021,,2021,United States Patent and Trademark Office,Patent applications,Inventor,1.25
Uzbekistan,2021,,2021,United States Patent and Trademark Office,Patent applications,Applicant,1.0
Uzbekistan,2021,,2021,United States Patent and Trademark Office,Patent grants,Inventor,2.976200103759766
Uzbekistan,2021,,2021,United States Patent and Trademark Office,Patent grants,Applicant,2.0
Venezuela,2018,,2018,European Patent Office,Patent applications,Inventor,0.300000011920929
Venezuela,2018,,2018,European Patent Office,Patent applications,Applicant,0.0
Venezuela,2018,,2018,European Patent Office,Patent grants,Inventor,0.2000000029802322
Venezuela,2018,,2018,European Patent Office,Patent grants,Inventor,2.900000095367432
Venezuela,2018,,2018,European Patent Office,Patent grants,Applicant,0.0
Venezuela,2018,,2018,European Patent Office,Patent grants,Applicant,0.5
Venezuela,2018,,2018,World Intellectual Property Organization,Patent applications,Inventor,2.383300065994263
Venezuela,2018,,2018,World Intellectual Property Organization,Patent applications,Applicant,0.5
Venezuela,2018,,2018,United States Patent and Trademark Office,Patent applications,Inventor,8.327799797058105
Venezuela,2018,,2018,United States Patent and Trademark Office,Patent applications,Applicant,2.0
Venezuela,2018,,2018,United States Patent and Trademark Office,Patent grants,Inventor,5.216700077056885
Venezuela,2018,,2018,United States Patent and Trademark Office,Patent grants,Inventor,8.199999809265137
Venezuela,2018,,2018,United States Patent and Trademark Office,Patent grants,Applicant,2.5
Venezuela,2018,,2018,United States Patent and Trademark Office,Patent grants,Applicant,4.5
Venezuela,2019,,2019,European Patent Office,Patent applications,Inventor,0.5
Venezuela,2019,,2019,European Patent Office,Patent applications,Applicant,0.0
Venezuela,2019,,2019,European Patent Office,Patent grants,Inventor,0.0
Venezuela,2019,,2019,European Patent Office,Patent grants,Inventor,0.458299994468689
Venezuela,2019,,2019,European Patent Office,Patent grants,Applicant,0.0
Venezuela,2019,,2019,European Patent Office,Patent grants,Applicant,1.0
Venezuela,2019,,2019,World Intellectual Property Organization,Patent applications,Inventor,2.5
Venezuela,2019,,2019,World Intellectual Property Organization,Patent applications,Applicant,1.0
Venezuela,2019,,2019,United States Patent and Trademark Office,Patent applications,Inventor,10.83329963684082
Venezuela,2019,,2019,United States Patent and Trademark Office,Patent applications,Applicant,8.0
Venezuela,2019,,2019,United States Patent and Trademark Office,Patent grants,Inventor,4.333300113677979
Venezuela,2019,,2019,United States Patent and Trademark Office,Patent grants,Inventor,10.36670017242432
Venezuela,2019,,2019,United States Patent and Trademark Office,Patent grants,Applicant,3.0
Venezuela,2019,,2019,United States Patent and Trademark Office,Patent grants,Applicant,3.5
Venezuela,2020,,2020,European Patent Office,Patent applications,Inventor,2.125
Venezuela,2020,,2020,European Patent Office,Patent applications,Applicant,0.5
Venezuela,2020,,2020,European Patent Office,Patent grants,Inventor,1.0
Venezuela,2020,,2020,European Patent Office,Patent grants,Inventor,2.166699886322021
Venezuela,2020,,2020,European Patent Office,Patent grants,Applicant,0.0
Venezuela,2020,,2020,European Patent Office,Patent grants,Applicant,0.0
Venezuela,2020,,2020,World Intellectual Property Organization,Patent applications,Inventor,1.899999976158142
Venezuela,2020,,2020,World Intellectual Property Organization,Patent applications,Applicant,0.0
Venezuela,2020,,2020,United States Patent and Trademark Office,Patent applications,Inventor,1.271399974822998
Venezuela,2020,,2020,United States Patent and Trademark Office,Patent applications,Applicant,0.0
Venezuela,2020,,2020,United States Patent and Trademark Office,Patent grants,Inventor,1.200000047683716
Venezuela,2020,,2020,United States Patent and Trademark Office,Patent grants,Inventor,4.366700172424316
Venezuela,2020,,2020,United States Patent and Trademark Office,Patent grants,Applicant,1.0
Venezuela,2020,,2020,United States Patent and Trademark Office,Patent grants,Applicant,1.5
Venezuela,2021,,2021,European Patent Office,Patent applications,Inventor,1.333299994468689
Venezuela,2021,,2021,European Patent Office,Patent applications,Applicant,1.0
Venezuela,2021,,2021,European Patent Office,Patent grants,Inventor,0.2000000029802322
Venezuela,2021,,2021,European Patent Office,Patent grants,Applicant,0.0
Venezuela,2021,,2021,World Intellectual Property Organization,Patent applications,Inventor,1.0
Venezuela,2021,,2021,World Intellectual Property Organization,Patent applications,Applicant,0.0
Venezuela,2021,,2021,United States Patent and Trademark Office,Patent applications,Inventor,4.0
Venezuela,2021,,2021,United States Patent and Trademark Office,Patent applications,Applicant,1.5
Venezuela,2021,,2021,United States Patent and Trademark Office,Patent grants,Inventor,7.23330020904541
Venezuela,2021,,2021,United States Patent and Trademark Office,Patent grants,Applicant,3.5
Zimbabwe,2018,,2018,European Patent Office,Patent applications,Inventor,0.166700005531311
Zimbabwe,2018,,2018,European Patent Office,Patent applications,Applicant,0.0
Zimbabwe,2018,,2018,European Patent Office,Patent grants,Inventor,0.0
Zimbabwe,2018,,2018,European Patent Office,Patent grants,Inventor,0.0
Zimbabwe,2018,,2018,European Patent Office,Patent grants,Applicant,0.0
Zimbabwe,2018,,2018,European Patent Office,Patent grants,Applicant,0.0
Zimbabwe,2018,,2018,World Intellectual Property Organization,Patent applications,Inventor,0.416700005531311
Zimbabwe,2018,,2018,World Intellectual Property Organization,Patent applications,Applicant,0.0
Zimbabwe,2018,,2018,United States Patent and Trademark Office,Patent applications,Inventor,1.333299994468689
Zimbabwe,2018,,2018,United States Patent and Trademark Office,Patent applications,Applicant,1.0
Zimbabwe,2018,,2018,United States Patent and Trademark Office,Patent grants,Inventor,0.333299994468689
Zimbabwe,2018,,2018,United States Patent and Trademark Office,Patent grants,Inventor,0.0
Zimbabwe,2018,,2018,United States Patent and Trademark Office,Patent grants,Applicant,0.0
Zimbabwe,2018,,2018,United States Patent and Trademark Office,Patent grants,Applicant,0.0
Zimbabwe,2019,,2019,European Patent Office,Patent applications,Inventor,0.0
Zimbabwe,2019,,2019,European Patent Office,Patent applications,Applicant,0.0
Zimbabwe,2019,,2019,European Patent Office,Patent grants,Inventor,0.0
Zimbabwe,2019,,2019,European Patent Office,Patent grants,Inventor,0.0
Zimbabwe,2019,,2019,European Patent Office,Patent grants,Applicant,0.0
Zimbabwe,2019,,2019,European Patent Office,Patent grants,Applicant,0.0
Zimbabwe,2019,,2019,World Intellectual Property Organization,Patent applications,Inventor,0.0
Zimbabwe,2019,,2019,World Intellectual Property Organization,Patent applications,Applicant,0.0
Zimbabwe,2019,,2019,United States Patent and Trademark Office,Patent applications,Inventor,0.0
Zimbabwe,2019,,2019,United States Patent and Trademark Office,Patent applications,Applicant,0.0
Zimbabwe,2019,,2019,United States Patent and Trademark Office,Patent grants,Inventor,0.0
Zimbabwe,2019,,2019,United States Patent and Trademark Office,Patent grants,Inventor,0.333299994468689
Zimbabwe,2019,,2019,United States Patent and Trademark Office,Patent grants,Applicant,0.0
Zimbabwe,2019,,2019,United States Patent and Trademark Office,Patent grants,Applicant,0.0
Zimbabwe,2020,,2020,European Patent Office,Patent applications,Inventor,0.5
Zimbabwe,2020,,2020,European Patent Office,Patent applications,Applicant,0.0
Zimbabwe,2020,,2020,European Patent Office,Patent grants,Inventor,0.0
Zimbabwe,2020,,2020,European Patent Office,Patent grants,Inventor,0.5
Zimbabwe,2020,,2020,European Patent Office,Patent grants,Applicant,0.0
Zimbabwe,2020,,2020,European Patent Office,Patent grants,Applicant,0.0
Zimbabwe,2020,,2020,World Intellectual Property Organization,Patent applications,Inventor,0.5
Zimbabwe,2020,,2020,World Intellectual Property Organization,Patent applications,Applicant,0.0
Zimbabwe,2020,,2020,United States Patent and Trademark Office,Patent applications,Inventor,1.5
Zimbabwe,2020,,2020,United States Patent and Trademark Office,Patent applications,Applicant,1.0
Zimbabwe,2020,,2020,United States Patent and Trademark Office,Patent grants,Inventor,0.0
Zimbabwe,2020,,2020,United States Patent and Trademark Office,Patent grants,Inventor,1.5
Zimbabwe,2020,,2020,United States Patent and Trademark Office,Patent grants,Applicant,0.0
Zimbabwe,2020,,2020,United States Patent and Trademark Office,Patent grants,Applicant,1.0
Zimbabwe,2021,,2021,European Patent Office,Patent applications,Inventor,0.0
Zimbabwe,2021,,2021,European Patent Office,Patent applications,Applicant,0.0
Zimbabwe,2021,,2021,European Patent Office,Patent grants,Inventor,0.5
Zimbabwe,2021,,2021,European Patent Office,Patent grants,Applicant,0.0
Zimbabwe,2021,,2021,World Intellectual Property Organization,Patent applications,Inventor,0.5
Zimbabwe,2021,,2021,World Intellectual Property Organization,Patent applications,Applicant,0.333299994468689
Zimbabwe,2021,,2021,United States Patent and Trademark Office,Patent applications,Inventor,0.0
Zimbabwe,2021,,2021,United States Patent and Trademark Office,Patent applications,Applicant,0.0
Zimbabwe,2021,,2021,United States Patent and Trademark Office,Patent grants,Inventor,0.166700005531311
Zimbabwe,2021,,2021,United States Patent and Trademark Office,Patent grants,Applicant,0.0
Former Yugoslavia,2018,,2018,European Patent Office,Patent applications,Inventor,0.0
Former Yugoslavia,2018,,2018,European Patent Office,Patent applications,Applicant,0.0
Former Yugoslavia,2018,,2018,European Patent Office,Patent grants,Inventor,0.0
Former Yugoslavia,2018,,2018,European Patent Office,Patent grants,Inventor,2.200000047683716
Former Yugoslavia,2018,,2018,European Patent Office,Patent grants,Applicant,0.0
Former Yugoslavia,2018,,2018,European Patent Office,Patent grants,Applicant,1.5
Former Yugoslavia,2018,,2018,World Intellectual Property Organization,Patent applications,Inventor,0.0
Former Yugoslavia,2018,,2018,World Intellectual Property Organization,Patent applications,Applicant,0.0
Former Yugoslavia,2018,,2018,United States Patent and Trademark Office,Patent applications,Inventor,0.0
Former Yugoslavia,2018,,2018,United States Patent and Trademark Office,Patent applications,Applicant,0.0
Former Yugoslavia,2018,,2018,United States Patent and Trademark Office,Patent grants,Inventor,0.0
Former Yugoslavia,2018,,2018,United States Patent and Trademark Office,Patent grants,Inventor,0.0
Former Yugoslavia,2018,,2018,United States Patent and Trademark Office,Patent grants,Applicant,0.0
Former Yugoslavia,2018,,2018,United States Patent and Trademark Office,Patent grants,Applicant,0.0
Former Yugoslavia,2019,,2019,European Patent Office,Patent applications,Inventor,0.0
Former Yugoslavia,2019,,2019,European Patent Office,Patent applications,Applicant,0.0
Former Yugoslavia,2019,,2019,European Patent Office,Patent grants,Inventor,0.0
Former Yugoslavia,2019,,2019,European Patent Office,Patent grants,Inventor,0.0
Former Yugoslavia,2019,,2019,European Patent Office,Patent grants,Applicant,0.0
Former Yugoslavia,2019,,2019,European Patent Office,Patent grants,Applicant,0.0
Former Yugoslavia,2019,,2019,World Intellectual Property Organization,Patent applications,Inventor,0.0
Former Yugoslavia,2019,,2019,World Intellectual Property Organization,Patent applications,Applicant,0.0
Former Yugoslavia,2019,,2019,United States Patent and Trademark Office,Patent applications,Inventor,0.0
Former Yugoslavia,2019,,2019,United States Patent and Trademark Office,Patent applications,Applicant,0.0
Former Yugoslavia,2019,,2019,United States Patent and Trademark Office,Patent grants,Inventor,0.0
Former Yugoslavia,2019,,2019,United States Patent and Trademark Office,Patent grants,Inventor,1.0
Former Yugoslavia,2019,,2019,United States Patent and Trademark Office,Patent grants,Applicant,0.0
Former Yugoslavia,2019,,2019,United States Patent and Trademark Office,Patent grants,Applicant,0.0
Former Yugoslavia,2020,,2020,European Patent Office,Patent applications,Inventor,0.0
Former Yugoslavia,2020,,2020,European Patent Office,Patent applications,Applicant,0.0
Former Yugoslavia,2020,,2020,European Patent Office,Patent grants,Inventor,0.0
Former Yugoslavia,2020,,2020,European Patent Office,Patent grants,Inventor,0.0
Former Yugoslavia,2020,,2020,European Patent Office,Patent grants,Applicant,0.0
Former Yugoslavia,2020,,2020,European Patent Office,Patent grants,Applicant,0.0
Former Yugoslavia,2020,,2020,World Intellectual Property Organization,Patent applications,Inventor,0.0
Former Yugoslavia,2020,,2020,World Intellectual Property Organization,Patent applications,Applicant,0.0
Former Yugoslavia,2020,,2020,United States Patent and Trademark Office,Patent applications,Inventor,0.0
Former Yugoslavia,2020,,2020,United States Patent and Trademark Office,Patent applications,Applicant,0.0
Former Yugoslavia,2020,,2020,United States Patent and Trademark Office,Patent grants,Inventor,0.0
Former Yugoslavia,2020,,2020,United States Patent and Trademark Office,Patent grants,Inventor,0.0
Former Yugoslavia,2020,,2020,United States Patent and Trademark Office,Patent grants,Applicant,0.0
Former Yugoslavia,2020,,2020,United States Patent and Trademark Office,Patent grants,Applicant,0.0
Former Yugoslavia,2021,,2021,European Patent Office,Patent applications,Inventor,0.0
Former Yugoslavia,2021,,2021,European Patent Office,Patent applications,Applicant,0.0
Former Yugoslavia,2021,,2021,European Patent Office,Patent grants,Inventor,1.0
Former Yugoslavia,2021,,2021,European Patent Office,Patent grants,Applicant,1.0
Former Yugoslavia,2021,,2021,World Intellectual Property Organization,Patent applications,Inventor,0.0
Former Yugoslavia,2021,,2021,World Intellectual Property Organization,Patent applications,Applicant,0.0
Former Yugoslavia,2021,,2021,United States Patent and Trademark Office,Patent applications,Inventor,0.0
Former Yugoslavia,2021,,2021,United States Patent and Trademark Office,Patent applications,Applicant,0.0
Former Yugoslavia,2021,,2021,United States Patent and Trademark Office,Patent grants,Inventor,0.0
Former Yugoslavia,2021,,2021,United States Patent and Trademark Office,Patent grants,Applicant,0.0
World,2018,,2018,European Patent Office,Patent applications,Inventor,160230.0
World,2018,,2018,European Patent Office,Patent applications,Applicant,160230.0
World,2018,,2018,European Patent Office,Patent grants,Inventor,63100.0
World,2018,,2018,European Patent Office,Patent grants,Inventor,127619.0
World,2018,,2018,European Patent Office,Patent grants,Applicant,63100.0
World,2018,,2018,European Patent Office,Patent grants,Applicant,127619.0
World,2018,,2018,World Intellectual Property Organization,Patent applications,Inventor,244777.0
World,2018,,2018,World Intellectual Property Organization,Patent applications,Applicant,244777.0
World,2018,,2018,United States Patent and Trademark Office,Patent applications,Inventor,392331.0
World,2018,,2018,United States Patent and Trademark Office,Patent applications,Applicant,392331.0
World,2018,,2018,United States Patent and Trademark Office,Patent grants,Inventor,310970.0
World,2018,,2018,United States Patent and Trademark Office,Patent grants,Inventor,307761.0
World,2018,,2018,United States Patent and Trademark Office,Patent grants,Applicant,310970.0
World,2018,,2018,United States Patent and Trademark Office,Patent grants,Applicant,307761.0
World,2019,,2019,European Patent Office,Patent applications,Inventor,163861.0
World,2019,,2019,European Patent Office,Patent applications,Applicant,163861.0
World,2019,,2019,European Patent Office,Patent grants,Inventor,40959.0
World,2019,,2019,European Patent Office,Patent grants,Inventor,137767.0
World,2019,,2019,European Patent Office,Patent grants,Applicant,40959.0
World,2019,,2019,European Patent Office,Patent grants,Applicant,137767.0
World,2019,,2019,World Intellectual Property Organization,Patent applications,Inventor,258043.0
World,2019,,2019,World Intellectual Property Organization,Patent applications,Applicant,258043.0
World,2019,,2019,United States Patent and Trademark Office,Patent applications,Inventor,416637.0
World,2019,,2019,United States Patent and Trademark Office,Patent applications,Applicant,416637.0
World,2019,,2019,United States Patent and Trademark Office,Patent grants,Inventor,290878.0
World,2019,,2019,United States Patent and Trademark Office,Patent grants,Inventor,354427.0
World,2019,,2019,United States Patent and Trademark Office,Patent grants,Applicant,290878.0
World,2019,,2019,United States Patent and Trademark Office,Patent grants,Applicant,354427.0
World,2020,,2020,European Patent Office,Patent applications,Inventor,165816.0
World,2020,,2020,European Patent Office,Patent applications,Applicant,165816.0
World,2020,,2020,European Patent Office,Patent grants,Inventor,19432.0
World,2020,,2020,European Patent Office,Patent grants,Inventor,133706.0
World,2020,,2020,European Patent Office,Patent grants,Applicant,19432.0
World,2020,,2020,European Patent Office,Patent grants,Applicant,133706.0
World,2020,,2020,World Intellectual Property Organization,Patent applications,Inventor,267512.0
World,2020,,2020,World Intellectual Property Organization,Patent applications,Applicant,267512.0
World,2020,,2020,United States Patent and Trademark Office,Patent applications,Inventor,400543.0
World,2020,,2020,United States Patent and Trademark Office,Patent applications,Applicant,400543.0
World,2020,,2020,United States Patent and Trademark Office,Patent grants,Inventor,218185.0
World,2020,,2020,United States Patent and Trademark Office,Patent grants,Inventor,351998.0
World,2020,,2020,United States Patent and Trademark Office,Patent grants,Applicant,218185.0
World,2020,,2020,United States Patent and Trademark Office,Patent grants,Applicant,351998.0
World,2021,,2021,European Patent Office,Patent applications,Inventor,133044.0
World,2021,,2021,European Patent Office,Patent applications,Applicant,133044.0
World,2021,,2021,European Patent Office,Patent grants,Inventor,108797.0
World,2021,,2021,European Patent Office,Patent grants,Applicant,108797.0
World,2021,,2021,World Intellectual Property Organization,Patent applications,Inventor,269538.0
World,2021,,2021,World Intellectual Property Organization,Patent applications,Applicant,269538.0
World,2021,,2021,United States Patent and Trademark Office,Patent applications,Inventor,346927.0
World,2021,,2021,United States Patent and Trademark Office,Patent applications,Applicant,346927.0
World,2021,,2021,United States Patent and Trademark Office,Patent grants,Inventor,327312.0
World,2021,,2021,United States Patent and Trademark Office,Patent grants,Applicant,327312.0
