InternetSpeed_ID,City_Key,Country_Key,Time_Key,Internet_Speed_Type_Key,InternetSpeed
8200,1179,41,3,1,120
8201,1180,41,3,1,111
8202,1181,41,3,1,105
8203,1182,41,3,1,116
8204,1183,41,3,1,114
8205,1184,41,3,1,113
8206,1185,41,3,1,118
8207,1186,41,3,1,116
8208,1187,41,3,1,124
8209,1188,41,3,1,120
8210,1189,41,3,1,111
8211,1190,41,3,1,124
8212,1191,41,3,1,116
8213,1192,41,3,1,95
8214,1193,41,3,1,105
8215,1194,41,3,1,108
8216,1195,41,3,1,78
8217,1196,41,3,1,98
8218,1197,41,3,1,110
8219,1198,41,3,1,109
8220,110,41,3,1,137
8221,1199,41,3,1,103
8222,1200,41,3,1,108
8223,1201,41,3,1,92
8224,1202,41,3,1,111
8225,1203,41,3,1,122
8226,1204,41,3,1,107
8227,1205,41,3,1,95
8228,1206,41,3,1,101
8229,1207,41,3,1,125
8230,1208,41,3,1,105
8231,1209,41,3,1,129
8232,1210,41,3,1,91
8233,1211,41,3,1,111
8234,1212,41,3,1,123
8235,1213,41,3,1,104
8236,1214,41,3,1,107
8237,1215,41,3,1,118
8238,1216,41,3,1,92
8239,1217,41,3,1,123
8240,1218,41,3,1,109
8241,1219,41,3,1,97
8242,1220,41,3,1,105
8243,1221,41,3,1,92
8244,1222,41,3,1,93
8245,1223,41,3,1,84
8246,1224,41,3,1,109
8247,1225,41,3,1,108
8248,1226,41,3,1,127
8249,1227,41,3,1,105
8250,1228,41,3,1,125
8251,1229,41,3,1,91
8252,1230,41,3,1,92
8253,1231,41,3,1,92
8254,1232,41,3,1,110
8255,1233,41,3,1,82
8256,1234,41,3,1,88
8257,1235,41,3,1,81
8258,1236,41,3,1,97
8259,1237,41,3,1,105
8260,1238,41,3,1,105
8261,1239,41,3,1,93
8262,540,41,3,1,95
8263,1240,41,3,1,92
8264,1241,41,3,1,100
8265,1242,41,3,1,90
8266,1243,41,3,1,105
8267,1244,41,3,1,85
8268,1245,41,3,1,110
8269,1246,41,3,1,90
8270,1247,41,3,1,94
8271,1248,41,3,1,94
8272,1249,41,3,1,104
8273,1250,41,3,1,81
8274,1251,41,3,1,111
8275,1252,41,3,1,85
8276,1253,41,3,1,96
8277,1254,41,3,1,65
8278,1255,41,3,1,109
8279,1256,41,3,1,57
8280,1257,41,3,1,86
8281,1258,41,3,1,96
8282,1259,41,3,1,107
8283,1260,41,3,1,81
8284,1261,41,3,1,134
8285,1262,41,3,1,92
8286,1263,41,3,1,94
8287,1264,41,3,1,104
8288,1265,41,3,1,72
8289,1266,41,3,1,113
8290,1267,41,3,1,90
8291,1268,41,3,1,102
8292,1269,41,3,1,105
8293,1270,41,3,1,100
8294,1271,41,3,1,104
8295,1272,41,3,1,111
8296,1273,41,3,1,93
8297,1274,41,3,1,97
8298,1275,41,3,1,103
8299,1276,41,3,1,111
8300,1277,41,3,1,74
8301,1278,41,3,1,95
8302,1279,41,3,1,88
8303,1280,41,3,1,99
8304,1281,41,3,1,95
8305,573,41,3,1,105
8306,1282,41,3,1,98
8307,1283,41,3,1,109
8308,1284,41,3,1,85
8309,1285,41,3,1,96
8310,1286,41,3,1,95
8311,1287,41,3,1,102
8312,1288,41,3,1,99
8313,1289,41,3,1,90
8314,1290,41,3,1,113
8315,1291,41,3,1,114
8316,1292,41,3,1,98
8317,1293,41,3,1,85
8318,1294,41,3,1,97
8319,1295,41,3,1,65
8320,1296,41,3,1,95
8321,1297,41,3,1,116
8322,1298,41,3,1,87
8323,1299,41,3,1,92
8324,1300,41,3,1,106
8325,1301,41,3,1,94
8326,1302,41,3,1,102
8327,1303,41,3,1,122
8328,1304,41,3,1,111
8329,1305,41,3,1,73
8330,1306,41,3,1,84
8331,1307,41,3,1,93
8332,1308,41,3,1,77
8333,1309,41,3,1,124
8334,1310,41,3,1,110
8335,1311,41,3,1,85
8336,1312,41,3,1,83
8337,1313,41,3,1,96
8338,1314,41,3,1,75
8339,1315,41,3,1,87
8340,1316,41,3,1,105
8341,1317,41,3,1,108
8342,1318,41,3,1,120
8343,1319,41,3,1,73
8344,1320,41,3,1,74
8345,1321,41,3,1,102
8346,1322,41,3,1,133
8347,1323,41,3,1,123
8348,1324,41,3,1,106
8349,1325,41,3,1,124
8350,1326,41,3,1,101
8351,1327,41,3,1,101
8352,1328,41,3,1,88
8353,1329,41,3,1,98
8354,1330,41,3,1,85
8355,1331,41,3,1,98
8356,1332,41,3,1,67
8357,1333,41,3,1,94
8358,1334,41,3,1,82
8359,1335,41,3,1,106
8360,1336,41,3,1,89
8361,1337,41,3,1,51
8362,1338,41,3,1,113
8363,1339,41,3,1,93
8364,1340,41,3,1,92
8365,1341,41,3,1,77
8366,1342,41,3,1,101
8367,1343,41,3,1,71
8368,1344,41,3,1,91
8369,1345,41,3,1,70
8370,1346,41,3,1,84
8371,1347,41,3,1,92
8372,1348,41,3,1,71
8373,1349,41,3,1,88
8374,1350,41,3,1,74
8375,1351,41,3,1,121
8376,1352,41,3,1,87
8377,1353,41,3,1,67
8378,1354,41,3,1,70
8379,1355,41,3,1,84
8380,1356,41,3,1,97
8381,1357,41,3,1,74
8382,1358,41,3,1,75
8383,1359,41,3,1,97
8384,1360,41,3,1,100
8385,1361,41,3,1,89
8386,1362,41,3,1,108
8387,1363,41,3,1,72
8388,1364,41,3,1,73
8389,1365,41,3,1,119
8390,1366,41,3,1,116
8391,1367,41,3,1,74
8392,1368,41,3,1,111
8393,1369,41,3,1,64
8394,1370,41,3,1,84
8395,1371,41,3,1,85
8396,1372,41,3,1,83
8397,1373,41,3,1,74
8398,1374,41,3,1,59
8399,1375,41,3,1,75
8400,1376,41,3,1,109
8401,1377,41,3,1,77
8402,1378,41,3,1,79
8403,1379,41,3,1,94
8404,1380,41,3,1,100
8405,1381,41,3,1,92
8406,1382,41,3,1,90
8407,1383,41,3,1,92
8408,1384,41,3,1,105
8409,1385,41,3,1,69
8410,1386,41,3,1,102
8411,1387,41,3,1,84
8412,1388,41,3,1,114
24324,1179,41,3,1,118
24325,1180,41,3,1,111
24326,1181,41,3,1,105
24327,1182,41,3,1,115
24328,1184,41,3,1,113
24329,1185,41,3,1,120
24330,1187,41,3,1,117
24331,1188,41,3,1,117
24332,1189,41,3,1,111
24333,1190,41,3,1,121
24334,1191,41,3,1,116
24335,1192,41,3,1,93
24336,1193,41,3,1,104
24337,1194,41,3,1,108
24338,1195,41,3,1,76
24339,1196,41,3,1,98
24340,1197,41,3,1,106
24341,1198,41,3,1,106
24342,110,41,3,1,126
24343,1199,41,3,1,102
24344,1200,41,3,1,107
24345,1201,41,3,1,92
24346,1202,41,3,1,107
24347,1203,41,3,1,115
24348,1204,41,3,1,102
24349,1205,41,3,1,90
24350,1206,41,3,1,99
24351,1207,41,3,1,119
24352,1208,41,3,1,103
24353,1209,41,3,1,127
24354,1210,41,3,1,86
24355,1211,41,3,1,102
24356,1212,41,3,1,121
24357,1213,41,3,1,101
24358,1214,41,3,1,114
24359,1215,41,3,1,109
24360,1216,41,3,1,95
24361,1217,41,3,1,121
24362,1218,41,3,1,105
24363,1219,41,3,1,99
24364,1220,41,3,1,106
24365,1221,41,3,1,98
24366,1222,41,3,1,89
24367,1223,41,3,1,82
24368,1224,41,3,1,105
24369,1225,41,3,1,112
24370,1226,41,3,1,124
24371,1227,41,3,1,98
24372,1228,41,3,1,125
24373,1229,41,3,1,91
24374,1230,41,3,1,84
24375,1231,41,3,1,82
24376,1232,41,3,1,107
24377,1233,41,3,1,78
24378,1234,41,3,1,83
24379,1235,41,3,1,81
24380,1236,41,3,1,97
24381,1237,41,3,1,105
24382,1238,41,3,1,105
24383,1239,41,3,1,92
24384,540,41,3,1,95
24385,1240,41,3,1,92
24386,1241,41,3,1,96
24387,1242,41,3,1,88
24388,1243,41,3,1,105
24389,1244,41,3,1,85
24390,1245,41,3,1,110
24391,1246,41,3,1,87
24392,1247,41,3,1,95
24393,1248,41,3,1,92
24394,1249,41,3,1,100
24395,1250,41,3,1,75
24396,1251,41,3,1,108
24397,1252,41,3,1,85
24398,1253,41,3,1,92
24399,1254,41,3,1,63
24400,1255,41,3,1,98
24401,1256,41,3,1,64
24402,1257,41,3,1,77
24403,1258,41,3,1,94
24404,1259,41,3,1,107
24405,1260,41,3,1,81
24406,1261,41,3,1,123
24407,1262,41,3,1,92
24408,1263,41,3,1,94
24409,1264,41,3,1,104
24410,1265,41,3,1,74
24411,1266,41,3,1,105
24412,1267,41,3,1,87
24413,1268,41,3,1,102
24414,1269,41,3,1,105
24415,1270,41,3,1,100
24416,1271,41,3,1,98
24417,1272,41,3,1,110
24418,1273,41,3,1,86
24419,1274,41,3,1,91
24420,1275,41,3,1,103
24421,1276,41,3,1,111
24422,1277,41,3,1,72
24423,1278,41,3,1,97
24424,1279,41,3,1,107
24425,1280,41,3,1,99
24426,1281,41,3,1,94
24427,573,41,3,1,105
24428,1282,41,3,1,98
24429,1283,41,3,1,102
24430,1284,41,3,1,85
24431,1285,41,3,1,87
24432,1286,41,3,1,95
24433,1287,41,3,1,102
24434,1288,41,3,1,99
24435,1289,41,3,1,90
24436,1290,41,3,1,108
24437,1291,41,3,1,111
24438,1292,41,3,1,96
24439,1293,41,3,1,81
24440,1294,41,3,1,94
24441,1295,41,3,1,65
24442,1296,41,3,1,92
24443,1297,41,3,1,114
24444,1298,41,3,1,87
24445,1299,41,3,1,93
24446,1300,41,3,1,103
24447,1301,41,3,1,86
24448,1302,41,3,1,102
24449,1303,41,3,1,116
24450,1304,41,3,1,111
24451,1305,41,3,1,73
24452,1306,41,3,1,84
24453,1307,41,3,1,93
24454,1308,41,3,1,77
24455,1309,41,3,1,120
24456,1310,41,3,1,102
24457,1311,41,3,1,76
24458,1312,41,3,1,76
24459,1313,41,3,1,83
24460,1314,41,3,1,68
24461,1315,41,3,1,79
24462,1316,41,3,1,105
24463,1317,41,3,1,108
24464,1318,41,3,1,115
24465,1319,41,3,1,73
24466,1320,41,3,1,74
24467,1321,41,3,1,102
24468,1322,41,3,1,131
24469,1323,41,3,1,123
24470,1324,41,3,1,95
24471,1325,41,3,1,124
24472,1326,41,3,1,84
24473,1327,41,3,1,101
24474,1328,41,3,1,88
24475,1329,41,3,1,98
24476,1330,41,3,1,83
24477,1331,41,3,1,98
24478,1332,41,3,1,67
24479,1333,41,3,1,94
24480,1334,41,3,1,82
24481,1335,41,3,1,104
24482,1336,41,3,1,84
24483,1337,41,3,1,51
24484,1338,41,3,1,102
24485,1339,41,3,1,88
24486,1340,41,3,1,92
24487,1341,41,3,1,76
24488,1342,41,3,1,93
24489,1343,41,3,1,64
24490,1344,41,3,1,91
24491,1345,41,3,1,67
24492,1346,41,3,1,81
24493,1347,41,3,1,92
24494,1348,41,3,1,71
24495,1349,41,3,1,79
24496,1350,41,3,1,74
24497,1351,41,3,1,121
24498,1352,41,3,1,87
24499,1353,41,3,1,67
24500,1354,41,3,1,70
24501,1355,41,3,1,84
24502,1356,41,3,1,97
24503,1357,41,3,1,69
24504,1358,41,3,1,73
24505,1359,41,3,1,97
24506,1360,41,3,1,99
24507,1361,41,3,1,81
24508,1362,41,3,1,108
24509,1363,41,3,1,72
24510,1364,41,3,1,69
24511,1365,41,3,1,109
24512,1366,41,3,1,116
24513,1367,41,3,1,74
24514,1368,41,3,1,111
24515,1369,41,3,1,64
24516,1370,41,3,1,84
24517,1371,41,3,1,85
24518,1372,41,3,1,82
24519,1373,41,3,1,70
24520,1374,41,3,1,59
24521,1375,41,3,1,75
24522,1376,41,3,1,107
24523,1377,41,3,1,75
24524,1378,41,3,1,77
24525,1379,41,3,1,94
24526,1380,41,3,1,100
24527,1381,41,3,1,92
24528,1382,41,3,1,90
24529,1383,41,3,1,92
24530,1384,41,3,1,105
24531,1385,41,3,1,69
24532,1386,41,3,1,102
24533,1387,41,3,1,84
24534,1388,41,3,1,114
6798,1179,41,3,2,161
6799,1180,41,3,2,84
6800,1181,41,3,2,76
6801,1182,41,3,2,216
6802,1183,41,3,2,131
6803,1184,41,3,2,102
6804,1185,41,3,2,153
6805,1186,41,3,2,186
6806,1187,41,3,2,173
6807,1188,41,3,2,145
6808,1189,41,3,2,133
6809,1190,41,3,2,180
6810,1191,41,3,2,131
6811,1192,41,3,2,76
6812,1193,41,3,2,68
6813,1194,41,3,2,91
6814,1195,41,3,2,83
6815,1196,41,3,2,82
6816,1197,41,3,2,95
6817,1198,41,3,2,80
6818,110,41,3,2,182
6819,1199,41,3,2,103
6820,1200,41,3,2,99
6821,1201,41,3,2,69
6822,1202,41,3,2,126
6823,1203,41,3,2,206
6824,1204,41,3,2,150
6825,1205,41,3,2,97
6826,1206,41,3,2,41
6827,1207,41,3,2,199
6828,1208,41,3,2,71
6829,1209,41,3,2,159
6830,1210,41,3,2,64
6831,1211,41,3,2,99
6832,1212,41,3,2,146
6833,1213,41,3,2,98
6834,1214,41,3,2,75
6835,1215,41,3,2,108
6836,1216,41,3,2,107
6837,1217,41,3,2,171
6838,1218,41,3,2,160
6839,1219,41,3,2,46
6840,1220,41,3,2,176
6841,1221,41,3,2,98
6842,1222,41,3,2,125
6843,1223,41,3,2,100
6844,1224,41,3,2,84
6845,1225,41,3,2,181
6846,1226,41,3,2,211
6847,1227,41,3,2,102
6848,1228,41,3,2,150
6849,1229,41,3,2,40
6850,1230,41,3,2,108
6851,1231,41,3,2,120
6852,1232,41,3,2,193
6853,1233,41,3,2,30
6854,1234,41,3,2,63
6855,1235,41,3,2,32
6856,1236,41,3,2,74
6857,1237,41,3,2,77
6858,1238,41,3,2,113
6859,1239,41,3,2,113
6860,540,41,3,2,77
6861,1240,41,3,2,35
6862,1241,41,3,2,115
6863,1242,41,3,2,47
6864,1243,41,3,2,140
6865,1244,41,3,2,65
6866,1245,41,3,2,61
6867,1246,41,3,2,65
6868,1247,41,3,2,110
6869,1248,41,3,2,100
6870,1249,41,3,2,61
6871,1250,41,3,2,86
6872,1251,41,3,2,58
6873,1252,41,3,2,99
6874,1253,41,3,2,89
6875,1254,41,3,2,86
6876,1255,41,3,2,138
6877,1256,41,3,2,32
6878,1257,41,3,2,95
6879,1258,41,3,2,138
6880,1259,41,3,2,100
6881,1260,41,3,2,63
6882,1261,41,3,2,308
6883,1262,41,3,2,126
6884,1263,41,3,2,32
6885,1264,41,3,2,54
6886,1265,41,3,2,70
6887,1266,41,3,2,202
6888,1267,41,3,2,39
6889,1268,41,3,2,78
6890,1269,41,3,2,131
6891,1270,41,3,2,54
6892,1271,41,3,2,115
6893,1272,41,3,2,92
6894,1273,41,3,2,70
6895,1274,41,3,2,74
6896,1275,41,3,2,125
6897,1276,41,3,2,78
6898,1277,41,3,2,29
6899,1278,41,3,2,110
6900,1279,41,3,2,71
6901,1280,41,3,2,60
6902,1281,41,3,2,181
6903,573,41,3,2,42
6904,1282,41,3,2,33
6905,1283,41,3,2,123
6906,1284,41,3,2,36
6907,1285,41,3,2,167
6908,1286,41,3,2,50
6909,1287,41,3,2,151
6910,1288,41,3,2,34
6911,1289,41,3,2,34
6912,1290,41,3,2,64
6913,1291,41,3,2,112
6914,1292,41,3,2,45
6915,1293,41,3,2,136
6916,1294,41,3,2,131
6917,1295,41,3,2,45
6918,1296,41,3,2,44
6919,1297,41,3,2,33
6920,1298,41,3,2,34
6921,1299,41,3,2,31
6922,1300,41,3,2,98
6923,1301,41,3,2,90
6924,1302,41,3,2,72
6925,1303,41,3,2,147
6926,1304,41,3,2,216
6927,1305,41,3,2,41
6928,1306,41,3,2,49
6929,1307,41,3,2,88
6930,1308,41,3,2,31
6931,1309,41,3,2,249
6932,1310,41,3,2,33
6933,1311,41,3,2,99
6934,1312,41,3,2,26
6935,1313,41,3,2,89
6936,1314,41,3,2,41
6937,1315,41,3,2,111
6938,1316,41,3,2,85
6939,1317,41,3,2,130
6940,1318,41,3,2,136
6941,1319,41,3,2,28
6942,1320,41,3,2,29
6943,1321,41,3,2,86
6944,1322,41,3,2,222
6945,1323,41,3,2,43
6946,1324,41,3,2,66
6947,1325,41,3,2,163
6948,1326,41,3,2,27
6949,1327,41,3,2,82
6950,1328,41,3,2,58
6951,1329,41,3,2,37
6952,1330,41,3,2,70
6953,1331,41,3,2,51
6954,1332,41,3,2,29
6955,1333,41,3,2,53
6956,1334,41,3,2,52
6957,1335,41,3,2,45
6958,1336,41,3,2,53
6959,1337,41,3,2,24
6960,1338,41,3,2,69
6961,1339,41,3,2,99
6962,1340,41,3,2,110
6963,1341,41,3,2,52
6964,1342,41,3,2,193
6965,1343,41,3,2,52
6966,1344,41,3,2,42
6967,1345,41,3,2,42
6968,1346,41,3,2,58
6969,1347,41,3,2,116
6970,1348,41,3,2,27
6971,1349,41,3,2,119
6972,1350,41,3,2,32
6973,1351,41,3,2,119
6974,1352,41,3,2,39
6975,1353,41,3,2,38
6976,1354,41,3,2,27
6977,1355,41,3,2,28
6978,1356,41,3,2,47
6979,1357,41,3,2,59
6980,1358,41,3,2,36
6981,1359,41,3,2,111
6982,1360,41,3,2,194
6983,1361,41,3,2,60
6984,1362,41,3,2,66
6985,1363,41,3,2,23
6986,1364,41,3,2,54
6987,1365,41,3,2,118
6988,1366,41,3,2,64
6989,1367,41,3,2,39
6990,1368,41,3,2,35
6991,1369,41,3,2,24
6992,1370,41,3,2,28
6993,1371,41,3,2,32
6994,1372,41,3,2,33
6995,1373,41,3,2,60
6996,1374,41,3,2,44
6997,1375,41,3,2,32
6998,1376,41,3,2,96
6999,1377,41,3,2,79
7000,1378,41,3,2,39
7001,1379,41,3,2,89
7002,1380,41,3,2,88
7003,1381,41,3,2,46
7004,1382,41,3,2,49
7005,1383,41,3,2,36
7006,1384,41,3,2,97
7007,1385,41,3,2,72
7008,1386,41,3,2,64
7009,1387,41,3,2,40
7010,1388,41,3,2,39
25609,1179,41,3,2,154
25610,1180,41,3,2,84
25611,1181,41,3,2,77
25612,1182,41,3,2,187
25613,1184,41,3,2,101
25614,1185,41,3,2,148
25615,1187,41,3,2,162
25616,1188,41,3,2,137
25617,1189,41,3,2,132
25618,1190,41,3,2,165
25619,1191,41,3,2,131
25620,1192,41,3,2,75
25621,1193,41,3,2,65
25622,1194,41,3,2,91
25623,1195,41,3,2,72
25624,1196,41,3,2,82
25625,1197,41,3,2,83
25626,1198,41,3,2,78
25627,110,41,3,2,170
25628,1199,41,3,2,98
25629,1200,41,3,2,85
25630,1201,41,3,2,69
25631,1202,41,3,2,110
25632,1203,41,3,2,188
25633,1204,41,3,2,145
25634,1205,41,3,2,78
25635,1206,41,3,2,65
25636,1207,41,3,2,157
25637,1208,41,3,2,67
25638,1209,41,3,2,146
25639,1210,41,3,2,55
25640,1211,41,3,2,71
25641,1212,41,3,2,157
25642,1213,41,3,2,97
25643,1214,41,3,2,104
25644,1215,41,3,2,93
25645,1216,41,3,2,117
25646,1217,41,3,2,179
25647,1218,41,3,2,158
25648,1219,41,3,2,42
25649,1220,41,3,2,162
25650,1221,41,3,2,104
25651,1222,41,3,2,108
25652,1223,41,3,2,84
25653,1224,41,3,2,78
25654,1225,41,3,2,155
25655,1226,41,3,2,199
25656,1227,41,3,2,97
25657,1228,41,3,2,150
25658,1229,41,3,2,40
25659,1230,41,3,2,93
25660,1231,41,3,2,70
25661,1232,41,3,2,175
25662,1233,41,3,2,35
25663,1234,41,3,2,56
25664,1235,41,3,2,32
25665,1236,41,3,2,74
25666,1237,41,3,2,77
25667,1238,41,3,2,113
25668,1239,41,3,2,126
25669,540,41,3,2,77
25670,1240,41,3,2,35
25671,1241,41,3,2,106
25672,1242,41,3,2,45
25673,1243,41,3,2,140
25674,1244,41,3,2,63
25675,1245,41,3,2,61
25676,1246,41,3,2,62
25677,1247,41,3,2,131
25678,1248,41,3,2,81
25679,1249,41,3,2,60
25680,1250,41,3,2,79
25681,1251,41,3,2,52
25682,1252,41,3,2,99
25683,1253,41,3,2,84
25684,1254,41,3,2,91
25685,1255,41,3,2,119
25686,1256,41,3,2,34
25687,1257,41,3,2,82
25688,1258,41,3,2,133
25689,1259,41,3,2,100
25690,1260,41,3,2,63
25691,1261,41,3,2,274
25692,1262,41,3,2,125
25693,1263,41,3,2,32
25694,1264,41,3,2,54
25695,1265,41,3,2,63
25696,1266,41,3,2,174
25697,1267,41,3,2,39
25698,1268,41,3,2,78
25699,1269,41,3,2,131
25700,1270,41,3,2,54
25701,1271,41,3,2,105
25702,1272,41,3,2,90
25703,1273,41,3,2,57
25704,1274,41,3,2,91
25705,1275,41,3,2,124
25706,1276,41,3,2,78
25707,1277,41,3,2,28
25708,1278,41,3,2,125
25709,1279,41,3,2,89
25710,1280,41,3,2,60
25711,1281,41,3,2,159
25712,573,41,3,2,42
25713,1282,41,3,2,33
25714,1283,41,3,2,93
25715,1284,41,3,2,36
25716,1285,41,3,2,130
25717,1286,41,3,2,50
25718,1287,41,3,2,151
25719,1288,41,3,2,34
25720,1289,41,3,2,34
25721,1290,41,3,2,59
25722,1291,41,3,2,100
25723,1292,41,3,2,44
25724,1293,41,3,2,126
25725,1294,41,3,2,122
25726,1295,41,3,2,45
25727,1296,41,3,2,41
25728,1297,41,3,2,33
25729,1298,41,3,2,34
25730,1299,41,3,2,33
25731,1300,41,3,2,89
25732,1301,41,3,2,72
25733,1302,41,3,2,72
25734,1303,41,3,2,145
25735,1304,41,3,2,216
25736,1305,41,3,2,41
25737,1306,41,3,2,53
25738,1307,41,3,2,88
25739,1308,41,3,2,31
25740,1309,41,3,2,239
25741,1310,41,3,2,42
25742,1311,41,3,2,109
25743,1312,41,3,2,28
25744,1313,41,3,2,90
25745,1314,41,3,2,37
25746,1315,41,3,2,99
25747,1316,41,3,2,85
25748,1317,41,3,2,130
25749,1318,41,3,2,127
25750,1319,41,3,2,28
25751,1320,41,3,2,29
25752,1321,41,3,2,86
25753,1322,41,3,2,221
25754,1323,41,3,2,43
25755,1324,41,3,2,59
25756,1325,41,3,2,163
25757,1326,41,3,2,27
25758,1327,41,3,2,82
25759,1328,41,3,2,58
25760,1329,41,3,2,37
25761,1330,41,3,2,60
25762,1331,41,3,2,51
25763,1332,41,3,2,31
25764,1333,41,3,2,53
25765,1334,41,3,2,52
25766,1335,41,3,2,43
25767,1336,41,3,2,64
25768,1337,41,3,2,24
25769,1338,41,3,2,65
25770,1339,41,3,2,92
25771,1340,41,3,2,113
25772,1341,41,3,2,53
25773,1342,41,3,2,163
25774,1343,41,3,2,48
25775,1344,41,3,2,42
25776,1345,41,3,2,42
25777,1346,41,3,2,55
25778,1347,41,3,2,116
25779,1348,41,3,2,27
25780,1349,41,3,2,113
25781,1350,41,3,2,32
25782,1351,41,3,2,119
25783,1352,41,3,2,39
25784,1353,41,3,2,38
25785,1354,41,3,2,27
25786,1355,41,3,2,28
25787,1356,41,3,2,47
25788,1357,41,3,2,55
25789,1358,41,3,2,32
25790,1359,41,3,2,111
25791,1360,41,3,2,189
25792,1361,41,3,2,52
25793,1362,41,3,2,66
25794,1363,41,3,2,23
25795,1364,41,3,2,52
25796,1365,41,3,2,117
25797,1366,41,3,2,64
25798,1367,41,3,2,39
25799,1368,41,3,2,39
25800,1369,41,3,2,24
25801,1370,41,3,2,28
25802,1371,41,3,2,32
25803,1372,41,3,2,34
25804,1373,41,3,2,58
25805,1374,41,3,2,44
25806,1375,41,3,2,32
25807,1376,41,3,2,94
25808,1377,41,3,2,77
25809,1378,41,3,2,38
25810,1379,41,3,2,89
25811,1380,41,3,2,88
25812,1381,41,3,2,46
25813,1382,41,3,2,49
25814,1383,41,3,2,36
25815,1384,41,3,2,97
25816,1385,41,3,2,72
25817,1386,41,3,2,64
25818,1387,41,3,2,40
25819,1388,41,3,2,39
11004,1179,41,4,2,145
11005,1180,41,4,2,96
11006,1181,41,4,2,71
11007,1182,41,4,2,177
11008,1183,41,4,2,106
11009,1184,41,4,2,109
11010,1185,41,4,2,129
11011,1186,41,4,2,155
11012,1187,41,4,2,152
11013,1188,41,4,2,148
11014,1189,41,4,2,119
11015,1190,41,4,2,161
11016,1191,41,4,2,105
11017,1192,41,4,2,86
11018,1193,41,4,2,69
11019,1194,41,4,2,100
11020,1195,41,4,2,93
11021,1196,41,4,2,85
11022,1197,41,4,2,115
11023,1198,41,4,2,85
11024,110,41,4,2,153
11025,1199,41,4,2,106
11026,1200,41,4,2,90
11027,1201,41,4,2,83
11028,1202,41,4,2,102
11029,1203,41,4,2,189
11030,1204,41,4,2,146
11031,1205,41,4,2,95
11032,1206,41,4,2,119
11033,1207,41,4,2,170
11034,1208,41,4,2,79
11035,1209,41,4,2,138
11036,1210,41,4,2,69
11037,1211,41,4,2,108
11038,1212,41,4,2,125
11039,1213,41,4,2,122
11040,1214,41,4,2,79
11041,1215,41,4,2,151
11042,1216,41,4,2,79
11043,1217,41,4,2,165
11044,1218,41,4,2,168
11045,1219,41,4,2,139
11046,1220,41,4,2,151
11047,1221,41,4,2,117
11048,1222,41,4,2,98
11049,1223,41,4,2,91
11050,1224,41,4,2,73
11051,1225,41,4,2,157
11052,1226,41,4,2,203
11053,1227,41,4,2,113
11054,1228,41,4,2,150
11055,1229,41,4,2,40
11056,1230,41,4,2,113
11057,1231,41,4,2,89
11058,1232,41,4,2,154
11059,1233,41,4,2,28
11060,1234,41,4,2,82
11061,1235,41,4,2,48
11062,1236,41,4,2,70
11063,1237,41,4,2,80
11064,1238,41,4,2,96
11065,1239,41,4,2,126
11066,540,41,4,2,69
11067,1240,41,4,2,35
11068,1241,41,4,2,115
11069,1242,41,4,2,40
11070,1243,41,4,2,119
11071,1244,41,4,2,95
11072,1245,41,4,2,68
11073,1246,41,4,2,76
11074,1247,41,4,2,109
11075,1248,41,4,2,92
11076,1249,41,4,2,68
11077,1250,41,4,2,91
11078,1251,41,4,2,66
11079,1252,41,4,2,83
11080,1253,41,4,2,130
11081,1254,41,4,2,138
11082,1255,41,4,2,110
11083,1256,41,4,2,69
11084,1257,41,4,2,119
11085,1258,41,4,2,115
11086,1259,41,4,2,91
11087,1260,41,4,2,94
11088,1261,41,4,2,231
11089,1262,41,4,2,134
11090,1263,41,4,2,54
11091,1264,41,4,2,49
11092,1265,41,4,2,168
11093,1266,41,4,2,157
11094,1267,41,4,2,45
11095,1268,41,4,2,74
11096,1269,41,4,2,129
11097,1270,41,4,2,62
11098,1271,41,4,2,113
11099,1272,41,4,2,107
11100,1273,41,4,2,76
11101,1274,41,4,2,61
11102,1275,41,4,2,133
11103,1276,41,4,2,102
11104,1277,41,4,2,30
11105,1278,41,4,2,101
11106,1279,41,4,2,75
11107,1280,41,4,2,54
11108,1281,41,4,2,129
11109,573,41,4,2,42
11110,1282,41,4,2,27
11111,1283,41,4,2,106
11112,1284,41,4,2,60
11113,1285,41,4,2,137
11114,1286,41,4,2,55
11115,1287,41,4,2,132
11116,1288,41,4,2,50
11117,1289,41,4,2,29
11118,1290,41,4,2,62
11119,1291,41,4,2,94
11120,1292,41,4,2,51
11121,1293,41,4,2,153
11122,1294,41,4,2,157
11123,1295,41,4,2,48
11124,1296,41,4,2,118
11125,1297,41,4,2,69
11126,1298,41,4,2,38
11127,1299,41,4,2,28
11128,1300,41,4,2,81
11129,1301,41,4,2,100
11130,1302,41,4,2,71
11131,1303,41,4,2,150
11132,1304,41,4,2,222
11133,1305,41,4,2,46
11134,1306,41,4,2,111
11135,1307,41,4,2,93
11136,1308,41,4,2,47
11137,1309,41,4,2,243
11138,1310,41,4,2,29
11139,1311,41,4,2,144
11140,1312,41,4,2,192
11141,1313,41,4,2,93
11142,1314,41,4,2,60
11143,1315,41,4,2,90
11144,1316,41,4,2,138
11145,1317,41,4,2,111
11146,1318,41,4,2,170
11147,1319,41,4,2,72
11148,1320,41,4,2,35
11149,1321,41,4,2,125
11150,1322,41,4,2,204
11151,1323,41,4,2,39
11152,1324,41,4,2,63
11153,1325,41,4,2,145
11154,1326,41,4,2,31
11155,1327,41,4,2,99
11156,1328,41,4,2,55
11157,1329,41,4,2,38
11158,1330,41,4,2,80
11159,1331,41,4,2,58
11160,1332,41,4,2,112
11161,1333,41,4,2,67
11162,1334,41,4,2,62
11163,1335,41,4,2,44
11164,1336,41,4,2,79
11165,1337,41,4,2,21
11166,1338,41,4,2,91
11167,1339,41,4,2,101
11168,1340,41,4,2,145
11169,1341,41,4,2,69
11170,1342,41,4,2,167
11171,1343,41,4,2,76
11172,1344,41,4,2,63
11173,1345,41,4,2,80
11174,1346,41,4,2,129
11175,1347,41,4,2,110
11176,1348,41,4,2,26
11177,1349,41,4,2,124
11178,1350,41,4,2,46
11179,1351,41,4,2,99
11180,1352,41,4,2,40
11181,1353,41,4,2,41
11182,1354,41,4,2,24
11183,1355,41,4,2,23
11184,1356,41,4,2,53
11185,1357,41,4,2,63
11186,1358,41,4,2,63
11187,1359,41,4,2,141
11188,1360,41,4,2,152
11189,1361,41,4,2,52
11190,1362,41,4,2,57
11191,1363,41,4,2,27
11192,1364,41,4,2,115
11193,1365,41,4,2,175
11194,1366,41,4,2,77
11195,1367,41,4,2,61
11196,1368,41,4,2,36
11197,1369,41,4,2,31
11198,1370,41,4,2,40
11199,1371,41,4,2,38
11200,1372,41,4,2,31
11201,1373,41,4,2,67
11202,1374,41,4,2,68
11203,1375,41,4,2,26
11204,1376,41,4,2,109
11205,1377,41,4,2,76
11206,1378,41,4,2,46
11207,1379,41,4,2,105
11208,1380,41,4,2,127
11209,1381,41,4,2,49
11210,1382,41,4,2,35
11211,1383,41,4,2,29
11212,1384,41,4,2,114
11213,1385,41,4,2,130
11214,1386,41,4,2,107
11215,1387,41,4,2,49
11216,1388,41,4,2,35
26894,1179,41,4,2,138
26895,1180,41,4,2,96
26896,1181,41,4,2,71
26897,1182,41,4,2,150
26898,1184,41,4,2,108
26899,1185,41,4,2,124
26900,1187,41,4,2,145
26901,1188,41,4,2,150
26902,1189,41,4,2,118
26903,1190,41,4,2,149
26904,1191,41,4,2,105
26905,1192,41,4,2,84
26906,1193,41,4,2,66
26907,1194,41,4,2,100
26908,1195,41,4,2,80
26909,1196,41,4,2,85
26910,1197,41,4,2,99
26911,1198,41,4,2,83
26912,110,41,4,2,144
26913,1199,41,4,2,102
26914,1200,41,4,2,86
26915,1201,41,4,2,82
26916,1202,41,4,2,91
26917,1203,41,4,2,178
26918,1204,41,4,2,133
26919,1205,41,4,2,91
26920,1206,41,4,2,130
26921,1207,41,4,2,140
26922,1208,41,4,2,73
26923,1209,41,4,2,126
26924,1210,41,4,2,60
26925,1211,41,4,2,75
26926,1212,41,4,2,136
26927,1213,41,4,2,118
26928,1214,41,4,2,107
26929,1215,41,4,2,125
26930,1216,41,4,2,104
26931,1217,41,4,2,167
26932,1218,41,4,2,171
26933,1219,41,4,2,126
26934,1220,41,4,2,136
26935,1221,41,4,2,117
26936,1222,41,4,2,86
26937,1223,41,4,2,76
26938,1224,41,4,2,67
26939,1225,41,4,2,126
26940,1226,41,4,2,191
26941,1227,41,4,2,103
26942,1228,41,4,2,150
26943,1229,41,4,2,40
26944,1230,41,4,2,110
26945,1231,41,4,2,53
26946,1232,41,4,2,142
26947,1233,41,4,2,34
26948,1234,41,4,2,78
26949,1235,41,4,2,45
26950,1236,41,4,2,70
26951,1237,41,4,2,80
26952,1238,41,4,2,96
26953,1239,41,4,2,130
26954,540,41,4,2,69
26955,1240,41,4,2,35
26956,1241,41,4,2,121
26957,1242,41,4,2,42
26958,1243,41,4,2,119
26959,1244,41,4,2,87
26960,1245,41,4,2,68
26961,1246,41,4,2,76
26962,1247,41,4,2,137
26963,1248,41,4,2,76
26964,1249,41,4,2,65
26965,1250,41,4,2,85
26966,1251,41,4,2,59
26967,1252,41,4,2,83
26968,1253,41,4,2,123
26969,1254,41,4,2,134
26970,1255,41,4,2,93
26971,1256,41,4,2,64
26972,1257,41,4,2,117
26973,1258,41,4,2,109
26974,1259,41,4,2,91
26975,1260,41,4,2,94
26976,1261,41,4,2,213
26977,1262,41,4,2,133
26978,1263,41,4,2,54
26979,1264,41,4,2,49
26980,1265,41,4,2,119
26981,1266,41,4,2,154
26982,1267,41,4,2,44
26983,1268,41,4,2,74
26984,1269,41,4,2,129
26985,1270,41,4,2,62
26986,1271,41,4,2,111
26987,1272,41,4,2,98
26988,1273,41,4,2,67
26989,1274,41,4,2,102
26990,1275,41,4,2,130
26991,1276,41,4,2,102
26992,1277,41,4,2,29
26993,1278,41,4,2,131
26994,1279,41,4,2,84
26995,1280,41,4,2,54
26996,1281,41,4,2,112
26997,573,41,4,2,42
26998,1282,41,4,2,27
26999,1283,41,4,2,71
27000,1284,41,4,2,60
27001,1285,41,4,2,97
27002,1286,41,4,2,55
27003,1287,41,4,2,132
27004,1288,41,4,2,50
27005,1289,41,4,2,29
27006,1290,41,4,2,56
27007,1291,41,4,2,95
27008,1292,41,4,2,48
27009,1293,41,4,2,138
27010,1294,41,4,2,141
27011,1295,41,4,2,48
27012,1296,41,4,2,101
27013,1297,41,4,2,70
27014,1298,41,4,2,38
27015,1299,41,4,2,30
27016,1300,41,4,2,80
27017,1301,41,4,2,80
27018,1302,41,4,2,71
27019,1303,41,4,2,155
27020,1304,41,4,2,222
27021,1305,41,4,2,46
27022,1306,41,4,2,113
27023,1307,41,4,2,93
27024,1308,41,4,2,47
27025,1309,41,4,2,236
27026,1310,41,4,2,37
27027,1311,41,4,2,157
27028,1312,41,4,2,98
27029,1313,41,4,2,94
27030,1314,41,4,2,50
27031,1315,41,4,2,73
27032,1316,41,4,2,138
27033,1317,41,4,2,111
27034,1318,41,4,2,159
27035,1319,41,4,2,72
27036,1320,41,4,2,35
27037,1321,41,4,2,125
27038,1322,41,4,2,203
27039,1323,41,4,2,39
27040,1324,41,4,2,58
27041,1325,41,4,2,145
27042,1326,41,4,2,29
27043,1327,41,4,2,99
27044,1328,41,4,2,55
27045,1329,41,4,2,38
27046,1330,41,4,2,90
27047,1331,41,4,2,58
27048,1332,41,4,2,96
27049,1333,41,4,2,67
27050,1334,41,4,2,62
27051,1335,41,4,2,42
27052,1336,41,4,2,87
27053,1337,41,4,2,21
27054,1338,41,4,2,86
27055,1339,41,4,2,92
27056,1340,41,4,2,137
27057,1341,41,4,2,70
27058,1342,41,4,2,133
27059,1343,41,4,2,64
27060,1344,41,4,2,63
27061,1345,41,4,2,75
27062,1346,41,4,2,123
27063,1347,41,4,2,110
27064,1348,41,4,2,26
27065,1349,41,4,2,111
27066,1350,41,4,2,46
27067,1351,41,4,2,99
27068,1352,41,4,2,40
27069,1353,41,4,2,41
27070,1354,41,4,2,24
27071,1355,41,4,2,23
27072,1356,41,4,2,53
27073,1357,41,4,2,58
27074,1358,41,4,2,53
27075,1359,41,4,2,141
27076,1360,41,4,2,145
27077,1361,41,4,2,48
27078,1362,41,4,2,57
27079,1363,41,4,2,27
27080,1364,41,4,2,110
27081,1365,41,4,2,173
27082,1366,41,4,2,77
27083,1367,41,4,2,61
27084,1368,41,4,2,36
27085,1369,41,4,2,31
27086,1370,41,4,2,40
27087,1371,41,4,2,38
27088,1372,41,4,2,36
27089,1373,41,4,2,64
27090,1374,41,4,2,68
27091,1375,41,4,2,26
27092,1376,41,4,2,103
27093,1377,41,4,2,75
27094,1378,41,4,2,51
27095,1379,41,4,2,105
27096,1380,41,4,2,127
27097,1381,41,4,2,49
27098,1382,41,4,2,35
27099,1383,41,4,2,29
27100,1384,41,4,2,114
27101,1385,41,4,2,130
27102,1386,41,4,2,107
27103,1387,41,4,2,49
27104,1388,41,4,2,35
9602,1179,41,4,1,118
9603,1180,41,4,1,107
9604,1181,41,4,1,111
9605,1182,41,4,1,114
9606,1183,41,4,1,119
9607,1184,41,4,1,113
9608,1185,41,4,1,116
9609,1186,41,4,1,119
9610,1187,41,4,1,103
9611,1188,41,4,1,121
9612,1189,41,4,1,115
9613,1190,41,4,1,118
9614,1191,41,4,1,112
9615,1192,41,4,1,100
9616,1193,41,4,1,113
9617,1194,41,4,1,106
9618,1195,41,4,1,101
9619,1196,41,4,1,100
9620,1197,41,4,1,106
9621,1198,41,4,1,107
9622,110,41,4,1,120
9623,1199,41,4,1,101
9624,1200,41,4,1,97
9625,1201,41,4,1,109
9626,1202,41,4,1,109
9627,1203,41,4,1,113
9628,1204,41,4,1,112
9629,1205,41,4,1,108
9630,1206,41,4,1,121
9631,1207,41,4,1,119
9632,1208,41,4,1,102
9633,1209,41,4,1,117
9634,1210,41,4,1,109
9635,1211,41,4,1,112
9636,1212,41,4,1,122
9637,1213,41,4,1,108
9638,1214,41,4,1,109
9639,1215,41,4,1,120
9640,1216,41,4,1,82
9641,1217,41,4,1,115
9642,1218,41,4,1,114
9643,1219,41,4,1,116
9644,1220,41,4,1,113
9645,1221,41,4,1,105
9646,1222,41,4,1,114
9647,1223,41,4,1,101
9648,1224,41,4,1,106
9649,1225,41,4,1,106
9650,1226,41,4,1,122
9651,1227,41,4,1,106
9652,1228,41,4,1,122
9653,1229,41,4,1,94
9654,1230,41,4,1,103
9655,1231,41,4,1,101
9656,1232,41,4,1,117
9657,1233,41,4,1,94
9658,1234,41,4,1,105
9659,1235,41,4,1,98
9660,1236,41,4,1,98
9661,1237,41,4,1,100
9662,1238,41,4,1,123
9663,1239,41,4,1,108
9664,540,41,4,1,100
9665,1240,41,4,1,104
9666,1241,41,4,1,112
9667,1242,41,4,1,89
9668,1243,41,4,1,109
9669,1244,41,4,1,110
9670,1245,41,4,1,113
9671,1246,41,4,1,99
9672,1247,41,4,1,101
9673,1248,41,4,1,104
9674,1249,41,4,1,102
9675,1250,41,4,1,98
9676,1251,41,4,1,111
9677,1252,41,4,1,100
9678,1253,41,4,1,108
9679,1254,41,4,1,95
9680,1255,41,4,1,112
9681,1256,41,4,1,75
9682,1257,41,4,1,103
9683,1258,41,4,1,98
9684,1259,41,4,1,109
9685,1260,41,4,1,107
9686,1261,41,4,1,114
9687,1262,41,4,1,91
9688,1263,41,4,1,100
9689,1264,41,4,1,104
9690,1265,41,4,1,98
9691,1266,41,4,1,106
9692,1267,41,4,1,89
9693,1268,41,4,1,107
9694,1269,41,4,1,109
9695,1270,41,4,1,95
9696,1271,41,4,1,110
9697,1272,41,4,1,112
9698,1273,41,4,1,96
9699,1274,41,4,1,97
9700,1275,41,4,1,113
9701,1276,41,4,1,109
9702,1277,41,4,1,93
9703,1278,41,4,1,108
9704,1279,41,4,1,89
9705,1280,41,4,1,96
9706,1281,41,4,1,114
9707,573,41,4,1,110
9708,1282,41,4,1,99
9709,1283,41,4,1,111
9710,1284,41,4,1,98
9711,1285,41,4,1,98
9712,1286,41,4,1,93
9713,1287,41,4,1,108
9714,1288,41,4,1,101
9715,1289,41,4,1,100
9716,1290,41,4,1,110
9717,1291,41,4,1,120
9718,1292,41,4,1,93
9719,1293,41,4,1,93
9720,1294,41,4,1,102
9721,1295,41,4,1,81
9722,1296,41,4,1,102
9723,1297,41,4,1,117
9724,1298,41,4,1,87
9725,1299,41,4,1,100
9726,1300,41,4,1,101
9727,1301,41,4,1,109
9728,1302,41,4,1,103
9729,1303,41,4,1,116
9730,1304,41,4,1,117
9731,1305,41,4,1,83
9732,1306,41,4,1,89
9733,1307,41,4,1,101
9734,1308,41,4,1,92
9735,1309,41,4,1,116
9736,1310,41,4,1,99
9737,1311,41,4,1,112
9738,1312,41,4,1,116
9739,1313,41,4,1,102
9740,1314,41,4,1,96
9741,1315,41,4,1,88
9742,1316,41,4,1,101
9743,1317,41,4,1,101
9744,1318,41,4,1,120
9745,1319,41,4,1,92
9746,1320,41,4,1,87
9747,1321,41,4,1,111
9748,1322,41,4,1,128
9749,1323,41,4,1,110
9750,1324,41,4,1,94
9751,1325,41,4,1,114
9752,1326,41,4,1,104
9753,1327,41,4,1,104
9754,1328,41,4,1,87
9755,1329,41,4,1,108
9756,1330,41,4,1,103
9757,1331,41,4,1,99
9758,1332,41,4,1,96
9759,1333,41,4,1,94
9760,1334,41,4,1,93
9761,1335,41,4,1,97
9762,1336,41,4,1,93
9763,1337,41,4,1,65
9764,1338,41,4,1,112
9765,1339,41,4,1,101
9766,1340,41,4,1,94
9767,1341,41,4,1,82
9768,1342,41,4,1,94
9769,1343,41,4,1,81
9770,1344,41,4,1,102
9771,1345,41,4,1,97
9772,1346,41,4,1,95
9773,1347,41,4,1,97
9774,1348,41,4,1,80
9775,1349,41,4,1,97
9776,1350,41,4,1,80
9777,1351,41,4,1,111
9778,1352,41,4,1,77
9779,1353,41,4,1,92
9780,1354,41,4,1,81
9781,1355,41,4,1,89
9782,1356,41,4,1,99
9783,1357,41,4,1,95
9784,1358,41,4,1,71
9785,1359,41,4,1,114
9786,1360,41,4,1,90
9787,1361,41,4,1,81
9788,1362,41,4,1,107
9789,1363,41,4,1,87
9790,1364,41,4,1,92
9791,1365,41,4,1,123
9792,1366,41,4,1,120
9793,1367,41,4,1,95
9794,1368,41,4,1,109
9795,1369,41,4,1,92
9796,1370,41,4,1,76
9797,1371,41,4,1,88
9798,1372,41,4,1,86
9799,1373,41,4,1,100
9800,1374,41,4,1,97
9801,1375,41,4,1,79
9802,1376,41,4,1,112
9803,1377,41,4,1,82
9804,1378,41,4,1,89
9805,1379,41,4,1,104
9806,1380,41,4,1,102
9807,1381,41,4,1,89
9808,1382,41,4,1,96
9809,1383,41,4,1,90
9810,1384,41,4,1,101
9811,1385,41,4,1,92
9812,1386,41,4,1,119
9813,1387,41,4,1,96
9814,1388,41,4,1,108
23039,1179,41,4,1,117
23040,1180,41,4,1,107
23041,1181,41,4,1,111
23042,1182,41,4,1,114
23043,1184,41,4,1,113
23044,1185,41,4,1,119
23045,1187,41,4,1,99
23046,1188,41,4,1,118
23047,1189,41,4,1,115
23048,1190,41,4,1,117
23049,1191,41,4,1,112
23050,1192,41,4,1,98
23051,1193,41,4,1,111
23052,1194,41,4,1,106
23053,1195,41,4,1,95
23054,1196,41,4,1,100
23055,1197,41,4,1,101
23056,1198,41,4,1,104
23057,110,41,4,1,110
23058,1199,41,4,1,100
23059,1200,41,4,1,100
23060,1201,41,4,1,108
23061,1202,41,4,1,106
23062,1203,41,4,1,108
23063,1204,41,4,1,107
23064,1205,41,4,1,105
23065,1206,41,4,1,118
23066,1207,41,4,1,114
23067,1208,41,4,1,98
23068,1209,41,4,1,114
23069,1210,41,4,1,103
23070,1211,41,4,1,103
23071,1212,41,4,1,118
23072,1213,41,4,1,103
23073,1214,41,4,1,114
23074,1215,41,4,1,109
23075,1216,41,4,1,89
23076,1217,41,4,1,114
23077,1218,41,4,1,109
23078,1219,41,4,1,115
23079,1220,41,4,1,110
23080,1221,41,4,1,106
23081,1222,41,4,1,108
23082,1223,41,4,1,100
23083,1224,41,4,1,101
23084,1225,41,4,1,107
23085,1226,41,4,1,121
23086,1227,41,4,1,98
23087,1228,41,4,1,122
23088,1229,41,4,1,94
23089,1230,41,4,1,92
23090,1231,41,4,1,94
23091,1232,41,4,1,114
23092,1233,41,4,1,88
23093,1234,41,4,1,96
23094,1235,41,4,1,96
23095,1236,41,4,1,98
23096,1237,41,4,1,100
23097,1238,41,4,1,122
23098,1239,41,4,1,101
23099,540,41,4,1,100
23100,1240,41,4,1,104
23101,1241,41,4,1,107
23102,1242,41,4,1,89
23103,1243,41,4,1,109
23104,1244,41,4,1,107
23105,1245,41,4,1,113
23106,1246,41,4,1,95
23107,1247,41,4,1,103
23108,1248,41,4,1,101
23109,1249,41,4,1,96
23110,1250,41,4,1,89
23111,1251,41,4,1,107
23112,1252,41,4,1,100
23113,1253,41,4,1,105
23114,1254,41,4,1,92
23115,1255,41,4,1,101
23116,1256,41,4,1,79
23117,1257,41,4,1,95
23118,1258,41,4,1,96
23119,1259,41,4,1,109
23120,1260,41,4,1,107
23121,1261,41,4,1,108
23122,1262,41,4,1,91
23123,1263,41,4,1,100
23124,1264,41,4,1,104
23125,1265,41,4,1,83
23126,1266,41,4,1,101
23127,1267,41,4,1,85
23128,1268,41,4,1,107
23129,1269,41,4,1,109
23130,1270,41,4,1,95
23131,1271,41,4,1,102
23132,1272,41,4,1,107
23133,1273,41,4,1,89
23134,1274,41,4,1,93
23135,1275,41,4,1,112
23136,1276,41,4,1,109
23137,1277,41,4,1,91
23138,1278,41,4,1,110
23139,1279,41,4,1,98
23140,1280,41,4,1,96
23141,1281,41,4,1,109
23142,573,41,4,1,110
23143,1282,41,4,1,99
23144,1283,41,4,1,99
23145,1284,41,4,1,98
23146,1285,41,4,1,88
23147,1286,41,4,1,93
23148,1287,41,4,1,108
23149,1288,41,4,1,101
23150,1289,41,4,1,100
23151,1290,41,4,1,101
23152,1291,41,4,1,116
23153,1292,41,4,1,90
23154,1293,41,4,1,87
23155,1294,41,4,1,97
23156,1295,41,4,1,81
23157,1296,41,4,1,94
23158,1297,41,4,1,116
23159,1298,41,4,1,87
23160,1299,41,4,1,99
23161,1300,41,4,1,100
23162,1301,41,4,1,97
23163,1302,41,4,1,103
23164,1303,41,4,1,111
23165,1304,41,4,1,117
23166,1305,41,4,1,83
23167,1306,41,4,1,88
23168,1307,41,4,1,101
23169,1308,41,4,1,92
23170,1309,41,4,1,113
23171,1310,41,4,1,93
23172,1311,41,4,1,92
23173,1312,41,4,1,90
23174,1313,41,4,1,91
23175,1314,41,4,1,85
23176,1315,41,4,1,74
23177,1316,41,4,1,101
23178,1317,41,4,1,101
23179,1318,41,4,1,115
23180,1319,41,4,1,92
23181,1320,41,4,1,87
23182,1321,41,4,1,111
23183,1322,41,4,1,126
23184,1323,41,4,1,110
23185,1324,41,4,1,82
23186,1325,41,4,1,114
23187,1326,41,4,1,89
23188,1327,41,4,1,104
23189,1328,41,4,1,87
23190,1329,41,4,1,107
23191,1330,41,4,1,101
23192,1331,41,4,1,99
23193,1332,41,4,1,94
23194,1333,41,4,1,94
23195,1334,41,4,1,93
23196,1335,41,4,1,94
23197,1336,41,4,1,86
23198,1337,41,4,1,65
23199,1338,41,4,1,100
23200,1339,41,4,1,95
23201,1340,41,4,1,90
23202,1341,41,4,1,81
23203,1342,41,4,1,84
23204,1343,41,4,1,70
23205,1344,41,4,1,102
23206,1345,41,4,1,95
23207,1346,41,4,1,92
23208,1347,41,4,1,97
23209,1348,41,4,1,80
23210,1349,41,4,1,83
23211,1350,41,4,1,80
23212,1351,41,4,1,111
23213,1352,41,4,1,77
23214,1353,41,4,1,92
23215,1354,41,4,1,81
23216,1355,41,4,1,89
23217,1356,41,4,1,99
23218,1357,41,4,1,88
23219,1358,41,4,1,74
23220,1359,41,4,1,114
23221,1360,41,4,1,88
23222,1361,41,4,1,72
23223,1362,41,4,1,107
23224,1363,41,4,1,87
23225,1364,41,4,1,87
23226,1365,41,4,1,116
23227,1366,41,4,1,120
23228,1367,41,4,1,95
23229,1368,41,4,1,89
23230,1369,41,4,1,92
23231,1370,41,4,1,76
23232,1371,41,4,1,88
23233,1372,41,4,1,85
23234,1373,41,4,1,94
23235,1374,41,4,1,97
23236,1375,41,4,1,79
23237,1376,41,4,1,106
23238,1377,41,4,1,81
23239,1378,41,4,1,86
23240,1379,41,4,1,104
23241,1380,41,4,1,102
23242,1381,41,4,1,89
23243,1382,41,4,1,96
23244,1383,41,4,1,90
23245,1384,41,4,1,101
23246,1385,41,4,1,92
23247,1386,41,4,1,119
23248,1387,41,4,1,96
23249,1388,41,4,1,108
12406,1179,41,5,1,109
12407,1180,41,5,1,106
12408,1181,41,5,1,110
12409,1182,41,5,1,107
12410,1183,41,5,1,110
12411,1184,41,5,1,110
12412,1185,41,5,1,110
12413,1186,41,5,1,109
12414,1187,41,5,1,95
12415,1188,41,5,1,114
12416,1189,41,5,1,112
12417,1190,41,5,1,112
12418,1191,41,5,1,105
12419,1192,41,5,1,106
12420,1193,41,5,1,109
12421,1194,41,5,1,109
12422,1195,41,5,1,104
12423,1196,41,5,1,100
12424,1197,41,5,1,106
12425,1198,41,5,1,109
12426,110,41,5,1,115
12427,1199,41,5,1,103
12428,1200,41,5,1,98
12429,1201,41,5,1,110
12430,1202,41,5,1,115
12431,1203,41,5,1,114
12432,1204,41,5,1,106
12433,1205,41,5,1,109
12434,1206,41,5,1,120
12435,1207,41,5,1,119
12436,1208,41,5,1,100
12437,1209,41,5,1,111
12438,1210,41,5,1,109
12439,1211,41,5,1,110
12440,1212,41,5,1,123
12441,1213,41,5,1,111
12442,1214,41,5,1,113
12443,1215,41,5,1,115
12444,1216,41,5,1,63
12445,1217,41,5,1,110
12446,1218,41,5,1,115
12447,1219,41,5,1,119
12448,1220,41,5,1,108
12449,1221,41,5,1,109
12450,1222,41,5,1,112
12451,1223,41,5,1,105
12452,1224,41,5,1,99
12453,1225,41,5,1,98
12454,1226,41,5,1,123
12455,1227,41,5,1,104
12456,1228,41,5,1,121
12457,1229,41,5,1,101
12458,1230,41,5,1,109
12459,1231,41,5,1,100
12460,1232,41,5,1,111
12461,1233,41,5,1,105
12462,1234,41,5,1,111
12463,1235,41,5,1,104
12464,1236,41,5,1,103
12465,1237,41,5,1,99
12466,1238,41,5,1,122
12467,1239,41,5,1,108
12468,540,41,5,1,100
12469,1240,41,5,1,107
12470,1241,41,5,1,114
12471,1242,41,5,1,89
12472,1243,41,5,1,114
12473,1244,41,5,1,112
12474,1245,41,5,1,110
12475,1246,41,5,1,101
12476,1247,41,5,1,99
12477,1248,41,5,1,103
12478,1249,41,5,1,109
12479,1250,41,5,1,97
12480,1251,41,5,1,124
12481,1252,41,5,1,109
12482,1253,41,5,1,111
12483,1254,41,5,1,104
12484,1255,41,5,1,108
12485,1256,41,5,1,84
12486,1257,41,5,1,100
12487,1258,41,5,1,98
12488,1259,41,5,1,116
12489,1260,41,5,1,106
12490,1261,41,5,1,107
12491,1262,41,5,1,96
12492,1263,41,5,1,102
12493,1264,41,5,1,101
12494,1265,41,5,1,96
12495,1266,41,5,1,104
12496,1267,41,5,1,94
12497,1268,41,5,1,118
12498,1269,41,5,1,108
12499,1270,41,5,1,95
12500,1271,41,5,1,113
12501,1272,41,5,1,110
12502,1273,41,5,1,98
12503,1274,41,5,1,97
12504,1275,41,5,1,111
12505,1276,41,5,1,109
12506,1277,41,5,1,100
12507,1278,41,5,1,115
12508,1279,41,5,1,92
12509,1280,41,5,1,96
12510,1281,41,5,1,111
12511,573,41,5,1,107
12512,1282,41,5,1,96
12513,1283,41,5,1,109
12514,1284,41,5,1,98
12515,1285,41,5,1,99
12516,1286,41,5,1,96
12517,1287,41,5,1,105
12518,1288,41,5,1,106
12519,1289,41,5,1,101
12520,1290,41,5,1,106
12521,1291,41,5,1,116
12522,1292,41,5,1,93
12523,1293,41,5,1,91
12524,1294,41,5,1,103
12525,1295,41,5,1,84
12526,1296,41,5,1,105
12527,1297,41,5,1,120
12528,1298,41,5,1,93
12529,1299,41,5,1,96
12530,1300,41,5,1,102
12531,1301,41,5,1,113
12532,1302,41,5,1,101
12533,1303,41,5,1,107
12534,1304,41,5,1,110
12535,1305,41,5,1,88
12536,1306,41,5,1,87
12537,1307,41,5,1,105
12538,1308,41,5,1,92
12539,1309,41,5,1,111
12540,1310,41,5,1,103
12541,1311,41,5,1,111
12542,1312,41,5,1,116
12543,1313,41,5,1,101
12544,1314,41,5,1,98
12545,1315,41,5,1,96
12546,1316,41,5,1,100
12547,1317,41,5,1,100
12548,1318,41,5,1,114
12549,1319,41,5,1,103
12550,1320,41,5,1,99
12551,1321,41,5,1,113
12552,1322,41,5,1,124
12553,1323,41,5,1,103
12554,1324,41,5,1,93
12555,1325,41,5,1,114
12556,1326,41,5,1,100
12557,1327,41,5,1,101
12558,1328,41,5,1,88
12559,1329,41,5,1,111
12560,1330,41,5,1,112
12561,1331,41,5,1,91
12562,1332,41,5,1,98
12563,1333,41,5,1,97
12564,1334,41,5,1,102
12565,1335,41,5,1,100
12566,1336,41,5,1,87
12567,1337,41,5,1,84
12568,1338,41,5,1,104
12569,1339,41,5,1,98
12570,1340,41,5,1,88
12571,1341,41,5,1,89
12572,1342,41,5,1,96
12573,1343,41,5,1,78
12574,1344,41,5,1,102
12575,1345,41,5,1,97
12576,1346,41,5,1,95
12577,1347,41,5,1,102
12578,1348,41,5,1,89
12579,1349,41,5,1,95
12580,1350,41,5,1,88
12581,1351,41,5,1,111
12582,1352,41,5,1,81
12583,1353,41,5,1,98
12584,1354,41,5,1,87
12585,1355,41,5,1,93
12586,1356,41,5,1,102
12587,1357,41,5,1,101
12588,1358,41,5,1,76
12589,1359,41,5,1,121
12590,1360,41,5,1,85
12591,1361,41,5,1,98
12592,1362,41,5,1,116
12593,1363,41,5,1,89
12594,1364,41,5,1,94
12595,1365,41,5,1,109
12596,1366,41,5,1,115
12597,1367,41,5,1,103
12598,1368,41,5,1,112
12599,1369,41,5,1,102
12600,1370,41,5,1,95
12601,1371,41,5,1,88
12602,1372,41,5,1,92
12603,1373,41,5,1,107
12604,1374,41,5,1,106
12605,1375,41,5,1,91
12606,1376,41,5,1,101
12607,1377,41,5,1,85
12608,1378,41,5,1,105
12609,1379,41,5,1,109
12610,1380,41,5,1,103
12611,1381,41,5,1,86
12612,1382,41,5,1,86
12613,1383,41,5,1,94
12614,1384,41,5,1,109
12615,1385,41,5,1,99
12616,1386,41,5,1,127
12617,1387,41,5,1,105
12618,1388,41,5,1,103
21754,1179,41,5,1,109
21755,1180,41,5,1,106
21756,1181,41,5,1,109
21757,1182,41,5,1,106
21758,1184,41,5,1,109
21759,1185,41,5,1,111
21760,1187,41,5,1,93
21761,1188,41,5,1,111
21762,1189,41,5,1,112
21763,1190,41,5,1,113
21764,1191,41,5,1,105
21765,1192,41,5,1,105
21766,1193,41,5,1,107
21767,1194,41,5,1,109
21768,1195,41,5,1,100
21769,1196,41,5,1,100
21770,1197,41,5,1,102
21771,1198,41,5,1,106
21772,110,41,5,1,105
21773,1199,41,5,1,101
21774,1200,41,5,1,101
21775,1201,41,5,1,109
21776,1202,41,5,1,112
21777,1203,41,5,1,110
21778,1204,41,5,1,103
21779,1205,41,5,1,106
21780,1206,41,5,1,112
21781,1207,41,5,1,115
21782,1208,41,5,1,98
21783,1209,41,5,1,108
21784,1210,41,5,1,104
21785,1211,41,5,1,103
21786,1212,41,5,1,120
21787,1213,41,5,1,108
21788,1214,41,5,1,117
21789,1215,41,5,1,106
21790,1216,41,5,1,75
21791,1217,41,5,1,109
21792,1218,41,5,1,111
21793,1219,41,5,1,119
21794,1220,41,5,1,107
21795,1221,41,5,1,109
21796,1222,41,5,1,108
21797,1223,41,5,1,104
21798,1224,41,5,1,95
21799,1225,41,5,1,100
21800,1226,41,5,1,121
21801,1227,41,5,1,97
21802,1228,41,5,1,121
21803,1229,41,5,1,101
21804,1230,41,5,1,98
21805,1231,41,5,1,98
21806,1232,41,5,1,107
21807,1233,41,5,1,98
21808,1234,41,5,1,105
21809,1235,41,5,1,101
21810,1236,41,5,1,103
21811,1237,41,5,1,99
21812,1238,41,5,1,122
21813,1239,41,5,1,105
21814,540,41,5,1,100
21815,1240,41,5,1,107
21816,1241,41,5,1,111
21817,1242,41,5,1,90
21818,1243,41,5,1,114
21819,1244,41,5,1,111
21820,1245,41,5,1,110
21821,1246,41,5,1,99
21822,1247,41,5,1,100
21823,1248,41,5,1,103
21824,1249,41,5,1,104
21825,1250,41,5,1,91
21826,1251,41,5,1,118
21827,1252,41,5,1,109
21828,1253,41,5,1,107
21829,1254,41,5,1,101
21830,1255,41,5,1,97
21831,1256,41,5,1,86
21832,1257,41,5,1,96
21833,1258,41,5,1,96
21834,1259,41,5,1,116
21835,1260,41,5,1,106
21836,1261,41,5,1,103
21837,1262,41,5,1,96
21838,1263,41,5,1,102
21839,1264,41,5,1,101
21840,1265,41,5,1,83
21841,1266,41,5,1,101
21842,1267,41,5,1,89
21843,1268,41,5,1,118
21844,1269,41,5,1,108
21845,1270,41,5,1,95
21846,1271,41,5,1,108
21847,1272,41,5,1,107
21848,1273,41,5,1,92
21849,1274,41,5,1,95
21850,1275,41,5,1,110
21851,1276,41,5,1,109
21852,1277,41,5,1,100
21853,1278,41,5,1,114
21854,1279,41,5,1,96
21855,1280,41,5,1,96
21856,1281,41,5,1,107
21857,573,41,5,1,107
21858,1282,41,5,1,96
21859,1283,41,5,1,102
21860,1284,41,5,1,98
21861,1285,41,5,1,89
21862,1286,41,5,1,96
21863,1287,41,5,1,105
21864,1288,41,5,1,106
21865,1289,41,5,1,101
21866,1290,41,5,1,99
21867,1291,41,5,1,114
21868,1292,41,5,1,91
21869,1293,41,5,1,85
21870,1294,41,5,1,99
21871,1295,41,5,1,84
21872,1296,41,5,1,97
21873,1297,41,5,1,121
21874,1298,41,5,1,93
21875,1299,41,5,1,99
21876,1300,41,5,1,100
21877,1301,41,5,1,100
21878,1302,41,5,1,101
21879,1303,41,5,1,103
21880,1304,41,5,1,110
21881,1305,41,5,1,88
21882,1306,41,5,1,84
21883,1307,41,5,1,105
21884,1308,41,5,1,92
21885,1309,41,5,1,109
21886,1310,41,5,1,96
21887,1311,41,5,1,93
21888,1312,41,5,1,97
21889,1313,41,5,1,95
21890,1314,41,5,1,88
21891,1315,41,5,1,88
21892,1316,41,5,1,100
21893,1317,41,5,1,100
21894,1318,41,5,1,110
21895,1319,41,5,1,103
21896,1320,41,5,1,99
21897,1321,41,5,1,113
21898,1322,41,5,1,123
21899,1323,41,5,1,103
21900,1324,41,5,1,82
21901,1325,41,5,1,114
21902,1326,41,5,1,86
21903,1327,41,5,1,101
21904,1328,41,5,1,88
21905,1329,41,5,1,109
21906,1330,41,5,1,109
21907,1331,41,5,1,91
21908,1332,41,5,1,98
21909,1333,41,5,1,97
21910,1334,41,5,1,102
21911,1335,41,5,1,97
21912,1336,41,5,1,83
21913,1337,41,5,1,84
21914,1338,41,5,1,90
21915,1339,41,5,1,94
21916,1340,41,5,1,86
21917,1341,41,5,1,88
21918,1342,41,5,1,89
21919,1343,41,5,1,71
21920,1344,41,5,1,102
21921,1345,41,5,1,96
21922,1346,41,5,1,92
21923,1347,41,5,1,102
21924,1348,41,5,1,89
21925,1349,41,5,1,83
21926,1350,41,5,1,88
21927,1351,41,5,1,111
21928,1352,41,5,1,81
21929,1353,41,5,1,98
21930,1354,41,5,1,87
21931,1355,41,5,1,93
21932,1356,41,5,1,102
21933,1357,41,5,1,94
21934,1358,41,5,1,78
21935,1359,41,5,1,121
21936,1360,41,5,1,84
21937,1361,41,5,1,86
21938,1362,41,5,1,116
21939,1363,41,5,1,89
21940,1364,41,5,1,90
21941,1365,41,5,1,103
21942,1366,41,5,1,115
21943,1367,41,5,1,103
21944,1368,41,5,1,99
21945,1369,41,5,1,102
21946,1370,41,5,1,95
21947,1371,41,5,1,88
21948,1372,41,5,1,92
21949,1373,41,5,1,101
21950,1374,41,5,1,106
21951,1375,41,5,1,91
21952,1376,41,5,1,96
21953,1377,41,5,1,84
21954,1378,41,5,1,102
21955,1379,41,5,1,109
21956,1380,41,5,1,103
21957,1381,41,5,1,86
21958,1382,41,5,1,86
21959,1383,41,5,1,94
21960,1384,41,5,1,109
21961,1385,41,5,1,99
21962,1386,41,5,1,127
21963,1387,41,5,1,105
21964,1388,41,5,1,103
13808,1179,41,5,2,128
13809,1180,41,5,2,90
13810,1181,41,5,2,74
13811,1182,41,5,2,145
13812,1183,41,5,2,94
13813,1184,41,5,2,105
13814,1185,41,5,2,117
13815,1186,41,5,2,138
13816,1187,41,5,2,128
13817,1188,41,5,2,140
13818,1189,41,5,2,123
13819,1190,41,5,2,144
13820,1191,41,5,2,92
13821,1192,41,5,2,96
13822,1193,41,5,2,67
13823,1194,41,5,2,99
13824,1195,41,5,2,86
13825,1196,41,5,2,88
13826,1197,41,5,2,113
13827,1198,41,5,2,79
13828,110,41,5,2,147
13829,1199,41,5,2,104
13830,1200,41,5,2,111
13831,1201,41,5,2,92
13832,1202,41,5,2,97
13833,1203,41,5,2,177
13834,1204,41,5,2,135
13835,1205,41,5,2,92
13836,1206,41,5,2,143
13837,1207,41,5,2,148
13838,1208,41,5,2,85
13839,1209,41,5,2,125
13840,1210,41,5,2,69
13841,1211,41,5,2,107
13842,1212,41,5,2,141
13843,1213,41,5,2,136
13844,1214,41,5,2,77
13845,1215,41,5,2,134
13846,1216,41,5,2,60
13847,1217,41,5,2,153
13848,1218,41,5,2,160
13849,1219,41,5,2,151
13850,1220,41,5,2,141
13851,1221,41,5,2,114
13852,1222,41,5,2,100
13853,1223,41,5,2,97
13854,1224,41,5,2,69
13855,1225,41,5,2,126
13856,1226,41,5,2,180
13857,1227,41,5,2,109
13858,1228,41,5,2,144
13859,1229,41,5,2,45
13860,1230,41,5,2,128
13861,1231,41,5,2,76
13862,1232,41,5,2,134
13863,1233,41,5,2,25
13864,1234,41,5,2,109
13865,1235,41,5,2,65
13866,1236,41,5,2,79
13867,1237,41,5,2,79
13868,1238,41,5,2,98
13869,1239,41,5,2,118
13870,540,41,5,2,67
13871,1240,41,5,2,49
13872,1241,41,5,2,117
13873,1242,41,5,2,35
13874,1243,41,5,2,125
13875,1244,41,5,2,90
13876,1245,41,5,2,69
13877,1246,41,5,2,87
13878,1247,41,5,2,98
13879,1248,41,5,2,82
13880,1249,41,5,2,81
13881,1250,41,5,2,83
13882,1251,41,5,2,62
13883,1252,41,5,2,103
13884,1253,41,5,2,144
13885,1254,41,5,2,156
13886,1255,41,5,2,110
13887,1256,41,5,2,92
13888,1257,41,5,2,125
13889,1258,41,5,2,110
13890,1259,41,5,2,89
13891,1260,41,5,2,72
13892,1261,41,5,2,201
13893,1262,41,5,2,147
13894,1263,41,5,2,65
13895,1264,41,5,2,44
13896,1265,41,5,2,166
13897,1266,41,5,2,132
13898,1267,41,5,2,49
13899,1268,41,5,2,88
13900,1269,41,5,2,118
13901,1270,41,5,2,59
13902,1271,41,5,2,114
13903,1272,41,5,2,111
13904,1273,41,5,2,88
13905,1274,41,5,2,64
13906,1275,41,5,2,149
13907,1276,41,5,2,87
13908,1277,41,5,2,48
13909,1278,41,5,2,115
13910,1279,41,5,2,86
13911,1280,41,5,2,56
13912,1281,41,5,2,126
13913,573,41,5,2,41
13914,1282,41,5,2,24
13915,1283,41,5,2,95
13916,1284,41,5,2,64
13917,1285,41,5,2,122
13918,1286,41,5,2,52
13919,1287,41,5,2,122
13920,1288,41,5,2,69
13921,1289,41,5,2,34
13922,1290,41,5,2,64
13923,1291,41,5,2,105
13924,1292,41,5,2,45
13925,1293,41,5,2,136
13926,1294,41,5,2,155
13927,1295,41,5,2,52
13928,1296,41,5,2,112
13929,1297,41,5,2,80
13930,1298,41,5,2,47
13931,1299,41,5,2,26
13932,1300,41,5,2,85
13933,1301,41,5,2,126
13934,1302,41,5,2,74
13935,1303,41,5,2,151
13936,1304,41,5,2,199
13937,1305,41,5,2,50
13938,1306,41,5,2,114
13939,1307,41,5,2,99
13940,1308,41,5,2,59
13941,1309,41,5,2,211
13942,1310,41,5,2,28
13943,1311,41,5,2,138
13944,1312,41,5,2,185
13945,1313,41,5,2,82
13946,1314,41,5,2,85
13947,1315,41,5,2,94
13948,1316,41,5,2,132
13949,1317,41,5,2,98
13950,1318,41,5,2,177
13951,1319,41,5,2,106
13952,1320,41,5,2,34
13953,1321,41,5,2,123
13954,1322,41,5,2,191
13955,1323,41,5,2,40
13956,1324,41,5,2,56
13957,1325,41,5,2,140
13958,1326,41,5,2,44
13959,1327,41,5,2,111
13960,1328,41,5,2,50
13961,1329,41,5,2,63
13962,1330,41,5,2,129
13963,1331,41,5,2,45
13964,1332,41,5,2,86
13965,1333,41,5,2,72
13966,1334,41,5,2,87
13967,1335,41,5,2,41
13968,1336,41,5,2,80
13969,1337,41,5,2,48
13970,1338,41,5,2,98
13971,1339,41,5,2,95
13972,1340,41,5,2,135
13973,1341,41,5,2,89
13974,1342,41,5,2,148
13975,1343,41,5,2,55
13976,1344,41,5,2,65
13977,1345,41,5,2,93
13978,1346,41,5,2,128
13979,1347,41,5,2,114
13980,1348,41,5,2,26
13981,1349,41,5,2,115
13982,1350,41,5,2,58
13983,1351,41,5,2,83
13984,1352,41,5,2,40
13985,1353,41,5,2,57
13986,1354,41,5,2,21
13987,1355,41,5,2,26
13988,1356,41,5,2,56
13989,1357,41,5,2,81
13990,1358,41,5,2,60
13991,1359,41,5,2,178
13992,1360,41,5,2,138
13993,1361,41,5,2,72
13994,1362,41,5,2,69
13995,1363,41,5,2,44
13996,1364,41,5,2,138
13997,1365,41,5,2,173
13998,1366,41,5,2,123
13999,1367,41,5,2,87
14000,1368,41,5,2,43
14001,1369,41,5,2,70
14002,1370,41,5,2,82
14003,1371,41,5,2,40
14004,1372,41,5,2,36
14005,1373,41,5,2,110
14006,1374,41,5,2,92
14007,1375,41,5,2,30
14008,1376,41,5,2,105
14009,1377,41,5,2,90
14010,1378,41,5,2,98
14011,1379,41,5,2,111
14012,1380,41,5,2,144
14013,1381,41,5,2,51
14014,1382,41,5,2,41
14015,1383,41,5,2,30
14016,1384,41,5,2,113
14017,1385,41,5,2,132
14018,1386,41,5,2,126
14019,1387,41,5,2,48
14020,1388,41,5,2,24
28179,1179,41,5,2,123
28180,1180,41,5,2,90
28181,1181,41,5,2,75
28182,1182,41,5,2,125
28183,1184,41,5,2,104
28184,1185,41,5,2,112
28185,1187,41,5,2,125
28186,1188,41,5,2,143
28187,1189,41,5,2,122
28188,1190,41,5,2,138
28189,1191,41,5,2,92
28190,1192,41,5,2,95
28191,1193,41,5,2,66
28192,1194,41,5,2,99
28193,1195,41,5,2,76
28194,1196,41,5,2,88
28195,1197,41,5,2,97
28196,1198,41,5,2,78
28197,110,41,5,2,138
28198,1199,41,5,2,99
28199,1200,41,5,2,111
28200,1201,41,5,2,91
28201,1202,41,5,2,87
28202,1203,41,5,2,171
28203,1204,41,5,2,125
28204,1205,41,5,2,88
28205,1206,41,5,2,141
28206,1207,41,5,2,127
28207,1208,41,5,2,79
28208,1209,41,5,2,116
28209,1210,41,5,2,63
28210,1211,41,5,2,76
28211,1212,41,5,2,147
28212,1213,41,5,2,132
28213,1214,41,5,2,106
28214,1215,41,5,2,115
28215,1216,41,5,2,91
28216,1217,41,5,2,162
28217,1218,41,5,2,167
28218,1219,41,5,2,146
28219,1220,41,5,2,131
28220,1221,41,5,2,117
28221,1222,41,5,2,91
28222,1223,41,5,2,78
28223,1224,41,5,2,63
28224,1225,41,5,2,106
28225,1226,41,5,2,171
28226,1227,41,5,2,102
28227,1228,41,5,2,144
28228,1229,41,5,2,45
28229,1230,41,5,2,120
28230,1231,41,5,2,51
28231,1232,41,5,2,124
28232,1233,41,5,2,32
28233,1234,41,5,2,108
28234,1235,41,5,2,60
28235,1236,41,5,2,79
28236,1237,41,5,2,79
28237,1238,41,5,2,98
28238,1239,41,5,2,127
28239,540,41,5,2,67
28240,1240,41,5,2,49
28241,1241,41,5,2,129
28242,1242,41,5,2,37
28243,1243,41,5,2,125
28244,1244,41,5,2,100
28245,1245,41,5,2,69
28246,1246,41,5,2,88
28247,1247,41,5,2,124
28248,1248,41,5,2,79
28249,1249,41,5,2,78
28250,1250,41,5,2,76
28251,1251,41,5,2,56
28252,1252,41,5,2,103
28253,1253,41,5,2,137
28254,1254,41,5,2,147
28255,1255,41,5,2,89
28256,1256,41,5,2,81
28257,1257,41,5,2,134
28258,1258,41,5,2,104
28259,1259,41,5,2,89
28260,1260,41,5,2,72
28261,1261,41,5,2,190
28262,1262,41,5,2,146
28263,1263,41,5,2,65
28264,1264,41,5,2,44
28265,1265,41,5,2,115
28266,1266,41,5,2,137
28267,1267,41,5,2,48
28268,1268,41,5,2,88
28269,1269,41,5,2,118
28270,1270,41,5,2,59
28271,1271,41,5,2,114
28272,1272,41,5,2,105
28273,1273,41,5,2,76
28274,1274,41,5,2,100
28275,1275,41,5,2,147
28276,1276,41,5,2,87
28277,1277,41,5,2,41
28278,1278,41,5,2,132
28279,1279,41,5,2,94
28280,1280,41,5,2,56
28281,1281,41,5,2,109
28282,573,41,5,2,41
28283,1282,41,5,2,24
28284,1283,41,5,2,76
28285,1284,41,5,2,64
28286,1285,41,5,2,92
28287,1286,41,5,2,52
28288,1287,41,5,2,122
28289,1288,41,5,2,69
28290,1289,41,5,2,34
28291,1290,41,5,2,59
28292,1291,41,5,2,99
28293,1292,41,5,2,43
28294,1293,41,5,2,123
28295,1294,41,5,2,147
28296,1295,41,5,2,52
28297,1296,41,5,2,99
28298,1297,41,5,2,86
28299,1298,41,5,2,47
28300,1299,41,5,2,40
28301,1300,41,5,2,84
28302,1301,41,5,2,90
28303,1302,41,5,2,74
28304,1303,41,5,2,159
28305,1304,41,5,2,199
28306,1305,41,5,2,50
28307,1306,41,5,2,109
28308,1307,41,5,2,99
28309,1308,41,5,2,59
28310,1309,41,5,2,209
28311,1310,41,5,2,35
28312,1311,41,5,2,143
28313,1312,41,5,2,119
28314,1313,41,5,2,83
28315,1314,41,5,2,74
28316,1315,41,5,2,103
28317,1316,41,5,2,132
28318,1317,41,5,2,98
28319,1318,41,5,2,167
28320,1319,41,5,2,106
28321,1320,41,5,2,34
28322,1321,41,5,2,123
28323,1322,41,5,2,193
28324,1323,41,5,2,40
28325,1324,41,5,2,55
28326,1325,41,5,2,140
28327,1326,41,5,2,38
28328,1327,41,5,2,111
28329,1328,41,5,2,50
28330,1329,41,5,2,62
28331,1330,41,5,2,127
28332,1331,41,5,2,45
28333,1332,41,5,2,74
28334,1333,41,5,2,72
28335,1334,41,5,2,87
28336,1335,41,5,2,39
28337,1336,41,5,2,90
28338,1337,41,5,2,48
28339,1338,41,5,2,87
28340,1339,41,5,2,94
28341,1340,41,5,2,130
28342,1341,41,5,2,91
28343,1342,41,5,2,123
28344,1343,41,5,2,52
28345,1344,41,5,2,65
28346,1345,41,5,2,91
28347,1346,41,5,2,123
28348,1347,41,5,2,114
28349,1348,41,5,2,26
28350,1349,41,5,2,108
28351,1350,41,5,2,58
28352,1351,41,5,2,83
28353,1352,41,5,2,40
28354,1353,41,5,2,57
28355,1354,41,5,2,21
28356,1355,41,5,2,26
28357,1356,41,5,2,56
28358,1357,41,5,2,72
28359,1358,41,5,2,45
28360,1359,41,5,2,178
28361,1360,41,5,2,132
28362,1361,41,5,2,61
28363,1362,41,5,2,69
28364,1363,41,5,2,44
28365,1364,41,5,2,136
28366,1365,41,5,2,167
28367,1366,41,5,2,123
28368,1367,41,5,2,87
28369,1368,41,5,2,45
28370,1369,41,5,2,70
28371,1370,41,5,2,82
28372,1371,41,5,2,40
28373,1372,41,5,2,38
28374,1373,41,5,2,105
28375,1374,41,5,2,92
28376,1375,41,5,2,30
28377,1376,41,5,2,99
28378,1377,41,5,2,89
28379,1378,41,5,2,98
28380,1379,41,5,2,111
28381,1380,41,5,2,144
28382,1381,41,5,2,51
28383,1382,41,5,2,41
28384,1383,41,5,2,30
28385,1384,41,5,2,113
28386,1385,41,5,2,132
28387,1386,41,5,2,126
28388,1387,41,5,2,48
28389,1388,41,5,2,24
2592,1179,41,1,2,168
2593,1180,41,1,2,87
2594,1181,41,1,2,76
2595,1182,41,1,2,227
2596,1183,41,1,2,144
2597,1184,41,1,2,101
2598,1185,41,1,2,147
2599,1186,41,1,2,192
2600,1187,41,1,2,179
2601,1188,41,1,2,140
2602,1189,41,1,2,129
2603,1190,41,1,2,182
2604,1191,41,1,2,113
2605,1192,41,1,2,76
2606,1193,41,1,2,66
2607,1194,41,1,2,78
2608,1195,41,1,2,84
2609,1196,41,1,2,87
2610,1197,41,1,2,92
2611,1198,41,1,2,69
2612,110,41,1,2,192
2613,1199,41,1,2,82
2614,1200,41,1,2,100
2615,1201,41,1,2,78
2616,1202,41,1,2,138
2617,1203,41,1,2,210
2618,1204,41,1,2,139
2619,1205,41,1,2,101
2620,1206,41,1,2,42
2621,1207,41,1,2,226
2622,1208,41,1,2,70
2623,1209,41,1,2,161
2624,1210,41,1,2,67
2625,1211,41,1,2,97
2626,1212,41,1,2,144
2627,1213,41,1,2,90
2628,1214,41,1,2,76
2629,1215,41,1,2,125
2630,1216,41,1,2,104
2631,1217,41,1,2,164
2632,1218,41,1,2,138
2633,1219,41,1,2,39
2634,1220,41,1,2,172
2635,1221,41,1,2,101
2636,1222,41,1,2,151
2637,1223,41,1,2,107
2638,1224,41,1,2,83
2639,1225,41,1,2,194
2640,1226,41,1,2,225
2641,1227,41,1,2,106
2642,1228,41,1,2,152
2643,1229,41,1,2,40
2644,1230,41,1,2,105
2645,1231,41,1,2,143
2646,1232,41,1,2,164
2647,1233,41,1,2,32
2648,1234,41,1,2,66
2649,1235,41,1,2,33
2650,1236,41,1,2,81
2651,1237,41,1,2,85
2652,1238,41,1,2,119
2653,1239,41,1,2,109
2654,540,41,1,2,71
2655,1240,41,1,2,39
2656,1241,41,1,2,115
2657,1242,41,1,2,52
2658,1243,41,1,2,134
2659,1244,41,1,2,58
2660,1245,41,1,2,61
2661,1246,41,1,2,68
2662,1247,41,1,2,109
2663,1248,41,1,2,122
2664,1249,41,1,2,47
2665,1250,41,1,2,83
2666,1251,41,1,2,63
2667,1252,41,1,2,102
2668,1253,41,1,2,94
2669,1254,41,1,2,74
2670,1255,41,1,2,124
2671,1256,41,1,2,32
2672,1257,41,1,2,98
2673,1258,41,1,2,114
2674,1259,41,1,2,109
2675,1260,41,1,2,61
2676,1261,41,1,2,320
2677,1262,41,1,2,122
2678,1263,41,1,2,31
2679,1264,41,1,2,55
2680,1265,41,1,2,63
2681,1266,41,1,2,165
2682,1267,41,1,2,43
2683,1268,41,1,2,90
2684,1269,41,1,2,141
2685,1270,41,1,2,47
2686,1271,41,1,2,124
2687,1272,41,1,2,99
2688,1273,41,1,2,85
2689,1274,41,1,2,92
2690,1275,41,1,2,124
2691,1276,41,1,2,85
2692,1277,41,1,2,33
2693,1278,41,1,2,115
2694,1279,41,1,2,72
2695,1280,41,1,2,61
2696,1281,41,1,2,202
2697,573,41,1,2,43
2698,1282,41,1,2,38
2699,1283,41,1,2,133
2700,1284,41,1,2,41
2701,1285,41,1,2,164
2702,1286,41,1,2,52
2703,1287,41,1,2,145
2704,1288,41,1,2,37
2705,1289,41,1,2,35
2706,1290,41,1,2,66
2707,1291,41,1,2,127
2708,1292,41,1,2,41
2709,1293,41,1,2,132
2710,1294,41,1,2,61
2711,1295,41,1,2,42
2712,1296,41,1,2,47
2713,1297,41,1,2,35
2714,1298,41,1,2,34
2715,1299,41,1,2,34
2716,1300,41,1,2,100
2717,1301,41,1,2,106
2718,1302,41,1,2,63
2719,1303,41,1,2,146
2720,1304,41,1,2,214
2721,1305,41,1,2,43
2722,1306,41,1,2,61
2723,1307,41,1,2,75
2724,1308,41,1,2,33
2725,1309,41,1,2,229
2726,1310,41,1,2,34
2727,1311,41,1,2,94
2728,1312,41,1,2,44
2729,1313,41,1,2,90
2730,1314,41,1,2,41
2731,1315,41,1,2,119
2732,1316,41,1,2,41
2733,1317,41,1,2,143
2734,1318,41,1,2,160
2735,1319,41,1,2,29
2736,1320,41,1,2,29
2737,1321,41,1,2,89
2738,1322,41,1,2,210
2739,1323,41,1,2,46
2740,1324,41,1,2,74
2741,1325,41,1,2,176
2742,1326,41,1,2,29
2743,1327,41,1,2,72
2744,1328,41,1,2,60
2745,1329,41,1,2,37
2746,1330,41,1,2,63
2747,1331,41,1,2,47
2748,1332,41,1,2,31
2749,1333,41,1,2,50
2750,1334,41,1,2,58
2751,1335,41,1,2,38
2752,1336,41,1,2,52
2753,1337,41,1,2,37
2754,1338,41,1,2,76
2755,1339,41,1,2,109
2756,1340,41,1,2,93
2757,1341,41,1,2,56
2758,1342,41,1,2,179
2759,1343,41,1,2,64
2760,1344,41,1,2,44
2761,1345,41,1,2,44
2762,1346,41,1,2,54
2763,1347,41,1,2,138
2764,1348,41,1,2,26
2765,1349,41,1,2,80
2766,1350,41,1,2,33
2767,1351,41,1,2,124
2768,1352,41,1,2,35
2769,1353,41,1,2,35
2770,1354,41,1,2,31
2771,1355,41,1,2,30
2772,1356,41,1,2,52
2773,1357,41,1,2,48
2774,1358,41,1,2,36
2775,1359,41,1,2,116
2776,1360,41,1,2,165
2777,1361,41,1,2,69
2778,1362,41,1,2,81
2779,1363,41,1,2,28
2780,1364,41,1,2,49
2781,1365,41,1,2,85
2782,1366,41,1,2,69
2783,1367,41,1,2,38
2784,1368,41,1,2,37
2785,1369,41,1,2,27
2786,1370,41,1,2,29
2787,1371,41,1,2,41
2788,1372,41,1,2,37
2789,1373,41,1,2,43
2790,1374,41,1,2,51
2791,1375,41,1,2,38
2792,1376,41,1,2,102
2793,1377,41,1,2,85
2794,1378,41,1,2,43
2795,1379,41,1,2,84
2796,1380,41,1,2,143
2797,1381,41,1,2,48
2798,1382,41,1,2,56
2799,1383,41,1,2,36
2800,1384,41,1,2,101
2801,1385,41,1,2,73
2802,1386,41,1,2,77
2803,1387,41,1,2,40
2804,1388,41,1,2,43
29464,1179,41,1,2,161
29465,1180,41,1,2,87
29466,1181,41,1,2,77
29467,1182,41,1,2,199
29468,1184,41,1,2,99
29469,1185,41,1,2,143
29470,1187,41,1,2,168
29471,1188,41,1,2,131
29472,1189,41,1,2,128
29473,1190,41,1,2,171
29474,1191,41,1,2,113
29475,1192,41,1,2,74
29476,1193,41,1,2,63
29477,1194,41,1,2,78
29478,1195,41,1,2,72
29479,1196,41,1,2,87
29480,1197,41,1,2,81
29481,1198,41,1,2,68
29482,110,41,1,2,178
29483,1199,41,1,2,78
29484,1200,41,1,2,86
29485,1201,41,1,2,78
29486,1202,41,1,2,119
29487,1203,41,1,2,191
29488,1204,41,1,2,136
29489,1205,41,1,2,81
29490,1206,41,1,2,62
29491,1207,41,1,2,181
29492,1208,41,1,2,67
29493,1209,41,1,2,148
29494,1210,41,1,2,57
29495,1211,41,1,2,72
29496,1212,41,1,2,159
29497,1213,41,1,2,87
29498,1214,41,1,2,106
29499,1215,41,1,2,100
29500,1216,41,1,2,101
29501,1217,41,1,2,168
29502,1218,41,1,2,135
29503,1219,41,1,2,37
29504,1220,41,1,2,160
29505,1221,41,1,2,107
29506,1222,41,1,2,131
29507,1223,41,1,2,90
29508,1224,41,1,2,77
29509,1225,41,1,2,169
29510,1226,41,1,2,212
29511,1227,41,1,2,96
29512,1228,41,1,2,152
29513,1229,41,1,2,40
29514,1230,41,1,2,94
29515,1231,41,1,2,83
29516,1232,41,1,2,151
29517,1233,41,1,2,37
29518,1234,41,1,2,59
29519,1235,41,1,2,32
29520,1236,41,1,2,81
29521,1237,41,1,2,85
29522,1238,41,1,2,119
29523,1239,41,1,2,116
29524,540,41,1,2,71
29525,1240,41,1,2,39
29526,1241,41,1,2,100
29527,1242,41,1,2,50
29528,1243,41,1,2,134
29529,1244,41,1,2,57
29530,1245,41,1,2,61
29531,1246,41,1,2,65
29532,1247,41,1,2,134
29533,1248,41,1,2,97
29534,1249,41,1,2,47
29535,1250,41,1,2,74
29536,1251,41,1,2,57
29537,1252,41,1,2,102
29538,1253,41,1,2,87
29539,1254,41,1,2,80
29540,1255,41,1,2,102
29541,1256,41,1,2,34
29542,1257,41,1,2,82
29543,1258,41,1,2,110
29544,1259,41,1,2,109
29545,1260,41,1,2,61
29546,1261,41,1,2,286
29547,1262,41,1,2,122
29548,1263,41,1,2,31
29549,1264,41,1,2,55
29550,1265,41,1,2,59
29551,1266,41,1,2,148
29552,1267,41,1,2,43
29553,1268,41,1,2,90
29554,1269,41,1,2,141
29555,1270,41,1,2,47
29556,1271,41,1,2,113
29557,1272,41,1,2,97
29558,1273,41,1,2,70
29559,1274,41,1,2,87
29560,1275,41,1,2,122
29561,1276,41,1,2,85
29562,1277,41,1,2,32
29563,1278,41,1,2,133
29564,1279,41,1,2,96
29565,1280,41,1,2,61
29566,1281,41,1,2,179
29567,573,41,1,2,43
29568,1282,41,1,2,38
29569,1283,41,1,2,101
29570,1284,41,1,2,41
29571,1285,41,1,2,127
29572,1286,41,1,2,52
29573,1287,41,1,2,145
29574,1288,41,1,2,37
29575,1289,41,1,2,35
29576,1290,41,1,2,59
29577,1291,41,1,2,115
29578,1292,41,1,2,39
29579,1293,41,1,2,124
29580,1294,41,1,2,60
29581,1295,41,1,2,42
29582,1296,41,1,2,45
29583,1297,41,1,2,35
29584,1298,41,1,2,34
29585,1299,41,1,2,36
29586,1300,41,1,2,90
29587,1301,41,1,2,79
29588,1302,41,1,2,63
29589,1303,41,1,2,141
29590,1304,41,1,2,214
29591,1305,41,1,2,43
29592,1306,41,1,2,62
29593,1307,41,1,2,75
29594,1308,41,1,2,33
29595,1309,41,1,2,221
29596,1310,41,1,2,40
29597,1311,41,1,2,67
29598,1312,41,1,2,36
29599,1313,41,1,2,83
29600,1314,41,1,2,37
29601,1315,41,1,2,104
29602,1316,41,1,2,41
29603,1317,41,1,2,143
29604,1318,41,1,2,151
29605,1319,41,1,2,29
29606,1320,41,1,2,29
29607,1321,41,1,2,89
29608,1322,41,1,2,209
29609,1323,41,1,2,46
29610,1324,41,1,2,68
29611,1325,41,1,2,176
29612,1326,41,1,2,27
29613,1327,41,1,2,72
29614,1328,41,1,2,60
29615,1329,41,1,2,37
29616,1330,41,1,2,56
29617,1331,41,1,2,47
29618,1332,41,1,2,35
29619,1333,41,1,2,50
29620,1334,41,1,2,58
29621,1335,41,1,2,36
29622,1336,41,1,2,64
29623,1337,41,1,2,37
29624,1338,41,1,2,70
29625,1339,41,1,2,103
29626,1340,41,1,2,101
29627,1341,41,1,2,55
29628,1342,41,1,2,148
29629,1343,41,1,2,56
29630,1344,41,1,2,44
29631,1345,41,1,2,43
29632,1346,41,1,2,55
29633,1347,41,1,2,138
29634,1348,41,1,2,26
29635,1349,41,1,2,80
29636,1350,41,1,2,33
29637,1351,41,1,2,124
29638,1352,41,1,2,35
29639,1353,41,1,2,35
29640,1354,41,1,2,31
29641,1355,41,1,2,30
29642,1356,41,1,2,52
29643,1357,41,1,2,43
29644,1358,41,1,2,34
29645,1359,41,1,2,116
29646,1360,41,1,2,162
29647,1361,41,1,2,56
29648,1362,41,1,2,81
29649,1363,41,1,2,28
29650,1364,41,1,2,48
29651,1365,41,1,2,81
29652,1366,41,1,2,69
29653,1367,41,1,2,38
29654,1368,41,1,2,36
29655,1369,41,1,2,27
29656,1370,41,1,2,29
29657,1371,41,1,2,41
29658,1372,41,1,2,39
29659,1373,41,1,2,43
29660,1374,41,1,2,51
29661,1375,41,1,2,38
29662,1376,41,1,2,99
29663,1377,41,1,2,84
29664,1378,41,1,2,42
29665,1379,41,1,2,84
29666,1380,41,1,2,143
29667,1381,41,1,2,48
29668,1382,41,1,2,56
29669,1383,41,1,2,36
29670,1384,41,1,2,101
29671,1385,41,1,2,73
29672,1386,41,1,2,77
29673,1387,41,1,2,40
29674,1388,41,1,2,43
117,110,41,1,1,136
554,540,41,1,1,97
589,573,41,1,1,112
1195,1179,41,1,1,117
1196,1180,41,1,1,109
1197,1181,41,1,1,106
1198,1182,41,1,1,117
1199,1183,41,1,1,125
1200,1184,41,1,1,115
1201,1185,41,1,1,127
1202,1186,41,1,1,118
1203,1187,41,1,1,121
1204,1188,41,1,1,123
1205,1189,41,1,1,111
1206,1190,41,1,1,126
1207,1191,41,1,1,123
1208,1192,41,1,1,102
1209,1193,41,1,1,105
1210,1194,41,1,1,113
1211,1195,41,1,1,95
1212,1196,41,1,1,99
1213,1197,41,1,1,109
1214,1198,41,1,1,113
1215,1199,41,1,1,107
1216,1200,41,1,1,99
1217,1201,41,1,1,107
1218,1202,41,1,1,106
1219,1203,41,1,1,120
1220,1204,41,1,1,108
1221,1205,41,1,1,93
1222,1206,41,1,1,105
1223,1207,41,1,1,129
1224,1208,41,1,1,110
1225,1209,41,1,1,130
1226,1210,41,1,1,83
1227,1211,41,1,1,104
1228,1212,41,1,1,124
1229,1213,41,1,1,108
1230,1214,41,1,1,101
1231,1215,41,1,1,107
1232,1216,41,1,1,90
1233,1217,41,1,1,121
1234,1218,41,1,1,104
1235,1219,41,1,1,106
1236,1220,41,1,1,108
1237,1221,41,1,1,96
1238,1222,41,1,1,101
1239,1223,41,1,1,85
1240,1224,41,1,1,116
1241,1225,41,1,1,109
1242,1226,41,1,1,136
1243,1227,41,1,1,101
1244,1228,41,1,1,116
1245,1229,41,1,1,94
1246,1230,41,1,1,96
1247,1231,41,1,1,92
1248,1232,41,1,1,111
1249,1233,41,1,1,78
1250,1234,41,1,1,93
1251,1235,41,1,1,79
1252,1236,41,1,1,94
1253,1237,41,1,1,102
1254,1238,41,1,1,98
1255,1239,41,1,1,97
1256,1240,41,1,1,77
1257,1241,41,1,1,96
1258,1242,41,1,1,94
1259,1243,41,1,1,98
1260,1244,41,1,1,87
1261,1245,41,1,1,113
1262,1246,41,1,1,85
1263,1247,41,1,1,95
1264,1248,41,1,1,101
1265,1249,41,1,1,109
1266,1250,41,1,1,74
1267,1251,41,1,1,122
1268,1252,41,1,1,89
1269,1253,41,1,1,99
1270,1254,41,1,1,69
1271,1255,41,1,1,116
1272,1256,41,1,1,58
1273,1257,41,1,1,86
1274,1258,41,1,1,106
1275,1259,41,1,1,98
1276,1260,41,1,1,84
1277,1261,41,1,1,138
1278,1262,41,1,1,96
1279,1263,41,1,1,99
1280,1264,41,1,1,110
1281,1265,41,1,1,65
1282,1266,41,1,1,103
1283,1267,41,1,1,97
1284,1268,41,1,1,95
1285,1269,41,1,1,102
1286,1270,41,1,1,106
1287,1271,41,1,1,102
1288,1272,41,1,1,100
1289,1273,41,1,1,95
1290,1274,41,1,1,102
1291,1275,41,1,1,102
1292,1276,41,1,1,107
1293,1277,41,1,1,79
1294,1278,41,1,1,97
1295,1279,41,1,1,92
1296,1280,41,1,1,100
1297,1281,41,1,1,102
1298,1282,41,1,1,102
1299,1283,41,1,1,105
1300,1284,41,1,1,91
1301,1285,41,1,1,104
1302,1286,41,1,1,98
1303,1287,41,1,1,99
1304,1288,41,1,1,108
1305,1289,41,1,1,77
1306,1290,41,1,1,105
1307,1291,41,1,1,117
1308,1292,41,1,1,103
1309,1293,41,1,1,86
1310,1294,41,1,1,81
1311,1295,41,1,1,69
1312,1296,41,1,1,100
1313,1297,41,1,1,115
1314,1298,41,1,1,88
1315,1299,41,1,1,95
1316,1300,41,1,1,111
1317,1301,41,1,1,90
1318,1302,41,1,1,101
1319,1303,41,1,1,123
1320,1304,41,1,1,107
1321,1305,41,1,1,73
1322,1306,41,1,1,87
1323,1307,41,1,1,94
1324,1308,41,1,1,81
1325,1309,41,1,1,120
1326,1310,41,1,1,120
1327,1311,41,1,1,88
1328,1312,41,1,1,91
1329,1313,41,1,1,96
1330,1314,41,1,1,69
1331,1315,41,1,1,90
1332,1316,41,1,1,98
1333,1317,41,1,1,118
1334,1318,41,1,1,128
1335,1319,41,1,1,69
1336,1320,41,1,1,72
1337,1321,41,1,1,104
1338,1322,41,1,1,137
1339,1323,41,1,1,134
1340,1324,41,1,1,102
1341,1325,41,1,1,128
1342,1326,41,1,1,110
1343,1327,41,1,1,103
1344,1328,41,1,1,87
1345,1329,41,1,1,90
1346,1330,41,1,1,79
1347,1331,41,1,1,103
1348,1332,41,1,1,69
1349,1333,41,1,1,99
1350,1334,41,1,1,70
1351,1335,41,1,1,104
1352,1336,41,1,1,95
1353,1337,41,1,1,55
1354,1338,41,1,1,109
1355,1339,41,1,1,95
1356,1340,41,1,1,86
1357,1341,41,1,1,80
1358,1342,41,1,1,114
1359,1343,41,1,1,74
1360,1344,41,1,1,94
1361,1345,41,1,1,71
1362,1346,41,1,1,76
1363,1347,41,1,1,91
1364,1348,41,1,1,70
1365,1349,41,1,1,74
1366,1350,41,1,1,69
1367,1351,41,1,1,118
1368,1352,41,1,1,92
1369,1353,41,1,1,72
1370,1354,41,1,1,73
1371,1355,41,1,1,77
1372,1356,41,1,1,93
1373,1357,41,1,1,70
1374,1358,41,1,1,75
1375,1359,41,1,1,95
1376,1360,41,1,1,110
1377,1361,41,1,1,89
1378,1362,41,1,1,106
1379,1363,41,1,1,75
1380,1364,41,1,1,68
1381,1365,41,1,1,129
1382,1366,41,1,1,122
1383,1367,41,1,1,70
1384,1368,41,1,1,110
1385,1369,41,1,1,83
1386,1370,41,1,1,97
1387,1371,41,1,1,84
1388,1372,41,1,1,77
1389,1373,41,1,1,78
1390,1374,41,1,1,63
1391,1375,41,1,1,76
1392,1376,41,1,1,109
1393,1377,41,1,1,79
1394,1378,41,1,1,81
1395,1379,41,1,1,95
1396,1380,41,1,1,100
1397,1381,41,1,1,95
1398,1382,41,1,1,94
1399,1383,41,1,1,93
1400,1384,41,1,1,98
1401,1385,41,1,1,67
1402,1386,41,1,1,89
1403,1387,41,1,1,86
1404,1388,41,1,1,113
20469,1179,41,1,1,116
20470,1180,41,1,1,109
20471,1181,41,1,1,106
20472,1182,41,1,1,119
20473,1184,41,1,1,115
20474,1185,41,1,1,128
20475,1187,41,1,1,114
20476,1188,41,1,1,120
20477,1189,41,1,1,111
20478,1190,41,1,1,124
20479,1191,41,1,1,123
20480,1192,41,1,1,100
20481,1193,41,1,1,103
20482,1194,41,1,1,113
20483,1195,41,1,1,90
20484,1196,41,1,1,99
20485,1197,41,1,1,105
20486,1198,41,1,1,111
20487,110,41,1,1,125
20488,1199,41,1,1,107
20489,1200,41,1,1,103
20490,1201,41,1,1,106
20491,1202,41,1,1,101
20492,1203,41,1,1,112
20493,1204,41,1,1,105
20494,1205,41,1,1,89
20495,1206,41,1,1,99
20496,1207,41,1,1,121
20497,1208,41,1,1,107
20498,1209,41,1,1,127
20499,1210,41,1,1,80
20500,1211,41,1,1,98
20501,1212,41,1,1,124
20502,1213,41,1,1,104
20503,1214,41,1,1,105
20504,1215,41,1,1,99
20505,1216,41,1,1,88
20506,1217,41,1,1,120
20507,1218,41,1,1,100
20508,1219,41,1,1,107
20509,1220,41,1,1,107
20510,1221,41,1,1,99
20511,1222,41,1,1,96
20512,1223,41,1,1,83
20513,1224,41,1,1,111
20514,1225,41,1,1,116
20515,1226,41,1,1,133
20516,1227,41,1,1,93
20517,1228,41,1,1,116
20518,1229,41,1,1,94
20519,1230,41,1,1,86
20520,1231,41,1,1,81
20521,1232,41,1,1,108
20522,1233,41,1,1,73
20523,1234,41,1,1,87
20524,1235,41,1,1,79
20525,1236,41,1,1,94
20526,1237,41,1,1,102
20527,1238,41,1,1,98
20528,1239,41,1,1,96
20529,540,41,1,1,97
20530,1240,41,1,1,77
20531,1241,41,1,1,90
20532,1242,41,1,1,91
20533,1243,41,1,1,98
20534,1244,41,1,1,87
20535,1245,41,1,1,113
20536,1246,41,1,1,82
20537,1247,41,1,1,99
20538,1248,41,1,1,97
20539,1249,41,1,1,105
20540,1250,41,1,1,70
20541,1251,41,1,1,118
20542,1252,41,1,1,89
20543,1253,41,1,1,94
20544,1254,41,1,1,69
20545,1255,41,1,1,103
20546,1256,41,1,1,62
20547,1257,41,1,1,79
20548,1258,41,1,1,104
20549,1259,41,1,1,98
20550,1260,41,1,1,84
20551,1261,41,1,1,128
20552,1262,41,1,1,96
20553,1263,41,1,1,99
20554,1264,41,1,1,110
20555,1265,41,1,1,67
20556,1266,41,1,1,96
20557,1267,41,1,1,93
20558,1268,41,1,1,95
20559,1269,41,1,1,102
20560,1270,41,1,1,106
20561,1271,41,1,1,96
20562,1272,41,1,1,99
20563,1273,41,1,1,88
20564,1274,41,1,1,91
20565,1275,41,1,1,101
20566,1276,41,1,1,107
20567,1277,41,1,1,79
20568,1278,41,1,1,97
20569,1279,41,1,1,112
20570,1280,41,1,1,100
20571,1281,41,1,1,100
20572,573,41,1,1,112
20573,1282,41,1,1,102
20574,1283,41,1,1,95
20575,1284,41,1,1,91
20576,1285,41,1,1,92
20577,1286,41,1,1,98
20578,1287,41,1,1,99
20579,1288,41,1,1,108
20580,1289,41,1,1,77
20581,1290,41,1,1,99
20582,1291,41,1,1,113
20583,1292,41,1,1,101
20584,1293,41,1,1,82
20585,1294,41,1,1,80
20586,1295,41,1,1,69
20587,1296,41,1,1,94
20588,1297,41,1,1,114
20589,1298,41,1,1,88
20590,1299,41,1,1,96
20591,1300,41,1,1,107
20592,1301,41,1,1,81
20593,1302,41,1,1,101
20594,1303,41,1,1,117
20595,1304,41,1,1,107
20596,1305,41,1,1,73
20597,1306,41,1,1,89
20598,1307,41,1,1,94
20599,1308,41,1,1,81
20600,1309,41,1,1,118
20601,1310,41,1,1,112
20602,1311,41,1,1,62
20603,1312,41,1,1,78
20604,1313,41,1,1,82
20605,1314,41,1,1,64
20606,1315,41,1,1,79
20607,1316,41,1,1,98
20608,1317,41,1,1,118
20609,1318,41,1,1,124
20610,1319,41,1,1,69
20611,1320,41,1,1,72
20612,1321,41,1,1,104
20613,1322,41,1,1,135
20614,1323,41,1,1,134
20615,1324,41,1,1,93
20616,1325,41,1,1,128
20617,1326,41,1,1,91
20618,1327,41,1,1,103
20619,1328,41,1,1,87
20620,1329,41,1,1,90
20621,1330,41,1,1,76
20622,1331,41,1,1,103
20623,1332,41,1,1,69
20624,1333,41,1,1,99
20625,1334,41,1,1,70
20626,1335,41,1,1,101
20627,1336,41,1,1,90
20628,1337,41,1,1,55
20629,1338,41,1,1,99
20630,1339,41,1,1,91
20631,1340,41,1,1,87
20632,1341,41,1,1,79
20633,1342,41,1,1,102
20634,1343,41,1,1,63
20635,1344,41,1,1,94
20636,1345,41,1,1,71
20637,1346,41,1,1,73
20638,1347,41,1,1,91
20639,1348,41,1,1,70
20640,1349,41,1,1,68
20641,1350,41,1,1,69
20642,1351,41,1,1,118
20643,1352,41,1,1,92
20644,1353,41,1,1,72
20645,1354,41,1,1,73
20646,1355,41,1,1,77
20647,1356,41,1,1,93
20648,1357,41,1,1,63
20649,1358,41,1,1,71
20650,1359,41,1,1,95
20651,1360,41,1,1,109
20652,1361,41,1,1,77
20653,1362,41,1,1,106
20654,1363,41,1,1,75
20655,1364,41,1,1,66
20656,1365,41,1,1,116
20657,1366,41,1,1,122
20658,1367,41,1,1,70
20659,1368,41,1,1,114
20660,1369,41,1,1,83
20661,1370,41,1,1,97
20662,1371,41,1,1,84
20663,1372,41,1,1,77
20664,1373,41,1,1,75
20665,1374,41,1,1,63
20666,1375,41,1,1,76
20667,1376,41,1,1,106
20668,1377,41,1,1,78
20669,1378,41,1,1,78
20670,1379,41,1,1,95
20671,1380,41,1,1,100
20672,1381,41,1,1,95
20673,1382,41,1,1,94
20674,1383,41,1,1,93
20675,1384,41,1,1,98
20676,1385,41,1,1,67
20677,1386,41,1,1,89
20678,1387,41,1,1,86
20679,1388,41,1,1,113
5396,1179,41,2,1,121
5397,1180,41,2,1,107
5398,1181,41,2,1,107
5399,1182,41,2,1,117
5400,1183,41,2,1,114
5401,1184,41,2,1,115
5402,1185,41,2,1,119
5403,1186,41,2,1,120
5404,1187,41,2,1,116
5405,1188,41,2,1,120
5406,1189,41,2,1,113
5407,1190,41,2,1,118
5408,1191,41,2,1,114
5409,1192,41,2,1,100
5410,1193,41,2,1,108
5411,1194,41,2,1,105
5412,1195,41,2,1,93
5413,1196,41,2,1,98
5414,1197,41,2,1,103
5415,1198,41,2,1,111
5416,110,41,2,1,123
5417,1199,41,2,1,105
5418,1200,41,2,1,97
5419,1201,41,2,1,108
5420,1202,41,2,1,111
5421,1203,41,2,1,113
5422,1204,41,2,1,110
5423,1205,41,2,1,99
5424,1206,41,2,1,110
5425,1207,41,2,1,122
5426,1208,41,2,1,108
5427,1209,41,2,1,122
5428,1210,41,2,1,97
5429,1211,41,2,1,107
5430,1212,41,2,1,120
5431,1213,41,2,1,106
5432,1214,41,2,1,106
5433,1215,41,2,1,112
5434,1216,41,2,1,98
5435,1217,41,2,1,120
5436,1218,41,2,1,109
5437,1219,41,2,1,107
5438,1220,41,2,1,111
5439,1221,41,2,1,93
5440,1222,41,2,1,103
5441,1223,41,2,1,94
5442,1224,41,2,1,113
5443,1225,41,2,1,102
5444,1226,41,2,1,120
5445,1227,41,2,1,104
5446,1228,41,2,1,120
5447,1229,41,2,1,92
5448,1230,41,2,1,102
5449,1231,41,2,1,97
5450,1232,41,2,1,117
5451,1233,41,2,1,84
5452,1234,41,2,1,99
5453,1235,41,2,1,75
5454,1236,41,2,1,92
5455,1237,41,2,1,100
5456,1238,41,2,1,113
5457,1239,41,2,1,101
5458,540,41,2,1,97
5459,1240,41,2,1,89
5460,1241,41,2,1,107
5461,1242,41,2,1,90
5462,1243,41,2,1,105
5463,1244,41,2,1,95
5464,1245,41,2,1,115
5465,1246,41,2,1,96
5466,1247,41,2,1,97
5467,1248,41,2,1,99
5468,1249,41,2,1,104
5469,1250,41,2,1,99
5470,1251,41,2,1,108
5471,1252,41,2,1,91
5472,1253,41,2,1,102
5473,1254,41,2,1,86
5474,1255,41,2,1,111
5475,1256,41,2,1,57
5476,1257,41,2,1,96
5477,1258,41,2,1,99
5478,1259,41,2,1,106
5479,1260,41,2,1,93
5480,1261,41,2,1,124
5481,1262,41,2,1,93
5482,1263,41,2,1,99
5483,1264,41,2,1,106
5484,1265,41,2,1,93
5485,1266,41,2,1,106
5486,1267,41,2,1,92
5487,1268,41,2,1,103
5488,1269,41,2,1,107
5489,1270,41,2,1,96
5490,1271,41,2,1,106
5491,1272,41,2,1,106
5492,1273,41,2,1,100
5493,1274,41,2,1,95
5494,1275,41,2,1,109
5495,1276,41,2,1,104
5496,1277,41,2,1,85
5497,1278,41,2,1,99
5498,1279,41,2,1,91
5499,1280,41,2,1,98
5500,1281,41,2,1,105
5501,573,41,2,1,108
5502,1282,41,2,1,97
5503,1283,41,2,1,112
5504,1284,41,2,1,94
5505,1285,41,2,1,99
5506,1286,41,2,1,96
5507,1287,41,2,1,104
5508,1288,41,2,1,99
5509,1289,41,2,1,84
5510,1290,41,2,1,113
5511,1291,41,2,1,115
5512,1292,41,2,1,96
5513,1293,41,2,1,83
5514,1294,41,2,1,100
5515,1295,41,2,1,75
5516,1296,41,2,1,104
5517,1297,41,2,1,111
5518,1298,41,2,1,90
5519,1299,41,2,1,97
5520,1300,41,2,1,105
5521,1301,41,2,1,102
5522,1302,41,2,1,102
5523,1303,41,2,1,120
5524,1304,41,2,1,115
5525,1305,41,2,1,81
5526,1306,41,2,1,88
5527,1307,41,2,1,97
5528,1308,41,2,1,84
5529,1309,41,2,1,123
5530,1310,41,2,1,107
5531,1311,41,2,1,102
5532,1312,41,2,1,109
5533,1313,41,2,1,102
5534,1314,41,2,1,77
5535,1315,41,2,1,88
5536,1316,41,2,1,107
5537,1317,41,2,1,105
5538,1318,41,2,1,125
5539,1319,41,2,1,73
5540,1320,41,2,1,74
5541,1321,41,2,1,109
5542,1322,41,2,1,132
5543,1323,41,2,1,120
5544,1324,41,2,1,98
5545,1325,41,2,1,114
5546,1326,41,2,1,105
5547,1327,41,2,1,100
5548,1328,41,2,1,91
5549,1329,41,2,1,97
5550,1330,41,2,1,93
5551,1331,41,2,1,101
5552,1332,41,2,1,79
5553,1333,41,2,1,89
5554,1334,41,2,1,84
5555,1335,41,2,1,100
5556,1336,41,2,1,89
5557,1337,41,2,1,58
5558,1338,41,2,1,117
5559,1339,41,2,1,97
5560,1340,41,2,1,97
5561,1341,41,2,1,78
5562,1342,41,2,1,94
5563,1343,41,2,1,77
5564,1344,41,2,1,101
5565,1345,41,2,1,84
5566,1346,41,2,1,85
5567,1347,41,2,1,100
5568,1348,41,2,1,79
5569,1349,41,2,1,97
5570,1350,41,2,1,72
5571,1351,41,2,1,109
5572,1352,41,2,1,84
5573,1353,41,2,1,76
5574,1354,41,2,1,73
5575,1355,41,2,1,78
5576,1356,41,2,1,92
5577,1357,41,2,1,82
5578,1358,41,2,1,69
5579,1359,41,2,1,103
5580,1360,41,2,1,93
5581,1361,41,2,1,83
5582,1362,41,2,1,109
5583,1363,41,2,1,79
5584,1364,41,2,1,79
5585,1365,41,2,1,124
5586,1366,41,2,1,121
5587,1367,41,2,1,79
5588,1368,41,2,1,113
5589,1369,41,2,1,82
5590,1370,41,2,1,78
5591,1371,41,2,1,88
5592,1372,41,2,1,71
5593,1373,41,2,1,90
5594,1374,41,2,1,82
5595,1375,41,2,1,68
5596,1376,41,2,1,119
5597,1377,41,2,1,87
5598,1378,41,2,1,84
5599,1379,41,2,1,100
5600,1380,41,2,1,103
5601,1381,41,2,1,93
5602,1382,41,2,1,95
5603,1383,41,2,1,98
5604,1384,41,2,1,101
5605,1385,41,2,1,75
5606,1386,41,2,1,105
5607,1387,41,2,1,95
5608,1388,41,2,1,106
17899,1179,41,2,1,119
17900,1180,41,2,1,107
17901,1181,41,2,1,107
17902,1182,41,2,1,116
17903,1184,41,2,1,115
17904,1185,41,2,1,121
17905,1187,41,2,1,109
17906,1188,41,2,1,119
17907,1189,41,2,1,113
17908,1190,41,2,1,117
17909,1191,41,2,1,114
17910,1192,41,2,1,98
17911,1193,41,2,1,106
17912,1194,41,2,1,105
17913,1195,41,2,1,90
17914,1196,41,2,1,98
17915,1197,41,2,1,99
17916,1198,41,2,1,108
17917,110,41,2,1,114
17918,1199,41,2,1,104
17919,1200,41,2,1,98
17920,1201,41,2,1,107
17921,1202,41,2,1,108
17922,1203,41,2,1,107
17923,1204,41,2,1,105
17924,1205,41,2,1,96
17925,1206,41,2,1,109
17926,1207,41,2,1,117
17927,1208,41,2,1,105
17928,1209,41,2,1,119
17929,1210,41,2,1,93
17930,1211,41,2,1,99
17931,1212,41,2,1,118
17932,1213,41,2,1,102
17933,1214,41,2,1,111
17934,1215,41,2,1,104
17935,1216,41,2,1,106
17936,1217,41,2,1,118
17937,1218,41,2,1,105
17938,1219,41,2,1,107
17939,1220,41,2,1,111
17940,1221,41,2,1,96
17941,1222,41,2,1,99
17942,1223,41,2,1,93
17943,1224,41,2,1,109
17944,1225,41,2,1,106
17945,1226,41,2,1,118
17946,1227,41,2,1,96
17947,1228,41,2,1,120
17948,1229,41,2,1,92
17949,1230,41,2,1,93
17950,1231,41,2,1,91
17951,1232,41,2,1,114
17952,1233,41,2,1,79
17953,1234,41,2,1,91
17954,1235,41,2,1,75
17955,1236,41,2,1,92
17956,1237,41,2,1,100
17957,1238,41,2,1,113
17958,1239,41,2,1,98
17959,540,41,2,1,97
17960,1240,41,2,1,89
17961,1241,41,2,1,102
17962,1242,41,2,1,89
17963,1243,41,2,1,105
17964,1244,41,2,1,92
17965,1245,41,2,1,115
17966,1246,41,2,1,93
17967,1247,41,2,1,99
17968,1248,41,2,1,97
17969,1249,41,2,1,98
17970,1250,41,2,1,89
17971,1251,41,2,1,104
17972,1252,41,2,1,91
17973,1253,41,2,1,99
17974,1254,41,2,1,83
17975,1255,41,2,1,99
17976,1256,41,2,1,63
17977,1257,41,2,1,89
17978,1258,41,2,1,97
17979,1259,41,2,1,106
17980,1260,41,2,1,93
17981,1261,41,2,1,116
17982,1262,41,2,1,92
17983,1263,41,2,1,99
17984,1264,41,2,1,106
17985,1265,41,2,1,87
17986,1266,41,2,1,101
17987,1267,41,2,1,88
17988,1268,41,2,1,103
17989,1269,41,2,1,107
17990,1270,41,2,1,96
17991,1271,41,2,1,100
17992,1272,41,2,1,103
17993,1273,41,2,1,92
17994,1274,41,2,1,93
17995,1275,41,2,1,108
17996,1276,41,2,1,104
17997,1277,41,2,1,78
17998,1278,41,2,1,100
17999,1279,41,2,1,103
18000,1280,41,2,1,98
18001,1281,41,2,1,103
18002,573,41,2,1,108
18003,1282,41,2,1,97
18004,1283,41,2,1,106
18005,1284,41,2,1,94
18006,1285,41,2,1,89
18007,1286,41,2,1,96
18008,1287,41,2,1,104
18009,1288,41,2,1,99
18010,1289,41,2,1,84
18011,1290,41,2,1,105
18012,1291,41,2,1,113
18013,1292,41,2,1,93
18014,1293,41,2,1,77
18015,1294,41,2,1,96
18016,1295,41,2,1,75
18017,1296,41,2,1,98
18018,1297,41,2,1,110
18019,1298,41,2,1,90
18020,1299,41,2,1,95
18021,1300,41,2,1,103
18022,1301,41,2,1,94
18023,1302,41,2,1,102
18024,1303,41,2,1,114
18025,1304,41,2,1,115
18026,1305,41,2,1,81
18027,1306,41,2,1,89
18028,1307,41,2,1,97
18029,1308,41,2,1,84
18030,1309,41,2,1,119
18031,1310,41,2,1,99
18032,1311,41,2,1,86
18033,1312,41,2,1,86
18034,1313,41,2,1,87
18035,1314,41,2,1,69
18036,1315,41,2,1,79
18037,1316,41,2,1,107
18038,1317,41,2,1,105
18039,1318,41,2,1,120
18040,1319,41,2,1,73
18041,1320,41,2,1,74
18042,1321,41,2,1,109
18043,1322,41,2,1,130
18044,1323,41,2,1,120
18045,1324,41,2,1,87
18046,1325,41,2,1,114
18047,1326,41,2,1,89
18048,1327,41,2,1,100
18049,1328,41,2,1,91
18050,1329,41,2,1,97
18051,1330,41,2,1,90
18052,1331,41,2,1,101
18053,1332,41,2,1,78
18054,1333,41,2,1,89
18055,1334,41,2,1,84
18056,1335,41,2,1,98
18057,1336,41,2,1,84
18058,1337,41,2,1,58
18059,1338,41,2,1,106
18060,1339,41,2,1,92
18061,1340,41,2,1,96
18062,1341,41,2,1,78
18063,1342,41,2,1,87
18064,1343,41,2,1,66
18065,1344,41,2,1,101
18066,1345,41,2,1,82
18067,1346,41,2,1,82
18068,1347,41,2,1,100
18069,1348,41,2,1,79
18070,1349,41,2,1,86
18071,1350,41,2,1,72
18072,1351,41,2,1,109
18073,1352,41,2,1,84
18074,1353,41,2,1,76
18075,1354,41,2,1,73
18076,1355,41,2,1,78
18077,1356,41,2,1,92
18078,1357,41,2,1,74
18079,1358,41,2,1,72
18080,1359,41,2,1,103
18081,1360,41,2,1,93
18082,1361,41,2,1,74
18083,1362,41,2,1,109
18084,1363,41,2,1,79
18085,1364,41,2,1,75
18086,1365,41,2,1,114
18087,1366,41,2,1,121
18088,1367,41,2,1,79
18089,1368,41,2,1,104
18090,1369,41,2,1,82
18091,1370,41,2,1,78
18092,1371,41,2,1,88
18093,1372,41,2,1,70
18094,1373,41,2,1,86
18095,1374,41,2,1,82
18096,1375,41,2,1,68
18097,1376,41,2,1,117
18098,1377,41,2,1,86
18099,1378,41,2,1,83
18100,1379,41,2,1,100
18101,1380,41,2,1,103
18102,1381,41,2,1,93
18103,1382,41,2,1,95
18104,1383,41,2,1,98
18105,1384,41,2,1,101
18106,1385,41,2,1,75
18107,1386,41,2,1,105
18108,1387,41,2,1,95
18109,1388,41,2,1,106
3994,1179,41,2,2,161
3995,1180,41,2,2,89
3996,1181,41,2,2,73
3997,1182,41,2,2,201
3998,1183,41,2,2,113
3999,1184,41,2,2,108
4000,1185,41,2,2,147
4001,1186,41,2,2,168
4002,1187,41,2,2,172
4003,1188,41,2,2,125
4004,1189,41,2,2,118
4005,1190,41,2,2,168
4006,1191,41,2,2,126
4007,1192,41,2,2,83
4008,1193,41,2,2,69
4009,1194,41,2,2,103
4010,1195,41,2,2,94
4011,1196,41,2,2,84
4012,1197,41,2,2,94
4013,1198,41,2,2,93
4014,110,41,2,2,171
4015,1199,41,2,2,112
4016,1200,41,2,2,87
4017,1201,41,2,2,80
4018,1202,41,2,2,110
4019,1203,41,2,2,209
4020,1204,41,2,2,151
4021,1205,41,2,2,88
4022,1206,41,2,2,68
4023,1207,41,2,2,183
4024,1208,41,2,2,79
4025,1209,41,2,2,158
4026,1210,41,2,2,62
4027,1211,41,2,2,103
4028,1212,41,2,2,132
4029,1213,41,2,2,119
4030,1214,41,2,2,70
4031,1215,41,2,2,105
4032,1216,41,2,2,96
4033,1217,41,2,2,175
4034,1218,41,2,2,150
4035,1219,41,2,2,77
4036,1220,41,2,2,168
4037,1221,41,2,2,86
4038,1222,41,2,2,105
4039,1223,41,2,2,86
4040,1224,41,2,2,81
4041,1225,41,2,2,169
4042,1226,41,2,2,193
4043,1227,41,2,2,121
4044,1228,41,2,2,147
4045,1229,41,2,2,41
4046,1230,41,2,2,106
4047,1231,41,2,2,107
4048,1232,41,2,2,173
4049,1233,41,2,2,31
4050,1234,41,2,2,80
4051,1235,41,2,2,31
4052,1236,41,2,2,72
4053,1237,41,2,2,80
4054,1238,41,2,2,79
4055,1239,41,2,2,107
4056,540,41,2,2,75
4057,1240,41,2,2,35
4058,1241,41,2,2,100
4059,1242,41,2,2,43
4060,1243,41,2,2,140
4061,1244,41,2,2,88
4062,1245,41,2,2,69
4063,1246,41,2,2,59
4064,1247,41,2,2,99
4065,1248,41,2,2,87
4066,1249,41,2,2,64
4067,1250,41,2,2,94
4068,1251,41,2,2,68
4069,1252,41,2,2,111
4070,1253,41,2,2,90
4071,1254,41,2,2,123
4072,1255,41,2,2,128
4073,1256,41,2,2,29
4074,1257,41,2,2,101
4075,1258,41,2,2,124
4076,1259,41,2,2,88
4077,1260,41,2,2,72
4078,1261,41,2,2,274
4079,1262,41,2,2,144
4080,1263,41,2,2,44
4081,1264,41,2,2,60
4082,1265,41,2,2,135
4083,1266,41,2,2,166
4084,1267,41,2,2,45
4085,1268,41,2,2,69
4086,1269,41,2,2,125
4087,1270,41,2,2,55
4088,1271,41,2,2,104
4089,1272,41,2,2,102
4090,1273,41,2,2,72
4091,1274,41,2,2,66
4092,1275,41,2,2,115
4093,1276,41,2,2,84
4094,1277,41,2,2,26
4095,1278,41,2,2,100
4096,1279,41,2,2,57
4097,1280,41,2,2,55
4098,1281,41,2,2,150
4099,573,41,2,2,40
4100,1282,41,2,2,30
4101,1283,41,2,2,103
4102,1284,41,2,2,41
4103,1285,41,2,2,149
4104,1286,41,2,2,54
4105,1287,41,2,2,132
4106,1288,41,2,2,41
4107,1289,41,2,2,33
4108,1290,41,2,2,66
4109,1291,41,2,2,81
4110,1292,41,2,2,49
4111,1293,41,2,2,141
4112,1294,41,2,2,147
4113,1295,41,2,2,44
4114,1296,41,2,2,75
4115,1297,41,2,2,43
4116,1298,41,2,2,35
4117,1299,41,2,2,31
4118,1300,41,2,2,82
4119,1301,41,2,2,91
4120,1302,41,2,2,70
4121,1303,41,2,2,140
4122,1304,41,2,2,228
4123,1305,41,2,2,49
4124,1306,41,2,2,80
4125,1307,41,2,2,98
4126,1308,41,2,2,33
4127,1309,41,2,2,262
4128,1310,41,2,2,33
4129,1311,41,2,2,142
4130,1312,41,2,2,111
4131,1313,41,2,2,84
4132,1314,41,2,2,46
4133,1315,41,2,2,107
4134,1316,41,2,2,137
4135,1317,41,2,2,129
4136,1318,41,2,2,161
4137,1319,41,2,2,31
4138,1320,41,2,2,33
4139,1321,41,2,2,85
4140,1322,41,2,2,215
4141,1323,41,2,2,41
4142,1324,41,2,2,59
4143,1325,41,2,2,136
4144,1326,41,2,2,27
4145,1327,41,2,2,74
4146,1328,41,2,2,63
4147,1329,41,2,2,45
4148,1330,41,2,2,63
4149,1331,41,2,2,52
4150,1332,41,2,2,67
4151,1333,41,2,2,56
4152,1334,41,2,2,57
4153,1335,41,2,2,51
4154,1336,41,2,2,63
4155,1337,41,2,2,24
4156,1338,41,2,2,74
4157,1339,41,2,2,94
4158,1340,41,2,2,148
4159,1341,41,2,2,55
4160,1342,41,2,2,175
4161,1343,41,2,2,57
4162,1344,41,2,2,58
4163,1345,41,2,2,51
4164,1346,41,2,2,72
4165,1347,41,2,2,114
4166,1348,41,2,2,27
4167,1349,41,2,2,129
4168,1350,41,2,2,29
4169,1351,41,2,2,92
4170,1352,41,2,2,37
4171,1353,41,2,2,43
4172,1354,41,2,2,27
4173,1355,41,2,2,27
4174,1356,41,2,2,46
4175,1357,41,2,2,78
4176,1358,41,2,2,53
4177,1359,41,2,2,113
4178,1360,41,2,2,174
4179,1361,41,2,2,52
4180,1362,41,2,2,54
4181,1363,41,2,2,24
4182,1364,41,2,2,63
4183,1365,41,2,2,177
4184,1366,41,2,2,55
4185,1367,41,2,2,43
4186,1368,41,2,2,34
4187,1369,41,2,2,24
4188,1370,41,2,2,29
4189,1371,41,2,2,45
4190,1372,41,2,2,30
4191,1373,41,2,2,76
4192,1374,41,2,2,58
4193,1375,41,2,2,30
4194,1376,41,2,2,95
4195,1377,41,2,2,77
4196,1378,41,2,2,40
4197,1379,41,2,2,80
4198,1380,41,2,2,63
4199,1381,41,2,2,49
4200,1382,41,2,2,43
4201,1383,41,2,2,39
4202,1384,41,2,2,112
4203,1385,41,2,2,93
4204,1386,41,2,2,65
4205,1387,41,2,2,55
4206,1388,41,2,2,41
30749,1179,41,2,2,153
30750,1180,41,2,2,89
30751,1181,41,2,2,74
30752,1182,41,2,2,172
30753,1184,41,2,2,106
30754,1185,41,2,2,141
30755,1187,41,2,2,159
30756,1188,41,2,2,128
30757,1189,41,2,2,117
30758,1190,41,2,2,154
30759,1191,41,2,2,127
30760,1192,41,2,2,82
30761,1193,41,2,2,65
30762,1194,41,2,2,103
30763,1195,41,2,2,82
30764,1196,41,2,2,84
30765,1197,41,2,2,82
30766,1198,41,2,2,90
30767,110,41,2,2,161
30768,1199,41,2,2,108
30769,1200,41,2,2,78
30770,1201,41,2,2,79
30771,1202,41,2,2,98
30772,1203,41,2,2,190
30773,1204,41,2,2,140
30774,1205,41,2,2,77
30775,1206,41,2,2,85
30776,1207,41,2,2,148
30777,1208,41,2,2,75
30778,1209,41,2,2,145
30779,1210,41,2,2,55
30780,1211,41,2,2,71
30781,1212,41,2,2,144
30782,1213,41,2,2,115
30783,1214,41,2,2,102
30784,1215,41,2,2,95
30785,1216,41,2,2,135
30786,1217,41,2,2,176
30787,1218,41,2,2,152
30788,1219,41,2,2,69
30789,1220,41,2,2,155
30790,1221,41,2,2,96
30791,1222,41,2,2,94
30792,1223,41,2,2,72
30793,1224,41,2,2,75
30794,1225,41,2,2,151
30795,1226,41,2,2,181
30796,1227,41,2,2,114
30797,1228,41,2,2,147
30798,1229,41,2,2,41
30799,1230,41,2,2,100
30800,1231,41,2,2,61
30801,1232,41,2,2,159
30802,1233,41,2,2,38
30803,1234,41,2,2,72
30804,1235,41,2,2,31
30805,1236,41,2,2,72
30806,1237,41,2,2,80
30807,1238,41,2,2,79
30808,1239,41,2,2,119
30809,540,41,2,2,75
30810,1240,41,2,2,35
30811,1241,41,2,2,107
30812,1242,41,2,2,46
30813,1243,41,2,2,140
30814,1244,41,2,2,80
30815,1245,41,2,2,69
30816,1246,41,2,2,58
30817,1247,41,2,2,128
30818,1248,41,2,2,71
30819,1249,41,2,2,62
30820,1250,41,2,2,87
30821,1251,41,2,2,60
30822,1252,41,2,2,111
30823,1253,41,2,2,86
30824,1254,41,2,2,127
30825,1255,41,2,2,105
30826,1256,41,2,2,31
30827,1257,41,2,2,97
30828,1258,41,2,2,118
30829,1259,41,2,2,88
30830,1260,41,2,2,72
30831,1261,41,2,2,250
30832,1262,41,2,2,143
30833,1263,41,2,2,44
30834,1264,41,2,2,60
30835,1265,41,2,2,105
30836,1266,41,2,2,153
30837,1267,41,2,2,45
30838,1268,41,2,2,69
30839,1269,41,2,2,125
30840,1270,41,2,2,55
30841,1271,41,2,2,98
30842,1272,41,2,2,96
30843,1273,41,2,2,61
30844,1274,41,2,2,106
30845,1275,41,2,2,114
30846,1276,41,2,2,84
30847,1277,41,2,2,25
30848,1278,41,2,2,115
30849,1279,41,2,2,75
30850,1280,41,2,2,55
30851,1281,41,2,2,134
30852,573,41,2,2,40
30853,1282,41,2,2,30
30854,1283,41,2,2,77
30855,1284,41,2,2,41
30856,1285,41,2,2,113
30857,1286,41,2,2,54
30858,1287,41,2,2,132
30859,1288,41,2,2,41
30860,1289,41,2,2,33
30861,1290,41,2,2,59
30862,1291,41,2,2,77
30863,1292,41,2,2,46
30864,1293,41,2,2,124
30865,1294,41,2,2,135
30866,1295,41,2,2,44
30867,1296,41,2,2,70
30868,1297,41,2,2,42
30869,1298,41,2,2,35
30870,1299,41,2,2,32
30871,1300,41,2,2,81
30872,1301,41,2,2,79
30873,1302,41,2,2,70
30874,1303,41,2,2,140
30875,1304,41,2,2,228
30876,1305,41,2,2,49
30877,1306,41,2,2,84
30878,1307,41,2,2,98
30879,1308,41,2,2,33
30880,1309,41,2,2,252
30881,1310,41,2,2,42
30882,1311,41,2,2,142
30883,1312,41,2,2,65
30884,1313,41,2,2,78
30885,1314,41,2,2,40
30886,1315,41,2,2,94
30887,1316,41,2,2,137
30888,1317,41,2,2,129
30889,1318,41,2,2,152
30890,1319,41,2,2,31
30891,1320,41,2,2,33
30892,1321,41,2,2,85
30893,1322,41,2,2,215
30894,1323,41,2,2,41
30895,1324,41,2,2,54
30896,1325,41,2,2,136
30897,1326,41,2,2,26
30898,1327,41,2,2,74
30899,1328,41,2,2,63
30900,1329,41,2,2,45
30901,1330,41,2,2,68
30902,1331,41,2,2,52
30903,1332,41,2,2,61
30904,1333,41,2,2,56
30905,1334,41,2,2,57
30906,1335,41,2,2,49
30907,1336,41,2,2,76
30908,1337,41,2,2,24
30909,1338,41,2,2,68
30910,1339,41,2,2,88
30911,1340,41,2,2,148
30912,1341,41,2,2,57
30913,1342,41,2,2,146
30914,1343,41,2,2,50
30915,1344,41,2,2,58
30916,1345,41,2,2,48
30917,1346,41,2,2,71
30918,1347,41,2,2,114
30919,1348,41,2,2,27
30920,1349,41,2,2,121
30921,1350,41,2,2,29
30922,1351,41,2,2,92
30923,1352,41,2,2,37
30924,1353,41,2,2,43
30925,1354,41,2,2,27
30926,1355,41,2,2,27
30927,1356,41,2,2,46
30928,1357,41,2,2,70
30929,1358,41,2,2,37
30930,1359,41,2,2,113
30931,1360,41,2,2,168
30932,1361,41,2,2,47
30933,1362,41,2,2,54
30934,1363,41,2,2,24
30935,1364,41,2,2,62
30936,1365,41,2,2,173
30937,1366,41,2,2,55
30938,1367,41,2,2,43
30939,1368,41,2,2,37
30940,1369,41,2,2,24
30941,1370,41,2,2,29
30942,1371,41,2,2,45
30943,1372,41,2,2,32
30944,1373,41,2,2,72
30945,1374,41,2,2,58
30946,1375,41,2,2,30
30947,1376,41,2,2,93
30948,1377,41,2,2,76
30949,1378,41,2,2,42
30950,1379,41,2,2,80
30951,1380,41,2,2,63
30952,1381,41,2,2,49
30953,1382,41,2,2,43
30954,1383,41,2,2,39
30955,1384,41,2,2,112
30956,1385,41,2,2,93
30957,1386,41,2,2,65
30958,1387,41,2,2,55
30959,1388,41,2,2,41
16612,1179,41,6,2,109
16613,1180,41,6,2,81
16614,1181,41,6,2,76
16615,1182,41,6,2,115
16616,1183,41,6,2,88
16617,1184,41,6,2,103
16618,1185,41,6,2,103
16619,1186,41,6,2,108
16620,1187,41,6,2,152
16621,1188,41,6,2,148
16622,1189,41,6,2,113
16623,1190,41,6,2,133
16624,1191,41,6,2,86
16625,1192,41,6,2,102
16626,1193,41,6,2,62
16627,1194,41,6,2,103
16628,1195,41,6,2,99
16629,1196,41,6,2,84
16630,1197,41,6,2,142
16631,1198,41,6,2,93
16632,110,41,6,2,134
16633,1199,41,6,2,116
16634,1200,41,6,2,138
16635,1201,41,6,2,93
16636,1202,41,6,2,97
16637,1203,41,6,2,179
16638,1204,41,6,2,123
16639,1205,41,6,2,84
16640,1206,41,6,2,146
16641,1207,41,6,2,133
16642,1208,41,6,2,90
16643,1209,41,6,2,124
16644,1210,41,6,2,64
16645,1211,41,6,2,90
16646,1212,41,6,2,142
16647,1213,41,6,2,154
16648,1214,41,6,2,72
16649,1215,41,6,2,137
16650,1216,41,6,2,56
16651,1217,41,6,2,155
16652,1218,41,6,2,138
16653,1219,41,6,2,149
16654,1220,41,6,2,122
16655,1221,41,6,2,100
16656,1222,41,6,2,97
16657,1223,41,6,2,89
16658,1224,41,6,2,73
16659,1225,41,6,2,103
16660,1226,41,6,2,163
16661,1227,41,6,2,95
16662,1228,41,6,2,134
16663,1229,41,6,2,54
16664,1230,41,6,2,118
16665,1231,41,6,2,62
16666,1232,41,6,2,113
16667,1233,41,6,2,28
16668,1234,41,6,2,126
16669,1235,41,6,2,102
16670,1236,41,6,2,73
16671,1237,41,6,2,71
16672,1238,41,6,2,88
16673,1239,41,6,2,106
16674,540,41,6,2,54
16675,1240,41,6,2,67
16676,1241,41,6,2,102
16677,1242,41,6,2,34
16678,1243,41,6,2,117
16679,1244,41,6,2,86
16680,1245,41,6,2,76
16681,1246,41,6,2,98
16682,1247,41,6,2,88
16683,1248,41,6,2,74
16684,1249,41,6,2,105
16685,1250,41,6,2,84
16686,1251,41,6,2,70
16687,1252,41,6,2,116
16688,1253,41,6,2,143
16689,1254,41,6,2,171
16690,1255,41,6,2,99
16691,1256,41,6,2,99
16692,1257,41,6,2,121
16693,1258,41,6,2,98
16694,1259,41,6,2,83
16695,1260,41,6,2,60
16696,1261,41,6,2,161
16697,1262,41,6,2,162
16698,1263,41,6,2,84
16699,1264,41,6,2,45
16700,1265,41,6,2,159
16701,1266,41,6,2,137
16702,1267,41,6,2,60
16703,1268,41,6,2,91
16704,1269,41,6,2,108
16705,1270,41,6,2,58
16706,1271,41,6,2,109
16707,1272,41,6,2,167
16708,1273,41,6,2,99
16709,1274,41,6,2,59
16710,1275,41,6,2,144
16711,1276,41,6,2,85
16712,1277,41,6,2,64
16713,1278,41,6,2,108
16714,1279,41,6,2,81
16715,1280,41,6,2,66
16716,1281,41,6,2,110
16717,573,41,6,2,61
16718,1282,41,6,2,32
16719,1283,41,6,2,85
16720,1284,41,6,2,76
16721,1285,41,6,2,105
16722,1286,41,6,2,55
16723,1287,41,6,2,103
16724,1288,41,6,2,73
16725,1289,41,6,2,41
16726,1290,41,6,2,67
16727,1291,41,6,2,83
16728,1292,41,6,2,50
16729,1293,41,6,2,134
16730,1294,41,6,2,147
16731,1295,41,6,2,57
16732,1296,41,6,2,107
16733,1297,41,6,2,117
16734,1298,41,6,2,69
16735,1299,41,6,2,65
16736,1300,41,6,2,98
16737,1301,41,6,2,111
16738,1302,41,6,2,78
16739,1303,41,6,2,128
16740,1304,41,6,2,169
16741,1305,41,6,2,65
16742,1306,41,6,2,106
16743,1307,41,6,2,96
16744,1308,41,6,2,68
16745,1309,41,6,2,196
16746,1310,41,6,2,34
16747,1311,41,6,2,122
16748,1312,41,6,2,169
16749,1313,41,6,2,64
16750,1314,41,6,2,79
16751,1315,41,6,2,120
16752,1316,41,6,2,136
16753,1317,41,6,2,94
16754,1318,41,6,2,141
16755,1319,41,6,2,112
16756,1320,41,6,2,28
16757,1321,41,6,2,117
16758,1322,41,6,2,187
16759,1323,41,6,2,51
16760,1324,41,6,2,50
16761,1325,41,6,2,154
16762,1326,41,6,2,77
16763,1327,41,6,2,113
16764,1328,41,6,2,46
16765,1329,41,6,2,65
16766,1330,41,6,2,139
16767,1331,41,6,2,59
16768,1332,41,6,2,93
16769,1333,41,6,2,102
16770,1334,41,6,2,83
16771,1335,41,6,2,40
16772,1336,41,6,2,71
16773,1337,41,6,2,59
16774,1338,41,6,2,97
16775,1339,41,6,2,91
16776,1340,41,6,2,117
16777,1341,41,6,2,92
16778,1342,41,6,2,126
16779,1343,41,6,2,69
16780,1344,41,6,2,120
16781,1345,41,6,2,84
16782,1346,41,6,2,126
16783,1347,41,6,2,126
16784,1348,41,6,2,32
16785,1349,41,6,2,153
16786,1350,41,6,2,63
16787,1351,41,6,2,75
16788,1352,41,6,2,50
16789,1353,41,6,2,78
16790,1354,41,6,2,21
16791,1355,41,6,2,75
16792,1356,41,6,2,55
16793,1357,41,6,2,97
16794,1358,41,6,2,69
16795,1359,41,6,2,140
16796,1360,41,6,2,114
16797,1361,41,6,2,113
16798,1362,41,6,2,80
16799,1363,41,6,2,84
16800,1364,41,6,2,117
16801,1365,41,6,2,144
16802,1366,41,6,2,114
16803,1367,41,6,2,75
16804,1368,41,6,2,89
16805,1369,41,6,2,72
16806,1370,41,6,2,181
16807,1371,41,6,2,61
16808,1372,41,6,2,58
16809,1373,41,6,2,115
16810,1374,41,6,2,100
16811,1375,41,6,2,47
16812,1376,41,6,2,85
16813,1377,41,6,2,82
16814,1378,41,6,2,108
16815,1379,41,6,2,81
16816,1380,41,6,2,153
16817,1381,41,6,2,52
16818,1382,41,6,2,51
16819,1383,41,6,2,32
16820,1384,41,6,2,104
16821,1385,41,6,2,125
16822,1386,41,6,2,132
16823,1387,41,6,2,69
16824,1388,41,6,2,26
32034,1179,41,6,2,106
32035,1180,41,6,2,81
32036,1181,41,6,2,79
32037,1182,41,6,2,103
32038,1184,41,6,2,102
32039,1185,41,6,2,98
32040,1187,41,6,2,146
32041,1188,41,6,2,148
32042,1189,41,6,2,112
32043,1190,41,6,2,125
32044,1191,41,6,2,87
32045,1192,41,6,2,104
32046,1193,41,6,2,60
32047,1194,41,6,2,103
32048,1195,41,6,2,92
32049,1196,41,6,2,84
32050,1197,41,6,2,132
32051,1198,41,6,2,92
32052,110,41,6,2,127
32053,1199,41,6,2,110
32054,1200,41,6,2,136
32055,1201,41,6,2,92
32056,1202,41,6,2,91
32057,1203,41,6,2,174
32058,1204,41,6,2,118
32059,1205,41,6,2,80
32060,1206,41,6,2,142
32061,1207,41,6,2,118
32062,1208,41,6,2,85
32063,1209,41,6,2,116
32064,1210,41,6,2,60
32065,1211,41,6,2,67
32066,1212,41,6,2,142
32067,1213,41,6,2,150
32068,1214,41,6,2,98
32069,1215,41,6,2,121
32070,1216,41,6,2,85
32071,1217,41,6,2,160
32072,1218,41,6,2,143
32073,1219,41,6,2,142
32074,1220,41,6,2,115
32075,1221,41,6,2,106
32076,1222,41,6,2,95
32077,1223,41,6,2,83
32078,1224,41,6,2,67
32079,1225,41,6,2,100
32080,1226,41,6,2,155
32081,1227,41,6,2,99
32082,1228,41,6,2,134
32083,1229,41,6,2,54
32084,1230,41,6,2,112
32085,1231,41,6,2,45
32086,1232,41,6,2,103
32087,1233,41,6,2,41
32088,1234,41,6,2,121
32089,1235,41,6,2,98
32090,1236,41,6,2,73
32091,1237,41,6,2,71
32092,1238,41,6,2,87
32093,1239,41,6,2,113
32094,540,41,6,2,54
32095,1240,41,6,2,67
32096,1241,41,6,2,116
32097,1242,41,6,2,35
32098,1243,41,6,2,117
32099,1244,41,6,2,96
32100,1245,41,6,2,76
32101,1246,41,6,2,98
32102,1247,41,6,2,106
32103,1248,41,6,2,67
32104,1249,41,6,2,101
32105,1250,41,6,2,82
32106,1251,41,6,2,70
32107,1252,41,6,2,116
32108,1253,41,6,2,140
32109,1254,41,6,2,162
32110,1255,41,6,2,84
32111,1256,41,6,2,90
32112,1257,41,6,2,127
32113,1258,41,6,2,93
32114,1259,41,6,2,83
32115,1260,41,6,2,60
32116,1261,41,6,2,156
32117,1262,41,6,2,161
32118,1263,41,6,2,84
32119,1264,41,6,2,45
32120,1265,41,6,2,115
32121,1266,41,6,2,144
32122,1267,41,6,2,58
32123,1268,41,6,2,91
32124,1269,41,6,2,108
32125,1270,41,6,2,58
32126,1271,41,6,2,115
32127,1272,41,6,2,163
32128,1273,41,6,2,88
32129,1274,41,6,2,87
32130,1275,41,6,2,144
32131,1276,41,6,2,85
32132,1277,41,6,2,66
32133,1278,41,6,2,129
32134,1279,41,6,2,81
32135,1280,41,6,2,66
32136,1281,41,6,2,97
32137,573,41,6,2,61
32138,1282,41,6,2,32
32139,1283,41,6,2,72
32140,1284,41,6,2,76
32141,1285,41,6,2,84
32142,1286,41,6,2,55
32143,1287,41,6,2,103
32144,1288,41,6,2,73
32145,1289,41,6,2,41
32146,1290,41,6,2,67
32147,1291,41,6,2,81
32148,1292,41,6,2,51
32149,1293,41,6,2,123
32150,1294,41,6,2,139
32151,1295,41,6,2,57
32152,1296,41,6,2,96
32153,1297,41,6,2,119
32154,1298,41,6,2,69
32155,1299,41,6,2,70
32156,1300,41,6,2,96
32157,1301,41,6,2,98
32158,1302,41,6,2,78
32159,1303,41,6,2,133
32160,1304,41,6,2,169
32161,1305,41,6,2,65
32162,1306,41,6,2,100
32163,1307,41,6,2,96
32164,1308,41,6,2,68
32165,1309,41,6,2,193
32166,1310,41,6,2,40
32167,1311,41,6,2,114
32168,1312,41,6,2,110
32169,1313,41,6,2,69
32170,1314,41,6,2,72
32171,1315,41,6,2,140
32172,1316,41,6,2,136
32173,1317,41,6,2,94
32174,1318,41,6,2,138
32175,1319,41,6,2,112
32176,1320,41,6,2,28
32177,1321,41,6,2,117
32178,1322,41,6,2,190
32179,1323,41,6,2,51
32180,1324,41,6,2,50
32181,1325,41,6,2,154
32182,1326,41,6,2,66
32183,1327,41,6,2,113
32184,1328,41,6,2,46
32185,1329,41,6,2,63
32186,1330,41,6,2,133
32187,1331,41,6,2,59
32188,1332,41,6,2,82
32189,1333,41,6,2,102
32190,1334,41,6,2,83
32191,1335,41,6,2,38
32192,1336,41,6,2,81
32193,1337,41,6,2,59
32194,1338,41,6,2,90
32195,1339,41,6,2,86
32196,1340,41,6,2,112
32197,1341,41,6,2,92
32198,1342,41,6,2,112
32199,1343,41,6,2,67
32200,1344,41,6,2,120
32201,1345,41,6,2,84
32202,1346,41,6,2,121
32203,1347,41,6,2,126
32204,1348,41,6,2,32
32205,1349,41,6,2,134
32206,1350,41,6,2,63
32207,1351,41,6,2,75
32208,1352,41,6,2,50
32209,1353,41,6,2,78
32210,1354,41,6,2,21
32211,1355,41,6,2,75
32212,1356,41,6,2,55
32213,1357,41,6,2,89
32214,1358,41,6,2,90
32215,1359,41,6,2,140
32216,1360,41,6,2,111
32217,1361,41,6,2,99
32218,1362,41,6,2,80
32219,1363,41,6,2,84
32220,1364,41,6,2,114
32221,1365,41,6,2,135
32222,1366,41,6,2,114
32223,1367,41,6,2,75
32224,1368,41,6,2,73
32225,1369,41,6,2,72
32226,1370,41,6,2,181
32227,1371,41,6,2,61
32228,1372,41,6,2,60
32229,1373,41,6,2,114
32230,1374,41,6,2,100
32231,1375,41,6,2,47
32232,1376,41,6,2,80
32233,1377,41,6,2,80
32234,1378,41,6,2,107
32235,1379,41,6,2,81
32236,1380,41,6,2,153
32237,1381,41,6,2,52
32238,1382,41,6,2,51
32239,1383,41,6,2,32
32240,1384,41,6,2,104
32241,1385,41,6,2,125
32242,1386,41,6,2,132
32243,1387,41,6,2,69
32244,1388,41,6,2,26
15210,1179,41,6,1,106
15211,1180,41,6,1,103
15212,1181,41,6,1,106
15213,1182,41,6,1,98
15214,1183,41,6,1,102
15215,1184,41,6,1,107
15216,1185,41,6,1,103
15217,1186,41,6,1,97
15218,1187,41,6,1,111
15219,1188,41,6,1,115
15220,1189,41,6,1,109
15221,1190,41,6,1,109
15222,1191,41,6,1,100
15223,1192,41,6,1,108
15224,1193,41,6,1,104
15225,1194,41,6,1,109
15226,1195,41,6,1,106
15227,1196,41,6,1,99
15228,1197,41,6,1,106
15229,1198,41,6,1,112
15230,110,41,6,1,116
15231,1199,41,6,1,103
15232,1200,41,6,1,98
15233,1201,41,6,1,110
15234,1202,41,6,1,115
15235,1203,41,6,1,117
15236,1204,41,6,1,103
15237,1205,41,6,1,106
15238,1206,41,6,1,116
15239,1207,41,6,1,115
15240,1208,41,6,1,100
15241,1209,41,6,1,111
15242,1210,41,6,1,105
15243,1211,41,6,1,107
15244,1212,41,6,1,124
15245,1213,41,6,1,112
15246,1214,41,6,1,112
15247,1215,41,6,1,111
15248,1216,41,6,1,58
15249,1217,41,6,1,113
15250,1218,41,6,1,107
15251,1219,41,6,1,118
15252,1220,41,6,1,102
15253,1221,41,6,1,102
15254,1222,41,6,1,108
15255,1223,41,6,1,102
15256,1224,41,6,1,97
15257,1225,41,6,1,92
15258,1226,41,6,1,120
15259,1227,41,6,1,106
15260,1228,41,6,1,118
15261,1229,41,6,1,101
15262,1230,41,6,1,105
15263,1231,41,6,1,99
15264,1232,41,6,1,105
15265,1233,41,6,1,102
15266,1234,41,6,1,111
15267,1235,41,6,1,105
15268,1236,41,6,1,101
15269,1237,41,6,1,99
15270,1238,41,6,1,120
15271,1239,41,6,1,104
15272,540,41,6,1,99
15273,1240,41,6,1,110
15274,1241,41,6,1,110
15275,1242,41,6,1,85
15276,1243,41,6,1,112
15277,1244,41,6,1,109
15278,1245,41,6,1,103
15279,1246,41,6,1,100
15280,1247,41,6,1,97
15281,1248,41,6,1,100
15282,1249,41,6,1,113
15283,1250,41,6,1,96
15284,1251,41,6,1,114
15285,1252,41,6,1,111
15286,1253,41,6,1,108
15287,1254,41,6,1,107
15288,1255,41,6,1,99
15289,1256,41,6,1,86
15290,1257,41,6,1,98
15291,1258,41,6,1,100
15292,1259,41,6,1,115
15293,1260,41,6,1,104
15294,1261,41,6,1,107
15295,1262,41,6,1,108
15296,1263,41,6,1,99
15297,1264,41,6,1,97
15298,1265,41,6,1,96
15299,1266,41,6,1,102
15300,1267,41,6,1,93
15301,1268,41,6,1,118
15302,1269,41,6,1,104
15303,1270,41,6,1,95
15304,1271,41,6,1,107
15305,1272,41,6,1,107
15306,1273,41,6,1,104
15307,1274,41,6,1,95
15308,1275,41,6,1,110
15309,1276,41,6,1,107
15310,1277,41,6,1,101
15311,1278,41,6,1,110
15312,1279,41,6,1,91
15313,1280,41,6,1,94
15314,1281,41,6,1,106
15315,573,41,6,1,106
15316,1282,41,6,1,99
15317,1283,41,6,1,109
15318,1284,41,6,1,97
15319,1285,41,6,1,94
15320,1286,41,6,1,94
15321,1287,41,6,1,100
15322,1288,41,6,1,103
15323,1289,41,6,1,104
15324,1290,41,6,1,106
15325,1291,41,6,1,114
15326,1292,41,6,1,90
15327,1293,41,6,1,94
15328,1294,41,6,1,99
15329,1295,41,6,1,88
15330,1296,41,6,1,102
15331,1297,41,6,1,124
15332,1298,41,6,1,95
15333,1299,41,6,1,106
15334,1300,41,6,1,105
15335,1301,41,6,1,108
15336,1302,41,6,1,100
15337,1303,41,6,1,108
15338,1304,41,6,1,115
15339,1305,41,6,1,95
15340,1306,41,6,1,83
15341,1307,41,6,1,105
15342,1308,41,6,1,93
15343,1309,41,6,1,109
15344,1310,41,6,1,98
15345,1311,41,6,1,105
15346,1312,41,6,1,115
15347,1313,41,6,1,101
15348,1314,41,6,1,97
15349,1315,41,6,1,104
15350,1316,41,6,1,102
15351,1317,41,6,1,101
15352,1318,41,6,1,114
15353,1319,41,6,1,106
15354,1320,41,6,1,95
15355,1321,41,6,1,113
15356,1322,41,6,1,125
15357,1323,41,6,1,104
15358,1324,41,6,1,87
15359,1325,41,6,1,122
15360,1326,41,6,1,102
15361,1327,41,6,1,100
15362,1328,41,6,1,88
15363,1329,41,6,1,109
15364,1330,41,6,1,109
15365,1331,41,6,1,92
15366,1332,41,6,1,100
15367,1333,41,6,1,103
15368,1334,41,6,1,100
15369,1335,41,6,1,98
15370,1336,41,6,1,89
15371,1337,41,6,1,89
15372,1338,41,6,1,99
15373,1339,41,6,1,105
15374,1340,41,6,1,85
15375,1341,41,6,1,87
15376,1342,41,6,1,94
15377,1343,41,6,1,83
15378,1344,41,6,1,110
15379,1345,41,6,1,97
15380,1346,41,6,1,95
15381,1347,41,6,1,104
15382,1348,41,6,1,90
15383,1349,41,6,1,93
15384,1350,41,6,1,92
15385,1351,41,6,1,102
15386,1352,41,6,1,81
15387,1353,41,6,1,103
15388,1354,41,6,1,84
15389,1355,41,6,1,102
15390,1356,41,6,1,101
15391,1357,41,6,1,108
15392,1358,41,6,1,76
15393,1359,41,6,1,116
15394,1360,41,6,1,88
15395,1361,41,6,1,107
15396,1362,41,6,1,115
15397,1363,41,6,1,100
15398,1364,41,6,1,85
15399,1365,41,6,1,104
15400,1366,41,6,1,113
15401,1367,41,6,1,99
15402,1368,41,6,1,113
15403,1369,41,6,1,102
15404,1370,41,6,1,128
15405,1371,41,6,1,90
15406,1372,41,6,1,91
15407,1373,41,6,1,105
15408,1374,41,6,1,98
15409,1375,41,6,1,98
15410,1376,41,6,1,100
15411,1377,41,6,1,91
15412,1378,41,6,1,105
15413,1379,41,6,1,104
15414,1380,41,6,1,99
15415,1381,41,6,1,85
15416,1382,41,6,1,96
15417,1383,41,6,1,100
15418,1384,41,6,1,104
15419,1385,41,6,1,95
15420,1386,41,6,1,126
15421,1387,41,6,1,110
15422,1388,41,6,1,104
19184,1179,41,6,1,105
19185,1180,41,6,1,103
19186,1181,41,6,1,106
19187,1182,41,6,1,99
19188,1184,41,6,1,106
19189,1185,41,6,1,104
19190,1187,41,6,1,106
19191,1188,41,6,1,112
19192,1189,41,6,1,109
19193,1190,41,6,1,109
19194,1191,41,6,1,100
19195,1192,41,6,1,107
19196,1193,41,6,1,103
19197,1194,41,6,1,109
19198,1195,41,6,1,103
19199,1196,41,6,1,99
19200,1197,41,6,1,103
19201,1198,41,6,1,110
19202,110,41,6,1,107
19203,1199,41,6,1,101
19204,1200,41,6,1,102
19205,1201,41,6,1,110
19206,1202,41,6,1,115
19207,1203,41,6,1,114
19208,1204,41,6,1,101
19209,1205,41,6,1,103
19210,1206,41,6,1,111
19211,1207,41,6,1,113
19212,1208,41,6,1,98
19213,1209,41,6,1,108
19214,1210,41,6,1,101
19215,1211,41,6,1,101
19216,1212,41,6,1,118
19217,1213,41,6,1,109
19218,1214,41,6,1,115
19219,1215,41,6,1,105
19220,1216,41,6,1,71
19221,1217,41,6,1,111
19222,1218,41,6,1,105
19223,1219,41,6,1,117
19224,1220,41,6,1,102
19225,1221,41,6,1,104
19226,1222,41,6,1,106
19227,1223,41,6,1,104
19228,1224,41,6,1,93
19229,1225,41,6,1,98
19230,1226,41,6,1,119
19231,1227,41,6,1,102
19232,1228,41,6,1,118
19233,1229,41,6,1,101
19234,1230,41,6,1,97
19235,1231,41,6,1,96
19236,1232,41,6,1,102
19237,1233,41,6,1,99
19238,1234,41,6,1,104
19239,1235,41,6,1,104
19240,1236,41,6,1,101
19241,1237,41,6,1,99
19242,1238,41,6,1,119
19243,1239,41,6,1,102
19244,540,41,6,1,99
19245,1240,41,6,1,110
19246,1241,41,6,1,105
19247,1242,41,6,1,85
19248,1243,41,6,1,112
19249,1244,41,6,1,108
19250,1245,41,6,1,103
19251,1246,41,6,1,98
19252,1247,41,6,1,98
19253,1248,41,6,1,100
19254,1249,41,6,1,108
19255,1250,41,6,1,90
19256,1251,41,6,1,111
19257,1252,41,6,1,111
19258,1253,41,6,1,106
19259,1254,41,6,1,104
19260,1255,41,6,1,95
19261,1256,41,6,1,89
19262,1257,41,6,1,98
19263,1258,41,6,1,98
19264,1259,41,6,1,115
19265,1260,41,6,1,104
19266,1261,41,6,1,102
19267,1262,41,6,1,108
19268,1263,41,6,1,99
19269,1264,41,6,1,97
19270,1265,41,6,1,84
19271,1266,41,6,1,101
19272,1267,41,6,1,89
19273,1268,41,6,1,118
19274,1269,41,6,1,104
19275,1270,41,6,1,95
19276,1271,41,6,1,104
19277,1272,41,6,1,104
19278,1273,41,6,1,99
19279,1274,41,6,1,92
19280,1275,41,6,1,109
19281,1276,41,6,1,107
19282,1277,41,6,1,102
19283,1278,41,6,1,111
19284,1279,41,6,1,92
19285,1280,41,6,1,94
19286,1281,41,6,1,103
19287,573,41,6,1,106
19288,1282,41,6,1,99
19289,1283,41,6,1,104
19290,1284,41,6,1,97
19291,1285,41,6,1,87
19292,1286,41,6,1,94
19293,1287,41,6,1,100
19294,1288,41,6,1,103
19295,1289,41,6,1,104
19296,1290,41,6,1,101
19297,1291,41,6,1,112
19298,1292,41,6,1,90
19299,1293,41,6,1,89
19300,1294,41,6,1,95
19301,1295,41,6,1,88
19302,1296,41,6,1,99
19303,1297,41,6,1,123
19304,1298,41,6,1,95
19305,1299,41,6,1,107
19306,1300,41,6,1,102
19307,1301,41,6,1,100
19308,1302,41,6,1,100
19309,1303,41,6,1,103
19310,1304,41,6,1,115
19311,1305,41,6,1,95
19312,1306,41,6,1,80
19313,1307,41,6,1,105
19314,1308,41,6,1,93
19315,1309,41,6,1,107
19316,1310,41,6,1,92
19317,1311,41,6,1,88
19318,1312,41,6,1,96
19319,1313,41,6,1,95
19320,1314,41,6,1,91
19321,1315,41,6,1,101
19322,1316,41,6,1,102
19323,1317,41,6,1,101
19324,1318,41,6,1,111
19325,1319,41,6,1,106
19326,1320,41,6,1,95
19327,1321,41,6,1,113
19328,1322,41,6,1,123
19329,1323,41,6,1,104
19330,1324,41,6,1,79
19331,1325,41,6,1,122
19332,1326,41,6,1,88
19333,1327,41,6,1,100
19334,1328,41,6,1,88
19335,1329,41,6,1,107
19336,1330,41,6,1,106
19337,1331,41,6,1,92
19338,1332,41,6,1,101
19339,1333,41,6,1,103
19340,1334,41,6,1,100
19341,1335,41,6,1,95
19342,1336,41,6,1,84
19343,1337,41,6,1,89
19344,1338,41,6,1,89
19345,1339,41,6,1,101
19346,1340,41,6,1,82
19347,1341,41,6,1,87
19348,1342,41,6,1,90
19349,1343,41,6,1,75
19350,1344,41,6,1,110
19351,1345,41,6,1,96
19352,1346,41,6,1,92
19353,1347,41,6,1,104
19354,1348,41,6,1,90
19355,1349,41,6,1,82
19356,1350,41,6,1,92
19357,1351,41,6,1,102
19358,1352,41,6,1,81
19359,1353,41,6,1,103
19360,1354,41,6,1,84
19361,1355,41,6,1,102
19362,1356,41,6,1,101
19363,1357,41,6,1,104
19364,1358,41,6,1,91
19365,1359,41,6,1,116
19366,1360,41,6,1,87
19367,1361,41,6,1,96
19368,1362,41,6,1,115
19369,1363,41,6,1,100
19370,1364,41,6,1,82
19371,1365,41,6,1,97
19372,1366,41,6,1,113
19373,1367,41,6,1,99
19374,1368,41,6,1,103
19375,1369,41,6,1,102
19376,1370,41,6,1,128
19377,1371,41,6,1,90
19378,1372,41,6,1,91
19379,1373,41,6,1,98
19380,1374,41,6,1,98
19381,1375,41,6,1,98
19382,1376,41,6,1,95
19383,1377,41,6,1,90
19384,1378,41,6,1,102
19385,1379,41,6,1,104
19386,1380,41,6,1,99
19387,1381,41,6,1,85
19388,1382,41,6,1,96
19389,1383,41,6,1,100
19390,1384,41,6,1,104
19391,1385,41,6,1,95
19392,1386,41,6,1,126
19393,1387,41,6,1,110
19394,1388,41,6,1,104
14219,199,11,6,1,115
14220,200,11,6,1,112
14221,201,11,6,1,106
14222,202,11,6,1,115
14223,203,11,6,1,116
14224,204,11,6,1,99
14225,205,11,6,1,111
14226,206,11,6,1,92
14227,207,11,6,1,117
14228,208,11,6,1,119
14229,209,11,6,1,116
14230,210,11,6,1,101
14231,211,11,6,1,100
14232,212,11,6,1,121
14233,213,11,6,1,105
14234,214,11,6,1,106
14235,215,11,6,1,98
14236,216,11,6,1,114
14237,217,11,6,1,101
14238,218,11,6,1,117
14239,219,11,6,1,103
14240,220,11,6,1,107
14241,221,11,6,1,119
14242,222,11,6,1,106
14243,223,11,6,1,94
14244,224,11,6,1,119
14245,225,11,6,1,108
14246,226,11,6,1,134
14247,227,11,6,1,119
14248,228,11,6,1,118
14249,229,11,6,1,101
14250,230,11,6,1,124
14251,231,11,6,1,118
14252,232,11,6,1,114
14253,233,11,6,1,110
14254,234,11,6,1,108
14255,235,11,6,1,104
14256,236,11,6,1,105
14257,237,11,6,1,108
14258,238,11,6,1,87
14259,239,11,6,1,111
14260,240,11,6,1,104
14261,241,11,6,1,101
14262,242,11,6,1,101
14263,243,11,6,1,103
14264,244,11,6,1,105
14265,245,11,6,1,110
14266,246,11,6,1,92
14267,247,11,6,1,109
14268,248,11,6,1,88
14269,249,11,6,1,107
14270,250,11,6,1,102
14271,251,11,6,1,102
14272,252,11,6,1,121
14273,253,11,6,1,113
14274,254,11,6,1,112
14275,255,11,6,1,127
14276,256,11,6,1,97
14277,257,11,6,1,104
14278,258,11,6,1,122
14279,259,11,6,1,127
14280,260,11,6,1,110
14281,261,11,6,1,109
14282,262,11,6,1,107
14283,263,11,6,1,124
14284,264,11,6,1,120
14285,265,11,6,1,96
14286,266,11,6,1,115
14287,267,11,6,1,145
14288,268,11,6,1,64
14289,269,11,6,1,118
14290,270,11,6,1,117
14291,271,11,6,1,116
14292,272,11,6,1,129
14293,273,11,6,1,89
14294,274,11,6,1,115
14295,275,11,6,1,60
14296,276,11,6,1,104
14297,277,11,6,1,135
14298,278,11,6,1,109
14299,279,11,6,1,110
14300,280,11,6,1,123
14301,281,11,6,1,100
14302,282,11,6,1,125
14303,283,11,6,1,92
14304,284,11,6,1,89
14305,285,11,6,1,124
14306,286,11,6,1,87
14307,287,11,6,1,118
14308,288,11,6,1,88
14309,289,11,6,1,63
14310,290,11,6,1,130
14311,291,11,6,1,129
14312,292,11,6,1,129
14313,293,11,6,1,99
14314,294,11,6,1,117
14315,295,11,6,1,109
14316,296,11,6,1,114
14317,297,11,6,1,105
14318,298,11,6,1,119
14319,299,11,6,1,112
14320,300,11,6,1,106
14321,301,11,6,1,86
14322,302,11,6,1,102
14323,303,11,6,1,106
14324,304,11,6,1,114
14325,305,11,6,1,95
14326,306,11,6,1,99
14327,307,11,6,1,126
14328,308,11,6,1,123
14329,309,11,6,1,108
14330,310,11,6,1,103
14331,311,11,6,1,113
14332,312,11,6,1,111
14333,313,11,6,1,124
14334,314,11,6,1,109
14335,315,11,6,1,109
14336,316,11,6,1,114
14337,317,11,6,1,102
14338,318,11,6,1,102
14339,319,11,6,1,110
14340,320,11,6,1,102
14341,321,11,6,1,116
14342,322,11,6,1,101
14343,323,11,6,1,89
14344,324,11,6,1,115
14345,325,11,6,1,80
18298,199,11,6,1,110
18299,201,11,6,1,107
18300,203,11,6,1,109
18301,204,11,6,1,102
18302,207,11,6,1,111
18303,1391,11,6,1,105
18304,224,11,6,1,118
18305,228,11,6,1,101
18306,229,11,6,1,87
18307,230,11,6,1,120
18308,232,11,6,1,106
18309,233,11,6,1,111
18310,234,11,6,1,100
18311,236,11,6,1,100
18312,237,11,6,1,97
18313,238,11,6,1,92
18314,239,11,6,1,107
18315,240,11,6,1,114
18316,241,11,6,1,101
18317,242,11,6,1,87
18318,243,11,6,1,88
18319,244,11,6,1,90
18320,245,11,6,1,95
18321,246,11,6,1,73
18322,247,11,6,1,87
18323,248,11,6,1,76
18324,249,11,6,1,105
18325,250,11,6,1,92
18326,252,11,6,1,116
18327,253,11,6,1,113
18328,254,11,6,1,108
18329,255,11,6,1,116
18330,256,11,6,1,95
18331,257,11,6,1,95
18332,258,11,6,1,98
18333,259,11,6,1,103
18334,260,11,6,1,112
18335,261,11,6,1,93
18336,262,11,6,1,105
18337,263,11,6,1,118
18338,264,11,6,1,102
18339,265,11,6,1,85
18340,266,11,6,1,110
18341,267,11,6,1,139
18342,268,11,6,1,62
18343,269,11,6,1,100
18344,270,11,6,1,99
18345,271,11,6,1,107
18346,272,11,6,1,107
18347,273,11,6,1,84
18348,274,11,6,1,102
18349,275,11,6,1,56
18350,276,11,6,1,92
18351,277,11,6,1,117
18352,278,11,6,1,100
18353,279,11,6,1,110
18354,280,11,6,1,105
18355,281,11,6,1,90
18356,282,11,6,1,101
18357,283,11,6,1,75
18358,284,11,6,1,83
18359,285,11,6,1,94
18360,286,11,6,1,103
18361,287,11,6,1,114
18362,288,11,6,1,73
18363,289,11,6,1,60
18364,1392,11,6,1,114
18365,293,11,6,1,103
18366,294,11,6,1,92
18367,1393,11,6,1,112
18368,297,11,6,1,101
18369,298,11,6,1,118
18370,299,11,6,1,103
18371,300,11,6,1,112
18372,301,11,6,1,86
18373,302,11,6,1,102
18374,303,11,6,1,94
18375,304,11,6,1,113
18376,305,11,6,1,102
18377,306,11,6,1,89
18378,307,11,6,1,113
18379,308,11,6,1,118
18380,309,11,6,1,109
18381,310,11,6,1,95
18382,312,11,6,1,98
18383,313,11,6,1,108
18384,314,11,6,1,100
18385,315,11,6,1,89
18386,316,11,6,1,105
18387,317,11,6,1,89
18388,318,11,6,1,89
18389,319,11,6,1,110
18390,320,11,6,1,75
18391,321,11,6,1,100
18392,322,11,6,1,102
18393,323,11,6,1,75
18394,324,11,6,1,99
18395,325,11,6,1,82
15621,199,11,6,2,77
15622,200,11,6,2,80
15623,201,11,6,2,102
15624,202,11,6,2,80
15625,203,11,6,2,111
15626,204,11,6,2,80
15627,205,11,6,2,71
15628,206,11,6,2,67
15629,207,11,6,2,93
15630,208,11,6,2,68
15631,209,11,6,2,82
15632,210,11,6,2,82
15633,211,11,6,2,80
15634,212,11,6,2,86
15635,213,11,6,2,69
15636,214,11,6,2,74
15637,215,11,6,2,73
15638,216,11,6,2,82
15639,217,11,6,2,71
15640,218,11,6,2,83
15641,219,11,6,2,85
15642,220,11,6,2,72
15643,221,11,6,2,87
15644,222,11,6,2,84
15645,223,11,6,2,63
15646,224,11,6,2,84
15647,225,11,6,2,71
15648,226,11,6,2,89
15649,227,11,6,2,69
15650,228,11,6,2,79
15651,229,11,6,2,81
15652,230,11,6,2,78
15653,231,11,6,2,104
15654,232,11,6,2,94
15655,233,11,6,2,101
15656,234,11,6,2,83
15657,235,11,6,2,85
15658,236,11,6,2,85
15659,237,11,6,2,76
15660,238,11,6,2,83
15661,239,11,6,2,73
15662,240,11,6,2,80
15663,241,11,6,2,79
15664,242,11,6,2,75
15665,243,11,6,2,87
15666,244,11,6,2,96
15667,245,11,6,2,63
15668,246,11,6,2,65
15669,247,11,6,2,109
15670,248,11,6,2,65
15671,249,11,6,2,90
15672,250,11,6,2,76
15673,251,11,6,2,66
15674,252,11,6,2,82
15675,253,11,6,2,101
15676,254,11,6,2,88
15677,255,11,6,2,132
15678,256,11,6,2,77
15679,257,11,6,2,88
15680,258,11,6,2,77
15681,259,11,6,2,89
15682,260,11,6,2,65
15683,261,11,6,2,89
15684,262,11,6,2,82
15685,263,11,6,2,73
15686,264,11,6,2,78
15687,265,11,6,2,87
15688,266,11,6,2,82
15689,267,11,6,2,150
15690,268,11,6,2,42
15691,269,11,6,2,100
15692,270,11,6,2,73
15693,271,11,6,2,117
15694,272,11,6,2,123
15695,273,11,6,2,69
15696,274,11,6,2,52
15697,275,11,6,2,62
15698,276,11,6,2,88
15699,277,11,6,2,134
15700,278,11,6,2,89
15701,279,11,6,2,131
15702,280,11,6,2,114
15703,281,11,6,2,76
15704,282,11,6,2,100
15705,283,11,6,2,76
15706,284,11,6,2,90
15707,285,11,6,2,73
15708,286,11,6,2,82
15709,287,11,6,2,70
15710,288,11,6,2,69
15711,289,11,6,2,56
15712,290,11,6,2,90
15713,291,11,6,2,82
15714,292,11,6,2,81
15715,293,11,6,2,85
15716,294,11,6,2,85
15717,295,11,6,2,102
15718,296,11,6,2,117
15719,297,11,6,2,77
15720,298,11,6,2,79
15721,299,11,6,2,105
15722,300,11,6,2,78
15723,301,11,6,2,67
15724,302,11,6,2,84
15725,303,11,6,2,99
15726,304,11,6,2,73
15727,305,11,6,2,80
15728,306,11,6,2,86
15729,307,11,6,2,193
15730,308,11,6,2,84
15731,309,11,6,2,74
15732,310,11,6,2,77
15733,311,11,6,2,71
15734,312,11,6,2,75
15735,313,11,6,2,71
15736,314,11,6,2,100
15737,315,11,6,2,79
15738,316,11,6,2,64
15739,317,11,6,2,63
15740,318,11,6,2,71
15741,319,11,6,2,82
15742,320,11,6,2,63
15743,321,11,6,2,101
15744,322,11,6,2,77
15745,323,11,6,2,74
15746,324,11,6,2,74
15747,325,11,6,2,90
31148,199,11,6,2,94
31149,201,11,6,2,120
31150,203,11,6,2,109
31151,204,11,6,2,101
31152,207,11,6,2,99
31153,1391,11,6,2,85
31154,224,11,6,2,86
31155,228,11,6,2,87
31156,229,11,6,2,78
31157,230,11,6,2,102
31158,232,11,6,2,102
31159,233,11,6,2,132
31160,234,11,6,2,93
31161,236,11,6,2,99
31162,237,11,6,2,98
31163,238,11,6,2,105
31164,239,11,6,2,89
31165,240,11,6,2,171
31166,241,11,6,2,102
31167,242,11,6,2,91
31168,243,11,6,2,89
31169,244,11,6,2,89
31170,245,11,6,2,93
31171,246,11,6,2,60
31172,247,11,6,2,140
31173,248,11,6,2,66
31174,249,11,6,2,94
31175,250,11,6,2,80
31176,252,11,6,2,100
31177,253,11,6,2,123
31178,254,11,6,2,85
31179,255,11,6,2,135
31180,256,11,6,2,76
31181,257,11,6,2,90
31182,258,11,6,2,94
31183,259,11,6,2,87
31184,260,11,6,2,69
31185,261,11,6,2,88
31186,262,11,6,2,113
31187,263,11,6,2,78
31188,264,11,6,2,93
31189,265,11,6,2,84
31190,266,11,6,2,79
31191,267,11,6,2,158
31192,268,11,6,2,49
31193,269,11,6,2,91
31194,270,11,6,2,78
31195,271,11,6,2,159
31196,272,11,6,2,111
31197,273,11,6,2,72
31198,274,11,6,2,58
31199,275,11,6,2,59
31200,276,11,6,2,101
31201,277,11,6,2,111
31202,278,11,6,2,97
31203,279,11,6,2,104
31204,280,11,6,2,109
31205,281,11,6,2,68
31206,282,11,6,2,79
31207,283,11,6,2,83
31208,284,11,6,2,83
31209,285,11,6,2,73
31210,286,11,6,2,132
31211,287,11,6,2,74
31212,288,11,6,2,76
31213,289,11,6,2,57
31214,1392,11,6,2,94
31215,293,11,6,2,147
31216,294,11,6,2,73
31217,1393,11,6,2,145
31218,297,11,6,2,93
31219,298,11,6,2,85
31220,299,11,6,2,131
31221,300,11,6,2,168
31222,301,11,6,2,67
31223,302,11,6,2,102
31224,303,11,6,2,94
31225,304,11,6,2,72
31226,305,11,6,2,146
31227,306,11,6,2,90
31228,307,11,6,2,163
31229,308,11,6,2,148
31230,309,11,6,2,72
31231,310,11,6,2,76
31232,312,11,6,2,67
31233,313,11,6,2,66
31234,314,11,6,2,120
31235,315,11,6,2,71
31236,316,11,6,2,72
31237,317,11,6,2,81
31238,318,11,6,2,70
31239,319,11,6,2,158
31240,320,11,6,2,58
31241,321,11,6,2,112
31242,322,11,6,2,77
31243,323,11,6,2,67
31244,324,11,6,2,84
31245,325,11,6,2,99
3003,199,11,2,2,90
3004,200,11,2,2,79
3005,201,11,2,2,103
3006,202,11,2,2,94
3007,203,11,2,2,108
3008,204,11,2,2,99
3009,205,11,2,2,83
3010,206,11,2,2,79
3011,207,11,2,2,90
3012,208,11,2,2,75
3013,209,11,2,2,84
3014,210,11,2,2,90
3015,211,11,2,2,84
3016,212,11,2,2,88
3017,213,11,2,2,78
3018,214,11,2,2,84
3019,215,11,2,2,84
3020,216,11,2,2,90
3021,217,11,2,2,80
3022,218,11,2,2,81
3023,219,11,2,2,117
3024,220,11,2,2,92
3025,221,11,2,2,89
3026,222,11,2,2,86
3027,223,11,2,2,76
3028,224,11,2,2,83
3029,225,11,2,2,78
3030,226,11,2,2,84
3031,227,11,2,2,82
3032,228,11,2,2,85
3033,229,11,2,2,90
3034,230,11,2,2,86
3035,231,11,2,2,129
3036,232,11,2,2,100
3037,233,11,2,2,98
3038,234,11,2,2,87
3039,235,11,2,2,92
3040,236,11,2,2,83
3041,237,11,2,2,64
3042,238,11,2,2,93
3043,239,11,2,2,85
3044,240,11,2,2,94
3045,241,11,2,2,90
3046,242,11,2,2,92
3047,243,11,2,2,84
3048,244,11,2,2,108
3049,245,11,2,2,64
3050,246,11,2,2,79
3051,247,11,2,2,90
3052,248,11,2,2,73
3053,249,11,2,2,91
3054,250,11,2,2,94
3055,251,11,2,2,84
3056,252,11,2,2,81
3057,253,11,2,2,111
3058,254,11,2,2,97
3059,255,11,2,2,100
3060,256,11,2,2,85
3061,257,11,2,2,98
3062,258,11,2,2,90
3063,259,11,2,2,91
3064,260,11,2,2,80
3065,261,11,2,2,81
3066,262,11,2,2,100
3067,263,11,2,2,78
3068,264,11,2,2,91
3069,265,11,2,2,88
3070,266,11,2,2,86
3071,267,11,2,2,144
3072,268,11,2,2,46
3073,269,11,2,2,109
3074,270,11,2,2,91
3075,271,11,2,2,83
3076,272,11,2,2,109
3077,273,11,2,2,92
3078,274,11,2,2,42
3079,275,11,2,2,81
3080,276,11,2,2,93
3081,277,11,2,2,128
3082,278,11,2,2,90
3083,279,11,2,2,79
3084,280,11,2,2,80
3085,281,11,2,2,70
3086,282,11,2,2,103
3087,283,11,2,2,86
3088,284,11,2,2,83
3089,285,11,2,2,87
3090,286,11,2,2,99
3091,287,11,2,2,91
3092,288,11,2,2,81
3093,289,11,2,2,60
3094,290,11,2,2,104
3095,291,11,2,2,84
3096,292,11,2,2,89
3097,293,11,2,2,91
3098,294,11,2,2,91
3099,295,11,2,2,94
3100,296,11,2,2,151
3101,297,11,2,2,88
3102,298,11,2,2,84
3103,299,11,2,2,97
3104,300,11,2,2,87
3105,301,11,2,2,82
3106,302,11,2,2,97
3107,303,11,2,2,109
3108,304,11,2,2,62
3109,305,11,2,2,90
3110,306,11,2,2,83
3111,307,11,2,2,113
3112,308,11,2,2,85
3113,309,11,2,2,77
3114,310,11,2,2,92
3115,311,11,2,2,66
3116,312,11,2,2,75
3117,313,11,2,2,84
3118,314,11,2,2,106
3119,315,11,2,2,80
3120,316,11,2,2,78
3121,317,11,2,2,74
3122,318,11,2,2,90
3123,319,11,2,2,125
3124,320,11,2,2,65
3125,321,11,2,2,103
3126,322,11,2,2,91
3127,323,11,2,2,83
3128,324,11,2,2,82
3129,325,11,2,2,92
29863,199,11,2,2,91
29864,201,11,2,2,129
29865,203,11,2,2,119
29866,204,11,2,2,105
29867,207,11,2,2,101
29868,1391,11,2,2,95
29869,224,11,2,2,85
29870,228,11,2,2,111
29871,229,11,2,2,83
29872,230,11,2,2,106
29873,232,11,2,2,111
29874,233,11,2,2,120
29875,234,11,2,2,99
29876,236,11,2,2,85
29877,237,11,2,2,64
29878,238,11,2,2,85
29879,239,11,2,2,100
29880,240,11,2,2,93
29881,241,11,2,2,91
29882,242,11,2,2,83
29883,243,11,2,2,80
29884,244,11,2,2,98
29885,245,11,2,2,79
29886,246,11,2,2,75
29887,247,11,2,2,97
29888,248,11,2,2,68
29889,249,11,2,2,89
29890,250,11,2,2,88
29891,252,11,2,2,82
29892,253,11,2,2,130
29893,254,11,2,2,89
29894,255,11,2,2,116
29895,256,11,2,2,79
29896,257,11,2,2,83
29897,258,11,2,2,103
29898,259,11,2,2,79
29899,260,11,2,2,81
29900,261,11,2,2,72
29901,262,11,2,2,79
29902,263,11,2,2,77
29903,264,11,2,2,87
29904,265,11,2,2,91
29905,266,11,2,2,88
29906,267,11,2,2,156
29907,268,11,2,2,49
29908,269,11,2,2,113
29909,270,11,2,2,91
29910,271,11,2,2,133
29911,272,11,2,2,116
29912,273,11,2,2,88
29913,274,11,2,2,52
29914,275,11,2,2,67
29915,276,11,2,2,93
29916,277,11,2,2,113
29917,278,11,2,2,90
29918,279,11,2,2,85
29919,280,11,2,2,96
29920,281,11,2,2,67
29921,282,11,2,2,85
29922,283,11,2,2,75
29923,284,11,2,2,77
29924,285,11,2,2,73
29925,286,11,2,2,133
29926,287,11,2,2,93
29927,288,11,2,2,83
29928,289,11,2,2,59
29929,1392,11,2,2,92
29930,293,11,2,2,154
29931,294,11,2,2,80
29932,1393,11,2,2,180
29933,297,11,2,2,105
29934,298,11,2,2,105
29935,299,11,2,2,128
29936,300,11,2,2,181
29937,301,11,2,2,82
29938,302,11,2,2,100
29939,303,11,2,2,100
29940,304,11,2,2,69
29941,305,11,2,2,204
29942,306,11,2,2,84
29943,307,11,2,2,125
29944,308,11,2,2,108
29945,309,11,2,2,82
29946,310,11,2,2,88
29947,312,11,2,2,73
29948,313,11,2,2,77
29949,314,11,2,2,95
29950,315,11,2,2,80
29951,316,11,2,2,78
29952,317,11,2,2,70
29953,318,11,2,2,86
29954,319,11,2,2,218
29955,320,11,2,2,69
29956,321,11,2,2,93
29957,322,11,2,2,91
29958,323,11,2,2,75
29959,324,11,2,2,84
29960,325,11,2,2,111
4405,199,11,2,1,123
4406,200,11,2,1,104
4407,201,11,2,1,110
4408,202,11,2,1,136
4409,203,11,2,1,107
4410,204,11,2,1,111
4411,205,11,2,1,111
4412,206,11,2,1,92
4413,207,11,2,1,127
4414,208,11,2,1,133
4415,209,11,2,1,120
4416,210,11,2,1,99
4417,211,11,2,1,103
4418,212,11,2,1,124
4419,213,11,2,1,108
4420,214,11,2,1,107
4421,215,11,2,1,98
4422,216,11,2,1,111
4423,217,11,2,1,104
4424,218,11,2,1,119
4425,219,11,2,1,103
4426,220,11,2,1,116
4427,221,11,2,1,122
4428,222,11,2,1,107
4429,223,11,2,1,93
4430,224,11,2,1,117
4431,225,11,2,1,109
4432,226,11,2,1,130
4433,227,11,2,1,118
4434,228,11,2,1,114
4435,229,11,2,1,96
4436,230,11,2,1,133
4437,231,11,2,1,121
4438,232,11,2,1,131
4439,233,11,2,1,106
4440,234,11,2,1,110
4441,235,11,2,1,107
4442,236,11,2,1,103
4443,237,11,2,1,87
4444,238,11,2,1,89
4445,239,11,2,1,117
4446,240,11,2,1,97
4447,241,11,2,1,118
4448,242,11,2,1,106
4449,243,11,2,1,110
4450,244,11,2,1,112
4451,245,11,2,1,94
4452,246,11,2,1,90
4453,247,11,2,1,108
4454,248,11,2,1,93
4455,249,11,2,1,113
4456,250,11,2,1,108
4457,251,11,2,1,114
4458,252,11,2,1,126
4459,253,11,2,1,112
4460,254,11,2,1,117
4461,255,11,2,1,132
4462,256,11,2,1,107
4463,257,11,2,1,114
4464,258,11,2,1,121
4465,259,11,2,1,131
4466,260,11,2,1,106
4467,261,11,2,1,110
4468,262,11,2,1,113
4469,263,11,2,1,127
4470,264,11,2,1,117
4471,265,11,2,1,106
4472,266,11,2,1,130
4473,267,11,2,1,136
4474,268,11,2,1,62
4475,269,11,2,1,132
4476,270,11,2,1,133
4477,271,11,2,1,102
4478,272,11,2,1,132
4479,273,11,2,1,99
4480,274,11,2,1,71
4481,275,11,2,1,66
4482,276,11,2,1,106
4483,277,11,2,1,137
4484,278,11,2,1,113
4485,279,11,2,1,101
4486,280,11,2,1,107
4487,281,11,2,1,100
4488,282,11,2,1,130
4489,283,11,2,1,104
4490,284,11,2,1,92
4491,285,11,2,1,122
4492,286,11,2,1,99
4493,287,11,2,1,117
4494,288,11,2,1,93
4495,289,11,2,1,68
4496,290,11,2,1,131
4497,291,11,2,1,128
4498,292,11,2,1,128
4499,293,11,2,1,108
4500,294,11,2,1,102
4501,295,11,2,1,100
4502,296,11,2,1,119
4503,297,11,2,1,111
4504,298,11,2,1,118
4505,299,11,2,1,117
4506,300,11,2,1,111
4507,301,11,2,1,87
4508,302,11,2,1,108
4509,303,11,2,1,109
4510,304,11,2,1,114
4511,305,11,2,1,106
4512,306,11,2,1,109
4513,307,11,2,1,113
4514,308,11,2,1,128
4515,309,11,2,1,108
4516,310,11,2,1,114
4517,311,11,2,1,97
4518,312,11,2,1,100
4519,313,11,2,1,130
4520,314,11,2,1,121
4521,315,11,2,1,110
4522,316,11,2,1,128
4523,317,11,2,1,83
4524,318,11,2,1,109
4525,319,11,2,1,109
4526,320,11,2,1,85
4527,321,11,2,1,108
4528,322,11,2,1,106
4529,323,11,2,1,83
4530,324,11,2,1,119
4531,325,11,2,1,81
17013,199,11,2,1,113
17014,201,11,2,1,112
17015,203,11,2,1,107
17016,204,11,2,1,102
17017,207,11,2,1,118
17018,1391,11,2,1,107
17019,224,11,2,1,117
17020,228,11,2,1,99
17021,229,11,2,1,81
17022,230,11,2,1,124
17023,232,11,2,1,118
17024,233,11,2,1,102
17025,234,11,2,1,102
17026,236,11,2,1,93
17027,237,11,2,1,75
17028,238,11,2,1,72
17029,239,11,2,1,117
17030,240,11,2,1,89
17031,241,11,2,1,101
17032,242,11,2,1,79
17033,243,11,2,1,86
17034,244,11,2,1,94
17035,245,11,2,1,82
17036,246,11,2,1,78
17037,247,11,2,1,82
17038,248,11,2,1,79
17039,249,11,2,1,103
17040,250,11,2,1,94
17041,252,11,2,1,112
17042,253,11,2,1,112
17043,254,11,2,1,114
17044,255,11,2,1,115
17045,256,11,2,1,97
17046,257,11,2,1,97
17047,258,11,2,1,96
17048,259,11,2,1,104
17049,260,11,2,1,105
17050,261,11,2,1,93
17051,262,11,2,1,106
17052,263,11,2,1,119
17053,264,11,2,1,95
17054,265,11,2,1,92
17055,266,11,2,1,129
17056,267,11,2,1,124
17057,268,11,2,1,60
17058,269,11,2,1,111
17059,270,11,2,1,102
17060,271,11,2,1,100
17061,272,11,2,1,113
17062,273,11,2,1,90
17063,274,11,2,1,66
17064,275,11,2,1,57
17065,276,11,2,1,89
17066,277,11,2,1,120
17067,278,11,2,1,98
17068,279,11,2,1,103
17069,280,11,2,1,101
17070,281,11,2,1,96
17071,282,11,2,1,95
17072,283,11,2,1,82
17073,284,11,2,1,93
17074,285,11,2,1,86
17075,286,11,2,1,95
17076,287,11,2,1,124
17077,288,11,2,1,72
17078,289,11,2,1,61
17079,1392,11,2,1,117
17080,293,11,2,1,102
17081,294,11,2,1,83
17082,1393,11,2,1,112
17083,297,11,2,1,106
17084,298,11,2,1,118
17085,299,11,2,1,104
17086,300,11,2,1,111
17087,301,11,2,1,87
17088,302,11,2,1,98
17089,303,11,2,1,96
17090,304,11,2,1,112
17091,305,11,2,1,119
17092,306,11,2,1,95
17093,307,11,2,1,112
17094,308,11,2,1,117
17095,309,11,2,1,109
17096,310,11,2,1,101
17097,312,11,2,1,97
17098,313,11,2,1,109
17099,314,11,2,1,98
17100,315,11,2,1,90
17101,316,11,2,1,118
17102,317,11,2,1,70
17103,318,11,2,1,96
17104,319,11,2,1,112
17105,320,11,2,1,72
17106,321,11,2,1,98
17107,322,11,2,1,108
17108,323,11,2,1,72
17109,324,11,2,1,102
17110,325,11,2,1,81
209,199,11,1,1,114
210,200,11,1,1,108
211,201,11,1,1,106
212,202,11,1,1,117
213,203,11,1,1,101
214,204,11,1,1,100
215,205,11,1,1,119
216,206,11,1,1,95
217,207,11,1,1,121
218,208,11,1,1,136
219,209,11,1,1,117
220,210,11,1,1,109
221,211,11,1,1,123
222,212,11,1,1,136
223,213,11,1,1,120
224,214,11,1,1,124
225,215,11,1,1,107
226,216,11,1,1,129
227,217,11,1,1,114
228,218,11,1,1,117
229,219,11,1,1,118
230,220,11,1,1,136
231,221,11,1,1,129
232,222,11,1,1,125
233,223,11,1,1,117
234,224,11,1,1,98
235,225,11,1,1,95
236,226,11,1,1,114
237,227,11,1,1,102
238,228,11,1,1,122
239,229,11,1,1,103
240,230,11,1,1,127
241,231,11,1,1,142
242,232,11,1,1,119
243,233,11,1,1,108
244,234,11,1,1,114
245,235,11,1,1,115
246,236,11,1,1,98
247,237,11,1,1,95
248,238,11,1,1,83
249,239,11,1,1,123
250,240,11,1,1,102
251,241,11,1,1,115
252,242,11,1,1,117
253,243,11,1,1,115
254,244,11,1,1,114
255,245,11,1,1,91
256,246,11,1,1,86
257,247,11,1,1,99
258,248,11,1,1,92
259,249,11,1,1,114
260,250,11,1,1,114
261,251,11,1,1,122
262,252,11,1,1,114
263,253,11,1,1,128
264,254,11,1,1,134
265,255,11,1,1,109
266,256,11,1,1,119
267,257,11,1,1,120
268,258,11,1,1,122
269,259,11,1,1,125
270,260,11,1,1,111
271,261,11,1,1,114
272,262,11,1,1,107
273,263,11,1,1,131
274,264,11,1,1,124
275,265,11,1,1,118
276,266,11,1,1,119
277,267,11,1,1,115
278,268,11,1,1,73
279,269,11,1,1,126
280,270,11,1,1,137
281,271,11,1,1,115
282,272,11,1,1,142
283,273,11,1,1,119
284,274,11,1,1,65
285,275,11,1,1,64
286,276,11,1,1,115
287,277,11,1,1,122
288,278,11,1,1,127
289,279,11,1,1,117
290,280,11,1,1,97
291,281,11,1,1,94
292,282,11,1,1,103
293,283,11,1,1,100
294,284,11,1,1,90
295,285,11,1,1,111
296,286,11,1,1,116
297,287,11,1,1,140
298,288,11,1,1,107
299,289,11,1,1,70
300,290,11,1,1,122
301,291,11,1,1,125
302,292,11,1,1,142
303,293,11,1,1,118
304,294,11,1,1,94
305,295,11,1,1,106
306,296,11,1,1,112
307,297,11,1,1,114
308,298,11,1,1,133
309,299,11,1,1,106
310,300,11,1,1,121
311,301,11,1,1,96
312,302,11,1,1,114
313,303,11,1,1,110
314,304,11,1,1,97
315,305,11,1,1,95
316,306,11,1,1,105
317,307,11,1,1,104
318,308,11,1,1,128
319,309,11,1,1,98
320,310,11,1,1,134
321,311,11,1,1,97
322,312,11,1,1,92
323,313,11,1,1,126
324,314,11,1,1,119
325,315,11,1,1,98
326,316,11,1,1,123
327,317,11,1,1,78
328,318,11,1,1,130
329,319,11,1,1,115
330,320,11,1,1,76
331,321,11,1,1,107
332,322,11,1,1,120
333,323,11,1,1,89
334,324,11,1,1,117
335,325,11,1,1,108
19583,199,11,1,1,106
19584,201,11,1,1,106
19585,203,11,1,1,100
19586,204,11,1,1,97
19587,207,11,1,1,121
19588,1391,11,1,1,122
19589,224,11,1,1,101
19590,228,11,1,1,103
19591,229,11,1,1,89
19592,230,11,1,1,131
19593,232,11,1,1,107
19594,233,11,1,1,103
19595,234,11,1,1,105
19596,236,11,1,1,95
19597,237,11,1,1,84
19598,238,11,1,1,67
19599,239,11,1,1,119
19600,240,11,1,1,88
19601,241,11,1,1,105
19602,242,11,1,1,88
19603,243,11,1,1,96
19604,244,11,1,1,101
19605,245,11,1,1,80
19606,246,11,1,1,76
19607,247,11,1,1,80
19608,248,11,1,1,82
19609,249,11,1,1,106
19610,250,11,1,1,100
19611,252,11,1,1,101
19612,253,11,1,1,128
19613,254,11,1,1,121
19614,255,11,1,1,99
19615,256,11,1,1,104
19616,257,11,1,1,102
19617,258,11,1,1,101
19618,259,11,1,1,91
19619,260,11,1,1,114
19620,261,11,1,1,94
19621,262,11,1,1,103
19622,263,11,1,1,128
19623,264,11,1,1,102
19624,265,11,1,1,100
19625,266,11,1,1,119
19626,267,11,1,1,108
19627,268,11,1,1,70
19628,269,11,1,1,111
19629,270,11,1,1,106
19630,271,11,1,1,96
19631,272,11,1,1,104
19632,273,11,1,1,103
19633,274,11,1,1,64
19634,275,11,1,1,53
19635,276,11,1,1,99
19636,277,11,1,1,103
19637,278,11,1,1,110
19638,279,11,1,1,110
19639,280,11,1,1,77
19640,281,11,1,1,97
19641,282,11,1,1,90
19642,283,11,1,1,80
19643,284,11,1,1,84
19644,285,11,1,1,84
19645,286,11,1,1,98
19646,287,11,1,1,135
19647,288,11,1,1,91
19648,289,11,1,1,65
19649,1392,11,1,1,120
19650,293,11,1,1,119
19651,294,11,1,1,78
19652,1393,11,1,1,104
19653,297,11,1,1,112
19654,298,11,1,1,131
19655,299,11,1,1,99
19656,300,11,1,1,100
19657,301,11,1,1,96
19658,302,11,1,1,100
19659,303,11,1,1,97
19660,304,11,1,1,103
19661,305,11,1,1,104
19662,306,11,1,1,99
19663,307,11,1,1,86
19664,308,11,1,1,122
19665,309,11,1,1,104
19666,310,11,1,1,122
19667,312,11,1,1,93
19668,313,11,1,1,108
19669,314,11,1,1,104
19670,315,11,1,1,82
19671,316,11,1,1,112
19672,317,11,1,1,69
19673,318,11,1,1,107
19674,319,11,1,1,120
19675,320,11,1,1,66
19676,321,11,1,1,95
19677,322,11,1,1,122
19678,323,11,1,1,81
19679,324,11,1,1,109
19680,325,11,1,1,110
1601,199,11,1,2,96
1602,200,11,1,2,93
1603,201,11,1,2,121
1604,202,11,1,2,102
1605,203,11,1,2,108
1606,204,11,1,2,104
1607,205,11,1,2,86
1608,206,11,1,2,87
1609,207,11,1,2,99
1610,208,11,1,2,84
1611,209,11,1,2,81
1612,210,11,1,2,89
1613,211,11,1,2,85
1614,212,11,1,2,85
1615,213,11,1,2,78
1616,214,11,1,2,90
1617,215,11,1,2,81
1618,216,11,1,2,92
1619,217,11,1,2,95
1620,218,11,1,2,75
1621,219,11,1,2,92
1622,220,11,1,2,97
1623,221,11,1,2,91
1624,222,11,1,2,91
1625,223,11,1,2,91
1626,224,11,1,2,80
1627,225,11,1,2,74
1628,226,11,1,2,76
1629,227,11,1,2,74
1630,228,11,1,2,103
1631,229,11,1,2,107
1632,230,11,1,2,89
1633,231,11,1,2,188
1634,232,11,1,2,106
1635,233,11,1,2,108
1636,234,11,1,2,95
1637,235,11,1,2,96
1638,236,11,1,2,68
1639,237,11,1,2,67
1640,238,11,1,2,101
1641,239,11,1,2,84
1642,240,11,1,2,94
1643,241,11,1,2,106
1644,242,11,1,2,101
1645,243,11,1,2,77
1646,244,11,1,2,105
1647,245,11,1,2,58
1648,246,11,1,2,86
1649,247,11,1,2,100
1650,248,11,1,2,87
1651,249,11,1,2,101
1652,250,11,1,2,97
1653,251,11,1,2,90
1654,252,11,1,2,84
1655,253,11,1,2,127
1656,254,11,1,2,108
1657,255,11,1,2,91
1658,256,11,1,2,97
1659,257,11,1,2,109
1660,258,11,1,2,100
1661,259,11,1,2,93
1662,260,11,1,2,79
1663,261,11,1,2,87
1664,262,11,1,2,79
1665,263,11,1,2,90
1666,264,11,1,2,108
1667,265,11,1,2,96
1668,266,11,1,2,76
1669,267,11,1,2,111
1670,268,11,1,2,45
1671,269,11,1,2,83
1672,270,11,1,2,96
1673,271,11,1,2,115
1674,272,11,1,2,135
1675,273,11,1,2,95
1676,274,11,1,2,44
1677,275,11,1,2,77
1678,276,11,1,2,105
1679,277,11,1,2,127
1680,278,11,1,2,107
1681,279,11,1,2,96
1682,280,11,1,2,82
1683,281,11,1,2,70
1684,282,11,1,2,91
1685,283,11,1,2,92
1686,284,11,1,2,86
1687,285,11,1,2,94
1688,286,11,1,2,94
1689,287,11,1,2,102
1690,288,11,1,2,89
1691,289,11,1,2,65
1692,290,11,1,2,109
1693,291,11,1,2,80
1694,292,11,1,2,93
1695,293,11,1,2,91
1696,294,11,1,2,97
1697,295,11,1,2,105
1698,296,11,1,2,97
1699,297,11,1,2,92
1700,298,11,1,2,83
1701,299,11,1,2,103
1702,300,11,1,2,84
1703,301,11,1,2,87
1704,302,11,1,2,107
1705,303,11,1,2,121
1706,304,11,1,2,57
1707,305,11,1,2,84
1708,306,11,1,2,95
1709,307,11,1,2,104
1710,308,11,1,2,112
1711,309,11,1,2,76
1712,310,11,1,2,99
1713,311,11,1,2,72
1714,312,11,1,2,64
1715,313,11,1,2,76
1716,314,11,1,2,125
1717,315,11,1,2,90
1718,316,11,1,2,78
1719,317,11,1,2,81
1720,318,11,1,2,93
1721,319,11,1,2,114
1722,320,11,1,2,75
1723,321,11,1,2,106
1724,322,11,1,2,94
1725,323,11,1,2,95
1726,324,11,1,2,86
1727,325,11,1,2,100
28578,199,11,1,2,93
28579,201,11,1,2,136
28580,203,11,1,2,114
28581,204,11,1,2,98
28582,207,11,1,2,105
28583,1391,11,1,2,99
28584,224,11,1,2,79
28585,228,11,1,2,108
28586,229,11,1,2,97
28587,230,11,1,2,116
28588,232,11,1,2,101
28589,233,11,1,2,109
28590,234,11,1,2,97
28591,236,11,1,2,76
28592,237,11,1,2,69
28593,238,11,1,2,79
28594,239,11,1,2,86
28595,240,11,1,2,91
28596,241,11,1,2,96
28597,242,11,1,2,88
28598,243,11,1,2,80
28599,244,11,1,2,99
28600,245,11,1,2,67
28601,246,11,1,2,82
28602,247,11,1,2,108
28603,248,11,1,2,82
28604,249,11,1,2,100
28605,250,11,1,2,90
28606,252,11,1,2,80
28607,253,11,1,2,154
28608,254,11,1,2,96
28609,255,11,1,2,106
28610,256,11,1,2,84
28611,257,11,1,2,91
28612,258,11,1,2,110
28613,259,11,1,2,78
28614,260,11,1,2,75
28615,261,11,1,2,80
28616,262,11,1,2,66
28617,263,11,1,2,88
28618,264,11,1,2,99
28619,265,11,1,2,95
28620,266,11,1,2,78
28621,267,11,1,2,116
28622,268,11,1,2,50
28623,269,11,1,2,89
28624,270,11,1,2,96
28625,271,11,1,2,126
28626,272,11,1,2,105
28627,273,11,1,2,99
28628,274,11,1,2,54
28629,275,11,1,2,66
28630,276,11,1,2,104
28631,277,11,1,2,103
28632,278,11,1,2,101
28633,279,11,1,2,94
28634,280,11,1,2,72
28635,281,11,1,2,73
28636,282,11,1,2,83
28637,283,11,1,2,84
28638,284,11,1,2,84
28639,285,11,1,2,88
28640,286,11,1,2,101
28641,287,11,1,2,101
28642,288,11,1,2,91
28643,289,11,1,2,62
28644,1392,11,1,2,90
28645,293,11,1,2,185
28646,294,11,1,2,87
28647,1393,11,1,2,113
28648,297,11,1,2,111
28649,298,11,1,2,96
28650,299,11,1,2,132
28651,300,11,1,2,120
28652,301,11,1,2,87
28653,302,11,1,2,120
28654,303,11,1,2,106
28655,304,11,1,2,68
28656,305,11,1,2,157
28657,306,11,1,2,95
28658,307,11,1,2,91
28659,308,11,1,2,155
28660,309,11,1,2,84
28661,310,11,1,2,95
28662,312,11,1,2,69
28663,313,11,1,2,71
28664,314,11,1,2,109
28665,315,11,1,2,84
28666,316,11,1,2,77
28667,317,11,1,2,78
28668,318,11,1,2,89
28669,319,11,1,2,214
28670,320,11,1,2,77
28671,321,11,1,2,94
28672,322,11,1,2,93
28673,323,11,1,2,85
28674,324,11,1,2,81
28675,325,11,1,2,133
12817,199,11,5,2,83
12818,200,11,5,2,76
12819,201,11,5,2,101
12820,202,11,5,2,97
12821,203,11,5,2,111
12822,204,11,5,2,83
12823,205,11,5,2,76
12824,206,11,5,2,70
12825,207,11,5,2,90
12826,208,11,5,2,69
12827,209,11,5,2,80
12828,210,11,5,2,80
12829,211,11,5,2,83
12830,212,11,5,2,80
12831,213,11,5,2,72
12832,214,11,5,2,74
12833,215,11,5,2,76
12834,216,11,5,2,93
12835,217,11,5,2,73
12836,218,11,5,2,93
12837,219,11,5,2,93
12838,220,11,5,2,80
12839,221,11,5,2,99
12840,222,11,5,2,77
12841,223,11,5,2,68
12842,224,11,5,2,82
12843,225,11,5,2,75
12844,226,11,5,2,80
12845,227,11,5,2,80
12846,228,11,5,2,79
12847,229,11,5,2,81
12848,230,11,5,2,80
12849,231,11,5,2,111
12850,232,11,5,2,93
12851,233,11,5,2,92
12852,234,11,5,2,81
12853,235,11,5,2,84
12854,236,11,5,2,86
12855,237,11,5,2,72
12856,238,11,5,2,81
12857,239,11,5,2,78
12858,240,11,5,2,85
12859,241,11,5,2,83
12860,242,11,5,2,80
12861,243,11,5,2,83
12862,244,11,5,2,101
12863,245,11,5,2,70
12864,246,11,5,2,72
12865,247,11,5,2,97
12866,248,11,5,2,72
12867,249,11,5,2,93
12868,250,11,5,2,81
12869,251,11,5,2,71
12870,252,11,5,2,82
12871,253,11,5,2,101
12872,254,11,5,2,92
12873,255,11,5,2,114
12874,256,11,5,2,77
12875,257,11,5,2,94
12876,258,11,5,2,79
12877,259,11,5,2,84
12878,260,11,5,2,75
12879,261,11,5,2,78
12880,262,11,5,2,71
12881,263,11,5,2,76
12882,264,11,5,2,86
12883,265,11,5,2,92
12884,266,11,5,2,78
12885,267,11,5,2,145
12886,268,11,5,2,42
12887,269,11,5,2,97
12888,270,11,5,2,80
12889,271,11,5,2,96
12890,272,11,5,2,106
12891,273,11,5,2,77
12892,274,11,5,2,52
12893,275,11,5,2,73
12894,276,11,5,2,83
12895,277,11,5,2,107
12896,278,11,5,2,85
12897,279,11,5,2,128
12898,280,11,5,2,84
12899,281,11,5,2,77
12900,282,11,5,2,97
12901,283,11,5,2,80
12902,284,11,5,2,86
12903,285,11,5,2,80
12904,286,11,5,2,87
12905,287,11,5,2,81
12906,288,11,5,2,76
12907,289,11,5,2,66
12908,290,11,5,2,96
12909,291,11,5,2,83
12910,292,11,5,2,84
12911,293,11,5,2,88
12912,294,11,5,2,85
12913,295,11,5,2,102
12914,296,11,5,2,151
12915,297,11,5,2,81
12916,298,11,5,2,84
12917,299,11,5,2,92
12918,300,11,5,2,78
12919,301,11,5,2,72
12920,302,11,5,2,86
12921,303,11,5,2,102
12922,304,11,5,2,67
12923,305,11,5,2,87
12924,306,11,5,2,82
12925,307,11,5,2,202
12926,308,11,5,2,81
12927,309,11,5,2,80
12928,310,11,5,2,80
12929,311,11,5,2,70
12930,312,11,5,2,79
12931,313,11,5,2,80
12932,314,11,5,2,97
12933,315,11,5,2,68
12934,316,11,5,2,70
12935,317,11,5,2,63
12936,318,11,5,2,77
12937,319,11,5,2,97
12938,320,11,5,2,63
12939,321,11,5,2,95
12940,322,11,5,2,82
12941,323,11,5,2,74
12942,324,11,5,2,74
12943,325,11,5,2,90
27293,199,11,5,2,105
27294,201,11,5,2,125
27295,203,11,5,2,108
27296,204,11,5,2,103
27297,207,11,5,2,98
27298,1391,11,5,2,87
27299,224,11,5,2,84
27300,228,11,5,2,89
27301,229,11,5,2,76
27302,230,11,5,2,105
27303,232,11,5,2,99
27304,233,11,5,2,131
27305,234,11,5,2,90
27306,236,11,5,2,92
27307,237,11,5,2,76
27308,238,11,5,2,109
27309,239,11,5,2,89
27310,240,11,5,2,114
27311,241,11,5,2,95
27312,242,11,5,2,94
27313,243,11,5,2,87
27314,244,11,5,2,91
27315,245,11,5,2,108
27316,246,11,5,2,64
27317,247,11,5,2,145
27318,248,11,5,2,66
27319,249,11,5,2,94
27320,250,11,5,2,78
27321,252,11,5,2,92
27322,253,11,5,2,120
27323,254,11,5,2,86
27324,255,11,5,2,127
27325,256,11,5,2,72
27326,257,11,5,2,83
27327,258,11,5,2,91
27328,259,11,5,2,75
27329,260,11,5,2,79
27330,261,11,5,2,98
27331,262,11,5,2,64
27332,263,11,5,2,79
27333,264,11,5,2,96
27334,265,11,5,2,84
27335,266,11,5,2,76
27336,267,11,5,2,162
27337,268,11,5,2,61
27338,269,11,5,2,97
27339,270,11,5,2,79
27340,271,11,5,2,178
27341,272,11,5,2,99
27342,273,11,5,2,78
27343,274,11,5,2,59
27344,275,11,5,2,71
27345,276,11,5,2,81
27346,277,11,5,2,93
27347,278,11,5,2,101
27348,279,11,5,2,99
27349,280,11,5,2,88
27350,281,11,5,2,69
27351,282,11,5,2,81
27352,283,11,5,2,90
27353,284,11,5,2,77
27354,285,11,5,2,77
27355,286,11,5,2,124
27356,287,11,5,2,82
27357,288,11,5,2,72
27358,289,11,5,2,64
27359,1392,11,5,2,88
27360,293,11,5,2,157
27361,294,11,5,2,76
27362,1393,11,5,2,175
27363,297,11,5,2,100
27364,298,11,5,2,91
27365,299,11,5,2,131
27366,300,11,5,2,144
27367,301,11,5,2,72
27368,302,11,5,2,102
27369,303,11,5,2,94
27370,304,11,5,2,68
27371,305,11,5,2,163
27372,306,11,5,2,87
27373,307,11,5,2,176
27374,308,11,5,2,212
27375,309,11,5,2,78
27376,310,11,5,2,78
27377,312,11,5,2,71
27378,313,11,5,2,79
27379,314,11,5,2,88
27380,315,11,5,2,72
27381,316,11,5,2,70
27382,317,11,5,2,75
27383,318,11,5,2,75
27384,319,11,5,2,181
27385,320,11,5,2,63
27386,321,11,5,2,100
27387,322,11,5,2,82
27388,323,11,5,2,68
27389,324,11,5,2,104
27390,325,11,5,2,102
11415,199,11,5,1,116
11416,200,11,5,1,107
11417,201,11,5,1,106
11418,202,11,5,1,118
11419,203,11,5,1,108
11420,204,11,5,1,100
11421,205,11,5,1,113
11422,206,11,5,1,91
11423,207,11,5,1,118
11424,208,11,5,1,121
11425,209,11,5,1,116
11426,210,11,5,1,106
11427,211,11,5,1,104
11428,212,11,5,1,120
11429,213,11,5,1,114
11430,214,11,5,1,102
11431,215,11,5,1,101
11432,216,11,5,1,126
11433,217,11,5,1,103
11434,218,11,5,1,116
11435,219,11,5,1,97
11436,220,11,5,1,109
11437,221,11,5,1,121
11438,222,11,5,1,109
11439,223,11,5,1,97
11440,224,11,5,1,120
11441,225,11,5,1,113
11442,226,11,5,1,134
11443,227,11,5,1,134
11444,228,11,5,1,117
11445,229,11,5,1,99
11446,230,11,5,1,129
11447,231,11,5,1,124
11448,232,11,5,1,115
11449,233,11,5,1,105
11450,234,11,5,1,104
11451,235,11,5,1,106
11452,236,11,5,1,106
11453,237,11,5,1,98
11454,238,11,5,1,85
11455,239,11,5,1,116
11456,240,11,5,1,97
11457,241,11,5,1,104
11458,242,11,5,1,108
11459,243,11,5,1,106
11460,244,11,5,1,106
11461,245,11,5,1,117
11462,246,11,5,1,86
11463,247,11,5,1,102
11464,248,11,5,1,91
11465,249,11,5,1,114
11466,250,11,5,1,104
11467,251,11,5,1,107
11468,252,11,5,1,128
11469,253,11,5,1,109
11470,254,11,5,1,112
11471,255,11,5,1,124
11472,256,11,5,1,99
11473,257,11,5,1,107
11474,258,11,5,1,123
11475,259,11,5,1,133
11476,260,11,5,1,114
11477,261,11,5,1,107
11478,262,11,5,1,109
11479,263,11,5,1,126
11480,264,11,5,1,121
11481,265,11,5,1,105
11482,266,11,5,1,112
11483,267,11,5,1,131
11484,268,11,5,1,63
11485,269,11,5,1,123
11486,270,11,5,1,119
11487,271,11,5,1,111
11488,272,11,5,1,127
11489,273,11,5,1,93
11490,274,11,5,1,105
11491,275,11,5,1,73
11492,276,11,5,1,102
11493,277,11,5,1,129
11494,278,11,5,1,108
11495,279,11,5,1,101
11496,280,11,5,1,109
11497,281,11,5,1,107
11498,282,11,5,1,134
11499,283,11,5,1,93
11500,284,11,5,1,88
11501,285,11,5,1,128
11502,286,11,5,1,97
11503,287,11,5,1,123
11504,288,11,5,1,89
11505,289,11,5,1,65
11506,290,11,5,1,131
11507,291,11,5,1,130
11508,292,11,5,1,135
11509,293,11,5,1,104
11510,294,11,5,1,113
11511,295,11,5,1,107
11512,296,11,5,1,119
11513,297,11,5,1,108
11514,298,11,5,1,129
11515,299,11,5,1,105
11516,300,11,5,1,110
11517,301,11,5,1,90
11518,302,11,5,1,109
11519,303,11,5,1,104
11520,304,11,5,1,116
11521,305,11,5,1,103
11522,306,11,5,1,101
11523,307,11,5,1,122
11524,308,11,5,1,120
11525,309,11,5,1,109
11526,310,11,5,1,102
11527,311,11,5,1,106
11528,312,11,5,1,106
11529,313,11,5,1,130
11530,314,11,5,1,115
11531,315,11,5,1,106
11532,316,11,5,1,124
11533,317,11,5,1,88
11534,318,11,5,1,113
11535,319,11,5,1,112
11536,320,11,5,1,94
11537,321,11,5,1,100
11538,322,11,5,1,107
11539,323,11,5,1,91
11540,324,11,5,1,109
11541,325,11,5,1,86
20868,199,11,5,1,111
20869,201,11,5,1,108
20870,203,11,5,1,105
20871,204,11,5,1,100
20872,207,11,5,1,112
20873,1391,11,5,1,107
20874,224,11,5,1,120
20875,228,11,5,1,98
20876,229,11,5,1,87
20877,230,11,5,1,125
20878,232,11,5,1,105
20879,233,11,5,1,108
20880,234,11,5,1,98
20881,236,11,5,1,100
20882,237,11,5,1,86
20883,238,11,5,1,90
20884,239,11,5,1,111
20885,240,11,5,1,94
20886,241,11,5,1,98
20887,242,11,5,1,91
20888,243,11,5,1,89
20889,244,11,5,1,89
20890,245,11,5,1,98
20891,246,11,5,1,71
20892,247,11,5,1,88
20893,248,11,5,1,77
20894,249,11,5,1,105
20895,250,11,5,1,92
20896,252,11,5,1,117
20897,253,11,5,1,110
20898,254,11,5,1,113
20899,255,11,5,1,113
20900,256,11,5,1,95
20901,257,11,5,1,93
20902,258,11,5,1,96
20903,259,11,5,1,107
20904,260,11,5,1,116
20905,261,11,5,1,96
20906,262,11,5,1,98
20907,263,11,5,1,121
20908,264,11,5,1,102
20909,265,11,5,1,89
20910,266,11,5,1,107
20911,267,11,5,1,133
20912,268,11,5,1,63
20913,269,11,5,1,105
20914,270,11,5,1,96
20915,271,11,5,1,110
20916,272,11,5,1,102
20917,273,11,5,1,85
20918,274,11,5,1,94
20919,275,11,5,1,61
20920,276,11,5,1,83
20921,277,11,5,1,111
20922,278,11,5,1,99
20923,279,11,5,1,98
20924,280,11,5,1,95
20925,281,11,5,1,97
20926,282,11,5,1,107
20927,283,11,5,1,77
20928,284,11,5,1,85
20929,285,11,5,1,92
20930,286,11,5,1,110
20931,287,11,5,1,119
20932,288,11,5,1,69
20933,289,11,5,1,62
20934,1392,11,5,1,116
20935,293,11,5,1,105
20936,294,11,5,1,91
20937,1393,11,5,1,112
20938,297,11,5,1,104
20939,298,11,5,1,125
20940,299,11,5,1,100
20941,300,11,5,1,110
20942,301,11,5,1,90
20943,302,11,5,1,104
20944,303,11,5,1,90
20945,304,11,5,1,115
20946,305,11,5,1,108
20947,306,11,5,1,92
20948,307,11,5,1,115
20949,308,11,5,1,127
20950,309,11,5,1,110
20951,310,11,5,1,96
20952,312,11,5,1,96
20953,313,11,5,1,114
20954,314,11,5,1,97
20955,315,11,5,1,91
20956,316,11,5,1,109
20957,317,11,5,1,71
20958,318,11,5,1,97
20959,319,11,5,1,116
20960,320,11,5,1,77
20961,321,11,5,1,93
20962,322,11,5,1,108
20963,323,11,5,1,77
20964,324,11,5,1,99
20965,325,11,5,1,86
8611,199,11,4,1,115
8612,200,11,4,1,104
8613,201,11,4,1,106
8614,202,11,4,1,122
8615,203,11,4,1,104
8616,204,11,4,1,105
8617,205,11,4,1,115
8618,206,11,4,1,93
8619,207,11,4,1,122
8620,208,11,4,1,127
8621,209,11,4,1,121
8622,210,11,4,1,106
8623,211,11,4,1,106
8624,212,11,4,1,126
8625,213,11,4,1,116
8626,214,11,4,1,115
8627,215,11,4,1,107
8628,216,11,4,1,125
8629,217,11,4,1,109
8630,218,11,4,1,111
8631,219,11,4,1,101
8632,220,11,4,1,121
8633,221,11,4,1,126
8634,222,11,4,1,104
8635,223,11,4,1,99
8636,224,11,4,1,121
8637,225,11,4,1,114
8638,226,11,4,1,134
8639,227,11,4,1,125
8640,228,11,4,1,116
8641,229,11,4,1,95
8642,230,11,4,1,133
8643,231,11,4,1,126
8644,232,11,4,1,115
8645,233,11,4,1,107
8646,234,11,4,1,107
8647,235,11,4,1,105
8648,236,11,4,1,104
8649,237,11,4,1,81
8650,238,11,4,1,81
8651,239,11,4,1,118
8652,240,11,4,1,100
8653,241,11,4,1,114
8654,242,11,4,1,107
8655,243,11,4,1,105
8656,244,11,4,1,105
8657,245,11,4,1,108
8658,246,11,4,1,75
8659,247,11,4,1,97
8660,248,11,4,1,91
8661,249,11,4,1,116
8662,250,11,4,1,109
8663,251,11,4,1,106
8664,252,11,4,1,126
8665,253,11,4,1,117
8666,254,11,4,1,115
8667,255,11,4,1,125
8668,256,11,4,1,106
8669,257,11,4,1,109
8670,258,11,4,1,120
8671,259,11,4,1,134
8672,260,11,4,1,125
8673,261,11,4,1,101
8674,262,11,4,1,109
8675,263,11,4,1,139
8676,264,11,4,1,119
8677,265,11,4,1,101
8678,266,11,4,1,119
8679,267,11,4,1,137
8680,268,11,4,1,57
8681,269,11,4,1,135
8682,270,11,4,1,129
8683,271,11,4,1,108
8684,272,11,4,1,128
8685,273,11,4,1,89
8686,274,11,4,1,82
8687,275,11,4,1,63
8688,276,11,4,1,106
8689,277,11,4,1,129
8690,278,11,4,1,116
8691,279,11,4,1,92
8692,280,11,4,1,99
8693,281,11,4,1,99
8694,282,11,4,1,136
8695,283,11,4,1,96
8696,284,11,4,1,86
8697,285,11,4,1,121
8698,286,11,4,1,94
8699,287,11,4,1,121
8700,288,11,4,1,89
8701,289,11,4,1,61
8702,290,11,4,1,132
8703,291,11,4,1,131
8704,292,11,4,1,129
8705,293,11,4,1,118
8706,294,11,4,1,103
8707,295,11,4,1,109
8708,296,11,4,1,122
8709,297,11,4,1,110
8710,298,11,4,1,132
8711,299,11,4,1,108
8712,300,11,4,1,113
8713,301,11,4,1,92
8714,302,11,4,1,113
8715,303,11,4,1,113
8716,304,11,4,1,115
8717,305,11,4,1,104
8718,306,11,4,1,94
8719,307,11,4,1,119
8720,308,11,4,1,125
8721,309,11,4,1,112
8722,310,11,4,1,108
8723,311,11,4,1,100
8724,312,11,4,1,114
8725,313,11,4,1,135
8726,314,11,4,1,115
8727,315,11,4,1,103
8728,316,11,4,1,125
8729,317,11,4,1,91
8730,318,11,4,1,107
8731,319,11,4,1,109
8732,320,11,4,1,78
8733,321,11,4,1,102
8734,322,11,4,1,110
8735,323,11,4,1,86
8736,324,11,4,1,109
8737,325,11,4,1,84
22153,199,11,4,1,107
22154,201,11,4,1,108
22155,203,11,4,1,103
22156,204,11,4,1,103
22157,207,11,4,1,116
22158,1391,11,4,1,111
22159,224,11,4,1,121
22160,228,11,4,1,99
22161,229,11,4,1,83
22162,230,11,4,1,128
22163,232,11,4,1,106
22164,233,11,4,1,108
22165,234,11,4,1,100
22166,236,11,4,1,99
22167,237,11,4,1,72
22168,238,11,4,1,87
22169,239,11,4,1,114
22170,240,11,4,1,91
22171,241,11,4,1,102
22172,242,11,4,1,85
22173,243,11,4,1,86
22174,244,11,4,1,91
22175,245,11,4,1,89
22176,246,11,4,1,66
22177,247,11,4,1,77
22178,248,11,4,1,77
22179,249,11,4,1,107
22180,250,11,4,1,95
22181,252,11,4,1,116
22182,253,11,4,1,115
22183,254,11,4,1,113
22184,255,11,4,1,114
22185,256,11,4,1,97
22186,257,11,4,1,93
22187,258,11,4,1,97
22188,259,11,4,1,106
22189,260,11,4,1,119
22190,261,11,4,1,92
22191,262,11,4,1,104
22192,263,11,4,1,126
22193,264,11,4,1,102
22194,265,11,4,1,88
22195,266,11,4,1,117
22196,267,11,4,1,135
22197,268,11,4,1,59
22198,269,11,4,1,110
22199,270,11,4,1,96
22200,271,11,4,1,102
22201,272,11,4,1,108
22202,273,11,4,1,84
22203,274,11,4,1,74
22204,275,11,4,1,51
22205,276,11,4,1,91
22206,277,11,4,1,113
22207,278,11,4,1,102
22208,279,11,4,1,101
22209,280,11,4,1,91
22210,281,11,4,1,95
22211,282,11,4,1,103
22212,283,11,4,1,76
22213,284,11,4,1,84
22214,285,11,4,1,80
22215,286,11,4,1,91
22216,287,11,4,1,124
22217,288,11,4,1,74
22218,289,11,4,1,57
22219,1392,11,4,1,120
22220,293,11,4,1,110
22221,294,11,4,1,85
22222,1393,11,4,1,118
22223,297,11,4,1,105
22224,298,11,4,1,129
22225,299,11,4,1,100
22226,300,11,4,1,108
22227,301,11,4,1,92
22228,302,11,4,1,101
22229,303,11,4,1,97
22230,304,11,4,1,112
22231,305,11,4,1,111
22232,306,11,4,1,88
22233,307,11,4,1,111
22234,308,11,4,1,119
22235,309,11,4,1,115
22236,310,11,4,1,96
22237,312,11,4,1,97
22238,313,11,4,1,116
22239,314,11,4,1,98
22240,315,11,4,1,84
22241,316,11,4,1,113
22242,317,11,4,1,63
22243,318,11,4,1,93
22244,319,11,4,1,108
22245,320,11,4,1,67
22246,321,11,4,1,95
22247,322,11,4,1,112
22248,323,11,4,1,74
22249,324,11,4,1,104
22250,325,11,4,1,85
10013,199,11,4,2,88
10014,200,11,4,2,78
10015,201,11,4,2,103
10016,202,11,4,2,93
10017,203,11,4,2,109
10018,204,11,4,2,90
10019,205,11,4,2,79
10020,206,11,4,2,72
10021,207,11,4,2,86
10022,208,11,4,2,68
10023,209,11,4,2,86
10024,210,11,4,2,85
10025,211,11,4,2,87
10026,212,11,4,2,85
10027,213,11,4,2,78
10028,214,11,4,2,81
10029,215,11,4,2,80
10030,216,11,4,2,94
10031,217,11,4,2,78
10032,218,11,4,2,88
10033,219,11,4,2,105
10034,220,11,4,2,85
10035,221,11,4,2,89
10036,222,11,4,2,83
10037,223,11,4,2,76
10038,224,11,4,2,82
10039,225,11,4,2,77
10040,226,11,4,2,84
10041,227,11,4,2,84
10042,228,11,4,2,82
10043,229,11,4,2,83
10044,230,11,4,2,85
10045,231,11,4,2,121
10046,232,11,4,2,92
10047,233,11,4,2,92
10048,234,11,4,2,85
10049,235,11,4,2,90
10050,236,11,4,2,85
10051,237,11,4,2,65
10052,238,11,4,2,86
10053,239,11,4,2,81
10054,240,11,4,2,82
10055,241,11,4,2,86
10056,242,11,4,2,84
10057,243,11,4,2,81
10058,244,11,4,2,104
10059,245,11,4,2,74
10060,246,11,4,2,73
10061,247,11,4,2,83
10062,248,11,4,2,71
10063,249,11,4,2,90
10064,250,11,4,2,88
10065,251,11,4,2,80
10066,252,11,4,2,78
10067,253,11,4,2,104
10068,254,11,4,2,90
10069,255,11,4,2,99
10070,256,11,4,2,83
10071,257,11,4,2,94
10072,258,11,4,2,82
10073,259,11,4,2,87
10074,260,11,4,2,79
10075,261,11,4,2,76
10076,262,11,4,2,83
10077,263,11,4,2,80
10078,264,11,4,2,91
10079,265,11,4,2,100
10080,266,11,4,2,88
10081,267,11,4,2,153
10082,268,11,4,2,44
10083,269,11,4,2,105
10084,270,11,4,2,88
10085,271,11,4,2,83
10086,272,11,4,2,110
10087,273,11,4,2,78
10088,274,11,4,2,45
10089,275,11,4,2,77
10090,276,11,4,2,85
10091,277,11,4,2,114
10092,278,11,4,2,89
10093,279,11,4,2,85
10094,280,11,4,2,73
10095,281,11,4,2,75
10096,282,11,4,2,103
10097,283,11,4,2,81
10098,284,11,4,2,85
10099,285,11,4,2,84
10100,286,11,4,2,89
10101,287,11,4,2,82
10102,288,11,4,2,80
10103,289,11,4,2,59
10104,290,11,4,2,105
10105,291,11,4,2,79
10106,292,11,4,2,85
10107,293,11,4,2,102
10108,294,11,4,2,89
10109,295,11,4,2,94
10110,296,11,4,2,172
10111,297,11,4,2,84
10112,298,11,4,2,83
10113,299,11,4,2,91
10114,300,11,4,2,85
10115,301,11,4,2,78
10116,302,11,4,2,91
10117,303,11,4,2,103
10118,304,11,4,2,66
10119,305,11,4,2,93
10120,306,11,4,2,75
10121,307,11,4,2,162
10122,308,11,4,2,86
10123,309,11,4,2,77
10124,310,11,4,2,89
10125,311,11,4,2,67
10126,312,11,4,2,79
10127,313,11,4,2,82
10128,314,11,4,2,99
10129,315,11,4,2,74
10130,316,11,4,2,75
10131,317,11,4,2,70
10132,318,11,4,2,82
10133,319,11,4,2,104
10134,320,11,4,2,59
10135,321,11,4,2,100
10136,322,11,4,2,89
10137,323,11,4,2,73
10138,324,11,4,2,79
10139,325,11,4,2,97
26008,199,11,4,2,97
26009,201,11,4,2,126
26010,203,11,4,2,109
26011,204,11,4,2,110
26012,207,11,4,2,100
26013,1391,11,4,2,92
26014,224,11,4,2,84
26015,228,11,4,2,99
26016,229,11,4,2,78
26017,230,11,4,2,109
26018,232,11,4,2,101
26019,233,11,4,2,129
26020,234,11,4,2,96
26021,236,11,4,2,97
26022,237,11,4,2,65
26023,238,11,4,2,122
26024,239,11,4,2,91
26025,240,11,4,2,99
26026,241,11,4,2,93
26027,242,11,4,2,89
26028,243,11,4,2,79
26029,244,11,4,2,97
26030,245,11,4,2,92
26031,246,11,4,2,68
26032,247,11,4,2,119
26033,248,11,4,2,66
26034,249,11,4,2,88
26035,250,11,4,2,84
26036,252,11,4,2,84
26037,253,11,4,2,123
26038,254,11,4,2,87
26039,255,11,4,2,121
26040,256,11,4,2,74
26041,257,11,4,2,79
26042,258,11,4,2,95
26043,259,11,4,2,75
26044,260,11,4,2,80
26045,261,11,4,2,79
26046,262,11,4,2,70
26047,263,11,4,2,81
26048,264,11,4,2,97
26049,265,11,4,2,92
26050,266,11,4,2,86
26051,267,11,4,2,176
26052,268,11,4,2,60
26053,269,11,4,2,107
26054,270,11,4,2,86
26055,271,11,4,2,144
26056,272,11,4,2,110
26057,273,11,4,2,82
26058,274,11,4,2,55
26059,275,11,4,2,65
26060,276,11,4,2,83
26061,277,11,4,2,101
26062,278,11,4,2,89
26063,279,11,4,2,87
26064,280,11,4,2,82
26065,281,11,4,2,71
26066,282,11,4,2,84
26067,283,11,4,2,82
26068,284,11,4,2,78
26069,285,11,4,2,69
26070,286,11,4,2,123
26071,287,11,4,2,84
26072,288,11,4,2,81
26073,289,11,4,2,59
26074,1392,11,4,2,87
26075,293,11,4,2,173
26076,294,11,4,2,77
26077,1393,11,4,2,181
26078,297,11,4,2,103
26079,298,11,4,2,96
26080,299,11,4,2,131
26081,300,11,4,2,153
26082,301,11,4,2,78
26083,302,11,4,2,95
26084,303,11,4,2,94
26085,304,11,4,2,69
26086,305,11,4,2,180
26087,306,11,4,2,80
26088,307,11,4,2,154
26089,308,11,4,2,172
26090,309,11,4,2,79
26091,310,11,4,2,84
26092,312,11,4,2,74
26093,313,11,4,2,76
26094,314,11,4,2,87
26095,315,11,4,2,71
26096,316,11,4,2,74
26097,317,11,4,2,62
26098,318,11,4,2,79
26099,319,11,4,2,179
26100,320,11,4,2,62
26101,321,11,4,2,104
26102,322,11,4,2,88
26103,323,11,4,2,69
26104,324,11,4,2,122
26105,325,11,4,2,115
5807,199,11,3,2,92
5808,200,11,3,2,85
5809,201,11,3,2,105
5810,202,11,3,2,98
5811,203,11,3,2,103
5812,204,11,3,2,102
5813,205,11,3,2,85
5814,206,11,3,2,85
5815,207,11,3,2,91
5816,208,11,3,2,83
5817,209,11,3,2,83
5818,210,11,3,2,90
5819,211,11,3,2,85
5820,212,11,3,2,95
5821,213,11,3,2,80
5822,214,11,3,2,89
5823,215,11,3,2,84
5824,216,11,3,2,94
5825,217,11,3,2,89
5826,218,11,3,2,82
5827,219,11,3,2,91
5828,220,11,3,2,93
5829,221,11,3,2,91
5830,222,11,3,2,95
5831,223,11,3,2,83
5832,224,11,3,2,83
5833,225,11,3,2,79
5834,226,11,3,2,85
5835,227,11,3,2,81
5836,228,11,3,2,99
5837,229,11,3,2,100
5838,230,11,3,2,90
5839,231,11,3,2,150
5840,232,11,3,2,99
5841,233,11,3,2,104
5842,234,11,3,2,96
5843,235,11,3,2,98
5844,236,11,3,2,76
5845,237,11,3,2,71
5846,238,11,3,2,96
5847,239,11,3,2,85
5848,240,11,3,2,88
5849,241,11,3,2,91
5850,242,11,3,2,106
5851,243,11,3,2,87
5852,244,11,3,2,105
5853,245,11,3,2,61
5854,246,11,3,2,88
5855,247,11,3,2,102
5856,248,11,3,2,80
5857,249,11,3,2,97
5858,250,11,3,2,93
5859,251,11,3,2,97
5860,252,11,3,2,85
5861,253,11,3,2,122
5862,254,11,3,2,105
5863,255,11,3,2,100
5864,256,11,3,2,96
5865,257,11,3,2,109
5866,258,11,3,2,101
5867,259,11,3,2,101
5868,260,11,3,2,78
5869,261,11,3,2,91
5870,262,11,3,2,98
5871,263,11,3,2,94
5872,264,11,3,2,97
5873,265,11,3,2,97
5874,266,11,3,2,85
5875,267,11,3,2,111
5876,268,11,3,2,48
5877,269,11,3,2,95
5878,270,11,3,2,101
5879,271,11,3,2,97
5880,272,11,3,2,124
5881,273,11,3,2,92
5882,274,11,3,2,40
5883,275,11,3,2,91
5884,276,11,3,2,99
5885,277,11,3,2,119
5886,278,11,3,2,104
5887,279,11,3,2,90
5888,280,11,3,2,84
5889,281,11,3,2,71
5890,282,11,3,2,95
5891,283,11,3,2,101
5892,284,11,3,2,81
5893,285,11,3,2,93
5894,286,11,3,2,94
5895,287,11,3,2,105
5896,288,11,3,2,95
5897,289,11,3,2,62
5898,290,11,3,2,115
5899,291,11,3,2,90
5900,292,11,3,2,98
5901,293,11,3,2,90
5902,294,11,3,2,85
5903,295,11,3,2,102
5904,296,11,3,2,104
5905,297,11,3,2,87
5906,298,11,3,2,93
5907,299,11,3,2,101
5908,300,11,3,2,88
5909,301,11,3,2,92
5910,302,11,3,2,105
5911,303,11,3,2,113
5912,304,11,3,2,62
5913,305,11,3,2,88
5914,306,11,3,2,91
5915,307,11,3,2,109
5916,308,11,3,2,98
5917,309,11,3,2,75
5918,310,11,3,2,94
5919,311,11,3,2,74
5920,312,11,3,2,74
5921,313,11,3,2,86
5922,314,11,3,2,113
5923,315,11,3,2,92
5924,316,11,3,2,81
5925,317,11,3,2,85
5926,318,11,3,2,96
5927,319,11,3,2,132
5928,320,11,3,2,67
5929,321,11,3,2,101
5930,322,11,3,2,93
5931,323,11,3,2,84
5932,324,11,3,2,87
5933,325,11,3,2,91
24723,199,11,3,2,90
24724,201,11,3,2,129
24725,203,11,3,2,114
24726,204,11,3,2,104
24727,207,11,3,2,99
24728,1391,11,3,2,99
24729,224,11,3,2,85
24730,228,11,3,2,113
24731,229,11,3,2,89
24732,230,11,3,2,112
24733,232,11,3,2,102
24734,233,11,3,2,108
24735,234,11,3,2,102
24736,236,11,3,2,81
24737,237,11,3,2,71
24738,238,11,3,2,76
24739,239,11,3,2,101
24740,240,11,3,2,92
24741,241,11,3,2,90
24742,242,11,3,2,88
24743,243,11,3,2,84
24744,244,11,3,2,96
24745,245,11,3,2,67
24746,246,11,3,2,81
24747,247,11,3,2,113
24748,248,11,3,2,77
24749,249,11,3,2,97
24750,250,11,3,2,90
24751,252,11,3,2,84
24752,253,11,3,2,142
24753,254,11,3,2,96
24754,255,11,3,2,108
24755,256,11,3,2,89
24756,257,11,3,2,91
24757,258,11,3,2,114
24758,259,11,3,2,84
24759,260,11,3,2,75
24760,261,11,3,2,79
24761,262,11,3,2,75
24762,263,11,3,2,90
24763,264,11,3,2,88
24764,265,11,3,2,94
24765,266,11,3,2,84
24766,267,11,3,2,115
24767,268,11,3,2,52
24768,269,11,3,2,92
24769,270,11,3,2,91
24770,271,11,3,2,112
24771,272,11,3,2,111
24772,273,11,3,2,94
24773,274,11,3,2,49
24774,275,11,3,2,71
24775,276,11,3,2,97
24776,277,11,3,2,113
24777,278,11,3,2,95
24778,279,11,3,2,93
24779,280,11,3,2,87
24780,281,11,3,2,71
24781,282,11,3,2,85
24782,283,11,3,2,84
24783,284,11,3,2,77
24784,285,11,3,2,80
24785,286,11,3,2,125
24786,287,11,3,2,104
24787,288,11,3,2,89
24788,289,11,3,2,59
24789,1392,11,3,2,95
24790,293,11,3,2,163
24791,294,11,3,2,80
24792,1393,11,3,2,150
24793,297,11,3,2,108
24794,298,11,3,2,96
24795,299,11,3,2,131
24796,300,11,3,2,151
24797,301,11,3,2,92
24798,302,11,3,2,110
24799,303,11,3,2,100
24800,304,11,3,2,71
24801,305,11,3,2,184
24802,306,11,3,2,92
24803,307,11,3,2,108
24804,308,11,3,2,121
24805,309,11,3,2,86
24806,310,11,3,2,91
24807,312,11,3,2,75
24808,313,11,3,2,78
24809,314,11,3,2,100
24810,315,11,3,2,90
24811,316,11,3,2,77
24812,317,11,3,2,82
24813,318,11,3,2,90
24814,319,11,3,2,243
24815,320,11,3,2,72
24816,321,11,3,2,93
24817,322,11,3,2,93
24818,323,11,3,2,79
24819,324,11,3,2,83
24820,325,11,3,2,123
7209,199,11,3,1,114
7210,200,11,3,1,103
7211,201,11,3,1,110
7212,202,11,3,1,124
7213,203,11,3,1,107
7214,204,11,3,1,107
7215,205,11,3,1,113
7216,206,11,3,1,96
7217,207,11,3,1,134
7218,208,11,3,1,138
7219,209,11,3,1,118
7220,210,11,3,1,109
7221,211,11,3,1,117
7222,212,11,3,1,142
7223,213,11,3,1,114
7224,214,11,3,1,119
7225,215,11,3,1,107
7226,216,11,3,1,128
7227,217,11,3,1,113
7228,218,11,3,1,118
7229,219,11,3,1,108
7230,220,11,3,1,130
7231,221,11,3,1,138
7232,222,11,3,1,123
7233,223,11,3,1,102
7234,224,11,3,1,118
7235,225,11,3,1,106
7236,226,11,3,1,130
7237,227,11,3,1,115
7238,228,11,3,1,116
7239,229,11,3,1,99
7240,230,11,3,1,136
7241,231,11,3,1,133
7242,232,11,3,1,124
7243,233,11,3,1,107
7244,234,11,3,1,114
7245,235,11,3,1,113
7246,236,11,3,1,104
7247,237,11,3,1,91
7248,238,11,3,1,85
7249,239,11,3,1,125
7250,240,11,3,1,85
7251,241,11,3,1,125
7252,242,11,3,1,113
7253,243,11,3,1,117
7254,244,11,3,1,110
7255,245,11,3,1,89
7256,246,11,3,1,86
7257,247,11,3,1,105
7258,248,11,3,1,91
7259,249,11,3,1,118
7260,250,11,3,1,118
7261,251,11,3,1,120
7262,252,11,3,1,128
7263,253,11,3,1,121
7264,254,11,3,1,131
7265,255,11,3,1,129
7266,256,11,3,1,111
7267,257,11,3,1,130
7268,258,11,3,1,125
7269,259,11,3,1,140
7270,260,11,3,1,109
7271,261,11,3,1,105
7272,262,11,3,1,105
7273,263,11,3,1,134
7274,264,11,3,1,122
7275,265,11,3,1,120
7276,266,11,3,1,126
7277,267,11,3,1,127
7278,268,11,3,1,64
7279,269,11,3,1,131
7280,270,11,3,1,125
7281,271,11,3,1,99
7282,272,11,3,1,135
7283,273,11,3,1,105
7284,274,11,3,1,62
7285,275,11,3,1,71
7286,276,11,3,1,115
7287,277,11,3,1,112
7288,278,11,3,1,122
7289,279,11,3,1,105
7290,280,11,3,1,103
7291,281,11,3,1,100
7292,282,11,3,1,128
7293,283,11,3,1,100
7294,284,11,3,1,86
7295,285,11,3,1,113
7296,286,11,3,1,106
7297,287,11,3,1,120
7298,288,11,3,1,105
7299,289,11,3,1,64
7300,290,11,3,1,139
7301,291,11,3,1,135
7302,292,11,3,1,138
7303,293,11,3,1,120
7304,294,11,3,1,91
7305,295,11,3,1,101
7306,296,11,3,1,105
7307,297,11,3,1,110
7308,298,11,3,1,133
7309,299,11,3,1,121
7310,300,11,3,1,120
7311,301,11,3,1,97
7312,302,11,3,1,113
7313,303,11,3,1,106
7314,304,11,3,1,112
7315,305,11,3,1,105
7316,306,11,3,1,115
7317,307,11,3,1,108
7318,308,11,3,1,129
7319,309,11,3,1,107
7320,310,11,3,1,106
7321,311,11,3,1,100
7322,312,11,3,1,92
7323,313,11,3,1,138
7324,314,11,3,1,125
7325,315,11,3,1,109
7326,316,11,3,1,119
7327,317,11,3,1,81
7328,318,11,3,1,122
7329,319,11,3,1,113
7330,320,11,3,1,80
7331,321,11,3,1,113
7332,322,11,3,1,118
7333,323,11,3,1,80
7334,324,11,3,1,119
7335,325,11,3,1,92
23438,199,11,3,1,105
23439,201,11,3,1,110
23440,203,11,3,1,106
23441,204,11,3,1,101
23442,207,11,3,1,122
23443,1391,11,3,1,118
23444,224,11,3,1,114
23445,228,11,3,1,102
23446,229,11,3,1,83
23447,230,11,3,1,131
23448,232,11,3,1,109
23449,233,11,3,1,100
23450,234,11,3,1,103
23451,236,11,3,1,99
23452,237,11,3,1,80
23453,238,11,3,1,67
23454,239,11,3,1,122
23455,240,11,3,1,84
23456,241,11,3,1,108
23457,242,11,3,1,83
23458,243,11,3,1,94
23459,244,11,3,1,93
23460,245,11,3,1,80
23461,246,11,3,1,75
23462,247,11,3,1,82
23463,248,11,3,1,79
23464,249,11,3,1,109
23465,250,11,3,1,99
23466,252,11,3,1,115
23467,253,11,3,1,122
23468,254,11,3,1,121
23469,255,11,3,1,111
23470,256,11,3,1,105
23471,257,11,3,1,106
23472,258,11,3,1,101
23473,259,11,3,1,103
23474,260,11,3,1,106
23475,261,11,3,1,88
23476,262,11,3,1,96
23477,263,11,3,1,129
23478,264,11,3,1,98
23479,265,11,3,1,92
23480,266,11,3,1,127
23481,267,11,3,1,114
23482,268,11,3,1,63
23483,269,11,3,1,110
23484,270,11,3,1,96
23485,271,11,3,1,88
23486,272,11,3,1,110
23487,273,11,3,1,90
23488,274,11,3,1,59
23489,275,11,3,1,54
23490,276,11,3,1,92
23491,277,11,3,1,103
23492,278,11,3,1,101
23493,279,11,3,1,106
23494,280,11,3,1,90
23495,281,11,3,1,102
23496,282,11,3,1,102
23497,283,11,3,1,79
23498,284,11,3,1,82
23499,285,11,3,1,83
23500,286,11,3,1,99
23501,287,11,3,1,119
23502,288,11,3,1,77
23503,289,11,3,1,58
23504,1392,11,3,1,122
23505,293,11,3,1,113
23506,294,11,3,1,78
23507,1393,11,3,1,103
23508,297,11,3,1,110
23509,298,11,3,1,130
23510,299,11,3,1,106
23511,300,11,3,1,103
23512,301,11,3,1,97
23513,302,11,3,1,103
23514,303,11,3,1,91
23515,304,11,3,1,114
23516,305,11,3,1,115
23517,306,11,3,1,97
23518,307,11,3,1,92
23519,308,11,3,1,119
23520,309,11,3,1,112
23521,310,11,3,1,98
23522,312,11,3,1,93
23523,313,11,3,1,116
23524,314,11,3,1,100
23525,315,11,3,1,93
23526,316,11,3,1,108
23527,317,11,3,1,72
23528,318,11,3,1,103
23529,319,11,3,1,116
23530,320,11,3,1,70
23531,321,11,3,1,98
23532,322,11,3,1,120
23533,323,11,3,1,71
23534,324,11,3,1,104
23535,325,11,3,1,94
7864,849,29,3,1,118
7865,850,29,3,1,67
7866,383,29,3,1,120
7867,851,29,3,1,124
7868,852,29,3,1,117
7869,853,29,3,1,122
7870,854,29,3,1,109
7871,855,29,3,1,126
7872,856,29,3,1,106
7873,857,29,3,1,121
7874,858,29,3,1,106
7875,859,29,3,1,104
7876,860,29,3,1,107
7877,861,29,3,1,109
7878,862,29,3,1,99
7879,863,29,3,1,109
7880,864,29,3,1,91
7881,865,29,3,1,106
7882,866,29,3,1,108
7883,867,29,3,1,102
7884,868,29,3,1,111
7885,869,29,3,1,115
7886,870,29,3,1,98
7887,871,29,3,1,98
7888,872,29,3,1,78
7889,873,29,3,1,86
7890,874,29,3,1,85
7891,875,29,3,1,109
7892,876,29,3,1,110
7893,877,29,3,1,106
7894,878,29,3,1,97
7895,879,29,3,1,88
7896,880,29,3,1,95
7897,881,29,3,1,96
7898,882,29,3,1,85
7899,883,29,3,1,98
7900,884,29,3,1,72
7901,885,29,3,1,100
7902,886,29,3,1,96
7903,887,29,3,1,87
7904,888,29,3,1,95
7905,889,29,3,1,114
7906,890,29,3,1,99
7907,891,29,3,1,84
7908,892,29,3,1,82
7909,893,29,3,1,95
7910,894,29,3,1,63
7911,73,29,3,1,84
7912,895,29,3,1,80
7913,896,29,3,1,94
7914,897,29,3,1,69
7915,898,29,3,1,71
7916,899,29,3,1,92
7917,900,29,3,1,78
7918,901,29,3,1,73
7919,902,29,3,1,55
7920,903,29,3,1,125
7921,904,29,3,1,82
7922,905,29,3,1,106
7923,906,29,3,1,83
7924,907,29,3,1,102
7925,402,29,3,1,93
7926,908,29,3,1,75
7927,389,29,3,1,74
7928,909,29,3,1,86
7929,910,29,3,1,98
7930,911,29,3,1,82
7931,912,29,3,1,55
7932,913,29,3,1,54
7933,914,29,3,1,73
7934,915,29,3,1,81
7935,916,29,3,1,79
7936,917,29,3,1,106
7937,918,29,3,1,77
7938,919,29,3,1,45
7939,920,29,3,1,38
7940,921,29,3,1,40
7941,922,29,3,1,58
7942,923,29,3,1,76
7943,924,29,3,1,73
7944,925,29,3,1,69
7945,926,29,3,1,61
7946,927,29,3,1,94
7947,928,29,3,1,46
7948,929,29,3,1,83
7949,930,29,3,1,68
7950,931,29,3,1,56
7951,932,29,3,1,81
7952,933,29,3,1,66
7953,934,29,3,1,48
7954,935,29,3,1,35
7955,936,29,3,1,48
7956,937,29,3,1,78
7957,938,29,3,1,92
24025,849,29,3,1,117
24026,383,29,3,1,117
24027,851,29,3,1,123
24028,852,29,3,1,117
24029,853,29,3,1,112
24030,855,29,3,1,126
24031,856,29,3,1,106
24032,857,29,3,1,115
24033,858,29,3,1,98
24034,859,29,3,1,104
24035,860,29,3,1,105
24036,861,29,3,1,109
24037,862,29,3,1,99
24038,863,29,3,1,106
24039,864,29,3,1,79
24040,865,29,3,1,106
24041,866,29,3,1,105
24042,867,29,3,1,102
24043,868,29,3,1,109
24044,869,29,3,1,115
24045,870,29,3,1,98
24046,871,29,3,1,98
24047,872,29,3,1,78
24048,873,29,3,1,77
24049,874,29,3,1,82
24050,875,29,3,1,105
24051,876,29,3,1,110
24052,877,29,3,1,106
24053,878,29,3,1,93
24054,879,29,3,1,88
24055,880,29,3,1,95
24056,881,29,3,1,88
24057,882,29,3,1,84
24058,883,29,3,1,96
24059,884,29,3,1,72
24060,885,29,3,1,100
24061,886,29,3,1,83
24062,887,29,3,1,85
24063,888,29,3,1,84
24064,889,29,3,1,114
24065,890,29,3,1,99
24066,891,29,3,1,84
24067,892,29,3,1,80
24068,893,29,3,1,94
24069,894,29,3,1,63
24070,73,29,3,1,84
24071,895,29,3,1,75
24072,896,29,3,1,91
24073,897,29,3,1,69
24074,898,29,3,1,70
24075,899,29,3,1,88
24076,900,29,3,1,68
24077,901,29,3,1,72
24078,902,29,3,1,55
24079,903,29,3,1,125
24080,904,29,3,1,82
24081,905,29,3,1,106
24082,906,29,3,1,83
24083,907,29,3,1,102
24084,402,29,3,1,93
24085,908,29,3,1,75
24086,389,29,3,1,71
24087,909,29,3,1,77
24088,910,29,3,1,98
24089,911,29,3,1,82
24090,912,29,3,1,55
24091,913,29,3,1,54
24092,914,29,3,1,73
24093,915,29,3,1,81
24094,916,29,3,1,66
24095,917,29,3,1,106
24096,918,29,3,1,77
24097,919,29,3,1,43
24098,920,29,3,1,38
24099,921,29,3,1,40
24100,922,29,3,1,58
24101,923,29,3,1,76
24102,924,29,3,1,73
24103,925,29,3,1,69
24104,926,29,3,1,61
24105,927,29,3,1,94
24106,928,29,3,1,46
24107,929,29,3,1,83
24108,930,29,3,1,68
24109,931,29,3,1,56
24110,932,29,3,1,81
24111,933,29,3,1,65
24112,934,29,3,1,48
24113,935,29,3,1,35
24114,936,29,3,1,47
24115,937,29,3,1,78
24116,938,29,3,1,92
6462,849,29,3,2,109
6463,850,29,3,2,36
6464,383,29,3,2,129
6465,851,29,3,2,149
6466,852,29,3,2,121
6467,853,29,3,2,103
6468,854,29,3,2,120
6469,855,29,3,2,112
6470,856,29,3,2,105
6471,857,29,3,2,149
6472,858,29,3,2,110
6473,859,29,3,2,96
6474,860,29,3,2,127
6475,861,29,3,2,97
6476,862,29,3,2,74
6477,863,29,3,2,86
6478,864,29,3,2,119
6479,865,29,3,2,83
6480,866,29,3,2,87
6481,867,29,3,2,99
6482,868,29,3,2,105
6483,869,29,3,2,116
6484,870,29,3,2,111
6485,871,29,3,2,91
6486,872,29,3,2,64
6487,873,29,3,2,77
6488,874,29,3,2,57
6489,875,29,3,2,94
6490,876,29,3,2,98
6491,877,29,3,2,114
6492,878,29,3,2,105
6493,879,29,3,2,82
6494,880,29,3,2,92
6495,881,29,3,2,96
6496,882,29,3,2,81
6497,883,29,3,2,93
6498,884,29,3,2,51
6499,885,29,3,2,81
6500,886,29,3,2,68
6501,887,29,3,2,83
6502,888,29,3,2,78
6503,889,29,3,2,94
6504,890,29,3,2,92
6505,891,29,3,2,69
6506,892,29,3,2,86
6507,893,29,3,2,67
6508,894,29,3,2,72
6509,73,29,3,2,52
6510,895,29,3,2,107
6511,896,29,3,2,90
6512,897,29,3,2,64
6513,898,29,3,2,79
6514,899,29,3,2,52
6515,900,29,3,2,42
6516,901,29,3,2,56
6517,902,29,3,2,55
6518,903,29,3,2,190
6519,904,29,3,2,72
6520,905,29,3,2,150
6521,906,29,3,2,59
6522,907,29,3,2,110
6523,402,29,3,2,63
6524,908,29,3,2,83
6525,389,29,3,2,79
6526,909,29,3,2,81
6527,910,29,3,2,132
6528,911,29,3,2,71
6529,912,29,3,2,53
6530,913,29,3,2,64
6531,914,29,3,2,87
6532,915,29,3,2,92
6533,916,29,3,2,103
6534,917,29,3,2,112
6535,918,29,3,2,88
6536,919,29,3,2,54
6537,920,29,3,2,39
6538,921,29,3,2,32
6539,922,29,3,2,63
6540,923,29,3,2,75
6541,924,29,3,2,76
6542,925,29,3,2,46
6543,926,29,3,2,40
6544,927,29,3,2,133
6545,928,29,3,2,62
6546,929,29,3,2,66
6547,930,29,3,2,78
6548,931,29,3,2,53
6549,932,29,3,2,114
6550,933,29,3,2,90
6551,934,29,3,2,62
6552,935,29,3,2,40
6553,936,29,3,2,53
6554,937,29,3,2,53
6555,938,29,3,2,97
25310,849,29,3,2,109
25311,383,29,3,2,123
25312,851,29,3,2,146
25313,852,29,3,2,122
25314,853,29,3,2,98
25315,855,29,3,2,112
25316,856,29,3,2,105
25317,857,29,3,2,140
25318,858,29,3,2,105
25319,859,29,3,2,96
25320,860,29,3,2,124
25321,861,29,3,2,97
25322,862,29,3,2,74
25323,863,29,3,2,84
25324,864,29,3,2,107
25325,865,29,3,2,83
25326,866,29,3,2,83
25327,867,29,3,2,99
25328,868,29,3,2,102
25329,869,29,3,2,116
25330,870,29,3,2,111
25331,871,29,3,2,91
25332,872,29,3,2,64
25333,873,29,3,2,70
25334,874,29,3,2,56
25335,875,29,3,2,89
25336,876,29,3,2,98
25337,877,29,3,2,114
25338,878,29,3,2,102
25339,879,29,3,2,82
25340,880,29,3,2,92
25341,881,29,3,2,91
25342,882,29,3,2,81
25343,883,29,3,2,90
25344,884,29,3,2,51
25345,885,29,3,2,81
25346,886,29,3,2,59
25347,887,29,3,2,80
25348,888,29,3,2,70
25349,889,29,3,2,94
25350,890,29,3,2,92
25351,891,29,3,2,69
25352,892,29,3,2,83
25353,893,29,3,2,66
25354,894,29,3,2,72
25355,73,29,3,2,52
25356,895,29,3,2,100
25357,896,29,3,2,89
25358,897,29,3,2,64
25359,898,29,3,2,77
25360,899,29,3,2,51
25361,900,29,3,2,37
25362,901,29,3,2,55
25363,902,29,3,2,55
25364,903,29,3,2,190
25365,904,29,3,2,72
25366,905,29,3,2,150
25367,906,29,3,2,59
25368,907,29,3,2,110
25369,402,29,3,2,63
25370,908,29,3,2,83
25371,389,29,3,2,75
25372,909,29,3,2,73
25373,910,29,3,2,132
25374,911,29,3,2,71
25375,912,29,3,2,53
25376,913,29,3,2,64
25377,914,29,3,2,87
25378,915,29,3,2,92
25379,916,29,3,2,92
25380,917,29,3,2,112
25381,918,29,3,2,88
25382,919,29,3,2,51
25383,920,29,3,2,39
25384,921,29,3,2,32
25385,922,29,3,2,62
25386,923,29,3,2,75
25387,924,29,3,2,76
25388,925,29,3,2,46
25389,926,29,3,2,40
25390,927,29,3,2,133
25391,928,29,3,2,62
25392,929,29,3,2,66
25393,930,29,3,2,78
25394,931,29,3,2,53
25395,932,29,3,2,114
25396,933,29,3,2,87
25397,934,29,3,2,62
25398,935,29,3,2,40
25399,936,29,3,2,52
25400,937,29,3,2,53
25401,938,29,3,2,97
10668,849,29,4,2,109
10669,850,29,4,2,64
10670,383,29,4,2,119
10671,851,29,4,2,130
10672,852,29,4,2,114
10673,853,29,4,2,120
10674,854,29,4,2,100
10675,855,29,4,2,115
10676,856,29,4,2,100
10677,857,29,4,2,154
10678,858,29,4,2,113
10679,859,29,4,2,103
10680,860,29,4,2,116
10681,861,29,4,2,113
10682,862,29,4,2,99
10683,863,29,4,2,91
10684,864,29,4,2,124
10685,865,29,4,2,110
10686,866,29,4,2,114
10687,867,29,4,2,110
10688,868,29,4,2,104
10689,869,29,4,2,124
10690,870,29,4,2,109
10691,871,29,4,2,95
10692,872,29,4,2,84
10693,873,29,4,2,90
10694,874,29,4,2,69
10695,875,29,4,2,102
10696,876,29,4,2,107
10697,877,29,4,2,132
10698,878,29,4,2,111
10699,879,29,4,2,96
10700,880,29,4,2,94
10701,881,29,4,2,99
10702,882,29,4,2,93
10703,883,29,4,2,87
10704,884,29,4,2,71
10705,885,29,4,2,88
10706,886,29,4,2,94
10707,887,29,4,2,90
10708,888,29,4,2,97
10709,889,29,4,2,95
10710,890,29,4,2,90
10711,891,29,4,2,80
10712,892,29,4,2,86
10713,893,29,4,2,90
10714,894,29,4,2,93
10715,73,29,4,2,73
10716,895,29,4,2,122
10717,896,29,4,2,104
10718,897,29,4,2,67
10719,898,29,4,2,85
10720,899,29,4,2,71
10721,900,29,4,2,55
10722,901,29,4,2,75
10723,902,29,4,2,76
10724,903,29,4,2,173
10725,904,29,4,2,89
10726,905,29,4,2,129
10727,906,29,4,2,82
10728,907,29,4,2,117
10729,402,29,4,2,67
10730,908,29,4,2,106
10731,389,29,4,2,91
10732,909,29,4,2,77
10733,910,29,4,2,141
10734,911,29,4,2,70
10735,912,29,4,2,69
10736,913,29,4,2,70
10737,914,29,4,2,82
10738,915,29,4,2,114
10739,916,29,4,2,106
10740,917,29,4,2,105
10741,918,29,4,2,79
10742,919,29,4,2,102
10743,920,29,4,2,66
10744,921,29,4,2,52
10745,922,29,4,2,74
10746,923,29,4,2,76
10747,924,29,4,2,70
10748,925,29,4,2,44
10749,926,29,4,2,62
10750,927,29,4,2,121
10751,928,29,4,2,60
10752,929,29,4,2,68
10753,930,29,4,2,100
10754,931,29,4,2,67
10755,932,29,4,2,111
10756,933,29,4,2,85
10757,934,29,4,2,73
10758,935,29,4,2,95
10759,936,29,4,2,56
10760,937,29,4,2,42
10761,938,29,4,2,87
26595,849,29,4,2,108
26596,383,29,4,2,115
26597,851,29,4,2,127
26598,852,29,4,2,115
26599,853,29,4,2,111
26600,855,29,4,2,115
26601,856,29,4,2,100
26602,857,29,4,2,147
26603,858,29,4,2,107
26604,859,29,4,2,103
26605,860,29,4,2,112
26606,861,29,4,2,113
26607,862,29,4,2,99
26608,863,29,4,2,89
26609,864,29,4,2,119
26610,865,29,4,2,110
26611,866,29,4,2,110
26612,867,29,4,2,110
26613,868,29,4,2,100
26614,869,29,4,2,124
26615,870,29,4,2,109
26616,871,29,4,2,95
26617,872,29,4,2,84
26618,873,29,4,2,82
26619,874,29,4,2,69
26620,875,29,4,2,98
26621,876,29,4,2,107
26622,877,29,4,2,132
26623,878,29,4,2,105
26624,879,29,4,2,96
26625,880,29,4,2,94
26626,881,29,4,2,97
26627,882,29,4,2,93
26628,883,29,4,2,85
26629,884,29,4,2,71
26630,885,29,4,2,88
26631,886,29,4,2,84
26632,887,29,4,2,87
26633,888,29,4,2,89
26634,889,29,4,2,95
26635,890,29,4,2,90
26636,891,29,4,2,80
26637,892,29,4,2,84
26638,893,29,4,2,89
26639,894,29,4,2,93
26640,73,29,4,2,73
26641,895,29,4,2,115
26642,896,29,4,2,104
26643,897,29,4,2,67
26644,898,29,4,2,84
26645,899,29,4,2,72
26646,900,29,4,2,53
26647,901,29,4,2,73
26648,902,29,4,2,76
26649,903,29,4,2,173
26650,904,29,4,2,89
26651,905,29,4,2,129
26652,906,29,4,2,82
26653,907,29,4,2,117
26654,402,29,4,2,67
26655,908,29,4,2,106
26656,389,29,4,2,89
26657,909,29,4,2,76
26658,910,29,4,2,141
26659,911,29,4,2,70
26660,912,29,4,2,69
26661,913,29,4,2,70
26662,914,29,4,2,82
26663,915,29,4,2,114
26664,916,29,4,2,100
26665,917,29,4,2,105
26666,918,29,4,2,79
26667,919,29,4,2,98
26668,920,29,4,2,66
26669,921,29,4,2,52
26670,922,29,4,2,73
26671,923,29,4,2,76
26672,924,29,4,2,70
26673,925,29,4,2,44
26674,926,29,4,2,62
26675,927,29,4,2,121
26676,928,29,4,2,60
26677,929,29,4,2,68
26678,930,29,4,2,100
26679,931,29,4,2,67
26680,932,29,4,2,111
26681,933,29,4,2,82
26682,934,29,4,2,73
26683,935,29,4,2,95
26684,936,29,4,2,55
26685,937,29,4,2,42
26686,938,29,4,2,87
9266,849,29,4,1,124
9267,850,29,4,1,78
9268,383,29,4,1,120
9269,851,29,4,1,128
9270,852,29,4,1,113
9271,853,29,4,1,125
9272,854,29,4,1,111
9273,855,29,4,1,125
9274,856,29,4,1,100
9275,857,29,4,1,124
9276,858,29,4,1,105
9277,859,29,4,1,112
9278,860,29,4,1,119
9279,861,29,4,1,117
9280,862,29,4,1,115
9281,863,29,4,1,112
9282,864,29,4,1,102
9283,865,29,4,1,107
9284,866,29,4,1,100
9285,867,29,4,1,108
9286,868,29,4,1,111
9287,869,29,4,1,109
9288,870,29,4,1,100
9289,871,29,4,1,92
9290,872,29,4,1,107
9291,873,29,4,1,84
9292,874,29,4,1,100
9293,875,29,4,1,110
9294,876,29,4,1,117
9295,877,29,4,1,109
9296,878,29,4,1,105
9297,879,29,4,1,95
9298,880,29,4,1,97
9299,881,29,4,1,107
9300,882,29,4,1,93
9301,883,29,4,1,99
9302,884,29,4,1,93
9303,885,29,4,1,101
9304,886,29,4,1,104
9305,887,29,4,1,103
9306,888,29,4,1,117
9307,889,29,4,1,103
9308,890,29,4,1,97
9309,891,29,4,1,84
9310,892,29,4,1,80
9311,893,29,4,1,103
9312,894,29,4,1,62
9313,73,29,4,1,96
9314,895,29,4,1,92
9315,896,29,4,1,101
9316,897,29,4,1,78
9317,898,29,4,1,73
9318,899,29,4,1,95
9319,900,29,4,1,77
9320,901,29,4,1,74
9321,902,29,4,1,80
9322,903,29,4,1,122
9323,904,29,4,1,104
9324,905,29,4,1,104
9325,906,29,4,1,83
9326,907,29,4,1,110
9327,402,29,4,1,86
9328,908,29,4,1,91
9329,389,29,4,1,82
9330,909,29,4,1,79
9331,910,29,4,1,100
9332,911,29,4,1,88
9333,912,29,4,1,59
9334,913,29,4,1,59
9335,914,29,4,1,71
9336,915,29,4,1,91
9337,916,29,4,1,76
9338,917,29,4,1,110
9339,918,29,4,1,74
9340,919,29,4,1,75
9341,920,29,4,1,55
9342,921,29,4,1,48
9343,922,29,4,1,78
9344,923,29,4,1,77
9345,924,29,4,1,88
9346,925,29,4,1,56
9347,926,29,4,1,79
9348,927,29,4,1,117
9349,928,29,4,1,53
9350,929,29,4,1,82
9351,930,29,4,1,100
9352,931,29,4,1,57
9353,932,29,4,1,84
9354,933,29,4,1,69
9355,934,29,4,1,56
9356,935,29,4,1,59
9357,936,29,4,1,49
9358,937,29,4,1,61
9359,938,29,4,1,85
22740,849,29,4,1,124
22741,383,29,4,1,117
22742,851,29,4,1,127
22743,852,29,4,1,113
22744,853,29,4,1,116
22745,855,29,4,1,125
22746,856,29,4,1,100
22747,857,29,4,1,117
22748,858,29,4,1,97
22749,859,29,4,1,112
22750,860,29,4,1,114
22751,861,29,4,1,117
22752,862,29,4,1,115
22753,863,29,4,1,109
22754,864,29,4,1,93
22755,865,29,4,1,107
22756,866,29,4,1,98
22757,867,29,4,1,108
22758,868,29,4,1,107
22759,869,29,4,1,109
22760,870,29,4,1,100
22761,871,29,4,1,92
22762,872,29,4,1,107
22763,873,29,4,1,75
22764,874,29,4,1,101
22765,875,29,4,1,106
22766,876,29,4,1,117
22767,877,29,4,1,109
22768,878,29,4,1,98
22769,879,29,4,1,95
22770,880,29,4,1,97
22771,881,29,4,1,100
22772,882,29,4,1,92
22773,883,29,4,1,96
22774,884,29,4,1,93
22775,885,29,4,1,101
22776,886,29,4,1,88
22777,887,29,4,1,102
22778,888,29,4,1,107
22779,889,29,4,1,103
22780,890,29,4,1,97
22781,891,29,4,1,84
22782,892,29,4,1,77
22783,893,29,4,1,100
22784,894,29,4,1,62
22785,73,29,4,1,96
22786,895,29,4,1,88
22787,896,29,4,1,99
22788,897,29,4,1,78
22789,898,29,4,1,72
22790,899,29,4,1,93
22791,900,29,4,1,70
22792,901,29,4,1,72
22793,902,29,4,1,80
22794,903,29,4,1,122
22795,904,29,4,1,104
22796,905,29,4,1,104
22797,906,29,4,1,83
22798,907,29,4,1,110
22799,402,29,4,1,86
22800,908,29,4,1,91
22801,389,29,4,1,81
22802,909,29,4,1,73
22803,910,29,4,1,100
22804,911,29,4,1,88
22805,912,29,4,1,59
22806,913,29,4,1,59
22807,914,29,4,1,71
22808,915,29,4,1,91
22809,916,29,4,1,69
22810,917,29,4,1,110
22811,918,29,4,1,74
22812,919,29,4,1,73
22813,920,29,4,1,55
22814,921,29,4,1,48
22815,922,29,4,1,77
22816,923,29,4,1,77
22817,924,29,4,1,88
22818,925,29,4,1,56
22819,926,29,4,1,79
22820,927,29,4,1,117
22821,928,29,4,1,53
22822,929,29,4,1,82
22823,930,29,4,1,100
22824,931,29,4,1,57
22825,932,29,4,1,84
22826,933,29,4,1,68
22827,934,29,4,1,56
22828,935,29,4,1,59
22829,936,29,4,1,48
22830,937,29,4,1,61
22831,938,29,4,1,85
12070,849,29,5,1,124
12071,850,29,5,1,97
12072,383,29,5,1,125
12073,851,29,5,1,123
12074,852,29,5,1,120
12075,853,29,5,1,130
12076,854,29,5,1,109
12077,855,29,5,1,123
12078,856,29,5,1,106
12079,857,29,5,1,124
12080,858,29,5,1,105
12081,859,29,5,1,115
12082,860,29,5,1,121
12083,861,29,5,1,117
12084,862,29,5,1,109
12085,863,29,5,1,113
12086,864,29,5,1,110
12087,865,29,5,1,109
12088,866,29,5,1,104
12089,867,29,5,1,105
12090,868,29,5,1,114
12091,869,29,5,1,111
12092,870,29,5,1,102
12093,871,29,5,1,92
12094,872,29,5,1,102
12095,873,29,5,1,84
12096,874,29,5,1,102
12097,875,29,5,1,113
12098,876,29,5,1,110
12099,877,29,5,1,111
12100,878,29,5,1,105
12101,879,29,5,1,96
12102,880,29,5,1,98
12103,881,29,5,1,108
12104,882,29,5,1,95
12105,883,29,5,1,102
12106,884,29,5,1,93
12107,885,29,5,1,97
12108,886,29,5,1,103
12109,887,29,5,1,101
12110,888,29,5,1,114
12111,889,29,5,1,107
12112,890,29,5,1,100
12113,891,29,5,1,99
12114,892,29,5,1,87
12115,893,29,5,1,105
12116,894,29,5,1,64
12117,73,29,5,1,92
12118,895,29,5,1,92
12119,896,29,5,1,98
12120,897,29,5,1,80
12121,898,29,5,1,79
12122,899,29,5,1,90
12123,900,29,5,1,74
12124,901,29,5,1,75
12125,902,29,5,1,83
12126,903,29,5,1,116
12127,904,29,5,1,104
12128,905,29,5,1,104
12129,906,29,5,1,85
12130,907,29,5,1,105
12131,402,29,5,1,89
12132,908,29,5,1,93
12133,389,29,5,1,88
12134,909,29,5,1,82
12135,910,29,5,1,100
12136,911,29,5,1,104
12137,912,29,5,1,64
12138,913,29,5,1,67
12139,914,29,5,1,75
12140,915,29,5,1,91
12141,916,29,5,1,78
12142,917,29,5,1,115
12143,918,29,5,1,75
12144,919,29,5,1,79
12145,920,29,5,1,61
12146,921,29,5,1,55
12147,922,29,5,1,84
12148,923,29,5,1,70
12149,924,29,5,1,84
12150,925,29,5,1,66
12151,926,29,5,1,79
12152,927,29,5,1,109
12153,928,29,5,1,58
12154,929,29,5,1,74
12155,930,29,5,1,89
12156,931,29,5,1,65
12157,932,29,5,1,87
12158,933,29,5,1,65
12159,934,29,5,1,70
12160,935,29,5,1,56
12161,936,29,5,1,66
12162,937,29,5,1,59
12163,938,29,5,1,94
21455,849,29,5,1,123
21456,383,29,5,1,122
21457,851,29,5,1,122
21458,852,29,5,1,119
21459,853,29,5,1,121
21460,855,29,5,1,123
21461,856,29,5,1,106
21462,857,29,5,1,117
21463,858,29,5,1,99
21464,859,29,5,1,115
21465,860,29,5,1,116
21466,861,29,5,1,117
21467,862,29,5,1,109
21468,863,29,5,1,110
21469,864,29,5,1,102
21470,865,29,5,1,109
21471,866,29,5,1,101
21472,867,29,5,1,105
21473,868,29,5,1,110
21474,869,29,5,1,111
21475,870,29,5,1,102
21476,871,29,5,1,92
21477,872,29,5,1,102
21478,873,29,5,1,75
21479,874,29,5,1,102
21480,875,29,5,1,109
21481,876,29,5,1,110
21482,877,29,5,1,111
21483,878,29,5,1,98
21484,879,29,5,1,96
21485,880,29,5,1,98
21486,881,29,5,1,103
21487,882,29,5,1,94
21488,883,29,5,1,99
21489,884,29,5,1,93
21490,885,29,5,1,97
21491,886,29,5,1,85
21492,887,29,5,1,100
21493,888,29,5,1,103
21494,889,29,5,1,107
21495,890,29,5,1,100
21496,891,29,5,1,99
21497,892,29,5,1,85
21498,893,29,5,1,103
21499,894,29,5,1,64
21500,73,29,5,1,92
21501,895,29,5,1,87
21502,896,29,5,1,97
21503,897,29,5,1,80
21504,898,29,5,1,78
21505,899,29,5,1,87
21506,900,29,5,1,70
21507,901,29,5,1,73
21508,902,29,5,1,83
21509,903,29,5,1,116
21510,904,29,5,1,104
21511,905,29,5,1,104
21512,906,29,5,1,85
21513,907,29,5,1,105
21514,402,29,5,1,89
21515,908,29,5,1,93
21516,389,29,5,1,87
21517,909,29,5,1,76
21518,910,29,5,1,100
21519,911,29,5,1,104
21520,912,29,5,1,64
21521,913,29,5,1,67
21522,914,29,5,1,75
21523,915,29,5,1,91
21524,916,29,5,1,72
21525,917,29,5,1,115
21526,918,29,5,1,75
21527,919,29,5,1,77
21528,920,29,5,1,61
21529,921,29,5,1,55
21530,922,29,5,1,83
21531,923,29,5,1,70
21532,924,29,5,1,84
21533,925,29,5,1,66
21534,926,29,5,1,79
21535,927,29,5,1,109
21536,928,29,5,1,58
21537,929,29,5,1,74
21538,930,29,5,1,89
21539,931,29,5,1,65
21540,932,29,5,1,87
21541,933,29,5,1,65
21542,934,29,5,1,70
21543,935,29,5,1,56
21544,936,29,5,1,64
21545,937,29,5,1,59
21546,938,29,5,1,94
13472,849,29,5,2,112
13473,850,29,5,2,67
13474,383,29,5,2,125
13475,851,29,5,2,128
13476,852,29,5,2,121
13477,853,29,5,2,129
13478,854,29,5,2,97
13479,855,29,5,2,119
13480,856,29,5,2,114
13481,857,29,5,2,145
13482,858,29,5,2,111
13483,859,29,5,2,111
13484,860,29,5,2,125
13485,861,29,5,2,122
13486,862,29,5,2,101
13487,863,29,5,2,100
13488,864,29,5,2,127
13489,865,29,5,2,121
13490,866,29,5,2,113
13491,867,29,5,2,108
13492,868,29,5,2,120
13493,869,29,5,2,121
13494,870,29,5,2,111
13495,871,29,5,2,95
13496,872,29,5,2,94
13497,873,29,5,2,85
13498,874,29,5,2,83
13499,875,29,5,2,109
13500,876,29,5,2,104
13501,877,29,5,2,131
13502,878,29,5,2,118
13503,879,29,5,2,97
13504,880,29,5,2,95
13505,881,29,5,2,108
13506,882,29,5,2,100
13507,883,29,5,2,93
13508,884,29,5,2,74
13509,885,29,5,2,85
13510,886,29,5,2,96
13511,887,29,5,2,92
13512,888,29,5,2,106
13513,889,29,5,2,99
13514,890,29,5,2,94
13515,891,29,5,2,91
13516,892,29,5,2,88
13517,893,29,5,2,96
13518,894,29,5,2,81
13519,73,29,5,2,81
13520,895,29,5,2,111
13521,896,29,5,2,106
13522,897,29,5,2,64
13523,898,29,5,2,89
13524,899,29,5,2,73
13525,900,29,5,2,54
13526,901,29,5,2,76
13527,902,29,5,2,88
13528,903,29,5,2,147
13529,904,29,5,2,92
13530,905,29,5,2,111
13531,906,29,5,2,82
13532,907,29,5,2,110
13533,402,29,5,2,84
13534,908,29,5,2,103
13535,389,29,5,2,89
13536,909,29,5,2,80
13537,910,29,5,2,131
13538,911,29,5,2,75
13539,912,29,5,2,73
13540,913,29,5,2,74
13541,914,29,5,2,76
13542,915,29,5,2,101
13543,916,29,5,2,96
13544,917,29,5,2,111
13545,918,29,5,2,76
13546,919,29,5,2,92
13547,920,29,5,2,67
13548,921,29,5,2,61
13549,922,29,5,2,70
13550,923,29,5,2,58
13551,924,29,5,2,74
13552,925,29,5,2,47
13553,926,29,5,2,68
13554,927,29,5,2,124
13555,928,29,5,2,59
13556,929,29,5,2,68
13557,930,29,5,2,87
13558,931,29,5,2,99
13559,932,29,5,2,109
13560,933,29,5,2,71
13561,934,29,5,2,84
13562,935,29,5,2,93
13563,936,29,5,2,72
13564,937,29,5,2,41
13565,938,29,5,2,97
27880,849,29,5,2,111
27881,383,29,5,2,121
27882,851,29,5,2,126
27883,852,29,5,2,121
27884,853,29,5,2,118
27885,855,29,5,2,119
27886,856,29,5,2,114
27887,857,29,5,2,139
27888,858,29,5,2,107
27889,859,29,5,2,111
27890,860,29,5,2,120
27891,861,29,5,2,122
27892,862,29,5,2,101
27893,863,29,5,2,98
27894,864,29,5,2,125
27895,865,29,5,2,121
27896,866,29,5,2,110
27897,867,29,5,2,108
27898,868,29,5,2,115
27899,869,29,5,2,121
27900,870,29,5,2,111
27901,871,29,5,2,95
27902,872,29,5,2,94
27903,873,29,5,2,78
27904,874,29,5,2,84
27905,875,29,5,2,104
27906,876,29,5,2,104
27907,877,29,5,2,131
27908,878,29,5,2,110
27909,879,29,5,2,97
27910,880,29,5,2,95
27911,881,29,5,2,105
27912,882,29,5,2,99
27913,883,29,5,2,90
27914,884,29,5,2,74
27915,885,29,5,2,85
27916,886,29,5,2,80
27917,887,29,5,2,90
27918,888,29,5,2,98
27919,889,29,5,2,99
27920,890,29,5,2,94
27921,891,29,5,2,91
27922,892,29,5,2,86
27923,893,29,5,2,95
27924,894,29,5,2,81
27925,73,29,5,2,81
27926,895,29,5,2,105
27927,896,29,5,2,105
27928,897,29,5,2,64
27929,898,29,5,2,87
27930,899,29,5,2,72
27931,900,29,5,2,56
27932,901,29,5,2,74
27933,902,29,5,2,88
27934,903,29,5,2,147
27935,904,29,5,2,92
27936,905,29,5,2,111
27937,906,29,5,2,82
27938,907,29,5,2,110
27939,402,29,5,2,84
27940,908,29,5,2,103
27941,389,29,5,2,88
27942,909,29,5,2,75
27943,910,29,5,2,131
27944,911,29,5,2,75
27945,912,29,5,2,73
27946,913,29,5,2,74
27947,914,29,5,2,76
27948,915,29,5,2,101
27949,916,29,5,2,92
27950,917,29,5,2,111
27951,918,29,5,2,76
27952,919,29,5,2,89
27953,920,29,5,2,67
27954,921,29,5,2,61
27955,922,29,5,2,69
27956,923,29,5,2,58
27957,924,29,5,2,74
27958,925,29,5,2,47
27959,926,29,5,2,68
27960,927,29,5,2,124
27961,928,29,5,2,59
27962,929,29,5,2,68
27963,930,29,5,2,87
27964,931,29,5,2,99
27965,932,29,5,2,109
27966,933,29,5,2,70
27967,934,29,5,2,84
27968,935,29,5,2,93
27969,936,29,5,2,69
27970,937,29,5,2,41
27971,938,29,5,2,97
2256,849,29,1,2,119
2257,850,29,1,2,51
2258,383,29,1,2,141
2259,851,29,1,2,170
2260,852,29,1,2,127
2261,853,29,1,2,98
2262,854,29,1,2,65
2263,855,29,1,2,84
2264,856,29,1,2,116
2265,857,29,1,2,132
2266,858,29,1,2,94
2267,859,29,1,2,87
2268,860,29,1,2,132
2269,861,29,1,2,87
2270,862,29,1,2,56
2271,863,29,1,2,74
2272,864,29,1,2,94
2273,865,29,1,2,70
2274,866,29,1,2,76
2275,867,29,1,2,79
2276,868,29,1,2,98
2277,869,29,1,2,90
2278,870,29,1,2,116
2279,871,29,1,2,67
2280,872,29,1,2,49
2281,873,29,1,2,61
2282,874,29,1,2,45
2283,875,29,1,2,93
2284,876,29,1,2,76
2285,877,29,1,2,106
2286,878,29,1,2,84
2287,879,29,1,2,65
2288,880,29,1,2,83
2289,881,29,1,2,92
2290,882,29,1,2,63
2291,883,29,1,2,77
2292,884,29,1,2,45
2293,885,29,1,2,56
2294,886,29,1,2,53
2295,887,29,1,2,84
2296,888,29,1,2,52
2297,889,29,1,2,73
2298,890,29,1,2,92
2299,891,29,1,2,58
2300,892,29,1,2,79
2301,893,29,1,2,60
2302,894,29,1,2,59
2303,73,29,1,2,48
2304,895,29,1,2,71
2305,896,29,1,2,64
2306,897,29,1,2,62
2307,898,29,1,2,65
2308,899,29,1,2,43
2309,900,29,1,2,38
2310,901,29,1,2,51
2311,902,29,1,2,45
2312,903,29,1,2,142
2313,904,29,1,2,62
2314,905,29,1,2,84
2315,906,29,1,2,52
2316,907,29,1,2,84
2317,402,29,1,2,54
2318,908,29,1,2,58
2319,389,29,1,2,70
2320,909,29,1,2,73
2321,910,29,1,2,98
2322,911,29,1,2,64
2323,912,29,1,2,63
2324,913,29,1,2,63
2325,914,29,1,2,54
2326,915,29,1,2,105
2327,916,29,1,2,58
2328,917,29,1,2,68
2329,918,29,1,2,70
2330,919,29,1,2,45
2331,920,29,1,2,37
2332,921,29,1,2,36
2333,922,29,1,2,47
2334,923,29,1,2,52
2335,924,29,1,2,66
2336,925,29,1,2,47
2337,926,29,1,2,41
2338,927,29,1,2,85
2339,928,29,1,2,56
2340,929,29,1,2,53
2341,930,29,1,2,61
2342,931,29,1,2,57
2343,932,29,1,2,60
2344,933,29,1,2,53
2345,934,29,1,2,53
2346,935,29,1,2,33
2347,936,29,1,2,50
2348,937,29,1,2,43
2349,938,29,1,2,55
29165,849,29,1,2,118
29166,383,29,1,2,133
29167,851,29,1,2,166
29168,852,29,1,2,124
29169,853,29,1,2,92
29170,855,29,1,2,84
29171,856,29,1,2,116
29172,857,29,1,2,123
29173,858,29,1,2,91
29174,859,29,1,2,87
29175,860,29,1,2,130
29176,861,29,1,2,87
29177,862,29,1,2,56
29178,863,29,1,2,72
29179,864,29,1,2,89
29180,865,29,1,2,70
29181,866,29,1,2,75
29182,867,29,1,2,79
29183,868,29,1,2,96
29184,869,29,1,2,90
29185,870,29,1,2,116
29186,871,29,1,2,67
29187,872,29,1,2,49
29188,873,29,1,2,61
29189,874,29,1,2,45
29190,875,29,1,2,88
29191,876,29,1,2,76
29192,877,29,1,2,106
29193,878,29,1,2,82
29194,879,29,1,2,65
29195,880,29,1,2,83
29196,881,29,1,2,88
29197,882,29,1,2,63
29198,883,29,1,2,74
29199,884,29,1,2,45
29200,885,29,1,2,56
29201,886,29,1,2,49
29202,887,29,1,2,81
29203,888,29,1,2,47
29204,889,29,1,2,73
29205,890,29,1,2,92
29206,891,29,1,2,58
29207,892,29,1,2,78
29208,893,29,1,2,60
29209,894,29,1,2,59
29210,73,29,1,2,48
29211,895,29,1,2,69
29212,896,29,1,2,64
29213,897,29,1,2,62
29214,898,29,1,2,65
29215,899,29,1,2,41
29216,900,29,1,2,35
29217,901,29,1,2,53
29218,902,29,1,2,45
29219,903,29,1,2,142
29220,904,29,1,2,62
29221,905,29,1,2,84
29222,906,29,1,2,52
29223,907,29,1,2,84
29224,402,29,1,2,54
29225,908,29,1,2,58
29226,389,29,1,2,68
29227,909,29,1,2,68
29228,910,29,1,2,98
29229,911,29,1,2,64
29230,912,29,1,2,63
29231,913,29,1,2,63
29232,914,29,1,2,54
29233,915,29,1,2,105
29234,916,29,1,2,101
29235,917,29,1,2,68
29236,918,29,1,2,70
29237,919,29,1,2,43
29238,920,29,1,2,37
29239,921,29,1,2,36
29240,922,29,1,2,46
29241,923,29,1,2,52
29242,924,29,1,2,66
29243,925,29,1,2,47
29244,926,29,1,2,41
29245,927,29,1,2,85
29246,928,29,1,2,56
29247,929,29,1,2,53
29248,930,29,1,2,61
29249,931,29,1,2,57
29250,932,29,1,2,60
29251,933,29,1,2,56
29252,934,29,1,2,53
29253,935,29,1,2,33
29254,936,29,1,2,49
29255,937,29,1,2,43
29256,938,29,1,2,55
78,73,29,1,1,79
394,383,29,1,1,120
401,389,29,1,1,73
415,402,29,1,1,82
865,849,29,1,1,124
866,850,29,1,1,69
867,851,29,1,1,123
868,852,29,1,1,115
869,853,29,1,1,119
870,854,29,1,1,86
871,855,29,1,1,118
872,856,29,1,1,107
873,857,29,1,1,116
874,858,29,1,1,112
875,859,29,1,1,91
876,860,29,1,1,101
877,861,29,1,1,101
878,862,29,1,1,87
879,863,29,1,1,110
880,864,29,1,1,82
881,865,29,1,1,93
882,866,29,1,1,102
883,867,29,1,1,98
884,868,29,1,1,112
885,869,29,1,1,108
886,870,29,1,1,97
887,871,29,1,1,92
888,872,29,1,1,74
889,873,29,1,1,83
890,874,29,1,1,76
891,875,29,1,1,107
892,876,29,1,1,96
893,877,29,1,1,102
894,878,29,1,1,99
895,879,29,1,1,83
896,880,29,1,1,86
897,881,29,1,1,96
898,882,29,1,1,79
899,883,29,1,1,97
900,884,29,1,1,77
901,885,29,1,1,84
902,886,29,1,1,80
903,887,29,1,1,88
904,888,29,1,1,58
905,889,29,1,1,94
906,890,29,1,1,102
907,891,29,1,1,82
908,892,29,1,1,83
909,893,29,1,1,76
910,894,29,1,1,54
911,895,29,1,1,73
912,896,29,1,1,79
913,897,29,1,1,72
914,898,29,1,1,72
915,899,29,1,1,69
916,900,29,1,1,75
917,901,29,1,1,73
918,902,29,1,1,56
919,903,29,1,1,107
920,904,29,1,1,81
921,905,29,1,1,84
922,906,29,1,1,80
923,907,29,1,1,98
924,908,29,1,1,70
925,909,29,1,1,80
926,910,29,1,1,84
927,911,29,1,1,77
928,912,29,1,1,59
929,913,29,1,1,56
930,914,29,1,1,60
931,915,29,1,1,81
932,916,29,1,1,65
933,917,29,1,1,92
934,918,29,1,1,70
935,919,29,1,1,49
936,920,29,1,1,34
937,921,29,1,1,45
938,922,29,1,1,52
939,923,29,1,1,61
940,924,29,1,1,67
941,925,29,1,1,59
942,926,29,1,1,58
943,927,29,1,1,90
944,928,29,1,1,51
945,929,29,1,1,73
946,930,29,1,1,65
947,931,29,1,1,61
948,932,29,1,1,74
949,933,29,1,1,58
950,934,29,1,1,50
951,935,29,1,1,32
952,936,29,1,1,42
953,937,29,1,1,77
954,938,29,1,1,67
20170,849,29,1,1,123
20171,383,29,1,1,117
20172,851,29,1,1,121
20173,852,29,1,1,114
20174,853,29,1,1,111
20175,855,29,1,1,118
20176,856,29,1,1,107
20177,857,29,1,1,110
20178,858,29,1,1,107
20179,859,29,1,1,91
20180,860,29,1,1,99
20181,861,29,1,1,101
20182,862,29,1,1,87
20183,863,29,1,1,105
20184,864,29,1,1,74
20185,865,29,1,1,93
20186,866,29,1,1,99
20187,867,29,1,1,98
20188,868,29,1,1,110
20189,869,29,1,1,108
20190,870,29,1,1,97
20191,871,29,1,1,92
20192,872,29,1,1,74
20193,873,29,1,1,78
20194,874,29,1,1,74
20195,875,29,1,1,104
20196,876,29,1,1,96
20197,877,29,1,1,102
20198,878,29,1,1,94
20199,879,29,1,1,83
20200,880,29,1,1,86
20201,881,29,1,1,90
20202,882,29,1,1,78
20203,883,29,1,1,93
20204,884,29,1,1,77
20205,885,29,1,1,84
20206,886,29,1,1,74
20207,887,29,1,1,86
20208,888,29,1,1,53
20209,889,29,1,1,94
20210,890,29,1,1,102
20211,891,29,1,1,82
20212,892,29,1,1,82
20213,893,29,1,1,75
20214,894,29,1,1,54
20215,73,29,1,1,79
20216,895,29,1,1,69
20217,896,29,1,1,77
20218,897,29,1,1,72
20219,898,29,1,1,71
20220,899,29,1,1,66
20221,900,29,1,1,68
20222,901,29,1,1,73
20223,902,29,1,1,56
20224,903,29,1,1,107
20225,904,29,1,1,81
20226,905,29,1,1,84
20227,906,29,1,1,80
20228,907,29,1,1,98
20229,402,29,1,1,82
20230,908,29,1,1,70
20231,389,29,1,1,70
20232,909,29,1,1,75
20233,910,29,1,1,84
20234,911,29,1,1,77
20235,912,29,1,1,59
20236,913,29,1,1,56
20237,914,29,1,1,60
20238,915,29,1,1,81
20239,916,29,1,1,64
20240,917,29,1,1,92
20241,918,29,1,1,70
20242,919,29,1,1,48
20243,920,29,1,1,34
20244,921,29,1,1,45
20245,922,29,1,1,52
20246,923,29,1,1,61
20247,924,29,1,1,67
20248,925,29,1,1,59
20249,926,29,1,1,58
20250,927,29,1,1,90
20251,928,29,1,1,51
20252,929,29,1,1,73
20253,930,29,1,1,65
20254,931,29,1,1,61
20255,932,29,1,1,74
20256,933,29,1,1,58
20257,934,29,1,1,50
20258,935,29,1,1,32
20259,936,29,1,1,41
20260,937,29,1,1,77
20261,938,29,1,1,67
5060,849,29,2,1,124
5061,850,29,2,1,68
5062,383,29,2,1,118
5063,851,29,2,1,132
5064,852,29,2,1,111
5065,853,29,2,1,120
5066,854,29,2,1,106
5067,855,29,2,1,125
5068,856,29,2,1,98
5069,857,29,2,1,124
5070,858,29,2,1,108
5071,859,29,2,1,109
5072,860,29,2,1,116
5073,861,29,2,1,112
5074,862,29,2,1,114
5075,863,29,2,1,116
5076,864,29,2,1,96
5077,865,29,2,1,106
5078,866,29,2,1,100
5079,867,29,2,1,108
5080,868,29,2,1,105
5081,869,29,2,1,112
5082,870,29,2,1,101
5083,871,29,2,1,97
5084,872,29,2,1,85
5085,873,29,2,1,88
5086,874,29,2,1,81
5087,875,29,2,1,105
5088,876,29,2,1,120
5089,877,29,2,1,112
5090,878,29,2,1,102
5091,879,29,2,1,91
5092,880,29,2,1,99
5093,881,29,2,1,100
5094,882,29,2,1,92
5095,883,29,2,1,103
5096,884,29,2,1,79
5097,885,29,2,1,101
5098,886,29,2,1,103
5099,887,29,2,1,83
5100,888,29,2,1,107
5101,889,29,2,1,108
5102,890,29,2,1,94
5103,891,29,2,1,84
5104,892,29,2,1,80
5105,893,29,2,1,94
5106,894,29,2,1,53
5107,73,29,2,1,87
5108,895,29,2,1,78
5109,896,29,2,1,97
5110,897,29,2,1,71
5111,898,29,2,1,70
5112,899,29,2,1,98
5113,900,29,2,1,77
5114,901,29,2,1,73
5115,902,29,2,1,58
5116,903,29,2,1,126
5117,904,29,2,1,86
5118,905,29,2,1,103
5119,906,29,2,1,88
5120,907,29,2,1,112
5121,402,29,2,1,87
5122,908,29,2,1,85
5123,389,29,2,1,72
5124,909,29,2,1,77
5125,910,29,2,1,108
5126,911,29,2,1,85
5127,912,29,2,1,59
5128,913,29,2,1,53
5129,914,29,2,1,71
5130,915,29,2,1,92
5131,916,29,2,1,76
5132,917,29,2,1,105
5133,918,29,2,1,74
5134,919,29,2,1,51
5135,920,29,2,1,53
5136,921,29,2,1,42
5137,922,29,2,1,67
5138,923,29,2,1,73
5139,924,29,2,1,80
5140,925,29,2,1,60
5141,926,29,2,1,64
5142,927,29,2,1,96
5143,928,29,2,1,44
5144,929,29,2,1,86
5145,930,29,2,1,79
5146,931,29,2,1,53
5147,932,29,2,1,64
5148,933,29,2,1,68
5149,934,29,2,1,47
5150,935,29,2,1,43
5151,936,29,2,1,49
5152,937,29,2,1,77
5153,938,29,2,1,89
17600,849,29,2,1,123
17601,383,29,2,1,115
17602,851,29,2,1,130
17603,852,29,2,1,111
17604,853,29,2,1,111
17605,855,29,2,1,125
17606,856,29,2,1,98
17607,857,29,2,1,114
17608,858,29,2,1,101
17609,859,29,2,1,109
17610,860,29,2,1,112
17611,861,29,2,1,112
17612,862,29,2,1,114
17613,863,29,2,1,111
17614,864,29,2,1,87
17615,865,29,2,1,106
17616,866,29,2,1,97
17617,867,29,2,1,108
17618,868,29,2,1,102
17619,869,29,2,1,112
17620,870,29,2,1,101
17621,871,29,2,1,97
17622,872,29,2,1,85
17623,873,29,2,1,77
17624,874,29,2,1,78
17625,875,29,2,1,101
17626,876,29,2,1,120
17627,877,29,2,1,112
17628,878,29,2,1,97
17629,879,29,2,1,91
17630,880,29,2,1,99
17631,881,29,2,1,93
17632,882,29,2,1,91
17633,883,29,2,1,100
17634,884,29,2,1,79
17635,885,29,2,1,101
17636,886,29,2,1,83
17637,887,29,2,1,81
17638,888,29,2,1,97
17639,889,29,2,1,108
17640,890,29,2,1,94
17641,891,29,2,1,84
17642,892,29,2,1,77
17643,893,29,2,1,93
17644,894,29,2,1,53
17645,73,29,2,1,87
17646,895,29,2,1,73
17647,896,29,2,1,94
17648,897,29,2,1,71
17649,898,29,2,1,69
17650,899,29,2,1,95
17651,900,29,2,1,69
17652,901,29,2,1,72
17653,902,29,2,1,58
17654,903,29,2,1,126
17655,904,29,2,1,86
17656,905,29,2,1,103
17657,906,29,2,1,88
17658,907,29,2,1,112
17659,402,29,2,1,87
17660,908,29,2,1,85
17661,389,29,2,1,71
17662,909,29,2,1,70
17663,910,29,2,1,108
17664,911,29,2,1,85
17665,912,29,2,1,59
17666,913,29,2,1,53
17667,914,29,2,1,71
17668,915,29,2,1,92
17669,916,29,2,1,69
17670,917,29,2,1,105
17671,918,29,2,1,74
17672,919,29,2,1,50
17673,920,29,2,1,53
17674,921,29,2,1,42
17675,922,29,2,1,67
17676,923,29,2,1,73
17677,924,29,2,1,80
17678,925,29,2,1,60
17679,926,29,2,1,64
17680,927,29,2,1,96
17681,928,29,2,1,44
17682,929,29,2,1,86
17683,930,29,2,1,79
17684,931,29,2,1,53
17685,932,29,2,1,64
17686,933,29,2,1,67
17687,934,29,2,1,47
17688,935,29,2,1,43
17689,936,29,2,1,48
17690,937,29,2,1,77
17691,938,29,2,1,89
3658,849,29,2,2,110
3659,850,29,2,2,32
3660,383,29,2,2,119
3661,851,29,2,2,140
3662,852,29,2,2,115
3663,853,29,2,2,104
3664,854,29,2,2,107
3665,855,29,2,2,117
3666,856,29,2,2,96
3667,857,29,2,2,154
3668,858,29,2,2,121
3669,859,29,2,2,103
3670,860,29,2,2,121
3671,861,29,2,2,99
3672,862,29,2,2,100
3673,863,29,2,2,92
3674,864,29,2,2,124
3675,865,29,2,2,94
3676,866,29,2,2,93
3677,867,29,2,2,114
3678,868,29,2,2,97
3679,869,29,2,2,120
3680,870,29,2,2,115
3681,871,29,2,2,95
3682,872,29,2,2,77
3683,873,29,2,2,87
3684,874,29,2,2,61
3685,875,29,2,2,90
3686,876,29,2,2,106
3687,877,29,2,2,131
3688,878,29,2,2,114
3689,879,29,2,2,89
3690,880,29,2,2,95
3691,881,29,2,2,100
3692,882,29,2,2,92
3693,883,29,2,2,94
3694,884,29,2,2,65
3695,885,29,2,2,86
3696,886,29,2,2,82
3697,887,29,2,2,82
3698,888,29,2,2,95
3699,889,29,2,2,93
3700,890,29,2,2,90
3701,891,29,2,2,74
3702,892,29,2,2,89
3703,893,29,2,2,68
3704,894,29,2,2,64
3705,73,29,2,2,63
3706,895,29,2,2,117
3707,896,29,2,2,95
3708,897,29,2,2,70
3709,898,29,2,2,84
3710,899,29,2,2,59
3711,900,29,2,2,47
3712,901,29,2,2,64
3713,902,29,2,2,66
3714,903,29,2,2,201
3715,904,29,2,2,79
3716,905,29,2,2,155
3717,906,29,2,2,77
3718,907,29,2,2,124
3719,402,29,2,2,63
3720,908,29,2,2,100
3721,389,29,2,2,84
3722,909,29,2,2,73
3723,910,29,2,2,155
3724,911,29,2,2,67
3725,912,29,2,2,53
3726,913,29,2,2,65
3727,914,29,2,2,80
3728,915,29,2,2,110
3729,916,29,2,2,112
3730,917,29,2,2,107
3731,918,29,2,2,87
3732,919,29,2,2,70
3733,920,29,2,2,64
3734,921,29,2,2,38
3735,922,29,2,2,75
3736,923,29,2,2,82
3737,924,29,2,2,80
3738,925,29,2,2,46
3739,926,29,2,2,55
3740,927,29,2,2,140
3741,928,29,2,2,69
3742,929,29,2,2,64
3743,930,29,2,2,101
3744,931,29,2,2,57
3745,932,29,2,2,94
3746,933,29,2,2,85
3747,934,29,2,2,65
3748,935,29,2,2,53
3749,936,29,2,2,55
3750,937,29,2,2,51
3751,938,29,2,2,94
30450,849,29,2,2,109
30451,383,29,2,2,113
30452,851,29,2,2,137
30453,852,29,2,2,116
30454,853,29,2,2,98
30455,855,29,2,2,117
30456,856,29,2,2,96
30457,857,29,2,2,142
30458,858,29,2,2,115
30459,859,29,2,2,103
30460,860,29,2,2,118
30461,861,29,2,2,99
30462,862,29,2,2,100
30463,863,29,2,2,90
30464,864,29,2,2,118
30465,865,29,2,2,94
30466,866,29,2,2,90
30467,867,29,2,2,114
30468,868,29,2,2,95
30469,869,29,2,2,120
30470,870,29,2,2,115
30471,871,29,2,2,95
30472,872,29,2,2,77
30473,873,29,2,2,77
30474,874,29,2,2,60
30475,875,29,2,2,85
30476,876,29,2,2,106
30477,877,29,2,2,131
30478,878,29,2,2,109
30479,879,29,2,2,89
30480,880,29,2,2,95
30481,881,29,2,2,99
30482,882,29,2,2,92
30483,883,29,2,2,91
30484,884,29,2,2,65
30485,885,29,2,2,86
30486,886,29,2,2,70
30487,887,29,2,2,79
30488,888,29,2,2,87
30489,889,29,2,2,93
30490,890,29,2,2,90
30491,891,29,2,2,74
30492,892,29,2,2,86
30493,893,29,2,2,67
30494,894,29,2,2,64
30495,73,29,2,2,63
30496,895,29,2,2,110
30497,896,29,2,2,94
30498,897,29,2,2,70
30499,898,29,2,2,82
30500,899,29,2,2,58
30501,900,29,2,2,41
30502,901,29,2,2,63
30503,902,29,2,2,66
30504,903,29,2,2,201
30505,904,29,2,2,79
30506,905,29,2,2,155
30507,906,29,2,2,77
30508,907,29,2,2,124
30509,402,29,2,2,63
30510,908,29,2,2,100
30511,389,29,2,2,81
30512,909,29,2,2,71
30513,910,29,2,2,155
30514,911,29,2,2,67
30515,912,29,2,2,53
30516,913,29,2,2,65
30517,914,29,2,2,80
30518,915,29,2,2,110
30519,916,29,2,2,107
30520,917,29,2,2,107
30521,918,29,2,2,87
30522,919,29,2,2,68
30523,920,29,2,2,64
30524,921,29,2,2,38
30525,922,29,2,2,73
30526,923,29,2,2,82
30527,924,29,2,2,80
30528,925,29,2,2,46
30529,926,29,2,2,55
30530,927,29,2,2,140
30531,928,29,2,2,69
30532,929,29,2,2,64
30533,930,29,2,2,101
30534,931,29,2,2,57
30535,932,29,2,2,94
30536,933,29,2,2,83
30537,934,29,2,2,65
30538,935,29,2,2,53
30539,936,29,2,2,54
30540,937,29,2,2,51
30541,938,29,2,2,94
16276,849,29,6,2,109
16277,850,29,6,2,47
16278,383,29,6,2,122
16279,851,29,6,2,120
16280,852,29,6,2,129
16281,853,29,6,2,130
16282,854,29,6,2,108
16283,855,29,6,2,127
16284,856,29,6,2,119
16285,857,29,6,2,147
16286,858,29,6,2,118
16287,859,29,6,2,115
16288,860,29,6,2,123
16289,861,29,6,2,125
16290,862,29,6,2,114
16291,863,29,6,2,98
16292,864,29,6,2,132
16293,865,29,6,2,121
16294,866,29,6,2,126
16295,867,29,6,2,110
16296,868,29,6,2,119
16297,869,29,6,2,134
16298,870,29,6,2,113
16299,871,29,6,2,131
16300,872,29,6,2,106
16301,873,29,6,2,97
16302,874,29,6,2,86
16303,875,29,6,2,114
16304,876,29,6,2,105
16305,877,29,6,2,128
16306,878,29,6,2,117
16307,879,29,6,2,106
16308,880,29,6,2,108
16309,881,29,6,2,104
16310,882,29,6,2,99
16311,883,29,6,2,96
16312,884,29,6,2,74
16313,885,29,6,2,95
16314,886,29,6,2,98
16315,887,29,6,2,105
16316,888,29,6,2,105
16317,889,29,6,2,108
16318,890,29,6,2,98
16319,891,29,6,2,99
16320,892,29,6,2,113
16321,893,29,6,2,99
16322,894,29,6,2,78
16323,73,29,6,2,90
16324,895,29,6,2,132
16325,896,29,6,2,117
16326,897,29,6,2,72
16327,898,29,6,2,110
16328,899,29,6,2,69
16329,900,29,6,2,60
16330,901,29,6,2,97
16331,902,29,6,2,91
16332,903,29,6,2,146
16333,904,29,6,2,105
16334,905,29,6,2,116
16335,906,29,6,2,100
16336,907,29,6,2,108
16337,402,29,6,2,114
16338,908,29,6,2,100
16339,389,29,6,2,96
16340,909,29,6,2,80
16341,910,29,6,2,143
16342,911,29,6,2,100
16343,912,29,6,2,66
16344,913,29,6,2,77
16345,914,29,6,2,80
16346,915,29,6,2,94
16347,916,29,6,2,120
16348,917,29,6,2,134
16349,918,29,6,2,85
16350,919,29,6,2,120
16351,920,29,6,2,87
16352,921,29,6,2,53
16353,922,29,6,2,71
16354,923,29,6,2,54
16355,924,29,6,2,72
16356,925,29,6,2,44
16357,926,29,6,2,63
16358,927,29,6,2,132
16359,928,29,6,2,61
16360,929,29,6,2,67
16361,930,29,6,2,88
16362,931,29,6,2,114
16363,932,29,6,2,123
16364,933,29,6,2,72
16365,934,29,6,2,100
16366,935,29,6,2,72
16367,936,29,6,2,72
16368,937,29,6,2,36
16369,938,29,6,2,108
31735,849,29,6,2,108
31736,383,29,6,2,120
31737,851,29,6,2,118
31738,852,29,6,2,130
31739,853,29,6,2,120
31740,855,29,6,2,127
31741,856,29,6,2,119
31742,857,29,6,2,138
31743,858,29,6,2,112
31744,859,29,6,2,115
31745,860,29,6,2,116
31746,861,29,6,2,125
31747,862,29,6,2,114
31748,863,29,6,2,97
31749,864,29,6,2,127
31750,865,29,6,2,121
31751,866,29,6,2,123
31752,867,29,6,2,110
31753,868,29,6,2,116
31754,869,29,6,2,134
31755,870,29,6,2,113
31756,871,29,6,2,131
31757,872,29,6,2,106
31758,873,29,6,2,88
31759,874,29,6,2,86
31760,875,29,6,2,112
31761,876,29,6,2,105
31762,877,29,6,2,128
31763,878,29,6,2,109
31764,879,29,6,2,106
31765,880,29,6,2,108
31766,881,29,6,2,102
31767,882,29,6,2,98
31768,883,29,6,2,91
31769,884,29,6,2,74
31770,885,29,6,2,95
31771,886,29,6,2,78
31772,887,29,6,2,103
31773,888,29,6,2,97
31774,889,29,6,2,108
31775,890,29,6,2,98
31776,891,29,6,2,99
31777,892,29,6,2,107
31778,893,29,6,2,98
31779,894,29,6,2,78
31780,73,29,6,2,90
31781,895,29,6,2,126
31782,896,29,6,2,114
31783,897,29,6,2,72
31784,898,29,6,2,107
31785,899,29,6,2,69
31786,900,29,6,2,61
31787,901,29,6,2,93
31788,902,29,6,2,91
31789,903,29,6,2,146
31790,904,29,6,2,105
31791,905,29,6,2,116
31792,906,29,6,2,100
31793,907,29,6,2,108
31794,402,29,6,2,114
31795,908,29,6,2,100
31796,389,29,6,2,95
31797,909,29,6,2,75
31798,910,29,6,2,143
31799,911,29,6,2,100
31800,912,29,6,2,66
31801,913,29,6,2,77
31802,914,29,6,2,80
31803,915,29,6,2,94
31804,916,29,6,2,111
31805,917,29,6,2,134
31806,918,29,6,2,85
31807,919,29,6,2,118
31808,920,29,6,2,87
31809,921,29,6,2,53
31810,922,29,6,2,69
31811,923,29,6,2,54
31812,924,29,6,2,72
31813,925,29,6,2,44
31814,926,29,6,2,63
31815,927,29,6,2,132
31816,928,29,6,2,61
31817,929,29,6,2,67
31818,930,29,6,2,88
31819,931,29,6,2,114
31820,932,29,6,2,123
31821,933,29,6,2,70
31822,934,29,6,2,100
31823,935,29,6,2,72
31824,936,29,6,2,69
31825,937,29,6,2,36
31826,938,29,6,2,108
14874,849,29,6,1,126
14875,850,29,6,1,109
14876,383,29,6,1,129
14877,851,29,6,1,119
14878,852,29,6,1,129
14879,853,29,6,1,139
14880,854,29,6,1,118
14881,855,29,6,1,121
14882,856,29,6,1,115
14883,857,29,6,1,121
14884,858,29,6,1,102
14885,859,29,6,1,119
14886,860,29,6,1,122
14887,861,29,6,1,121
14888,862,29,6,1,104
14889,863,29,6,1,113
14890,864,29,6,1,106
14891,865,29,6,1,114
14892,866,29,6,1,112
14893,867,29,6,1,100
14894,868,29,6,1,117
14895,869,29,6,1,116
14896,870,29,6,1,103
14897,871,29,6,1,90
14898,872,29,6,1,107
14899,873,29,6,1,81
14900,874,29,6,1,111
14901,875,29,6,1,122
14902,876,29,6,1,108
14903,877,29,6,1,110
14904,878,29,6,1,101
14905,879,29,6,1,98
14906,880,29,6,1,102
14907,881,29,6,1,110
14908,882,29,6,1,100
14909,883,29,6,1,102
14910,884,29,6,1,102
14911,885,29,6,1,91
14912,886,29,6,1,102
14913,887,29,6,1,105
14914,888,29,6,1,111
14915,889,29,6,1,111
14916,890,29,6,1,103
14917,891,29,6,1,103
14918,892,29,6,1,87
14919,893,29,6,1,97
14920,894,29,6,1,63
14921,73,29,6,1,94
14922,895,29,6,1,83
14923,896,29,6,1,99
14924,897,29,6,1,85
14925,898,29,6,1,80
14926,899,29,6,1,90
14927,900,29,6,1,70
14928,901,29,6,1,71
14929,902,29,6,1,83
14930,903,29,6,1,111
14931,904,29,6,1,103
14932,905,29,6,1,95
14933,906,29,6,1,82
14934,907,29,6,1,106
14935,402,29,6,1,107
14936,908,29,6,1,90
14937,389,29,6,1,89
14938,909,29,6,1,85
14939,910,29,6,1,92
14940,911,29,6,1,108
14941,912,29,6,1,60
14942,913,29,6,1,70
14943,914,29,6,1,71
14944,915,29,6,1,84
14945,916,29,6,1,80
14946,917,29,6,1,109
14947,918,29,6,1,77
14948,919,29,6,1,81
14949,920,29,6,1,64
14950,921,29,6,1,50
14951,922,29,6,1,87
14952,923,29,6,1,60
14953,924,29,6,1,87
14954,925,29,6,1,64
14955,926,29,6,1,76
14956,927,29,6,1,113
14957,928,29,6,1,56
14958,929,29,6,1,79
14959,930,29,6,1,87
14960,931,29,6,1,65
14961,932,29,6,1,84
14962,933,29,6,1,62
14963,934,29,6,1,73
14964,935,29,6,1,48
14965,936,29,6,1,72
14966,937,29,6,1,51
14967,938,29,6,1,88
18885,849,29,6,1,126
18886,383,29,6,1,128
18887,851,29,6,1,118
18888,852,29,6,1,128
18889,853,29,6,1,129
18890,855,29,6,1,121
18891,856,29,6,1,115
18892,857,29,6,1,114
18893,858,29,6,1,96
18894,859,29,6,1,119
18895,860,29,6,1,115
18896,861,29,6,1,121
18897,862,29,6,1,104
18898,863,29,6,1,110
18899,864,29,6,1,98
18900,865,29,6,1,114
18901,866,29,6,1,111
18902,867,29,6,1,100
18903,868,29,6,1,113
18904,869,29,6,1,116
18905,870,29,6,1,103
18906,871,29,6,1,90
18907,872,29,6,1,107
18908,873,29,6,1,73
18909,874,29,6,1,111
18910,875,29,6,1,118
18911,876,29,6,1,108
18912,877,29,6,1,110
18913,878,29,6,1,94
18914,879,29,6,1,98
18915,880,29,6,1,102
18916,881,29,6,1,103
18917,882,29,6,1,100
18918,883,29,6,1,98
18919,884,29,6,1,102
18920,885,29,6,1,91
18921,886,29,6,1,81
18922,887,29,6,1,104
18923,888,29,6,1,100
18924,889,29,6,1,111
18925,890,29,6,1,103
18926,891,29,6,1,103
18927,892,29,6,1,84
18928,893,29,6,1,95
18929,894,29,6,1,63
18930,73,29,6,1,94
18931,895,29,6,1,79
18932,896,29,6,1,96
18933,897,29,6,1,85
18934,898,29,6,1,79
18935,899,29,6,1,86
18936,900,29,6,1,66
18937,901,29,6,1,69
18938,902,29,6,1,83
18939,903,29,6,1,111
18940,904,29,6,1,103
18941,905,29,6,1,95
18942,906,29,6,1,82
18943,907,29,6,1,106
18944,402,29,6,1,107
18945,908,29,6,1,90
18946,389,29,6,1,87
18947,909,29,6,1,76
18948,910,29,6,1,92
18949,911,29,6,1,108
18950,912,29,6,1,60
18951,913,29,6,1,70
18952,914,29,6,1,71
18953,915,29,6,1,84
18954,916,29,6,1,73
18955,917,29,6,1,109
18956,918,29,6,1,77
18957,919,29,6,1,79
18958,920,29,6,1,64
18959,921,29,6,1,50
18960,922,29,6,1,86
18961,923,29,6,1,60
18962,924,29,6,1,87
18963,925,29,6,1,64
18964,926,29,6,1,76
18965,927,29,6,1,113
18966,928,29,6,1,56
18967,929,29,6,1,79
18968,930,29,6,1,87
18969,931,29,6,1,65
18970,932,29,6,1,84
18971,933,29,6,1,62
18972,934,29,6,1,73
18973,935,29,6,1,48
18974,936,29,6,1,70
18975,937,29,6,1,51
18976,938,29,6,1,88
14537,70,17,6,1,118
14538,514,17,6,1,105
14539,515,17,6,1,113
14540,516,17,6,1,115
14541,517,17,6,1,99
14542,518,17,6,1,104
14543,519,17,6,1,118
14544,520,17,6,1,105
14545,521,17,6,1,112
14546,522,17,6,1,110
14547,523,17,6,1,105
14548,524,17,6,1,110
14549,525,17,6,1,103
14550,526,17,6,1,109
14551,527,17,6,1,99
14552,528,17,6,1,103
14553,529,17,6,1,109
14554,530,17,6,1,117
14555,531,17,6,1,108
14556,532,17,6,1,120
14557,533,17,6,1,108
14558,534,17,6,1,103
14559,535,17,6,1,108
14560,536,17,6,1,111
14561,537,17,6,1,119
14562,538,17,6,1,75
14563,539,17,6,1,127
14564,540,17,6,1,89
14565,541,17,6,1,111
14566,542,17,6,1,164
14567,543,17,6,1,98
14568,544,17,6,1,121
14569,545,17,6,1,92
14570,546,17,6,1,103
14571,547,17,6,1,79
14572,548,17,6,1,89
14573,549,17,6,1,104
14574,550,17,6,1,83
14575,551,17,6,1,138
14576,552,17,6,1,117
14577,553,17,6,1,135
14578,554,17,6,1,100
14579,555,17,6,1,115
14580,556,17,6,1,80
14581,557,17,6,1,114
14582,558,17,6,1,111
14583,559,17,6,1,105
14584,560,17,6,1,110
14585,561,17,6,1,109
14586,562,17,6,1,114
14587,563,17,6,1,115
14588,564,17,6,1,97
14589,565,17,6,1,113
14590,566,17,6,1,103
14591,567,17,6,1,120
14592,568,17,6,1,124
14593,569,17,6,1,119
14594,570,17,6,1,124
14595,571,17,6,1,102
14596,572,17,6,1,118
14597,573,17,6,1,97
14598,574,17,6,1,124
14599,575,17,6,1,110
14600,576,17,6,1,95
14601,577,17,6,1,94
14602,578,17,6,1,118
14603,85,17,6,1,124
14604,579,17,6,1,89
14605,580,17,6,1,98
14606,581,17,6,1,98
14607,582,17,6,1,115
14608,583,17,6,1,114
14609,584,17,6,1,119
14610,585,17,6,1,98
14611,586,17,6,1,102
14612,587,17,6,1,103
14613,588,17,6,1,117
14614,589,17,6,1,109
14615,590,17,6,1,137
14616,591,17,6,1,114
14617,592,17,6,1,96
14618,593,17,6,1,95
14619,594,17,6,1,102
14620,595,17,6,1,127
14621,596,17,6,1,83
14622,597,17,6,1,113
14623,598,17,6,1,112
14624,599,17,6,1,113
14625,600,17,6,1,122
14626,601,17,6,1,91
14627,602,17,6,1,119
14628,603,17,6,1,138
14629,604,17,6,1,105
14630,605,17,6,1,108
14631,606,17,6,1,115
18561,70,17,6,1,113
18562,519,17,6,1,113
18563,521,17,6,1,105
18564,522,17,6,1,109
18565,523,17,6,1,104
18566,525,17,6,1,105
18567,526,17,6,1,103
18568,527,17,6,1,93
18569,528,17,6,1,101
18570,529,17,6,1,105
18571,530,17,6,1,108
18572,531,17,6,1,99
18573,532,17,6,1,102
18574,533,17,6,1,80
18575,534,17,6,1,95
18576,535,17,6,1,78
18577,536,17,6,1,88
18578,537,17,6,1,119
18579,538,17,6,1,75
18580,539,17,6,1,119
18581,540,17,6,1,77
18582,541,17,6,1,111
18583,542,17,6,1,98
18584,543,17,6,1,90
18585,544,17,6,1,115
18586,545,17,6,1,92
18587,546,17,6,1,90
18588,547,17,6,1,79
18589,548,17,6,1,89
18590,549,17,6,1,104
18591,550,17,6,1,83
18592,551,17,6,1,138
18593,552,17,6,1,117
18594,553,17,6,1,135
18595,554,17,6,1,100
18596,555,17,6,1,105
18597,556,17,6,1,80
18598,557,17,6,1,114
18599,558,17,6,1,95
18600,559,17,6,1,105
18601,560,17,6,1,110
18602,561,17,6,1,109
18603,562,17,6,1,114
18604,563,17,6,1,115
18605,564,17,6,1,98
18606,565,17,6,1,88
18607,566,17,6,1,104
18608,567,17,6,1,107
18609,568,17,6,1,104
18610,569,17,6,1,119
18611,570,17,6,1,109
18612,571,17,6,1,102
18613,572,17,6,1,118
18614,573,17,6,1,97
18615,574,17,6,1,124
18616,575,17,6,1,99
18617,576,17,6,1,95
18618,577,17,6,1,94
18619,578,17,6,1,118
18620,85,17,6,1,124
18621,579,17,6,1,83
18622,580,17,6,1,98
18623,581,17,6,1,98
18624,582,17,6,1,86
18625,583,17,6,1,114
18626,584,17,6,1,113
18627,585,17,6,1,88
18628,586,17,6,1,102
18629,587,17,6,1,103
18630,588,17,6,1,107
18631,589,17,6,1,101
18632,590,17,6,1,132
18633,591,17,6,1,100
18634,592,17,6,1,96
18635,593,17,6,1,99
18636,594,17,6,1,81
18637,595,17,6,1,127
18638,596,17,6,1,83
18639,597,17,6,1,87
18640,598,17,6,1,108
18641,599,17,6,1,113
18642,600,17,6,1,122
18643,601,17,6,1,91
18644,602,17,6,1,119
18645,603,17,6,1,138
18646,604,17,6,1,105
18647,605,17,6,1,108
18648,606,17,6,1,115
15939,70,17,6,2,157
15940,514,17,6,2,71
15941,515,17,6,2,54
15942,516,17,6,2,156
15943,517,17,6,2,113
15944,518,17,6,2,82
15945,519,17,6,2,100
15946,520,17,6,2,47
15947,521,17,6,2,115
15948,522,17,6,2,94
15949,523,17,6,2,83
15950,524,17,6,2,71
15951,525,17,6,2,94
15952,526,17,6,2,100
15953,527,17,6,2,62
15954,528,17,6,2,80
15955,529,17,6,2,72
15956,530,17,6,2,66
15957,531,17,6,2,75
15958,532,17,6,2,117
15959,533,17,6,2,218
15960,534,17,6,2,127
15961,535,17,6,2,54
15962,536,17,6,2,94
15963,537,17,6,2,56
15964,538,17,6,2,45
15965,539,17,6,2,147
15966,540,17,6,2,104
15967,541,17,6,2,92
15968,542,17,6,2,364
15969,543,17,6,2,47
15970,544,17,6,2,91
15971,545,17,6,2,124
15972,546,17,6,2,93
15973,547,17,6,2,44
15974,548,17,6,2,106
15975,549,17,6,2,111
15976,550,17,6,2,43
15977,551,17,6,2,162
15978,552,17,6,2,127
15979,553,17,6,2,129
15980,554,17,6,2,59
15981,555,17,6,2,154
15982,556,17,6,2,46
15983,557,17,6,2,225
15984,558,17,6,2,152
15985,559,17,6,2,65
15986,560,17,6,2,70
15987,561,17,6,2,100
15988,562,17,6,2,122
15989,563,17,6,2,82
15990,564,17,6,2,66
15991,565,17,6,2,63
15992,566,17,6,2,86
15993,567,17,6,2,90
15994,568,17,6,2,170
15995,569,17,6,2,196
15996,570,17,6,2,139
15997,571,17,6,2,60
15998,572,17,6,2,92
15999,573,17,6,2,123
16000,574,17,6,2,113
16001,575,17,6,2,123
16002,576,17,6,2,136
16003,577,17,6,2,48
16004,578,17,6,2,83
16005,85,17,6,2,184
16006,579,17,6,2,83
16007,580,17,6,2,70
16008,581,17,6,2,54
16009,582,17,6,2,110
16010,583,17,6,2,78
16011,584,17,6,2,148
16012,585,17,6,2,55
16013,586,17,6,2,110
16014,587,17,6,2,86
16015,588,17,6,2,175
16016,589,17,6,2,78
16017,590,17,6,2,151
16018,591,17,6,2,139
16019,592,17,6,2,48
16020,593,17,6,2,68
16021,594,17,6,2,62
16022,595,17,6,2,121
16023,596,17,6,2,61
16024,597,17,6,2,112
16025,598,17,6,2,123
16026,599,17,6,2,78
16027,600,17,6,2,159
16028,601,17,6,2,111
16029,602,17,6,2,123
16030,603,17,6,2,176
16031,604,17,6,2,62
16032,605,17,6,2,101
16033,606,17,6,2,100
31411,70,17,6,2,138
31412,519,17,6,2,95
31413,521,17,6,2,112
31414,522,17,6,2,88
31415,523,17,6,2,76
31416,525,17,6,2,85
31417,526,17,6,2,100
31418,527,17,6,2,63
31419,528,17,6,2,77
31420,529,17,6,2,82
31421,530,17,6,2,64
31422,531,17,6,2,69
31423,532,17,6,2,82
31424,533,17,6,2,119
31425,534,17,6,2,95
31426,535,17,6,2,51
31427,536,17,6,2,67
31428,537,17,6,2,56
31429,538,17,6,2,45
31430,539,17,6,2,121
31431,540,17,6,2,76
31432,541,17,6,2,92
31433,542,17,6,2,154
31434,543,17,6,2,45
31435,544,17,6,2,79
31436,545,17,6,2,124
31437,546,17,6,2,95
31438,547,17,6,2,44
31439,548,17,6,2,106
31440,549,17,6,2,111
31441,550,17,6,2,43
31442,551,17,6,2,162
31443,552,17,6,2,127
31444,553,17,6,2,129
31445,554,17,6,2,59
31446,555,17,6,2,112
31447,556,17,6,2,46
31448,557,17,6,2,225
31449,558,17,6,2,125
31450,559,17,6,2,65
31451,560,17,6,2,70
31452,561,17,6,2,100
31453,562,17,6,2,122
31454,563,17,6,2,82
31455,564,17,6,2,75
31456,565,17,6,2,52
31457,566,17,6,2,85
31458,567,17,6,2,84
31459,568,17,6,2,123
31460,569,17,6,2,196
31461,570,17,6,2,140
31462,571,17,6,2,60
31463,572,17,6,2,92
31464,573,17,6,2,123
31465,574,17,6,2,113
31466,575,17,6,2,110
31467,576,17,6,2,136
31468,577,17,6,2,48
31469,578,17,6,2,83
31470,85,17,6,2,184
31471,579,17,6,2,93
31472,580,17,6,2,70
31473,581,17,6,2,54
31474,582,17,6,2,69
31475,583,17,6,2,78
31476,584,17,6,2,135
31477,585,17,6,2,54
31478,586,17,6,2,110
31479,587,17,6,2,86
31480,588,17,6,2,151
31481,589,17,6,2,65
31482,590,17,6,2,132
31483,591,17,6,2,129
31484,592,17,6,2,48
31485,593,17,6,2,78
31486,594,17,6,2,68
31487,595,17,6,2,121
31488,596,17,6,2,58
31489,597,17,6,2,88
31490,598,17,6,2,118
31491,599,17,6,2,78
31492,600,17,6,2,159
31493,601,17,6,2,111
31494,602,17,6,2,123
31495,603,17,6,2,176
31496,604,17,6,2,62
31497,605,17,6,2,101
31498,606,17,6,2,100
3321,70,17,2,2,130
3322,514,17,2,2,87
3323,515,17,2,2,89
3324,516,17,2,2,135
3325,517,17,2,2,90
3326,518,17,2,2,79
3327,519,17,2,2,85
3328,520,17,2,2,85
3329,521,17,2,2,100
3330,522,17,2,2,96
3331,523,17,2,2,90
3332,524,17,2,2,83
3333,525,17,2,2,124
3334,526,17,2,2,90
3335,527,17,2,2,98
3336,528,17,2,2,76
3337,529,17,2,2,96
3338,530,17,2,2,96
3339,531,17,2,2,86
3340,532,17,2,2,95
3341,533,17,2,2,266
3342,534,17,2,2,143
3343,535,17,2,2,98
3344,536,17,2,2,79
3345,537,17,2,2,83
3346,538,17,2,2,72
3347,539,17,2,2,85
3348,540,17,2,2,66
3349,541,17,2,2,122
3350,542,17,2,2,88
3351,543,17,2,2,88
3352,544,17,2,2,104
3353,545,17,2,2,239
3354,546,17,2,2,88
3355,547,17,2,2,75
3356,548,17,2,2,68
3357,549,17,2,2,81
3358,550,17,2,2,69
3359,551,17,2,2,79
3360,552,17,2,2,111
3361,553,17,2,2,80
3362,554,17,2,2,66
3363,555,17,2,2,74
3364,556,17,2,2,66
3365,557,17,2,2,146
3366,558,17,2,2,58
3367,559,17,2,2,84
3368,560,17,2,2,78
3369,561,17,2,2,79
3370,562,17,2,2,76
3371,563,17,2,2,88
3372,564,17,2,2,83
3373,565,17,2,2,79
3374,566,17,2,2,82
3375,567,17,2,2,89
3376,568,17,2,2,191
3377,569,17,2,2,379
3378,570,17,2,2,146
3379,571,17,2,2,95
3380,572,17,2,2,84
3381,573,17,2,2,260
3382,574,17,2,2,94
3383,575,17,2,2,122
3384,576,17,2,2,128
3385,577,17,2,2,84
3386,578,17,2,2,80
3387,85,17,2,2,245
3388,579,17,2,2,145
3389,580,17,2,2,91
3390,581,17,2,2,86
3391,582,17,2,2,85
3392,583,17,2,2,89
3393,584,17,2,2,105
3394,585,17,2,2,76
3395,586,17,2,2,94
3396,587,17,2,2,87
3397,588,17,2,2,89
3398,589,17,2,2,96
3399,590,17,2,2,84
3400,591,17,2,2,88
3401,592,17,2,2,77
3402,593,17,2,2,92
3403,594,17,2,2,77
3404,595,17,2,2,94
3405,596,17,2,2,80
3406,597,17,2,2,91
3407,598,17,2,2,85
3408,599,17,2,2,81
3409,600,17,2,2,97
3410,601,17,2,2,85
3411,602,17,2,2,83
3412,603,17,2,2,83
3413,604,17,2,2,95
3414,605,17,2,2,102
3415,606,17,2,2,77
30126,70,17,2,2,120
30127,519,17,2,2,84
30128,521,17,2,2,96
30129,522,17,2,2,92
30130,523,17,2,2,87
30131,525,17,2,2,107
30132,526,17,2,2,86
30133,527,17,2,2,83
30134,528,17,2,2,74
30135,529,17,2,2,99
30136,530,17,2,2,92
30137,531,17,2,2,82
30138,532,17,2,2,82
30139,533,17,2,2,154
30140,534,17,2,2,103
30141,535,17,2,2,75
30142,536,17,2,2,79
30143,537,17,2,2,83
30144,538,17,2,2,72
30145,539,17,2,2,81
30146,540,17,2,2,70
30147,541,17,2,2,122
30148,542,17,2,2,68
30149,543,17,2,2,83
30150,544,17,2,2,85
30151,545,17,2,2,239
30152,546,17,2,2,89
30153,547,17,2,2,75
30154,548,17,2,2,68
30155,549,17,2,2,81
30156,550,17,2,2,69
30157,551,17,2,2,79
30158,552,17,2,2,111
30159,553,17,2,2,80
30160,554,17,2,2,66
30161,555,17,2,2,70
30162,556,17,2,2,66
30163,557,17,2,2,146
30164,558,17,2,2,58
30165,559,17,2,2,84
30166,560,17,2,2,78
30167,561,17,2,2,79
30168,562,17,2,2,76
30169,563,17,2,2,88
30170,564,17,2,2,80
30171,565,17,2,2,74
30172,566,17,2,2,77
30173,567,17,2,2,79
30174,568,17,2,2,140
30175,569,17,2,2,379
30176,570,17,2,2,144
30177,571,17,2,2,95
30178,572,17,2,2,84
30179,573,17,2,2,260
30180,574,17,2,2,94
30181,575,17,2,2,104
30182,576,17,2,2,128
30183,577,17,2,2,84
30184,578,17,2,2,80
30185,85,17,2,2,245
30186,579,17,2,2,136
30187,580,17,2,2,91
30188,581,17,2,2,86
30189,582,17,2,2,73
30190,583,17,2,2,89
30191,584,17,2,2,115
30192,585,17,2,2,95
30193,586,17,2,2,94
30194,587,17,2,2,87
30195,588,17,2,2,100
30196,589,17,2,2,88
30197,590,17,2,2,82
30198,591,17,2,2,129
30199,592,17,2,2,77
30200,593,17,2,2,84
30201,594,17,2,2,81
30202,595,17,2,2,94
30203,596,17,2,2,83
30204,597,17,2,2,78
30205,598,17,2,2,117
30206,599,17,2,2,81
30207,600,17,2,2,97
30208,601,17,2,2,85
30209,602,17,2,2,83
30210,603,17,2,2,83
30211,604,17,2,2,95
30212,605,17,2,2,102
30213,606,17,2,2,77
4723,70,17,2,1,120
4724,514,17,2,1,118
4725,515,17,2,1,135
4726,516,17,2,1,117
4727,517,17,2,1,87
4728,518,17,2,1,117
4729,519,17,2,1,121
4730,520,17,2,1,128
4731,521,17,2,1,108
4732,522,17,2,1,119
4733,523,17,2,1,105
4734,524,17,2,1,117
4735,525,17,2,1,124
4736,526,17,2,1,106
4737,527,17,2,1,115
4738,528,17,2,1,91
4739,529,17,2,1,120
4740,530,17,2,1,129
4741,531,17,2,1,111
4742,532,17,2,1,129
4743,533,17,2,1,98
4744,534,17,2,1,127
4745,535,17,2,1,128
4746,536,17,2,1,121
4747,537,17,2,1,138
4748,538,17,2,1,73
4749,539,17,2,1,127
4750,540,17,2,1,56
4751,541,17,2,1,117
4752,542,17,2,1,68
4753,543,17,2,1,110
4754,544,17,2,1,135
4755,545,17,2,1,107
4756,546,17,2,1,106
4757,547,17,2,1,86
4758,548,17,2,1,55
4759,549,17,2,1,95
4760,550,17,2,1,78
4761,551,17,2,1,129
4762,552,17,2,1,130
4763,553,17,2,1,122
4764,554,17,2,1,89
4765,555,17,2,1,101
4766,556,17,2,1,83
4767,557,17,2,1,69
4768,558,17,2,1,47
4769,559,17,2,1,121
4770,560,17,2,1,113
4771,561,17,2,1,96
4772,562,17,2,1,98
4773,563,17,2,1,127
4774,564,17,2,1,123
4775,565,17,2,1,123
4776,566,17,2,1,107
4777,567,17,2,1,127
4778,568,17,2,1,132
4779,569,17,2,1,138
4780,570,17,2,1,131
4781,571,17,2,1,104
4782,572,17,2,1,128
4783,573,17,2,1,115
4784,574,17,2,1,128
4785,575,17,2,1,122
4786,576,17,2,1,82
4787,577,17,2,1,111
4788,578,17,2,1,133
4789,85,17,2,1,132
4790,579,17,2,1,104
4791,580,17,2,1,106
4792,581,17,2,1,109
4793,582,17,2,1,125
4794,583,17,2,1,125
4795,584,17,2,1,119
4796,585,17,2,1,107
4797,586,17,2,1,100
4798,587,17,2,1,109
4799,588,17,2,1,98
4800,589,17,2,1,111
4801,590,17,2,1,132
4802,591,17,2,1,119
4803,592,17,2,1,102
4804,593,17,2,1,98
4805,594,17,2,1,110
4806,595,17,2,1,131
4807,596,17,2,1,75
4808,597,17,2,1,110
4809,598,17,2,1,107
4810,599,17,2,1,129
4811,600,17,2,1,111
4812,601,17,2,1,77
4813,602,17,2,1,124
4814,603,17,2,1,117
4815,604,17,2,1,112
4816,605,17,2,1,112
4817,606,17,2,1,101
17276,70,17,2,1,116
17277,519,17,2,1,116
17278,521,17,2,1,102
17279,522,17,2,1,117
17280,523,17,2,1,105
17281,525,17,2,1,116
17282,526,17,2,1,99
17283,527,17,2,1,91
17284,528,17,2,1,89
17285,529,17,2,1,113
17286,530,17,2,1,111
17287,531,17,2,1,95
17288,532,17,2,1,109
17289,533,17,2,1,75
17290,534,17,2,1,106
17291,535,17,2,1,78
17292,536,17,2,1,89
17293,537,17,2,1,138
17294,538,17,2,1,73
17295,539,17,2,1,124
17296,540,17,2,1,57
17297,541,17,2,1,117
17298,542,17,2,1,54
17299,543,17,2,1,102
17300,544,17,2,1,121
17301,545,17,2,1,107
17302,546,17,2,1,90
17303,547,17,2,1,86
17304,548,17,2,1,55
17305,549,17,2,1,95
17306,550,17,2,1,78
17307,551,17,2,1,129
17308,552,17,2,1,130
17309,553,17,2,1,122
17310,554,17,2,1,89
17311,555,17,2,1,89
17312,556,17,2,1,83
17313,557,17,2,1,69
17314,558,17,2,1,47
17315,559,17,2,1,121
17316,560,17,2,1,113
17317,561,17,2,1,96
17318,562,17,2,1,98
17319,563,17,2,1,127
17320,564,17,2,1,112
17321,565,17,2,1,97
17322,566,17,2,1,104
17323,567,17,2,1,103
17324,568,17,2,1,111
17325,569,17,2,1,138
17326,570,17,2,1,108
17327,571,17,2,1,104
17328,572,17,2,1,128
17329,573,17,2,1,115
17330,574,17,2,1,128
17331,575,17,2,1,105
17332,576,17,2,1,82
17333,577,17,2,1,111
17334,578,17,2,1,133
17335,85,17,2,1,132
17336,579,17,2,1,87
17337,580,17,2,1,106
17338,581,17,2,1,109
17339,582,17,2,1,99
17340,583,17,2,1,125
17341,584,17,2,1,115
17342,585,17,2,1,85
17343,586,17,2,1,100
17344,587,17,2,1,109
17345,588,17,2,1,90
17346,589,17,2,1,100
17347,590,17,2,1,131
17348,591,17,2,1,101
17349,592,17,2,1,102
17350,593,17,2,1,96
17351,594,17,2,1,81
17352,595,17,2,1,131
17353,596,17,2,1,76
17354,597,17,2,1,84
17355,598,17,2,1,106
17356,599,17,2,1,129
17357,600,17,2,1,111
17358,601,17,2,1,77
17359,602,17,2,1,124
17360,603,17,2,1,117
17361,604,17,2,1,112
17362,605,17,2,1,112
17363,606,17,2,1,101
74,70,17,1,1,120
91,85,17,1,1,133
527,514,17,1,1,122
528,515,17,1,1,146
529,516,17,1,1,116
530,517,17,1,1,75
531,518,17,1,1,126
532,519,17,1,1,129
533,520,17,1,1,129
534,521,17,1,1,112
535,522,17,1,1,118
536,523,17,1,1,113
537,524,17,1,1,133
538,525,17,1,1,121
539,526,17,1,1,119
540,527,17,1,1,116
541,528,17,1,1,93
542,529,17,1,1,129
543,530,17,1,1,128
544,531,17,1,1,108
545,532,17,1,1,138
546,533,17,1,1,63
547,534,17,1,1,132
548,535,17,1,1,124
549,536,17,1,1,145
550,537,17,1,1,156
551,538,17,1,1,80
552,539,17,1,1,136
553,540,17,1,1,60
555,541,17,1,1,115
556,542,17,1,1,38
557,543,17,1,1,120
558,544,17,1,1,147
559,545,17,1,1,113
560,546,17,1,1,114
561,547,17,1,1,92
562,548,17,1,1,59
563,549,17,1,1,95
564,550,17,1,1,81
565,551,17,1,1,128
566,552,17,1,1,126
567,553,17,1,1,141
568,554,17,1,1,85
569,555,17,1,1,119
570,556,17,1,1,91
571,557,17,1,1,57
572,558,17,1,1,54
574,559,17,1,1,129
575,560,17,1,1,122
576,561,17,1,1,94
577,562,17,1,1,96
578,563,17,1,1,140
579,564,17,1,1,134
580,565,17,1,1,141
581,566,17,1,1,112
582,567,17,1,1,131
583,568,17,1,1,122
584,569,17,1,1,98
585,570,17,1,1,124
586,571,17,1,1,113
587,572,17,1,1,141
588,573,17,1,1,139
590,574,17,1,1,117
591,575,17,1,1,122
592,576,17,1,1,73
593,577,17,1,1,126
594,578,17,1,1,148
595,579,17,1,1,97
596,580,17,1,1,102
597,581,17,1,1,113
598,582,17,1,1,133
599,583,17,1,1,127
600,584,17,1,1,129
601,585,17,1,1,124
602,586,17,1,1,96
603,587,17,1,1,113
604,588,17,1,1,110
605,589,17,1,1,113
606,590,17,1,1,138
607,591,17,1,1,133
608,592,17,1,1,98
609,593,17,1,1,115
610,594,17,1,1,126
611,595,17,1,1,132
612,596,17,1,1,74
613,597,17,1,1,123
614,598,17,1,1,115
615,599,17,1,1,131
616,600,17,1,1,112
617,601,17,1,1,79
618,602,17,1,1,136
619,603,17,1,1,138
620,604,17,1,1,104
621,605,17,1,1,112
622,606,17,1,1,101
19846,70,17,1,1,116
19847,519,17,1,1,121
19848,521,17,1,1,105
19849,522,17,1,1,117
19850,523,17,1,1,113
19851,525,17,1,1,106
19852,526,17,1,1,110
19853,527,17,1,1,88
19854,528,17,1,1,89
19855,529,17,1,1,115
19856,530,17,1,1,108
19857,531,17,1,1,92
19858,532,17,1,1,117
19859,533,17,1,1,54
19860,534,17,1,1,107
19861,535,17,1,1,74
19862,536,17,1,1,94
19863,537,17,1,1,156
19864,538,17,1,1,80
19865,539,17,1,1,131
19866,540,17,1,1,56
19867,541,17,1,1,115
19868,542,17,1,1,47
19869,543,17,1,1,111
19870,544,17,1,1,134
19871,545,17,1,1,113
19872,546,17,1,1,93
19873,547,17,1,1,92
19874,548,17,1,1,59
19875,549,17,1,1,95
19876,550,17,1,1,81
19877,551,17,1,1,128
19878,552,17,1,1,126
19879,553,17,1,1,141
19880,554,17,1,1,85
19881,555,17,1,1,104
19882,556,17,1,1,91
19883,557,17,1,1,57
19884,558,17,1,1,52
19885,559,17,1,1,129
19886,560,17,1,1,122
19887,561,17,1,1,94
19888,562,17,1,1,96
19889,563,17,1,1,140
19890,564,17,1,1,121
19891,565,17,1,1,106
19892,566,17,1,1,108
19893,567,17,1,1,101
19894,568,17,1,1,105
19895,569,17,1,1,98
19896,570,17,1,1,100
19897,571,17,1,1,113
19898,572,17,1,1,141
19899,573,17,1,1,139
19900,574,17,1,1,117
19901,575,17,1,1,104
19902,576,17,1,1,73
19903,577,17,1,1,126
19904,578,17,1,1,148
19905,85,17,1,1,133
19906,579,17,1,1,79
19907,580,17,1,1,102
19908,581,17,1,1,113
19909,582,17,1,1,93
19910,583,17,1,1,127
19911,584,17,1,1,116
19912,585,17,1,1,90
19913,586,17,1,1,96
19914,587,17,1,1,113
19915,588,17,1,1,96
19916,589,17,1,1,100
19917,590,17,1,1,137
19918,591,17,1,1,100
19919,592,17,1,1,98
19920,593,17,1,1,110
19921,594,17,1,1,83
19922,595,17,1,1,132
19923,596,17,1,1,71
19924,597,17,1,1,83
19925,598,17,1,1,110
19926,599,17,1,1,131
19927,600,17,1,1,112
19928,601,17,1,1,79
19929,602,17,1,1,136
19930,603,17,1,1,138
19931,604,17,1,1,104
19932,605,17,1,1,112
19933,606,17,1,1,101
1919,70,17,1,2,128
1920,514,17,1,2,95
1921,515,17,1,2,99
1922,516,17,1,2,93
1923,517,17,1,2,81
1924,518,17,1,2,96
1925,519,17,1,2,93
1926,520,17,1,2,96
1927,521,17,1,2,91
1928,522,17,1,2,105
1929,523,17,1,2,91
1930,524,17,1,2,92
1931,525,17,1,2,108
1932,526,17,1,2,100
1933,527,17,1,2,112
1934,528,17,1,2,88
1935,529,17,1,2,99
1936,530,17,1,2,98
1937,531,17,1,2,91
1938,532,17,1,2,95
1939,533,17,1,2,136
1940,534,17,1,2,105
1941,535,17,1,2,102
1942,536,17,1,2,100
1943,537,17,1,2,100
1944,538,17,1,2,84
1945,539,17,1,2,98
1946,540,17,1,2,85
1947,541,17,1,2,102
1948,542,17,1,2,95
1949,543,17,1,2,90
1950,544,17,1,2,114
1951,545,17,1,2,255
1952,546,17,1,2,96
1953,547,17,1,2,84
1954,548,17,1,2,79
1955,549,17,1,2,82
1956,550,17,1,2,86
1957,551,17,1,2,85
1958,552,17,1,2,90
1959,553,17,1,2,96
1960,554,17,1,2,79
1961,555,17,1,2,87
1962,556,17,1,2,79
1963,557,17,1,2,83
1964,558,17,1,2,75
1965,559,17,1,2,98
1966,560,17,1,2,92
1967,561,17,1,2,86
1968,562,17,1,2,88
1969,563,17,1,2,96
1970,564,17,1,2,101
1971,565,17,1,2,93
1972,566,17,1,2,97
1973,567,17,1,2,92
1974,568,17,1,2,99
1975,569,17,1,2,238
1976,570,17,1,2,91
1977,571,17,1,2,90
1978,572,17,1,2,93
1979,573,17,1,2,330
1980,574,17,1,2,91
1981,575,17,1,2,96
1982,576,17,1,2,83
1983,577,17,1,2,93
1984,578,17,1,2,92
1985,85,17,1,2,220
1986,579,17,1,2,86
1987,580,17,1,2,101
1988,581,17,1,2,93
1989,582,17,1,2,95
1990,583,17,1,2,92
1991,584,17,1,2,121
1992,585,17,1,2,92
1993,586,17,1,2,87
1994,587,17,1,2,88
1995,588,17,1,2,90
1996,589,17,1,2,93
1997,590,17,1,2,89
1998,591,17,1,2,126
1999,592,17,1,2,78
2000,593,17,1,2,107
2001,594,17,1,2,92
2002,595,17,1,2,100
2003,596,17,1,2,82
2004,597,17,1,2,90
2005,598,17,1,2,92
2006,599,17,1,2,93
2007,600,17,1,2,95
2008,601,17,1,2,90
2009,602,17,1,2,113
2010,603,17,1,2,104
2011,604,17,1,2,104
2012,605,17,1,2,114
2013,606,17,1,2,83
28841,70,17,1,2,119
28842,519,17,1,2,92
28843,521,17,1,2,92
28844,522,17,1,2,99
28845,523,17,1,2,91
28846,525,17,1,2,97
28847,526,17,1,2,96
28848,527,17,1,2,96
28849,528,17,1,2,87
28850,529,17,1,2,109
28851,530,17,1,2,95
28852,531,17,1,2,86
28853,532,17,1,2,92
28854,533,17,1,2,99
28855,534,17,1,2,94
28856,535,17,1,2,77
28857,536,17,1,2,85
28858,537,17,1,2,100
28859,538,17,1,2,84
28860,539,17,1,2,95
28861,540,17,1,2,81
28862,541,17,1,2,102
28863,542,17,1,2,80
28864,543,17,1,2,87
28865,544,17,1,2,98
28866,545,17,1,2,255
28867,546,17,1,2,93
28868,547,17,1,2,84
28869,548,17,1,2,79
28870,549,17,1,2,82
28871,550,17,1,2,86
28872,551,17,1,2,85
28873,552,17,1,2,90
28874,553,17,1,2,96
28875,554,17,1,2,79
28876,555,17,1,2,82
28877,556,17,1,2,79
28878,557,17,1,2,83
28879,558,17,1,2,70
28880,559,17,1,2,98
28881,560,17,1,2,92
28882,561,17,1,2,86
28883,562,17,1,2,88
28884,563,17,1,2,96
28885,564,17,1,2,95
28886,565,17,1,2,80
28887,566,17,1,2,92
28888,567,17,1,2,86
28889,568,17,1,2,91
28890,569,17,1,2,238
28891,570,17,1,2,115
28892,571,17,1,2,90
28893,572,17,1,2,93
28894,573,17,1,2,330
28895,574,17,1,2,91
28896,575,17,1,2,88
28897,576,17,1,2,83
28898,577,17,1,2,93
28899,578,17,1,2,92
28900,85,17,1,2,220
28901,579,17,1,2,81
28902,580,17,1,2,101
28903,581,17,1,2,93
28904,582,17,1,2,80
28905,583,17,1,2,92
28906,584,17,1,2,102
28907,585,17,1,2,96
28908,586,17,1,2,87
28909,587,17,1,2,88
28910,588,17,1,2,94
28911,589,17,1,2,92
28912,590,17,1,2,88
28913,591,17,1,2,136
28914,592,17,1,2,78
28915,593,17,1,2,97
28916,594,17,1,2,80
28917,595,17,1,2,100
28918,596,17,1,2,82
28919,597,17,1,2,80
28920,598,17,1,2,142
28921,599,17,1,2,93
28922,600,17,1,2,95
28923,601,17,1,2,90
28924,602,17,1,2,113
28925,603,17,1,2,104
28926,604,17,1,2,104
28927,605,17,1,2,114
28928,606,17,1,2,83
13135,70,17,5,2,147
13136,514,17,5,2,75
13137,515,17,5,2,66
13138,516,17,5,2,171
13139,517,17,5,2,91
13140,518,17,5,2,60
13141,519,17,5,2,87
13142,520,17,5,2,52
13143,521,17,5,2,114
13144,522,17,5,2,95
13145,523,17,5,2,74
13146,524,17,5,2,64
13147,525,17,5,2,106
13148,526,17,5,2,89
13149,527,17,5,2,72
13150,528,17,5,2,77
13151,529,17,5,2,71
13152,530,17,5,2,75
13153,531,17,5,2,82
13154,532,17,5,2,117
13155,533,17,5,2,233
13156,534,17,5,2,137
13157,535,17,5,2,68
13158,536,17,5,2,85
13159,537,17,5,2,63
13160,538,17,5,2,51
13161,539,17,5,2,144
13162,540,17,5,2,118
13163,541,17,5,2,103
13164,542,17,5,2,377
13165,543,17,5,2,54
13166,544,17,5,2,105
13167,545,17,5,2,168
13168,546,17,5,2,84
13169,547,17,5,2,53
13170,548,17,5,2,140
13171,549,17,5,2,88
13172,550,17,5,2,45
13173,551,17,5,2,160
13174,552,17,5,2,122
13175,553,17,5,2,80
13176,554,17,5,2,49
13177,555,17,5,2,143
13178,556,17,5,2,49
13179,557,17,5,2,282
13180,558,17,5,2,93
13181,559,17,5,2,81
13182,560,17,5,2,59
13183,561,17,5,2,97
13184,562,17,5,2,127
13185,563,17,5,2,83
13186,564,17,5,2,64
13187,565,17,5,2,66
13188,566,17,5,2,67
13189,567,17,5,2,100
13190,568,17,5,2,216
13191,569,17,5,2,249
13192,570,17,5,2,158
13193,571,17,5,2,68
13194,572,17,5,2,80
13195,573,17,5,2,173
13196,574,17,5,2,127
13197,575,17,5,2,120
13198,576,17,5,2,158
13199,577,17,5,2,58
13200,578,17,5,2,68
13201,85,17,5,2,230
13202,579,17,5,2,100
13203,580,17,5,2,68
13204,581,17,5,2,63
13205,582,17,5,2,126
13206,583,17,5,2,89
13207,584,17,5,2,145
13208,585,17,5,2,57
13209,586,17,5,2,99
13210,587,17,5,2,93
13211,588,17,5,2,132
13212,589,17,5,2,80
13213,590,17,5,2,158
13214,591,17,5,2,109
13215,592,17,5,2,59
13216,593,17,5,2,74
13217,594,17,5,2,68
13218,595,17,5,2,112
13219,596,17,5,2,71
13220,597,17,5,2,126
13221,598,17,5,2,160
13222,599,17,5,2,84
13223,600,17,5,2,172
13224,601,17,5,2,111
13225,602,17,5,2,119
13226,603,17,5,2,134
13227,604,17,5,2,75
13228,605,17,5,2,91
13229,606,17,5,2,87
27556,70,17,5,2,130
27557,519,17,5,2,82
27558,521,17,5,2,107
27559,522,17,5,2,89
27560,523,17,5,2,70
27561,525,17,5,2,97
27562,526,17,5,2,86
27563,527,17,5,2,69
27564,528,17,5,2,74
27565,529,17,5,2,90
27566,530,17,5,2,73
27567,531,17,5,2,75
27568,532,17,5,2,76
27569,533,17,5,2,125
27570,534,17,5,2,102
27571,535,17,5,2,58
27572,536,17,5,2,71
27573,537,17,5,2,63
27574,538,17,5,2,51
27575,539,17,5,2,113
27576,540,17,5,2,88
27577,541,17,5,2,103
27578,542,17,5,2,133
27579,543,17,5,2,53
27580,544,17,5,2,80
27581,545,17,5,2,168
27582,546,17,5,2,102
27583,547,17,5,2,53
27584,548,17,5,2,140
27585,549,17,5,2,88
27586,550,17,5,2,45
27587,551,17,5,2,160
27588,552,17,5,2,122
27589,553,17,5,2,80
27590,554,17,5,2,49
27591,555,17,5,2,103
27592,556,17,5,2,49
27593,557,17,5,2,282
27594,558,17,5,2,93
27595,559,17,5,2,81
27596,560,17,5,2,59
27597,561,17,5,2,97
27598,562,17,5,2,127
27599,563,17,5,2,83
27600,564,17,5,2,66
27601,565,17,5,2,56
27602,566,17,5,2,79
27603,567,17,5,2,77
27604,568,17,5,2,147
27605,569,17,5,2,249
27606,570,17,5,2,152
27607,571,17,5,2,68
27608,572,17,5,2,80
27609,573,17,5,2,173
27610,574,17,5,2,127
27611,575,17,5,2,105
27612,576,17,5,2,158
27613,577,17,5,2,58
27614,578,17,5,2,68
27615,85,17,5,2,230
27616,579,17,5,2,109
27617,580,17,5,2,68
27618,581,17,5,2,63
27619,582,17,5,2,81
27620,583,17,5,2,89
27621,584,17,5,2,121
27622,585,17,5,2,60
27623,586,17,5,2,99
27624,587,17,5,2,93
27625,588,17,5,2,118
27626,589,17,5,2,67
27627,590,17,5,2,139
27628,591,17,5,2,126
27629,592,17,5,2,59
27630,593,17,5,2,84
27631,594,17,5,2,72
27632,595,17,5,2,112
27633,596,17,5,2,69
27634,597,17,5,2,86
27635,598,17,5,2,155
27636,599,17,5,2,84
27637,600,17,5,2,172
27638,601,17,5,2,111
27639,602,17,5,2,119
27640,603,17,5,2,134
27641,604,17,5,2,75
27642,605,17,5,2,91
27643,606,17,5,2,87
11733,70,17,5,1,119
11734,514,17,5,1,112
11735,515,17,5,1,128
11736,516,17,5,1,117
11737,517,17,5,1,93
11738,518,17,5,1,103
11739,519,17,5,1,121
11740,520,17,5,1,113
11741,521,17,5,1,112
11742,522,17,5,1,114
11743,523,17,5,1,104
11744,524,17,5,1,116
11745,525,17,5,1,112
11746,526,17,5,1,107
11747,527,17,5,1,103
11748,528,17,5,1,99
11749,529,17,5,1,112
11750,530,17,5,1,121
11751,531,17,5,1,111
11752,532,17,5,1,129
11753,533,17,5,1,105
11754,534,17,5,1,112
11755,535,17,5,1,113
11756,536,17,5,1,116
11757,537,17,5,1,127
11758,538,17,5,1,77
11759,539,17,5,1,128
11760,540,17,5,1,84
11761,541,17,5,1,118
11762,542,17,5,1,160
11763,543,17,5,1,105
11764,544,17,5,1,130
11765,545,17,5,1,100
11766,546,17,5,1,100
11767,547,17,5,1,81
11768,548,17,5,1,80
11769,549,17,5,1,98
11770,550,17,5,1,80
11771,551,17,5,1,141
11772,552,17,5,1,121
11773,553,17,5,1,127
11774,554,17,5,1,98
11775,555,17,5,1,109
11776,556,17,5,1,79
11777,557,17,5,1,120
11778,558,17,5,1,74
11779,559,17,5,1,122
11780,560,17,5,1,108
11781,561,17,5,1,103
11782,562,17,5,1,116
11783,563,17,5,1,122
11784,564,17,5,1,107
11785,565,17,5,1,118
11786,566,17,5,1,101
11787,567,17,5,1,129
11788,568,17,5,1,128
11789,569,17,5,1,121
11790,570,17,5,1,133
11791,571,17,5,1,105
11792,572,17,5,1,121
11793,573,17,5,1,111
11794,574,17,5,1,131
11795,575,17,5,1,111
11796,576,17,5,1,96
11797,577,17,5,1,103
11798,578,17,5,1,123
11799,85,17,5,1,130
11800,579,17,5,1,93
11801,580,17,5,1,97
11802,581,17,5,1,102
11803,582,17,5,1,123
11804,583,17,5,1,123
11805,584,17,5,1,119
11806,585,17,5,1,96
11807,586,17,5,1,101
11808,587,17,5,1,108
11809,588,17,5,1,105
11810,589,17,5,1,109
11811,590,17,5,1,142
11812,591,17,5,1,115
11813,592,17,5,1,102
11814,593,17,5,1,96
11815,594,17,5,1,106
11816,595,17,5,1,131
11817,596,17,5,1,79
11818,597,17,5,1,120
11819,598,17,5,1,124
11820,599,17,5,1,122
11821,600,17,5,1,123
11822,601,17,5,1,82
11823,602,17,5,1,127
11824,603,17,5,1,127
11825,604,17,5,1,109
11826,605,17,5,1,116
11827,606,17,5,1,113
21131,70,17,5,1,114
21132,519,17,5,1,116
21133,521,17,5,1,105
21134,522,17,5,1,113
21135,523,17,5,1,103
21136,525,17,5,1,111
21137,526,17,5,1,101
21138,527,17,5,1,90
21139,528,17,5,1,97
21140,529,17,5,1,108
21141,530,17,5,1,107
21142,531,17,5,1,99
21143,532,17,5,1,106
21144,533,17,5,1,77
21145,534,17,5,1,100
21146,535,17,5,1,74
21147,536,17,5,1,90
21148,537,17,5,1,127
21149,538,17,5,1,77
21150,539,17,5,1,120
21151,540,17,5,1,74
21152,541,17,5,1,118
21153,542,17,5,1,81
21154,543,17,5,1,95
21155,544,17,5,1,121
21156,545,17,5,1,100
21157,546,17,5,1,89
21158,547,17,5,1,81
21159,548,17,5,1,80
21160,549,17,5,1,98
21161,550,17,5,1,80
21162,551,17,5,1,141
21163,552,17,5,1,121
21164,553,17,5,1,127
21165,554,17,5,1,98
21166,555,17,5,1,98
21167,556,17,5,1,79
21168,557,17,5,1,120
21169,558,17,5,1,71
21170,559,17,5,1,122
21171,560,17,5,1,108
21172,561,17,5,1,103
21173,562,17,5,1,116
21174,563,17,5,1,122
21175,564,17,5,1,101
21176,565,17,5,1,90
21177,566,17,5,1,103
21178,567,17,5,1,106
21179,568,17,5,1,105
21180,569,17,5,1,121
21181,570,17,5,1,112
21182,571,17,5,1,105
21183,572,17,5,1,121
21184,573,17,5,1,111
21185,574,17,5,1,131
21186,575,17,5,1,95
21187,576,17,5,1,96
21188,577,17,5,1,103
21189,578,17,5,1,123
21190,85,17,5,1,130
21191,579,17,5,1,83
21192,580,17,5,1,97
21193,581,17,5,1,102
21194,582,17,5,1,91
21195,583,17,5,1,123
21196,584,17,5,1,111
21197,585,17,5,1,83
21198,586,17,5,1,101
21199,587,17,5,1,108
21200,588,17,5,1,95
21201,589,17,5,1,96
21202,590,17,5,1,137
21203,591,17,5,1,101
21204,592,17,5,1,102
21205,593,17,5,1,100
21206,594,17,5,1,81
21207,595,17,5,1,131
21208,596,17,5,1,79
21209,597,17,5,1,85
21210,598,17,5,1,118
21211,599,17,5,1,122
21212,600,17,5,1,123
21213,601,17,5,1,82
21214,602,17,5,1,127
21215,603,17,5,1,127
21216,604,17,5,1,109
21217,605,17,5,1,116
21218,606,17,5,1,113
8929,70,17,4,1,119
8930,514,17,4,1,117
8931,515,17,4,1,129
8932,516,17,4,1,116
8933,517,17,4,1,89
8934,518,17,4,1,111
8935,519,17,4,1,122
8936,520,17,4,1,120
8937,521,17,4,1,112
8938,522,17,4,1,116
8939,523,17,4,1,107
8940,524,17,4,1,116
8941,525,17,4,1,118
8942,526,17,4,1,107
8943,527,17,4,1,107
8944,528,17,4,1,94
8945,529,17,4,1,114
8946,530,17,4,1,126
8947,531,17,4,1,112
8948,532,17,4,1,132
8949,533,17,4,1,106
8950,534,17,4,1,120
8951,535,17,4,1,119
8952,536,17,4,1,115
8953,537,17,4,1,130
8954,538,17,4,1,79
8955,539,17,4,1,121
8956,540,17,4,1,80
8957,541,17,4,1,122
8958,542,17,4,1,88
8959,543,17,4,1,108
8960,544,17,4,1,135
8961,545,17,4,1,96
8962,546,17,4,1,101
8963,547,17,4,1,84
8964,548,17,4,1,66
8965,549,17,4,1,101
8966,550,17,4,1,76
8967,551,17,4,1,126
8968,552,17,4,1,124
8969,553,17,4,1,128
8970,554,17,4,1,89
8971,555,17,4,1,96
8972,556,17,4,1,82
8973,557,17,4,1,102
8974,558,17,4,1,45
8975,559,17,4,1,121
8976,560,17,4,1,113
8977,561,17,4,1,96
8978,562,17,4,1,108
8979,563,17,4,1,122
8980,564,17,4,1,113
8981,565,17,4,1,116
8982,566,17,4,1,105
8983,567,17,4,1,130
8984,568,17,4,1,130
8985,569,17,4,1,127
8986,570,17,4,1,137
8987,571,17,4,1,109
8988,572,17,4,1,121
8989,573,17,4,1,106
8990,574,17,4,1,134
8991,575,17,4,1,109
8992,576,17,4,1,91
8993,577,17,4,1,110
8994,578,17,4,1,124
8995,85,17,4,1,136
8996,579,17,4,1,98
8997,580,17,4,1,101
8998,581,17,4,1,107
8999,582,17,4,1,126
9000,583,17,4,1,121
9001,584,17,4,1,118
9002,585,17,4,1,98
9003,586,17,4,1,98
9004,587,17,4,1,109
9005,588,17,4,1,95
9006,589,17,4,1,106
9007,590,17,4,1,137
9008,591,17,4,1,112
9009,592,17,4,1,101
9010,593,17,4,1,99
9011,594,17,4,1,109
9012,595,17,4,1,132
9013,596,17,4,1,81
9014,597,17,4,1,113
9015,598,17,4,1,121
9016,599,17,4,1,130
9017,600,17,4,1,121
9018,601,17,4,1,75
9019,602,17,4,1,121
9020,603,17,4,1,122
9021,604,17,4,1,115
9022,605,17,4,1,116
9023,606,17,4,1,111
22416,70,17,4,1,114
22417,519,17,4,1,116
22418,521,17,4,1,105
22419,522,17,4,1,115
22420,523,17,4,1,107
22421,525,17,4,1,113
22422,526,17,4,1,101
22423,527,17,4,1,89
22424,528,17,4,1,92
22425,529,17,4,1,107
22426,530,17,4,1,113
22427,531,17,4,1,99
22428,532,17,4,1,111
22429,533,17,4,1,76
22430,534,17,4,1,104
22431,535,17,4,1,75
22432,536,17,4,1,91
22433,537,17,4,1,130
22434,538,17,4,1,79
22435,539,17,4,1,117
22436,540,17,4,1,72
22437,541,17,4,1,122
22438,542,17,4,1,60
22439,543,17,4,1,98
22440,544,17,4,1,122
22441,545,17,4,1,96
22442,546,17,4,1,88
22443,547,17,4,1,84
22444,548,17,4,1,66
22445,549,17,4,1,101
22446,550,17,4,1,76
22447,551,17,4,1,126
22448,552,17,4,1,124
22449,553,17,4,1,128
22450,554,17,4,1,89
22451,555,17,4,1,89
22452,556,17,4,1,82
22453,557,17,4,1,102
22454,558,17,4,1,51
22455,559,17,4,1,121
22456,560,17,4,1,113
22457,561,17,4,1,96
22458,562,17,4,1,108
22459,563,17,4,1,122
22460,564,17,4,1,105
22461,565,17,4,1,89
22462,566,17,4,1,100
22463,567,17,4,1,108
22464,568,17,4,1,107
22465,569,17,4,1,127
22466,570,17,4,1,113
22467,571,17,4,1,109
22468,572,17,4,1,121
22469,573,17,4,1,106
22470,574,17,4,1,134
22471,575,17,4,1,94
22472,576,17,4,1,91
22473,577,17,4,1,110
22474,578,17,4,1,124
22475,85,17,4,1,136
22476,579,17,4,1,80
22477,580,17,4,1,101
22478,581,17,4,1,107
22479,582,17,4,1,95
22480,583,17,4,1,121
22481,584,17,4,1,112
22482,585,17,4,1,85
22483,586,17,4,1,98
22484,587,17,4,1,109
22485,588,17,4,1,90
22486,589,17,4,1,96
22487,590,17,4,1,134
22488,591,17,4,1,98
22489,592,17,4,1,101
22490,593,17,4,1,98
22491,594,17,4,1,84
22492,595,17,4,1,132
22493,596,17,4,1,81
22494,597,17,4,1,82
22495,598,17,4,1,114
22496,599,17,4,1,130
22497,600,17,4,1,121
22498,601,17,4,1,75
22499,602,17,4,1,121
22500,603,17,4,1,122
22501,604,17,4,1,115
22502,605,17,4,1,116
22503,606,17,4,1,111
10331,70,17,4,2,143
10332,514,17,4,2,81
10333,515,17,4,2,71
10334,516,17,4,2,163
10335,517,17,4,2,81
10336,518,17,4,2,65
10337,519,17,4,2,81
10338,520,17,4,2,65
10339,521,17,4,2,115
10340,522,17,4,2,94
10341,523,17,4,2,80
10342,524,17,4,2,70
10343,525,17,4,2,124
10344,526,17,4,2,80
10345,527,17,4,2,88
10346,528,17,4,2,78
10347,529,17,4,2,81
10348,530,17,4,2,82
10349,531,17,4,2,78
10350,532,17,4,2,123
10351,533,17,4,2,296
10352,534,17,4,2,154
10353,535,17,4,2,84
10354,536,17,4,2,66
10355,537,17,4,2,69
10356,538,17,4,2,60
10357,539,17,4,2,103
10358,540,17,4,2,112
10359,541,17,4,2,127
10360,542,17,4,2,124
10361,543,17,4,2,65
10362,544,17,4,2,111
10363,545,17,4,2,179
10364,546,17,4,2,74
10365,547,17,4,2,64
10366,548,17,4,2,118
10367,549,17,4,2,99
10368,550,17,4,2,56
10369,551,17,4,2,84
10370,552,17,4,2,116
10371,553,17,4,2,68
10372,554,17,4,2,54
10373,555,17,4,2,68
10374,556,17,4,2,58
10375,557,17,4,2,257
10376,558,17,4,2,47
10377,559,17,4,2,71
10378,560,17,4,2,64
10379,561,17,4,2,81
10380,562,17,4,2,97
10381,563,17,4,2,77
10382,564,17,4,2,72
10383,565,17,4,2,67
10384,566,17,4,2,70
10385,567,17,4,2,101
10386,568,17,4,2,232
10387,569,17,4,2,325
10388,570,17,4,2,187
10389,571,17,4,2,84
10390,572,17,4,2,69
10391,573,17,4,2,181
10392,574,17,4,2,111
10393,575,17,4,2,113
10394,576,17,4,2,148
10395,577,17,4,2,69
10396,578,17,4,2,63
10397,85,17,4,2,284
10398,579,17,4,2,111
10399,580,17,4,2,78
10400,581,17,4,2,72
10401,582,17,4,2,104
10402,583,17,4,2,78
10403,584,17,4,2,139
10404,585,17,4,2,59
10405,586,17,4,2,84
10406,587,17,4,2,98
10407,588,17,4,2,68
10408,589,17,4,2,79
10409,590,17,4,2,107
10410,591,17,4,2,72
10411,592,17,4,2,70
10412,593,17,4,2,80
10413,594,17,4,2,68
10414,595,17,4,2,118
10415,596,17,4,2,76
10416,597,17,4,2,111
10417,598,17,4,2,155
10418,599,17,4,2,93
10419,600,17,4,2,184
10420,601,17,4,2,78
10421,602,17,4,2,91
10422,603,17,4,2,79
10423,604,17,4,2,85
10424,605,17,4,2,83
10425,606,17,4,2,76
26271,70,17,4,2,128
26272,519,17,4,2,78
26273,521,17,4,2,108
26274,522,17,4,2,88
26275,523,17,4,2,77
26276,525,17,4,2,105
26277,526,17,4,2,79
26278,527,17,4,2,76
26279,528,17,4,2,75
26280,529,17,4,2,84
26281,530,17,4,2,83
26282,531,17,4,2,76
26283,532,17,4,2,86
26284,533,17,4,2,163
26285,534,17,4,2,112
26286,535,17,4,2,67
26287,536,17,4,2,65
26288,537,17,4,2,69
26289,538,17,4,2,60
26290,539,17,4,2,82
26291,540,17,4,2,91
26292,541,17,4,2,127
26293,542,17,4,2,68
26294,543,17,4,2,62
26295,544,17,4,2,81
26296,545,17,4,2,179
26297,546,17,4,2,92
26298,547,17,4,2,64
26299,548,17,4,2,118
26300,549,17,4,2,99
26301,550,17,4,2,56
26302,551,17,4,2,84
26303,552,17,4,2,116
26304,553,17,4,2,68
26305,554,17,4,2,54
26306,555,17,4,2,63
26307,556,17,4,2,58
26308,557,17,4,2,257
26309,558,17,4,2,71
26310,559,17,4,2,71
26311,560,17,4,2,64
26312,561,17,4,2,81
26313,562,17,4,2,97
26314,563,17,4,2,77
26315,564,17,4,2,74
26316,565,17,4,2,60
26317,566,17,4,2,66
26318,567,17,4,2,82
26319,568,17,4,2,159
26320,569,17,4,2,325
26321,570,17,4,2,162
26322,571,17,4,2,84
26323,572,17,4,2,69
26324,573,17,4,2,181
26325,574,17,4,2,111
26326,575,17,4,2,98
26327,576,17,4,2,148
26328,577,17,4,2,69
26329,578,17,4,2,63
26330,85,17,4,2,284
26331,579,17,4,2,104
26332,580,17,4,2,78
26333,581,17,4,2,72
26334,582,17,4,2,76
26335,583,17,4,2,78
26336,584,17,4,2,128
26337,585,17,4,2,76
26338,586,17,4,2,84
26339,587,17,4,2,98
26340,588,17,4,2,81
26341,589,17,4,2,72
26342,590,17,4,2,98
26343,591,17,4,2,112
26344,592,17,4,2,70
26345,593,17,4,2,76
26346,594,17,4,2,78
26347,595,17,4,2,118
26348,596,17,4,2,77
26349,597,17,4,2,79
26350,598,17,4,2,144
26351,599,17,4,2,93
26352,600,17,4,2,184
26353,601,17,4,2,78
26354,602,17,4,2,91
26355,603,17,4,2,79
26356,604,17,4,2,85
26357,605,17,4,2,83
26358,606,17,4,2,76
6125,70,17,3,2,121
6126,514,17,3,2,91
6127,515,17,3,2,100
6128,516,17,3,2,130
6129,517,17,3,2,86
6130,518,17,3,2,93
6131,519,17,3,2,93
6132,520,17,3,2,95
6133,521,17,3,2,97
6134,522,17,3,2,99
6135,523,17,3,2,92
6136,524,17,3,2,93
6137,525,17,3,2,112
6138,526,17,3,2,95
6139,527,17,3,2,101
6140,528,17,3,2,84
6141,529,17,3,2,97
6142,530,17,3,2,100
6143,531,17,3,2,88
6144,532,17,3,2,91
6145,533,17,3,2,236
6146,534,17,3,2,126
6147,535,17,3,2,99
6148,536,17,3,2,94
6149,537,17,3,2,96
6150,538,17,3,2,80
6151,539,17,3,2,93
6152,540,17,3,2,76
6153,541,17,3,2,122
6154,542,17,3,2,86
6155,543,17,3,2,86
6156,544,17,3,2,108
6157,545,17,3,2,222
6158,546,17,3,2,91
6159,547,17,3,2,76
6160,548,17,3,2,71
6161,549,17,3,2,80
6162,550,17,3,2,79
6163,551,17,3,2,87
6164,552,17,3,2,87
6165,553,17,3,2,93
6166,554,17,3,2,76
6167,555,17,3,2,85
6168,556,17,3,2,77
6169,557,17,3,2,74
6170,558,17,3,2,66
6171,559,17,3,2,96
6172,560,17,3,2,88
6173,561,17,3,2,83
6174,562,17,3,2,83
6175,563,17,3,2,94
6176,564,17,3,2,94
6177,565,17,3,2,91
6178,566,17,3,2,91
6179,567,17,3,2,90
6180,568,17,3,2,118
6181,569,17,3,2,405
6182,570,17,3,2,127
6183,571,17,3,2,91
6184,572,17,3,2,93
6185,573,17,3,2,333
6186,574,17,3,2,92
6187,575,17,3,2,116
6188,576,17,3,2,80
6189,577,17,3,2,92
6190,578,17,3,2,92
6191,85,17,3,2,259
6192,579,17,3,2,133
6193,580,17,3,2,98
6194,581,17,3,2,94
6195,582,17,3,2,94
6196,583,17,3,2,94
6197,584,17,3,2,111
6198,585,17,3,2,90
6199,586,17,3,2,95
6200,587,17,3,2,86
6201,588,17,3,2,89
6202,589,17,3,2,89
6203,590,17,3,2,93
6204,591,17,3,2,98
6205,592,17,3,2,79
6206,593,17,3,2,102
6207,594,17,3,2,89
6208,595,17,3,2,95
6209,596,17,3,2,82
6210,597,17,3,2,87
6211,598,17,3,2,89
6212,599,17,3,2,93
6213,600,17,3,2,91
6214,601,17,3,2,91
6215,602,17,3,2,96
6216,603,17,3,2,96
6217,604,17,3,2,97
6218,605,17,3,2,104
6219,606,17,3,2,81
24986,70,17,3,2,114
24987,519,17,3,2,91
24988,521,17,3,2,96
24989,522,17,3,2,97
24990,523,17,3,2,91
24991,525,17,3,2,100
24992,526,17,3,2,91
24993,527,17,3,2,86
24994,528,17,3,2,82
24995,529,17,3,2,104
24996,530,17,3,2,94
24997,531,17,3,2,83
24998,532,17,3,2,88
24999,533,17,3,2,144
25000,534,17,3,2,97
25001,535,17,3,2,76
25002,536,17,3,2,80
25003,537,17,3,2,96
25004,538,17,3,2,80
25005,539,17,3,2,91
25006,540,17,3,2,73
25007,541,17,3,2,122
25008,542,17,3,2,70
25009,543,17,3,2,82
25010,544,17,3,2,94
25011,545,17,3,2,222
25012,546,17,3,2,91
25013,547,17,3,2,76
25014,548,17,3,2,71
25015,549,17,3,2,80
25016,550,17,3,2,79
25017,551,17,3,2,87
25018,552,17,3,2,87
25019,553,17,3,2,93
25020,554,17,3,2,76
25021,555,17,3,2,80
25022,556,17,3,2,77
25023,557,17,3,2,74
25024,558,17,3,2,64
25025,559,17,3,2,96
25026,560,17,3,2,88
25027,561,17,3,2,83
25028,562,17,3,2,83
25029,563,17,3,2,94
25030,564,17,3,2,89
25031,565,17,3,2,80
25032,566,17,3,2,87
25033,567,17,3,2,83
25034,568,17,3,2,99
25035,569,17,3,2,405
25036,570,17,3,2,128
25037,571,17,3,2,91
25038,572,17,3,2,93
25039,573,17,3,2,333
25040,574,17,3,2,92
25041,575,17,3,2,99
25042,576,17,3,2,80
25043,577,17,3,2,92
25044,578,17,3,2,92
25045,85,17,3,2,259
25046,579,17,3,2,109
25047,580,17,3,2,98
25048,581,17,3,2,94
25049,582,17,3,2,78
25050,583,17,3,2,94
25051,584,17,3,2,103
25052,585,17,3,2,89
25053,586,17,3,2,95
25054,587,17,3,2,86
25055,588,17,3,2,101
25056,589,17,3,2,86
25057,590,17,3,2,92
25058,591,17,3,2,133
25059,592,17,3,2,79
25060,593,17,3,2,93
25061,594,17,3,2,83
25062,595,17,3,2,95
25063,596,17,3,2,81
25064,597,17,3,2,79
25065,598,17,3,2,123
25066,599,17,3,2,93
25067,600,17,3,2,91
25068,601,17,3,2,91
25069,602,17,3,2,96
25070,603,17,3,2,96
25071,604,17,3,2,97
25072,605,17,3,2,104
25073,606,17,3,2,81
7527,70,17,3,1,119
7528,514,17,3,1,119
7529,515,17,3,1,140
7530,516,17,3,1,120
7531,517,17,3,1,80
7532,518,17,3,1,124
7533,519,17,3,1,129
7534,520,17,3,1,127
7535,521,17,3,1,109
7536,522,17,3,1,120
7537,523,17,3,1,108
7538,524,17,3,1,124
7539,525,17,3,1,126
7540,526,17,3,1,111
7541,527,17,3,1,114
7542,528,17,3,1,91
7543,529,17,3,1,125
7544,530,17,3,1,128
7545,531,17,3,1,107
7546,532,17,3,1,134
7547,533,17,3,1,89
7548,534,17,3,1,129
7549,535,17,3,1,125
7550,536,17,3,1,135
7551,537,17,3,1,141
7552,538,17,3,1,79
7553,539,17,3,1,129
7554,540,17,3,1,56
7555,541,17,3,1,119
7556,542,17,3,1,30
7557,543,17,3,1,115
7558,544,17,3,1,143
7559,545,17,3,1,109
7560,546,17,3,1,106
7561,547,17,3,1,82
7562,548,17,3,1,58
7563,549,17,3,1,91
7564,550,17,3,1,81
7565,551,17,3,1,130
7566,552,17,3,1,120
7567,553,17,3,1,129
7568,554,17,3,1,90
7569,555,17,3,1,111
7570,556,17,3,1,87
7571,557,17,3,1,53
7572,558,17,3,1,50
7573,559,17,3,1,131
7574,560,17,3,1,117
7575,561,17,3,1,94
7576,562,17,3,1,97
7577,563,17,3,1,130
7578,564,17,3,1,125
7579,565,17,3,1,131
7580,566,17,3,1,110
7581,567,17,3,1,126
7582,568,17,3,1,120
7583,569,17,3,1,143
7584,570,17,3,1,126
7585,571,17,3,1,106
7586,572,17,3,1,134
7587,573,17,3,1,137
7588,574,17,3,1,118
7589,575,17,3,1,119
7590,576,17,3,1,72
7591,577,17,3,1,120
7592,578,17,3,1,139
7593,85,17,3,1,132
7594,579,17,3,1,102
7595,580,17,3,1,101
7596,581,17,3,1,111
7597,582,17,3,1,132
7598,583,17,3,1,127
7599,584,17,3,1,124
7600,585,17,3,1,119
7601,586,17,3,1,98
7602,587,17,3,1,111
7603,588,17,3,1,105
7604,589,17,3,1,111
7605,590,17,3,1,137
7606,591,17,3,1,121
7607,592,17,3,1,99
7608,593,17,3,1,107
7609,594,17,3,1,119
7610,595,17,3,1,127
7611,596,17,3,1,74
7612,597,17,3,1,113
7613,598,17,3,1,110
7614,599,17,3,1,127
7615,600,17,3,1,110
7616,601,17,3,1,82
7617,602,17,3,1,132
7618,603,17,3,1,123
7619,604,17,3,1,97
7620,605,17,3,1,106
7621,606,17,3,1,95
23701,70,17,3,1,115
23702,519,17,3,1,122
23703,521,17,3,1,103
23704,522,17,3,1,119
23705,523,17,3,1,108
23706,525,17,3,1,113
23707,526,17,3,1,104
23708,527,17,3,1,88
23709,528,17,3,1,88
23710,529,17,3,1,113
23711,530,17,3,1,108
23712,531,17,3,1,93
23713,532,17,3,1,114
23714,533,17,3,1,69
23715,534,17,3,1,104
23716,535,17,3,1,75
23717,536,17,3,1,91
23718,537,17,3,1,141
23719,538,17,3,1,79
23720,539,17,3,1,124
23721,540,17,3,1,52
23722,541,17,3,1,119
23723,542,17,3,1,45
23724,543,17,3,1,106
23725,544,17,3,1,127
23726,545,17,3,1,109
23727,546,17,3,1,89
23728,547,17,3,1,82
23729,548,17,3,1,58
23730,549,17,3,1,91
23731,550,17,3,1,81
23732,551,17,3,1,130
23733,552,17,3,1,120
23734,553,17,3,1,129
23735,554,17,3,1,90
23736,555,17,3,1,97
23737,556,17,3,1,87
23738,557,17,3,1,53
23739,558,17,3,1,50
23740,559,17,3,1,131
23741,560,17,3,1,117
23742,561,17,3,1,94
23743,562,17,3,1,97
23744,563,17,3,1,130
23745,564,17,3,1,114
23746,565,17,3,1,101
23747,566,17,3,1,106
23748,567,17,3,1,100
23749,568,17,3,1,103
23750,569,17,3,1,143
23751,570,17,3,1,102
23752,571,17,3,1,106
23753,572,17,3,1,134
23754,573,17,3,1,137
23755,574,17,3,1,118
23756,575,17,3,1,100
23757,576,17,3,1,72
23758,577,17,3,1,120
23759,578,17,3,1,139
23760,85,17,3,1,132
23761,579,17,3,1,82
23762,580,17,3,1,101
23763,581,17,3,1,111
23764,582,17,3,1,95
23765,583,17,3,1,127
23766,584,17,3,1,114
23767,585,17,3,1,87
23768,586,17,3,1,98
23769,587,17,3,1,111
23770,588,17,3,1,96
23771,589,17,3,1,99
23772,590,17,3,1,137
23773,591,17,3,1,100
23774,592,17,3,1,99
23775,593,17,3,1,103
23776,594,17,3,1,84
23777,595,17,3,1,127
23778,596,17,3,1,70
23779,597,17,3,1,83
23780,598,17,3,1,105
23781,599,17,3,1,127
23782,600,17,3,1,110
23783,601,17,3,1,82
23784,602,17,3,1,132
23785,603,17,3,1,123
23786,604,17,3,1,97
23787,605,17,3,1,106
23788,606,17,3,1,95
7340,330,13,3,1,145
7341,331,13,3,1,151
7342,332,13,3,1,147
7343,333,13,3,1,144
7344,334,13,3,1,145
7345,335,13,3,1,139
7346,336,13,3,1,133
7347,337,13,3,1,162
7348,338,13,3,1,148
7349,339,13,3,1,134
7350,340,13,3,1,118
7351,341,13,3,1,125
7352,342,13,3,1,122
7353,343,13,3,1,121
7354,344,13,3,1,107
7355,345,13,3,1,112
7356,346,13,3,1,103
7357,347,13,3,1,101
7358,348,13,3,1,100
7359,349,13,3,1,81
7360,350,13,3,1,95
7361,351,13,3,1,134
7362,352,13,3,1,118
7363,353,13,3,1,102
7364,354,13,3,1,122
7365,355,13,3,1,111
7366,356,13,3,1,127
7367,357,13,3,1,111
7368,358,13,3,1,94
7369,359,13,3,1,120
7370,360,13,3,1,96
7371,361,13,3,1,126
7372,362,13,3,1,124
7373,363,13,3,1,99
7374,364,13,3,1,119
7375,365,13,3,1,106
7376,366,13,3,1,105
7377,367,13,3,1,107
7378,368,13,3,1,97
7379,369,13,3,1,119
7380,370,13,3,1,121
7381,371,13,3,1,92
7382,372,13,3,1,122
7383,373,13,3,1,117
7384,374,13,3,1,88
7385,375,13,3,1,98
7386,376,13,3,1,100
7387,377,13,3,1,98
7388,378,13,3,1,120
7389,379,13,3,1,95
7390,380,13,3,1,97
7391,381,13,3,1,134
7392,382,13,3,1,80
7393,383,13,3,1,135
7394,384,13,3,1,141
7395,385,13,3,1,133
7396,386,13,3,1,70
7397,387,13,3,1,111
7398,388,13,3,1,88
7399,389,13,3,1,110
7400,390,13,3,1,61
7401,391,13,3,1,106
7402,392,13,3,1,128
7403,393,13,3,1,78
7404,394,13,3,1,82
7405,395,13,3,1,94
7406,396,13,3,1,104
7407,397,13,3,1,85
7408,129,13,3,1,85
7409,398,13,3,1,102
7410,399,13,3,1,104
7411,400,13,3,1,95
7412,401,13,3,1,126
7413,402,13,3,1,125
7414,403,13,3,1,99
7415,404,13,3,1,109
7416,405,13,3,1,124
7417,113,13,3,1,134
7418,406,13,3,1,114
7419,407,13,3,1,124
7420,408,13,3,1,121
7421,409,13,3,1,108
7422,410,13,3,1,110
7423,411,13,3,1,102
7424,412,13,3,1,108
7425,413,13,3,1,103
7426,414,13,3,1,100
7427,415,13,3,1,96
7428,416,13,3,1,119
7429,417,13,3,1,55
7430,418,13,3,1,122
7431,419,13,3,1,121
7432,116,13,3,1,90
7433,420,13,3,1,71
7434,421,13,3,1,106
7435,422,13,3,1,90
7436,423,13,3,1,55
7437,424,13,3,1,122
23540,330,13,3,1,142
23541,335,13,3,1,136
23542,340,13,3,1,106
23543,341,13,3,1,110
23544,344,13,3,1,104
23545,345,13,3,1,101
23546,348,13,3,1,99
23547,1394,13,3,1,80
23548,351,13,3,1,129
23549,352,13,3,1,98
23550,353,13,3,1,94
23551,354,13,3,1,119
23552,355,13,3,1,99
23553,356,13,3,1,122
23554,357,13,3,1,102
23555,359,13,3,1,111
23556,360,13,3,1,92
23557,361,13,3,1,123
23558,362,13,3,1,119
23559,363,13,3,1,95
23560,364,13,3,1,114
23561,366,13,3,1,81
23562,367,13,3,1,100
23563,368,13,3,1,91
23564,369,13,3,1,105
23565,370,13,3,1,109
23566,371,13,3,1,83
23567,372,13,3,1,115
23568,373,13,3,1,113
23569,374,13,3,1,87
23570,375,13,3,1,98
23571,376,13,3,1,82
23572,377,13,3,1,89
23573,378,13,3,1,111
23574,379,13,3,1,82
23575,380,13,3,1,89
23576,381,13,3,1,134
23577,382,13,3,1,78
23578,383,13,3,1,135
23579,384,13,3,1,125
23580,385,13,3,1,124
23581,386,13,3,1,83
23582,387,13,3,1,111
23583,388,13,3,1,93
23584,389,13,3,1,109
23585,390,13,3,1,61
23586,391,13,3,1,106
23587,392,13,3,1,125
23588,393,13,3,1,46
23589,394,13,3,1,82
23590,395,13,3,1,94
23591,396,13,3,1,100
23592,397,13,3,1,84
23593,129,13,3,1,87
23594,398,13,3,1,99
23595,399,13,3,1,109
23596,400,13,3,1,95
23597,401,13,3,1,121
23598,402,13,3,1,117
23599,403,13,3,1,95
23600,404,13,3,1,98
23601,405,13,3,1,110
23602,406,13,3,1,114
23603,407,13,3,1,115
23604,408,13,3,1,114
23605,409,13,3,1,94
23606,410,13,3,1,111
23607,411,13,3,1,91
23608,412,13,3,1,96
23609,414,13,3,1,96
23610,415,13,3,1,96
23611,416,13,3,1,117
23612,417,13,3,1,55
23613,418,13,3,1,118
23614,419,13,3,1,86
23615,116,13,3,1,87
23616,420,13,3,1,66
23617,421,13,3,1,96
23618,422,13,3,1,89
23619,423,13,3,1,61
23620,424,13,3,1,123
5938,330,13,3,2,148
5939,331,13,3,2,145
5940,332,13,3,2,141
5941,333,13,3,2,156
5942,334,13,3,2,143
5943,335,13,3,2,139
5944,336,13,3,2,142
5945,337,13,3,2,158
5946,338,13,3,2,169
5947,339,13,3,2,132
5948,340,13,3,2,105
5949,341,13,3,2,118
5950,342,13,3,2,114
5951,343,13,3,2,115
5952,344,13,3,2,108
5953,345,13,3,2,119
5954,346,13,3,2,122
5955,347,13,3,2,115
5956,348,13,3,2,94
5957,349,13,3,2,88
5958,350,13,3,2,89
5959,351,13,3,2,122
5960,352,13,3,2,112
5961,353,13,3,2,92
5962,354,13,3,2,109
5963,355,13,3,2,92
5964,356,13,3,2,114
5965,357,13,3,2,104
5966,358,13,3,2,91
5967,359,13,3,2,117
5968,360,13,3,2,99
5969,361,13,3,2,117
5970,362,13,3,2,94
5971,363,13,3,2,96
5972,364,13,3,2,113
5973,365,13,3,2,105
5974,366,13,3,2,108
5975,367,13,3,2,88
5976,368,13,3,2,98
5977,369,13,3,2,107
5978,370,13,3,2,121
5979,371,13,3,2,97
5980,372,13,3,2,125
5981,373,13,3,2,120
5982,374,13,3,2,93
5983,375,13,3,2,104
5984,376,13,3,2,80
5985,377,13,3,2,90
5986,378,13,3,2,104
5987,379,13,3,2,81
5988,380,13,3,2,99
5989,381,13,3,2,133
5990,382,13,3,2,78
5991,383,13,3,2,129
5992,384,13,3,2,148
5993,385,13,3,2,127
5994,386,13,3,2,74
5995,387,13,3,2,129
5996,388,13,3,2,84
5997,389,13,3,2,107
5998,390,13,3,2,60
5999,391,13,3,2,106
6000,392,13,3,2,115
6001,393,13,3,2,88
6002,394,13,3,2,74
6003,395,13,3,2,105
6004,396,13,3,2,107
6005,397,13,3,2,80
6006,129,13,3,2,76
6007,398,13,3,2,93
6008,399,13,3,2,96
6009,400,13,3,2,90
6010,401,13,3,2,113
6011,402,13,3,2,116
6012,403,13,3,2,85
6013,404,13,3,2,102
6014,405,13,3,2,110
6015,113,13,3,2,104
6016,406,13,3,2,94
6017,407,13,3,2,115
6018,408,13,3,2,115
6019,409,13,3,2,92
6020,410,13,3,2,113
6021,411,13,3,2,99
6022,412,13,3,2,108
6023,413,13,3,2,113
6024,414,13,3,2,111
6025,415,13,3,2,92
6026,416,13,3,2,119
6027,417,13,3,2,55
6028,418,13,3,2,104
6029,419,13,3,2,127
6030,116,13,3,2,89
6031,420,13,3,2,67
6032,421,13,3,2,108
6033,422,13,3,2,86
6034,423,13,3,2,72
6035,424,13,3,2,121
24825,330,13,3,2,146
24826,335,13,3,2,138
24827,340,13,3,2,97
24828,341,13,3,2,108
24829,344,13,3,2,106
24830,345,13,3,2,111
24831,348,13,3,2,95
24832,1394,13,3,2,85
24833,351,13,3,2,121
24834,352,13,3,2,95
24835,353,13,3,2,88
24836,354,13,3,2,111
24837,355,13,3,2,80
24838,356,13,3,2,112
24839,357,13,3,2,103
24840,359,13,3,2,114
24841,360,13,3,2,94
24842,361,13,3,2,113
24843,362,13,3,2,92
24844,363,13,3,2,93
24845,364,13,3,2,111
24846,366,13,3,2,80
24847,367,13,3,2,81
24848,368,13,3,2,96
24849,369,13,3,2,97
24850,370,13,3,2,108
24851,371,13,3,2,89
24852,372,13,3,2,120
24853,373,13,3,2,116
24854,374,13,3,2,93
24855,375,13,3,2,104
24856,376,13,3,2,64
24857,377,13,3,2,81
24858,378,13,3,2,104
24859,379,13,3,2,71
24860,380,13,3,2,91
24861,381,13,3,2,133
24862,382,13,3,2,74
24863,383,13,3,2,134
24864,384,13,3,2,128
24865,385,13,3,2,124
24866,386,13,3,2,86
24867,387,13,3,2,129
24868,388,13,3,2,92
24869,389,13,3,2,107
24870,390,13,3,2,60
24871,391,13,3,2,106
24872,392,13,3,2,112
24873,393,13,3,2,50
24874,394,13,3,2,74
24875,395,13,3,2,105
24876,396,13,3,2,104
24877,397,13,3,2,81
24878,129,13,3,2,81
24879,398,13,3,2,91
24880,399,13,3,2,97
24881,400,13,3,2,92
24882,401,13,3,2,109
24883,402,13,3,2,114
24884,403,13,3,2,84
24885,404,13,3,2,93
24886,405,13,3,2,103
24887,406,13,3,2,92
24888,407,13,3,2,107
24889,408,13,3,2,109
24890,409,13,3,2,87
24891,410,13,3,2,112
24892,411,13,3,2,90
24893,412,13,3,2,96
24894,414,13,3,2,105
24895,415,13,3,2,91
24896,416,13,3,2,117
24897,417,13,3,2,55
24898,418,13,3,2,104
24899,419,13,3,2,88
24900,116,13,3,2,87
24901,420,13,3,2,63
24902,421,13,3,2,97
24903,422,13,3,2,86
24904,423,13,3,2,78
24905,424,13,3,2,123
8742,330,13,4,1,131
8743,331,13,4,1,143
8744,332,13,4,1,144
8745,333,13,4,1,123
8746,334,13,4,1,149
8747,335,13,4,1,117
8748,336,13,4,1,112
8749,337,13,4,1,134
8750,338,13,4,1,126
8751,339,13,4,1,130
8752,340,13,4,1,120
8753,341,13,4,1,125
8754,342,13,4,1,132
8755,343,13,4,1,114
8756,344,13,4,1,120
8757,345,13,4,1,112
8758,346,13,4,1,98
8759,347,13,4,1,92
8760,348,13,4,1,106
8761,349,13,4,1,110
8762,350,13,4,1,106
8763,351,13,4,1,123
8764,352,13,4,1,98
8765,353,13,4,1,104
8766,354,13,4,1,117
8767,355,13,4,1,123
8768,356,13,4,1,122
8769,357,13,4,1,113
8770,358,13,4,1,108
8771,359,13,4,1,109
8772,360,13,4,1,113
8773,361,13,4,1,124
8774,362,13,4,1,121
8775,363,13,4,1,97
8776,364,13,4,1,114
8777,365,13,4,1,118
8778,366,13,4,1,108
8779,367,13,4,1,115
8780,368,13,4,1,108
8781,369,13,4,1,126
8782,370,13,4,1,117
8783,371,13,4,1,105
8784,372,13,4,1,105
8785,373,13,4,1,119
8786,374,13,4,1,88
8787,375,13,4,1,105
8788,376,13,4,1,110
8789,377,13,4,1,100
8790,378,13,4,1,119
8791,379,13,4,1,105
8792,380,13,4,1,104
8793,381,13,4,1,135
8794,382,13,4,1,100
8795,383,13,4,1,129
8796,384,13,4,1,139
8797,385,13,4,1,123
8798,386,13,4,1,70
8799,387,13,4,1,98
8800,388,13,4,1,105
8801,389,13,4,1,110
8802,390,13,4,1,89
8803,391,13,4,1,105
8804,392,13,4,1,135
8805,393,13,4,1,100
8806,394,13,4,1,95
8807,395,13,4,1,130
8808,396,13,4,1,105
8809,397,13,4,1,101
8810,129,13,4,1,86
8811,398,13,4,1,109
8812,399,13,4,1,110
8813,400,13,4,1,118
8814,401,13,4,1,122
8815,402,13,4,1,112
8816,403,13,4,1,107
8817,404,13,4,1,113
8818,405,13,4,1,125
8819,113,13,4,1,122
8820,406,13,4,1,111
8821,407,13,4,1,120
8822,408,13,4,1,110
8823,409,13,4,1,113
8824,410,13,4,1,112
8825,411,13,4,1,121
8826,412,13,4,1,119
8827,413,13,4,1,95
8828,414,13,4,1,86
8829,415,13,4,1,109
8830,416,13,4,1,119
8831,417,13,4,1,73
8832,418,13,4,1,110
8833,419,13,4,1,97
8834,116,13,4,1,101
8835,420,13,4,1,77
8836,421,13,4,1,125
8837,422,13,4,1,109
8838,423,13,4,1,75
8839,424,13,4,1,109
10144,330,13,4,2,137
10145,331,13,4,2,144
10146,332,13,4,2,150
10147,333,13,4,2,135
10148,334,13,4,2,157
10149,335,13,4,2,125
10150,336,13,4,2,128
10151,337,13,4,2,134
10152,338,13,4,2,147
10153,339,13,4,2,137
10154,340,13,4,2,111
10155,341,13,4,2,123
10156,342,13,4,2,127
10157,343,13,4,2,105
10158,344,13,4,2,116
10159,345,13,4,2,108
10160,346,13,4,2,98
10161,347,13,4,2,90
10162,348,13,4,2,106
10163,349,13,4,2,99
10164,350,13,4,2,88
10165,351,13,4,2,115
10166,352,13,4,2,91
10167,353,13,4,2,105
10168,354,13,4,2,109
10169,355,13,4,2,102
10170,356,13,4,2,106
10171,357,13,4,2,98
10172,358,13,4,2,106
10173,359,13,4,2,103
10174,360,13,4,2,111
10175,361,13,4,2,115
10176,362,13,4,2,107
10177,363,13,4,2,90
10178,364,13,4,2,108
10179,365,13,4,2,114
10180,366,13,4,2,100
10181,367,13,4,2,97
10182,368,13,4,2,89
10183,369,13,4,2,119
10184,370,13,4,2,117
10185,371,13,4,2,101
10186,372,13,4,2,111
10187,373,13,4,2,121
10188,374,13,4,2,89
10189,375,13,4,2,105
10190,376,13,4,2,87
10191,377,13,4,2,100
10192,378,13,4,2,109
10193,379,13,4,2,96
10194,380,13,4,2,97
10195,381,13,4,2,137
10196,382,13,4,2,97
10197,383,13,4,2,131
10198,384,13,4,2,150
10199,385,13,4,2,111
10200,386,13,4,2,72
10201,387,13,4,2,102
10202,388,13,4,2,93
10203,389,13,4,2,103
10204,390,13,4,2,88
10205,391,13,4,2,111
10206,392,13,4,2,131
10207,393,13,4,2,83
10208,394,13,4,2,94
10209,395,13,4,2,121
10210,396,13,4,2,104
10211,397,13,4,2,98
10212,129,13,4,2,83
10213,398,13,4,2,102
10214,399,13,4,2,104
10215,400,13,4,2,123
10216,401,13,4,2,115
10217,402,13,4,2,107
10218,403,13,4,2,96
10219,404,13,4,2,107
10220,405,13,4,2,121
10221,113,13,4,2,95
10222,406,13,4,2,95
10223,407,13,4,2,102
10224,408,13,4,2,114
10225,409,13,4,2,105
10226,410,13,4,2,107
10227,411,13,4,2,121
10228,412,13,4,2,113
10229,413,13,4,2,93
10230,414,13,4,2,87
10231,415,13,4,2,111
10232,416,13,4,2,123
10233,417,13,4,2,71
10234,418,13,4,2,103
10235,419,13,4,2,97
10236,116,13,4,2,97
10237,420,13,4,2,73
10238,421,13,4,2,118
10239,422,13,4,2,105
10240,423,13,4,2,68
10241,424,13,4,2,118
22255,330,13,4,1,131
22256,335,13,4,1,117
22257,340,13,4,1,114
22258,341,13,4,1,117
22259,344,13,4,1,116
22260,345,13,4,1,101
22261,348,13,4,1,110
22262,1394,13,4,1,106
22263,351,13,4,1,119
22264,352,13,4,1,83
22265,353,13,4,1,105
22266,354,13,4,1,114
22267,355,13,4,1,111
22268,356,13,4,1,119
22269,357,13,4,1,104
22270,359,13,4,1,109
22271,360,13,4,1,112
22272,361,13,4,1,123
22273,362,13,4,1,119
22274,363,13,4,1,95
22275,364,13,4,1,110
22276,366,13,4,1,94
22277,367,13,4,1,112
22278,368,13,4,1,106
22279,369,13,4,1,115
22280,370,13,4,1,109
22281,371,13,4,1,94
22282,372,13,4,1,102
22283,373,13,4,1,117
22284,374,13,4,1,87
22285,375,13,4,1,105
22286,376,13,4,1,95
22287,377,13,4,1,100
22288,378,13,4,1,114
22289,379,13,4,1,110
22290,380,13,4,1,100
22291,381,13,4,1,135
22292,382,13,4,1,95
22293,383,13,4,1,132
22294,384,13,4,1,127
22295,385,13,4,1,122
22296,386,13,4,1,80
22297,387,13,4,1,98
22298,388,13,4,1,99
22299,389,13,4,1,108
22300,390,13,4,1,89
22301,391,13,4,1,105
22302,392,13,4,1,123
22303,393,13,4,1,65
22304,394,13,4,1,95
22305,395,13,4,1,130
22306,396,13,4,1,104
22307,397,13,4,1,98
22308,129,13,4,1,86
22309,398,13,4,1,109
22310,399,13,4,1,116
22311,400,13,4,1,120
22312,401,13,4,1,119
22313,402,13,4,1,108
22314,403,13,4,1,104
22315,404,13,4,1,103
22316,405,13,4,1,110
22317,406,13,4,1,112
22318,407,13,4,1,122
22319,408,13,4,1,91
22320,409,13,4,1,106
22321,410,13,4,1,113
22322,411,13,4,1,114
22323,412,13,4,1,108
22324,414,13,4,1,85
22325,415,13,4,1,103
22326,416,13,4,1,111
22327,417,13,4,1,73
22328,418,13,4,1,104
22329,419,13,4,1,76
22330,116,13,4,1,102
22331,420,13,4,1,73
22332,421,13,4,1,118
22333,422,13,4,1,109
22334,423,13,4,1,80
22335,424,13,4,1,105
26110,330,13,4,2,137
26111,335,13,4,2,126
26112,340,13,4,2,106
26113,341,13,4,2,115
26114,344,13,4,2,112
26115,345,13,4,2,99
26116,348,13,4,2,111
26117,1394,13,4,2,92
26118,351,13,4,2,113
26119,352,13,4,2,79
26120,353,13,4,2,107
26121,354,13,4,2,107
26122,355,13,4,2,92
26123,356,13,4,2,105
26124,357,13,4,2,97
26125,359,13,4,2,110
26126,360,13,4,2,110
26127,361,13,4,2,114
26128,362,13,4,2,107
26129,363,13,4,2,89
26130,364,13,4,2,107
26131,366,13,4,2,91
26132,367,13,4,2,95
26133,368,13,4,2,88
26134,369,13,4,2,112
26135,370,13,4,2,109
26136,371,13,4,2,92
26137,372,13,4,2,106
26138,373,13,4,2,120
26139,374,13,4,2,88
26140,375,13,4,2,105
26141,376,13,4,2,74
26142,377,13,4,2,100
26143,378,13,4,2,109
26144,379,13,4,2,107
26145,380,13,4,2,98
26146,381,13,4,2,137
26147,382,13,4,2,101
26148,383,13,4,2,137
26149,384,13,4,2,137
26150,385,13,4,2,115
26151,386,13,4,2,82
26152,387,13,4,2,102
26153,388,13,4,2,88
26154,389,13,4,2,102
26155,390,13,4,2,88
26156,391,13,4,2,111
26157,392,13,4,2,115
26158,393,13,4,2,51
26159,394,13,4,2,94
26160,395,13,4,2,121
26161,396,13,4,2,104
26162,397,13,4,2,96
26163,129,13,4,2,84
26164,398,13,4,2,102
26165,399,13,4,2,110
26166,400,13,4,2,125
26167,401,13,4,2,113
26168,402,13,4,2,105
26169,403,13,4,2,94
26170,404,13,4,2,98
26171,405,13,4,2,107
26172,406,13,4,2,92
26173,407,13,4,2,106
26174,408,13,4,2,93
26175,409,13,4,2,103
26176,410,13,4,2,105
26177,411,13,4,2,115
26178,412,13,4,2,103
26179,414,13,4,2,87
26180,415,13,4,2,104
26181,416,13,4,2,114
26182,417,13,4,2,71
26183,418,13,4,2,98
26184,419,13,4,2,74
26185,116,13,4,2,99
26186,420,13,4,2,70
26187,421,13,4,2,113
26188,422,13,4,2,107
26189,423,13,4,2,74
26190,424,13,4,2,114
12948,330,13,5,2,131
12949,331,13,5,2,137
12950,332,13,5,2,142
12951,333,13,5,2,131
12952,334,13,5,2,149
12953,335,13,5,2,122
12954,336,13,5,2,119
12955,337,13,5,2,125
12956,338,13,5,2,139
12957,339,13,5,2,126
12958,340,13,5,2,112
12959,341,13,5,2,122
12960,342,13,5,2,126
12961,343,13,5,2,100
12962,344,13,5,2,114
12963,345,13,5,2,112
12964,346,13,5,2,103
12965,347,13,5,2,95
12966,348,13,5,2,103
12967,349,13,5,2,94
12968,350,13,5,2,94
12969,351,13,5,2,113
12970,352,13,5,2,89
12971,353,13,5,2,102
12972,354,13,5,2,117
12973,355,13,5,2,117
12974,356,13,5,2,114
12975,357,13,5,2,104
12976,358,13,5,2,109
12977,359,13,5,2,105
12978,360,13,5,2,114
12979,361,13,5,2,137
12980,362,13,5,2,119
12981,363,13,5,2,99
12982,364,13,5,2,110
12983,365,13,5,2,110
12984,366,13,5,2,108
12985,367,13,5,2,115
12986,368,13,5,2,105
12987,369,13,5,2,126
12988,370,13,5,2,116
12989,371,13,5,2,110
12990,372,13,5,2,105
12991,373,13,5,2,124
12992,374,13,5,2,89
12993,375,13,5,2,105
12994,376,13,5,2,90
12995,377,13,5,2,113
12996,378,13,5,2,113
12997,379,13,5,2,123
12998,380,13,5,2,101
12999,381,13,5,2,93
13000,382,13,5,2,106
13001,383,13,5,2,123
13002,384,13,5,2,135
13003,385,13,5,2,118
13004,386,13,5,2,66
13005,387,13,5,2,105
13006,388,13,5,2,102
13007,389,13,5,2,100
13008,390,13,5,2,94
13009,391,13,5,2,98
13010,392,13,5,2,134
13011,393,13,5,2,86
13012,394,13,5,2,104
13013,395,13,5,2,110
13014,396,13,5,2,108
13015,397,13,5,2,93
13016,129,13,5,2,82
13017,398,13,5,2,114
13018,399,13,5,2,111
13019,400,13,5,2,124
13020,401,13,5,2,107
13021,402,13,5,2,103
13022,403,13,5,2,106
13023,404,13,5,2,118
13024,405,13,5,2,125
13025,113,13,5,2,98
13026,406,13,5,2,79
13027,407,13,5,2,110
13028,408,13,5,2,118
13029,409,13,5,2,119
13030,410,13,5,2,109
13031,411,13,5,2,124
13032,412,13,5,2,106
13033,413,13,5,2,99
13034,414,13,5,2,85
13035,415,13,5,2,106
13036,416,13,5,2,118
13037,417,13,5,2,87
13038,418,13,5,2,127
13039,419,13,5,2,87
13040,116,13,5,2,96
13041,420,13,5,2,71
13042,421,13,5,2,112
13043,422,13,5,2,110
13044,423,13,5,2,66
13045,424,13,5,2,133
27395,330,13,5,2,131
27396,335,13,5,2,122
27397,340,13,5,2,106
27398,341,13,5,2,116
27399,344,13,5,2,111
27400,345,13,5,2,101
27401,348,13,5,2,106
27402,1394,13,5,2,90
27403,351,13,5,2,114
27404,352,13,5,2,77
27405,353,13,5,2,111
27406,354,13,5,2,114
27407,355,13,5,2,107
27408,356,13,5,2,112
27409,357,13,5,2,105
27410,359,13,5,2,108
27411,360,13,5,2,115
27412,361,13,5,2,129
27413,362,13,5,2,119
27414,363,13,5,2,96
27415,364,13,5,2,106
27416,366,13,5,2,98
27417,367,13,5,2,112
27418,368,13,5,2,101
27419,369,13,5,2,122
27420,370,13,5,2,110
27421,371,13,5,2,101
27422,372,13,5,2,102
27423,373,13,5,2,126
27424,374,13,5,2,89
27425,375,13,5,2,105
27426,376,13,5,2,83
27427,377,13,5,2,106
27428,378,13,5,2,116
27429,379,13,5,2,117
27430,380,13,5,2,100
27431,381,13,5,2,93
27432,382,13,5,2,104
27433,383,13,5,2,125
27434,384,13,5,2,130
27435,385,13,5,2,118
27436,386,13,5,2,74
27437,387,13,5,2,105
27438,388,13,5,2,95
27439,389,13,5,2,99
27440,390,13,5,2,94
27441,391,13,5,2,98
27442,392,13,5,2,118
27443,393,13,5,2,53
27444,394,13,5,2,104
27445,395,13,5,2,110
27446,396,13,5,2,108
27447,397,13,5,2,94
27448,129,13,5,2,83
27449,398,13,5,2,114
27450,399,13,5,2,122
27451,400,13,5,2,125
27452,401,13,5,2,106
27453,402,13,5,2,104
27454,403,13,5,2,105
27455,404,13,5,2,108
27456,405,13,5,2,107
27457,406,13,5,2,86
27458,407,13,5,2,110
27459,408,13,5,2,106
27460,409,13,5,2,116
27461,410,13,5,2,106
27462,411,13,5,2,113
27463,412,13,5,2,99
27464,414,13,5,2,86
27465,415,13,5,2,98
27466,416,13,5,2,113
27467,417,13,5,2,87
27468,418,13,5,2,123
27469,419,13,5,2,71
27470,116,13,5,2,98
27471,420,13,5,2,72
27472,421,13,5,2,107
27473,422,13,5,2,110
27474,423,13,5,2,70
27475,424,13,5,2,131
11546,330,13,5,1,128
11547,331,13,5,1,135
11548,332,13,5,1,139
11549,333,13,5,1,127
11550,334,13,5,1,143
11551,335,13,5,1,115
11552,336,13,5,1,105
11553,337,13,5,1,126
11554,338,13,5,1,121
11555,339,13,5,1,122
11556,340,13,5,1,122
11557,341,13,5,1,123
11558,342,13,5,1,130
11559,343,13,5,1,108
11560,344,13,5,1,112
11561,345,13,5,1,116
11562,346,13,5,1,100
11563,347,13,5,1,95
11564,348,13,5,1,105
11565,349,13,5,1,105
11566,350,13,5,1,104
11567,351,13,5,1,123
11568,352,13,5,1,96
11569,353,13,5,1,99
11570,354,13,5,1,116
11571,355,13,5,1,129
11572,356,13,5,1,124
11573,357,13,5,1,113
11574,358,13,5,1,115
11575,359,13,5,1,107
11576,360,13,5,1,114
11577,361,13,5,1,134
11578,362,13,5,1,124
11579,363,13,5,1,101
11580,364,13,5,1,113
11581,365,13,5,1,119
11582,366,13,5,1,110
11583,367,13,5,1,126
11584,368,13,5,1,112
11585,369,13,5,1,124
11586,370,13,5,1,111
11587,371,13,5,1,110
11588,372,13,5,1,108
11589,373,13,5,1,125
11590,374,13,5,1,90
11591,375,13,5,1,106
11592,376,13,5,1,111
11593,377,13,5,1,115
11594,378,13,5,1,120
11595,379,13,5,1,115
11596,380,13,5,1,106
11597,381,13,5,1,98
11598,382,13,5,1,110
11599,383,13,5,1,118
11600,384,13,5,1,126
11601,385,13,5,1,122
11602,386,13,5,1,64
11603,387,13,5,1,103
11604,388,13,5,1,110
11605,389,13,5,1,103
11606,390,13,5,1,94
11607,391,13,5,1,101
11608,392,13,5,1,131
11609,393,13,5,1,103
11610,394,13,5,1,107
11611,395,13,5,1,121
11612,396,13,5,1,108
11613,397,13,5,1,97
11614,129,13,5,1,87
11615,398,13,5,1,120
11616,399,13,5,1,111
11617,400,13,5,1,117
11618,401,13,5,1,116
11619,402,13,5,1,114
11620,403,13,5,1,111
11621,404,13,5,1,122
11622,405,13,5,1,129
11623,113,13,5,1,126
11624,406,13,5,1,98
11625,407,13,5,1,122
11626,408,13,5,1,113
11627,409,13,5,1,118
11628,410,13,5,1,110
11629,411,13,5,1,123
11630,412,13,5,1,118
11631,413,13,5,1,99
11632,414,13,5,1,84
11633,415,13,5,1,108
11634,416,13,5,1,113
11635,417,13,5,1,89
11636,418,13,5,1,121
11637,419,13,5,1,90
11638,116,13,5,1,100
11639,420,13,5,1,75
11640,421,13,5,1,118
11641,422,13,5,1,111
11642,423,13,5,1,74
11643,424,13,5,1,123
20970,330,13,5,1,127
20971,335,13,5,1,115
20972,340,13,5,1,114
20973,341,13,5,1,117
20974,344,13,5,1,109
20975,345,13,5,1,102
20976,348,13,5,1,106
20977,1394,13,5,1,102
20978,351,13,5,1,120
20979,352,13,5,1,83
20980,353,13,5,1,109
20981,354,13,5,1,113
20982,355,13,5,1,116
20983,356,13,5,1,120
20984,357,13,5,1,108
20985,359,13,5,1,106
20986,360,13,5,1,114
20987,361,13,5,1,125
20988,362,13,5,1,123
20989,363,13,5,1,99
20990,364,13,5,1,108
20991,366,13,5,1,99
20992,367,13,5,1,123
20993,368,13,5,1,109
20994,369,13,5,1,119
20995,370,13,5,1,106
20996,371,13,5,1,102
20997,372,13,5,1,105
20998,373,13,5,1,126
20999,374,13,5,1,90
21000,375,13,5,1,106
21001,376,13,5,1,102
21002,377,13,5,1,109
21003,378,13,5,1,120
21004,379,13,5,1,110
21005,380,13,5,1,103
21006,381,13,5,1,98
21007,382,13,5,1,104
21008,383,13,5,1,120
21009,384,13,5,1,121
21010,385,13,5,1,119
21011,386,13,5,1,74
21012,387,13,5,1,103
21013,388,13,5,1,103
21014,389,13,5,1,102
21015,390,13,5,1,94
21016,391,13,5,1,101
21017,392,13,5,1,119
21018,393,13,5,1,68
21019,394,13,5,1,107
21020,395,13,5,1,121
21021,396,13,5,1,107
21022,397,13,5,1,96
21023,129,13,5,1,87
21024,398,13,5,1,119
21025,399,13,5,1,121
21026,400,13,5,1,119
21027,401,13,5,1,114
21028,402,13,5,1,111
21029,403,13,5,1,108
21030,404,13,5,1,111
21031,405,13,5,1,113
21032,406,13,5,1,110
21033,407,13,5,1,122
21034,408,13,5,1,99
21035,409,13,5,1,113
21036,410,13,5,1,109
21037,411,13,5,1,111
21038,412,13,5,1,107
21039,414,13,5,1,86
21040,415,13,5,1,100
21041,416,13,5,1,109
21042,417,13,5,1,89
21043,418,13,5,1,116
21044,419,13,5,1,76
21045,116,13,5,1,100
21046,420,13,5,1,75
21047,421,13,5,1,110
21048,422,13,5,1,111
21049,423,13,5,1,77
21050,424,13,5,1,123
121,113,13,1,1,133
125,116,13,1,1,104
139,129,13,1,1,73
340,330,13,1,1,149
341,331,13,1,1,162
342,332,13,1,1,173
343,333,13,1,1,178
344,334,13,1,1,162
345,335,13,1,1,131
346,336,13,1,1,137
347,337,13,1,1,158
348,338,13,1,1,168
349,339,13,1,1,138
350,340,13,1,1,122
351,341,13,1,1,126
352,342,13,1,1,151
353,343,13,1,1,114
354,344,13,1,1,134
355,345,13,1,1,114
356,346,13,1,1,99
357,347,13,1,1,102
358,348,13,1,1,105
359,349,13,1,1,86
360,350,13,1,1,96
361,351,13,1,1,132
362,352,13,1,1,107
363,353,13,1,1,88
364,354,13,1,1,137
365,355,13,1,1,124
366,356,13,1,1,129
367,357,13,1,1,127
368,358,13,1,1,116
369,359,13,1,1,114
370,360,13,1,1,105
371,361,13,1,1,136
372,362,13,1,1,127
373,363,13,1,1,106
374,364,13,1,1,115
375,365,13,1,1,108
376,366,13,1,1,118
377,367,13,1,1,118
378,368,13,1,1,100
379,369,13,1,1,120
380,370,13,1,1,128
381,371,13,1,1,94
382,372,13,1,1,123
383,373,13,1,1,115
384,374,13,1,1,66
385,375,13,1,1,103
386,376,13,1,1,111
387,377,13,1,1,104
388,378,13,1,1,142
389,379,13,1,1,104
390,380,13,1,1,112
391,381,13,1,1,123
392,382,13,1,1,88
393,383,13,1,1,149
395,384,13,1,1,150
396,385,13,1,1,159
397,386,13,1,1,57
398,387,13,1,1,132
399,388,13,1,1,97
400,389,13,1,1,119
402,390,13,1,1,78
403,391,13,1,1,129
404,392,13,1,1,137
405,393,13,1,1,88
406,394,13,1,1,113
407,395,13,1,1,104
408,396,13,1,1,99
409,397,13,1,1,82
410,398,13,1,1,119
411,399,13,1,1,106
412,400,13,1,1,105
413,401,13,1,1,117
414,402,13,1,1,124
416,403,13,1,1,102
417,404,13,1,1,126
418,405,13,1,1,130
419,406,13,1,1,107
420,407,13,1,1,132
421,408,13,1,1,117
422,409,13,1,1,128
423,410,13,1,1,125
424,411,13,1,1,116
425,412,13,1,1,130
426,413,13,1,1,104
427,414,13,1,1,108
428,415,13,1,1,105
429,416,13,1,1,127
430,417,13,1,1,40
431,418,13,1,1,139
432,419,13,1,1,117
433,420,13,1,1,78
434,421,13,1,1,101
435,422,13,1,1,109
436,423,13,1,1,59
437,424,13,1,1,134
19685,330,13,1,1,151
19686,335,13,1,1,132
19687,340,13,1,1,115
19688,341,13,1,1,118
19689,344,13,1,1,129
19690,345,13,1,1,103
19691,348,13,1,1,107
19692,1394,13,1,1,85
19693,351,13,1,1,131
19694,352,13,1,1,93
19695,353,13,1,1,87
19696,354,13,1,1,133
19697,355,13,1,1,112
19698,356,13,1,1,125
19699,357,13,1,1,118
19700,359,13,1,1,113
19701,360,13,1,1,102
19702,361,13,1,1,147
19703,362,13,1,1,126
19704,363,13,1,1,104
19705,364,13,1,1,107
19706,366,13,1,1,92
19707,367,13,1,1,109
19708,368,13,1,1,91
19709,369,13,1,1,112
19710,370,13,1,1,127
19711,371,13,1,1,87
19712,372,13,1,1,119
19713,373,13,1,1,112
19714,374,13,1,1,65
19715,375,13,1,1,103
19716,376,13,1,1,97
19717,377,13,1,1,83
19718,378,13,1,1,131
19719,379,13,1,1,90
19720,380,13,1,1,103
19721,381,13,1,1,123
19722,382,13,1,1,86
19723,383,13,1,1,143
19724,384,13,1,1,140
19725,385,13,1,1,153
19726,386,13,1,1,71
19727,387,13,1,1,132
19728,388,13,1,1,89
19729,389,13,1,1,117
19730,390,13,1,1,78
19731,391,13,1,1,129
19732,392,13,1,1,130
19733,393,13,1,1,50
19734,394,13,1,1,113
19735,395,13,1,1,104
19736,396,13,1,1,97
19737,397,13,1,1,79
19738,129,13,1,1,75
19739,398,13,1,1,118
19740,399,13,1,1,114
19741,400,13,1,1,103
19742,401,13,1,1,112
19743,402,13,1,1,117
19744,403,13,1,1,98
19745,404,13,1,1,107
19746,405,13,1,1,117
19747,406,13,1,1,110
19748,407,13,1,1,128
19749,408,13,1,1,97
19750,409,13,1,1,115
19751,410,13,1,1,121
19752,411,13,1,1,105
19753,412,13,1,1,117
19754,414,13,1,1,100
19755,415,13,1,1,99
19756,416,13,1,1,126
19757,417,13,1,1,40
19758,418,13,1,1,132
19759,419,13,1,1,77
19760,116,13,1,1,105
19761,420,13,1,1,74
19762,421,13,1,1,93
19763,422,13,1,1,108
19764,423,13,1,1,61
19765,424,13,1,1,126
1732,330,13,1,2,153
1733,331,13,1,2,161
1734,332,13,1,2,171
1735,333,13,1,2,201
1736,334,13,1,2,168
1737,335,13,1,2,137
1738,336,13,1,2,152
1739,337,13,1,2,164
1740,338,13,1,2,193
1741,339,13,1,2,142
1742,340,13,1,2,109
1743,341,13,1,2,124
1744,342,13,1,2,140
1745,343,13,1,2,109
1746,344,13,1,2,133
1747,345,13,1,2,117
1748,346,13,1,2,108
1749,347,13,1,2,103
1750,348,13,1,2,98
1751,349,13,1,2,92
1752,350,13,1,2,88
1753,351,13,1,2,124
1754,352,13,1,2,104
1755,353,13,1,2,77
1756,354,13,1,2,110
1757,355,13,1,2,93
1758,356,13,1,2,114
1759,357,13,1,2,122
1760,358,13,1,2,111
1761,359,13,1,2,111
1762,360,13,1,2,109
1763,361,13,1,2,128
1764,362,13,1,2,104
1765,363,13,1,2,103
1766,364,13,1,2,113
1767,365,13,1,2,102
1768,366,13,1,2,108
1769,367,13,1,2,93
1770,368,13,1,2,103
1771,369,13,1,2,109
1772,370,13,1,2,128
1773,371,13,1,2,88
1774,372,13,1,2,126
1775,373,13,1,2,123
1776,374,13,1,2,67
1777,375,13,1,2,106
1778,376,13,1,2,85
1779,377,13,1,2,97
1780,378,13,1,2,127
1781,379,13,1,2,85
1782,380,13,1,2,106
1783,381,13,1,2,135
1784,382,13,1,2,87
1785,383,13,1,2,153
1786,384,13,1,2,160
1787,385,13,1,2,149
1788,386,13,1,2,57
1789,387,13,1,2,133
1790,388,13,1,2,89
1791,389,13,1,2,122
1792,390,13,1,2,78
1793,391,13,1,2,133
1794,392,13,1,2,117
1795,393,13,1,2,98
1796,394,13,1,2,107
1797,395,13,1,2,127
1798,396,13,1,2,101
1799,397,13,1,2,83
1800,129,13,1,2,69
1801,398,13,1,2,116
1802,399,13,1,2,94
1803,400,13,1,2,105
1804,401,13,1,2,111
1805,402,13,1,2,117
1806,403,13,1,2,90
1807,404,13,1,2,120
1808,405,13,1,2,127
1809,113,13,1,2,122
1810,406,13,1,2,90
1811,407,13,1,2,123
1812,408,13,1,2,115
1813,409,13,1,2,114
1814,410,13,1,2,118
1815,411,13,1,2,113
1816,412,13,1,2,129
1817,413,13,1,2,103
1818,414,13,1,2,107
1819,415,13,1,2,103
1820,416,13,1,2,124
1821,417,13,1,2,38
1822,418,13,1,2,118
1823,419,13,1,2,120
1824,116,13,1,2,101
1825,420,13,1,2,67
1826,421,13,1,2,109
1827,422,13,1,2,104
1828,423,13,1,2,69
1829,424,13,1,2,142
28680,330,13,1,2,156
28681,335,13,1,2,139
28682,340,13,1,2,106
28683,341,13,1,2,117
28684,344,13,1,2,130
28685,345,13,1,2,106
28686,348,13,1,2,101
28687,1394,13,1,2,88
28688,351,13,1,2,127
28689,352,13,1,2,88
28690,353,13,1,2,77
28691,354,13,1,2,110
28692,355,13,1,2,83
28693,356,13,1,2,111
28694,357,13,1,2,121
28695,359,13,1,2,119
28696,360,13,1,2,106
28697,361,13,1,2,134
28698,362,13,1,2,104
28699,363,13,1,2,101
28700,364,13,1,2,105
28701,366,13,1,2,82
28702,367,13,1,2,84
28703,368,13,1,2,97
28704,369,13,1,2,104
28705,370,13,1,2,122
28706,371,13,1,2,80
28707,372,13,1,2,127
28708,373,13,1,2,121
28709,374,13,1,2,66
28710,375,13,1,2,106
28711,376,13,1,2,71
28712,377,13,1,2,78
28713,378,13,1,2,122
28714,379,13,1,2,73
28715,380,13,1,2,101
28716,381,13,1,2,135
28717,382,13,1,2,87
28718,383,13,1,2,149
28719,384,13,1,2,148
28720,385,13,1,2,156
28721,386,13,1,2,73
28722,387,13,1,2,133
28723,388,13,1,2,88
28724,389,13,1,2,121
28725,390,13,1,2,78
28726,391,13,1,2,133
28727,392,13,1,2,113
28728,393,13,1,2,49
28729,394,13,1,2,107
28730,395,13,1,2,127
28731,396,13,1,2,101
28732,397,13,1,2,82
28733,129,13,1,2,72
28734,398,13,1,2,115
28735,399,13,1,2,100
28736,400,13,1,2,105
28737,401,13,1,2,106
28738,402,13,1,2,115
28739,403,13,1,2,87
28740,404,13,1,2,101
28741,405,13,1,2,118
28742,406,13,1,2,98
28743,407,13,1,2,121
28744,408,13,1,2,98
28745,409,13,1,2,109
28746,410,13,1,2,119
28747,411,13,1,2,100
28748,412,13,1,2,115
28749,414,13,1,2,99
28750,415,13,1,2,97
28751,416,13,1,2,123
28752,417,13,1,2,38
28753,418,13,1,2,114
28754,419,13,1,2,77
28755,116,13,1,2,103
28756,420,13,1,2,65
28757,421,13,1,2,100
28758,422,13,1,2,107
28759,423,13,1,2,73
28760,424,13,1,2,133
3134,330,13,2,2,139
3135,331,13,2,2,140
3136,332,13,2,2,151
3137,333,13,2,2,150
3138,334,13,2,2,141
3139,335,13,2,2,127
3140,336,13,2,2,132
3141,337,13,2,2,128
3142,338,13,2,2,153
3143,339,13,2,2,131
3144,340,13,2,2,107
3145,341,13,2,2,113
3146,342,13,2,2,101
3147,343,13,2,2,108
3148,344,13,2,2,110
3149,345,13,2,2,113
3150,346,13,2,2,110
3151,347,13,2,2,109
3152,348,13,2,2,101
3153,349,13,2,2,90
3154,350,13,2,2,87
3155,351,13,2,2,113
3156,352,13,2,2,97
3157,353,13,2,2,93
3158,354,13,2,2,107
3159,355,13,2,2,92
3160,356,13,2,2,111
3161,357,13,2,2,94
3162,358,13,2,2,99
3163,359,13,2,2,119
3164,360,13,2,2,97
3165,361,13,2,2,109
3166,362,13,2,2,93
3167,363,13,2,2,94
3168,364,13,2,2,105
3169,365,13,2,2,111
3170,366,13,2,2,102
3171,367,13,2,2,91
3172,368,13,2,2,90
3173,369,13,2,2,109
3174,370,13,2,2,105
3175,371,13,2,2,92
3176,372,13,2,2,113
3177,373,13,2,2,124
3178,374,13,2,2,87
3179,375,13,2,2,107
3180,376,13,2,2,78
3181,377,13,2,2,98
3182,378,13,2,2,106
3183,379,13,2,2,88
3184,380,13,2,2,95
3185,381,13,2,2,134
3186,382,13,2,2,87
3187,383,13,2,2,133
3188,384,13,2,2,144
3189,385,13,2,2,106
3190,386,13,2,2,78
3191,387,13,2,2,107
3192,388,13,2,2,99
3193,389,13,2,2,99
3194,390,13,2,2,81
3195,391,13,2,2,99
3196,392,13,2,2,119
3197,393,13,2,2,88
3198,394,13,2,2,86
3199,395,13,2,2,115
3200,396,13,2,2,110
3201,397,13,2,2,92
3202,129,13,2,2,80
3203,398,13,2,2,97
3204,399,13,2,2,103
3205,400,13,2,2,118
3206,401,13,2,2,111
3207,402,13,2,2,113
3208,403,13,2,2,85
3209,404,13,2,2,108
3210,405,13,2,2,107
3211,113,13,2,2,95
3212,406,13,2,2,91
3213,407,13,2,2,109
3214,408,13,2,2,113
3215,409,13,2,2,101
3216,410,13,2,2,100
3217,411,13,2,2,110
3218,412,13,2,2,102
3219,413,13,2,2,106
3220,414,13,2,2,96
3221,415,13,2,2,97
3222,416,13,2,2,115
3223,417,13,2,2,81
3224,418,13,2,2,105
3225,419,13,2,2,103
3226,116,13,2,2,88
3227,420,13,2,2,68
3228,421,13,2,2,108
3229,422,13,2,2,96
3230,423,13,2,2,77
3231,424,13,2,2,113
29965,330,13,2,2,140
29966,335,13,2,2,127
29967,340,13,2,2,102
29968,341,13,2,2,105
29969,344,13,2,2,108
29970,345,13,2,2,109
29971,348,13,2,2,106
29972,1394,13,2,2,86
29973,351,13,2,2,115
29974,352,13,2,2,86
29975,353,13,2,2,98
29976,354,13,2,2,106
29977,355,13,2,2,82
29978,356,13,2,2,109
29979,357,13,2,2,97
29980,359,13,2,2,120
29981,360,13,2,2,95
29982,361,13,2,2,106
29983,362,13,2,2,93
29984,363,13,2,2,92
29985,364,13,2,2,105
29986,366,13,2,2,85
29987,367,13,2,2,88
29988,368,13,2,2,87
29989,369,13,2,2,101
29990,370,13,2,2,97
29991,371,13,2,2,78
29992,372,13,2,2,107
29993,373,13,2,2,119
29994,374,13,2,2,86
29995,375,13,2,2,107
29996,376,13,2,2,67
29997,377,13,2,2,100
29998,378,13,2,2,110
29999,379,13,2,2,92
30000,380,13,2,2,94
30001,381,13,2,2,134
30002,382,13,2,2,84
30003,383,13,2,2,136
30004,384,13,2,2,132
30005,385,13,2,2,106
30006,386,13,2,2,86
30007,387,13,2,2,107
30008,388,13,2,2,94
30009,389,13,2,2,100
30010,390,13,2,2,81
30011,391,13,2,2,99
30012,392,13,2,2,116
30013,393,13,2,2,57
30014,394,13,2,2,86
30015,395,13,2,2,115
30016,396,13,2,2,110
30017,397,13,2,2,91
30018,129,13,2,2,83
30019,398,13,2,2,98
30020,399,13,2,2,106
30021,400,13,2,2,120
30022,401,13,2,2,112
30023,402,13,2,2,110
30024,403,13,2,2,85
30025,404,13,2,2,103
30026,405,13,2,2,91
30027,406,13,2,2,89
30028,407,13,2,2,107
30029,408,13,2,2,104
30030,409,13,2,2,100
30031,410,13,2,2,99
30032,411,13,2,2,96
30033,412,13,2,2,96
30034,414,13,2,2,94
30035,415,13,2,2,93
30036,416,13,2,2,113
30037,417,13,2,2,81
30038,418,13,2,2,108
30039,419,13,2,2,78
30040,116,13,2,2,86
30041,420,13,2,2,62
30042,421,13,2,2,102
30043,422,13,2,2,93
30044,423,13,2,2,82
30045,424,13,2,2,110
4536,330,13,2,1,135
4537,331,13,2,1,143
4538,332,13,2,1,150
4539,333,13,2,1,135
4540,334,13,2,1,139
4541,335,13,2,1,122
4542,336,13,2,1,116
4543,337,13,2,1,131
4544,338,13,2,1,134
4545,339,13,2,1,125
4546,340,13,2,1,118
4547,341,13,2,1,121
4548,342,13,2,1,119
4549,343,13,2,1,114
4550,344,13,2,1,115
4551,345,13,2,1,109
4552,346,13,2,1,96
4553,347,13,2,1,97
4554,348,13,2,1,104
4555,349,13,2,1,102
4556,350,13,2,1,104
4557,351,13,2,1,122
4558,352,13,2,1,107
4559,353,13,2,1,96
4560,354,13,2,1,116
4561,355,13,2,1,117
4562,356,13,2,1,123
4563,357,13,2,1,108
4564,358,13,2,1,100
4565,359,13,2,1,124
4566,360,13,2,1,102
4567,361,13,2,1,114
4568,362,13,2,1,118
4569,363,13,2,1,101
4570,364,13,2,1,112
4571,365,13,2,1,112
4572,366,13,2,1,106
4573,367,13,2,1,109
4574,368,13,2,1,106
4575,369,13,2,1,120
4576,370,13,2,1,110
4577,371,13,2,1,93
4578,372,13,2,1,110
4579,373,13,2,1,120
4580,374,13,2,1,83
4581,375,13,2,1,106
4582,376,13,2,1,97
4583,377,13,2,1,102
4584,378,13,2,1,115
4585,379,13,2,1,99
4586,380,13,2,1,100
4587,381,13,2,1,134
4588,382,13,2,1,88
4589,383,13,2,1,133
4590,384,13,2,1,137
4591,385,13,2,1,117
4592,386,13,2,1,73
4593,387,13,2,1,99
4594,388,13,2,1,103
4595,389,13,2,1,99
4596,390,13,2,1,76
4597,391,13,2,1,98
4598,392,13,2,1,129
4599,393,13,2,1,97
4600,394,13,2,1,93
4601,395,13,2,1,111
4602,396,13,2,1,109
4603,397,13,2,1,96
4604,129,13,2,1,87
4605,398,13,2,1,105
4606,399,13,2,1,109
4607,400,13,2,1,116
4608,401,13,2,1,119
4609,402,13,2,1,118
4610,403,13,2,1,98
4611,404,13,2,1,114
4612,405,13,2,1,118
4613,113,13,2,1,118
4614,406,13,2,1,109
4615,407,13,2,1,121
4616,408,13,2,1,114
4617,409,13,2,1,109
4618,410,13,2,1,110
4619,411,13,2,1,116
4620,412,13,2,1,108
4621,413,13,2,1,98
4622,414,13,2,1,88
4623,415,13,2,1,95
4624,416,13,2,1,116
4625,417,13,2,1,78
4626,418,13,2,1,120
4627,419,13,2,1,100
4628,116,13,2,1,103
4629,420,13,2,1,71
4630,421,13,2,1,110
4631,422,13,2,1,96
4632,423,13,2,1,78
4633,424,13,2,1,110
17115,330,13,2,1,134
17116,335,13,2,1,121
17117,340,13,2,1,110
17118,341,13,2,1,111
17119,344,13,2,1,111
17120,345,13,2,1,101
17121,348,13,2,1,106
17122,1394,13,2,1,98
17123,351,13,2,1,121
17124,352,13,2,1,92
17125,353,13,2,1,100
17126,354,13,2,1,114
17127,355,13,2,1,104
17128,356,13,2,1,119
17129,357,13,2,1,102
17130,359,13,2,1,116
17131,360,13,2,1,100
17132,361,13,2,1,114
17133,362,13,2,1,116
17134,363,13,2,1,98
17135,364,13,2,1,109
17136,366,13,2,1,91
17137,367,13,2,1,105
17138,368,13,2,1,101
17139,369,13,2,1,109
17140,370,13,2,1,102
17141,371,13,2,1,80
17142,372,13,2,1,103
17143,373,13,2,1,117
17144,374,13,2,1,82
17145,375,13,2,1,106
17146,376,13,2,1,85
17147,377,13,2,1,103
17148,378,13,2,1,112
17149,379,13,2,1,103
17150,380,13,2,1,95
17151,381,13,2,1,134
17152,382,13,2,1,83
17153,383,13,2,1,132
17154,384,13,2,1,127
17155,385,13,2,1,110
17156,386,13,2,1,84
17157,387,13,2,1,99
17158,388,13,2,1,97
17159,389,13,2,1,99
17160,390,13,2,1,76
17161,391,13,2,1,98
17162,392,13,2,1,125
17163,393,13,2,1,68
17164,394,13,2,1,93
17165,395,13,2,1,111
17166,396,13,2,1,107
17167,397,13,2,1,93
17168,129,13,2,1,87
17169,398,13,2,1,105
17170,399,13,2,1,112
17171,400,13,2,1,117
17172,401,13,2,1,119
17173,402,13,2,1,113
17174,403,13,2,1,97
17175,404,13,2,1,105
17176,405,13,2,1,98
17177,406,13,2,1,109
17178,407,13,2,1,115
17179,408,13,2,1,108
17180,409,13,2,1,101
17181,410,13,2,1,109
17182,411,13,2,1,100
17183,412,13,2,1,101
17184,414,13,2,1,86
17185,415,13,2,1,89
17186,416,13,2,1,114
17187,417,13,2,1,78
17188,418,13,2,1,118
17189,419,13,2,1,78
17190,116,13,2,1,98
17191,420,13,2,1,65
17192,421,13,2,1,101
17193,422,13,2,1,94
17194,423,13,2,1,82
17195,424,13,2,1,107
14350,330,13,6,1,125
14351,331,13,6,1,136
14352,332,13,6,1,140
14353,333,13,6,1,137
14354,334,13,6,1,147
14355,335,13,6,1,115
14356,336,13,6,1,107
14357,337,13,6,1,128
14358,338,13,6,1,124
14359,339,13,6,1,121
14360,340,13,6,1,119
14361,341,13,6,1,117
14362,342,13,6,1,130
14363,343,13,6,1,118
14364,344,13,6,1,113
14365,345,13,6,1,110
14366,346,13,6,1,99
14367,347,13,6,1,93
14368,348,13,6,1,100
14369,349,13,6,1,102
14370,350,13,6,1,94
14371,351,13,6,1,124
14372,352,13,6,1,95
14373,353,13,6,1,101
14374,354,13,6,1,126
14375,355,13,6,1,121
14376,356,13,6,1,126
14377,357,13,6,1,118
14378,358,13,6,1,119
14379,359,13,6,1,111
14380,360,13,6,1,117
14381,361,13,6,1,131
14382,362,13,6,1,125
14383,363,13,6,1,104
14384,364,13,6,1,110
14385,365,13,6,1,112
14386,366,13,6,1,111
14387,367,13,6,1,124
14388,368,13,6,1,109
14389,369,13,6,1,122
14390,370,13,6,1,112
14391,371,13,6,1,101
14392,372,13,6,1,105
14393,373,13,6,1,115
14394,374,13,6,1,91
14395,375,13,6,1,108
14396,376,13,6,1,113
14397,377,13,6,1,120
14398,378,13,6,1,120
14399,379,13,6,1,119
14400,380,13,6,1,119
14401,381,13,6,1,92
14402,382,13,6,1,107
14403,383,13,6,1,125
14404,384,13,6,1,118
14405,385,13,6,1,116
14406,386,13,6,1,71
14407,387,13,6,1,97
14408,388,13,6,1,101
14409,389,13,6,1,115
14410,390,13,6,1,97
14411,391,13,6,1,100
14412,392,13,6,1,115
14413,393,13,6,1,107
14414,394,13,6,1,107
14415,395,13,6,1,111
14416,396,13,6,1,107
14417,397,13,6,1,94
14418,129,13,6,1,97
14419,398,13,6,1,121
14420,399,13,6,1,110
14421,400,13,6,1,110
14422,401,13,6,1,119
14423,402,13,6,1,115
14424,403,13,6,1,110
14425,404,13,6,1,121
14426,405,13,6,1,134
14427,113,13,6,1,128
14428,406,13,6,1,105
14429,407,13,6,1,118
14430,408,13,6,1,104
14431,409,13,6,1,122
14432,410,13,6,1,107
14433,411,13,6,1,117
14434,412,13,6,1,109
14435,413,13,6,1,98
14436,414,13,6,1,89
14437,415,13,6,1,103
14438,416,13,6,1,119
14439,417,13,6,1,83
14440,418,13,6,1,126
14441,419,13,6,1,90
14442,116,13,6,1,102
14443,420,13,6,1,73
14444,421,13,6,1,106
14445,422,13,6,1,115
14446,423,13,6,1,76
14447,424,13,6,1,110
18400,330,13,6,1,125
18401,335,13,6,1,115
18402,340,13,6,1,111
18403,341,13,6,1,114
18404,344,13,6,1,111
18405,345,13,6,1,100
18406,348,13,6,1,101
18407,1394,13,6,1,98
18408,351,13,6,1,122
18409,352,13,6,1,85
18410,353,13,6,1,107
18411,354,13,6,1,123
18412,355,13,6,1,113
18413,356,13,6,1,123
18414,357,13,6,1,107
18415,359,13,6,1,110
18416,360,13,6,1,118
18417,361,13,6,1,133
18418,362,13,6,1,125
18419,363,13,6,1,104
18420,364,13,6,1,105
18421,366,13,6,1,104
18422,367,13,6,1,121
18423,368,13,6,1,105
18424,369,13,6,1,115
18425,370,13,6,1,107
18426,371,13,6,1,95
18427,372,13,6,1,102
18428,373,13,6,1,116
18429,374,13,6,1,91
18430,375,13,6,1,108
18431,376,13,6,1,104
18432,377,13,6,1,114
18433,378,13,6,1,116
18434,379,13,6,1,111
18435,380,13,6,1,113
18436,381,13,6,1,92
18437,382,13,6,1,101
18438,383,13,6,1,127
18439,384,13,6,1,114
18440,385,13,6,1,111
18441,386,13,6,1,80
18442,387,13,6,1,97
18443,388,13,6,1,107
18444,389,13,6,1,114
18445,390,13,6,1,97
18446,391,13,6,1,100
18447,392,13,6,1,106
18448,393,13,6,1,69
18449,394,13,6,1,107
18450,395,13,6,1,111
18451,396,13,6,1,107
18452,397,13,6,1,94
18453,129,13,6,1,96
18454,398,13,6,1,120
18455,399,13,6,1,114
18456,400,13,6,1,108
18457,401,13,6,1,115
18458,402,13,6,1,112
18459,403,13,6,1,106
18460,404,13,6,1,113
18461,405,13,6,1,115
18462,406,13,6,1,112
18463,407,13,6,1,120
18464,408,13,6,1,96
18465,409,13,6,1,118
18466,410,13,6,1,107
18467,411,13,6,1,103
18468,412,13,6,1,103
18469,414,13,6,1,89
18470,415,13,6,1,96
18471,416,13,6,1,116
18472,417,13,6,1,83
18473,418,13,6,1,123
18474,419,13,6,1,74
18475,116,13,6,1,103
18476,420,13,6,1,72
18477,421,13,6,1,101
18478,422,13,6,1,118
18479,423,13,6,1,76
18480,424,13,6,1,111
15752,330,13,6,2,126
15753,331,13,6,2,135
15754,332,13,6,2,144
15755,333,13,6,2,142
15756,334,13,6,2,152
15757,335,13,6,2,119
15758,336,13,6,2,120
15759,337,13,6,2,125
15760,338,13,6,2,135
15761,339,13,6,2,126
15762,340,13,6,2,113
15763,341,13,6,2,114
15764,342,13,6,2,121
15765,343,13,6,2,113
15766,344,13,6,2,115
15767,345,13,6,2,108
15768,346,13,6,2,101
15769,347,13,6,2,93
15770,348,13,6,2,102
15771,349,13,6,2,88
15772,350,13,6,2,82
15773,351,13,6,2,116
15774,352,13,6,2,81
15775,353,13,6,2,108
15776,354,13,6,2,134
15777,355,13,6,2,113
15778,356,13,6,2,122
15779,357,13,6,2,116
15780,358,13,6,2,116
15781,359,13,6,2,109
15782,360,13,6,2,121
15783,361,13,6,2,131
15784,362,13,6,2,129
15785,363,13,6,2,105
15786,364,13,6,2,111
15787,365,13,6,2,112
15788,366,13,6,2,116
15789,367,13,6,2,120
15790,368,13,6,2,101
15791,369,13,6,2,130
15792,370,13,6,2,119
15793,371,13,6,2,108
15794,372,13,6,2,110
15795,373,13,6,2,113
15796,374,13,6,2,89
15797,375,13,6,2,106
15798,376,13,6,2,101
15799,377,13,6,2,118
15800,378,13,6,2,102
15801,379,13,6,2,131
15802,380,13,6,2,116
15803,381,13,6,2,90
15804,382,13,6,2,106
15805,383,13,6,2,125
15806,384,13,6,2,128
15807,385,13,6,2,108
15808,386,13,6,2,75
15809,387,13,6,2,106
15810,388,13,6,2,94
15811,389,13,6,2,103
15812,390,13,6,2,95
15813,391,13,6,2,92
15814,392,13,6,2,121
15815,393,13,6,2,88
15816,394,13,6,2,105
15817,395,13,6,2,101
15818,396,13,6,2,111
15819,397,13,6,2,93
15820,129,13,6,2,92
15821,398,13,6,2,119
15822,399,13,6,2,116
15823,400,13,6,2,118
15824,401,13,6,2,111
15825,402,13,6,2,110
15826,403,13,6,2,107
15827,404,13,6,2,123
15828,405,13,6,2,127
15829,113,13,6,2,108
15830,406,13,6,2,91
15831,407,13,6,2,111
15832,408,13,6,2,111
15833,409,13,6,2,127
15834,410,13,6,2,110
15835,411,13,6,2,122
15836,412,13,6,2,97
15837,413,13,6,2,98
15838,414,13,6,2,87
15839,415,13,6,2,109
15840,416,13,6,2,120
15841,417,13,6,2,80
15842,418,13,6,2,125
15843,419,13,6,2,86
15844,116,13,6,2,95
15845,420,13,6,2,71
15846,421,13,6,2,104
15847,422,13,6,2,112
15848,423,13,6,2,71
15849,424,13,6,2,121
31250,330,13,6,2,127
31251,335,13,6,2,120
31252,340,13,6,2,105
31253,341,13,6,2,113
31254,344,13,6,2,112
31255,345,13,6,2,98
31256,348,13,6,2,105
31257,1394,13,6,2,84
31258,351,13,6,2,117
31259,352,13,6,2,73
31260,353,13,6,2,113
31261,354,13,6,2,130
31262,355,13,6,2,105
31263,356,13,6,2,120
31264,357,13,6,2,108
31265,359,13,6,2,115
31266,360,13,6,2,122
31267,361,13,6,2,132
31268,362,13,6,2,129
31269,363,13,6,2,104
31270,364,13,6,2,107
31271,366,13,6,2,107
31272,367,13,6,2,117
31273,368,13,6,2,97
31274,369,13,6,2,125
31275,370,13,6,2,112
31276,371,13,6,2,101
31277,372,13,6,2,107
31278,373,13,6,2,114
31279,374,13,6,2,90
31280,375,13,6,2,106
31281,376,13,6,2,92
31282,377,13,6,2,111
31283,378,13,6,2,102
31284,379,13,6,2,121
31285,380,13,6,2,111
31286,381,13,6,2,90
31287,382,13,6,2,104
31288,383,13,6,2,129
31289,384,13,6,2,123
31290,385,13,6,2,108
31291,386,13,6,2,81
31292,387,13,6,2,106
31293,388,13,6,2,99
31294,389,13,6,2,102
31295,390,13,6,2,95
31296,391,13,6,2,92
31297,392,13,6,2,110
31298,393,13,6,2,56
31299,394,13,6,2,105
31300,395,13,6,2,101
31301,396,13,6,2,111
31302,397,13,6,2,94
31303,129,13,6,2,92
31304,398,13,6,2,119
31305,399,13,6,2,121
31306,400,13,6,2,115
31307,401,13,6,2,109
31308,402,13,6,2,108
31309,403,13,6,2,105
31310,404,13,6,2,115
31311,405,13,6,2,110
31312,406,13,6,2,95
31313,407,13,6,2,111
31314,408,13,6,2,103
31315,409,13,6,2,124
31316,410,13,6,2,108
31317,411,13,6,2,107
31318,412,13,6,2,93
31319,414,13,6,2,87
31320,415,13,6,2,100
31321,416,13,6,2,118
31322,417,13,6,2,80
31323,418,13,6,2,122
31324,419,13,6,2,68
31325,116,13,6,2,97
31326,420,13,6,2,71
31327,421,13,6,2,100
31328,422,13,6,2,116
31329,423,13,6,2,72
31330,424,13,6,2,119
16094,667,23,6,2,155
16095,668,23,6,2,138
16096,669,23,6,2,161
16097,670,23,6,2,119
16098,671,23,6,2,200
16099,672,23,6,2,173
16100,673,23,6,2,146
16101,674,23,6,2,175
16102,675,23,6,2,122
16103,676,23,6,2,191
16104,677,23,6,2,152
16105,678,23,6,2,173
16106,679,23,6,2,164
16107,680,23,6,2,167
16108,681,23,6,2,141
16109,682,23,6,2,155
16110,683,23,6,2,164
16111,684,23,6,2,135
16112,685,23,6,2,139
16113,686,23,6,2,142
16114,687,23,6,2,157
16115,688,23,6,2,195
16116,689,23,6,2,144
16117,690,23,6,2,131
16118,691,23,6,2,154
16119,692,23,6,2,135
16120,693,23,6,2,148
16121,694,23,6,2,151
16122,695,23,6,2,104
16123,696,23,6,2,170
16124,697,23,6,2,156
16125,698,23,6,2,159
16126,699,23,6,2,148
16127,700,23,6,2,143
16128,701,23,6,2,168
16129,702,23,6,2,157
16130,703,23,6,2,128
16131,704,23,6,2,168
16132,705,23,6,2,119
16133,706,23,6,2,136
16134,707,23,6,2,172
16135,708,23,6,2,102
16136,709,23,6,2,127
16137,710,23,6,2,113
16138,711,23,6,2,136
16139,712,23,6,2,126
16140,713,23,6,2,116
16141,714,23,6,2,150
16142,715,23,6,2,91
16143,716,23,6,2,171
16144,717,23,6,2,149
16145,718,23,6,2,163
16146,719,23,6,2,153
16147,720,23,6,2,134
16148,721,23,6,2,135
16149,722,23,6,2,90
16150,723,23,6,2,147
16151,724,23,6,2,154
16152,725,23,6,2,172
16153,726,23,6,2,134
16154,727,23,6,2,107
16155,728,23,6,2,159
16156,729,23,6,2,71
16157,730,23,6,2,157
16158,731,23,6,2,137
16159,732,23,6,2,176
16160,733,23,6,2,95
16161,734,23,6,2,159
16162,735,23,6,2,125
16163,736,23,6,2,132
16164,737,23,6,2,94
16165,738,23,6,2,149
16166,739,23,6,2,158
16167,740,23,6,2,122
16168,741,23,6,2,127
16169,742,23,6,2,138
16170,743,23,6,2,110
16171,744,23,6,2,148
16172,745,23,6,2,130
16173,746,23,6,2,89
16174,747,23,6,2,115
16175,748,23,6,2,161
16176,749,23,6,2,158
16177,750,23,6,2,144
16178,751,23,6,2,109
16179,752,23,6,2,131
31559,667,23,6,2,125
31560,669,23,6,2,140
31561,670,23,6,2,111
31562,671,23,6,2,151
31563,672,23,6,2,143
31564,674,23,6,2,152
31565,675,23,6,2,94
31566,676,23,6,2,154
31567,679,23,6,2,125
31568,680,23,6,2,136
31569,681,23,6,2,116
31570,682,23,6,2,121
31571,683,23,6,2,120
31572,684,23,6,2,119
31573,685,23,6,2,128
31574,686,23,6,2,115
31575,687,23,6,2,115
31576,688,23,6,2,177
31577,689,23,6,2,125
31578,690,23,6,2,110
31579,691,23,6,2,111
31580,692,23,6,2,105
31581,693,23,6,2,102
31582,694,23,6,2,137
31583,695,23,6,2,86
31584,696,23,6,2,133
31585,697,23,6,2,125
31586,698,23,6,2,116
31587,699,23,6,2,125
31588,700,23,6,2,135
31589,701,23,6,2,117
31590,702,23,6,2,105
31591,703,23,6,2,92
31592,704,23,6,2,109
31593,705,23,6,2,71
31594,706,23,6,2,102
31595,707,23,6,2,172
31596,708,23,6,2,96
31597,709,23,6,2,86
31598,710,23,6,2,76
31599,711,23,6,2,118
31600,712,23,6,2,84
31601,713,23,6,2,84
31602,714,23,6,2,104
31603,715,23,6,2,84
31604,716,23,6,2,124
31605,717,23,6,2,116
31606,718,23,6,2,156
31607,719,23,6,2,134
31608,720,23,6,2,87
31609,721,23,6,2,98
31610,722,23,6,2,59
31611,723,23,6,2,147
31612,724,23,6,2,150
31613,725,23,6,2,172
31614,726,23,6,2,124
31615,727,23,6,2,107
31616,728,23,6,2,151
31617,729,23,6,2,75
31618,730,23,6,2,148
31619,731,23,6,2,108
31620,732,23,6,2,121
31621,733,23,6,2,82
31622,734,23,6,2,124
31623,735,23,6,2,119
31624,736,23,6,2,119
31625,737,23,6,2,87
31626,738,23,6,2,130
31627,739,23,6,2,121
31628,740,23,6,2,104
31629,741,23,6,2,99
31630,742,23,6,2,103
31631,743,23,6,2,88
31632,744,23,6,2,126
31633,745,23,6,2,89
31634,746,23,6,2,73
31635,747,23,6,2,100
31636,748,23,6,2,118
31637,749,23,6,2,137
31638,750,23,6,2,133
31639,751,23,6,2,109
31640,752,23,6,2,111
14692,667,23,6,1,143
14693,668,23,6,1,118
14694,669,23,6,1,143
14695,670,23,6,1,118
14696,671,23,6,1,185
14697,672,23,6,1,168
14698,673,23,6,1,150
14699,674,23,6,1,159
14700,675,23,6,1,120
14701,676,23,6,1,172
14702,677,23,6,1,148
14703,678,23,6,1,161
14704,679,23,6,1,157
14705,680,23,6,1,161
14706,681,23,6,1,138
14707,682,23,6,1,145
14708,683,23,6,1,163
14709,684,23,6,1,127
14710,685,23,6,1,132
14711,686,23,6,1,134
14712,687,23,6,1,159
14713,688,23,6,1,174
14714,689,23,6,1,139
14715,690,23,6,1,132
14716,691,23,6,1,141
14717,692,23,6,1,129
14718,693,23,6,1,147
14719,694,23,6,1,150
14720,695,23,6,1,105
14721,696,23,6,1,163
14722,697,23,6,1,146
14723,698,23,6,1,148
14724,699,23,6,1,140
14725,700,23,6,1,137
14726,701,23,6,1,155
14727,702,23,6,1,147
14728,703,23,6,1,120
14729,704,23,6,1,166
14730,705,23,6,1,122
14731,706,23,6,1,132
14732,707,23,6,1,161
14733,708,23,6,1,109
14734,709,23,6,1,117
14735,710,23,6,1,116
14736,711,23,6,1,137
14737,712,23,6,1,116
14738,713,23,6,1,125
14739,714,23,6,1,145
14740,715,23,6,1,81
14741,716,23,6,1,170
14742,717,23,6,1,142
14743,718,23,6,1,147
14744,719,23,6,1,139
14745,720,23,6,1,123
14746,721,23,6,1,130
14747,722,23,6,1,98
14748,723,23,6,1,130
14749,724,23,6,1,147
14750,725,23,6,1,155
14751,726,23,6,1,132
14752,727,23,6,1,110
14753,728,23,6,1,158
14754,729,23,6,1,94
14755,730,23,6,1,147
14756,731,23,6,1,138
14757,732,23,6,1,159
14758,733,23,6,1,96
14759,734,23,6,1,152
14760,735,23,6,1,119
14761,736,23,6,1,126
14762,737,23,6,1,91
14763,738,23,6,1,148
14764,739,23,6,1,146
14765,740,23,6,1,119
14766,741,23,6,1,117
14767,742,23,6,1,118
14768,743,23,6,1,114
14769,744,23,6,1,138
14770,745,23,6,1,122
14771,746,23,6,1,97
14772,747,23,6,1,121
14773,748,23,6,1,157
14774,749,23,6,1,152
14775,750,23,6,1,143
14776,751,23,6,1,98
14777,752,23,6,1,120
18709,667,23,6,1,119
18710,669,23,6,1,127
18711,670,23,6,1,112
18712,671,23,6,1,143
18713,672,23,6,1,140
18714,674,23,6,1,140
18715,675,23,6,1,98
18716,676,23,6,1,141
18717,679,23,6,1,122
18718,680,23,6,1,128
18719,681,23,6,1,115
18720,682,23,6,1,117
18721,683,23,6,1,127
18722,684,23,6,1,118
18723,685,23,6,1,122
18724,686,23,6,1,109
18725,687,23,6,1,118
18726,688,23,6,1,160
18727,689,23,6,1,123
18728,690,23,6,1,115
18729,691,23,6,1,107
18730,692,23,6,1,104
18731,693,23,6,1,107
18732,694,23,6,1,138
18733,695,23,6,1,91
18734,696,23,6,1,130
18735,697,23,6,1,119
18736,698,23,6,1,112
18737,699,23,6,1,121
18738,700,23,6,1,130
18739,701,23,6,1,113
18740,702,23,6,1,108
18741,703,23,6,1,88
18742,704,23,6,1,116
18743,705,23,6,1,80
18744,706,23,6,1,102
18745,707,23,6,1,161
18746,708,23,6,1,106
18747,709,23,6,1,88
18748,710,23,6,1,82
18749,711,23,6,1,116
18750,712,23,6,1,87
18751,713,23,6,1,94
18752,714,23,6,1,108
18753,715,23,6,1,77
18754,716,23,6,1,124
18755,717,23,6,1,113
18756,718,23,6,1,141
18757,719,23,6,1,125
18758,720,23,6,1,88
18759,721,23,6,1,96
18760,722,23,6,1,68
18761,723,23,6,1,130
18762,724,23,6,1,143
18763,725,23,6,1,155
18764,726,23,6,1,124
18765,727,23,6,1,110
18766,728,23,6,1,150
18767,729,23,6,1,87
18768,730,23,6,1,140
18769,731,23,6,1,112
18770,732,23,6,1,117
18771,733,23,6,1,86
18772,734,23,6,1,121
18773,735,23,6,1,113
18774,736,23,6,1,116
18775,737,23,6,1,86
18776,738,23,6,1,131
18777,739,23,6,1,116
18778,740,23,6,1,105
18779,741,23,6,1,95
18780,742,23,6,1,97
18781,743,23,6,1,93
18782,744,23,6,1,119
18783,745,23,6,1,91
18784,746,23,6,1,83
18785,747,23,6,1,108
18786,748,23,6,1,118
18787,749,23,6,1,131
18788,750,23,6,1,134
18789,751,23,6,1,98
18790,752,23,6,1,104
4878,667,23,2,1,158
4879,668,23,2,1,53
4880,669,23,2,1,180
4881,670,23,2,1,136
4882,671,23,2,1,253
4883,672,23,2,1,212
4884,673,23,2,1,143
4885,674,23,2,1,207
4886,675,23,2,1,168
4887,676,23,2,1,213
4888,677,23,2,1,187
4889,678,23,2,1,189
4890,679,23,2,1,222
4891,680,23,2,1,194
4892,681,23,2,1,192
4893,682,23,2,1,189
4894,683,23,2,1,184
4895,684,23,2,1,140
4896,685,23,2,1,129
4897,686,23,2,1,164
4898,687,23,2,1,170
4899,688,23,2,1,216
4900,689,23,2,1,180
4901,690,23,2,1,112
4902,691,23,2,1,129
4903,692,23,2,1,155
4904,693,23,2,1,124
4905,694,23,2,1,139
4906,695,23,2,1,134
4907,696,23,2,1,194
4908,697,23,2,1,178
4909,698,23,2,1,182
4910,699,23,2,1,173
4911,700,23,2,1,149
4912,701,23,2,1,187
4913,702,23,2,1,161
4914,703,23,2,1,110
4915,704,23,2,1,166
4916,705,23,2,1,160
4917,706,23,2,1,162
4918,707,23,2,1,167
4919,708,23,2,1,97
4920,709,23,2,1,96
4921,710,23,2,1,148
4922,711,23,2,1,171
4923,712,23,2,1,135
4924,713,23,2,1,121
4925,714,23,2,1,161
4926,715,23,2,1,51
4927,716,23,2,1,162
4928,717,23,2,1,116
4929,718,23,2,1,175
4930,719,23,2,1,78
4931,720,23,2,1,72
4932,721,23,2,1,59
4933,722,23,2,1,66
4934,723,23,2,1,71
4935,724,23,2,1,131
4936,725,23,2,1,103
4937,726,23,2,1,112
4938,727,23,2,1,69
4939,728,23,2,1,136
4940,729,23,2,1,64
4941,730,23,2,1,144
4942,731,23,2,1,166
4943,732,23,2,1,207
4944,733,23,2,1,99
4945,734,23,2,1,186
4946,735,23,2,1,131
4947,736,23,2,1,154
4948,737,23,2,1,70
4949,738,23,2,1,140
4950,739,23,2,1,187
4951,740,23,2,1,130
4952,741,23,2,1,109
4953,742,23,2,1,95
4954,743,23,2,1,158
4955,744,23,2,1,162
4956,745,23,2,1,134
4957,746,23,2,1,106
4958,747,23,2,1,167
4959,748,23,2,1,182
4960,749,23,2,1,115
4961,750,23,2,1,128
4962,751,23,2,1,72
4963,752,23,2,1,141
17424,667,23,2,1,124
17425,669,23,2,1,148
17426,670,23,2,1,126
17427,671,23,2,1,176
17428,672,23,2,1,159
17429,674,23,2,1,184
17430,675,23,2,1,126
17431,676,23,2,1,159
17432,679,23,2,1,150
17433,680,23,2,1,119
17434,681,23,2,1,128
17435,682,23,2,1,125
17436,683,23,2,1,120
17437,684,23,2,1,96
17438,685,23,2,1,119
17439,686,23,2,1,120
17440,687,23,2,1,99
17441,688,23,2,1,174
17442,689,23,2,1,133
17443,690,23,2,1,100
17444,691,23,2,1,99
17445,692,23,2,1,126
17446,693,23,2,1,96
17447,694,23,2,1,130
17448,695,23,2,1,108
17449,696,23,2,1,137
17450,697,23,2,1,107
17451,698,23,2,1,111
17452,699,23,2,1,125
17453,700,23,2,1,137
17454,701,23,2,1,128
17455,702,23,2,1,108
17456,703,23,2,1,84
17457,704,23,2,1,100
17458,705,23,2,1,102
17459,706,23,2,1,110
17460,707,23,2,1,167
17461,708,23,2,1,83
17462,709,23,2,1,68
17463,710,23,2,1,96
17464,711,23,2,1,104
17465,712,23,2,1,85
17466,713,23,2,1,85
17467,714,23,2,1,100
17468,715,23,2,1,50
17469,716,23,2,1,97
17470,717,23,2,1,92
17471,718,23,2,1,164
17472,719,23,2,1,72
17473,720,23,2,1,56
17474,721,23,2,1,53
17475,722,23,2,1,57
17476,723,23,2,1,71
17477,724,23,2,1,121
17478,725,23,2,1,103
17479,726,23,2,1,105
17480,727,23,2,1,69
17481,728,23,2,1,131
17482,729,23,2,1,56
17483,730,23,2,1,137
17484,731,23,2,1,130
17485,732,23,2,1,146
17486,733,23,2,1,90
17487,734,23,2,1,136
17488,735,23,2,1,124
17489,736,23,2,1,123
17490,737,23,2,1,64
17491,738,23,2,1,119
17492,739,23,2,1,118
17493,740,23,2,1,113
17494,741,23,2,1,85
17495,742,23,2,1,69
17496,743,23,2,1,124
17497,744,23,2,1,123
17498,745,23,2,1,96
17499,746,23,2,1,83
17500,747,23,2,1,149
17501,748,23,2,1,126
17502,749,23,2,1,94
17503,750,23,2,1,119
17504,751,23,2,1,72
17505,752,23,2,1,115
3476,667,23,2,2,162
3477,668,23,2,2,38
3478,669,23,2,2,222
3479,670,23,2,2,136
3480,671,23,2,2,300
3481,672,23,2,2,230
3482,673,23,2,2,151
3483,674,23,2,2,243
3484,675,23,2,2,160
3485,676,23,2,2,249
3486,677,23,2,2,212
3487,678,23,2,2,225
3488,679,23,2,2,262
3489,680,23,2,2,213
3490,681,23,2,2,215
3491,682,23,2,2,211
3492,683,23,2,2,210
3493,684,23,2,2,134
3494,685,23,2,2,109
3495,686,23,2,2,174
3496,687,23,2,2,191
3497,688,23,2,2,251
3498,689,23,2,2,211
3499,690,23,2,2,106
3500,691,23,2,2,132
3501,692,23,2,2,166
3502,693,23,2,2,112
3503,694,23,2,2,142
3504,695,23,2,2,176
3505,696,23,2,2,275
3506,697,23,2,2,204
3507,698,23,2,2,199
3508,699,23,2,2,174
3509,700,23,2,2,149
3510,701,23,2,2,223
3511,702,23,2,2,165
3512,703,23,2,2,86
3513,704,23,2,2,185
3514,705,23,2,2,180
3515,706,23,2,2,185
3516,707,23,2,2,184
3517,708,23,2,2,93
3518,709,23,2,2,101
3519,710,23,2,2,179
3520,711,23,2,2,207
3521,712,23,2,2,166
3522,713,23,2,2,123
3523,714,23,2,2,183
3524,715,23,2,2,35
3525,716,23,2,2,172
3526,717,23,2,2,106
3527,718,23,2,2,203
3528,719,23,2,2,48
3529,720,23,2,2,47
3530,721,23,2,2,42
3531,722,23,2,2,41
3532,723,23,2,2,49
3533,724,23,2,2,140
3534,725,23,2,2,96
3535,726,23,2,2,113
3536,727,23,2,2,43
3537,728,23,2,2,140
3538,729,23,2,2,47
3539,730,23,2,2,156
3540,731,23,2,2,165
3541,732,23,2,2,218
3542,733,23,2,2,89
3543,734,23,2,2,191
3544,735,23,2,2,141
3545,736,23,2,2,159
3546,737,23,2,2,50
3547,738,23,2,2,149
3548,739,23,2,2,194
3549,740,23,2,2,139
3550,741,23,2,2,127
3551,742,23,2,2,75
3552,743,23,2,2,185
3553,744,23,2,2,201
3554,745,23,2,2,146
3555,746,23,2,2,98
3556,747,23,2,2,183
3557,748,23,2,2,212
3558,749,23,2,2,123
3559,750,23,2,2,118
3560,751,23,2,2,46
3561,752,23,2,2,163
30274,667,23,2,2,124
30275,669,23,2,2,176
30276,670,23,2,2,126
30277,671,23,2,2,199
30278,672,23,2,2,164
30279,674,23,2,2,212
30280,675,23,2,2,119
30281,676,23,2,2,175
30282,679,23,2,2,166
30283,680,23,2,2,117
30284,681,23,2,2,131
30285,682,23,2,2,130
30286,683,23,2,2,129
30287,684,23,2,2,89
30288,685,23,2,2,99
30289,686,23,2,2,118
30290,687,23,2,2,99
30291,688,23,2,2,197
30292,689,23,2,2,155
30293,690,23,2,2,88
30294,691,23,2,2,88
30295,692,23,2,2,131
30296,693,23,2,2,83
30297,694,23,2,2,132
30298,695,23,2,2,130
30299,696,23,2,2,175
30300,697,23,2,2,110
30301,698,23,2,2,108
30302,699,23,2,2,125
30303,700,23,2,2,134
30304,701,23,2,2,140
30305,702,23,2,2,102
30306,703,23,2,2,67
30307,704,23,2,2,105
30308,705,23,2,2,105
30309,706,23,2,2,109
30310,707,23,2,2,184
30311,708,23,2,2,77
30312,709,23,2,2,63
30313,710,23,2,2,102
30314,711,23,2,2,108
30315,712,23,2,2,89
30316,713,23,2,2,80
30317,714,23,2,2,103
30318,715,23,2,2,34
30319,716,23,2,2,92
30320,717,23,2,2,72
30321,718,23,2,2,186
30322,719,23,2,2,44
30323,720,23,2,2,35
30324,721,23,2,2,34
30325,722,23,2,2,42
30326,723,23,2,2,49
30327,724,23,2,2,126
30328,725,23,2,2,96
30329,726,23,2,2,105
30330,727,23,2,2,43
30331,728,23,2,2,134
30332,729,23,2,2,38
30333,730,23,2,2,145
30334,731,23,2,2,125
30335,732,23,2,2,144
30336,733,23,2,2,84
30337,734,23,2,2,132
30338,735,23,2,2,131
30339,736,23,2,2,127
30340,737,23,2,2,46
30341,738,23,2,2,117
30342,739,23,2,2,114
30343,740,23,2,2,118
30344,741,23,2,2,92
30345,742,23,2,2,52
30346,743,23,2,2,139
30347,744,23,2,2,147
30348,745,23,2,2,98
30349,746,23,2,2,72
30350,747,23,2,2,161
30351,748,23,2,2,136
30352,749,23,2,2,94
30353,750,23,2,2,109
30354,751,23,2,2,46
30355,752,23,2,2,131
2074,667,23,1,2,131
2075,668,23,1,2,63
2076,669,23,1,2,265
2077,670,23,1,2,138
2078,671,23,1,2,340
2079,672,23,1,2,259
2080,673,23,1,2,67
2081,674,23,1,2,239
2082,675,23,1,2,123
2083,676,23,1,2,281
2084,677,23,1,2,75
2085,678,23,1,2,82
2086,679,23,1,2,321
2087,680,23,1,2,259
2088,681,23,1,2,212
2089,682,23,1,2,169
2090,683,23,1,2,83
2091,684,23,1,2,111
2092,685,23,1,2,112
2093,686,23,1,2,216
2094,687,23,1,2,178
2095,688,23,1,2,227
2096,689,23,1,2,62
2097,690,23,1,2,81
2098,691,23,1,2,92
2099,692,23,1,2,74
2100,693,23,1,2,71
2101,694,23,1,2,105
2102,695,23,1,2,185
2103,696,23,1,2,337
2104,697,23,1,2,208
2105,698,23,1,2,173
2106,699,23,1,2,160
2107,700,23,1,2,101
2108,701,23,1,2,209
2109,702,23,1,2,107
2110,703,23,1,2,81
2111,704,23,1,2,163
2112,705,23,1,2,82
2113,706,23,1,2,119
2114,707,23,1,2,65
2115,708,23,1,2,57
2116,709,23,1,2,69
2117,710,23,1,2,139
2118,711,23,1,2,134
2119,712,23,1,2,128
2120,713,23,1,2,75
2121,714,23,1,2,122
2122,715,23,1,2,61
2123,716,23,1,2,67
2124,717,23,1,2,73
2125,718,23,1,2,191
2126,719,23,1,2,69
2127,720,23,1,2,68
2128,721,23,1,2,66
2129,722,23,1,2,71
2130,723,23,1,2,65
2131,724,23,1,2,77
2132,725,23,1,2,75
2133,726,23,1,2,69
2134,727,23,1,2,70
2135,728,23,1,2,73
2136,729,23,1,2,107
2137,730,23,1,2,130
2138,731,23,1,2,113
2139,732,23,1,2,163
2140,733,23,1,2,100
2141,734,23,1,2,119
2142,735,23,1,2,90
2143,736,23,1,2,131
2144,737,23,1,2,74
2145,738,23,1,2,137
2146,739,23,1,2,180
2147,740,23,1,2,91
2148,741,23,1,2,118
2149,742,23,1,2,73
2150,743,23,1,2,124
2151,744,23,1,2,194
2152,745,23,1,2,110
2153,746,23,1,2,56
2154,747,23,1,2,153
2155,748,23,1,2,178
2156,749,23,1,2,68
2157,750,23,1,2,63
2158,751,23,1,2,74
2159,752,23,1,2,84
28989,667,23,1,2,104
28990,669,23,1,2,207
28991,670,23,1,2,128
28992,671,23,1,2,224
28993,672,23,1,2,198
28994,674,23,1,2,212
28995,675,23,1,2,88
28996,676,23,1,2,175
28997,679,23,1,2,201
28998,680,23,1,2,155
28999,681,23,1,2,141
29000,682,23,1,2,112
29001,683,23,1,2,50
29002,684,23,1,2,73
29003,685,23,1,2,103
29004,686,23,1,2,145
29005,687,23,1,2,105
29006,688,23,1,2,149
29007,689,23,1,2,42
29008,690,23,1,2,81
29009,691,23,1,2,78
29010,692,23,1,2,66
29011,693,23,1,2,64
29012,694,23,1,2,99
29013,695,23,1,2,146
29014,696,23,1,2,188
29015,697,23,1,2,114
29016,698,23,1,2,102
29017,699,23,1,2,111
29018,700,23,1,2,96
29019,701,23,1,2,150
29020,702,23,1,2,74
29021,703,23,1,2,66
29022,704,23,1,2,89
29023,705,23,1,2,61
29024,706,23,1,2,86
29025,707,23,1,2,65
29026,708,23,1,2,55
29027,709,23,1,2,50
29028,710,23,1,2,92
29029,711,23,1,2,84
29030,712,23,1,2,73
29031,713,23,1,2,55
29032,714,23,1,2,84
29033,715,23,1,2,57
29034,716,23,1,2,59
29035,717,23,1,2,63
29036,718,23,1,2,176
29037,719,23,1,2,66
29038,720,23,1,2,50
29039,721,23,1,2,57
29040,722,23,1,2,51
29041,723,23,1,2,65
29042,724,23,1,2,76
29043,725,23,1,2,75
29044,726,23,1,2,66
29045,727,23,1,2,70
29046,728,23,1,2,72
29047,729,23,1,2,72
29048,730,23,1,2,123
29049,731,23,1,2,93
29050,732,23,1,2,114
29051,733,23,1,2,87
29052,734,23,1,2,92
29053,735,23,1,2,85
29054,736,23,1,2,100
29055,737,23,1,2,67
29056,738,23,1,2,114
29057,739,23,1,2,107
29058,740,23,1,2,78
29059,741,23,1,2,94
29060,742,23,1,2,55
29061,743,23,1,2,99
29062,744,23,1,2,142
29063,745,23,1,2,75
29064,746,23,1,2,47
29065,747,23,1,2,137
29066,748,23,1,2,134
29067,749,23,1,2,65
29068,750,23,1,2,60
29069,751,23,1,2,74
29070,752,23,1,2,72
683,667,23,1,1,132
684,668,23,1,1,76
685,669,23,1,1,194
686,670,23,1,1,136
687,671,23,1,1,242
688,672,23,1,1,201
689,673,23,1,1,101
690,674,23,1,1,183
691,675,23,1,1,132
692,676,23,1,1,192
693,677,23,1,1,102
694,678,23,1,1,88
695,679,23,1,1,229
696,680,23,1,1,185
697,681,23,1,1,170
698,682,23,1,1,148
699,683,23,1,1,118
700,684,23,1,1,114
701,685,23,1,1,121
702,686,23,1,1,167
703,687,23,1,1,144
704,688,23,1,1,173
705,689,23,1,1,82
706,690,23,1,1,101
707,691,23,1,1,110
708,692,23,1,1,93
709,693,23,1,1,99
710,694,23,1,1,118
711,695,23,1,1,142
712,696,23,1,1,213
713,697,23,1,1,153
714,698,23,1,1,144
715,699,23,1,1,140
716,700,23,1,1,123
717,701,23,1,1,172
718,702,23,1,1,121
719,703,23,1,1,114
720,704,23,1,1,143
721,705,23,1,1,108
722,706,23,1,1,110
723,707,23,1,1,101
724,708,23,1,1,80
725,709,23,1,1,85
726,710,23,1,1,127
727,711,23,1,1,117
728,712,23,1,1,122
729,713,23,1,1,96
730,714,23,1,1,132
731,715,23,1,1,76
732,716,23,1,1,92
733,717,23,1,1,102
734,718,23,1,1,133
735,719,23,1,1,103
736,720,23,1,1,99
737,721,23,1,1,89
738,722,23,1,1,96
739,723,23,1,1,92
740,724,23,1,1,109
741,725,23,1,1,96
742,726,23,1,1,91
743,727,23,1,1,98
744,728,23,1,1,108
745,729,23,1,1,104
746,730,23,1,1,128
747,731,23,1,1,120
748,732,23,1,1,146
749,733,23,1,1,112
750,734,23,1,1,115
751,735,23,1,1,92
752,736,23,1,1,114
753,737,23,1,1,94
754,738,23,1,1,134
755,739,23,1,1,159
756,740,23,1,1,104
757,741,23,1,1,112
758,742,23,1,1,94
759,743,23,1,1,111
760,744,23,1,1,160
761,745,23,1,1,117
762,746,23,1,1,74
763,747,23,1,1,155
764,748,23,1,1,144
765,749,23,1,1,78
766,750,23,1,1,90
767,751,23,1,1,107
768,752,23,1,1,95
19994,667,23,1,1,110
19995,669,23,1,1,161
19996,670,23,1,1,129
19997,671,23,1,1,176
19998,672,23,1,1,164
19999,674,23,1,1,167
20000,675,23,1,1,100
20001,676,23,1,1,144
20002,679,23,1,1,159
20003,680,23,1,1,133
20004,681,23,1,1,127
20005,682,23,1,1,112
20006,683,23,1,1,75
20007,684,23,1,1,80
20008,685,23,1,1,113
20009,686,23,1,1,124
20010,687,23,1,1,101
20011,688,23,1,1,131
20012,689,23,1,1,60
20013,690,23,1,1,102
20014,691,23,1,1,100
20015,692,23,1,1,86
20016,693,23,1,1,86
20017,694,23,1,1,111
20018,695,23,1,1,121
20019,696,23,1,1,141
20020,697,23,1,1,100
20021,698,23,1,1,101
20022,699,23,1,1,111
20023,700,23,1,1,119
20024,701,23,1,1,135
20025,702,23,1,1,93
20026,703,23,1,1,90
20027,704,23,1,1,90
20028,705,23,1,1,81
20029,706,23,1,1,93
20030,707,23,1,1,101
20031,708,23,1,1,77
20032,709,23,1,1,66
20033,710,23,1,1,95
20034,711,23,1,1,87
20035,712,23,1,1,84
20036,713,23,1,1,72
20037,714,23,1,1,96
20038,715,23,1,1,74
20039,716,23,1,1,75
20040,717,23,1,1,93
20041,718,23,1,1,129
20042,719,23,1,1,98
20043,720,23,1,1,70
20044,721,23,1,1,77
20045,722,23,1,1,74
20046,723,23,1,1,92
20047,724,23,1,1,106
20048,725,23,1,1,96
20049,726,23,1,1,86
20050,727,23,1,1,98
20051,728,23,1,1,106
20052,729,23,1,1,83
20053,730,23,1,1,124
20054,731,23,1,1,104
20055,732,23,1,1,112
20056,733,23,1,1,100
20057,734,23,1,1,97
20058,735,23,1,1,89
20059,736,23,1,1,93
20060,737,23,1,1,85
20061,738,23,1,1,122
20062,739,23,1,1,107
20063,740,23,1,1,93
20064,741,23,1,1,94
20065,742,23,1,1,73
20066,743,23,1,1,94
20067,744,23,1,1,128
20068,745,23,1,1,83
20069,746,23,1,1,65
20070,747,23,1,1,140
20071,748,23,1,1,120
20072,749,23,1,1,79
20073,750,23,1,1,85
20074,751,23,1,1,107
20075,752,23,1,1,84
11888,667,23,5,1,150
11889,668,23,5,1,107
11890,669,23,5,1,153
11891,670,23,5,1,125
11892,671,23,5,1,207
11893,672,23,5,1,182
11894,673,23,5,1,159
11895,674,23,5,1,180
11896,675,23,5,1,133
11897,676,23,5,1,192
11898,677,23,5,1,166
11899,678,23,5,1,176
11900,679,23,5,1,177
11901,680,23,5,1,174
11902,681,23,5,1,149
11903,682,23,5,1,150
11904,683,23,5,1,179
11905,684,23,5,1,135
11906,685,23,5,1,137
11907,686,23,5,1,150
11908,687,23,5,1,156
11909,688,23,5,1,172
11910,689,23,5,1,151
11911,690,23,5,1,140
11912,691,23,5,1,139
11913,692,23,5,1,140
11914,693,23,5,1,162
11915,694,23,5,1,153
11916,695,23,5,1,115
11917,696,23,5,1,177
11918,697,23,5,1,158
11919,698,23,5,1,163
11920,699,23,5,1,155
11921,700,23,5,1,145
11922,701,23,5,1,164
11923,702,23,5,1,160
11924,703,23,5,1,133
11925,704,23,5,1,166
11926,705,23,5,1,133
11927,706,23,5,1,143
11928,707,23,5,1,176
11929,708,23,5,1,102
11930,709,23,5,1,118
11931,710,23,5,1,126
11932,711,23,5,1,149
11933,712,23,5,1,124
11934,713,23,5,1,133
11935,714,23,5,1,153
11936,715,23,5,1,81
11937,716,23,5,1,189
11938,717,23,5,1,147
11939,718,23,5,1,153
11940,719,23,5,1,135
11941,720,23,5,1,116
11942,721,23,5,1,110
11943,722,23,5,1,102
11944,723,23,5,1,121
11945,724,23,5,1,143
11946,725,23,5,1,153
11947,726,23,5,1,138
11948,727,23,5,1,99
11949,728,23,5,1,162
11950,729,23,5,1,88
11951,730,23,5,1,163
11952,731,23,5,1,144
11953,732,23,5,1,175
11954,733,23,5,1,95
11955,734,23,5,1,168
11956,735,23,5,1,129
11957,736,23,5,1,142
11958,737,23,5,1,83
11959,738,23,5,1,159
11960,739,23,5,1,163
11961,740,23,5,1,121
11962,741,23,5,1,120
11963,742,23,5,1,119
11964,743,23,5,1,132
11965,744,23,5,1,143
11966,745,23,5,1,136
11967,746,23,5,1,96
11968,747,23,5,1,128
11969,748,23,5,1,174
11970,749,23,5,1,152
11971,750,23,5,1,140
11972,751,23,5,1,86
11973,752,23,5,1,134
21279,667,23,5,1,122
21280,669,23,5,1,131
21281,670,23,5,1,118
21282,671,23,5,1,156
21283,672,23,5,1,146
21284,674,23,5,1,159
21285,675,23,5,1,106
21286,676,23,5,1,151
21287,679,23,5,1,131
21288,680,23,5,1,126
21289,681,23,5,1,115
21290,682,23,5,1,114
21291,683,23,5,1,135
21292,684,23,5,1,109
21293,685,23,5,1,126
21294,686,23,5,1,116
21295,687,23,5,1,112
21296,688,23,5,1,162
21297,689,23,5,1,131
21298,690,23,5,1,119
21299,691,23,5,1,105
21300,692,23,5,1,108
21301,693,23,5,1,121
21302,694,23,5,1,142
21303,695,23,5,1,95
21304,696,23,5,1,139
21305,697,23,5,1,117
21306,698,23,5,1,113
21307,699,23,5,1,126
21308,700,23,5,1,137
21309,701,23,5,1,119
21310,702,23,5,1,109
21311,703,23,5,1,94
21312,704,23,5,1,116
21313,705,23,5,1,85
21314,706,23,5,1,106
21315,707,23,5,1,176
21316,708,23,5,1,93
21317,709,23,5,1,80
21318,710,23,5,1,89
21319,711,23,5,1,106
21320,712,23,5,1,82
21321,713,23,5,1,92
21322,714,23,5,1,104
21323,715,23,5,1,77
21324,716,23,5,1,130
21325,717,23,5,1,112
21326,718,23,5,1,145
21327,719,23,5,1,120
21328,720,23,5,1,78
21329,721,23,5,1,73
21330,722,23,5,1,70
21331,723,23,5,1,121
21332,724,23,5,1,141
21333,725,23,5,1,153
21334,726,23,5,1,129
21335,727,23,5,1,99
21336,728,23,5,1,155
21337,729,23,5,1,74
21338,730,23,5,1,155
21339,731,23,5,1,116
21340,732,23,5,1,123
21341,733,23,5,1,84
21342,734,23,5,1,127
21343,735,23,5,1,121
21344,736,23,5,1,124
21345,737,23,5,1,78
21346,738,23,5,1,133
21347,739,23,5,1,115
21348,740,23,5,1,108
21349,741,23,5,1,97
21350,742,23,5,1,88
21351,743,23,5,1,100
21352,744,23,5,1,114
21353,745,23,5,1,100
21354,746,23,5,1,82
21355,747,23,5,1,114
21356,748,23,5,1,128
21357,749,23,5,1,132
21358,750,23,5,1,134
21359,751,23,5,1,86
21360,752,23,5,1,113
13290,667,23,5,2,156
13291,668,23,5,2,114
13292,669,23,5,2,177
13293,670,23,5,2,123
13294,671,23,5,2,221
13295,672,23,5,2,193
13296,673,23,5,2,171
13297,674,23,5,2,193
13298,675,23,5,2,130
13299,676,23,5,2,214
13300,677,23,5,2,180
13301,678,23,5,2,203
13302,679,23,5,2,186
13303,680,23,5,2,186
13304,681,23,5,2,156
13305,682,23,5,2,165
13306,683,23,5,2,187
13307,684,23,5,2,136
13308,685,23,5,2,134
13309,686,23,5,2,157
13310,687,23,5,2,159
13311,688,23,5,2,197
13312,689,23,5,2,168
13313,690,23,5,2,136
13314,691,23,5,2,151
13315,692,23,5,2,146
13316,693,23,5,2,173
13317,694,23,5,2,149
13318,695,23,5,2,122
13319,696,23,5,2,205
13320,697,23,5,2,176
13321,698,23,5,2,170
13322,699,23,5,2,154
13323,700,23,5,2,146
13324,701,23,5,2,177
13325,702,23,5,2,168
13326,703,23,5,2,132
13327,704,23,5,2,179
13328,705,23,5,2,137
13329,706,23,5,2,159
13330,707,23,5,2,194
13331,708,23,5,2,94
13332,709,23,5,2,135
13333,710,23,5,2,136
13334,711,23,5,2,166
13335,712,23,5,2,140
13336,713,23,5,2,128
13337,714,23,5,2,157
13338,715,23,5,2,82
13339,716,23,5,2,209
13340,717,23,5,2,154
13341,718,23,5,2,173
13342,719,23,5,2,141
13343,720,23,5,2,114
13344,721,23,5,2,106
13345,722,23,5,2,98
13346,723,23,5,2,127
13347,724,23,5,2,161
13348,725,23,5,2,170
13349,726,23,5,2,145
13350,727,23,5,2,93
13351,728,23,5,2,167
13352,729,23,5,2,69
13353,730,23,5,2,168
13354,731,23,5,2,145
13355,732,23,5,2,181
13356,733,23,5,2,87
13357,734,23,5,2,174
13358,735,23,5,2,138
13359,736,23,5,2,158
13360,737,23,5,2,78
13361,738,23,5,2,170
13362,739,23,5,2,164
13363,740,23,5,2,127
13364,741,23,5,2,136
13365,742,23,5,2,127
13366,743,23,5,2,147
13367,744,23,5,2,166
13368,745,23,5,2,146
13369,746,23,5,2,93
13370,747,23,5,2,133
13371,748,23,5,2,191
13372,749,23,5,2,166
13373,750,23,5,2,146
13374,751,23,5,2,80
13375,752,23,5,2,157
27704,667,23,5,2,125
27705,669,23,5,2,148
27706,670,23,5,2,114
27707,671,23,5,2,163
27708,672,23,5,2,151
27709,674,23,5,2,167
27710,675,23,5,2,103
27711,676,23,5,2,162
27712,679,23,5,2,135
27713,680,23,5,2,129
27714,681,23,5,2,118
27715,682,23,5,2,119
27716,683,23,5,2,136
27717,684,23,5,2,110
27718,685,23,5,2,121
27719,686,23,5,2,121
27720,687,23,5,2,111
27721,688,23,5,2,187
27722,689,23,5,2,139
27723,690,23,5,2,109
27724,691,23,5,2,102
27725,692,23,5,2,108
27726,693,23,5,2,122
27727,694,23,5,2,137
27728,695,23,5,2,93
27729,696,23,5,2,153
27730,697,23,5,2,127
27731,698,23,5,2,108
27732,699,23,5,2,126
27733,700,23,5,2,135
27734,701,23,5,2,124
27735,702,23,5,2,107
27736,703,23,5,2,91
27737,704,23,5,2,120
27738,705,23,5,2,80
27739,706,23,5,2,106
27740,707,23,5,2,194
27741,708,23,5,2,84
27742,709,23,5,2,82
27743,710,23,5,2,89
27744,711,23,5,2,113
27745,712,23,5,2,85
27746,713,23,5,2,83
27747,714,23,5,2,100
27748,715,23,5,2,76
27749,716,23,5,2,135
27750,717,23,5,2,111
27751,718,23,5,2,161
27752,719,23,5,2,122
27753,720,23,5,2,69
27754,721,23,5,2,64
27755,722,23,5,2,62
27756,723,23,5,2,127
27757,724,23,5,2,158
27758,725,23,5,2,170
27759,726,23,5,2,134
27760,727,23,5,2,93
27761,728,23,5,2,160
27762,729,23,5,2,62
27763,730,23,5,2,158
27764,731,23,5,2,113
27765,732,23,5,2,120
27766,733,23,5,2,75
27767,734,23,5,2,129
27768,735,23,5,2,128
27769,736,23,5,2,135
27770,737,23,5,2,73
27771,738,23,5,2,135
27772,739,23,5,2,114
27773,740,23,5,2,111
27774,741,23,5,2,105
27775,742,23,5,2,88
27776,743,23,5,2,106
27777,744,23,5,2,129
27778,745,23,5,2,101
27779,746,23,5,2,77
27780,747,23,5,2,116
27781,748,23,5,2,132
27782,749,23,5,2,143
27783,750,23,5,2,138
27784,751,23,5,2,80
27785,752,23,5,2,129
10486,667,23,4,2,161
10487,668,23,4,2,61
10488,669,23,4,2,202
10489,670,23,4,2,131
10490,671,23,4,2,263
10491,672,23,4,2,217
10492,673,23,4,2,177
10493,674,23,4,2,221
10494,675,23,4,2,142
10495,676,23,4,2,240
10496,677,23,4,2,195
10497,678,23,4,2,231
10498,679,23,4,2,226
10499,680,23,4,2,203
10500,681,23,4,2,178
10501,682,23,4,2,191
10502,683,23,4,2,233
10503,684,23,4,2,131
10504,685,23,4,2,109
10505,686,23,4,2,164
10506,687,23,4,2,181
10507,688,23,4,2,222
10508,689,23,4,2,190
10509,690,23,4,2,159
10510,691,23,4,2,143
10511,692,23,4,2,154
10512,693,23,4,2,130
10513,694,23,4,2,142
10514,695,23,4,2,147
10515,696,23,4,2,233
10516,697,23,4,2,191
10517,698,23,4,2,186
10518,699,23,4,2,163
10519,700,23,4,2,144
10520,701,23,4,2,202
10521,702,23,4,2,178
10522,703,23,4,2,108
10523,704,23,4,2,190
10524,705,23,4,2,152
10525,706,23,4,2,168
10526,707,23,4,2,202
10527,708,23,4,2,105
10528,709,23,4,2,126
10529,710,23,4,2,155
10530,711,23,4,2,181
10531,712,23,4,2,163
10532,713,23,4,2,147
10533,714,23,4,2,170
10534,715,23,4,2,62
10535,716,23,4,2,202
10536,717,23,4,2,149
10537,718,23,4,2,197
10538,719,23,4,2,89
10539,720,23,4,2,89
10540,721,23,4,2,80
10541,722,23,4,2,91
10542,723,23,4,2,97
10543,724,23,4,2,185
10544,725,23,4,2,147
10545,726,23,4,2,156
10546,727,23,4,2,56
10547,728,23,4,2,153
10548,729,23,4,2,51
10549,730,23,4,2,176
10550,731,23,4,2,160
10551,732,23,4,2,203
10552,733,23,4,2,90
10553,734,23,4,2,186
10554,735,23,4,2,153
10555,736,23,4,2,158
10556,737,23,4,2,57
10557,738,23,4,2,160
10558,739,23,4,2,185
10559,740,23,4,2,137
10560,741,23,4,2,126
10561,742,23,4,2,93
10562,743,23,4,2,173
10563,744,23,4,2,188
10564,745,23,4,2,143
10565,746,23,4,2,105
10566,747,23,4,2,165
10567,748,23,4,2,201
10568,749,23,4,2,144
10569,750,23,4,2,154
10570,751,23,4,2,51
10571,752,23,4,2,182
26419,667,23,4,2,125
26420,669,23,4,2,164
26421,670,23,4,2,122
26422,671,23,4,2,184
26423,672,23,4,2,157
26424,674,23,4,2,193
26425,675,23,4,2,113
26426,676,23,4,2,173
26427,679,23,4,2,153
26428,680,23,4,2,120
26429,681,23,4,2,119
26430,682,23,4,2,119
26431,683,23,4,2,154
26432,684,23,4,2,105
26433,685,23,4,2,98
26434,686,23,4,2,121
26435,687,23,4,2,110
26436,688,23,4,2,198
26437,689,23,4,2,145
26438,690,23,4,2,129
26439,691,23,4,2,95
26440,692,23,4,2,116
26441,693,23,4,2,94
26442,694,23,4,2,131
26443,695,23,4,2,107
26444,696,23,4,2,167
26445,697,23,4,2,113
26446,698,23,4,2,100
26447,699,23,4,2,120
26448,700,23,4,2,131
26449,701,23,4,2,128
26450,702,23,4,2,107
26451,703,23,4,2,80
26452,704,23,4,2,122
26453,705,23,4,2,89
26454,706,23,4,2,101
26455,707,23,4,2,202
26456,708,23,4,2,84
26457,709,23,4,2,79
26458,710,23,4,2,91
26459,711,23,4,2,99
26460,712,23,4,2,85
26461,713,23,4,2,99
26462,714,23,4,2,99
26463,715,23,4,2,57
26464,716,23,4,2,119
26465,717,23,4,2,99
26466,718,23,4,2,178
26467,719,23,4,2,78
26468,720,23,4,2,47
26469,721,23,4,2,44
26470,722,23,4,2,56
26471,723,23,4,2,97
26472,724,23,4,2,172
26473,725,23,4,2,147
26474,726,23,4,2,147
26475,727,23,4,2,56
26476,728,23,4,2,146
26477,729,23,4,2,36
26478,730,23,4,2,166
26479,731,23,4,2,122
26480,732,23,4,2,133
26481,733,23,4,2,82
26482,734,23,4,2,132
26483,735,23,4,2,142
26484,736,23,4,2,129
26485,737,23,4,2,49
26486,738,23,4,2,126
26487,739,23,4,2,112
26488,740,23,4,2,122
26489,741,23,4,2,93
26490,742,23,4,2,60
26491,743,23,4,2,132
26492,744,23,4,2,141
26493,745,23,4,2,98
26494,746,23,4,2,80
26495,747,23,4,2,146
26496,748,23,4,2,129
26497,749,23,4,2,116
26498,750,23,4,2,145
26499,751,23,4,2,51
26500,752,23,4,2,148
9084,667,23,4,1,154
9085,668,23,4,1,65
9086,669,23,4,1,169
9087,670,23,4,1,130
9088,671,23,4,1,233
9089,672,23,4,1,206
9090,673,23,4,1,170
9091,674,23,4,1,191
9092,675,23,4,1,147
9093,676,23,4,1,217
9094,677,23,4,1,186
9095,678,23,4,1,209
9096,679,23,4,1,200
9097,680,23,4,1,190
9098,681,23,4,1,168
9099,682,23,4,1,175
9100,683,23,4,1,210
9101,684,23,4,1,152
9102,685,23,4,1,127
9103,686,23,4,1,154
9104,687,23,4,1,168
9105,688,23,4,1,189
9106,689,23,4,1,159
9107,690,23,4,1,149
9108,691,23,4,1,137
9109,692,23,4,1,149
9110,693,23,4,1,156
9111,694,23,4,1,151
9112,695,23,4,1,125
9113,696,23,4,1,178
9114,697,23,4,1,173
9115,698,23,4,1,176
9116,699,23,4,1,166
9117,700,23,4,1,144
9118,701,23,4,1,181
9119,702,23,4,1,167
9120,703,23,4,1,126
9121,704,23,4,1,173
9122,705,23,4,1,145
9123,706,23,4,1,152
9124,707,23,4,1,183
9125,708,23,4,1,110
9126,709,23,4,1,115
9127,710,23,4,1,130
9128,711,23,4,1,161
9129,712,23,4,1,135
9130,713,23,4,1,143
9131,714,23,4,1,161
9132,715,23,4,1,70
9133,716,23,4,1,194
9134,717,23,4,1,138
9135,718,23,4,1,176
9136,719,23,4,1,103
9137,720,23,4,1,101
9138,721,23,4,1,86
9139,722,23,4,1,94
9140,723,23,4,1,107
9141,724,23,4,1,164
9142,725,23,4,1,140
9143,726,23,4,1,141
9144,727,23,4,1,75
9145,728,23,4,1,152
9146,729,23,4,1,67
9147,730,23,4,1,171
9148,731,23,4,1,160
9149,732,23,4,1,199
9150,733,23,4,1,99
9151,734,23,4,1,177
9152,735,23,4,1,141
9153,736,23,4,1,149
9154,737,23,4,1,73
9155,738,23,4,1,149
9156,739,23,4,1,181
9157,740,23,4,1,132
9158,741,23,4,1,109
9159,742,23,4,1,110
9160,743,23,4,1,148
9161,744,23,4,1,152
9162,745,23,4,1,135
9163,746,23,4,1,107
9164,747,23,4,1,160
9165,748,23,4,1,175
9166,749,23,4,1,128
9167,750,23,4,1,149
9168,751,23,4,1,75
9169,752,23,4,1,148
22564,667,23,4,1,122
22565,669,23,4,1,141
22566,670,23,4,1,122
22567,671,23,4,1,170
22568,672,23,4,1,155
22569,674,23,4,1,170
22570,675,23,4,1,115
22571,676,23,4,1,165
22572,679,23,4,1,142
22573,680,23,4,1,122
22574,681,23,4,1,120
22575,682,23,4,1,118
22576,683,23,4,1,145
22577,684,23,4,1,112
22578,685,23,4,1,116
22579,686,23,4,1,117
22580,687,23,4,1,109
22581,688,23,4,1,167
22582,689,23,4,1,124
22583,690,23,4,1,129
22584,691,23,4,1,103
22585,692,23,4,1,116
22586,693,23,4,1,118
22587,694,23,4,1,141
22588,695,23,4,1,99
22589,696,23,4,1,136
22590,697,23,4,1,111
22591,698,23,4,1,107
22592,699,23,4,1,126
22593,700,23,4,1,134
22594,701,23,4,1,123
22595,702,23,4,1,110
22596,703,23,4,1,93
22597,704,23,4,1,113
22598,705,23,4,1,93
22599,706,23,4,1,105
22600,707,23,4,1,183
22601,708,23,4,1,91
22602,709,23,4,1,77
22603,710,23,4,1,87
22604,711,23,4,1,100
22605,712,23,4,1,81
22606,713,23,4,1,100
22607,714,23,4,1,102
22608,715,23,4,1,65
22609,716,23,4,1,130
22610,717,23,4,1,104
22611,718,23,4,1,163
22612,719,23,4,1,93
22613,720,23,4,1,62
22614,721,23,4,1,58
22615,722,23,4,1,64
22616,723,23,4,1,107
22617,724,23,4,1,154
22618,725,23,4,1,140
22619,726,23,4,1,134
22620,727,23,4,1,75
22621,728,23,4,1,147
22622,729,23,4,1,52
22623,730,23,4,1,162
22624,731,23,4,1,125
22625,732,23,4,1,138
22626,733,23,4,1,90
22627,734,23,4,1,131
22628,735,23,4,1,133
22629,736,23,4,1,123
22630,737,23,4,1,64
22631,738,23,4,1,126
22632,739,23,4,1,117
22633,740,23,4,1,117
22634,741,23,4,1,85
22635,742,23,4,1,75
22636,743,23,4,1,117
22637,744,23,4,1,118
22638,745,23,4,1,99
22639,746,23,4,1,85
22640,747,23,4,1,143
22641,748,23,4,1,121
22642,749,23,4,1,109
22643,750,23,4,1,143
22644,751,23,4,1,75
22645,752,23,4,1,122
7682,667,23,3,1,150
7683,668,23,3,1,65
7684,669,23,3,1,194
7685,670,23,3,1,137
7686,671,23,3,1,245
7687,672,23,3,1,222
7688,673,23,3,1,90
7689,674,23,3,1,197
7690,675,23,3,1,167
7691,676,23,3,1,203
7692,677,23,3,1,163
7693,678,23,3,1,175
7694,679,23,3,1,234
7695,680,23,3,1,198
7696,681,23,3,1,190
7697,682,23,3,1,175
7698,683,23,3,1,146
7699,684,23,3,1,119
7700,685,23,3,1,124
7701,686,23,3,1,170
7702,687,23,3,1,151
7703,688,23,3,1,200
7704,689,23,3,1,149
7705,690,23,3,1,88
7706,691,23,3,1,122
7707,692,23,3,1,130
7708,693,23,3,1,107
7709,694,23,3,1,132
7710,695,23,3,1,149
7711,696,23,3,1,210
7712,697,23,3,1,163
7713,698,23,3,1,162
7714,699,23,3,1,157
7715,700,23,3,1,135
7716,701,23,3,1,189
7717,702,23,3,1,131
7718,703,23,3,1,109
7719,704,23,3,1,152
7720,705,23,3,1,136
7721,706,23,3,1,144
7722,707,23,3,1,127
7723,708,23,3,1,80
7724,709,23,3,1,81
7725,710,23,3,1,143
7726,711,23,3,1,141
7727,712,23,3,1,134
7728,713,23,3,1,85
7729,714,23,3,1,166
7730,715,23,3,1,64
7731,716,23,3,1,139
7732,717,23,3,1,100
7733,718,23,3,1,152
7734,719,23,3,1,94
7735,720,23,3,1,85
7736,721,23,3,1,76
7737,722,23,3,1,82
7738,723,23,3,1,79
7739,724,23,3,1,93
7740,725,23,3,1,89
7741,726,23,3,1,79
7742,727,23,3,1,84
7743,728,23,3,1,125
7744,729,23,3,1,77
7745,730,23,3,1,136
7746,731,23,3,1,144
7747,732,23,3,1,172
7748,733,23,3,1,107
7749,734,23,3,1,141
7750,735,23,3,1,101
7751,736,23,3,1,122
7752,737,23,3,1,82
7753,738,23,3,1,152
7754,739,23,3,1,170
7755,740,23,3,1,116
7756,741,23,3,1,115
7757,742,23,3,1,93
7758,743,23,3,1,131
7759,744,23,3,1,173
7760,745,23,3,1,126
7761,746,23,3,1,79
7762,747,23,3,1,158
7763,748,23,3,1,176
7764,749,23,3,1,73
7765,750,23,3,1,90
7766,751,23,3,1,90
7767,752,23,3,1,108
23849,667,23,3,1,121
23850,669,23,3,1,158
23851,670,23,3,1,129
23852,671,23,3,1,170
23853,672,23,3,1,168
23854,674,23,3,1,176
23855,675,23,3,1,117
23856,676,23,3,1,153
23857,679,23,3,1,160
23858,680,23,3,1,130
23859,681,23,3,1,130
23860,682,23,3,1,122
23861,683,23,3,1,96
23862,684,23,3,1,81
23863,685,23,3,1,116
23864,686,23,3,1,123
23865,687,23,3,1,96
23866,688,23,3,1,147
23867,689,23,3,1,102
23868,690,23,3,1,90
23869,691,23,3,1,99
23870,692,23,3,1,105
23871,693,23,3,1,88
23872,694,23,3,1,125
23873,695,23,3,1,120
23874,696,23,3,1,135
23875,697,23,3,1,99
23876,698,23,3,1,104
23877,699,23,3,1,119
23878,700,23,3,1,128
23879,701,23,3,1,136
23880,702,23,3,1,92
23881,703,23,3,1,85
23882,704,23,3,1,89
23883,705,23,3,1,93
23884,706,23,3,1,104
23885,707,23,3,1,127
23886,708,23,3,1,73
23887,709,23,3,1,63
23888,710,23,3,1,99
23889,711,23,3,1,97
23890,712,23,3,1,88
23891,713,23,3,1,62
23892,714,23,3,1,112
23893,715,23,3,1,62
23894,716,23,3,1,91
23895,717,23,3,1,91
23896,718,23,3,1,142
23897,719,23,3,1,92
23898,720,23,3,1,61
23899,721,23,3,1,66
23900,722,23,3,1,66
23901,723,23,3,1,79
23902,724,23,3,1,90
23903,725,23,3,1,89
23904,726,23,3,1,76
23905,727,23,3,1,84
23906,728,23,3,1,122
23907,729,23,3,1,69
23908,730,23,3,1,130
23909,731,23,3,1,117
23910,732,23,3,1,124
23911,733,23,3,1,99
23912,734,23,3,1,111
23913,735,23,3,1,97
23914,736,23,3,1,97
23915,737,23,3,1,74
23916,738,23,3,1,133
23917,739,23,3,1,113
23918,740,23,3,1,103
23919,741,23,3,1,90
23920,742,23,3,1,68
23921,743,23,3,1,103
23922,744,23,3,1,133
23923,745,23,3,1,90
23924,746,23,3,1,68
23925,747,23,3,1,142
23926,748,23,3,1,127
23927,749,23,3,1,71
23928,750,23,3,1,84
23929,751,23,3,1,90
23930,752,23,3,1,93
6280,667,23,3,2,149
6281,668,23,3,2,49
6282,669,23,3,2,248
6283,670,23,3,2,142
6284,671,23,3,2,331
6285,672,23,3,2,265
6286,673,23,3,2,60
6287,674,23,3,2,251
6288,675,23,3,2,159
6289,676,23,3,2,283
6290,677,23,3,2,190
6291,678,23,3,2,221
6292,679,23,3,2,301
6293,680,23,3,2,258
6294,681,23,3,2,231
6295,682,23,3,2,207
6296,683,23,3,2,136
6297,684,23,3,2,120
6298,685,23,3,2,121
6299,686,23,3,2,208
6300,687,23,3,2,182
6301,688,23,3,2,257
6302,689,23,3,2,168
6303,690,23,3,2,67
6304,691,23,3,2,121
6305,692,23,3,2,140
6306,693,23,3,2,90
6307,694,23,3,2,142
6308,695,23,3,2,209
6309,696,23,3,2,327
6310,697,23,3,2,209
6311,698,23,3,2,189
6312,699,23,3,2,173
6313,700,23,3,2,138
6314,701,23,3,2,244
6315,702,23,3,2,138
6316,703,23,3,2,75
6317,704,23,3,2,192
6318,705,23,3,2,133
6319,706,23,3,2,180
6320,707,23,3,2,131
6321,708,23,3,2,52
6322,709,23,3,2,61
6323,710,23,3,2,165
6324,711,23,3,2,189
6325,712,23,3,2,157
6326,713,23,3,2,66
6327,714,23,3,2,189
6328,715,23,3,2,50
6329,716,23,3,2,150
6330,717,23,3,2,69
6331,718,23,3,2,201
6332,719,23,3,2,59
6333,720,23,3,2,55
6334,721,23,3,2,55
6335,722,23,3,2,57
6336,723,23,3,2,53
6337,724,23,3,2,68
6338,725,23,3,2,68
6339,726,23,3,2,55
6340,727,23,3,2,57
6341,728,23,3,2,115
6342,729,23,3,2,57
6343,730,23,3,2,149
6344,731,23,3,2,146
6345,732,23,3,2,194
6346,733,23,3,2,97
6347,734,23,3,2,152
6348,735,23,3,2,113
6349,736,23,3,2,138
6350,737,23,3,2,59
6351,738,23,3,2,180
6352,739,23,3,2,187
6353,740,23,3,2,118
6354,741,23,3,2,132
6355,742,23,3,2,76
6356,743,23,3,2,175
6357,744,23,3,2,213
6358,745,23,3,2,129
6359,746,23,3,2,66
6360,747,23,3,2,189
6361,748,23,3,2,226
6362,749,23,3,2,57
6363,750,23,3,2,61
6364,751,23,3,2,63
6365,752,23,3,2,136
25134,667,23,3,2,116
25135,669,23,3,2,194
25136,670,23,3,2,131
25137,671,23,3,2,211
25138,672,23,3,2,188
25139,674,23,3,2,219
25140,675,23,3,2,107
25141,676,23,3,2,187
25142,679,23,3,2,191
25143,680,23,3,2,143
25144,681,23,3,2,139
25145,682,23,3,2,128
25146,683,23,3,2,86
25147,684,23,3,2,73
25148,685,23,3,2,111
25149,686,23,3,2,136
25150,687,23,3,2,97
25151,688,23,3,2,171
25152,689,23,3,2,107
25153,690,23,3,2,69
25154,691,23,3,2,86
25155,692,23,3,2,105
25156,693,23,3,2,72
25157,694,23,3,2,132
25158,695,23,3,2,154
25159,696,23,3,2,175
25160,697,23,3,2,107
25161,698,23,3,2,104
25162,699,23,3,2,121
25163,700,23,3,2,128
25164,701,23,3,2,158
25165,702,23,3,2,85
25166,703,23,3,2,63
25167,704,23,3,2,93
25168,705,23,3,2,82
25169,706,23,3,2,109
25170,707,23,3,2,131
25171,708,23,3,2,49
25172,709,23,3,2,45
25173,710,23,3,2,98
25174,711,23,3,2,105
25175,712,23,3,2,84
25176,713,23,3,2,46
25177,714,23,3,2,117
25178,715,23,3,2,47
25179,716,23,3,2,87
25180,717,23,3,2,60
25181,718,23,3,2,180
25182,719,23,3,2,57
25183,720,23,3,2,41
25184,721,23,3,2,46
25185,722,23,3,2,42
25186,723,23,3,2,53
25187,724,23,3,2,66
25188,725,23,3,2,68
25189,726,23,3,2,53
25190,727,23,3,2,57
25191,728,23,3,2,112
25192,729,23,3,2,48
25193,730,23,3,2,139
25194,731,23,3,2,112
25195,732,23,3,2,127
25196,733,23,3,2,90
25197,734,23,3,2,111
25198,735,23,3,2,104
25199,736,23,3,2,102
25200,737,23,3,2,52
25201,738,23,3,2,142
25202,739,23,3,2,113
25203,740,23,3,2,98
25204,741,23,3,2,96
25205,742,23,3,2,53
25206,743,23,3,2,127
25207,744,23,3,2,152
25208,745,23,3,2,87
25209,746,23,3,2,53
25210,747,23,3,2,166
25211,748,23,3,2,147
25212,749,23,3,2,55
25213,750,23,3,2,57
25214,751,23,3,2,63
25215,752,23,3,2,114
6048,437,16,3,2,140
6049,438,16,3,2,154
6050,439,16,3,2,158
6051,440,16,3,2,108
6052,441,16,3,2,159
6053,442,16,3,2,139
6054,443,16,3,2,113
6055,444,16,3,2,102
6056,445,16,3,2,119
6057,446,16,3,2,117
6058,447,16,3,2,137
6059,448,16,3,2,144
6060,449,16,3,2,125
6061,450,16,3,2,123
6062,451,16,3,2,106
6063,452,16,3,2,111
6064,453,16,3,2,116
6065,454,16,3,2,109
6066,455,16,3,2,126
6067,456,16,3,2,89
6068,457,16,3,2,86
6069,458,16,3,2,132
6070,459,16,3,2,118
6071,460,16,3,2,117
6072,461,16,3,2,128
6073,462,16,3,2,106
6074,463,16,3,2,135
6075,464,16,3,2,93
6076,465,16,3,2,114
6077,466,16,3,2,113
6078,467,16,3,2,134
6079,468,16,3,2,110
6080,469,16,3,2,148
6081,470,16,3,2,120
6082,471,16,3,2,104
6083,472,16,3,2,141
6084,473,16,3,2,164
6085,474,16,3,2,137
6086,475,16,3,2,124
6087,476,16,3,2,143
6088,477,16,3,2,133
6089,478,16,3,2,94
6090,479,16,3,2,131
6091,480,16,3,2,114
6092,481,16,3,2,128
6093,482,16,3,2,119
6094,483,16,3,2,142
6095,484,16,3,2,107
6096,485,16,3,2,139
6097,486,16,3,2,143
6098,487,16,3,2,71
6099,488,16,3,2,140
6100,489,16,3,2,112
6101,490,16,3,2,88
6102,491,16,3,2,112
6103,492,16,3,2,146
6104,493,16,3,2,130
6105,494,16,3,2,136
6106,495,16,3,2,39
6107,496,16,3,2,101
6108,497,16,3,2,147
6109,498,16,3,2,125
6110,499,16,3,2,128
6111,500,16,3,2,3
6112,501,16,3,2,114
6113,502,16,3,2,149
6114,503,16,3,2,65
6115,504,16,3,2,154
6116,505,16,3,2,120
6117,506,16,3,2,133
6118,507,16,3,2,129
6119,508,16,3,2,85
6120,509,16,3,2,8
6121,510,16,3,2,121
6122,511,16,3,2,115
6123,512,16,3,2,118
6124,513,16,3,2,109
24916,437,16,3,2,137
24917,442,16,3,2,119
24918,443,16,3,2,121
24919,444,16,3,2,102
24920,447,16,3,2,97
24921,448,16,3,2,103
24922,449,16,3,2,108
24923,450,16,3,2,108
24924,451,16,3,2,93
24925,452,16,3,2,90
24926,453,16,3,2,99
24927,454,16,3,2,85
24928,455,16,3,2,84
24929,456,16,3,2,86
24930,457,16,3,2,97
24931,459,16,3,2,83
24932,460,16,3,2,93
24933,461,16,3,2,111
24934,462,16,3,2,95
24935,463,16,3,2,97
24936,464,16,3,2,83
24937,465,16,3,2,78
24938,466,16,3,2,135
24939,467,16,3,2,95
24940,468,16,3,2,107
24941,469,16,3,2,141
24942,470,16,3,2,101
24943,471,16,3,2,83
24944,472,16,3,2,101
24945,473,16,3,2,172
24946,474,16,3,2,91
24947,475,16,3,2,66
24948,476,16,3,2,86
24949,477,16,3,2,113
24950,478,16,3,2,98
24951,479,16,3,2,81
24952,480,16,3,2,75
24953,481,16,3,2,106
24954,482,16,3,2,79
24955,483,16,3,2,94
24956,484,16,3,2,81
24957,485,16,3,2,99
24958,486,16,3,2,143
24959,487,16,3,2,34
24960,488,16,3,2,80
24961,489,16,3,2,72
24962,490,16,3,2,69
24963,491,16,3,2,82
24964,492,16,3,2,148
24965,493,16,3,2,112
24966,494,16,3,2,94
24967,495,16,3,2,36
24968,496,16,3,2,78
24969,497,16,3,2,121
24970,1395,16,3,2,118
24971,499,16,3,2,127
24972,500,16,3,2,3
24973,501,16,3,2,86
24974,502,16,3,2,148
24975,503,16,3,2,86
24976,504,16,3,2,111
24977,505,16,3,2,75
24978,506,16,3,2,64
24979,507,16,3,2,106
24980,508,16,3,2,79
24981,509,16,3,2,61
24982,510,16,3,2,121
24983,511,16,3,2,77
24984,512,16,3,2,59
24985,513,16,3,2,117
7450,437,16,3,1,144
7451,438,16,3,1,152
7452,439,16,3,1,157
7453,440,16,3,1,110
7454,441,16,3,1,148
7455,442,16,3,1,138
7456,443,16,3,1,129
7457,444,16,3,1,118
7458,445,16,3,1,114
7459,446,16,3,1,112
7460,447,16,3,1,148
7461,448,16,3,1,138
7462,449,16,3,1,123
7463,450,16,3,1,124
7464,451,16,3,1,118
7465,452,16,3,1,118
7466,453,16,3,1,115
7467,454,16,3,1,119
7468,455,16,3,1,132
7469,456,16,3,1,87
7470,457,16,3,1,103
7471,458,16,3,1,121
7472,459,16,3,1,125
7473,460,16,3,1,128
7474,461,16,3,1,129
7475,462,16,3,1,118
7476,463,16,3,1,149
7477,464,16,3,1,105
7478,465,16,3,1,126
7479,466,16,3,1,127
7480,467,16,3,1,140
7481,468,16,3,1,105
7482,469,16,3,1,149
7483,470,16,3,1,127
7484,471,16,3,1,108
7485,472,16,3,1,132
7486,473,16,3,1,148
7487,474,16,3,1,141
7488,475,16,3,1,131
7489,476,16,3,1,132
7490,477,16,3,1,125
7491,478,16,3,1,110
7492,479,16,3,1,135
7493,480,16,3,1,121
7494,481,16,3,1,134
7495,482,16,3,1,138
7496,483,16,3,1,110
7497,484,16,3,1,125
7498,485,16,3,1,126
7499,486,16,3,1,133
7500,487,16,3,1,73
7501,488,16,3,1,126
7502,489,16,3,1,122
7503,490,16,3,1,85
7504,491,16,3,1,119
7505,492,16,3,1,132
7506,493,16,3,1,122
7507,494,16,3,1,119
7508,495,16,3,1,38
7509,496,16,3,1,91
7510,497,16,3,1,141
7511,498,16,3,1,120
7512,499,16,3,1,114
7513,500,16,3,1,7
7514,501,16,3,1,131
7515,502,16,3,1,134
7516,503,16,3,1,101
7517,504,16,3,1,136
7518,505,16,3,1,105
7519,506,16,3,1,113
7520,507,16,3,1,136
7521,508,16,3,1,85
7522,509,16,3,1,47
7523,510,16,3,1,98
7524,511,16,3,1,105
7525,512,16,3,1,110
7526,513,16,3,1,105
23631,437,16,3,1,138
23632,442,16,3,1,115
23633,443,16,3,1,124
23634,444,16,3,1,107
23635,447,16,3,1,104
23636,448,16,3,1,100
23637,449,16,3,1,103
23638,450,16,3,1,107
23639,451,16,3,1,104
23640,452,16,3,1,94
23641,453,16,3,1,95
23642,454,16,3,1,92
23643,455,16,3,1,88
23644,456,16,3,1,81
23645,457,16,3,1,97
23646,459,16,3,1,86
23647,460,16,3,1,97
23648,461,16,3,1,109
23649,462,16,3,1,99
23650,463,16,3,1,106
23651,464,16,3,1,85
23652,465,16,3,1,85
23653,466,16,3,1,123
23654,467,16,3,1,99
23655,468,16,3,1,100
23656,469,16,3,1,139
23657,470,16,3,1,109
23658,471,16,3,1,83
23659,472,16,3,1,96
23660,473,16,3,1,148
23661,474,16,3,1,90
23662,475,16,3,1,70
23663,476,16,3,1,82
23664,477,16,3,1,104
23665,478,16,3,1,102
23666,479,16,3,1,83
23667,480,16,3,1,77
23668,481,16,3,1,105
23669,482,16,3,1,92
23670,483,16,3,1,78
23671,484,16,3,1,90
23672,485,16,3,1,95
23673,486,16,3,1,121
23674,487,16,3,1,40
23675,488,16,3,1,77
23676,489,16,3,1,76
23677,490,16,3,1,68
23678,491,16,3,1,83
23679,492,16,3,1,131
23680,493,16,3,1,103
23681,494,16,3,1,85
23682,495,16,3,1,35
23683,496,16,3,1,72
23684,497,16,3,1,118
23685,1395,16,3,1,107
23686,499,16,3,1,108
23687,500,16,3,1,7
23688,501,16,3,1,99
23689,502,16,3,1,127
23690,503,16,3,1,97
23691,504,16,3,1,102
23692,505,16,3,1,68
23693,506,16,3,1,58
23694,507,16,3,1,110
23695,508,16,3,1,78
23696,509,16,3,1,71
23697,510,16,3,1,98
23698,511,16,3,1,69
23699,512,16,3,1,63
23700,513,16,3,1,110
8852,437,16,4,1,119
8853,438,16,4,1,145
8854,439,16,4,1,131
8855,440,16,4,1,135
8856,441,16,4,1,128
8857,442,16,4,1,124
8858,443,16,4,1,120
8859,444,16,4,1,115
8860,445,16,4,1,99
8861,446,16,4,1,119
8862,447,16,4,1,123
8863,448,16,4,1,113
8864,449,16,4,1,114
8865,450,16,4,1,104
8866,451,16,4,1,116
8867,452,16,4,1,114
8868,453,16,4,1,108
8869,454,16,4,1,120
8870,455,16,4,1,117
8871,456,16,4,1,88
8872,457,16,4,1,109
8873,458,16,4,1,111
8874,459,16,4,1,121
8875,460,16,4,1,122
8876,461,16,4,1,121
8877,462,16,4,1,111
8878,463,16,4,1,122
8879,464,16,4,1,122
8880,465,16,4,1,120
8881,466,16,4,1,124
8882,467,16,4,1,120
8883,468,16,4,1,117
8884,469,16,4,1,140
8885,470,16,4,1,117
8886,471,16,4,1,102
8887,472,16,4,1,117
8888,473,16,4,1,116
8889,474,16,4,1,126
8890,475,16,4,1,118
8891,476,16,4,1,124
8892,477,16,4,1,119
8893,478,16,4,1,113
8894,479,16,4,1,114
8895,480,16,4,1,107
8896,481,16,4,1,109
8897,482,16,4,1,111
8898,483,16,4,1,114
8899,484,16,4,1,103
8900,485,16,4,1,122
8901,486,16,4,1,119
8902,487,16,4,1,89
8903,488,16,4,1,110
8904,489,16,4,1,118
8905,490,16,4,1,88
8906,491,16,4,1,117
8907,492,16,4,1,134
8908,493,16,4,1,101
8909,494,16,4,1,119
8910,495,16,4,1,73
8911,496,16,4,1,103
8912,497,16,4,1,115
8913,498,16,4,1,126
8914,499,16,4,1,108
8915,500,16,4,1,9
8916,501,16,4,1,121
8917,502,16,4,1,126
8918,503,16,4,1,90
8919,504,16,4,1,117
8920,505,16,4,1,108
8921,506,16,4,1,107
8922,507,16,4,1,112
8923,508,16,4,1,91
8924,509,16,4,1,121
8925,510,16,4,1,108
8926,511,16,4,1,119
8927,512,16,4,1,121
8928,513,16,4,1,114
22346,437,16,4,1,119
22347,442,16,4,1,115
22348,443,16,4,1,122
22349,444,16,4,1,108
22350,447,16,4,1,107
22351,448,16,4,1,107
22352,449,16,4,1,103
22353,450,16,4,1,97
22354,451,16,4,1,110
22355,452,16,4,1,99
22356,453,16,4,1,104
22357,454,16,4,1,104
22358,455,16,4,1,104
22359,456,16,4,1,86
22360,457,16,4,1,97
22361,459,16,4,1,93
22362,460,16,4,1,113
22363,461,16,4,1,110
22364,462,16,4,1,111
22365,463,16,4,1,98
22366,464,16,4,1,109
22367,465,16,4,1,113
22368,466,16,4,1,120
22369,467,16,4,1,102
22370,468,16,4,1,113
22371,469,16,4,1,134
22372,470,16,4,1,107
22373,471,16,4,1,100
22374,472,16,4,1,108
22375,473,16,4,1,118
22376,474,16,4,1,104
22377,475,16,4,1,99
22378,476,16,4,1,87
22379,477,16,4,1,99
22380,478,16,4,1,114
22381,479,16,4,1,97
22382,480,16,4,1,85
22383,481,16,4,1,98
22384,482,16,4,1,99
22385,483,16,4,1,105
22386,484,16,4,1,98
22387,485,16,4,1,109
22388,486,16,4,1,125
22389,487,16,4,1,57
22390,488,16,4,1,85
22391,489,16,4,1,94
22392,490,16,4,1,78
22393,491,16,4,1,95
22394,492,16,4,1,129
22395,493,16,4,1,104
22396,494,16,4,1,105
22397,495,16,4,1,55
22398,496,16,4,1,98
22399,497,16,4,1,110
22400,1395,16,4,1,117
22401,499,16,4,1,108
22402,500,16,4,1,8
22403,501,16,4,1,103
22404,502,16,4,1,122
22405,503,16,4,1,96
22406,504,16,4,1,104
22407,505,16,4,1,80
22408,506,16,4,1,63
22409,507,16,4,1,106
22410,508,16,4,1,82
22411,509,16,4,1,106
22412,510,16,4,1,108
22413,511,16,4,1,90
22414,512,16,4,1,78
22415,513,16,4,1,115
10254,437,16,4,2,117
10255,438,16,4,2,141
10256,439,16,4,2,130
10257,440,16,4,2,119
10258,441,16,4,2,129
10259,442,16,4,2,121
10260,443,16,4,2,112
10261,444,16,4,2,103
10262,445,16,4,2,99
10263,446,16,4,2,116
10264,447,16,4,2,122
10265,448,16,4,2,113
10266,449,16,4,2,113
10267,450,16,4,2,108
10268,451,16,4,2,111
10269,452,16,4,2,112
10270,453,16,4,2,102
10271,454,16,4,2,114
10272,455,16,4,2,111
10273,456,16,4,2,91
10274,457,16,4,2,105
10275,458,16,4,2,112
10276,459,16,4,2,116
10277,460,16,4,2,124
10278,461,16,4,2,112
10279,462,16,4,2,108
10280,463,16,4,2,123
10281,464,16,4,2,111
10282,465,16,4,2,114
10283,466,16,4,2,114
10284,467,16,4,2,116
10285,468,16,4,2,118
10286,469,16,4,2,130
10287,470,16,4,2,115
10288,471,16,4,2,96
10289,472,16,4,2,120
10290,473,16,4,2,127
10291,474,16,4,2,118
10292,475,16,4,2,120
10293,476,16,4,2,126
10294,477,16,4,2,118
10295,478,16,4,2,102
10296,479,16,4,2,108
10297,480,16,4,2,109
10298,481,16,4,2,102
10299,482,16,4,2,106
10300,483,16,4,2,118
10301,484,16,4,2,93
10302,485,16,4,2,125
10303,486,16,4,2,118
10304,487,16,4,2,82
10305,488,16,4,2,113
10306,489,16,4,2,110
10307,490,16,4,2,90
10308,491,16,4,2,115
10309,492,16,4,2,133
10310,493,16,4,2,105
10311,494,16,4,2,124
10312,495,16,4,2,72
10313,496,16,4,2,105
10314,497,16,4,2,117
10315,498,16,4,2,126
10316,499,16,4,2,100
10317,500,16,4,2,3
10318,501,16,4,2,115
10319,502,16,4,2,130
10320,503,16,4,2,73
10321,504,16,4,2,118
10322,505,16,4,2,115
10323,506,16,4,2,109
10324,507,16,4,2,112
10325,508,16,4,2,96
10326,509,16,4,2,108
10327,510,16,4,2,123
10328,511,16,4,2,124
10329,512,16,4,2,133
10330,513,16,4,2,120
26201,437,16,4,2,118
26202,442,16,4,2,112
26203,443,16,4,2,116
26204,444,16,4,2,103
26205,447,16,4,2,109
26206,448,16,4,2,107
26207,449,16,4,2,103
26208,450,16,4,2,100
26209,451,16,4,2,110
26210,452,16,4,2,101
26211,453,16,4,2,101
26212,454,16,4,2,101
26213,455,16,4,2,100
26214,456,16,4,2,89
26215,457,16,4,2,96
26216,459,16,4,2,92
26217,460,16,4,2,113
26218,461,16,4,2,103
26219,462,16,4,2,112
26220,463,16,4,2,100
26221,464,16,4,2,109
26222,465,16,4,2,113
26223,466,16,4,2,120
26224,467,16,4,2,103
26225,468,16,4,2,114
26226,469,16,4,2,127
26227,470,16,4,2,103
26228,471,16,4,2,99
26229,472,16,4,2,113
26230,473,16,4,2,134
26231,474,16,4,2,107
26232,475,16,4,2,102
26233,476,16,4,2,87
26234,477,16,4,2,99
26235,478,16,4,2,109
26236,479,16,4,2,97
26237,480,16,4,2,88
26238,481,16,4,2,94
26239,482,16,4,2,102
26240,483,16,4,2,109
26241,484,16,4,2,95
26242,485,16,4,2,114
26243,486,16,4,2,125
26244,487,16,4,2,50
26245,488,16,4,2,85
26246,489,16,4,2,89
26247,490,16,4,2,79
26248,491,16,4,2,94
26249,492,16,4,2,128
26250,493,16,4,2,106
26251,494,16,4,2,109
26252,495,16,4,2,55
26253,496,16,4,2,100
26254,497,16,4,2,110
26255,1395,16,4,2,118
26256,499,16,4,2,105
26257,500,16,4,2,2
26258,501,16,4,2,104
26259,502,16,4,2,126
26260,503,16,4,2,94
26261,504,16,4,2,105
26262,505,16,4,2,85
26263,506,16,4,2,63
26264,507,16,4,2,108
26265,508,16,4,2,84
26266,509,16,4,2,102
26267,510,16,4,2,123
26268,511,16,4,2,94
26269,512,16,4,2,82
26270,513,16,4,2,121
11656,437,16,5,1,113
11657,438,16,5,1,148
11658,439,16,5,1,129
11659,440,16,5,1,124
11660,441,16,5,1,127
11661,442,16,5,1,116
11662,443,16,5,1,118
11663,444,16,5,1,108
11664,445,16,5,1,94
11665,446,16,5,1,111
11666,447,16,5,1,116
11667,448,16,5,1,111
11668,449,16,5,1,109
11669,450,16,5,1,102
11670,451,16,5,1,112
11671,452,16,5,1,111
11672,453,16,5,1,109
11673,454,16,5,1,117
11674,455,16,5,1,120
11675,456,16,5,1,90
11676,457,16,5,1,114
11677,458,16,5,1,113
11678,459,16,5,1,117
11679,460,16,5,1,121
11680,461,16,5,1,122
11681,462,16,5,1,112
11682,463,16,5,1,117
11683,464,16,5,1,114
11684,465,16,5,1,113
11685,466,16,5,1,115
11686,467,16,5,1,113
11687,468,16,5,1,117
11688,469,16,5,1,125
11689,470,16,5,1,115
11690,471,16,5,1,100
11691,472,16,5,1,116
11692,473,16,5,1,123
11693,474,16,5,1,121
11694,475,16,5,1,121
11695,476,16,5,1,113
11696,477,16,5,1,115
11697,478,16,5,1,107
11698,479,16,5,1,108
11699,480,16,5,1,107
11700,481,16,5,1,95
11701,482,16,5,1,105
11702,483,16,5,1,107
11703,484,16,5,1,97
11704,485,16,5,1,124
11705,486,16,5,1,120
11706,487,16,5,1,97
11707,488,16,5,1,108
11708,489,16,5,1,114
11709,490,16,5,1,84
11710,491,16,5,1,104
11711,492,16,5,1,113
11712,493,16,5,1,97
11713,494,16,5,1,108
11714,495,16,5,1,93
11715,496,16,5,1,109
11716,497,16,5,1,116
11717,498,16,5,1,118
11718,499,16,5,1,119
11719,500,16,5,1,14
11720,501,16,5,1,118
11721,502,16,5,1,108
11722,503,16,5,1,98
11723,504,16,5,1,108
11724,505,16,5,1,100
11725,506,16,5,1,94
11726,507,16,5,1,113
11727,508,16,5,1,118
11728,509,16,5,1,124
11729,510,16,5,1,98
11730,511,16,5,1,107
11731,512,16,5,1,110
11732,513,16,5,1,111
13058,437,16,5,2,112
13059,438,16,5,2,141
13060,439,16,5,2,125
13061,440,16,5,2,121
13062,441,16,5,2,128
13063,442,16,5,2,118
13064,443,16,5,2,112
13065,444,16,5,2,100
13066,445,16,5,2,94
13067,446,16,5,2,111
13068,447,16,5,2,117
13069,448,16,5,2,115
13070,449,16,5,2,107
13071,450,16,5,2,104
13072,451,16,5,2,112
13073,452,16,5,2,109
13074,453,16,5,2,108
13075,454,16,5,2,114
13076,455,16,5,2,116
13077,456,16,5,2,91
13078,457,16,5,2,112
13079,458,16,5,2,117
13080,459,16,5,2,116
13081,460,16,5,2,120
13082,461,16,5,2,115
13083,462,16,5,2,113
13084,463,16,5,2,119
13085,464,16,5,2,112
13086,465,16,5,2,106
13087,466,16,5,2,109
13088,467,16,5,2,110
13089,468,16,5,2,123
13090,469,16,5,2,123
13091,470,16,5,2,117
13092,471,16,5,2,95
13093,472,16,5,2,118
13094,473,16,5,2,133
13095,474,16,5,2,116
13096,475,16,5,2,123
13097,476,16,5,2,118
13098,477,16,5,2,119
13099,478,16,5,2,97
13100,479,16,5,2,106
13101,480,16,5,2,111
13102,481,16,5,2,96
13103,482,16,5,2,103
13104,483,16,5,2,117
13105,484,16,5,2,85
13106,485,16,5,2,126
13107,486,16,5,2,126
13108,487,16,5,2,90
13109,488,16,5,2,108
13110,489,16,5,2,108
13111,490,16,5,2,84
13112,491,16,5,2,105
13113,492,16,5,2,113
13114,493,16,5,2,100
13115,494,16,5,2,111
13116,495,16,5,2,94
13117,496,16,5,2,108
13118,497,16,5,2,119
13119,498,16,5,2,117
13120,499,16,5,2,113
13121,500,16,5,2,3
13122,501,16,5,2,121
13123,502,16,5,2,112
13124,503,16,5,2,79
13125,504,16,5,2,110
13126,505,16,5,2,105
13127,506,16,5,2,98
13128,507,16,5,2,113
13129,508,16,5,2,110
13130,509,16,5,2,119
13131,510,16,5,2,107
13132,511,16,5,2,110
13133,512,16,5,2,119
13134,513,16,5,2,117
21061,437,16,5,1,113
21062,442,16,5,1,108
21063,443,16,5,1,117
21064,444,16,5,1,103
21065,447,16,5,1,107
21066,448,16,5,1,108
21067,449,16,5,1,101
21068,450,16,5,1,95
21069,451,16,5,1,111
21070,452,16,5,1,113
21071,453,16,5,1,106
21072,454,16,5,1,102
21073,455,16,5,1,108
21074,456,16,5,1,86
21075,457,16,5,1,100
21076,459,16,5,1,96
21077,460,16,5,1,119
21078,461,16,5,1,114
21079,462,16,5,1,112
21080,463,16,5,1,103
21081,464,16,5,1,104
21082,465,16,5,1,112
21083,466,16,5,1,115
21084,467,16,5,1,101
21085,468,16,5,1,114
21086,469,16,5,1,125
21087,470,16,5,1,108
21088,471,16,5,1,100
21089,472,16,5,1,111
21090,473,16,5,1,123
21091,474,16,5,1,100
21092,475,16,5,1,104
21093,476,16,5,1,79
21094,477,16,5,1,103
21095,478,16,5,1,107
21096,479,16,5,1,95
21097,480,16,5,1,86
21098,481,16,5,1,90
21099,482,16,5,1,94
21100,483,16,5,1,98
21101,484,16,5,1,95
21102,485,16,5,1,113
21103,486,16,5,1,118
21104,487,16,5,1,75
21105,488,16,5,1,86
21106,489,16,5,1,89
21107,490,16,5,1,81
21108,491,16,5,1,95
21109,492,16,5,1,123
21110,493,16,5,1,104
21111,494,16,5,1,98
21112,495,16,5,1,78
21113,496,16,5,1,105
21114,497,16,5,1,110
21115,1395,16,5,1,108
21116,499,16,5,1,113
21117,500,16,5,1,16
21118,501,16,5,1,107
21119,502,16,5,1,113
21120,503,16,5,1,94
21121,504,16,5,1,96
21122,505,16,5,1,84
21123,506,16,5,1,60
21124,507,16,5,1,106
21125,508,16,5,1,96
21126,509,16,5,1,104
21127,510,16,5,1,98
21128,511,16,5,1,83
21129,512,16,5,1,84
21130,513,16,5,1,108
27486,437,16,5,2,113
27487,442,16,5,2,108
27488,443,16,5,2,114
27489,444,16,5,2,100
27490,447,16,5,2,109
27491,448,16,5,2,111
27492,449,16,5,2,100
27493,450,16,5,2,96
27494,451,16,5,2,112
27495,452,16,5,2,113
27496,453,16,5,2,106
27497,454,16,5,2,99
27498,455,16,5,2,106
27499,456,16,5,2,87
27500,457,16,5,2,100
27501,459,16,5,2,95
27502,460,16,5,2,119
27503,461,16,5,2,109
27504,462,16,5,2,113
27505,463,16,5,2,107
27506,464,16,5,2,104
27507,465,16,5,2,113
27508,466,16,5,2,117
27509,467,16,5,2,101
27510,468,16,5,2,120
27511,469,16,5,2,123
27512,470,16,5,2,105
27513,471,16,5,2,98
27514,472,16,5,2,115
27515,473,16,5,2,135
27516,474,16,5,2,100
27517,475,16,5,2,105
27518,476,16,5,2,80
27519,477,16,5,2,103
27520,478,16,5,2,101
27521,479,16,5,2,97
27522,480,16,5,2,90
27523,481,16,5,2,92
27524,482,16,5,2,95
27525,483,16,5,2,103
27526,484,16,5,2,90
27527,485,16,5,2,115
27528,486,16,5,2,122
27529,487,16,5,2,64
27530,488,16,5,2,86
27531,489,16,5,2,85
27532,490,16,5,2,79
27533,491,16,5,2,97
27534,492,16,5,2,123
27535,493,16,5,2,104
27536,494,16,5,2,97
27537,495,16,5,2,75
27538,496,16,5,2,109
27539,497,16,5,2,111
27540,1395,16,5,2,110
27541,499,16,5,2,111
27542,500,16,5,2,3
27543,501,16,5,2,113
27544,502,16,5,2,118
27545,503,16,5,2,91
27546,504,16,5,2,97
27547,505,16,5,2,87
27548,506,16,5,2,58
27549,507,16,5,2,111
27550,508,16,5,2,81
27551,509,16,5,2,99
27552,510,16,5,2,107
27553,511,16,5,2,82
27554,512,16,5,2,88
27555,513,16,5,2,115
1842,437,16,1,2,154
1843,438,16,1,2,154
1844,439,16,1,2,180
1845,440,16,1,2,84
1846,441,16,1,2,195
1847,442,16,1,2,148
1848,443,16,1,2,142
1849,444,16,1,2,107
1850,445,16,1,2,106
1851,446,16,1,2,95
1852,447,16,1,2,153
1853,448,16,1,2,154
1854,449,16,1,2,138
1855,450,16,1,2,131
1856,451,16,1,2,126
1857,452,16,1,2,104
1858,453,16,1,2,134
1859,454,16,1,2,110
1860,455,16,1,2,144
1861,456,16,1,2,77
1862,457,16,1,2,83
1863,458,16,1,2,123
1864,459,16,1,2,115
1865,460,16,1,2,147
1866,461,16,1,2,152
1867,462,16,1,2,134
1868,463,16,1,2,138
1869,464,16,1,2,78
1870,465,16,1,2,140
1871,466,16,1,2,87
1872,467,16,1,2,141
1873,468,16,1,2,115
1874,469,16,1,2,179
1875,470,16,1,2,148
1876,471,16,1,2,129
1877,472,16,1,2,173
1878,473,16,1,2,144
1879,474,16,1,2,153
1880,475,16,1,2,148
1881,476,16,1,2,150
1882,477,16,1,2,152
1883,478,16,1,2,101
1884,479,16,1,2,152
1885,480,16,1,2,102
1886,481,16,1,2,136
1887,482,16,1,2,132
1888,483,16,1,2,89
1889,484,16,1,2,95
1890,485,16,1,2,105
1891,486,16,1,2,163
1892,487,16,1,2,67
1893,488,16,1,2,112
1894,489,16,1,2,100
1895,490,16,1,2,60
1896,491,16,1,2,113
1897,492,16,1,2,173
1898,493,16,1,2,109
1899,494,16,1,2,140
1900,495,16,1,2,34
1901,496,16,1,2,92
1902,497,16,1,2,130
1903,498,16,1,2,152
1904,499,16,1,2,146
1905,500,16,1,2,8
1906,501,16,1,2,125
1907,502,16,1,2,176
1908,503,16,1,2,60
1909,504,16,1,2,151
1910,505,16,1,2,112
1911,506,16,1,2,123
1912,507,16,1,2,124
1913,508,16,1,2,48
1914,509,16,1,2,7
1915,510,16,1,2,73
1916,511,16,1,2,154
1917,512,16,1,2,59
1918,513,16,1,2,114
28771,437,16,1,2,147
28772,442,16,1,2,117
28773,443,16,1,2,142
28774,444,16,1,2,95
28775,447,16,1,2,110
28776,448,16,1,2,100
28777,449,16,1,2,113
28778,450,16,1,2,111
28779,451,16,1,2,104
28780,452,16,1,2,82
28781,453,16,1,2,89
28782,454,16,1,2,72
28783,455,16,1,2,87
28784,456,16,1,2,72
28785,457,16,1,2,77
28786,459,16,1,2,83
28787,460,16,1,2,111
28788,461,16,1,2,124
28789,462,16,1,2,108
28790,463,16,1,2,91
28791,464,16,1,2,72
28792,465,16,1,2,93
28793,466,16,1,2,135
28794,467,16,1,2,91
28795,468,16,1,2,104
28796,469,16,1,2,157
28797,470,16,1,2,121
28798,471,16,1,2,89
28799,472,16,1,2,118
28800,473,16,1,2,146
28801,474,16,1,2,92
28802,475,16,1,2,78
28803,476,16,1,2,90
28804,477,16,1,2,129
28805,478,16,1,2,87
28806,479,16,1,2,69
28807,480,16,1,2,64
28808,481,16,1,2,94
28809,482,16,1,2,82
28810,483,16,1,2,52
28811,484,16,1,2,62
28812,485,16,1,2,70
28813,486,16,1,2,158
28814,487,16,1,2,32
28815,488,16,1,2,57
28816,489,16,1,2,56
28817,490,16,1,2,41
28818,491,16,1,2,68
28819,492,16,1,2,148
28820,493,16,1,2,89
28821,494,16,1,2,92
28822,495,16,1,2,31
28823,496,16,1,2,51
28824,497,16,1,2,99
28825,1395,16,1,2,130
28826,499,16,1,2,122
28827,500,16,1,2,8
28828,501,16,1,2,77
28829,502,16,1,2,189
28830,503,16,1,2,79
28831,504,16,1,2,104
28832,505,16,1,2,65
28833,506,16,1,2,53
28834,507,16,1,2,94
28835,508,16,1,2,29
28836,509,16,1,2,79
28837,510,16,1,2,73
28838,511,16,1,2,92
28839,512,16,1,2,49
28840,513,16,1,2,105
450,437,16,1,1,153
451,438,16,1,1,147
452,439,16,1,1,169
453,440,16,1,1,95
454,441,16,1,1,172
455,442,16,1,1,143
456,443,16,1,1,151
457,444,16,1,1,124
458,445,16,1,1,100
459,446,16,1,1,97
460,447,16,1,1,161
461,448,16,1,1,150
462,449,16,1,1,141
463,450,16,1,1,128
464,451,16,1,1,121
465,452,16,1,1,110
466,453,16,1,1,134
467,454,16,1,1,121
468,455,16,1,1,144
469,456,16,1,1,77
470,457,16,1,1,114
471,458,16,1,1,114
472,459,16,1,1,128
473,460,16,1,1,150
474,461,16,1,1,148
475,462,16,1,1,130
476,463,16,1,1,149
477,464,16,1,1,97
478,465,16,1,1,140
479,466,16,1,1,107
480,467,16,1,1,149
481,468,16,1,1,113
482,469,16,1,1,180
483,470,16,1,1,153
484,471,16,1,1,147
485,472,16,1,1,156
486,473,16,1,1,121
487,474,16,1,1,151
488,475,16,1,1,156
489,476,16,1,1,147
490,477,16,1,1,142
491,478,16,1,1,119
492,479,16,1,1,151
493,480,16,1,1,106
494,481,16,1,1,146
495,482,16,1,1,145
496,483,16,1,1,76
497,484,16,1,1,117
498,485,16,1,1,91
499,486,16,1,1,141
500,487,16,1,1,77
501,488,16,1,1,100
502,489,16,1,1,123
503,490,16,1,1,58
504,491,16,1,1,107
505,492,16,1,1,148
506,493,16,1,1,105
507,494,16,1,1,119
508,495,16,1,1,33
509,496,16,1,1,87
510,497,16,1,1,115
511,498,16,1,1,140
512,499,16,1,1,137
513,500,16,1,1,11
514,501,16,1,1,139
515,502,16,1,1,151
516,503,16,1,1,87
517,504,16,1,1,133
518,505,16,1,1,92
519,506,16,1,1,100
520,507,16,1,1,134
521,508,16,1,1,66
522,509,16,1,1,53
523,510,16,1,1,63
524,511,16,1,1,120
525,512,16,1,1,56
526,513,16,1,1,105
19776,437,16,1,1,145
19777,442,16,1,1,116
19778,443,16,1,1,138
19779,444,16,1,1,103
19780,447,16,1,1,117
19781,448,16,1,1,101
19782,449,16,1,1,114
19783,450,16,1,1,110
19784,451,16,1,1,106
19785,452,16,1,1,89
19786,453,16,1,1,91
19787,454,16,1,1,81
19788,455,16,1,1,90
19789,456,16,1,1,72
19790,457,16,1,1,87
19791,459,16,1,1,92
19792,460,16,1,1,112
19793,461,16,1,1,120
19794,462,16,1,1,101
19795,463,16,1,1,99
19796,464,16,1,1,78
19797,465,16,1,1,94
19798,466,16,1,1,119
19799,467,16,1,1,98
19800,468,16,1,1,101
19801,469,16,1,1,158
19802,470,16,1,1,125
19803,471,16,1,1,99
19804,472,16,1,1,104
19805,473,16,1,1,123
19806,474,16,1,1,90
19807,475,16,1,1,85
19808,476,16,1,1,91
19809,477,16,1,1,115
19810,478,16,1,1,97
19811,479,16,1,1,74
19812,480,16,1,1,67
19813,481,16,1,1,98
19814,482,16,1,1,93
19815,483,16,1,1,49
19816,484,16,1,1,77
19817,485,16,1,1,69
19818,486,16,1,1,120
19819,487,16,1,1,43
19820,488,16,1,1,59
19821,489,16,1,1,68
19822,490,16,1,1,43
19823,491,16,1,1,67
19824,492,16,1,1,129
19825,493,16,1,1,90
19826,494,16,1,1,84
19827,495,16,1,1,30
19828,496,16,1,1,54
19829,497,16,1,1,91
19830,1395,16,1,1,115
19831,499,16,1,1,112
19832,500,16,1,1,10
19833,501,16,1,1,93
19834,502,16,1,1,141
19835,503,16,1,1,93
19836,504,16,1,1,90
19837,505,16,1,1,60
19838,506,16,1,1,50
19839,507,16,1,1,103
19840,508,16,1,1,46
19841,509,16,1,1,88
19842,510,16,1,1,63
19843,511,16,1,1,77
19844,512,16,1,1,58
19845,513,16,1,1,103
4646,437,16,2,1,132
4647,438,16,2,1,128
4648,439,16,2,1,139
4649,440,16,2,1,141
4650,441,16,2,1,141
4651,442,16,2,1,134
4652,443,16,2,1,123
4653,444,16,2,1,117
4654,445,16,2,1,106
4655,446,16,2,1,115
4656,447,16,2,1,133
4657,448,16,2,1,124
4658,449,16,2,1,117
4659,450,16,2,1,119
4660,451,16,2,1,112
4661,452,16,2,1,117
4662,453,16,2,1,113
4663,454,16,2,1,122
4664,455,16,2,1,122
4665,456,16,2,1,91
4666,457,16,2,1,109
4667,458,16,2,1,121
4668,459,16,2,1,124
4669,460,16,2,1,132
4670,461,16,2,1,127
4671,462,16,2,1,111
4672,463,16,2,1,132
4673,464,16,2,1,116
4674,465,16,2,1,119
4675,466,16,2,1,141
4676,467,16,2,1,123
4677,468,16,2,1,116
4678,469,16,2,1,139
4679,470,16,2,1,117
4680,471,16,2,1,110
4681,472,16,2,1,122
4682,473,16,2,1,113
4683,474,16,2,1,132
4684,475,16,2,1,131
4685,476,16,2,1,131
4686,477,16,2,1,119
4687,478,16,2,1,116
4688,479,16,2,1,118
4689,480,16,2,1,120
4690,481,16,2,1,123
4691,482,16,2,1,118
4692,483,16,2,1,109
4693,484,16,2,1,111
4694,485,16,2,1,132
4695,486,16,2,1,127
4696,487,16,2,1,76
4697,488,16,2,1,124
4698,489,16,2,1,119
4699,490,16,2,1,96
4700,491,16,2,1,114
4701,492,16,2,1,131
4702,493,16,2,1,114
4703,494,16,2,1,127
4704,495,16,2,1,58
4705,496,16,2,1,99
4706,497,16,2,1,133
4707,498,16,2,1,123
4708,499,16,2,1,123
4709,500,16,2,1,11
4710,501,16,2,1,127
4711,502,16,2,1,131
4712,503,16,2,1,103
4713,504,16,2,1,125
4714,505,16,2,1,112
4715,506,16,2,1,104
4716,507,16,2,1,118
4717,508,16,2,1,76
4718,509,16,2,1,94
4719,510,16,2,1,79
4720,511,16,2,1,108
4721,512,16,2,1,129
4722,513,16,2,1,105
17206,437,16,2,1,128
17207,442,16,2,1,116
17208,443,16,2,1,122
17209,444,16,2,1,109
17210,447,16,2,1,103
17211,448,16,2,1,102
17212,449,16,2,1,103
17213,450,16,2,1,107
17214,451,16,2,1,104
17215,452,16,2,1,103
17216,453,16,2,1,100
17217,454,16,2,1,100
17218,455,16,2,1,94
17219,456,16,2,1,88
17220,457,16,2,1,99
17221,459,16,2,1,93
17222,460,16,2,1,110
17223,461,16,2,1,107
17224,462,16,2,1,105
17225,463,16,2,1,97
17226,464,16,2,1,97
17227,465,16,2,1,101
17228,466,16,2,1,132
17229,467,16,2,1,95
17230,468,16,2,1,112
17231,469,16,2,1,134
17232,470,16,2,1,105
17233,471,16,2,1,98
17234,472,16,2,1,96
17235,473,16,2,1,125
17236,474,16,2,1,106
17237,475,16,2,1,84
17238,476,16,2,1,83
17239,477,16,2,1,100
17240,478,16,2,1,111
17241,479,16,2,1,88
17242,480,16,2,1,87
17243,481,16,2,1,104
17244,482,16,2,1,90
17245,483,16,2,1,88
17246,484,16,2,1,102
17247,485,16,2,1,106
17248,486,16,2,1,128
17249,487,16,2,1,44
17250,488,16,2,1,79
17251,489,16,2,1,85
17252,490,16,2,1,82
17253,491,16,2,1,85
17254,492,16,2,1,134
17255,493,16,2,1,105
17256,494,16,2,1,96
17257,495,16,2,1,47
17258,496,16,2,1,83
17259,497,16,2,1,115
17260,1395,16,2,1,108
17261,499,16,2,1,114
17262,500,16,2,1,9
17263,501,16,2,1,101
17264,502,16,2,1,128
17265,503,16,2,1,99
17266,504,16,2,1,105
17267,505,16,2,1,81
17268,506,16,2,1,60
17269,507,16,2,1,101
17270,508,16,2,1,69
17271,509,16,2,1,95
17272,510,16,2,1,79
17273,511,16,2,1,85
17274,512,16,2,1,75
17275,513,16,2,1,111
3244,437,16,2,2,130
3245,438,16,2,2,130
3246,439,16,2,2,140
3247,440,16,2,2,131
3248,441,16,2,2,149
3249,442,16,2,2,133
3250,443,16,2,2,109
3251,444,16,2,2,98
3252,445,16,2,2,102
3253,446,16,2,2,110
3254,447,16,2,2,124
3255,448,16,2,2,129
3256,449,16,2,2,113
3257,450,16,2,2,118
3258,451,16,2,2,106
3259,452,16,2,2,112
3260,453,16,2,2,106
3261,454,16,2,2,115
3262,455,16,2,2,113
3263,456,16,2,2,85
3264,457,16,2,2,91
3265,458,16,2,2,124
3266,459,16,2,2,115
3267,460,16,2,2,125
3268,461,16,2,2,122
3269,462,16,2,2,104
3270,463,16,2,2,120
3271,464,16,2,2,100
3272,465,16,2,2,108
3273,466,16,2,2,125
3274,467,16,2,2,116
3275,468,16,2,2,120
3276,469,16,2,2,125
3277,470,16,2,2,117
3278,471,16,2,2,101
3279,472,16,2,2,129
3280,473,16,2,2,135
3281,474,16,2,2,125
3282,475,16,2,2,124
3283,476,16,2,2,132
3284,477,16,2,2,129
3285,478,16,2,2,105
3286,479,16,2,2,105
3287,480,16,2,2,116
3288,481,16,2,2,113
3289,482,16,2,2,105
3290,483,16,2,2,129
3291,484,16,2,2,90
3292,485,16,2,2,135
3293,486,16,2,2,127
3294,487,16,2,2,79
3295,488,16,2,2,126
3296,489,16,2,2,107
3297,490,16,2,2,97
3298,491,16,2,2,114
3299,492,16,2,2,139
3300,493,16,2,2,120
3301,494,16,2,2,132
3302,495,16,2,2,59
3303,496,16,2,2,103
3304,497,16,2,2,137
3305,498,16,2,2,128
3306,499,16,2,2,119
3307,500,16,2,2,3
3308,501,16,2,2,107
3309,502,16,2,2,135
3310,503,16,2,2,88
3311,504,16,2,2,136
3312,505,16,2,2,120
3313,506,16,2,2,111
3314,507,16,2,2,112
3315,508,16,2,2,86
3316,509,16,2,2,44
3317,510,16,2,2,102
3318,511,16,2,2,114
3319,512,16,2,2,136
3320,513,16,2,2,113
30056,437,16,2,2,129
30057,442,16,2,2,116
30058,443,16,2,2,115
30059,444,16,2,2,100
30060,447,16,2,2,100
30061,448,16,2,2,107
30062,449,16,2,2,103
30063,450,16,2,2,106
30064,451,16,2,2,104
30065,452,16,2,2,103
30066,453,16,2,2,103
30067,454,16,2,2,97
30068,455,16,2,2,92
30069,456,16,2,2,85
30070,457,16,2,2,94
30071,459,16,2,2,89
30072,460,16,2,2,107
30073,461,16,2,2,105
30074,462,16,2,2,107
30075,463,16,2,2,89
30076,464,16,2,2,96
30077,465,16,2,2,97
30078,466,16,2,2,131
30079,467,16,2,2,94
30080,468,16,2,2,117
30081,469,16,2,2,126
30082,470,16,2,2,104
30083,471,16,2,2,98
30084,472,16,2,2,102
30085,473,16,2,2,152
30086,474,16,2,2,110
30087,475,16,2,2,82
30088,476,16,2,2,82
30089,477,16,2,2,110
30090,478,16,2,2,107
30091,479,16,2,2,85
30092,480,16,2,2,86
30093,481,16,2,2,102
30094,482,16,2,2,85
30095,483,16,2,2,102
30096,484,16,2,2,98
30097,485,16,2,2,109
30098,486,16,2,2,133
30099,487,16,2,2,41
30100,488,16,2,2,79
30101,489,16,2,2,82
30102,490,16,2,2,83
30103,491,16,2,2,81
30104,492,16,2,2,141
30105,493,16,2,2,110
30106,494,16,2,2,102
30107,495,16,2,2,47
30108,496,16,2,2,88
30109,497,16,2,2,116
30110,1395,16,2,2,117
30111,499,16,2,2,116
30112,500,16,2,2,3
30113,501,16,2,2,90
30114,502,16,2,2,134
30115,503,16,2,2,103
30116,504,16,2,2,112
30117,505,16,2,2,88
30118,506,16,2,2,64
30119,507,16,2,2,100
30120,508,16,2,2,72
30121,509,16,2,2,80
30122,510,16,2,2,102
30123,511,16,2,2,90
30124,512,16,2,2,74
30125,513,16,2,2,122
15862,437,16,6,2,108
15863,438,16,6,2,127
15864,439,16,6,2,126
15865,440,16,6,2,114
15866,441,16,6,2,115
15867,442,16,6,2,117
15868,443,16,6,2,107
15869,444,16,6,2,94
15870,445,16,6,2,90
15871,446,16,6,2,101
15872,447,16,6,2,115
15873,448,16,6,2,117
15874,449,16,6,2,111
15875,450,16,6,2,95
15876,451,16,6,2,107
15877,452,16,6,2,108
15878,453,16,6,2,102
15879,454,16,6,2,113
15880,455,16,6,2,115
15881,456,16,6,2,88
15882,457,16,6,2,100
15883,458,16,6,2,101
15884,459,16,6,2,114
15885,460,16,6,2,108
15886,461,16,6,2,110
15887,462,16,6,2,110
15888,463,16,6,2,118
15889,464,16,6,2,116
15890,465,16,6,2,110
15891,466,16,6,2,115
15892,467,16,6,2,110
15893,468,16,6,2,121
15894,469,16,6,2,124
15895,470,16,6,2,111
15896,471,16,6,2,93
15897,472,16,6,2,117
15898,473,16,6,2,123
15899,474,16,6,2,119
15900,475,16,6,2,125
15901,476,16,6,2,121
15902,477,16,6,2,115
15903,478,16,6,2,88
15904,479,16,6,2,105
15905,480,16,6,2,106
15906,481,16,6,2,98
15907,482,16,6,2,98
15908,483,16,6,2,124
15909,484,16,6,2,78
15910,485,16,6,2,111
15911,486,16,6,2,114
15912,487,16,6,2,100
15913,488,16,6,2,121
15914,489,16,6,2,114
15915,490,16,6,2,79
15916,491,16,6,2,113
15917,492,16,6,2,117
15918,493,16,6,2,101
15919,494,16,6,2,110
15920,495,16,6,2,103
15921,496,16,6,2,112
15922,497,16,6,2,121
15923,498,16,6,2,107
15924,499,16,6,2,100
15925,500,16,6,2,2
15926,501,16,6,2,123
15927,502,16,6,2,115
15928,503,16,6,2,85
15929,504,16,6,2,119
15930,505,16,6,2,109
15931,506,16,6,2,97
15932,507,16,6,2,108
15933,508,16,6,2,107
15934,509,16,6,2,112
15935,510,16,6,2,119
15936,511,16,6,2,106
15937,512,16,6,2,121
15938,513,16,6,2,110
31341,437,16,6,2,109
31342,442,16,6,2,112
31343,443,16,6,2,106
31344,444,16,6,2,96
31345,447,16,6,2,112
31346,448,16,6,2,111
31347,449,16,6,2,110
31348,450,16,6,2,88
31349,451,16,6,2,107
31350,452,16,6,2,109
31351,453,16,6,2,102
31352,454,16,6,2,105
31353,455,16,6,2,110
31354,456,16,6,2,85
31355,457,16,6,2,96
31356,459,16,6,2,97
31357,460,16,6,2,107
31358,461,16,6,2,108
31359,462,16,6,2,110
31360,463,16,6,2,114
31361,464,16,6,2,104
31362,465,16,6,2,109
31363,466,16,6,2,113
31364,467,16,6,2,106
31365,468,16,6,2,115
31366,469,16,6,2,123
31367,470,16,6,2,100
31368,471,16,6,2,94
31369,472,16,6,2,111
31370,473,16,6,2,130
31371,474,16,6,2,103
31372,475,16,6,2,109
31373,476,16,6,2,90
31374,477,16,6,2,109
31375,478,16,6,2,95
31376,479,16,6,2,94
31377,480,16,6,2,90
31378,481,16,6,2,102
31379,482,16,6,2,102
31380,483,16,6,2,110
31381,484,16,6,2,78
31382,485,16,6,2,110
31383,486,16,6,2,114
31384,487,16,6,2,77
31385,488,16,6,2,101
31386,489,16,6,2,101
31387,490,16,6,2,79
31388,491,16,6,2,109
31389,492,16,6,2,121
31390,493,16,6,2,107
31391,494,16,6,2,96
31392,495,16,6,2,84
31393,496,16,6,2,104
31394,497,16,6,2,113
31395,1395,16,6,2,102
31396,499,16,6,2,97
31397,500,16,6,2,2
31398,501,16,6,2,116
31399,502,16,6,2,107
31400,503,16,6,2,91
31401,504,16,6,2,118
31402,505,16,6,2,91
31403,506,16,6,2,67
31404,507,16,6,2,112
31405,508,16,6,2,87
31406,509,16,6,2,98
31407,510,16,6,2,119
31408,511,16,6,2,88
31409,512,16,6,2,95
31410,513,16,6,2,109
14460,437,16,6,1,109
14461,438,16,6,1,127
14462,439,16,6,1,126
14463,440,16,6,1,120
14464,441,16,6,1,117
14465,442,16,6,1,115
14466,443,16,6,1,115
14467,444,16,6,1,104
14468,445,16,6,1,95
14469,446,16,6,1,113
14470,447,16,6,1,111
14471,448,16,6,1,111
14472,449,16,6,1,105
14473,450,16,6,1,99
14474,451,16,6,1,106
14475,452,16,6,1,107
14476,453,16,6,1,105
14477,454,16,6,1,111
14478,455,16,6,1,110
14479,456,16,6,1,92
14480,457,16,6,1,108
14481,458,16,6,1,103
14482,459,16,6,1,109
14483,460,16,6,1,114
14484,461,16,6,1,111
14485,462,16,6,1,114
14486,463,16,6,1,111
14487,464,16,6,1,113
14488,465,16,6,1,111
14489,466,16,6,1,113
14490,467,16,6,1,106
14491,468,16,6,1,114
14492,469,16,6,1,127
14493,470,16,6,1,114
14494,471,16,6,1,102
14495,472,16,6,1,109
14496,473,16,6,1,116
14497,474,16,6,1,113
14498,475,16,6,1,114
14499,476,16,6,1,114
14500,477,16,6,1,110
14501,478,16,6,1,103
14502,479,16,6,1,100
14503,480,16,6,1,101
14504,481,16,6,1,97
14505,482,16,6,1,97
14506,483,16,6,1,118
14507,484,16,6,1,94
14508,485,16,6,1,116
14509,486,16,6,1,116
14510,487,16,6,1,109
14511,488,16,6,1,112
14512,489,16,6,1,116
14513,490,16,6,1,87
14514,491,16,6,1,112
14515,492,16,6,1,116
14516,493,16,6,1,99
14517,494,16,6,1,101
14518,495,16,6,1,99
14519,496,16,6,1,106
14520,497,16,6,1,115
14521,498,16,6,1,115
14522,499,16,6,1,107
14523,500,16,6,1,9
14524,501,16,6,1,115
14525,502,16,6,1,117
14526,503,16,6,1,94
14527,504,16,6,1,114
14528,505,16,6,1,101
14529,506,16,6,1,91
14530,507,16,6,1,100
14531,508,16,6,1,114
14532,509,16,6,1,125
14533,510,16,6,1,113
14534,511,16,6,1,104
14535,512,16,6,1,111
14536,513,16,6,1,105
18491,437,16,6,1,110
18492,442,16,6,1,110
18493,443,16,6,1,112
18494,444,16,6,1,104
18495,447,16,6,1,108
18496,448,16,6,1,107
18497,449,16,6,1,104
18498,450,16,6,1,93
18499,451,16,6,1,104
18500,452,16,6,1,109
18501,453,16,6,1,105
18502,454,16,6,1,103
18503,455,16,6,1,107
18504,456,16,6,1,89
18505,457,16,6,1,103
18506,459,16,6,1,94
18507,460,16,6,1,112
18508,461,16,6,1,111
18509,462,16,6,1,111
18510,463,16,6,1,108
18511,464,16,6,1,102
18512,465,16,6,1,109
18513,466,16,6,1,110
18514,467,16,6,1,102
18515,468,16,6,1,108
18516,469,16,6,1,126
18517,470,16,6,1,107
18518,471,16,6,1,102
18519,472,16,6,1,103
18520,473,16,6,1,123
18521,474,16,6,1,97
18522,475,16,6,1,102
18523,476,16,6,1,87
18524,477,16,6,1,107
18525,478,16,6,1,103
18526,479,16,6,1,90
18527,480,16,6,1,87
18528,481,16,6,1,100
18529,482,16,6,1,96
18530,483,16,6,1,105
18531,484,16,6,1,90
18532,485,16,6,1,111
18533,486,16,6,1,118
18534,487,16,6,1,88
18535,488,16,6,1,94
18536,489,16,6,1,100
18537,490,16,6,1,86
18538,491,16,6,1,104
18539,492,16,6,1,121
18540,493,16,6,1,105
18541,494,16,6,1,91
18542,495,16,6,1,82
18543,496,16,6,1,99
18544,497,16,6,1,109
18545,1395,16,6,1,108
18546,499,16,6,1,104
18547,500,16,6,1,11
18548,501,16,6,1,109
18549,502,16,6,1,109
18550,503,16,6,1,90
18551,504,16,6,1,111
18552,505,16,6,1,85
18553,506,16,6,1,67
18554,507,16,6,1,104
18555,508,16,6,1,97
18556,509,16,6,1,104
18557,510,16,6,1,113
18558,511,16,6,1,88
18559,512,16,6,1,91
18560,513,16,6,1,103
15041,1010,34,6,1,131
15042,1011,34,6,1,117
15043,1012,34,6,1,111
15044,1013,34,6,1,117
15045,1014,34,6,1,122
15046,1015,34,6,1,117
15047,1016,34,6,1,128
15048,1017,34,6,1,118
15049,1018,34,6,1,120
15050,1019,34,6,1,130
15051,1020,34,6,1,123
15052,1021,34,6,1,117
15053,1022,34,6,1,118
15054,1023,34,6,1,101
15055,1024,34,6,1,116
15056,1025,34,6,1,112
15057,1026,34,6,1,101
15058,1027,34,6,1,103
15059,1028,34,6,1,120
15060,1029,34,6,1,96
15061,1030,34,6,1,100
15062,1031,34,6,1,122
15063,1032,34,6,1,136
15064,1033,34,6,1,93
15065,1034,34,6,1,112
15066,1035,34,6,1,118
15067,1036,34,6,1,115
15068,1037,34,6,1,107
15069,1038,34,6,1,103
15070,1039,34,6,1,81
15071,1040,34,6,1,115
15072,1041,34,6,1,104
15073,1042,34,6,1,106
15074,1043,34,6,1,101
15075,1044,34,6,1,114
15076,1045,34,6,1,118
15077,1046,34,6,1,118
15078,1047,34,6,1,111
15079,1048,34,6,1,114
15080,1049,34,6,1,99
15081,1050,34,6,1,111
15082,1051,34,6,1,110
15083,1052,34,6,1,106
15084,1053,34,6,1,124
15085,1054,34,6,1,85
15086,1055,34,6,1,94
15087,1056,34,6,1,122
15088,1057,34,6,1,91
15089,1058,34,6,1,73
15090,1059,34,6,1,87
15091,1060,34,6,1,90
15092,1061,34,6,1,118
15093,1062,34,6,1,132
15094,1063,34,6,1,79
15095,1064,34,6,1,135
15096,1065,34,6,1,99
15097,1066,34,6,1,102
15098,1067,34,6,1,112
15099,1068,34,6,1,113
15100,1069,34,6,1,125
15101,1070,34,6,1,99
15102,1071,34,6,1,102
15103,1072,34,6,1,119
15104,1073,34,6,1,136
15105,1074,34,6,1,123
15106,1075,34,6,1,81
15107,1076,34,6,1,116
15108,1077,34,6,1,104
19031,1010,34,6,1,121
19032,1011,34,6,1,109
19033,1013,34,6,1,106
19034,1014,34,6,1,109
19035,1015,34,6,1,108
19036,1016,34,6,1,107
19037,1018,34,6,1,116
19038,1019,34,6,1,112
19039,1020,34,6,1,107
19040,1021,34,6,1,106
19041,1029,34,6,1,93
19042,1030,34,6,1,88
19043,1031,34,6,1,104
19044,1032,34,6,1,123
19045,1033,34,6,1,81
19046,1034,34,6,1,106
19047,1035,34,6,1,116
19048,1036,34,6,1,110
19049,1037,34,6,1,88
19050,1038,34,6,1,100
19051,1039,34,6,1,70
19052,1040,34,6,1,94
19053,1041,34,6,1,101
19054,1042,34,6,1,101
19055,1043,34,6,1,97
19056,1044,34,6,1,96
19057,1045,34,6,1,107
19058,1046,34,6,1,103
19059,1048,34,6,1,106
19060,1049,34,6,1,87
19061,1050,34,6,1,91
19062,1051,34,6,1,99
19063,1052,34,6,1,101
19064,1053,34,6,1,113
19065,1054,34,6,1,91
19066,1055,34,6,1,97
19067,1056,34,6,1,113
19068,1057,34,6,1,81
19069,1058,34,6,1,69
19070,1059,34,6,1,86
19071,1060,34,6,1,88
19072,1061,34,6,1,104
19073,1062,34,6,1,115
19074,1063,34,6,1,74
19075,1064,34,6,1,125
19076,1065,34,6,1,93
19077,1066,34,6,1,93
19078,1067,34,6,1,100
19079,1068,34,6,1,112
19080,1069,34,6,1,111
19081,1070,34,6,1,90
19082,1071,34,6,1,102
19083,1072,34,6,1,113
19084,1073,34,6,1,123
19085,1074,34,6,1,111
19086,1075,34,6,1,64
19087,1076,34,6,1,110
19088,1077,34,6,1,91
16443,1010,34,6,2,100
16444,1011,34,6,2,88
16445,1012,34,6,2,147
16446,1013,34,6,2,99
16447,1014,34,6,2,144
16448,1015,34,6,2,171
16449,1016,34,6,2,90
16450,1017,34,6,2,78
16451,1018,34,6,2,97
16452,1019,34,6,2,99
16453,1020,34,6,2,101
16454,1021,34,6,2,107
16455,1022,34,6,2,105
16456,1023,34,6,2,104
16457,1024,34,6,2,72
16458,1025,34,6,2,58
16459,1026,34,6,2,79
16460,1027,34,6,2,84
16461,1028,34,6,2,103
16462,1029,34,6,2,145
16463,1030,34,6,2,74
16464,1031,34,6,2,107
16465,1032,34,6,2,124
16466,1033,34,6,2,93
16467,1034,34,6,2,110
16468,1035,34,6,2,107
16469,1036,34,6,2,111
16470,1037,34,6,2,86
16471,1038,34,6,2,85
16472,1039,34,6,2,96
16473,1040,34,6,2,147
16474,1041,34,6,2,81
16475,1042,34,6,2,98
16476,1043,34,6,2,73
16477,1044,34,6,2,99
16478,1045,34,6,2,85
16479,1046,34,6,2,95
16480,1047,34,6,2,115
16481,1048,34,6,2,88
16482,1049,34,6,2,115
16483,1050,34,6,2,75
16484,1051,34,6,2,78
16485,1052,34,6,2,72
16486,1053,34,6,2,97
16487,1054,34,6,2,84
16488,1055,34,6,2,97
16489,1056,34,6,2,76
16490,1057,34,6,2,57
16491,1058,34,6,2,67
16492,1059,34,6,2,82
16493,1060,34,6,2,106
16494,1061,34,6,2,74
16495,1062,34,6,2,99
16496,1063,34,6,2,74
16497,1064,34,6,2,115
16498,1065,34,6,2,127
16499,1066,34,6,2,115
16500,1067,34,6,2,84
16501,1068,34,6,2,61
16502,1069,34,6,2,117
16503,1070,34,6,2,103
16504,1071,34,6,2,131
16505,1072,34,6,2,85
16506,1073,34,6,2,110
16507,1074,34,6,2,85
16508,1075,34,6,2,66
16509,1076,34,6,2,105
16510,1077,34,6,2,97
31881,1010,34,6,2,103
31882,1011,34,6,2,86
31883,1013,34,6,2,89
31884,1014,34,6,2,136
31885,1015,34,6,2,166
31886,1016,34,6,2,91
31887,1018,34,6,2,94
31888,1019,34,6,2,94
31889,1020,34,6,2,114
31890,1021,34,6,2,106
31891,1029,34,6,2,141
31892,1030,34,6,2,85
31893,1031,34,6,2,97
31894,1032,34,6,2,111
31895,1033,34,6,2,83
31896,1034,34,6,2,110
31897,1035,34,6,2,107
31898,1036,34,6,2,106
31899,1037,34,6,2,75
31900,1038,34,6,2,95
31901,1039,34,6,2,84
31902,1040,34,6,2,144
31903,1041,34,6,2,92
31904,1042,34,6,2,108
31905,1043,34,6,2,83
31906,1044,34,6,2,116
31907,1045,34,6,2,81
31908,1046,34,6,2,92
31909,1048,34,6,2,105
31910,1049,34,6,2,106
31911,1050,34,6,2,70
31912,1051,34,6,2,93
31913,1052,34,6,2,83
31914,1053,34,6,2,88
31915,1054,34,6,2,90
31916,1055,34,6,2,102
31917,1056,34,6,2,72
31918,1057,34,6,2,54
31919,1058,34,6,2,97
31920,1059,34,6,2,107
31921,1060,34,6,2,118
31922,1061,34,6,2,64
31923,1062,34,6,2,106
31924,1063,34,6,2,79
31925,1064,34,6,2,123
31926,1065,34,6,2,118
31927,1066,34,6,2,128
31928,1067,34,6,2,77
31929,1068,34,6,2,68
31930,1069,34,6,2,105
31931,1070,34,6,2,98
31932,1071,34,6,2,131
31933,1072,34,6,2,82
31934,1073,34,6,2,102
31935,1074,34,6,2,100
31936,1075,34,6,2,63
31937,1076,34,6,2,128
31938,1077,34,6,2,86
3825,1010,34,2,2,112
3826,1011,34,2,2,106
3827,1012,34,2,2,151
3828,1013,34,2,2,116
3829,1014,34,2,2,159
3830,1015,34,2,2,218
3831,1016,34,2,2,99
3832,1017,34,2,2,98
3833,1018,34,2,2,105
3834,1019,34,2,2,113
3835,1020,34,2,2,99
3836,1021,34,2,2,115
3837,1022,34,2,2,137
3838,1023,34,2,2,103
3839,1024,34,2,2,84
3840,1025,34,2,2,84
3841,1026,34,2,2,80
3842,1027,34,2,2,109
3843,1028,34,2,2,128
3844,1029,34,2,2,158
3845,1030,34,2,2,88
3846,1031,34,2,2,116
3847,1032,34,2,2,122
3848,1033,34,2,2,88
3849,1034,34,2,2,92
3850,1035,34,2,2,109
3851,1036,34,2,2,104
3852,1037,34,2,2,77
3853,1038,34,2,2,106
3854,1039,34,2,2,104
3855,1040,34,2,2,143
3856,1041,34,2,2,84
3857,1042,34,2,2,96
3858,1043,34,2,2,58
3859,1044,34,2,2,101
3860,1045,34,2,2,89
3861,1046,34,2,2,131
3862,1047,34,2,2,121
3863,1048,34,2,2,110
3864,1049,34,2,2,125
3865,1050,34,2,2,94
3866,1051,34,2,2,76
3867,1052,34,2,2,68
3868,1053,34,2,2,101
3869,1054,34,2,2,97
3870,1055,34,2,2,116
3871,1056,34,2,2,70
3872,1057,34,2,2,30
3873,1058,34,2,2,74
3874,1059,34,2,2,60
3875,1060,34,2,2,75
3876,1061,34,2,2,69
3877,1062,34,2,2,91
3878,1063,34,2,2,67
3879,1064,34,2,2,110
3880,1065,34,2,2,112
3881,1066,34,2,2,145
3882,1067,34,2,2,61
3883,1068,34,2,2,98
3884,1069,34,2,2,103
3885,1070,34,2,2,114
3886,1071,34,2,2,110
3887,1072,34,2,2,94
3888,1073,34,2,2,126
3889,1074,34,2,2,58
3890,1075,34,2,2,76
3891,1076,34,2,2,88
3892,1077,34,2,2,90
30596,1010,34,2,2,106
30597,1011,34,2,2,99
30598,1013,34,2,2,95
30599,1014,34,2,2,146
30600,1015,34,2,2,214
30601,1016,34,2,2,102
30602,1018,34,2,2,103
30603,1019,34,2,2,98
30604,1020,34,2,2,91
30605,1021,34,2,2,111
30606,1029,34,2,2,147
30607,1030,34,2,2,91
30608,1031,34,2,2,91
30609,1032,34,2,2,99
30610,1033,34,2,2,80
30611,1034,34,2,2,87
30612,1035,34,2,2,103
30613,1036,34,2,2,97
30614,1037,34,2,2,65
30615,1038,34,2,2,99
30616,1039,34,2,2,91
30617,1040,34,2,2,148
30618,1041,34,2,2,78
30619,1042,34,2,2,81
30620,1043,34,2,2,46
30621,1044,34,2,2,121
30622,1045,34,2,2,98
30623,1046,34,2,2,114
30624,1048,34,2,2,111
30625,1049,34,2,2,108
30626,1050,34,2,2,69
30627,1051,34,2,2,60
30628,1052,34,2,2,74
30629,1053,34,2,2,93
30630,1054,34,2,2,93
30631,1055,34,2,2,113
30632,1056,34,2,2,69
30633,1057,34,2,2,33
30634,1058,34,2,2,77
30635,1059,34,2,2,64
30636,1060,34,2,2,67
30637,1061,34,2,2,59
30638,1062,34,2,2,80
30639,1063,34,2,2,62
30640,1064,34,2,2,98
30641,1065,34,2,2,96
30642,1066,34,2,2,153
30643,1067,34,2,2,52
30644,1068,34,2,2,89
30645,1069,34,2,2,93
30646,1070,34,2,2,101
30647,1071,34,2,2,110
30648,1072,34,2,2,79
30649,1073,34,2,2,113
30650,1074,34,2,2,85
30651,1075,34,2,2,64
30652,1076,34,2,2,101
30653,1077,34,2,2,73
5227,1010,34,2,1,154
5228,1011,34,2,1,121
5229,1012,34,2,1,117
5230,1013,34,2,1,136
5231,1014,34,2,1,137
5232,1015,34,2,1,131
5233,1016,34,2,1,147
5234,1017,34,2,1,135
5235,1018,34,2,1,131
5236,1019,34,2,1,153
5237,1020,34,2,1,130
5238,1021,34,2,1,131
5239,1022,34,2,1,128
5240,1023,34,2,1,97
5241,1024,34,2,1,124
5242,1025,34,2,1,122
5243,1026,34,2,1,115
5244,1027,34,2,1,115
5245,1028,34,2,1,117
5246,1029,34,2,1,103
5247,1030,34,2,1,119
5248,1031,34,2,1,130
5249,1032,34,2,1,127
5250,1033,34,2,1,99
5251,1034,34,2,1,106
5252,1035,34,2,1,113
5253,1036,34,2,1,114
5254,1037,34,2,1,89
5255,1038,34,2,1,106
5256,1039,34,2,1,92
5257,1040,34,2,1,116
5258,1041,34,2,1,106
5259,1042,34,2,1,117
5260,1043,34,2,1,93
5261,1044,34,2,1,111
5262,1045,34,2,1,107
5263,1046,34,2,1,135
5264,1047,34,2,1,117
5265,1048,34,2,1,122
5266,1049,34,2,1,109
5267,1050,34,2,1,108
5268,1051,34,2,1,123
5269,1052,34,2,1,120
5270,1053,34,2,1,111
5271,1054,34,2,1,114
5272,1055,34,2,1,104
5273,1056,34,2,1,93
5274,1057,34,2,1,58
5275,1058,34,2,1,74
5276,1059,34,2,1,71
5277,1060,34,2,1,75
5278,1061,34,2,1,112
5279,1062,34,2,1,121
5280,1063,34,2,1,76
5281,1064,34,2,1,127
5282,1065,34,2,1,84
5283,1066,34,2,1,103
5284,1067,34,2,1,89
5285,1068,34,2,1,117
5286,1069,34,2,1,110
5287,1070,34,2,1,115
5288,1071,34,2,1,99
5289,1072,34,2,1,127
5290,1073,34,2,1,145
5291,1074,34,2,1,107
5292,1075,34,2,1,90
5293,1076,34,2,1,99
5294,1077,34,2,1,84
17746,1010,34,2,1,134
17747,1011,34,2,1,111
17748,1013,34,2,1,115
17749,1014,34,2,1,115
17750,1015,34,2,1,119
17751,1016,34,2,1,121
17752,1018,34,2,1,125
17753,1019,34,2,1,125
17754,1020,34,2,1,98
17755,1021,34,2,1,112
17756,1029,34,2,1,93
17757,1030,34,2,1,98
17758,1031,34,2,1,101
17759,1032,34,2,1,103
17760,1033,34,2,1,83
17761,1034,34,2,1,89
17762,1035,34,2,1,103
17763,1036,34,2,1,102
17764,1037,34,2,1,71
17765,1038,34,2,1,91
17766,1039,34,2,1,79
17767,1040,34,2,1,101
17768,1041,34,2,1,94
17769,1042,34,2,1,97
17770,1043,34,2,1,69
17771,1044,34,2,1,101
17772,1045,34,2,1,108
17773,1046,34,2,1,112
17774,1048,34,2,1,113
17775,1049,34,2,1,91
17776,1050,34,2,1,76
17777,1051,34,2,1,77
17778,1052,34,2,1,112
17779,1053,34,2,1,102
17780,1054,34,2,1,101
17781,1055,34,2,1,93
17782,1056,34,2,1,87
17783,1057,34,2,1,57
17784,1058,34,2,1,62
17785,1059,34,2,1,66
17786,1060,34,2,1,60
17787,1061,34,2,1,89
17788,1062,34,2,1,98
17789,1063,34,2,1,62
17790,1064,34,2,1,111
17791,1065,34,2,1,73
17792,1066,34,2,1,94
17793,1067,34,2,1,72
17794,1068,34,2,1,104
17795,1069,34,2,1,99
17796,1070,34,2,1,103
17797,1071,34,2,1,99
17798,1072,34,2,1,100
17799,1073,34,2,1,129
17800,1074,34,2,1,91
17801,1075,34,2,1,67
17802,1076,34,2,1,89
17803,1077,34,2,1,68
1026,1010,34,1,1,172
1027,1011,34,1,1,122
1028,1012,34,1,1,105
1029,1013,34,1,1,142
1030,1014,34,1,1,127
1031,1015,34,1,1,126
1032,1016,34,1,1,130
1033,1017,34,1,1,130
1034,1018,34,1,1,131
1035,1019,34,1,1,159
1036,1020,34,1,1,131
1037,1021,34,1,1,142
1038,1022,34,1,1,145
1039,1023,34,1,1,102
1040,1024,34,1,1,141
1041,1025,34,1,1,147
1042,1026,34,1,1,140
1043,1027,34,1,1,133
1044,1028,34,1,1,118
1045,1029,34,1,1,101
1046,1030,34,1,1,130
1047,1031,34,1,1,115
1048,1032,34,1,1,116
1049,1033,34,1,1,108
1050,1034,34,1,1,112
1051,1035,34,1,1,95
1052,1036,34,1,1,103
1053,1037,34,1,1,84
1054,1038,34,1,1,106
1055,1039,34,1,1,86
1056,1040,34,1,1,126
1057,1041,34,1,1,104
1058,1042,34,1,1,121
1059,1043,34,1,1,95
1060,1044,34,1,1,86
1061,1045,34,1,1,97
1062,1046,34,1,1,114
1063,1047,34,1,1,95
1064,1048,34,1,1,125
1065,1049,34,1,1,114
1066,1050,34,1,1,124
1067,1051,34,1,1,144
1068,1052,34,1,1,131
1069,1053,34,1,1,101
1070,1054,34,1,1,101
1071,1055,34,1,1,112
1072,1056,34,1,1,87
1073,1057,34,1,1,76
1074,1058,34,1,1,83
1075,1059,34,1,1,69
1076,1060,34,1,1,81
1077,1061,34,1,1,153
1078,1062,34,1,1,128
1079,1063,34,1,1,57
1080,1064,34,1,1,121
1081,1065,34,1,1,68
1082,1066,34,1,1,98
1083,1067,34,1,1,66
1084,1068,34,1,1,93
1085,1069,34,1,1,76
1086,1070,34,1,1,106
1087,1071,34,1,1,112
1088,1072,34,1,1,110
1089,1073,34,1,1,123
1090,1074,34,1,1,115
1091,1075,34,1,1,107
1092,1076,34,1,1,95
1093,1077,34,1,1,64
20316,1010,34,1,1,144
20317,1011,34,1,1,110
20318,1013,34,1,1,117
20319,1014,34,1,1,102
20320,1015,34,1,1,119
20321,1016,34,1,1,111
20322,1018,34,1,1,117
20323,1019,34,1,1,124
20324,1020,34,1,1,94
20325,1021,34,1,1,124
20326,1029,34,1,1,89
20327,1030,34,1,1,94
20328,1031,34,1,1,84
20329,1032,34,1,1,93
20330,1033,34,1,1,92
20331,1034,34,1,1,89
20332,1035,34,1,1,83
20333,1036,34,1,1,90
20334,1037,34,1,1,66
20335,1038,34,1,1,75
20336,1039,34,1,1,74
20337,1040,34,1,1,101
20338,1041,34,1,1,93
20339,1042,34,1,1,103
20340,1043,34,1,1,69
20341,1044,34,1,1,71
20342,1045,34,1,1,82
20343,1046,34,1,1,88
20344,1048,34,1,1,112
20345,1049,34,1,1,97
20346,1050,34,1,1,85
20347,1051,34,1,1,108
20348,1052,34,1,1,125
20349,1053,34,1,1,86
20350,1054,34,1,1,95
20351,1055,34,1,1,104
20352,1056,34,1,1,76
20353,1057,34,1,1,70
20354,1058,34,1,1,75
20355,1059,34,1,1,52
20356,1060,34,1,1,69
20357,1061,34,1,1,109
20358,1062,34,1,1,101
20359,1063,34,1,1,49
20360,1064,34,1,1,106
20361,1065,34,1,1,62
20362,1066,34,1,1,86
20363,1067,34,1,1,54
20364,1068,34,1,1,81
20365,1069,34,1,1,68
20366,1070,34,1,1,98
20367,1071,34,1,1,112
20368,1072,34,1,1,82
20369,1073,34,1,1,110
20370,1074,34,1,1,87
20371,1075,34,1,1,76
20372,1076,34,1,1,77
20373,1077,34,1,1,53
2423,1010,34,1,2,111
2424,1011,34,1,2,114
2425,1012,34,1,2,154
2426,1013,34,1,2,117
2427,1014,34,1,2,156
2428,1015,34,1,2,217
2429,1016,34,1,2,101
2430,1017,34,1,2,101
2431,1018,34,1,2,97
2432,1019,34,1,2,103
2433,1020,34,1,2,105
2434,1021,34,1,2,117
2435,1022,34,1,2,140
2436,1023,34,1,2,114
2437,1024,34,1,2,94
2438,1025,34,1,2,96
2439,1026,34,1,2,108
2440,1027,34,1,2,138
2441,1028,34,1,2,110
2442,1029,34,1,2,184
2443,1030,34,1,2,87
2444,1031,34,1,2,87
2445,1032,34,1,2,100
2446,1033,34,1,2,84
2447,1034,34,1,2,100
2448,1035,34,1,2,82
2449,1036,34,1,2,91
2450,1037,34,1,2,68
2451,1038,34,1,2,91
2452,1039,34,1,2,103
2453,1040,34,1,2,147
2454,1041,34,1,2,75
2455,1042,34,1,2,96
2456,1043,34,1,2,70
2457,1044,34,1,2,67
2458,1045,34,1,2,72
2459,1046,34,1,2,110
2460,1047,34,1,2,109
2461,1048,34,1,2,99
2462,1049,34,1,2,101
2463,1050,34,1,2,91
2464,1051,34,1,2,105
2465,1052,34,1,2,74
2466,1053,34,1,2,87
2467,1054,34,1,2,91
2468,1055,34,1,2,115
2469,1056,34,1,2,53
2470,1057,34,1,2,55
2471,1058,34,1,2,90
2472,1059,34,1,2,80
2473,1060,34,1,2,114
2474,1061,34,1,2,82
2475,1062,34,1,2,83
2476,1063,34,1,2,62
2477,1064,34,1,2,121
2478,1065,34,1,2,85
2479,1066,34,1,2,102
2480,1067,34,1,2,45
2481,1068,34,1,2,106
2482,1069,34,1,2,57
2483,1070,34,1,2,122
2484,1071,34,1,2,127
2485,1072,34,1,2,82
2486,1073,34,1,2,90
2487,1074,34,1,2,63
2488,1075,34,1,2,102
2489,1076,34,1,2,84
2490,1077,34,1,2,91
29311,1010,34,1,2,102
29312,1011,34,1,2,106
29313,1013,34,1,2,100
29314,1014,34,1,2,142
29315,1015,34,1,2,223
29316,1016,34,1,2,102
29317,1018,34,1,2,89
29318,1019,34,1,2,86
29319,1020,34,1,2,83
29320,1021,34,1,2,120
29321,1029,34,1,2,169
29322,1030,34,1,2,81
29323,1031,34,1,2,69
29324,1032,34,1,2,80
29325,1033,34,1,2,84
29326,1034,34,1,2,81
29327,1035,34,1,2,73
29328,1036,34,1,2,81
29329,1037,34,1,2,57
29330,1038,34,1,2,72
29331,1039,34,1,2,91
29332,1040,34,1,2,163
29333,1041,34,1,2,70
29334,1042,34,1,2,85
29335,1043,34,1,2,56
29336,1044,34,1,2,86
29337,1045,34,1,2,65
29338,1046,34,1,2,93
29339,1048,34,1,2,122
29340,1049,34,1,2,90
29341,1050,34,1,2,74
29342,1051,34,1,2,87
29343,1052,34,1,2,78
29344,1053,34,1,2,75
29345,1054,34,1,2,95
29346,1055,34,1,2,131
29347,1056,34,1,2,52
29348,1057,34,1,2,53
29349,1058,34,1,2,97
29350,1059,34,1,2,56
29351,1060,34,1,2,97
29352,1061,34,1,2,69
29353,1062,34,1,2,72
29354,1063,34,1,2,61
29355,1064,34,1,2,109
29356,1065,34,1,2,73
29357,1066,34,1,2,128
29358,1067,34,1,2,47
29359,1068,34,1,2,96
29360,1069,34,1,2,53
29361,1070,34,1,2,108
29362,1071,34,1,2,127
29363,1072,34,1,2,71
29364,1073,34,1,2,85
29365,1074,34,1,2,56
29366,1075,34,1,2,79
29367,1076,34,1,2,73
29368,1077,34,1,2,76
13639,1010,34,5,2,100
13640,1011,34,5,2,90
13641,1012,34,5,2,143
13642,1013,34,5,2,101
13643,1014,34,5,2,138
13644,1015,34,5,2,201
13645,1016,34,5,2,91
13646,1017,34,5,2,84
13647,1018,34,5,2,94
13648,1019,34,5,2,100
13649,1020,34,5,2,97
13650,1021,34,5,2,112
13651,1022,34,5,2,106
13652,1023,34,5,2,104
13653,1024,34,5,2,74
13654,1025,34,5,2,67
13655,1026,34,5,2,77
13656,1027,34,5,2,89
13657,1028,34,5,2,117
13658,1029,34,5,2,153
13659,1030,34,5,2,83
13660,1031,34,5,2,106
13661,1032,34,5,2,109
13662,1033,34,5,2,84
13663,1034,34,5,2,100
13664,1035,34,5,2,102
13665,1036,34,5,2,102
13666,1037,34,5,2,76
13667,1038,34,5,2,84
13668,1039,34,5,2,107
13669,1040,34,5,2,158
13670,1041,34,5,2,78
13671,1042,34,5,2,91
13672,1043,34,5,2,58
13673,1044,34,5,2,98
13674,1045,34,5,2,82
13675,1046,34,5,2,107
13676,1047,34,5,2,124
13677,1048,34,5,2,92
13678,1049,34,5,2,136
13679,1050,34,5,2,64
13680,1051,34,5,2,95
13681,1052,34,5,2,69
13682,1053,34,5,2,82
13683,1054,34,5,2,92
13684,1055,34,5,2,104
13685,1056,34,5,2,90
13686,1057,34,5,2,47
13687,1058,34,5,2,66
13688,1059,34,5,2,90
13689,1060,34,5,2,96
13690,1061,34,5,2,75
13691,1062,34,5,2,88
13692,1063,34,5,2,71
13693,1064,34,5,2,146
13694,1065,34,5,2,120
13695,1066,34,5,2,104
13696,1067,34,5,2,67
13697,1068,34,5,2,68
13698,1069,34,5,2,102
13699,1070,34,5,2,103
13700,1071,34,5,2,135
13701,1072,34,5,2,74
13702,1073,34,5,2,94
13703,1074,34,5,2,64
13704,1075,34,5,2,70
13705,1076,34,5,2,98
13706,1077,34,5,2,96
28026,1010,34,5,2,100
28027,1011,34,5,2,87
28028,1013,34,5,2,91
28029,1014,34,5,2,132
28030,1015,34,5,2,193
28031,1016,34,5,2,91
28032,1018,34,5,2,94
28033,1019,34,5,2,103
28034,1020,34,5,2,117
28035,1021,34,5,2,107
28036,1029,34,5,2,146
28037,1030,34,5,2,84
28038,1031,34,5,2,87
28039,1032,34,5,2,100
28040,1033,34,5,2,81
28041,1034,34,5,2,101
28042,1035,34,5,2,102
28043,1036,34,5,2,100
28044,1037,34,5,2,62
28045,1038,34,5,2,105
28046,1039,34,5,2,95
28047,1040,34,5,2,157
28048,1041,34,5,2,95
28049,1042,34,5,2,99
28050,1043,34,5,2,66
28051,1044,34,5,2,113
28052,1045,34,5,2,87
28053,1046,34,5,2,93
28054,1048,34,5,2,110
28055,1049,34,5,2,117
28056,1050,34,5,2,62
28057,1051,34,5,2,118
28058,1052,34,5,2,74
28059,1053,34,5,2,74
28060,1054,34,5,2,87
28061,1055,34,5,2,109
28062,1056,34,5,2,88
28063,1057,34,5,2,48
28064,1058,34,5,2,73
28065,1059,34,5,2,102
28066,1060,34,5,2,122
28067,1061,34,5,2,69
28068,1062,34,5,2,131
28069,1063,34,5,2,68
28070,1064,34,5,2,149
28071,1065,34,5,2,112
28072,1066,34,5,2,120
28073,1067,34,5,2,64
28074,1068,34,5,2,75
28075,1069,34,5,2,71
28076,1070,34,5,2,100
28077,1071,34,5,2,135
28078,1072,34,5,2,73
28079,1073,34,5,2,87
28080,1074,34,5,2,87
28081,1075,34,5,2,66
28082,1076,34,5,2,142
28083,1077,34,5,2,89
12237,1010,34,5,1,133
12238,1011,34,5,1,117
12239,1012,34,5,1,111
12240,1013,34,5,1,123
12241,1014,34,5,1,126
12242,1015,34,5,1,124
12243,1016,34,5,1,132
12244,1017,34,5,1,124
12245,1018,34,5,1,121
12246,1019,34,5,1,137
12247,1020,34,5,1,115
12248,1021,34,5,1,119
12249,1022,34,5,1,114
12250,1023,34,5,1,102
12251,1024,34,5,1,119
12252,1025,34,5,1,114
12253,1026,34,5,1,104
12254,1027,34,5,1,104
12255,1028,34,5,1,114
12256,1029,34,5,1,100
12257,1030,34,5,1,120
12258,1031,34,5,1,122
12259,1032,34,5,1,123
12260,1033,34,5,1,94
12261,1034,34,5,1,110
12262,1035,34,5,1,121
12263,1036,34,5,1,107
12264,1037,34,5,1,91
12265,1038,34,5,1,99
12266,1039,34,5,1,101
12267,1040,34,5,1,126
12268,1041,34,5,1,108
12269,1042,34,5,1,108
12270,1043,34,5,1,99
12271,1044,34,5,1,117
12272,1045,34,5,1,104
12273,1046,34,5,1,127
12274,1047,34,5,1,110
12275,1048,34,5,1,108
12276,1049,34,5,1,102
12277,1050,34,5,1,89
12278,1051,34,5,1,118
12279,1052,34,5,1,103
12280,1053,34,5,1,109
12281,1054,34,5,1,103
12282,1055,34,5,1,99
12283,1056,34,5,1,111
12284,1057,34,5,1,77
12285,1058,34,5,1,78
12286,1059,34,5,1,83
12287,1060,34,5,1,80
12288,1061,34,5,1,124
12289,1062,34,5,1,137
12290,1063,34,5,1,77
12291,1064,34,5,1,141
12292,1065,34,5,1,94
12293,1066,34,5,1,91
12294,1067,34,5,1,103
12295,1068,34,5,1,129
12296,1069,34,5,1,110
12297,1070,34,5,1,109
12298,1071,34,5,1,107
12299,1072,34,5,1,115
12300,1073,34,5,1,116
12301,1074,34,5,1,119
12302,1075,34,5,1,83
12303,1076,34,5,1,118
12304,1077,34,5,1,106
21601,1010,34,5,1,122
21602,1011,34,5,1,109
21603,1013,34,5,1,109
21604,1014,34,5,1,111
21605,1015,34,5,1,114
21606,1016,34,5,1,109
21607,1018,34,5,1,117
21608,1019,34,5,1,129
21609,1020,34,5,1,103
21610,1021,34,5,1,107
21611,1029,34,5,1,95
21612,1030,34,5,1,96
21613,1031,34,5,1,101
21614,1032,34,5,1,113
21615,1033,34,5,1,81
21616,1034,34,5,1,103
21617,1035,34,5,1,116
21618,1036,34,5,1,103
21619,1037,34,5,1,71
21620,1038,34,5,1,109
21621,1039,34,5,1,87
21622,1040,34,5,1,102
21623,1041,34,5,1,106
21624,1042,34,5,1,97
21625,1043,34,5,1,95
21626,1044,34,5,1,99
21627,1045,34,5,1,104
21628,1046,34,5,1,102
21629,1048,34,5,1,105
21630,1049,34,5,1,86
21631,1050,34,5,1,77
21632,1051,34,5,1,100
21633,1052,34,5,1,99
21634,1053,34,5,1,97
21635,1054,34,5,1,94
21636,1055,34,5,1,94
21637,1056,34,5,1,108
21638,1057,34,5,1,73
21639,1058,34,5,1,66
21640,1059,34,5,1,82
21641,1060,34,5,1,83
21642,1061,34,5,1,111
21643,1062,34,5,1,117
21644,1063,34,5,1,68
21645,1064,34,5,1,127
21646,1065,34,5,1,86
21647,1066,34,5,1,82
21648,1067,34,5,1,92
21649,1068,34,5,1,120
21650,1069,34,5,1,76
21651,1070,34,5,1,100
21652,1071,34,5,1,107
21653,1072,34,5,1,105
21654,1073,34,5,1,107
21655,1074,34,5,1,104
21656,1075,34,5,1,66
21657,1076,34,5,1,115
21658,1077,34,5,1,92
9433,1010,34,4,1,144
9434,1011,34,4,1,118
9435,1012,34,4,1,123
9436,1013,34,4,1,128
9437,1014,34,4,1,131
9438,1015,34,4,1,131
9439,1016,34,4,1,136
9440,1017,34,4,1,121
9441,1018,34,4,1,127
9442,1019,34,4,1,145
9443,1020,34,4,1,125
9444,1021,34,4,1,122
9445,1022,34,4,1,115
9446,1023,34,4,1,98
9447,1024,34,4,1,122
9448,1025,34,4,1,116
9449,1026,34,4,1,108
9450,1027,34,4,1,113
9451,1028,34,4,1,118
9452,1029,34,4,1,96
9453,1030,34,4,1,121
9454,1031,34,4,1,124
9455,1032,34,4,1,133
9456,1033,34,4,1,93
9457,1034,34,4,1,107
9458,1035,34,4,1,110
9459,1036,34,4,1,117
9460,1037,34,4,1,91
9461,1038,34,4,1,107
9462,1039,34,4,1,97
9463,1040,34,4,1,127
9464,1041,34,4,1,106
9465,1042,34,4,1,107
9466,1043,34,4,1,99
9467,1044,34,4,1,115
9468,1045,34,4,1,102
9469,1046,34,4,1,128
9470,1047,34,4,1,112
9471,1048,34,4,1,113
9472,1049,34,4,1,102
9473,1050,34,4,1,100
9474,1051,34,4,1,118
9475,1052,34,4,1,109
9476,1053,34,4,1,106
9477,1054,34,4,1,110
9478,1055,34,4,1,102
9479,1056,34,4,1,121
9480,1057,34,4,1,59
9481,1058,34,4,1,77
9482,1059,34,4,1,83
9483,1060,34,4,1,73
9484,1061,34,4,1,114
9485,1062,34,4,1,136
9486,1063,34,4,1,78
9487,1064,34,4,1,132
9488,1065,34,4,1,84
9489,1066,34,4,1,106
9490,1067,34,4,1,103
9491,1068,34,4,1,112
9492,1069,34,4,1,111
9493,1070,34,4,1,110
9494,1071,34,4,1,109
9495,1072,34,4,1,113
9496,1073,34,4,1,127
9497,1074,34,4,1,122
9498,1075,34,4,1,86
9499,1076,34,4,1,110
9500,1077,34,4,1,123
22886,1010,34,4,1,129
22887,1011,34,4,1,109
22888,1013,34,4,1,111
22889,1014,34,4,1,115
22890,1015,34,4,1,120
22891,1016,34,4,1,112
22892,1018,34,4,1,121
22893,1019,34,4,1,132
22894,1020,34,4,1,105
22895,1021,34,4,1,107
22896,1029,34,4,1,84
22897,1030,34,4,1,102
22898,1031,34,4,1,100
22899,1032,34,4,1,115
22900,1033,34,4,1,80
22901,1034,34,4,1,95
22902,1035,34,4,1,103
22903,1036,34,4,1,108
22904,1037,34,4,1,80
22905,1038,34,4,1,100
22906,1039,34,4,1,83
22907,1040,34,4,1,99
22908,1041,34,4,1,99
22909,1042,34,4,1,88
22910,1043,34,4,1,82
22911,1044,34,4,1,98
22912,1045,34,4,1,102
22913,1046,34,4,1,109
22914,1048,34,4,1,107
22915,1049,34,4,1,91
22916,1050,34,4,1,83
22917,1051,34,4,1,84
22918,1052,34,4,1,101
22919,1053,34,4,1,101
22920,1054,34,4,1,95
22921,1055,34,4,1,98
22922,1056,34,4,1,119
22923,1057,34,4,1,58
22924,1058,34,4,1,64
22925,1059,34,4,1,80
22926,1060,34,4,1,70
22927,1061,34,4,1,104
22928,1062,34,4,1,117
22929,1063,34,4,1,68
22930,1064,34,4,1,119
22931,1065,34,4,1,76
22932,1066,34,4,1,90
22933,1067,34,4,1,84
22934,1068,34,4,1,102
22935,1069,34,4,1,93
22936,1070,34,4,1,102
22937,1071,34,4,1,109
22938,1072,34,4,1,98
22939,1073,34,4,1,116
22940,1074,34,4,1,113
22941,1075,34,4,1,71
22942,1076,34,4,1,110
22943,1077,34,4,1,101
10835,1010,34,4,2,100
10836,1011,34,4,2,101
10837,1012,34,4,2,147
10838,1013,34,4,2,104
10839,1014,34,4,2,149
10840,1015,34,4,2,224
10841,1016,34,4,2,96
10842,1017,34,4,2,89
10843,1018,34,4,2,99
10844,1019,34,4,2,106
10845,1020,34,4,2,98
10846,1021,34,4,2,102
10847,1022,34,4,2,121
10848,1023,34,4,2,100
10849,1024,34,4,2,75
10850,1025,34,4,2,68
10851,1026,34,4,2,79
10852,1027,34,4,2,100
10853,1028,34,4,2,111
10854,1029,34,4,2,146
10855,1030,34,4,2,79
10856,1031,34,4,2,112
10857,1032,34,4,2,116
10858,1033,34,4,2,82
10859,1034,34,4,2,97
10860,1035,34,4,2,100
10861,1036,34,4,2,111
10862,1037,34,4,2,81
10863,1038,34,4,2,98
10864,1039,34,4,2,108
10865,1040,34,4,2,159
10866,1041,34,4,2,78
10867,1042,34,4,2,95
10868,1043,34,4,2,56
10869,1044,34,4,2,104
10870,1045,34,4,2,82
10871,1046,34,4,2,117
10872,1047,34,4,2,107
10873,1048,34,4,2,87
10874,1049,34,4,2,137
10875,1050,34,4,2,71
10876,1051,34,4,2,81
10877,1052,34,4,2,73
10878,1053,34,4,2,80
10879,1054,34,4,2,98
10880,1055,34,4,2,94
10881,1056,34,4,2,88
10882,1057,34,4,2,30
10883,1058,34,4,2,72
10884,1059,34,4,2,78
10885,1060,34,4,2,75
10886,1061,34,4,2,65
10887,1062,34,4,2,96
10888,1063,34,4,2,62
10889,1064,34,4,2,132
10890,1065,34,4,2,97
10891,1066,34,4,2,140
10892,1067,34,4,2,72
10893,1068,34,4,2,79
10894,1069,34,4,2,108
10895,1070,34,4,2,109
10896,1071,34,4,2,117
10897,1072,34,4,2,82
10898,1073,34,4,2,103
10899,1074,34,4,2,66
10900,1075,34,4,2,74
10901,1076,34,4,2,100
10902,1077,34,4,2,115
26741,1010,34,4,2,101
26742,1011,34,4,2,94
26743,1013,34,4,2,91
26744,1014,34,4,2,139
26745,1015,34,4,2,214
26746,1016,34,4,2,97
26747,1018,34,4,2,98
26748,1019,34,4,2,108
26749,1020,34,4,2,116
26750,1021,34,4,2,102
26751,1029,34,4,2,127
26752,1030,34,4,2,86
26753,1031,34,4,2,90
26754,1032,34,4,2,100
26755,1033,34,4,2,76
26756,1034,34,4,2,95
26757,1035,34,4,2,96
26758,1036,34,4,2,106
26759,1037,34,4,2,76
26760,1038,34,4,2,106
26761,1039,34,4,2,94
26762,1040,34,4,2,145
26763,1041,34,4,2,84
26764,1042,34,4,2,84
26765,1043,34,4,2,54
26766,1044,34,4,2,117
26767,1045,34,4,2,87
26768,1046,34,4,2,108
26769,1048,34,4,2,97
26770,1049,34,4,2,129
26771,1050,34,4,2,61
26772,1051,34,4,2,79
26773,1052,34,4,2,79
26774,1053,34,4,2,75
26775,1054,34,4,2,87
26776,1055,34,4,2,103
26777,1056,34,4,2,88
26778,1057,34,4,2,31
26779,1058,34,4,2,71
26780,1059,34,4,2,92
26781,1060,34,4,2,91
26782,1061,34,4,2,64
26783,1062,34,4,2,122
26784,1063,34,4,2,66
26785,1064,34,4,2,147
26786,1065,34,4,2,88
26787,1066,34,4,2,141
26788,1067,34,4,2,62
26789,1068,34,4,2,79
26790,1069,34,4,2,91
26791,1070,34,4,2,102
26792,1071,34,4,2,117
26793,1072,34,4,2,82
26794,1073,34,4,2,94
26795,1074,34,4,2,117
26796,1075,34,4,2,70
26797,1076,34,4,2,153
26798,1077,34,4,2,102
6629,1010,34,3,2,113
6630,1011,34,3,2,110
6631,1012,34,3,2,129
6632,1013,34,3,2,120
6633,1014,34,3,2,162
6634,1015,34,3,2,232
6635,1016,34,3,2,103
6636,1017,34,3,2,104
6637,1018,34,3,2,97
6638,1019,34,3,2,113
6639,1020,34,3,2,104
6640,1021,34,3,2,111
6641,1022,34,3,2,162
6642,1023,34,3,2,109
6643,1024,34,3,2,91
6644,1025,34,3,2,101
6645,1026,34,3,2,99
6646,1027,34,3,2,115
6647,1028,34,3,2,119
6648,1029,34,3,2,177
6649,1030,34,3,2,84
6650,1031,34,3,2,106
6651,1032,34,3,2,126
6652,1033,34,3,2,88
6653,1034,34,3,2,93
6654,1035,34,3,2,104
6655,1036,34,3,2,88
6656,1037,34,3,2,69
6657,1038,34,3,2,102
6658,1039,34,3,2,95
6659,1040,34,3,2,133
6660,1041,34,3,2,102
6661,1042,34,3,2,94
6662,1043,34,3,2,60
6663,1044,34,3,2,86
6664,1045,34,3,2,85
6665,1046,34,3,2,129
6666,1047,34,3,2,91
6667,1048,34,3,2,116
6668,1049,34,3,2,110
6669,1050,34,3,2,91
6670,1051,34,3,2,85
6671,1052,34,3,2,77
6672,1053,34,3,2,82
6673,1054,34,3,2,119
6674,1055,34,3,2,138
6675,1056,34,3,2,53
6676,1057,34,3,2,33
6677,1058,34,3,2,81
6678,1059,34,3,2,69
6679,1060,34,3,2,95
6680,1061,34,3,2,76
6681,1062,34,3,2,94
6682,1063,34,3,2,54
6683,1064,34,3,2,108
6684,1065,34,3,2,122
6685,1066,34,3,2,168
6686,1067,34,3,2,46
6687,1068,34,3,2,94
6688,1069,34,3,2,80
6689,1070,34,3,2,124
6690,1071,34,3,2,125
6691,1072,34,3,2,85
6692,1073,34,3,2,107
6693,1074,34,3,2,62
6694,1075,34,3,2,86
6695,1076,34,3,2,80
6696,1077,34,3,2,90
25456,1010,34,3,2,105
25457,1011,34,3,2,100
25458,1013,34,3,2,100
25459,1014,34,3,2,145
25460,1015,34,3,2,237
25461,1016,34,3,2,98
25462,1018,34,3,2,93
25463,1019,34,3,2,90
25464,1020,34,3,2,79
25465,1021,34,3,2,117
25466,1029,34,3,2,166
25467,1030,34,3,2,80
25468,1031,34,3,2,82
25469,1032,34,3,2,100
25470,1033,34,3,2,80
25471,1034,34,3,2,81
25472,1035,34,3,2,96
25473,1036,34,3,2,78
25474,1037,34,3,2,58
25475,1038,34,3,2,93
25476,1039,34,3,2,84
25477,1040,34,3,2,139
25478,1041,34,3,2,83
25479,1042,34,3,2,79
25480,1043,34,3,2,47
25481,1044,34,3,2,103
25482,1045,34,3,2,77
25483,1046,34,3,2,115
25484,1048,34,3,2,104
25485,1049,34,3,2,89
25486,1050,34,3,2,68
25487,1051,34,3,2,61
25488,1052,34,3,2,90
25489,1053,34,3,2,75
25490,1054,34,3,2,106
25491,1055,34,3,2,139
25492,1056,34,3,2,51
25493,1057,34,3,2,47
25494,1058,34,3,2,87
25495,1059,34,3,2,50
25496,1060,34,3,2,82
25497,1061,34,3,2,63
25498,1062,34,3,2,75
25499,1063,34,3,2,59
25500,1064,34,3,2,88
25501,1065,34,3,2,108
25502,1066,34,3,2,223
25503,1067,34,3,2,44
25504,1068,34,3,2,86
25505,1069,34,3,2,71
25506,1070,34,3,2,114
25507,1071,34,3,2,125
25508,1072,34,3,2,68
25509,1073,34,3,2,96
25510,1074,34,3,2,50
25511,1075,34,3,2,66
25512,1076,34,3,2,61
25513,1077,34,3,2,68
8031,1010,34,3,1,166
8032,1011,34,3,1,127
8033,1012,34,3,1,108
8034,1013,34,3,1,151
8035,1014,34,3,1,136
8036,1015,34,3,1,142
8037,1016,34,3,1,140
8038,1017,34,3,1,125
8039,1018,34,3,1,127
8040,1019,34,3,1,161
8041,1020,34,3,1,130
8042,1021,34,3,1,145
8043,1022,34,3,1,153
8044,1023,34,3,1,100
8045,1024,34,3,1,130
8046,1025,34,3,1,135
8047,1026,34,3,1,136
8048,1027,34,3,1,127
8049,1028,34,3,1,126
8050,1029,34,3,1,113
8051,1030,34,3,1,121
8052,1031,34,3,1,129
8053,1032,34,3,1,131
8054,1033,34,3,1,101
8055,1034,34,3,1,115
8056,1035,34,3,1,108
8057,1036,34,3,1,103
8058,1037,34,3,1,91
8059,1038,34,3,1,108
8060,1039,34,3,1,86
8061,1040,34,3,1,114
8062,1041,34,3,1,111
8063,1042,34,3,1,112
8064,1043,34,3,1,100
8065,1044,34,3,1,109
8066,1045,34,3,1,99
8067,1046,34,3,1,125
8068,1047,34,3,1,94
8069,1048,34,3,1,130
8070,1049,34,3,1,112
8071,1050,34,3,1,114
8072,1051,34,3,1,139
8073,1052,34,3,1,133
8074,1053,34,3,1,89
8075,1054,34,3,1,114
8076,1055,34,3,1,126
8077,1056,34,3,1,78
8078,1057,34,3,1,54
8079,1058,34,3,1,81
8080,1059,34,3,1,79
8081,1060,34,3,1,81
8082,1061,34,3,1,127
8083,1062,34,3,1,137
8084,1063,34,3,1,61
8085,1064,34,3,1,111
8086,1065,34,3,1,78
8087,1066,34,3,1,117
8088,1067,34,3,1,81
8089,1068,34,3,1,105
8090,1069,34,3,1,93
8091,1070,34,3,1,118
8092,1071,34,3,1,106
8093,1072,34,3,1,123
8094,1073,34,3,1,127
8095,1074,34,3,1,108
8096,1075,34,3,1,96
8097,1076,34,3,1,97
8098,1077,34,3,1,84
24171,1010,34,3,1,139
24172,1011,34,3,1,112
24173,1013,34,3,1,121
24174,1014,34,3,1,109
24175,1015,34,3,1,131
24176,1016,34,3,1,111
24177,1018,34,3,1,118
24178,1019,34,3,1,121
24179,1020,34,3,1,92
24180,1021,34,3,1,121
24181,1029,34,3,1,100
24182,1030,34,3,1,91
24183,1031,34,3,1,96
24184,1032,34,3,1,105
24185,1033,34,3,1,84
24186,1034,34,3,1,91
24187,1035,34,3,1,96
24188,1036,34,3,1,89
24189,1037,34,3,1,72
24190,1038,34,3,1,84
24191,1039,34,3,1,74
24192,1040,34,3,1,96
24193,1041,34,3,1,95
24194,1042,34,3,1,93
24195,1043,34,3,1,70
24196,1044,34,3,1,94
24197,1045,34,3,1,85
24198,1046,34,3,1,104
24199,1048,34,3,1,107
24200,1049,34,3,1,90
24201,1050,34,3,1,79
24202,1051,34,3,1,91
24203,1052,34,3,1,125
24204,1053,34,3,1,82
24205,1054,34,3,1,98
24206,1055,34,3,1,110
24207,1056,34,3,1,69
24208,1057,34,3,1,60
24209,1058,34,3,1,64
24210,1059,34,3,1,58
24211,1060,34,3,1,68
24212,1061,34,3,1,98
24213,1062,34,3,1,106
24214,1063,34,3,1,59
24215,1064,34,3,1,91
24216,1065,34,3,1,72
24217,1066,34,3,1,116
24218,1067,34,3,1,67
24219,1068,34,3,1,93
24220,1069,34,3,1,82
24221,1070,34,3,1,103
24222,1071,34,3,1,106
24223,1072,34,3,1,92
24224,1073,34,3,1,111
24225,1074,34,3,1,77
24226,1075,34,3,1,70
24227,1076,34,3,1,72
24228,1077,34,3,1,63
7768,753,24,3,1,117
7769,754,24,3,1,90
7770,755,24,3,1,98
7771,756,24,3,1,78
7772,757,24,3,1,90
7773,758,24,3,1,94
7774,759,24,3,1,70
7775,760,24,3,1,63
7776,761,24,3,1,83
7777,762,24,3,1,73
7778,763,24,3,1,76
7779,764,24,3,1,105
7780,765,24,3,1,116
7781,766,24,3,1,78
7782,767,24,3,1,92
7783,768,24,3,1,115
7784,769,24,3,1,64
7785,770,24,3,1,80
7786,771,24,3,1,70
7787,772,24,3,1,86
7788,773,24,3,1,100
7789,774,24,3,1,86
7790,775,24,3,1,91
7791,776,24,3,1,66
7792,777,24,3,1,63
7793,778,24,3,1,81
7794,779,24,3,1,86
7795,780,24,3,1,73
7796,781,24,3,1,100
7797,782,24,3,1,73
7798,783,24,3,1,111
7799,784,24,3,1,71
7800,785,24,3,1,88
7801,786,24,3,1,97
7802,787,24,3,1,67
7803,788,24,3,1,78
7804,789,24,3,1,77
7805,790,24,3,1,109
7806,791,24,3,1,100
7807,792,24,3,1,102
7808,793,24,3,1,82
7809,794,24,3,1,67
7810,795,24,3,1,93
7811,796,24,3,1,71
7812,797,24,3,1,68
7813,798,24,3,1,101
7814,799,24,3,1,121
7815,800,24,3,1,76
7816,801,24,3,1,71
7817,802,24,3,1,93
7818,803,24,3,1,81
7819,804,24,3,1,76
7820,805,24,3,1,73
7821,806,24,3,1,66
7822,807,24,3,1,73
7823,808,24,3,1,78
7824,809,24,3,1,127
7825,810,24,3,1,126
7826,811,24,3,1,101
7827,812,24,3,1,86
7828,813,24,3,1,88
7829,814,24,3,1,119
23931,753,24,3,1,117
23932,754,24,3,1,90
23933,755,24,3,1,98
23934,756,24,3,1,77
23935,757,24,3,1,90
23936,758,24,3,1,97
23937,759,24,3,1,70
23938,760,24,3,1,63
23939,761,24,3,1,83
23940,762,24,3,1,75
23941,763,24,3,1,76
23942,764,24,3,1,107
23943,765,24,3,1,115
23944,766,24,3,1,81
23945,767,24,3,1,96
23946,768,24,3,1,114
23947,769,24,3,1,67
23948,770,24,3,1,79
23949,771,24,3,1,70
23950,772,24,3,1,81
23951,773,24,3,1,101
23952,774,24,3,1,86
23953,775,24,3,1,89
23954,776,24,3,1,65
23955,777,24,3,1,62
23956,778,24,3,1,78
23957,779,24,3,1,89
23958,780,24,3,1,72
23959,781,24,3,1,100
23960,782,24,3,1,81
23961,783,24,3,1,108
23962,784,24,3,1,81
23963,785,24,3,1,87
23964,786,24,3,1,96
23965,787,24,3,1,73
23966,788,24,3,1,75
23967,789,24,3,1,85
23968,790,24,3,1,100
23969,791,24,3,1,109
23970,792,24,3,1,102
23971,793,24,3,1,88
23972,794,24,3,1,65
23973,795,24,3,1,95
23974,796,24,3,1,70
23975,797,24,3,1,68
23976,798,24,3,1,101
23977,799,24,3,1,121
23978,800,24,3,1,78
23979,801,24,3,1,75
23980,802,24,3,1,93
23981,803,24,3,1,80
23982,804,24,3,1,76
23983,805,24,3,1,73
23984,806,24,3,1,67
23985,807,24,3,1,72
23986,808,24,3,1,81
23987,809,24,3,1,126
23988,811,24,3,1,85
23989,812,24,3,1,84
23990,813,24,3,1,88
23991,814,24,3,1,119
6366,753,24,3,2,101
6367,754,24,3,2,91
6368,755,24,3,2,106
6369,756,24,3,2,93
6370,757,24,3,2,84
6371,758,24,3,2,91
6372,759,24,3,2,91
6373,760,24,3,2,74
6374,761,24,3,2,92
6375,762,24,3,2,88
6376,763,24,3,2,91
6377,764,24,3,2,115
6378,765,24,3,2,109
6379,766,24,3,2,105
6380,767,24,3,2,99
6381,768,24,3,2,125
6382,769,24,3,2,93
6383,770,24,3,2,94
6384,771,24,3,2,101
6385,772,24,3,2,86
6386,773,24,3,2,119
6387,774,24,3,2,108
6388,775,24,3,2,111
6389,776,24,3,2,90
6390,777,24,3,2,75
6391,778,24,3,2,120
6392,779,24,3,2,97
6393,780,24,3,2,102
6394,781,24,3,2,113
6395,782,24,3,2,89
6396,783,24,3,2,111
6397,784,24,3,2,75
6398,785,24,3,2,93
6399,786,24,3,2,101
6400,787,24,3,2,81
6401,788,24,3,2,96
6402,789,24,3,2,91
6403,790,24,3,2,125
6404,791,24,3,2,106
6405,792,24,3,2,109
6406,793,24,3,2,84
6407,794,24,3,2,84
6408,795,24,3,2,94
6409,796,24,3,2,81
6410,797,24,3,2,92
6411,798,24,3,2,106
6412,799,24,3,2,125
6413,800,24,3,2,92
6414,801,24,3,2,96
6415,802,24,3,2,99
6416,803,24,3,2,97
6417,804,24,3,2,66
6418,805,24,3,2,86
6419,806,24,3,2,82
6420,807,24,3,2,94
6421,808,24,3,2,88
6422,809,24,3,2,123
6423,810,24,3,2,129
6424,811,24,3,2,128
6425,812,24,3,2,98
6426,813,24,3,2,108
6427,814,24,3,2,133
25216,753,24,3,2,102
25217,754,24,3,2,92
25218,755,24,3,2,107
25219,756,24,3,2,93
25220,757,24,3,2,85
25221,758,24,3,2,94
25222,759,24,3,2,92
25223,760,24,3,2,75
25224,761,24,3,2,97
25225,762,24,3,2,90
25226,763,24,3,2,96
25227,764,24,3,2,117
25228,765,24,3,2,111
25229,766,24,3,2,107
25230,767,24,3,2,103
25231,768,24,3,2,124
25232,769,24,3,2,94
25233,770,24,3,2,92
25234,771,24,3,2,102
25235,772,24,3,2,86
25236,773,24,3,2,121
25237,774,24,3,2,108
25238,775,24,3,2,110
25239,776,24,3,2,108
25240,777,24,3,2,74
25241,778,24,3,2,113
25242,779,24,3,2,102
25243,780,24,3,2,98
25244,781,24,3,2,110
25245,782,24,3,2,97
25246,783,24,3,2,108
25247,784,24,3,2,89
25248,785,24,3,2,97
25249,786,24,3,2,102
25250,787,24,3,2,87
25251,788,24,3,2,96
25252,789,24,3,2,104
25253,790,24,3,2,119
25254,791,24,3,2,119
25255,792,24,3,2,110
25256,793,24,3,2,93
25257,794,24,3,2,87
25258,795,24,3,2,100
25259,796,24,3,2,80
25260,797,24,3,2,94
25261,798,24,3,2,106
25262,799,24,3,2,125
25263,800,24,3,2,93
25264,801,24,3,2,114
25265,802,24,3,2,102
25266,803,24,3,2,97
25267,804,24,3,2,66
25268,805,24,3,2,91
25269,806,24,3,2,82
25270,807,24,3,2,97
25271,808,24,3,2,88
25272,809,24,3,2,125
25273,811,24,3,2,121
25274,812,24,3,2,105
25275,813,24,3,2,108
25276,814,24,3,2,133
10572,753,24,4,2,105
10573,754,24,4,2,95
10574,755,24,4,2,105
10575,756,24,4,2,90
10576,757,24,4,2,75
10577,758,24,4,2,95
10578,759,24,4,2,102
10579,760,24,4,2,89
10580,761,24,4,2,93
10581,762,24,4,2,61
10582,763,24,4,2,69
10583,764,24,4,2,119
10584,765,24,4,2,119
10585,766,24,4,2,100
10586,767,24,4,2,96
10587,768,24,4,2,128
10588,769,24,4,2,88
10589,770,24,4,2,89
10590,771,24,4,2,72
10591,772,24,4,2,105
10592,773,24,4,2,131
10593,774,24,4,2,104
10594,775,24,4,2,105
10595,776,24,4,2,59
10596,777,24,4,2,70
10597,778,24,4,2,85
10598,779,24,4,2,85
10599,780,24,4,2,79
10600,781,24,4,2,96
10601,782,24,4,2,85
10602,783,24,4,2,105
10603,784,24,4,2,82
10604,785,24,4,2,89
10605,786,24,4,2,113
10606,787,24,4,2,84
10607,788,24,4,2,87
10608,789,24,4,2,99
10609,790,24,4,2,121
10610,791,24,4,2,99
10611,792,24,4,2,89
10612,793,24,4,2,99
10613,794,24,4,2,87
10614,795,24,4,2,98
10615,796,24,4,2,64
10616,797,24,4,2,108
10617,798,24,4,2,93
10618,799,24,4,2,119
10619,800,24,4,2,94
10620,801,24,4,2,109
10621,802,24,4,2,120
10622,803,24,4,2,97
10623,804,24,4,2,70
10624,805,24,4,2,92
10625,806,24,4,2,68
10626,807,24,4,2,74
10627,808,24,4,2,65
10628,809,24,4,2,139
10629,810,24,4,2,128
10630,811,24,4,2,83
10631,812,24,4,2,92
10632,813,24,4,2,89
10633,814,24,4,2,145
26501,753,24,4,2,105
26502,754,24,4,2,96
26503,755,24,4,2,106
26504,756,24,4,2,90
26505,757,24,4,2,76
26506,758,24,4,2,99
26507,759,24,4,2,100
26508,760,24,4,2,89
26509,761,24,4,2,96
26510,762,24,4,2,63
26511,763,24,4,2,72
26512,764,24,4,2,120
26513,765,24,4,2,118
26514,766,24,4,2,106
26515,767,24,4,2,97
26516,768,24,4,2,130
26517,769,24,4,2,90
26518,770,24,4,2,87
26519,771,24,4,2,72
26520,772,24,4,2,95
26521,773,24,4,2,128
26522,774,24,4,2,104
26523,775,24,4,2,103
26524,776,24,4,2,62
26525,777,24,4,2,70
26526,778,24,4,2,87
26527,779,24,4,2,87
26528,780,24,4,2,78
26529,781,24,4,2,98
26530,782,24,4,2,86
26531,783,24,4,2,102
26532,784,24,4,2,88
26533,785,24,4,2,93
26534,786,24,4,2,107
26535,787,24,4,2,86
26536,788,24,4,2,88
26537,789,24,4,2,100
26538,790,24,4,2,122
26539,791,24,4,2,102
26540,792,24,4,2,104
26541,793,24,4,2,105
26542,794,24,4,2,91
26543,795,24,4,2,104
26544,796,24,4,2,65
26545,797,24,4,2,109
26546,798,24,4,2,93
26547,799,24,4,2,119
26548,800,24,4,2,98
26549,801,24,4,2,112
26550,802,24,4,2,125
26551,803,24,4,2,97
26552,804,24,4,2,70
26553,805,24,4,2,94
26554,806,24,4,2,71
26555,807,24,4,2,78
26556,808,24,4,2,69
26557,809,24,4,2,129
26558,811,24,4,2,82
26559,812,24,4,2,104
26560,813,24,4,2,91
26561,814,24,4,2,145
9170,753,24,4,1,109
9171,754,24,4,1,105
9172,755,24,4,1,103
9173,756,24,4,1,91
9174,757,24,4,1,79
9175,758,24,4,1,94
9176,759,24,4,1,96
9177,760,24,4,1,92
9178,761,24,4,1,96
9179,762,24,4,1,58
9180,763,24,4,1,82
9181,764,24,4,1,105
9182,765,24,4,1,116
9183,766,24,4,1,97
9184,767,24,4,1,81
9185,768,24,4,1,109
9186,769,24,4,1,86
9187,770,24,4,1,91
9188,771,24,4,1,72
9189,772,24,4,1,100
9190,773,24,4,1,97
9191,774,24,4,1,100
9192,775,24,4,1,100
9193,776,24,4,1,72
9194,777,24,4,1,75
9195,778,24,4,1,80
9196,779,24,4,1,76
9197,780,24,4,1,88
9198,781,24,4,1,97
9199,782,24,4,1,84
9200,783,24,4,1,103
9201,784,24,4,1,85
9202,785,24,4,1,106
9203,786,24,4,1,93
9204,787,24,4,1,89
9205,788,24,4,1,87
9206,789,24,4,1,81
9207,790,24,4,1,112
9208,791,24,4,1,93
9209,792,24,4,1,85
9210,793,24,4,1,80
9211,794,24,4,1,82
9212,795,24,4,1,78
9213,796,24,4,1,73
9214,797,24,4,1,99
9215,798,24,4,1,89
9216,799,24,4,1,106
9217,800,24,4,1,76
9218,801,24,4,1,85
9219,802,24,4,1,98
9220,803,24,4,1,74
9221,804,24,4,1,86
9222,805,24,4,1,77
9223,806,24,4,1,69
9224,807,24,4,1,76
9225,808,24,4,1,59
9226,809,24,4,1,118
9227,810,24,4,1,112
9228,811,24,4,1,79
9229,812,24,4,1,94
9230,813,24,4,1,74
9231,814,24,4,1,124
22646,753,24,4,1,108
22647,754,24,4,1,105
22648,755,24,4,1,102
22649,756,24,4,1,90
22650,757,24,4,1,79
22651,758,24,4,1,95
22652,759,24,4,1,97
22653,760,24,4,1,92
22654,761,24,4,1,98
22655,762,24,4,1,60
22656,763,24,4,1,82
22657,764,24,4,1,106
22658,765,24,4,1,113
22659,766,24,4,1,101
22660,767,24,4,1,84
22661,768,24,4,1,111
22662,769,24,4,1,88
22663,770,24,4,1,88
22664,771,24,4,1,74
22665,772,24,4,1,94
22666,773,24,4,1,96
22667,774,24,4,1,100
22668,775,24,4,1,97
22669,776,24,4,1,72
22670,777,24,4,1,75
22671,778,24,4,1,85
22672,779,24,4,1,78
22673,780,24,4,1,85
22674,781,24,4,1,96
22675,782,24,4,1,84
22676,783,24,4,1,100
22677,784,24,4,1,89
22678,785,24,4,1,108
22679,786,24,4,1,90
22680,787,24,4,1,86
22681,788,24,4,1,85
22682,789,24,4,1,81
22683,790,24,4,1,117
22684,791,24,4,1,96
22685,792,24,4,1,98
22686,793,24,4,1,86
22687,794,24,4,1,83
22688,795,24,4,1,83
22689,796,24,4,1,73
22690,797,24,4,1,103
22691,798,24,4,1,89
22692,799,24,4,1,106
22693,800,24,4,1,79
22694,801,24,4,1,86
22695,802,24,4,1,105
22696,803,24,4,1,74
22697,804,24,4,1,86
22698,805,24,4,1,81
22699,806,24,4,1,71
22700,807,24,4,1,84
22701,808,24,4,1,64
22702,809,24,4,1,112
22703,811,24,4,1,76
22704,812,24,4,1,100
22705,813,24,4,1,79
22706,814,24,4,1,124
11974,753,24,5,1,108
11975,754,24,5,1,104
11976,755,24,5,1,105
11977,756,24,5,1,87
11978,757,24,5,1,79
11979,758,24,5,1,106
11980,759,24,5,1,93
11981,760,24,5,1,87
11982,761,24,5,1,98
11983,762,24,5,1,49
11984,763,24,5,1,76
11985,764,24,5,1,113
11986,765,24,5,1,110
11987,766,24,5,1,96
11988,767,24,5,1,83
11989,768,24,5,1,103
11990,769,24,5,1,79
11991,770,24,5,1,84
11992,771,24,5,1,57
11993,772,24,5,1,93
11994,773,24,5,1,99
11995,774,24,5,1,100
11996,775,24,5,1,102
11997,776,24,5,1,59
11998,777,24,5,1,72
11999,778,24,5,1,82
12000,779,24,5,1,81
12001,780,24,5,1,71
12002,781,24,5,1,98
12003,782,24,5,1,92
12004,783,24,5,1,106
12005,784,24,5,1,77
12006,785,24,5,1,118
12007,786,24,5,1,89
12008,787,24,5,1,100
12009,788,24,5,1,79
12010,789,24,5,1,86
12011,790,24,5,1,105
12012,791,24,5,1,99
12013,792,24,5,1,86
12014,793,24,5,1,81
12015,794,24,5,1,78
12016,795,24,5,1,93
12017,796,24,5,1,60
12018,797,24,5,1,105
12019,798,24,5,1,100
12020,799,24,5,1,95
12021,800,24,5,1,91
12022,801,24,5,1,101
12023,802,24,5,1,105
12024,803,24,5,1,86
12025,804,24,5,1,89
12026,805,24,5,1,88
12027,806,24,5,1,67
12028,807,24,5,1,83
12029,808,24,5,1,66
12030,809,24,5,1,124
12031,810,24,5,1,108
12032,811,24,5,1,76
12033,812,24,5,1,98
12034,813,24,5,1,70
12035,814,24,5,1,134
21361,753,24,5,1,107
21362,754,24,5,1,105
21363,755,24,5,1,104
21364,756,24,5,1,86
21365,757,24,5,1,78
21366,758,24,5,1,104
21367,759,24,5,1,97
21368,760,24,5,1,87
21369,761,24,5,1,98
21370,762,24,5,1,51
21371,763,24,5,1,77
21372,764,24,5,1,112
21373,765,24,5,1,108
21374,766,24,5,1,105
21375,767,24,5,1,85
21376,768,24,5,1,107
21377,769,24,5,1,81
21378,770,24,5,1,71
21379,771,24,5,1,56
21380,772,24,5,1,80
21381,773,24,5,1,103
21382,774,24,5,1,100
21383,775,24,5,1,100
21384,776,24,5,1,60
21385,777,24,5,1,71
21386,778,24,5,1,85
21387,779,24,5,1,85
21388,780,24,5,1,74
21389,781,24,5,1,95
21390,782,24,5,1,89
21391,783,24,5,1,105
21392,784,24,5,1,84
21393,785,24,5,1,119
21394,786,24,5,1,94
21395,787,24,5,1,96
21396,788,24,5,1,80
21397,789,24,5,1,91
21398,790,24,5,1,111
21399,791,24,5,1,99
21400,792,24,5,1,93
21401,793,24,5,1,85
21402,794,24,5,1,78
21403,795,24,5,1,95
21404,796,24,5,1,60
21405,797,24,5,1,104
21406,798,24,5,1,100
21407,799,24,5,1,95
21408,800,24,5,1,92
21409,801,24,5,1,104
21410,802,24,5,1,106
21411,803,24,5,1,86
21412,804,24,5,1,89
21413,805,24,5,1,117
21414,806,24,5,1,74
21415,807,24,5,1,92
21416,808,24,5,1,71
21417,809,24,5,1,119
21418,811,24,5,1,75
21419,812,24,5,1,103
21420,813,24,5,1,73
21421,814,24,5,1,134
13376,753,24,5,2,104
13377,754,24,5,2,95
13378,755,24,5,2,111
13379,756,24,5,2,93
13380,757,24,5,2,82
13381,758,24,5,2,91
13382,759,24,5,2,96
13383,760,24,5,2,91
13384,761,24,5,2,89
13385,762,24,5,2,73
13386,763,24,5,2,74
13387,764,24,5,2,125
13388,765,24,5,2,108
13389,766,24,5,2,106
13390,767,24,5,2,95
13391,768,24,5,2,118
13392,769,24,5,2,88
13393,770,24,5,2,88
13394,771,24,5,2,73
13395,772,24,5,2,96
13396,773,24,5,2,118
13397,774,24,5,2,104
13398,775,24,5,2,112
13399,776,24,5,2,74
13400,777,24,5,2,74
13401,778,24,5,2,97
13402,779,24,5,2,98
13403,780,24,5,2,71
13404,781,24,5,2,100
13405,782,24,5,2,89
13406,783,24,5,2,115
13407,784,24,5,2,88
13408,785,24,5,2,95
13409,786,24,5,2,98
13410,787,24,5,2,93
13411,788,24,5,2,87
13412,789,24,5,2,89
13413,790,24,5,2,123
13414,791,24,5,2,100
13415,792,24,5,2,96
13416,793,24,5,2,83
13417,794,24,5,2,101
13418,795,24,5,2,95
13419,796,24,5,2,70
13420,797,24,5,2,122
13421,798,24,5,2,110
13422,799,24,5,2,113
13423,800,24,5,2,104
13424,801,24,5,2,115
13425,802,24,5,2,112
13426,803,24,5,2,91
13427,804,24,5,2,71
13428,805,24,5,2,92
13429,806,24,5,2,68
13430,807,24,5,2,89
13431,808,24,5,2,68
13432,809,24,5,2,134
13433,810,24,5,2,131
13434,811,24,5,2,89
13435,812,24,5,2,86
13436,813,24,5,2,70
13437,814,24,5,2,142
27786,753,24,5,2,104
27787,754,24,5,2,95
27788,755,24,5,2,111
27789,756,24,5,2,94
27790,757,24,5,2,82
27791,758,24,5,2,93
27792,759,24,5,2,96
27793,760,24,5,2,91
27794,761,24,5,2,90
27795,762,24,5,2,76
27796,763,24,5,2,78
27797,764,24,5,2,123
27798,765,24,5,2,108
27799,766,24,5,2,116
27800,767,24,5,2,97
27801,768,24,5,2,118
27802,769,24,5,2,89
27803,770,24,5,2,74
27804,771,24,5,2,76
27805,772,24,5,2,82
27806,773,24,5,2,116
27807,774,24,5,2,104
27808,775,24,5,2,110
27809,776,24,5,2,74
27810,777,24,5,2,73
27811,778,24,5,2,99
27812,779,24,5,2,100
27813,780,24,5,2,75
27814,781,24,5,2,100
27815,782,24,5,2,89
27816,783,24,5,2,114
27817,784,24,5,2,92
27818,785,24,5,2,99
27819,786,24,5,2,102
27820,787,24,5,2,94
27821,788,24,5,2,92
27822,789,24,5,2,95
27823,790,24,5,2,126
27824,791,24,5,2,99
27825,792,24,5,2,104
27826,793,24,5,2,89
27827,794,24,5,2,101
27828,795,24,5,2,99
27829,796,24,5,2,70
27830,797,24,5,2,115
27831,798,24,5,2,110
27832,799,24,5,2,113
27833,800,24,5,2,105
27834,801,24,5,2,116
27835,802,24,5,2,112
27836,803,24,5,2,92
27837,804,24,5,2,71
27838,805,24,5,2,98
27839,806,24,5,2,77
27840,807,24,5,2,95
27841,808,24,5,2,73
27842,809,24,5,2,133
27843,811,24,5,2,90
27844,812,24,5,2,93
27845,813,24,5,2,74
27846,814,24,5,2,142
2160,753,24,1,2,102
2161,754,24,1,2,87
2162,755,24,1,2,106
2163,756,24,1,2,80
2164,757,24,1,2,81
2165,758,24,1,2,92
2166,759,24,1,2,92
2167,760,24,1,2,76
2168,761,24,1,2,89
2169,762,24,1,2,87
2170,763,24,1,2,87
2171,764,24,1,2,119
2172,765,24,1,2,106
2173,766,24,1,2,112
2174,767,24,1,2,109
2175,768,24,1,2,118
2176,769,24,1,2,94
2177,770,24,1,2,97
2178,771,24,1,2,98
2179,772,24,1,2,81
2180,773,24,1,2,126
2181,774,24,1,2,111
2182,775,24,1,2,113
2183,776,24,1,2,81
2184,777,24,1,2,80
2185,778,24,1,2,104
2186,779,24,1,2,94
2187,780,24,1,2,67
2188,781,24,1,2,115
2189,782,24,1,2,81
2190,783,24,1,2,104
2191,784,24,1,2,73
2192,785,24,1,2,96
2193,786,24,1,2,114
2194,787,24,1,2,88
2195,788,24,1,2,78
2196,789,24,1,2,96
2197,790,24,1,2,156
2198,791,24,1,2,130
2199,792,24,1,2,90
2200,793,24,1,2,90
2201,794,24,1,2,64
2202,795,24,1,2,103
2203,796,24,1,2,71
2204,797,24,1,2,81
2205,798,24,1,2,118
2206,799,24,1,2,103
2207,800,24,1,2,90
2208,801,24,1,2,109
2209,802,24,1,2,108
2210,803,24,1,2,93
2211,804,24,1,2,69
2212,805,24,1,2,100
2213,806,24,1,2,81
2214,807,24,1,2,72
2215,808,24,1,2,92
2216,809,24,1,2,146
2217,810,24,1,2,138
2218,811,24,1,2,102
2219,812,24,1,2,106
2220,813,24,1,2,107
2221,814,24,1,2,123
29071,753,24,1,2,102
29072,754,24,1,2,88
29073,755,24,1,2,105
29074,756,24,1,2,80
29075,757,24,1,2,81
29076,758,24,1,2,99
29077,759,24,1,2,89
29078,760,24,1,2,77
29079,761,24,1,2,92
29080,762,24,1,2,92
29081,763,24,1,2,90
29082,764,24,1,2,140
29083,765,24,1,2,111
29084,766,24,1,2,110
29085,767,24,1,2,118
29086,768,24,1,2,124
29087,769,24,1,2,92
29088,770,24,1,2,92
29089,771,24,1,2,103
29090,772,24,1,2,83
29091,773,24,1,2,127
29092,774,24,1,2,111
29093,775,24,1,2,112
29094,776,24,1,2,77
29095,777,24,1,2,79
29096,778,24,1,2,102
29097,779,24,1,2,100
29098,780,24,1,2,68
29099,781,24,1,2,114
29100,782,24,1,2,89
29101,783,24,1,2,103
29102,784,24,1,2,86
29103,785,24,1,2,107
29104,786,24,1,2,111
29105,787,24,1,2,85
29106,788,24,1,2,83
29107,789,24,1,2,101
29108,790,24,1,2,148
29109,791,24,1,2,131
29110,792,24,1,2,100
29111,793,24,1,2,101
29112,794,24,1,2,69
29113,795,24,1,2,110
29114,796,24,1,2,70
29115,797,24,1,2,85
29116,798,24,1,2,117
29117,799,24,1,2,103
29118,800,24,1,2,91
29119,801,24,1,2,120
29120,802,24,1,2,107
29121,803,24,1,2,93
29122,804,24,1,2,69
29123,805,24,1,2,98
29124,806,24,1,2,77
29125,807,24,1,2,79
29126,808,24,1,2,85
29127,809,24,1,2,140
29128,811,24,1,2,105
29129,812,24,1,2,94
29130,813,24,1,2,107
29131,814,24,1,2,123
769,753,24,1,1,116
770,754,24,1,1,85
771,755,24,1,1,98
772,756,24,1,1,63
773,757,24,1,1,81
774,758,24,1,1,96
775,759,24,1,1,71
776,760,24,1,1,64
777,761,24,1,1,74
778,762,24,1,1,77
779,763,24,1,1,74
780,764,24,1,1,117
781,765,24,1,1,119
782,766,24,1,1,91
783,767,24,1,1,105
784,768,24,1,1,116
785,769,24,1,1,68
786,770,24,1,1,72
787,771,24,1,1,63
788,772,24,1,1,84
789,773,24,1,1,112
790,774,24,1,1,91
791,775,24,1,1,105
792,776,24,1,1,62
793,777,24,1,1,64
794,778,24,1,1,82
795,779,24,1,1,87
796,780,24,1,1,61
797,781,24,1,1,106
798,782,24,1,1,72
799,783,24,1,1,105
800,784,24,1,1,72
801,785,24,1,1,84
802,786,24,1,1,106
803,787,24,1,1,70
804,788,24,1,1,66
805,789,24,1,1,87
806,790,24,1,1,130
807,791,24,1,1,119
808,792,24,1,1,91
809,793,24,1,1,89
810,794,24,1,1,52
811,795,24,1,1,100
812,796,24,1,1,67
813,797,24,1,1,64
814,798,24,1,1,116
815,799,24,1,1,109
816,800,24,1,1,79
817,801,24,1,1,88
818,802,24,1,1,103
819,803,24,1,1,82
820,804,24,1,1,61
821,805,24,1,1,90
822,806,24,1,1,58
823,807,24,1,1,61
824,808,24,1,1,78
825,809,24,1,1,142
826,810,24,1,1,132
827,811,24,1,1,68
828,812,24,1,1,83
829,813,24,1,1,96
830,814,24,1,1,105
20076,753,24,1,1,115
20077,754,24,1,1,85
20078,755,24,1,1,98
20079,756,24,1,1,64
20080,757,24,1,1,82
20081,758,24,1,1,104
20082,759,24,1,1,70
20083,760,24,1,1,64
20084,761,24,1,1,76
20085,762,24,1,1,79
20086,763,24,1,1,73
20087,764,24,1,1,135
20088,765,24,1,1,121
20089,766,24,1,1,90
20090,767,24,1,1,109
20091,768,24,1,1,120
20092,769,24,1,1,69
20093,770,24,1,1,69
20094,771,24,1,1,66
20095,772,24,1,1,81
20096,773,24,1,1,111
20097,774,24,1,1,91
20098,775,24,1,1,103
20099,776,24,1,1,59
20100,777,24,1,1,64
20101,778,24,1,1,81
20102,779,24,1,1,91
20103,780,24,1,1,63
20104,781,24,1,1,106
20105,782,24,1,1,78
20106,783,24,1,1,103
20107,784,24,1,1,82
20108,785,24,1,1,91
20109,786,24,1,1,106
20110,787,24,1,1,68
20111,788,24,1,1,64
20112,789,24,1,1,87
20113,790,24,1,1,122
20114,791,24,1,1,122
20115,792,24,1,1,100
20116,793,24,1,1,98
20117,794,24,1,1,53
20118,795,24,1,1,101
20119,796,24,1,1,67
20120,797,24,1,1,64
20121,798,24,1,1,115
20122,799,24,1,1,109
20123,800,24,1,1,80
20124,801,24,1,1,90
20125,802,24,1,1,99
20126,803,24,1,1,82
20127,804,24,1,1,61
20128,805,24,1,1,87
20129,806,24,1,1,57
20130,807,24,1,1,65
20131,808,24,1,1,76
20132,809,24,1,1,136
20133,811,24,1,1,65
20134,812,24,1,1,77
20135,813,24,1,1,94
20136,814,24,1,1,105
4964,753,24,2,1,110
4965,754,24,2,1,101
4966,755,24,2,1,100
4967,756,24,2,1,84
4968,757,24,2,1,97
4969,758,24,2,1,86
4970,759,24,2,1,71
4971,760,24,2,1,78
4972,761,24,2,1,94
4973,762,24,2,1,69
4974,763,24,2,1,88
4975,764,24,2,1,108
4976,765,24,2,1,117
4977,766,24,2,1,94
4978,767,24,2,1,79
4979,768,24,2,1,102
4980,769,24,2,1,79
4981,770,24,2,1,81
4982,771,24,2,1,70
4983,772,24,2,1,98
4984,773,24,2,1,87
4985,774,24,2,1,104
4986,775,24,2,1,96
4987,776,24,2,1,75
4988,777,24,2,1,64
4989,778,24,2,1,94
4990,779,24,2,1,94
4991,780,24,2,1,83
4992,781,24,2,1,111
4993,782,24,2,1,71
4994,783,24,2,1,117
4995,784,24,2,1,78
4996,785,24,2,1,115
4997,786,24,2,1,84
4998,787,24,2,1,95
4999,788,24,2,1,77
5000,789,24,2,1,64
5001,790,24,2,1,118
5002,791,24,2,1,90
5003,792,24,2,1,105
5004,793,24,2,1,67
5005,794,24,2,1,74
5006,795,24,2,1,74
5007,796,24,2,1,83
5008,797,24,2,1,90
5009,798,24,2,1,110
5010,799,24,2,1,112
5011,800,24,2,1,91
5012,801,24,2,1,72
5013,802,24,2,1,90
5014,803,24,2,1,79
5015,804,24,2,1,83
5016,805,24,2,1,81
5017,806,24,2,1,69
5018,807,24,2,1,70
5019,808,24,2,1,66
5020,809,24,2,1,115
5021,810,24,2,1,124
5022,811,24,2,1,83
5023,812,24,2,1,97
5024,813,24,2,1,83
5025,814,24,2,1,130
17506,753,24,2,1,109
17507,754,24,2,1,103
17508,755,24,2,1,100
17509,756,24,2,1,83
17510,757,24,2,1,98
17511,758,24,2,1,87
17512,759,24,2,1,73
17513,760,24,2,1,78
17514,761,24,2,1,93
17515,762,24,2,1,71
17516,763,24,2,1,85
17517,764,24,2,1,113
17518,765,24,2,1,116
17519,766,24,2,1,96
17520,767,24,2,1,80
17521,768,24,2,1,100
17522,769,24,2,1,79
17523,770,24,2,1,78
17524,771,24,2,1,70
17525,772,24,2,1,93
17526,773,24,2,1,85
17527,774,24,2,1,104
17528,775,24,2,1,95
17529,776,24,2,1,76
17530,777,24,2,1,65
17531,778,24,2,1,96
17532,779,24,2,1,103
17533,780,24,2,1,81
17534,781,24,2,1,111
17535,782,24,2,1,81
17536,783,24,2,1,116
17537,784,24,2,1,91
17538,785,24,2,1,115
17539,786,24,2,1,84
17540,787,24,2,1,91
17541,788,24,2,1,77
17542,789,24,2,1,69
17543,790,24,2,1,117
17544,791,24,2,1,92
17545,792,24,2,1,114
17546,793,24,2,1,69
17547,794,24,2,1,73
17548,795,24,2,1,78
17549,796,24,2,1,83
17550,797,24,2,1,92
17551,798,24,2,1,110
17552,799,24,2,1,112
17553,800,24,2,1,91
17554,801,24,2,1,71
17555,802,24,2,1,93
17556,803,24,2,1,79
17557,804,24,2,1,83
17558,805,24,2,1,79
17559,806,24,2,1,69
17560,807,24,2,1,74
17561,808,24,2,1,69
17562,809,24,2,1,125
17563,811,24,2,1,79
17564,812,24,2,1,95
17565,813,24,2,1,84
17566,814,24,2,1,130
3562,753,24,2,2,104
3563,754,24,2,2,93
3564,755,24,2,2,102
3565,756,24,2,2,88
3566,757,24,2,2,99
3567,758,24,2,2,86
3568,759,24,2,2,77
3569,760,24,2,2,76
3570,761,24,2,2,93
3571,762,24,2,2,81
3572,763,24,2,2,79
3573,764,24,2,2,115
3574,765,24,2,2,113
3575,766,24,2,2,100
3576,767,24,2,2,93
3577,768,24,2,2,119
3578,769,24,2,2,81
3579,770,24,2,2,86
3580,771,24,2,2,85
3581,772,24,2,2,88
3582,773,24,2,2,118
3583,774,24,2,2,110
3584,775,24,2,2,104
3585,776,24,2,2,87
3586,777,24,2,2,63
3587,778,24,2,2,102
3588,779,24,2,2,100
3589,780,24,2,2,77
3590,781,24,2,2,110
3591,782,24,2,2,74
3592,783,24,2,2,116
3593,784,24,2,2,72
3594,785,24,2,2,94
3595,786,24,2,2,102
3596,787,24,2,2,89
3597,788,24,2,2,75
3598,789,24,2,2,79
3599,790,24,2,2,134
3600,791,24,2,2,102
3601,792,24,2,2,106
3602,793,24,2,2,78
3603,794,24,2,2,87
3604,795,24,2,2,82
3605,796,24,2,2,96
3606,797,24,2,2,98
3607,798,24,2,2,115
3608,799,24,2,2,124
3609,800,24,2,2,109
3610,801,24,2,2,94
3611,802,24,2,2,103
3612,803,24,2,2,105
3613,804,24,2,2,60
3614,805,24,2,2,77
3615,806,24,2,2,70
3616,807,24,2,2,75
3617,808,24,2,2,68
3618,809,24,2,2,127
3619,810,24,2,2,134
3620,811,24,2,2,91
3621,812,24,2,2,91
3622,813,24,2,2,95
3623,814,24,2,2,137
30356,753,24,2,2,105
30357,754,24,2,2,96
30358,755,24,2,2,102
30359,756,24,2,2,87
30360,757,24,2,2,102
30361,758,24,2,2,90
30362,759,24,2,2,77
30363,760,24,2,2,77
30364,761,24,2,2,94
30365,762,24,2,2,84
30366,763,24,2,2,82
30367,764,24,2,2,118
30368,765,24,2,2,114
30369,766,24,2,2,103
30370,767,24,2,2,94
30371,768,24,2,2,117
30372,769,24,2,2,80
30373,770,24,2,2,84
30374,771,24,2,2,85
30375,772,24,2,2,86
30376,773,24,2,2,113
30377,774,24,2,2,110
30378,775,24,2,2,103
30379,776,24,2,2,86
30380,777,24,2,2,64
30381,778,24,2,2,100
30382,779,24,2,2,116
30383,780,24,2,2,78
30384,781,24,2,2,110
30385,782,24,2,2,86
30386,783,24,2,2,114
30387,784,24,2,2,84
30388,785,24,2,2,98
30389,786,24,2,2,102
30390,787,24,2,2,88
30391,788,24,2,2,79
30392,789,24,2,2,89
30393,790,24,2,2,132
30394,791,24,2,2,106
30395,792,24,2,2,115
30396,793,24,2,2,80
30397,794,24,2,2,89
30398,795,24,2,2,91
30399,796,24,2,2,94
30400,797,24,2,2,100
30401,798,24,2,2,114
30402,799,24,2,2,124
30403,800,24,2,2,110
30404,801,24,2,2,103
30405,802,24,2,2,108
30406,803,24,2,2,105
30407,804,24,2,2,60
30408,805,24,2,2,82
30409,806,24,2,2,69
30410,807,24,2,2,78
30411,808,24,2,2,74
30412,809,24,2,2,133
30413,811,24,2,2,90
30414,812,24,2,2,93
30415,813,24,2,2,96
30416,814,24,2,2,137
14778,753,24,6,1,107
14779,754,24,6,1,101
14780,755,24,6,1,102
14781,756,24,6,1,93
14782,757,24,6,1,76
14783,758,24,6,1,108
14784,759,24,6,1,88
14785,760,24,6,1,88
14786,761,24,6,1,99
14787,762,24,6,1,57
14788,763,24,6,1,82
14789,764,24,6,1,105
14790,765,24,6,1,110
14791,766,24,6,1,96
14792,767,24,6,1,107
14793,768,24,6,1,103
14794,769,24,6,1,77
14795,770,24,6,1,82
14796,771,24,6,1,72
14797,772,24,6,1,103
14798,773,24,6,1,106
14799,774,24,6,1,103
14800,775,24,6,1,105
14801,776,24,6,1,69
14802,777,24,6,1,80
14803,778,24,6,1,86
14804,779,24,6,1,79
14805,780,24,6,1,79
14806,781,24,6,1,105
14807,782,24,6,1,86
14808,783,24,6,1,104
14809,784,24,6,1,87
14810,785,24,6,1,125
14811,786,24,6,1,98
14812,787,24,6,1,105
14813,788,24,6,1,75
14814,789,24,6,1,77
14815,790,24,6,1,104
14816,791,24,6,1,107
14817,792,24,6,1,84
14818,793,24,6,1,106
14819,794,24,6,1,103
14820,795,24,6,1,94
14821,796,24,6,1,54
14822,797,24,6,1,106
14823,798,24,6,1,96
14824,799,24,6,1,94
14825,800,24,6,1,90
14826,801,24,6,1,98
14827,802,24,6,1,95
14828,803,24,6,1,83
14829,804,24,6,1,92
14830,805,24,6,1,93
14831,806,24,6,1,74
14832,807,24,6,1,90
14833,808,24,6,1,83
14834,809,24,6,1,94
14835,810,24,6,1,97
14836,811,24,6,1,91
14837,812,24,6,1,93
14838,813,24,6,1,71
14839,814,24,6,1,135
16180,753,24,6,2,105
16181,754,24,6,2,93
16182,755,24,6,2,109
16183,756,24,6,2,89
16184,757,24,6,2,84
16185,758,24,6,2,100
16186,759,24,6,2,89
16187,760,24,6,2,86
16188,761,24,6,2,87
16189,762,24,6,2,75
16190,763,24,6,2,80
16191,764,24,6,2,117
16192,765,24,6,2,109
16193,766,24,6,2,102
16194,767,24,6,2,126
16195,768,24,6,2,115
16196,769,24,6,2,76
16197,770,24,6,2,88
16198,771,24,6,2,78
16199,772,24,6,2,105
16200,773,24,6,2,121
16201,774,24,6,2,110
16202,775,24,6,2,108
16203,776,24,6,2,76
16204,777,24,6,2,78
16205,778,24,6,2,96
16206,779,24,6,2,91
16207,780,24,6,2,78
16208,781,24,6,2,108
16209,782,24,6,2,80
16210,783,24,6,2,110
16211,784,24,6,2,92
16212,785,24,6,2,104
16213,786,24,6,2,105
16214,787,24,6,2,91
16215,788,24,6,2,81
16216,789,24,6,2,74
16217,790,24,6,2,115
16218,791,24,6,2,112
16219,792,24,6,2,96
16220,793,24,6,2,89
16221,794,24,6,2,112
16222,795,24,6,2,91
16223,796,24,6,2,68
16224,797,24,6,2,117
16225,798,24,6,2,106
16226,799,24,6,2,109
16227,800,24,6,2,94
16228,801,24,6,2,105
16229,802,24,6,2,113
16230,803,24,6,2,83
16231,804,24,6,2,70
16232,805,24,6,2,98
16233,806,24,6,2,75
16234,807,24,6,2,83
16235,808,24,6,2,75
16236,809,24,6,2,113
16237,810,24,6,2,113
16238,811,24,6,2,107
16239,812,24,6,2,89
16240,813,24,6,2,71
16241,814,24,6,2,123
18791,753,24,6,1,107
18792,754,24,6,1,101
18793,755,24,6,1,102
18794,756,24,6,1,93
18795,757,24,6,1,77
18796,758,24,6,1,108
18797,759,24,6,1,89
18798,760,24,6,1,88
18799,761,24,6,1,100
18800,762,24,6,1,58
18801,763,24,6,1,83
18802,764,24,6,1,106
18803,765,24,6,1,109
18804,766,24,6,1,99
18805,767,24,6,1,114
18806,768,24,6,1,105
18807,769,24,6,1,79
18808,770,24,6,1,79
18809,771,24,6,1,74
18810,772,24,6,1,102
18811,773,24,6,1,104
18812,774,24,6,1,103
18813,775,24,6,1,102
18814,776,24,6,1,71
18815,777,24,6,1,78
18816,778,24,6,1,86
18817,779,24,6,1,84
18818,780,24,6,1,82
18819,781,24,6,1,100
18820,782,24,6,1,81
18821,783,24,6,1,102
18822,784,24,6,1,92
18823,785,24,6,1,123
18824,786,24,6,1,100
18825,787,24,6,1,101
18826,788,24,6,1,86
18827,789,24,6,1,85
18828,790,24,6,1,106
18829,791,24,6,1,107
18830,792,24,6,1,93
18831,793,24,6,1,101
18832,794,24,6,1,101
18833,795,24,6,1,96
18834,796,24,6,1,57
18835,797,24,6,1,105
18836,798,24,6,1,96
18837,799,24,6,1,94
18838,800,24,6,1,91
18839,801,24,6,1,101
18840,802,24,6,1,102
18841,803,24,6,1,83
18842,804,24,6,1,92
18843,805,24,6,1,96
18844,806,24,6,1,78
18845,807,24,6,1,95
18846,808,24,6,1,83
18847,809,24,6,1,96
18848,811,24,6,1,87
18849,812,24,6,1,95
18850,813,24,6,1,73
18851,814,24,6,1,135
31641,753,24,6,2,105
31642,754,24,6,2,94
31643,755,24,6,2,109
31644,756,24,6,2,91
31645,757,24,6,2,85
31646,758,24,6,2,103
31647,759,24,6,2,89
31648,760,24,6,2,86
31649,761,24,6,2,87
31650,762,24,6,2,76
31651,763,24,6,2,81
31652,764,24,6,2,118
31653,765,24,6,2,109
31654,766,24,6,2,107
31655,767,24,6,2,127
31656,768,24,6,2,116
31657,769,24,6,2,79
31658,770,24,6,2,84
31659,771,24,6,2,81
31660,772,24,6,2,104
31661,773,24,6,2,113
31662,774,24,6,2,110
31663,775,24,6,2,105
31664,776,24,6,2,77
31665,777,24,6,2,77
31666,778,24,6,2,96
31667,779,24,6,2,97
31668,780,24,6,2,81
31669,781,24,6,2,104
31670,782,24,6,2,76
31671,783,24,6,2,107
31672,784,24,6,2,94
31673,785,24,6,2,105
31674,786,24,6,2,105
31675,787,24,6,2,90
31676,788,24,6,2,85
31677,789,24,6,2,84
31678,790,24,6,2,119
31679,791,24,6,2,111
31680,792,24,6,2,105
31681,793,24,6,2,91
31682,794,24,6,2,109
31683,795,24,6,2,92
31684,796,24,6,2,71
31685,797,24,6,2,115
31686,798,24,6,2,106
31687,799,24,6,2,109
31688,800,24,6,2,93
31689,801,24,6,2,106
31690,802,24,6,2,116
31691,803,24,6,2,85
31692,804,24,6,2,70
31693,805,24,6,2,93
31694,806,24,6,2,77
31695,807,24,6,2,88
31696,808,24,6,2,77
31697,809,24,6,2,113
31698,811,24,6,2,100
31699,812,24,6,2,89
31700,813,24,6,2,73
31701,814,24,6,2,123
15547,125,8,6,2,129
15548,126,8,6,2,99
15549,127,8,6,2,106
15550,128,8,6,2,129
15551,129,8,6,2,114
15552,130,8,6,2,116
15553,131,8,6,2,80
15554,132,8,6,2,78
15555,133,8,6,2,116
15556,134,8,6,2,80
15557,135,8,6,2,102
15558,136,8,6,2,77
15559,137,8,6,2,110
15560,138,8,6,2,107
15561,139,8,6,2,80
15562,140,8,6,2,125
15563,141,8,6,2,47
15564,142,8,6,2,95
15565,143,8,6,2,87
15566,144,8,6,2,70
15567,145,8,6,2,76
15568,146,8,6,2,89
15569,147,8,6,2,120
15570,148,8,6,2,88
15571,149,8,6,2,61
15572,150,8,6,2,14
15573,151,8,6,2,82
15574,152,8,6,2,80
15575,153,8,6,2,50
15576,154,8,6,2,83
15577,155,8,6,2,78
15578,156,8,6,2,24
15579,157,8,6,2,77
15580,158,8,6,2,80
15581,159,8,6,2,113
15582,160,8,6,2,14
15583,161,8,6,2,88
15584,162,8,6,2,128
15585,163,8,6,2,62
15586,164,8,6,2,64
15587,165,8,6,2,99
15588,166,8,6,2,124
15589,167,8,6,2,98
15590,168,8,6,2,146
15591,169,8,6,2,55
15592,170,8,6,2,52
15593,171,8,6,2,76
15594,172,8,6,2,134
15595,173,8,6,2,66
15596,174,8,6,2,18
15597,175,8,6,2,65
15598,176,8,6,2,18
15599,177,8,6,2,36
31077,125,8,6,2,128
31078,126,8,6,2,99
31079,127,8,6,2,105
31080,128,8,6,2,125
31081,129,8,6,2,108
31082,130,8,6,2,116
31083,131,8,6,2,80
31084,132,8,6,2,78
31085,133,8,6,2,116
31086,134,8,6,2,80
31087,135,8,6,2,102
31088,136,8,6,2,77
31089,137,8,6,2,108
31090,138,8,6,2,107
31091,139,8,6,2,80
31092,140,8,6,2,125
31093,141,8,6,2,47
31094,142,8,6,2,95
31095,143,8,6,2,87
31096,144,8,6,2,70
31097,145,8,6,2,76
31098,146,8,6,2,89
31099,147,8,6,2,120
31100,148,8,6,2,85
31101,149,8,6,2,61
31102,150,8,6,2,14
31103,151,8,6,2,82
31104,152,8,6,2,80
31105,153,8,6,2,50
31106,154,8,6,2,83
31107,155,8,6,2,78
31108,156,8,6,2,24
31109,157,8,6,2,77
31110,158,8,6,2,80
31111,159,8,6,2,112
31112,160,8,6,2,14
31113,161,8,6,2,88
31114,162,8,6,2,128
31115,163,8,6,2,62
31116,164,8,6,2,64
31117,165,8,6,2,99
31118,166,8,6,2,124
31119,167,8,6,2,98
31120,168,8,6,2,146
31121,169,8,6,2,55
31122,170,8,6,2,52
31123,171,8,6,2,76
31124,172,8,6,2,134
31125,173,8,6,2,66
31126,174,8,6,2,18
31127,175,8,6,2,65
31128,176,8,6,2,18
31129,177,8,6,2,36
14145,125,8,6,1,121
14146,126,8,6,1,122
14147,127,8,6,1,102
14148,128,8,6,1,115
14149,129,8,6,1,104
14150,130,8,6,1,118
14151,131,8,6,1,94
14152,132,8,6,1,106
14153,133,8,6,1,101
14154,134,8,6,1,112
14155,135,8,6,1,97
14156,136,8,6,1,85
14157,137,8,6,1,114
14158,138,8,6,1,108
14159,139,8,6,1,83
14160,140,8,6,1,115
14161,141,8,6,1,37
14162,142,8,6,1,97
14163,143,8,6,1,86
14164,144,8,6,1,88
14165,145,8,6,1,92
14166,146,8,6,1,98
14167,147,8,6,1,105
14168,148,8,6,1,99
14169,149,8,6,1,88
14170,150,8,6,1,14
14171,151,8,6,1,62
14172,152,8,6,1,85
14173,153,8,6,1,85
14174,154,8,6,1,93
14175,155,8,6,1,63
14176,156,8,6,1,27
14177,157,8,6,1,88
14178,158,8,6,1,81
14179,159,8,6,1,88
14180,160,8,6,1,14
14181,161,8,6,1,95
14182,162,8,6,1,116
14183,163,8,6,1,89
14184,164,8,6,1,106
14185,165,8,6,1,70
14186,166,8,6,1,112
14187,167,8,6,1,109
14188,168,8,6,1,105
14189,169,8,6,1,52
14190,170,8,6,1,57
14191,171,8,6,1,53
14192,172,8,6,1,99
14193,173,8,6,1,61
14194,174,8,6,1,19
14195,175,8,6,1,85
14196,176,8,6,1,13
14197,177,8,6,1,27
18227,125,8,6,1,121
18228,126,8,6,1,122
18229,127,8,6,1,101
18230,128,8,6,1,111
18231,129,8,6,1,99
18232,130,8,6,1,118
18233,131,8,6,1,94
18234,132,8,6,1,106
18235,133,8,6,1,101
18236,134,8,6,1,112
18237,135,8,6,1,97
18238,136,8,6,1,85
18239,137,8,6,1,111
18240,138,8,6,1,108
18241,139,8,6,1,83
18242,140,8,6,1,115
18243,141,8,6,1,37
18244,142,8,6,1,97
18245,143,8,6,1,86
18246,144,8,6,1,88
18247,145,8,6,1,92
18248,146,8,6,1,98
18249,147,8,6,1,105
18250,148,8,6,1,96
18251,149,8,6,1,88
18252,150,8,6,1,14
18253,151,8,6,1,62
18254,152,8,6,1,85
18255,153,8,6,1,85
18256,154,8,6,1,93
18257,155,8,6,1,63
18258,156,8,6,1,27
18259,157,8,6,1,88
18260,158,8,6,1,81
18261,159,8,6,1,87
18262,160,8,6,1,14
18263,161,8,6,1,95
18264,162,8,6,1,116
18265,163,8,6,1,89
18266,164,8,6,1,106
18267,165,8,6,1,70
18268,166,8,6,1,112
18269,167,8,6,1,109
18270,168,8,6,1,105
18271,169,8,6,1,52
18272,170,8,6,1,57
18273,171,8,6,1,53
18274,172,8,6,1,99
18275,173,8,6,1,61
18276,174,8,6,1,19
18277,175,8,6,1,85
18278,176,8,6,1,13
18279,177,8,6,1,27
4331,125,8,2,1,130
4332,126,8,2,1,109
4333,127,8,2,1,111
4334,128,8,2,1,118
4335,129,8,2,1,99
4336,130,8,2,1,121
4337,131,8,2,1,101
4338,132,8,2,1,81
4339,133,8,2,1,96
4340,134,8,2,1,86
4341,135,8,2,1,82
4342,136,8,2,1,80
4343,137,8,2,1,90
4344,138,8,2,1,94
4345,139,8,2,1,91
4346,140,8,2,1,102
4347,141,8,2,1,20
4348,142,8,2,1,89
4349,143,8,2,1,89
4350,144,8,2,1,73
4351,145,8,2,1,74
4352,146,8,2,1,63
4353,147,8,2,1,93
4354,148,8,2,1,93
4355,149,8,2,1,72
4356,150,8,2,1,15
4357,151,8,2,1,43
4358,152,8,2,1,48
4359,153,8,2,1,71
4360,154,8,2,1,55
4361,155,8,2,1,21
4362,156,8,2,1,47
4363,157,8,2,1,57
4364,158,8,2,1,69
4365,159,8,2,1,72
4366,160,8,2,1,13
4367,161,8,2,1,78
4368,162,8,2,1,99
4369,163,8,2,1,63
4370,164,8,2,1,67
4371,165,8,2,1,21
4372,166,8,2,1,93
4373,167,8,2,1,99
4374,168,8,2,1,14
4375,169,8,2,1,43
4376,170,8,2,1,22
4377,171,8,2,1,25
4378,172,8,2,1,43
4379,173,8,2,1,60
4380,174,8,2,1,14
4381,175,8,2,1,66
4382,176,8,2,1,15
4383,177,8,2,1,21
16942,125,8,2,1,129
16943,126,8,2,1,109
16944,127,8,2,1,110
16945,128,8,2,1,115
16946,129,8,2,1,94
16947,130,8,2,1,121
16948,131,8,2,1,101
16949,132,8,2,1,81
16950,133,8,2,1,96
16951,134,8,2,1,86
16952,135,8,2,1,82
16953,136,8,2,1,80
16954,137,8,2,1,91
16955,138,8,2,1,94
16956,139,8,2,1,91
16957,140,8,2,1,102
16958,141,8,2,1,20
16959,142,8,2,1,89
16960,143,8,2,1,89
16961,144,8,2,1,73
16962,145,8,2,1,74
16963,146,8,2,1,63
16964,147,8,2,1,93
16965,148,8,2,1,91
16966,149,8,2,1,72
16967,150,8,2,1,15
16968,151,8,2,1,43
16969,152,8,2,1,48
16970,153,8,2,1,71
16971,154,8,2,1,55
16972,155,8,2,1,21
16973,156,8,2,1,47
16974,157,8,2,1,57
16975,158,8,2,1,69
16976,159,8,2,1,72
16977,160,8,2,1,13
16978,161,8,2,1,78
16979,162,8,2,1,99
16980,163,8,2,1,63
16981,164,8,2,1,67
16982,165,8,2,1,21
16983,166,8,2,1,93
16984,167,8,2,1,99
16985,168,8,2,1,14
16986,169,8,2,1,43
16987,170,8,2,1,22
16988,171,8,2,1,25
16989,172,8,2,1,43
16990,173,8,2,1,60
16991,174,8,2,1,14
16992,175,8,2,1,66
16993,176,8,2,1,15
16994,177,8,2,1,21
2929,125,8,2,2,138
2930,126,8,2,2,68
2931,127,8,2,2,128
2932,128,8,2,2,137
2933,129,8,2,2,132
2934,130,8,2,2,148
2935,131,8,2,2,126
2936,132,8,2,2,40
2937,133,8,2,2,124
2938,134,8,2,2,35
2939,135,8,2,2,77
2940,136,8,2,2,78
2941,137,8,2,2,77
2942,138,8,2,2,113
2943,139,8,2,2,109
2944,140,8,2,2,106
2945,141,8,2,2,32
2946,142,8,2,2,75
2947,143,8,2,2,74
2948,144,8,2,2,36
2949,145,8,2,2,60
2950,146,8,2,2,27
2951,147,8,2,2,96
2952,148,8,2,2,111
2953,149,8,2,2,32
2954,150,8,2,2,19
2955,151,8,2,2,43
2956,152,8,2,2,48
2957,153,8,2,2,33
2958,154,8,2,2,30
2959,155,8,2,2,32
2960,156,8,2,2,32
2961,157,8,2,2,25
2962,158,8,2,2,37
2963,159,8,2,2,140
2964,160,8,2,2,15
2965,161,8,2,2,86
2966,162,8,2,2,89
2967,163,8,2,2,34
2968,164,8,2,2,29
2969,165,8,2,2,19
2970,166,8,2,2,83
2971,167,8,2,2,96
2972,168,8,2,2,8
2973,169,8,2,2,50
2974,170,8,2,2,15
2975,171,8,2,2,49
2976,172,8,2,2,28
2977,173,8,2,2,29
2978,174,8,2,2,12
2979,175,8,2,2,36
2980,176,8,2,2,12
2981,177,8,2,2,22
29792,125,8,2,2,137
29793,126,8,2,2,68
29794,127,8,2,2,127
29795,128,8,2,2,133
29796,129,8,2,2,121
29797,130,8,2,2,148
29798,131,8,2,2,126
29799,132,8,2,2,40
29800,133,8,2,2,124
29801,134,8,2,2,35
29802,135,8,2,2,77
29803,136,8,2,2,78
29804,137,8,2,2,82
29805,138,8,2,2,113
29806,139,8,2,2,109
29807,140,8,2,2,106
29808,141,8,2,2,32
29809,142,8,2,2,75
29810,143,8,2,2,74
29811,144,8,2,2,36
29812,145,8,2,2,60
29813,146,8,2,2,27
29814,147,8,2,2,96
29815,148,8,2,2,108
29816,149,8,2,2,32
29817,150,8,2,2,19
29818,151,8,2,2,43
29819,152,8,2,2,48
29820,153,8,2,2,33
29821,154,8,2,2,30
29822,155,8,2,2,32
29823,156,8,2,2,32
29824,157,8,2,2,25
29825,158,8,2,2,37
29826,159,8,2,2,140
29827,160,8,2,2,15
29828,161,8,2,2,86
29829,162,8,2,2,89
29830,163,8,2,2,34
29831,164,8,2,2,29
29832,165,8,2,2,19
29833,166,8,2,2,83
29834,167,8,2,2,96
29835,168,8,2,2,8
29836,169,8,2,2,50
29837,170,8,2,2,15
29838,171,8,2,2,49
29839,172,8,2,2,28
29840,173,8,2,2,29
29841,174,8,2,2,12
29842,175,8,2,2,36
29843,176,8,2,2,12
29844,177,8,2,2,22
1527,125,8,1,2,105
1528,126,8,1,2,62
1529,127,8,1,2,156
1530,128,8,1,2,146
1531,129,8,1,2,179
1532,130,8,1,2,147
1533,131,8,1,2,172
1534,132,8,1,2,61
1535,133,8,1,2,149
1536,134,8,1,2,50
1537,135,8,1,2,103
1538,136,8,1,2,109
1539,137,8,1,2,39
1540,138,8,1,2,148
1541,139,8,1,2,133
1542,140,8,1,2,115
1543,141,8,1,2,34
1544,142,8,1,2,97
1545,143,8,1,2,56
1546,144,8,1,2,47
1547,145,8,1,2,76
1548,146,8,1,2,42
1549,147,8,1,2,79
1550,148,8,1,2,107
1551,149,8,1,2,42
1552,150,8,1,2,21
1553,151,8,1,2,36
1554,152,8,1,2,45
1555,153,8,1,2,45
1556,154,8,1,2,53
1557,155,8,1,2,17
1558,156,8,1,2,24
1559,157,8,1,2,34
1560,158,8,1,2,42
1561,159,8,1,2,72
1562,160,8,1,2,27
1563,161,8,1,2,89
1564,162,8,1,2,41
1565,163,8,1,2,37
1566,164,8,1,2,40
1567,165,8,1,2,21
1568,166,8,1,2,72
1569,167,8,1,2,99
1570,168,8,1,2,14
1571,169,8,1,2,31
1572,170,8,1,2,38
1573,171,8,1,2,28
1574,172,8,1,2,23
1575,173,8,1,2,39
1576,174,8,1,2,19
1577,175,8,1,2,44
1578,176,8,1,2,25
1579,177,8,1,2,39
28507,125,8,1,2,106
28508,126,8,1,2,62
28509,127,8,1,2,155
28510,128,8,1,2,144
28511,129,8,1,2,171
28512,130,8,1,2,147
28513,131,8,1,2,172
28514,132,8,1,2,61
28515,133,8,1,2,149
28516,134,8,1,2,50
28517,135,8,1,2,103
28518,136,8,1,2,109
28519,137,8,1,2,39
28520,138,8,1,2,148
28521,139,8,1,2,133
28522,140,8,1,2,115
28523,141,8,1,2,34
28524,142,8,1,2,97
28525,143,8,1,2,56
28526,144,8,1,2,47
28527,145,8,1,2,76
28528,146,8,1,2,42
28529,147,8,1,2,79
28530,148,8,1,2,106
28531,149,8,1,2,42
28532,150,8,1,2,21
28533,151,8,1,2,36
28534,152,8,1,2,45
28535,153,8,1,2,45
28536,154,8,1,2,53
28537,155,8,1,2,17
28538,156,8,1,2,24
28539,157,8,1,2,34
28540,158,8,1,2,42
28541,159,8,1,2,72
28542,160,8,1,2,27
28543,161,8,1,2,89
28544,162,8,1,2,41
28545,163,8,1,2,37
28546,164,8,1,2,40
28547,165,8,1,2,21
28548,166,8,1,2,72
28549,167,8,1,2,99
28550,168,8,1,2,14
28551,169,8,1,2,31
28552,170,8,1,2,38
28553,171,8,1,2,28
28554,172,8,1,2,23
28555,173,8,1,2,39
28556,174,8,1,2,19
28557,175,8,1,2,44
28558,176,8,1,2,25
28559,177,8,1,2,39
134,125,8,1,1,112
135,126,8,1,1,101
136,127,8,1,1,117
137,128,8,1,1,124
138,129,8,1,1,127
140,130,8,1,1,114
141,131,8,1,1,115
142,132,8,1,1,87
143,133,8,1,1,104
144,134,8,1,1,83
145,135,8,1,1,96
146,136,8,1,1,92
147,137,8,1,1,70
148,138,8,1,1,106
149,139,8,1,1,103
150,140,8,1,1,97
151,141,8,1,1,32
152,142,8,1,1,84
153,143,8,1,1,73
154,144,8,1,1,73
155,145,8,1,1,81
156,146,8,1,1,67
157,147,8,1,1,84
158,148,8,1,1,89
159,149,8,1,1,72
160,150,8,1,1,24
161,151,8,1,1,51
162,152,8,1,1,59
163,153,8,1,1,70
164,154,8,1,1,60
165,155,8,1,1,24
166,156,8,1,1,38
167,157,8,1,1,56
168,158,8,1,1,68
169,159,8,1,1,44
170,160,8,1,1,30
171,161,8,1,1,80
172,162,8,1,1,76
173,163,8,1,1,60
174,164,8,1,1,63
175,165,8,1,1,32
176,166,8,1,1,82
177,167,8,1,1,88
178,168,8,1,1,25
179,169,8,1,1,40
180,170,8,1,1,40
181,171,8,1,1,20
182,172,8,1,1,40
183,173,8,1,1,61
184,174,8,1,1,29
185,175,8,1,1,70
186,176,8,1,1,26
187,177,8,1,1,38
19512,125,8,1,1,112
19513,126,8,1,1,101
19514,127,8,1,1,116
19515,128,8,1,1,123
19516,129,8,1,1,123
19517,130,8,1,1,114
19518,131,8,1,1,115
19519,132,8,1,1,87
19520,133,8,1,1,104
19521,134,8,1,1,83
19522,135,8,1,1,96
19523,136,8,1,1,92
19524,137,8,1,1,69
19525,138,8,1,1,106
19526,139,8,1,1,103
19527,140,8,1,1,97
19528,141,8,1,1,32
19529,142,8,1,1,84
19530,143,8,1,1,73
19531,144,8,1,1,73
19532,145,8,1,1,81
19533,146,8,1,1,67
19534,147,8,1,1,84
19535,148,8,1,1,89
19536,149,8,1,1,72
19537,150,8,1,1,24
19538,151,8,1,1,51
19539,152,8,1,1,59
19540,153,8,1,1,70
19541,154,8,1,1,60
19542,155,8,1,1,24
19543,156,8,1,1,38
19544,157,8,1,1,56
19545,158,8,1,1,68
19546,159,8,1,1,44
19547,160,8,1,1,30
19548,161,8,1,1,80
19549,162,8,1,1,76
19550,163,8,1,1,60
19551,164,8,1,1,63
19552,165,8,1,1,32
19553,166,8,1,1,82
19554,167,8,1,1,88
19555,168,8,1,1,25
19556,169,8,1,1,40
19557,170,8,1,1,40
19558,171,8,1,1,20
19559,172,8,1,1,40
19560,173,8,1,1,61
19561,174,8,1,1,29
19562,175,8,1,1,70
19563,176,8,1,1,26
19564,177,8,1,1,38
11341,125,8,5,1,121
11342,126,8,5,1,120
11343,127,8,5,1,101
11344,128,8,5,1,120
11345,129,8,5,1,103
11346,130,8,5,1,121
11347,131,8,5,1,94
11348,132,8,5,1,93
11349,133,8,5,1,102
11350,134,8,5,1,107
11351,135,8,5,1,95
11352,136,8,5,1,82
11353,137,8,5,1,115
11354,138,8,5,1,108
11355,139,8,5,1,78
11356,140,8,5,1,104
11357,141,8,5,1,31
11358,142,8,5,1,97
11359,143,8,5,1,92
11360,144,8,5,1,81
11361,145,8,5,1,78
11362,146,8,5,1,92
11363,147,8,5,1,103
11364,148,8,5,1,90
11365,149,8,5,1,82
11366,150,8,5,1,9
11367,151,8,5,1,63
11368,152,8,5,1,77
11369,153,8,5,1,70
11370,154,8,5,1,84
11371,155,8,5,1,58
11372,156,8,5,1,30
11373,157,8,5,1,76
11374,158,8,5,1,80
11375,159,8,5,1,84
11376,160,8,5,1,11
11377,161,8,5,1,88
11378,162,8,5,1,117
11379,163,8,5,1,79
11380,164,8,5,1,85
11381,165,8,5,1,66
11382,166,8,5,1,104
11383,167,8,5,1,98
11384,168,8,5,1,101
11385,169,8,5,1,48
11386,170,8,5,1,42
11387,171,8,5,1,24
11388,172,8,5,1,88
11389,173,8,5,1,63
11390,174,8,5,1,18
11391,175,8,5,1,73
11392,176,8,5,1,13
11393,177,8,5,1,20
20797,125,8,5,1,121
20798,126,8,5,1,120
20799,127,8,5,1,100
20800,128,8,5,1,116
20801,129,8,5,1,98
20802,130,8,5,1,121
20803,131,8,5,1,94
20804,132,8,5,1,93
20805,133,8,5,1,102
20806,134,8,5,1,107
20807,135,8,5,1,95
20808,136,8,5,1,82
20809,137,8,5,1,113
20810,138,8,5,1,108
20811,139,8,5,1,78
20812,140,8,5,1,104
20813,141,8,5,1,31
20814,142,8,5,1,97
20815,143,8,5,1,92
20816,144,8,5,1,81
20817,145,8,5,1,78
20818,146,8,5,1,92
20819,147,8,5,1,103
20820,148,8,5,1,86
20821,149,8,5,1,82
20822,150,8,5,1,9
20823,151,8,5,1,63
20824,152,8,5,1,77
20825,153,8,5,1,70
20826,154,8,5,1,84
20827,155,8,5,1,58
20828,156,8,5,1,30
20829,157,8,5,1,76
20830,158,8,5,1,80
20831,159,8,5,1,83
20832,160,8,5,1,11
20833,161,8,5,1,88
20834,162,8,5,1,117
20835,163,8,5,1,79
20836,164,8,5,1,85
20837,165,8,5,1,66
20838,166,8,5,1,104
20839,167,8,5,1,98
20840,168,8,5,1,101
20841,169,8,5,1,48
20842,170,8,5,1,42
20843,171,8,5,1,24
20844,172,8,5,1,88
20845,173,8,5,1,63
20846,174,8,5,1,18
20847,175,8,5,1,73
20848,176,8,5,1,13
20849,177,8,5,1,20
12743,125,8,5,2,127
12744,126,8,5,2,102
12745,127,8,5,2,100
12746,128,8,5,2,140
12747,129,8,5,2,122
12748,130,8,5,2,126
12749,131,8,5,2,84
12750,132,8,5,2,56
12751,133,8,5,2,119
12752,134,8,5,2,68
12753,135,8,5,2,96
12754,136,8,5,2,74
12755,137,8,5,2,99
12756,138,8,5,2,118
12757,139,8,5,2,74
12758,140,8,5,2,95
12759,141,8,5,2,42
12760,142,8,5,2,100
12761,143,8,5,2,99
12762,144,8,5,2,52
12763,145,8,5,2,59
12764,146,8,5,2,83
12765,147,8,5,2,115
12766,148,8,5,2,78
12767,149,8,5,2,58
12768,150,8,5,2,8
12769,151,8,5,2,85
12770,152,8,5,2,68
12771,153,8,5,2,35
12772,154,8,5,2,74
12773,155,8,5,2,94
12774,156,8,5,2,25
12775,157,8,5,2,41
12776,158,8,5,2,79
12777,159,8,5,2,121
12778,160,8,5,2,12
12779,161,8,5,2,86
12780,162,8,5,2,129
12781,163,8,5,2,38
12782,164,8,5,2,46
12783,165,8,5,2,93
12784,166,8,5,2,108
12785,167,8,5,2,78
12786,168,8,5,2,152
12787,169,8,5,2,52
12788,170,8,5,2,38
12789,171,8,5,2,34
12790,172,8,5,2,121
12791,173,8,5,2,56
12792,174,8,5,2,13
12793,175,8,5,2,48
12794,176,8,5,2,18
12795,177,8,5,2,26
27222,125,8,5,2,127
27223,126,8,5,2,102
27224,127,8,5,2,100
27225,128,8,5,2,134
27226,129,8,5,2,114
27227,130,8,5,2,126
27228,131,8,5,2,84
27229,132,8,5,2,56
27230,133,8,5,2,119
27231,134,8,5,2,68
27232,135,8,5,2,96
27233,136,8,5,2,74
27234,137,8,5,2,98
27235,138,8,5,2,118
27236,139,8,5,2,74
27237,140,8,5,2,95
27238,141,8,5,2,42
27239,142,8,5,2,100
27240,143,8,5,2,99
27241,144,8,5,2,52
27242,145,8,5,2,59
27243,146,8,5,2,83
27244,147,8,5,2,115
27245,148,8,5,2,74
27246,149,8,5,2,58
27247,150,8,5,2,8
27248,151,8,5,2,85
27249,152,8,5,2,68
27250,153,8,5,2,35
27251,154,8,5,2,74
27252,155,8,5,2,94
27253,156,8,5,2,25
27254,157,8,5,2,41
27255,158,8,5,2,79
27256,159,8,5,2,120
27257,160,8,5,2,12
27258,161,8,5,2,86
27259,162,8,5,2,129
27260,163,8,5,2,38
27261,164,8,5,2,46
27262,165,8,5,2,93
27263,166,8,5,2,108
27264,167,8,5,2,78
27265,168,8,5,2,152
27266,169,8,5,2,52
27267,170,8,5,2,38
27268,171,8,5,2,34
27269,172,8,5,2,121
27270,173,8,5,2,56
27271,174,8,5,2,13
27272,175,8,5,2,48
27273,176,8,5,2,18
27274,177,8,5,2,26
9939,125,8,4,2,133
9940,126,8,4,2,95
9941,127,8,4,2,100
9942,128,8,4,2,136
9943,129,8,4,2,120
9944,130,8,4,2,129
9945,131,8,4,2,96
9946,132,8,4,2,49
9947,133,8,4,2,121
9948,134,8,4,2,43
9949,135,8,4,2,92
9950,136,8,4,2,71
9951,137,8,4,2,86
9952,138,8,4,2,112
9953,139,8,4,2,76
9954,140,8,4,2,82
9955,141,8,4,2,27
9956,142,8,4,2,76
9957,143,8,4,2,102
9958,144,8,4,2,40
9959,145,8,4,2,56
9960,146,8,4,2,32
9961,147,8,4,2,101
9962,148,8,4,2,83
9963,149,8,4,2,73
9964,150,8,4,2,7
9965,151,8,4,2,47
9966,152,8,4,2,79
9967,153,8,4,2,34
9968,154,8,4,2,38
9969,155,8,4,2,67
9970,156,8,4,2,26
9971,157,8,4,2,31
9972,158,8,4,2,53
9973,159,8,4,2,119
9974,160,8,4,2,15
9975,161,8,4,2,79
9976,162,8,4,2,114
9977,163,8,4,2,40
9978,164,8,4,2,49
9979,165,8,4,2,10
9980,166,8,4,2,94
9981,167,8,4,2,87
9982,168,8,4,2,4
9983,169,8,4,2,39
9984,170,8,4,2,22
9985,171,8,4,2,38
9986,172,8,4,2,42
9987,173,8,4,2,29
9988,174,8,4,2,7
9989,175,8,4,2,37
9990,176,8,4,2,11
9991,177,8,4,2,11
25937,125,8,4,2,132
25938,126,8,4,2,95
25939,127,8,4,2,100
25940,128,8,4,2,131
25941,129,8,4,2,112
25942,130,8,4,2,129
25943,131,8,4,2,96
25944,132,8,4,2,49
25945,133,8,4,2,121
25946,134,8,4,2,43
25947,135,8,4,2,92
25948,136,8,4,2,71
25949,137,8,4,2,88
25950,138,8,4,2,112
25951,139,8,4,2,76
25952,140,8,4,2,82
25953,141,8,4,2,27
25954,142,8,4,2,76
25955,143,8,4,2,102
25956,144,8,4,2,40
25957,145,8,4,2,56
25958,146,8,4,2,32
25959,147,8,4,2,101
25960,148,8,4,2,80
25961,149,8,4,2,73
25962,150,8,4,2,7
25963,151,8,4,2,47
25964,152,8,4,2,79
25965,153,8,4,2,34
25966,154,8,4,2,38
25967,155,8,4,2,67
25968,156,8,4,2,26
25969,157,8,4,2,31
25970,158,8,4,2,53
25971,159,8,4,2,119
25972,160,8,4,2,15
25973,161,8,4,2,79
25974,162,8,4,2,114
25975,163,8,4,2,40
25976,164,8,4,2,49
25977,165,8,4,2,10
25978,166,8,4,2,94
25979,167,8,4,2,87
25980,168,8,4,2,4
25981,169,8,4,2,39
25982,170,8,4,2,22
25983,171,8,4,2,38
25984,172,8,4,2,42
25985,173,8,4,2,29
25986,174,8,4,2,7
25987,175,8,4,2,37
25988,176,8,4,2,11
25989,177,8,4,2,11
8537,125,8,4,1,123
8538,126,8,4,1,120
8539,127,8,4,1,101
8540,128,8,4,1,117
8541,129,8,4,1,101
8542,130,8,4,1,120
8543,131,8,4,1,95
8544,132,8,4,1,94
8545,133,8,4,1,102
8546,134,8,4,1,99
8547,135,8,4,1,93
8548,136,8,4,1,76
8549,137,8,4,1,107
8550,138,8,4,1,98
8551,139,8,4,1,85
8552,140,8,4,1,103
8553,141,8,4,1,19
8554,142,8,4,1,86
8555,143,8,4,1,99
8556,144,8,4,1,73
8557,145,8,4,1,82
8558,146,8,4,1,75
8559,147,8,4,1,96
8560,148,8,4,1,88
8561,149,8,4,1,92
8562,150,8,4,1,7
8563,151,8,4,1,36
8564,152,8,4,1,81
8565,153,8,4,1,66
8566,154,8,4,1,68
8567,155,8,4,1,35
8568,156,8,4,1,40
8569,157,8,4,1,65
8570,158,8,4,1,75
8571,159,8,4,1,73
8572,160,8,4,1,10
8573,161,8,4,1,79
8574,162,8,4,1,107
8575,163,8,4,1,63
8576,164,8,4,1,74
8577,165,8,4,1,11
8578,166,8,4,1,94
8579,167,8,4,1,106
8580,168,8,4,1,8
8581,169,8,4,1,45
8582,170,8,4,1,33
8583,171,8,4,1,24
8584,172,8,4,1,60
8585,173,8,4,1,52
8586,174,8,4,1,12
8587,175,8,4,1,68
8588,176,8,4,1,10
8589,177,8,4,1,11
22082,125,8,4,1,122
22083,126,8,4,1,120
22084,127,8,4,1,100
22085,128,8,4,1,115
22086,129,8,4,1,96
22087,130,8,4,1,120
22088,131,8,4,1,95
22089,132,8,4,1,94
22090,133,8,4,1,102
22091,134,8,4,1,99
22092,135,8,4,1,93
22093,136,8,4,1,76
22094,137,8,4,1,106
22095,138,8,4,1,98
22096,139,8,4,1,85
22097,140,8,4,1,103
22098,141,8,4,1,19
22099,142,8,4,1,86
22100,143,8,4,1,99
22101,144,8,4,1,73
22102,145,8,4,1,82
22103,146,8,4,1,75
22104,147,8,4,1,96
22105,148,8,4,1,85
22106,149,8,4,1,92
22107,150,8,4,1,7
22108,151,8,4,1,36
22109,152,8,4,1,81
22110,153,8,4,1,66
22111,154,8,4,1,68
22112,155,8,4,1,35
22113,156,8,4,1,40
22114,157,8,4,1,65
22115,158,8,4,1,75
22116,159,8,4,1,72
22117,160,8,4,1,10
22118,161,8,4,1,79
22119,162,8,4,1,107
22120,163,8,4,1,63
22121,164,8,4,1,74
22122,165,8,4,1,11
22123,166,8,4,1,94
22124,167,8,4,1,106
22125,168,8,4,1,8
22126,169,8,4,1,45
22127,170,8,4,1,33
22128,171,8,4,1,24
22129,172,8,4,1,60
22130,173,8,4,1,52
22131,174,8,4,1,12
22132,175,8,4,1,68
22133,176,8,4,1,10
22134,177,8,4,1,11
7135,125,8,3,1,117
7136,126,8,3,1,109
7137,127,8,3,1,116
7138,128,8,3,1,119
7139,129,8,3,1,115
7140,130,8,3,1,127
7141,131,8,3,1,105
7142,132,8,3,1,87
7143,133,8,3,1,104
7144,134,8,3,1,89
7145,135,8,3,1,93
7146,136,8,3,1,85
7147,137,8,3,1,72
7148,138,8,3,1,110
7149,139,8,3,1,100
7150,140,8,3,1,99
7151,141,8,3,1,27
7152,142,8,3,1,85
7153,143,8,3,1,74
7154,144,8,3,1,70
7155,145,8,3,1,71
7156,146,8,3,1,64
7157,147,8,3,1,80
7158,148,8,3,1,104
7159,149,8,3,1,67
7160,150,8,3,1,18
7161,151,8,3,1,45
7162,152,8,3,1,65
7163,153,8,3,1,81
7164,154,8,3,1,70
7165,155,8,3,1,22
7166,156,8,3,1,48
7167,157,8,3,1,60
7168,158,8,3,1,73
7169,159,8,3,1,91
7170,160,8,3,1,19
7171,161,8,3,1,87
7172,162,8,3,1,77
7173,163,8,3,1,65
7174,164,8,3,1,70
7175,165,8,3,1,29
7176,166,8,3,1,98
7177,167,8,3,1,93
7178,168,8,3,1,19
7179,169,8,3,1,37
7180,170,8,3,1,34
7181,171,8,3,1,22
7182,172,8,3,1,65
7183,173,8,3,1,62
7184,174,8,3,1,15
7185,175,8,3,1,69
7186,176,8,3,1,15
7187,177,8,3,1,33
23367,125,8,3,1,117
23368,126,8,3,1,108
23369,127,8,3,1,114
23370,128,8,3,1,117
23371,129,8,3,1,107
23372,130,8,3,1,127
23373,131,8,3,1,105
23374,132,8,3,1,87
23375,133,8,3,1,104
23376,134,8,3,1,89
23377,135,8,3,1,93
23378,136,8,3,1,85
23379,137,8,3,1,72
23380,138,8,3,1,110
23381,139,8,3,1,100
23382,140,8,3,1,99
23383,141,8,3,1,27
23384,142,8,3,1,85
23385,143,8,3,1,74
23386,144,8,3,1,70
23387,145,8,3,1,71
23388,146,8,3,1,64
23389,147,8,3,1,80
23390,148,8,3,1,101
23391,149,8,3,1,67
23392,150,8,3,1,18
23393,151,8,3,1,45
23394,152,8,3,1,65
23395,153,8,3,1,81
23396,154,8,3,1,70
23397,155,8,3,1,22
23398,156,8,3,1,48
23399,157,8,3,1,60
23400,158,8,3,1,73
23401,159,8,3,1,90
23402,160,8,3,1,19
23403,161,8,3,1,87
23404,162,8,3,1,77
23405,163,8,3,1,65
23406,164,8,3,1,70
23407,165,8,3,1,29
23408,166,8,3,1,98
23409,167,8,3,1,93
23410,168,8,3,1,19
23411,169,8,3,1,37
23412,170,8,3,1,34
23413,171,8,3,1,22
23414,172,8,3,1,65
23415,173,8,3,1,62
23416,174,8,3,1,15
23417,175,8,3,1,69
23418,176,8,3,1,15
23419,177,8,3,1,33
5733,125,8,3,2,110
5734,126,8,3,2,52
5735,127,8,3,2,170
5736,128,8,3,2,142
5737,129,8,3,2,182
5738,130,8,3,2,176
5739,131,8,3,2,154
5740,132,8,3,2,49
5741,133,8,3,2,156
5742,134,8,3,2,44
5743,135,8,3,2,106
5744,136,8,3,2,101
5745,137,8,3,2,37
5746,138,8,3,2,166
5747,139,8,3,2,145
5748,140,8,3,2,127
5749,141,8,3,2,38
5750,142,8,3,2,92
5751,143,8,3,2,56
5752,144,8,3,2,44
5753,145,8,3,2,62
5754,146,8,3,2,36
5755,147,8,3,2,72
5756,148,8,3,2,146
5757,149,8,3,2,37
5758,150,8,3,2,24
5759,151,8,3,2,43
5760,152,8,3,2,59
5761,153,8,3,2,43
5762,154,8,3,2,48
5763,155,8,3,2,20
5764,156,8,3,2,33
5765,157,8,3,2,32
5766,158,8,3,2,39
5767,159,8,3,2,202
5768,160,8,3,2,19
5769,161,8,3,2,125
5770,162,8,3,2,38
5771,163,8,3,2,37
5772,164,8,3,2,36
5773,165,8,3,2,26
5774,166,8,3,2,111
5775,167,8,3,2,114
5776,168,8,3,2,7
5777,169,8,3,2,35
5778,170,8,3,2,27
5779,171,8,3,2,39
5780,172,8,3,2,37
5781,173,8,3,2,31
5782,174,8,3,2,7
5783,175,8,3,2,38
5784,176,8,3,2,15
5785,177,8,3,2,36
24652,125,8,3,2,111
24653,126,8,3,2,52
24654,127,8,3,2,167
24655,128,8,3,2,142
24656,129,8,3,2,164
24657,130,8,3,2,176
24658,131,8,3,2,154
24659,132,8,3,2,49
24660,133,8,3,2,156
24661,134,8,3,2,44
24662,135,8,3,2,106
24663,136,8,3,2,101
24664,137,8,3,2,38
24665,138,8,3,2,166
24666,139,8,3,2,145
24667,140,8,3,2,127
24668,141,8,3,2,38
24669,142,8,3,2,92
24670,143,8,3,2,56
24671,144,8,3,2,44
24672,145,8,3,2,62
24673,146,8,3,2,36
24674,147,8,3,2,72
24675,148,8,3,2,142
24676,149,8,3,2,37
24677,150,8,3,2,24
24678,151,8,3,2,43
24679,152,8,3,2,59
24680,153,8,3,2,43
24681,154,8,3,2,48
24682,155,8,3,2,20
24683,156,8,3,2,33
24684,157,8,3,2,32
24685,158,8,3,2,39
24686,159,8,3,2,201
24687,160,8,3,2,19
24688,161,8,3,2,125
24689,162,8,3,2,38
24690,163,8,3,2,37
24691,164,8,3,2,36
24692,165,8,3,2,26
24693,166,8,3,2,111
24694,167,8,3,2,114
24695,168,8,3,2,7
24696,169,8,3,2,35
24697,170,8,3,2,27
24698,171,8,3,2,39
24699,172,8,3,2,37
24700,173,8,3,2,31
24701,174,8,3,2,7
24702,175,8,3,2,38
24703,176,8,3,2,15
24704,177,8,3,2,36
6557,940,31,3,2,82
6558,941,31,3,2,200
6559,942,31,3,2,50
6560,943,31,3,2,148
6561,944,31,3,2,57
6562,945,31,3,2,189
6563,946,31,3,2,60
6564,947,31,3,2,55
6565,948,31,3,2,69
6566,949,31,3,2,80
6567,950,31,3,2,168
6568,951,31,3,2,149
6569,952,31,3,2,185
6570,953,31,3,2,85
6571,954,31,3,2,86
6572,955,31,3,2,68
6573,956,31,3,2,80
6574,957,31,3,2,65
6575,958,31,3,2,172
6576,959,31,3,2,76
6577,960,31,3,2,164
6578,961,31,3,2,102
6579,962,31,3,2,177
6580,963,31,3,2,89
6581,964,31,3,2,106
6582,965,31,3,2,76
6583,966,31,3,2,83
6584,967,31,3,2,49
6585,968,31,3,2,52
6586,969,31,3,2,73
6587,970,31,3,2,151
6588,971,31,3,2,62
6589,972,31,3,2,175
6590,973,31,3,2,36
6591,974,31,3,2,51
6592,975,31,3,2,123
6593,976,31,3,2,76
6594,977,31,3,2,91
6595,978,31,3,2,82
6596,979,31,3,2,62
6597,980,31,3,2,58
6598,981,31,3,2,159
6599,982,31,3,2,104
6600,983,31,3,2,90
6601,984,31,3,2,172
6602,985,31,3,2,37
6603,986,31,3,2,105
25403,940,31,3,2,99
25404,949,31,3,2,72
25405,950,31,3,2,158
25406,951,31,3,2,149
25407,952,31,3,2,182
25408,953,31,3,2,96
25409,954,31,3,2,107
25410,955,31,3,2,102
25411,956,31,3,2,91
25412,957,31,3,2,70
25413,958,31,3,2,166
25414,959,31,3,2,76
25415,960,31,3,2,140
25416,962,31,3,2,144
25417,964,31,3,2,106
25418,965,31,3,2,90
25419,967,31,3,2,75
25420,968,31,3,2,48
25421,969,31,3,2,86
25422,970,31,3,2,117
25423,971,31,3,2,70
25424,972,31,3,2,176
25425,973,31,3,2,47
25426,974,31,3,2,46
25427,975,31,3,2,125
25428,976,31,3,2,77
25429,978,31,3,2,83
25430,979,31,3,2,84
25431,980,31,3,2,71
25432,981,31,3,2,159
25433,982,31,3,2,92
25434,983,31,3,2,101
25435,984,31,3,2,152
25436,985,31,3,2,74
25437,986,31,3,2,104
7959,940,31,3,1,104
7960,941,31,3,1,136
7961,942,31,3,1,102
7962,943,31,3,1,119
7963,944,31,3,1,107
7964,945,31,3,1,128
7965,946,31,3,1,101
7966,947,31,3,1,107
7967,948,31,3,1,107
7968,949,31,3,1,104
7969,950,31,3,1,105
7970,951,31,3,1,115
7971,952,31,3,1,115
7972,953,31,3,1,96
7973,954,31,3,1,100
7974,955,31,3,1,96
7975,956,31,3,1,99
7976,957,31,3,1,95
7977,958,31,3,1,108
7978,959,31,3,1,95
7979,960,31,3,1,110
7980,961,31,3,1,103
7981,962,31,3,1,109
7982,963,31,3,1,94
7983,964,31,3,1,78
7984,965,31,3,1,105
7985,966,31,3,1,109
7986,967,31,3,1,90
7987,968,31,3,1,88
7988,969,31,3,1,102
7989,970,31,3,1,109
7990,971,31,3,1,97
7991,972,31,3,1,121
7992,973,31,3,1,82
7993,974,31,3,1,103
7994,975,31,3,1,105
7995,976,31,3,1,102
7996,977,31,3,1,112
7997,978,31,3,1,104
7998,979,31,3,1,97
7999,980,31,3,1,87
8000,981,31,3,1,111
8001,982,31,3,1,108
8002,983,31,3,1,104
8003,984,31,3,1,110
8004,985,31,3,1,84
8005,986,31,3,1,93
24118,940,31,3,1,109
24119,949,31,3,1,99
24120,950,31,3,1,96
24121,951,31,3,1,115
24122,952,31,3,1,114
24123,953,31,3,1,92
24124,954,31,3,1,101
24125,955,31,3,1,98
24126,956,31,3,1,100
24127,957,31,3,1,96
24128,958,31,3,1,104
24129,959,31,3,1,95
24130,960,31,3,1,103
24131,962,31,3,1,100
24132,964,31,3,1,78
24133,965,31,3,1,106
24134,967,31,3,1,91
24135,968,31,3,1,84
24136,969,31,3,1,101
24137,970,31,3,1,98
24138,971,31,3,1,98
24139,972,31,3,1,119
24140,973,31,3,1,83
24141,974,31,3,1,95
24142,975,31,3,1,102
24143,976,31,3,1,99
24144,978,31,3,1,103
24145,979,31,3,1,100
24146,980,31,3,1,87
24147,981,31,3,1,111
24148,982,31,3,1,103
24149,983,31,3,1,102
24150,984,31,3,1,104
24151,985,31,3,1,84
24152,986,31,3,1,88
9361,940,31,4,1,100
9362,941,31,4,1,121
9363,942,31,4,1,108
9364,943,31,4,1,117
9365,944,31,4,1,111
9366,945,31,4,1,115
9367,946,31,4,1,100
9368,947,31,4,1,104
9369,948,31,4,1,109
9370,949,31,4,1,109
9371,950,31,4,1,106
9372,951,31,4,1,111
9373,952,31,4,1,108
9374,953,31,4,1,107
9375,954,31,4,1,102
9376,955,31,4,1,104
9377,956,31,4,1,112
9378,957,31,4,1,104
9379,958,31,4,1,104
9380,959,31,4,1,97
9381,960,31,4,1,108
9382,961,31,4,1,92
9383,962,31,4,1,109
9384,963,31,4,1,108
9385,964,31,4,1,96
9386,965,31,4,1,104
9387,966,31,4,1,112
9388,967,31,4,1,95
9389,968,31,4,1,98
9390,969,31,4,1,104
9391,970,31,4,1,99
9392,971,31,4,1,104
9393,972,31,4,1,115
9394,973,31,4,1,93
9395,974,31,4,1,106
9396,975,31,4,1,106
9397,976,31,4,1,100
9398,977,31,4,1,117
9399,978,31,4,1,102
9400,979,31,4,1,100
9401,980,31,4,1,93
9402,981,31,4,1,104
9403,982,31,4,1,105
9404,983,31,4,1,108
9405,984,31,4,1,99
9406,985,31,4,1,92
9407,986,31,4,1,103
10763,940,31,4,2,75
10764,941,31,4,2,168
10765,942,31,4,2,82
10766,943,31,4,2,131
10767,944,31,4,2,64
10768,945,31,4,2,156
10769,946,31,4,2,49
10770,947,31,4,2,74
10771,948,31,4,2,79
10772,949,31,4,2,98
10773,950,31,4,2,155
10774,951,31,4,2,125
10775,952,31,4,2,166
10776,953,31,4,2,126
10777,954,31,4,2,106
10778,955,31,4,2,83
10779,956,31,4,2,110
10780,957,31,4,2,85
10781,958,31,4,2,151
10782,959,31,4,2,106
10783,960,31,4,2,148
10784,961,31,4,2,64
10785,962,31,4,2,154
10786,963,31,4,2,132
10787,964,31,4,2,165
10788,965,31,4,2,79
10789,966,31,4,2,88
10790,967,31,4,2,67
10791,968,31,4,2,49
10792,969,31,4,2,100
10793,970,31,4,2,136
10794,971,31,4,2,71
10795,972,31,4,2,173
10796,973,31,4,2,52
10797,974,31,4,2,95
10798,975,31,4,2,135
10799,976,31,4,2,81
10800,977,31,4,2,125
10801,978,31,4,2,76
10802,979,31,4,2,54
10803,980,31,4,2,51
10804,981,31,4,2,145
10805,982,31,4,2,102
10806,983,31,4,2,99
10807,984,31,4,2,152
10808,985,31,4,2,53
10809,986,31,4,2,130
22833,940,31,4,1,106
22834,949,31,4,1,104
22835,950,31,4,1,98
22836,951,31,4,1,111
22837,952,31,4,1,106
22838,953,31,4,1,102
22839,954,31,4,1,99
22840,955,31,4,1,98
22841,956,31,4,1,105
22842,957,31,4,1,100
22843,958,31,4,1,100
22844,959,31,4,1,97
22845,960,31,4,1,99
22846,962,31,4,1,103
22847,964,31,4,1,96
22848,965,31,4,1,105
22849,967,31,4,1,93
22850,968,31,4,1,95
22851,969,31,4,1,102
22852,970,31,4,1,94
22853,971,31,4,1,103
22854,972,31,4,1,111
22855,973,31,4,1,91
22856,974,31,4,1,94
22857,975,31,4,1,103
22858,976,31,4,1,96
22859,978,31,4,1,102
22860,979,31,4,1,100
22861,980,31,4,1,94
22862,981,31,4,1,104
22863,982,31,4,1,101
22864,983,31,4,1,104
22865,984,31,4,1,99
22866,985,31,4,1,88
22867,986,31,4,1,93
26688,940,31,4,2,92
26689,949,31,4,2,89
26690,950,31,4,2,150
26691,951,31,4,2,125
26692,952,31,4,2,164
26693,953,31,4,2,128
26694,954,31,4,2,114
26695,955,31,4,2,93
26696,956,31,4,2,108
26697,957,31,4,2,83
26698,958,31,4,2,145
26699,959,31,4,2,106
26700,960,31,4,2,126
26701,962,31,4,2,140
26702,964,31,4,2,165
26703,965,31,4,2,90
26704,967,31,4,2,78
26705,968,31,4,2,45
26706,969,31,4,2,104
26707,970,31,4,2,107
26708,971,31,4,2,77
26709,972,31,4,2,169
26710,973,31,4,2,57
26711,974,31,4,2,78
26712,975,31,4,2,135
26713,976,31,4,2,76
26714,978,31,4,2,81
26715,979,31,4,2,68
26716,980,31,4,2,71
26717,981,31,4,2,145
26718,982,31,4,2,87
26719,983,31,4,2,104
26720,984,31,4,2,143
26721,985,31,4,2,70
26722,986,31,4,2,112
13567,940,31,5,2,76
13568,941,31,5,2,155
13569,942,31,5,2,98
13570,943,31,5,2,125
13571,944,31,5,2,101
13572,945,31,5,2,142
13573,946,31,5,2,51
13574,947,31,5,2,80
13575,948,31,5,2,81
13576,949,31,5,2,97
13577,950,31,5,2,139
13578,951,31,5,2,117
13579,952,31,5,2,147
13580,953,31,5,2,121
13581,954,31,5,2,113
13582,955,31,5,2,80
13583,956,31,5,2,107
13584,957,31,5,2,90
13585,958,31,5,2,138
13586,959,31,5,2,111
13587,960,31,5,2,129
13588,961,31,5,2,70
13589,962,31,5,2,142
13590,963,31,5,2,116
13591,964,31,5,2,145
13592,965,31,5,2,85
13593,966,31,5,2,100
13594,967,31,5,2,75
13595,968,31,5,2,60
13596,969,31,5,2,100
13597,970,31,5,2,121
13598,971,31,5,2,74
13599,972,31,5,2,155
13600,973,31,5,2,65
13601,974,31,5,2,105
13602,975,31,5,2,119
13603,976,31,5,2,94
13604,977,31,5,2,130
13605,978,31,5,2,86
13606,979,31,5,2,113
13607,980,31,5,2,77
13608,981,31,5,2,130
13609,982,31,5,2,109
13610,983,31,5,2,103
13611,984,31,5,2,142
13612,985,31,5,2,56
13613,986,31,5,2,120
27973,940,31,5,2,93
27974,949,31,5,2,91
27975,950,31,5,2,134
27976,951,31,5,2,117
27977,952,31,5,2,145
27978,953,31,5,2,121
27979,954,31,5,2,115
27980,955,31,5,2,84
27981,956,31,5,2,109
27982,957,31,5,2,94
27983,958,31,5,2,134
27984,959,31,5,2,111
27985,960,31,5,2,115
27986,962,31,5,2,127
27987,964,31,5,2,145
27988,965,31,5,2,93
27989,967,31,5,2,79
27990,968,31,5,2,57
27991,969,31,5,2,103
27992,970,31,5,2,94
27993,971,31,5,2,79
27994,972,31,5,2,150
27995,973,31,5,2,62
27996,974,31,5,2,87
27997,975,31,5,2,120
27998,976,31,5,2,88
27999,978,31,5,2,93
28000,979,31,5,2,111
28001,980,31,5,2,86
28002,981,31,5,2,130
28003,982,31,5,2,97
28004,983,31,5,2,107
28005,984,31,5,2,130
28006,985,31,5,2,75
28007,986,31,5,2,108
12165,940,31,5,1,99
12166,941,31,5,1,122
12167,942,31,5,1,110
12168,943,31,5,1,113
12169,944,31,5,1,122
12170,945,31,5,1,112
12171,946,31,5,1,104
12172,947,31,5,1,107
12173,948,31,5,1,110
12174,949,31,5,1,111
12175,950,31,5,1,96
12176,951,31,5,1,106
12177,952,31,5,1,106
12178,953,31,5,1,103
12179,954,31,5,1,105
12180,955,31,5,1,106
12181,956,31,5,1,103
12182,957,31,5,1,101
12183,958,31,5,1,105
12184,959,31,5,1,99
12185,960,31,5,1,102
12186,961,31,5,1,98
12187,962,31,5,1,111
12188,963,31,5,1,102
12189,964,31,5,1,87
12190,965,31,5,1,105
12191,966,31,5,1,115
12192,967,31,5,1,99
12193,968,31,5,1,99
12194,969,31,5,1,104
12195,970,31,5,1,102
12196,971,31,5,1,101
12197,972,31,5,1,112
12198,973,31,5,1,98
12199,974,31,5,1,98
12200,975,31,5,1,100
12201,976,31,5,1,109
12202,977,31,5,1,118
12203,978,31,5,1,104
12204,979,31,5,1,113
12205,980,31,5,1,103
12206,981,31,5,1,104
12207,982,31,5,1,104
12208,983,31,5,1,107
12209,984,31,5,1,102
12210,985,31,5,1,95
12211,986,31,5,1,99
21548,940,31,5,1,106
21549,949,31,5,1,107
21550,950,31,5,1,90
21551,951,31,5,1,106
21552,952,31,5,1,104
21553,953,31,5,1,98
21554,954,31,5,1,99
21555,955,31,5,1,99
21556,956,31,5,1,100
21557,957,31,5,1,101
21558,958,31,5,1,101
21559,959,31,5,1,99
21560,960,31,5,1,96
21561,962,31,5,1,100
21562,964,31,5,1,87
21563,965,31,5,1,105
21564,967,31,5,1,93
21565,968,31,5,1,96
21566,969,31,5,1,100
21567,970,31,5,1,95
21568,971,31,5,1,100
21569,972,31,5,1,108
21570,973,31,5,1,94
21571,974,31,5,1,87
21572,975,31,5,1,98
21573,976,31,5,1,105
21574,978,31,5,1,105
21575,979,31,5,1,112
21576,980,31,5,1,101
21577,981,31,5,1,104
21578,982,31,5,1,100
21579,983,31,5,1,104
21580,984,31,5,1,98
21581,985,31,5,1,88
21582,986,31,5,1,92
956,940,31,1,1,99
957,941,31,1,1,128
958,942,31,1,1,105
959,943,31,1,1,112
960,944,31,1,1,112
961,945,31,1,1,117
962,946,31,1,1,109
963,947,31,1,1,111
964,948,31,1,1,111
965,949,31,1,1,108
966,950,31,1,1,99
967,951,31,1,1,111
968,952,31,1,1,107
969,953,31,1,1,100
970,954,31,1,1,99
971,955,31,1,1,101
972,956,31,1,1,99
973,957,31,1,1,104
974,958,31,1,1,102
975,959,31,1,1,98
976,960,31,1,1,110
977,961,31,1,1,101
978,962,31,1,1,109
979,963,31,1,1,93
980,964,31,1,1,63
981,965,31,1,1,103
982,966,31,1,1,114
983,967,31,1,1,91
984,968,31,1,1,102
985,969,31,1,1,105
986,970,31,1,1,100
987,971,31,1,1,103
988,972,31,1,1,115
989,973,31,1,1,89
990,974,31,1,1,95
991,975,31,1,1,102
992,976,31,1,1,105
993,977,31,1,1,114
994,978,31,1,1,104
995,979,31,1,1,94
996,980,31,1,1,98
997,981,31,1,1,108
998,982,31,1,1,113
999,983,31,1,1,102
1000,984,31,1,1,107
1001,985,31,1,1,101
1002,986,31,1,1,91
20263,940,31,1,1,106
20264,949,31,1,1,102
20265,950,31,1,1,92
20266,951,31,1,1,111
20267,952,31,1,1,107
20268,953,31,1,1,95
20269,954,31,1,1,100
20270,955,31,1,1,93
20271,956,31,1,1,95
20272,957,31,1,1,101
20273,958,31,1,1,99
20274,959,31,1,1,98
20275,960,31,1,1,103
20276,962,31,1,1,100
20277,964,31,1,1,63
20278,965,31,1,1,104
20279,967,31,1,1,93
20280,968,31,1,1,99
20281,969,31,1,1,103
20282,970,31,1,1,94
20283,971,31,1,1,103
20284,972,31,1,1,110
20285,973,31,1,1,88
20286,974,31,1,1,85
20287,975,31,1,1,102
20288,976,31,1,1,103
20289,978,31,1,1,103
20290,979,31,1,1,97
20291,980,31,1,1,97
20292,981,31,1,1,108
20293,982,31,1,1,109
20294,983,31,1,1,102
20295,984,31,1,1,101
20296,985,31,1,1,96
20297,986,31,1,1,88
2351,940,31,1,2,85
2352,941,31,1,2,199
2353,942,31,1,2,62
2354,943,31,1,2,145
2355,944,31,1,2,69
2356,945,31,1,2,191
2357,946,31,1,2,70
2358,947,31,1,2,70
2359,948,31,1,2,82
2360,949,31,1,2,78
2361,950,31,1,2,185
2362,951,31,1,2,137
2363,952,31,1,2,188
2364,953,31,1,2,73
2365,954,31,1,2,82
2366,955,31,1,2,73
2367,956,31,1,2,58
2368,957,31,1,2,62
2369,958,31,1,2,167
2370,959,31,1,2,91
2371,960,31,1,2,167
2372,961,31,1,2,98
2373,962,31,1,2,180
2374,963,31,1,2,78
2375,964,31,1,2,72
2376,965,31,1,2,70
2377,966,31,1,2,82
2378,967,31,1,2,55
2379,968,31,1,2,62
2380,969,31,1,2,78
2381,970,31,1,2,126
2382,971,31,1,2,62
2383,972,31,1,2,166
2384,973,31,1,2,46
2385,974,31,1,2,43
2386,975,31,1,2,122
2387,976,31,1,2,78
2388,977,31,1,2,97
2389,978,31,1,2,91
2390,979,31,1,2,52
2391,980,31,1,2,69
2392,981,31,1,2,163
2393,982,31,1,2,101
2394,983,31,1,2,94
2395,984,31,1,2,169
2396,985,31,1,2,50
2397,986,31,1,2,88
29258,940,31,1,2,100
29259,949,31,1,2,69
29260,950,31,1,2,173
29261,951,31,1,2,137
29262,952,31,1,2,184
29263,953,31,1,2,84
29264,954,31,1,2,104
29265,955,31,1,2,77
29266,956,31,1,2,79
29267,957,31,1,2,72
29268,958,31,1,2,163
29269,959,31,1,2,91
29270,960,31,1,2,142
29271,962,31,1,2,150
29272,964,31,1,2,72
29273,965,31,1,2,87
29274,967,31,1,2,73
29275,968,31,1,2,58
29276,969,31,1,2,89
29277,970,31,1,2,98
29278,971,31,1,2,75
29279,972,31,1,2,166
29280,973,31,1,2,53
29281,974,31,1,2,38
29282,975,31,1,2,129
29283,976,31,1,2,75
29284,978,31,1,2,90
29285,979,31,1,2,74
29286,980,31,1,2,85
29287,981,31,1,2,163
29288,982,31,1,2,94
29289,983,31,1,2,101
29290,984,31,1,2,145
29291,985,31,1,2,78
29292,986,31,1,2,102
3753,940,31,2,2,78
3754,941,31,2,2,190
3755,942,31,2,2,51
3756,943,31,2,2,141
3757,944,31,2,2,54
3758,945,31,2,2,175
3759,946,31,2,2,55
3760,947,31,2,2,50
3761,948,31,2,2,69
3762,949,31,2,2,82
3763,950,31,2,2,170
3764,951,31,2,2,131
3765,952,31,2,2,176
3766,953,31,2,2,111
3767,954,31,2,2,98
3768,955,31,2,2,77
3769,956,31,2,2,103
3770,957,31,2,2,73
3771,958,31,2,2,168
3772,959,31,2,2,85
3773,960,31,2,2,158
3774,961,31,2,2,96
3775,962,31,2,2,168
3776,963,31,2,2,114
3777,964,31,2,2,139
3778,965,31,2,2,80
3779,966,31,2,2,74
3780,967,31,2,2,61
3781,968,31,2,2,50
3782,969,31,2,2,91
3783,970,31,2,2,148
3784,971,31,2,2,69
3785,972,31,2,2,181
3786,973,31,2,2,39
3787,974,31,2,2,72
3788,975,31,2,2,132
3789,976,31,2,2,80
3790,977,31,2,2,105
3791,978,31,2,2,76
3792,979,31,2,2,55
3793,980,31,2,2,56
3794,981,31,2,2,158
3795,982,31,2,2,99
3796,983,31,2,2,94
3797,984,31,2,2,161
3798,985,31,2,2,41
3799,986,31,2,2,128
5155,940,31,2,1,104
5156,941,31,2,1,128
5157,942,31,2,1,103
5158,943,31,2,1,118
5159,944,31,2,1,103
5160,945,31,2,1,118
5161,946,31,2,1,102
5162,947,31,2,1,106
5163,948,31,2,1,111
5164,949,31,2,1,107
5165,950,31,2,1,102
5166,951,31,2,1,108
5167,952,31,2,1,110
5168,953,31,2,1,103
5169,954,31,2,1,103
5170,955,31,2,1,98
5171,956,31,2,1,109
5172,957,31,2,1,104
5173,958,31,2,1,108
5174,959,31,2,1,94
5175,960,31,2,1,109
5176,961,31,2,1,104
5177,962,31,2,1,111
5178,963,31,2,1,99
5179,964,31,2,1,84
5180,965,31,2,1,104
5181,966,31,2,1,112
5182,967,31,2,1,96
5183,968,31,2,1,96
5184,969,31,2,1,104
5185,970,31,2,1,105
5186,971,31,2,1,99
5187,972,31,2,1,116
5188,973,31,2,1,91
5189,974,31,2,1,102
5190,975,31,2,1,103
5191,976,31,2,1,101
5192,977,31,2,1,114
5193,978,31,2,1,104
5194,979,31,2,1,93
5195,980,31,2,1,95
5196,981,31,2,1,108
5197,982,31,2,1,108
5198,983,31,2,1,105
5199,984,31,2,1,104
5200,985,31,2,1,86
5201,986,31,2,1,98
17693,940,31,2,1,108
17694,949,31,2,1,101
17695,950,31,2,1,95
17696,951,31,2,1,108
17697,952,31,2,1,108
17698,953,31,2,1,99
17699,954,31,2,1,100
17700,955,31,2,1,94
17701,956,31,2,1,105
17702,957,31,2,1,99
17703,958,31,2,1,104
17704,959,31,2,1,94
17705,960,31,2,1,102
17706,962,31,2,1,102
17707,964,31,2,1,84
17708,965,31,2,1,104
17709,967,31,2,1,95
17710,968,31,2,1,94
17711,969,31,2,1,102
17712,970,31,2,1,99
17713,971,31,2,1,100
17714,972,31,2,1,112
17715,973,31,2,1,88
17716,974,31,2,1,90
17717,975,31,2,1,102
17718,976,31,2,1,98
17719,978,31,2,1,103
17720,979,31,2,1,98
17721,980,31,2,1,94
17722,981,31,2,1,108
17723,982,31,2,1,103
17724,983,31,2,1,102
17725,984,31,2,1,101
17726,985,31,2,1,85
17727,986,31,2,1,89
30543,940,31,2,2,94
30544,949,31,2,2,76
30545,950,31,2,2,161
30546,951,31,2,2,131
30547,952,31,2,2,174
30548,953,31,2,2,117
30549,954,31,2,2,108
30550,955,31,2,2,95
30551,956,31,2,2,108
30552,957,31,2,2,69
30553,958,31,2,2,161
30554,959,31,2,2,85
30555,960,31,2,2,136
30556,962,31,2,2,145
30557,964,31,2,2,139
30558,965,31,2,2,90
30559,967,31,2,2,81
30560,968,31,2,2,47
30561,969,31,2,2,96
30562,970,31,2,2,116
30563,971,31,2,2,76
30564,972,31,2,2,177
30565,973,31,2,2,47
30566,974,31,2,2,61
30567,975,31,2,2,135
30568,976,31,2,2,79
30569,978,31,2,2,79
30570,979,31,2,2,73
30571,980,31,2,2,68
30572,981,31,2,2,158
30573,982,31,2,2,86
30574,983,31,2,2,100
30575,984,31,2,2,144
30576,985,31,2,2,71
30577,986,31,2,2,114
14969,940,31,6,1,98
14970,941,31,6,1,121
14971,942,31,6,1,108
14972,943,31,6,1,112
14973,944,31,6,1,117
14974,945,31,6,1,110
14975,946,31,6,1,109
14976,947,31,6,1,114
14977,948,31,6,1,106
14978,949,31,6,1,109
14979,950,31,6,1,101
14980,951,31,6,1,107
14981,952,31,6,1,106
14982,953,31,6,1,100
14983,954,31,6,1,103
14984,955,31,6,1,106
14985,956,31,6,1,101
14986,957,31,6,1,103
14987,958,31,6,1,105
14988,959,31,6,1,98
14989,960,31,6,1,100
14990,961,31,6,1,94
14991,962,31,6,1,113
14992,963,31,6,1,107
14993,964,31,6,1,93
14994,965,31,6,1,105
14995,966,31,6,1,111
14996,967,31,6,1,100
14997,968,31,6,1,100
14998,969,31,6,1,100
14999,970,31,6,1,102
15000,971,31,6,1,104
15001,972,31,6,1,113
15002,973,31,6,1,97
15003,974,31,6,1,93
15004,975,31,6,1,101
15005,976,31,6,1,112
15006,977,31,6,1,118
15007,978,31,6,1,106
15008,979,31,6,1,102
15009,980,31,6,1,115
15010,981,31,6,1,102
15011,982,31,6,1,107
15012,983,31,6,1,109
15013,984,31,6,1,106
15014,985,31,6,1,92
15015,986,31,6,1,104
16371,940,31,6,2,80
16372,941,31,6,2,145
16373,942,31,6,2,101
16374,943,31,6,2,121
16375,944,31,6,2,97
16376,945,31,6,2,133
16377,946,31,6,2,87
16378,947,31,6,2,101
16379,948,31,6,2,83
16380,949,31,6,2,100
16381,950,31,6,2,139
16382,951,31,6,2,114
16383,952,31,6,2,134
16384,953,31,6,2,110
16385,954,31,6,2,106
16386,955,31,6,2,89
16387,956,31,6,2,103
16388,957,31,6,2,99
16389,958,31,6,2,130
16390,959,31,6,2,103
16391,960,31,6,2,120
16392,961,31,6,2,65
16393,962,31,6,2,135
16394,963,31,6,2,116
16395,964,31,6,2,136
16396,965,31,6,2,90
16397,966,31,6,2,100
16398,967,31,6,2,79
16399,968,31,6,2,71
16400,969,31,6,2,96
16401,970,31,6,2,121
16402,971,31,6,2,87
16403,972,31,6,2,142
16404,973,31,6,2,74
16405,974,31,6,2,103
16406,975,31,6,2,110
16407,976,31,6,2,103
16408,977,31,6,2,119
16409,978,31,6,2,95
16410,979,31,6,2,96
16411,980,31,6,2,109
16412,981,31,6,2,118
16413,982,31,6,2,109
16414,983,31,6,2,107
16415,984,31,6,2,134
16416,985,31,6,2,65
16417,986,31,6,2,116
18978,940,31,6,1,104
18979,949,31,6,1,106
18980,950,31,6,1,95
18981,951,31,6,1,107
18982,952,31,6,1,103
18983,953,31,6,1,96
18984,954,31,6,1,97
18985,955,31,6,1,97
18986,956,31,6,1,94
18987,957,31,6,1,101
18988,958,31,6,1,103
18989,959,31,6,1,98
18990,960,31,6,1,94
18991,962,31,6,1,102
18992,964,31,6,1,93
18993,965,31,6,1,104
18994,967,31,6,1,98
18995,968,31,6,1,96
18996,969,31,6,1,97
18997,970,31,6,1,96
18998,971,31,6,1,102
18999,972,31,6,1,109
19000,973,31,6,1,92
19001,974,31,6,1,83
19002,975,31,6,1,98
19003,976,31,6,1,107
19004,978,31,6,1,106
19005,979,31,6,1,102
19006,980,31,6,1,109
19007,981,31,6,1,102
19008,982,31,6,1,103
19009,983,31,6,1,105
19010,984,31,6,1,101
19011,985,31,6,1,86
19012,986,31,6,1,95
31828,940,31,6,2,96
31829,949,31,6,2,96
31830,950,31,6,2,133
31831,951,31,6,2,114
31832,952,31,6,2,130
31833,953,31,6,2,109
31834,954,31,6,2,106
31835,955,31,6,2,87
31836,956,31,6,2,100
31837,957,31,6,2,100
31838,958,31,6,2,127
31839,959,31,6,2,103
31840,960,31,6,2,107
31841,962,31,6,2,122
31842,964,31,6,2,136
31843,965,31,6,2,97
31844,967,31,6,2,76
31845,968,31,6,2,65
31846,969,31,6,2,97
31847,970,31,6,2,99
31848,971,31,6,2,90
31849,972,31,6,2,139
31850,973,31,6,2,68
31851,974,31,6,2,86
31852,975,31,6,2,111
31853,976,31,6,2,96
31854,978,31,6,2,99
31855,979,31,6,2,97
31856,980,31,6,2,107
31857,981,31,6,2,118
31858,982,31,6,2,100
31859,983,31,6,2,106
31860,984,31,6,2,121
31861,985,31,6,2,77
31862,986,31,6,2,108
15125,1094,36,6,1,118
15126,1095,36,6,1,116
15127,1096,36,6,1,113
15128,1097,36,6,1,109
15129,1098,36,6,1,121
15130,1099,36,6,1,103
15131,1100,36,6,1,95
15132,1101,36,6,1,103
15133,1102,36,6,1,94
15134,1103,36,6,1,87
15135,1104,36,6,1,83
15136,1105,36,6,1,104
15137,1106,36,6,1,99
15138,1107,36,6,1,84
15139,1108,36,6,1,102
15140,1109,36,6,1,88
15141,1110,36,6,1,95
15142,1111,36,6,1,101
15143,1112,36,6,1,102
15144,1113,36,6,1,96
15145,1114,36,6,1,105
15146,1115,36,6,1,95
15147,1116,36,6,1,107
15148,1117,36,6,1,111
15149,1118,36,6,1,99
15150,1119,36,6,1,108
15151,1120,36,6,1,107
15152,1121,36,6,1,108
15153,1122,36,6,1,97
15154,1123,36,6,1,93
15155,1124,36,6,1,95
15156,1125,36,6,1,98
15157,1126,36,6,1,108
15158,1127,36,6,1,85
15159,1128,36,6,1,102
16527,1094,36,6,2,120
16528,1095,36,6,2,108
16529,1096,36,6,2,110
16530,1097,36,6,2,115
16531,1098,36,6,2,108
16532,1099,36,6,2,108
16533,1100,36,6,2,66
16534,1101,36,6,2,113
16535,1102,36,6,2,106
16536,1103,36,6,2,102
16537,1104,36,6,2,93
16538,1105,36,6,2,88
16539,1106,36,6,2,96
16540,1107,36,6,2,76
16541,1108,36,6,2,90
16542,1109,36,6,2,97
16543,1110,36,6,2,89
16544,1111,36,6,2,91
16545,1112,36,6,2,106
16546,1113,36,6,2,105
16547,1114,36,6,2,87
16548,1115,36,6,2,91
16549,1116,36,6,2,110
16550,1117,36,6,2,111
16551,1118,36,6,2,92
16552,1119,36,6,2,116
16553,1120,36,6,2,83
16554,1121,36,6,2,114
16555,1122,36,6,2,106
16556,1123,36,6,2,91
16557,1124,36,6,2,104
16558,1125,36,6,2,80
16559,1126,36,6,2,112
16560,1127,36,6,2,73
16561,1128,36,6,2,111
19101,1094,36,6,1,115
19102,1095,36,6,1,115
19103,1096,36,6,1,119
19104,1097,36,6,1,107
19105,1098,36,6,1,120
19106,1099,36,6,1,103
19107,1100,36,6,1,96
19108,1101,36,6,1,102
19109,1102,36,6,1,96
19110,1103,36,6,1,90
19111,1104,36,6,1,86
19112,1105,36,6,1,102
19113,1106,36,6,1,98
19114,1107,36,6,1,84
19115,1108,36,6,1,96
19116,1109,36,6,1,86
19117,1110,36,6,1,93
19118,1111,36,6,1,102
19119,1112,36,6,1,101
19120,1113,36,6,1,95
19121,1114,36,6,1,106
19122,1115,36,6,1,92
19123,1116,36,6,1,100
19124,1117,36,6,1,111
19125,1118,36,6,1,98
19126,1119,36,6,1,107
19127,1120,36,6,1,103
19128,1121,36,6,1,103
19129,1122,36,6,1,90
19130,1123,36,6,1,88
19131,1124,36,6,1,94
19132,1125,36,6,1,98
19133,1126,36,6,1,102
19134,1127,36,6,1,86
19135,1128,36,6,1,98
31951,1094,36,6,2,119
31952,1095,36,6,2,110
31953,1096,36,6,2,117
31954,1097,36,6,2,112
31955,1098,36,6,2,107
31956,1099,36,6,2,108
31957,1100,36,6,2,71
31958,1101,36,6,2,110
31959,1102,36,6,2,107
31960,1103,36,6,2,103
31961,1104,36,6,2,94
31962,1105,36,6,2,87
31963,1106,36,6,2,96
31964,1107,36,6,2,78
31965,1108,36,6,2,84
31966,1109,36,6,2,93
31967,1110,36,6,2,88
31968,1111,36,6,2,95
31969,1112,36,6,2,105
31970,1113,36,6,2,101
31971,1114,36,6,2,88
31972,1115,36,6,2,89
31973,1116,36,6,2,103
31974,1117,36,6,2,110
31975,1118,36,6,2,91
31976,1119,36,6,2,114
31977,1120,36,6,2,84
31978,1121,36,6,2,109
31979,1122,36,6,2,98
31980,1123,36,6,2,88
31981,1124,36,6,2,103
31982,1125,36,6,2,82
31983,1126,36,6,2,104
31984,1127,36,6,2,72
31985,1128,36,6,2,106
3909,1094,36,2,2,124
3910,1095,36,2,2,107
3911,1096,36,2,2,115
3912,1097,36,2,2,126
3913,1098,36,2,2,92
3914,1099,36,2,2,113
3915,1100,36,2,2,77
3916,1101,36,2,2,117
3917,1102,36,2,2,111
3918,1103,36,2,2,105
3919,1104,36,2,2,85
3920,1105,36,2,2,94
3921,1106,36,2,2,95
3922,1107,36,2,2,83
3923,1108,36,2,2,78
3924,1109,36,2,2,101
3925,1110,36,2,2,76
3926,1111,36,2,2,93
3927,1112,36,2,2,106
3928,1113,36,2,2,88
3929,1114,36,2,2,78
3930,1115,36,2,2,82
3931,1116,36,2,2,109
3932,1117,36,2,2,113
3933,1118,36,2,2,95
3934,1119,36,2,2,110
3935,1120,36,2,2,82
3936,1121,36,2,2,120
3937,1122,36,2,2,112
3938,1123,36,2,2,84
3939,1124,36,2,2,103
3940,1125,36,2,2,77
3941,1126,36,2,2,115
3942,1127,36,2,2,104
3943,1128,36,2,2,103
5311,1094,36,2,1,123
5312,1095,36,2,1,122
5313,1096,36,2,1,118
5314,1097,36,2,1,122
5315,1098,36,2,1,95
5316,1099,36,2,1,106
5317,1100,36,2,1,100
5318,1101,36,2,1,107
5319,1102,36,2,1,100
5320,1103,36,2,1,93
5321,1104,36,2,1,84
5322,1105,36,2,1,105
5323,1106,36,2,1,87
5324,1107,36,2,1,94
5325,1108,36,2,1,91
5326,1109,36,2,1,91
5327,1110,36,2,1,92
5328,1111,36,2,1,102
5329,1112,36,2,1,100
5330,1113,36,2,1,78
5331,1114,36,2,1,102
5332,1115,36,2,1,99
5333,1116,36,2,1,112
5334,1117,36,2,1,111
5335,1118,36,2,1,101
5336,1119,36,2,1,105
5337,1120,36,2,1,113
5338,1121,36,2,1,111
5339,1122,36,2,1,99
5340,1123,36,2,1,95
5341,1124,36,2,1,95
5342,1125,36,2,1,101
5343,1126,36,2,1,109
5344,1127,36,2,1,103
5345,1128,36,2,1,93
17816,1094,36,2,1,121
17817,1095,36,2,1,118
17818,1096,36,2,1,117
17819,1097,36,2,1,119
17820,1098,36,2,1,94
17821,1099,36,2,1,104
17822,1100,36,2,1,100
17823,1101,36,2,1,103
17824,1102,36,2,1,102
17825,1103,36,2,1,96
17826,1104,36,2,1,86
17827,1105,36,2,1,102
17828,1106,36,2,1,87
17829,1107,36,2,1,94
17830,1108,36,2,1,82
17831,1109,36,2,1,88
17832,1110,36,2,1,91
17833,1111,36,2,1,98
17834,1112,36,2,1,99
17835,1113,36,2,1,80
17836,1114,36,2,1,92
17837,1115,36,2,1,96
17838,1116,36,2,1,107
17839,1117,36,2,1,108
17840,1118,36,2,1,98
17841,1119,36,2,1,101
17842,1120,36,2,1,109
17843,1121,36,2,1,106
17844,1122,36,2,1,94
17845,1123,36,2,1,91
17846,1124,36,2,1,94
17847,1125,36,2,1,94
17848,1126,36,2,1,104
17849,1127,36,2,1,106
17850,1128,36,2,1,94
30666,1094,36,2,2,123
30667,1095,36,2,2,109
30668,1096,36,2,2,114
30669,1097,36,2,2,124
30670,1098,36,2,2,91
30671,1099,36,2,2,111
30672,1100,36,2,2,76
30673,1101,36,2,2,113
30674,1102,36,2,2,112
30675,1103,36,2,2,110
30676,1104,36,2,2,87
30677,1105,36,2,2,93
30678,1106,36,2,2,95
30679,1107,36,2,2,85
30680,1108,36,2,2,69
30681,1109,36,2,2,97
30682,1110,36,2,2,76
30683,1111,36,2,2,87
30684,1112,36,2,2,105
30685,1113,36,2,2,86
30686,1114,36,2,2,65
30687,1115,36,2,2,80
30688,1116,36,2,2,105
30689,1117,36,2,2,110
30690,1118,36,2,2,92
30691,1119,36,2,2,105
30692,1120,36,2,2,80
30693,1121,36,2,2,114
30694,1122,36,2,2,107
30695,1123,36,2,2,84
30696,1124,36,2,2,102
30697,1125,36,2,2,73
30698,1126,36,2,2,108
30699,1127,36,2,2,104
30700,1128,36,2,2,103
2507,1094,36,1,2,123
2508,1095,36,1,2,103
2509,1096,36,1,2,109
2510,1097,36,1,2,112
2511,1098,36,1,2,91
2512,1099,36,1,2,122
2513,1100,36,1,2,79
2514,1101,36,1,2,123
2515,1102,36,1,2,111
2516,1103,36,1,2,101
2517,1104,36,1,2,93
2518,1105,36,1,2,94
2519,1106,36,1,2,89
2520,1107,36,1,2,81
2521,1108,36,1,2,69
2522,1109,36,1,2,102
2523,1110,36,1,2,76
2524,1111,36,1,2,106
2525,1112,36,1,2,111
2526,1113,36,1,2,104
2527,1114,36,1,2,72
2528,1115,36,1,2,83
2529,1116,36,1,2,118
2530,1117,36,1,2,122
2531,1118,36,1,2,90
2532,1119,36,1,2,107
2533,1120,36,1,2,77
2534,1121,36,1,2,112
2535,1122,36,1,2,106
2536,1123,36,1,2,95
2537,1124,36,1,2,95
2538,1125,36,1,2,81
2539,1126,36,1,2,104
2540,1127,36,1,2,85
2541,1128,36,1,2,80
29381,1094,36,1,2,124
29382,1095,36,1,2,103
29383,1096,36,1,2,110
29384,1097,36,1,2,111
29385,1098,36,1,2,90
29386,1099,36,1,2,119
29387,1100,36,1,2,74
29388,1101,36,1,2,118
29389,1102,36,1,2,111
29390,1103,36,1,2,99
29391,1104,36,1,2,91
29392,1105,36,1,2,89
29393,1106,36,1,2,88
29394,1107,36,1,2,81
29395,1108,36,1,2,62
29396,1109,36,1,2,102
29397,1110,36,1,2,76
29398,1111,36,1,2,95
29399,1112,36,1,2,110
29400,1113,36,1,2,92
29401,1114,36,1,2,60
29402,1115,36,1,2,81
29403,1116,36,1,2,115
29404,1117,36,1,2,118
29405,1118,36,1,2,91
29406,1119,36,1,2,105
29407,1120,36,1,2,74
29408,1121,36,1,2,110
29409,1122,36,1,2,99
29410,1123,36,1,2,93
29411,1124,36,1,2,88
29412,1125,36,1,2,80
29413,1126,36,1,2,103
29414,1127,36,1,2,77
29415,1128,36,1,2,81
1110,1094,36,1,1,124
1111,1095,36,1,1,120
1112,1096,36,1,1,119
1113,1097,36,1,1,92
1114,1098,36,1,1,97
1115,1099,36,1,1,109
1116,1100,36,1,1,102
1117,1101,36,1,1,107
1118,1102,36,1,1,85
1119,1103,36,1,1,79
1120,1104,36,1,1,87
1121,1105,36,1,1,118
1122,1106,36,1,1,76
1123,1107,36,1,1,85
1124,1108,36,1,1,115
1125,1109,36,1,1,87
1126,1110,36,1,1,91
1127,1111,36,1,1,116
1128,1112,36,1,1,91
1129,1113,36,1,1,94
1130,1114,36,1,1,97
1131,1115,36,1,1,102
1132,1116,36,1,1,106
1133,1117,36,1,1,123
1134,1118,36,1,1,90
1135,1119,36,1,1,90
1136,1120,36,1,1,135
1137,1121,36,1,1,95
1138,1122,36,1,1,80
1139,1123,36,1,1,107
1140,1124,36,1,1,77
1141,1125,36,1,1,118
1142,1126,36,1,1,90
1143,1127,36,1,1,83
1144,1128,36,1,1,61
20386,1094,36,1,1,124
20387,1095,36,1,1,116
20388,1096,36,1,1,119
20389,1097,36,1,1,91
20390,1098,36,1,1,97
20391,1099,36,1,1,106
20392,1100,36,1,1,99
20393,1101,36,1,1,102
20394,1102,36,1,1,85
20395,1103,36,1,1,78
20396,1104,36,1,1,80
20397,1105,36,1,1,113
20398,1106,36,1,1,75
20399,1107,36,1,1,83
20400,1108,36,1,1,107
20401,1109,36,1,1,88
20402,1110,36,1,1,90
20403,1111,36,1,1,112
20404,1112,36,1,1,90
20405,1113,36,1,1,82
20406,1114,36,1,1,96
20407,1115,36,1,1,100
20408,1116,36,1,1,105
20409,1117,36,1,1,120
20410,1118,36,1,1,91
20411,1119,36,1,1,88
20412,1120,36,1,1,129
20413,1121,36,1,1,94
20414,1122,36,1,1,75
20415,1123,36,1,1,100
20416,1124,36,1,1,71
20417,1125,36,1,1,115
20418,1126,36,1,1,89
20419,1127,36,1,1,85
20420,1128,36,1,1,62
12321,1094,36,5,1,118
12322,1095,36,5,1,116
12323,1096,36,5,1,116
12324,1097,36,5,1,110
12325,1098,36,5,1,104
12326,1099,36,5,1,106
12327,1100,36,5,1,97
12328,1101,36,5,1,102
12329,1102,36,5,1,96
12330,1103,36,5,1,87
12331,1104,36,5,1,82
12332,1105,36,5,1,96
12333,1106,36,5,1,92
12334,1107,36,5,1,89
12335,1108,36,5,1,106
12336,1109,36,5,1,89
12337,1110,36,5,1,89
12338,1111,36,5,1,105
12339,1112,36,5,1,97
12340,1113,36,5,1,91
12341,1114,36,5,1,99
12342,1115,36,5,1,102
12343,1116,36,5,1,107
12344,1117,36,5,1,114
12345,1118,36,5,1,101
12346,1119,36,5,1,107
12347,1120,36,5,1,109
12348,1121,36,5,1,109
12349,1122,36,5,1,96
12350,1123,36,5,1,99
12351,1124,36,5,1,98
12352,1125,36,5,1,101
12353,1126,36,5,1,111
12354,1127,36,5,1,86
12355,1128,36,5,1,94
21671,1094,36,5,1,117
21672,1095,36,5,1,115
21673,1096,36,5,1,117
21674,1097,36,5,1,107
21675,1098,36,5,1,104
21676,1099,36,5,1,105
21677,1100,36,5,1,98
21678,1101,36,5,1,100
21679,1102,36,5,1,96
21680,1103,36,5,1,88
21681,1104,36,5,1,84
21682,1105,36,5,1,94
21683,1106,36,5,1,92
21684,1107,36,5,1,88
21685,1108,36,5,1,105
21686,1109,36,5,1,89
21687,1110,36,5,1,88
21688,1111,36,5,1,103
21689,1112,36,5,1,96
21690,1113,36,5,1,89
21691,1114,36,5,1,92
21692,1115,36,5,1,100
21693,1116,36,5,1,101
21694,1117,36,5,1,112
21695,1118,36,5,1,100
21696,1119,36,5,1,105
21697,1120,36,5,1,104
21698,1121,36,5,1,105
21699,1122,36,5,1,92
21700,1123,36,5,1,92
21701,1124,36,5,1,96
21702,1125,36,5,1,99
21703,1126,36,5,1,107
21704,1127,36,5,1,88
21705,1128,36,5,1,91
13723,1094,36,5,2,120
13724,1095,36,5,2,108
13725,1096,36,5,2,113
13726,1097,36,5,2,121
13727,1098,36,5,2,87
13728,1099,36,5,2,114
13729,1100,36,5,2,58
13730,1101,36,5,2,111
13731,1102,36,5,2,111
13732,1103,36,5,2,101
13733,1104,36,5,2,94
13734,1105,36,5,2,82
13735,1106,36,5,2,95
13736,1107,36,5,2,83
13737,1108,36,5,2,89
13738,1109,36,5,2,103
13739,1110,36,5,2,78
13740,1111,36,5,2,93
13741,1112,36,5,2,103
13742,1113,36,5,2,98
13743,1114,36,5,2,76
13744,1115,36,5,2,97
13745,1116,36,5,2,108
13746,1117,36,5,2,115
13747,1118,36,5,2,95
13748,1119,36,5,2,113
13749,1120,36,5,2,83
13750,1121,36,5,2,117
13751,1122,36,5,2,108
13752,1123,36,5,2,94
13753,1124,36,5,2,111
13754,1125,36,5,2,81
13755,1126,36,5,2,116
13756,1127,36,5,2,67
13757,1128,36,5,2,100
28096,1094,36,5,2,119
28097,1095,36,5,2,110
28098,1096,36,5,2,114
28099,1097,36,5,2,118
28100,1098,36,5,2,87
28101,1099,36,5,2,113
28102,1100,36,5,2,61
28103,1101,36,5,2,109
28104,1102,36,5,2,110
28105,1103,36,5,2,100
28106,1104,36,5,2,94
28107,1105,36,5,2,80
28108,1106,36,5,2,95
28109,1107,36,5,2,84
28110,1108,36,5,2,88
28111,1109,36,5,2,100
28112,1110,36,5,2,79
28113,1111,36,5,2,90
28114,1112,36,5,2,103
28115,1113,36,5,2,95
28116,1114,36,5,2,70
28117,1115,36,5,2,95
28118,1116,36,5,2,103
28119,1117,36,5,2,113
28120,1118,36,5,2,95
28121,1119,36,5,2,110
28122,1120,36,5,2,82
28123,1121,36,5,2,111
28124,1122,36,5,2,104
28125,1123,36,5,2,90
28126,1124,36,5,2,109
28127,1125,36,5,2,81
28128,1126,36,5,2,111
28129,1127,36,5,2,67
28130,1128,36,5,2,98
9517,1094,36,4,1,121
9518,1095,36,4,1,117
9519,1096,36,4,1,118
9520,1097,36,4,1,110
9521,1098,36,4,1,95
9522,1099,36,4,1,109
9523,1100,36,4,1,103
9524,1101,36,4,1,107
9525,1102,36,4,1,94
9526,1103,36,4,1,94
9527,1104,36,4,1,84
9528,1105,36,4,1,90
9529,1106,36,4,1,93
9530,1107,36,4,1,90
9531,1108,36,4,1,93
9532,1109,36,4,1,90
9533,1110,36,4,1,91
9534,1111,36,4,1,101
9535,1112,36,4,1,96
9536,1113,36,4,1,83
9537,1114,36,4,1,105
9538,1115,36,4,1,97
9539,1116,36,4,1,110
9540,1117,36,4,1,109
9541,1118,36,4,1,102
9542,1119,36,4,1,102
9543,1120,36,4,1,109
9544,1121,36,4,1,107
9545,1122,36,4,1,97
9546,1123,36,4,1,98
9547,1124,36,4,1,97
9548,1125,36,4,1,97
9549,1126,36,4,1,107
9550,1127,36,4,1,94
9551,1128,36,4,1,95
10919,1094,36,4,2,121
10920,1095,36,4,2,108
10921,1096,36,4,2,114
10922,1097,36,4,2,120
10923,1098,36,4,2,88
10924,1099,36,4,2,116
10925,1100,36,4,2,69
10926,1101,36,4,2,119
10927,1102,36,4,2,112
10928,1103,36,4,2,110
10929,1104,36,4,2,93
10930,1105,36,4,2,75
10931,1106,36,4,2,90
10932,1107,36,4,2,81
10933,1108,36,4,2,79
10934,1109,36,4,2,101
10935,1110,36,4,2,78
10936,1111,36,4,2,89
10937,1112,36,4,2,103
10938,1113,36,4,2,93
10939,1114,36,4,2,81
10940,1115,36,4,2,86
10941,1116,36,4,2,113
10942,1117,36,4,2,112
10943,1118,36,4,2,96
10944,1119,36,4,2,111
10945,1120,36,4,2,73
10946,1121,36,4,2,120
10947,1122,36,4,2,113
10948,1123,36,4,2,92
10949,1124,36,4,2,111
10950,1125,36,4,2,79
10951,1126,36,4,2,117
10952,1127,36,4,2,95
10953,1128,36,4,2,106
22956,1094,36,4,1,119
22957,1095,36,4,1,117
22958,1096,36,4,1,117
22959,1097,36,4,1,108
22960,1098,36,4,1,95
22961,1099,36,4,1,107
22962,1100,36,4,1,99
22963,1101,36,4,1,104
22964,1102,36,4,1,96
22965,1103,36,4,1,93
22966,1104,36,4,1,84
22967,1105,36,4,1,90
22968,1106,36,4,1,92
22969,1107,36,4,1,88
22970,1108,36,4,1,92
22971,1109,36,4,1,90
22972,1110,36,4,1,89
22973,1111,36,4,1,97
22974,1112,36,4,1,95
22975,1113,36,4,1,77
22976,1114,36,4,1,95
22977,1115,36,4,1,93
22978,1116,36,4,1,105
22979,1117,36,4,1,108
22980,1118,36,4,1,99
22981,1119,36,4,1,102
22982,1120,36,4,1,104
22983,1121,36,4,1,103
22984,1122,36,4,1,91
22985,1123,36,4,1,93
22986,1124,36,4,1,94
22987,1125,36,4,1,96
22988,1126,36,4,1,102
22989,1127,36,4,1,91
22990,1128,36,4,1,90
26811,1094,36,4,2,120
26812,1095,36,4,2,110
26813,1096,36,4,2,114
26814,1097,36,4,2,118
26815,1098,36,4,2,88
26816,1099,36,4,2,114
26817,1100,36,4,2,67
26818,1101,36,4,2,115
26819,1102,36,4,2,112
26820,1103,36,4,2,108
26821,1104,36,4,2,92
26822,1105,36,4,2,76
26823,1106,36,4,2,90
26824,1107,36,4,2,81
26825,1108,36,4,2,81
26826,1109,36,4,2,98
26827,1110,36,4,2,78
26828,1111,36,4,2,83
26829,1112,36,4,2,102
26830,1113,36,4,2,83
26831,1114,36,4,2,73
26832,1115,36,4,2,83
26833,1116,36,4,2,109
26834,1117,36,4,2,110
26835,1118,36,4,2,95
26836,1119,36,4,2,108
26837,1120,36,4,2,73
26838,1121,36,4,2,114
26839,1122,36,4,2,106
26840,1123,36,4,2,89
26841,1124,36,4,2,107
26842,1125,36,4,2,80
26843,1126,36,4,2,110
26844,1127,36,4,2,89
26845,1128,36,4,2,100
6713,1094,36,3,2,125
6714,1095,36,3,2,110
6715,1096,36,3,2,117
6716,1097,36,3,2,121
6717,1098,36,3,2,88
6718,1099,36,3,2,117
6719,1100,36,3,2,90
6720,1101,36,3,2,127
6721,1102,36,3,2,117
6722,1103,36,3,2,104
6723,1104,36,3,2,89
6724,1105,36,3,2,94
6725,1106,36,3,2,105
6726,1107,36,3,2,86
6727,1108,36,3,2,77
6728,1109,36,3,2,98
6729,1110,36,3,2,84
6730,1111,36,3,2,109
6731,1112,36,3,2,110
6732,1113,36,3,2,99
6733,1114,36,3,2,78
6734,1115,36,3,2,85
6735,1116,36,3,2,113
6736,1117,36,3,2,124
6737,1118,36,3,2,99
6738,1119,36,3,2,115
6739,1120,36,3,2,75
6740,1121,36,3,2,113
6741,1122,36,3,2,113
6742,1123,36,3,2,95
6743,1124,36,3,2,98
6744,1125,36,3,2,74
6745,1126,36,3,2,117
6746,1127,36,3,2,85
6747,1128,36,3,2,106
25526,1094,36,3,2,124
25527,1095,36,3,2,107
25528,1096,36,3,2,116
25529,1097,36,3,2,119
25530,1098,36,3,2,90
25531,1099,36,3,2,115
25532,1100,36,3,2,85
25533,1101,36,3,2,122
25534,1102,36,3,2,117
25535,1103,36,3,2,104
25536,1104,36,3,2,87
25537,1105,36,3,2,90
25538,1106,36,3,2,104
25539,1107,36,3,2,82
25540,1108,36,3,2,71
25541,1109,36,3,2,95
25542,1110,36,3,2,83
25543,1111,36,3,2,94
25544,1112,36,3,2,110
25545,1113,36,3,2,96
25546,1114,36,3,2,63
25547,1115,36,3,2,82
25548,1116,36,3,2,112
25549,1117,36,3,2,119
25550,1118,36,3,2,97
25551,1119,36,3,2,111
25552,1120,36,3,2,73
25553,1121,36,3,2,109
25554,1122,36,3,2,103
25555,1123,36,3,2,91
25556,1124,36,3,2,95
25557,1125,36,3,2,71
25558,1126,36,3,2,112
25559,1127,36,3,2,76
25560,1128,36,3,2,103
8115,1094,36,3,1,128
8116,1095,36,3,1,125
8117,1096,36,3,1,122
8118,1097,36,3,1,109
8119,1098,36,3,1,104
8120,1099,36,3,1,109
8121,1100,36,3,1,106
8122,1101,36,3,1,115
8123,1102,36,3,1,91
8124,1103,36,3,1,74
8125,1104,36,3,1,81
8126,1105,36,3,1,111
8127,1106,36,3,1,92
8128,1107,36,3,1,98
8129,1108,36,3,1,98
8130,1109,36,3,1,88
8131,1110,36,3,1,91
8132,1111,36,3,1,114
8133,1112,36,3,1,104
8134,1113,36,3,1,93
8135,1114,36,3,1,103
8136,1115,36,3,1,96
8137,1116,36,3,1,109
8138,1117,36,3,1,125
8139,1118,36,3,1,99
8140,1119,36,3,1,100
8141,1120,36,3,1,129
8142,1121,36,3,1,102
8143,1122,36,3,1,86
8144,1123,36,3,1,111
8145,1124,36,3,1,80
8146,1125,36,3,1,89
8147,1126,36,3,1,105
8148,1127,36,3,1,80
8149,1128,36,3,1,89
24241,1094,36,3,1,127
24242,1095,36,3,1,115
24243,1096,36,3,1,120
24244,1097,36,3,1,107
24245,1098,36,3,1,104
24246,1099,36,3,1,107
24247,1100,36,3,1,105
24248,1101,36,3,1,110
24249,1102,36,3,1,92
24250,1103,36,3,1,75
24251,1104,36,3,1,78
24252,1105,36,3,1,105
24253,1106,36,3,1,92
24254,1107,36,3,1,91
24255,1108,36,3,1,90
24256,1109,36,3,1,86
24257,1110,36,3,1,90
24258,1111,36,3,1,110
24259,1112,36,3,1,103
24260,1113,36,3,1,90
24261,1114,36,3,1,99
24262,1115,36,3,1,91
24263,1116,36,3,1,106
24264,1117,36,3,1,120
24265,1118,36,3,1,97
24266,1119,36,3,1,97
24267,1120,36,3,1,123
24268,1121,36,3,1,99
24269,1122,36,3,1,80
24270,1123,36,3,1,100
24271,1124,36,3,1,78
24272,1125,36,3,1,86
24273,1126,36,3,1,102
24274,1127,36,3,1,79
24275,1128,36,3,1,86
15423,1,1,6,2,108
15424,2,1,6,2,99
15425,3,1,6,2,111
15426,4,1,6,2,108
15427,5,1,6,2,97
15428,6,1,6,2,93
15429,7,1,6,2,97
15430,8,1,6,2,117
15431,9,1,6,2,96
15432,10,1,6,2,95
15433,11,1,6,2,96
15434,12,1,6,2,110
15435,13,1,6,2,113
15436,14,1,6,2,103
15437,15,1,6,2,125
15438,16,1,6,2,124
15439,17,1,6,2,88
15440,18,1,6,2,98
15441,19,1,6,2,108
15442,20,1,6,2,88
15443,21,2,6,2,112
15444,22,2,6,2,95
15445,23,2,6,2,73
15446,24,2,6,2,74
15447,25,2,6,2,94
15448,26,2,6,2,90
15449,27,3,6,2,181
15450,28,3,6,2,99
15451,29,3,6,2,170
15452,30,3,6,2,154
15453,31,3,6,2,109
15454,32,3,6,2,145
15455,33,3,6,2,147
15456,34,3,6,2,177
15457,35,3,6,2,157
15458,36,3,6,2,155
15459,37,3,6,2,164
15460,38,3,6,2,74
15461,39,3,6,2,53
15462,40,3,6,2,116
15463,41,3,6,2,54
15464,42,4,6,2,135
15465,43,4,6,2,147
15466,44,4,6,2,143
15467,45,4,6,2,113
15468,46,4,6,2,110
15469,47,4,6,2,104
15470,48,4,6,2,96
15471,49,4,6,2,91
15472,50,4,6,2,86
15473,51,4,6,2,117
15474,52,4,6,2,86
15475,53,4,6,2,69
15476,54,4,6,2,123
15477,55,4,6,2,96
15478,56,4,6,2,79
15479,57,4,6,2,111
15480,58,4,6,2,100
15481,59,4,6,2,93
15482,60,5,6,2,116
15483,61,5,6,2,66
15484,62,5,6,2,94
15485,63,5,6,2,125
15486,64,5,6,2,118
15487,65,5,6,2,115
15488,66,5,6,2,124
15489,67,5,6,2,125
15490,68,5,6,2,103
15491,69,5,6,2,122
15492,70,5,6,2,80
15493,71,5,6,2,84
15494,72,5,6,2,114
15495,73,5,6,2,105
15496,74,5,6,2,122
15497,75,5,6,2,81
15498,76,5,6,2,105
15499,77,5,6,2,42
15500,78,5,6,2,135
15501,79,5,6,2,169
15502,80,5,6,2,62
15503,81,5,6,2,128
15504,82,5,6,2,110
15505,83,5,6,2,66
15506,84,5,6,2,142
15507,85,5,6,2,135
15508,86,5,6,2,66
15509,87,6,6,2,147
15510,88,6,6,2,108
15511,89,6,6,2,141
15512,90,6,6,2,167
15513,91,6,6,2,163
15514,92,6,6,2,118
15515,93,6,6,2,138
15516,94,6,6,2,146
15517,95,6,6,2,107
15518,96,6,6,2,175
15519,97,6,6,2,106
15520,98,6,6,2,123
15521,99,7,6,2,126
15522,100,7,6,2,120
15523,101,7,6,2,94
15524,102,7,6,2,98
15525,103,7,6,2,102
15526,104,7,6,2,102
15527,105,7,6,2,112
15528,106,7,6,2,83
15529,107,7,6,2,100
15530,108,7,6,2,97
15531,109,7,6,2,108
15532,110,7,6,2,80
15533,111,7,6,2,84
15534,112,7,6,2,97
15535,113,7,6,2,91
15536,114,7,6,2,96
15537,115,7,6,2,125
15538,116,7,6,2,95
15539,117,7,6,2,78
15540,118,7,6,2,97
15541,119,7,6,2,82
15542,120,7,6,2,90
15543,121,7,6,2,85
15544,122,7,6,2,94
15545,123,7,6,2,90
15546,124,7,6,2,85
15600,178,9,6,2,140
15601,179,9,6,2,120
15602,180,9,6,2,156
15603,181,10,6,2,139
15604,182,10,6,2,86
15605,183,10,6,2,120
15606,184,10,6,2,131
15607,185,10,6,2,153
15608,186,10,6,2,100
15609,187,10,6,2,174
15610,188,10,6,2,210
15611,189,10,6,2,170
15612,190,10,6,2,126
15613,191,10,6,2,342
15614,192,10,6,2,82
15615,193,10,6,2,104
15616,194,10,6,2,68
15617,195,10,6,2,127
15618,196,10,6,2,143
15619,197,10,6,2,132
15620,198,10,6,2,179
15748,326,12,6,2,99
15749,327,12,6,2,103
15750,328,12,6,2,95
15751,329,12,6,2,91
15850,425,14,6,2,122
15851,426,14,6,2,107
15852,427,14,6,2,95
15853,428,15,6,2,99
15854,429,15,6,2,110
15855,430,15,6,2,104
15856,431,15,6,2,94
15857,432,15,6,2,100
15858,433,15,6,2,130
15859,434,15,6,2,76
15860,435,15,6,2,75
15861,436,15,6,2,112
16034,607,18,6,2,123
16035,608,18,6,2,281
16036,609,18,6,2,48
16037,610,18,6,2,55
16038,611,18,6,2,72
16039,612,18,6,2,31
16040,613,18,6,2,38
16041,614,18,6,2,71
16042,615,18,6,2,77
16043,616,18,6,2,56
16044,617,18,6,2,129
16045,618,18,6,2,82
16046,619,18,6,2,47
16047,620,18,6,2,65
16048,621,19,6,2,147
16049,622,19,6,2,105
16050,623,19,6,2,114
16051,624,19,6,2,112
16052,625,19,6,2,108
16053,626,19,6,2,56
16054,627,19,6,2,64
16055,628,20,6,2,105
16056,629,20,6,2,129
16057,630,20,6,2,74
16058,631,20,6,2,108
16059,632,20,6,2,93
16060,633,20,6,2,63
16061,634,20,6,2,44
16062,635,20,6,2,81
16063,636,20,6,2,104
16064,637,20,6,2,69
16065,638,20,6,2,146
16066,639,20,6,2,127
16067,640,20,6,2,62
16068,641,20,6,2,78
16069,642,20,6,2,43
16070,643,20,6,2,95
16071,644,20,6,2,126
16072,645,20,6,2,103
16073,646,20,6,2,80
16074,647,21,6,2,103
16075,648,21,6,2,106
16076,649,21,6,2,122
16077,650,21,6,2,111
16078,651,21,6,2,105
16079,652,22,6,2,109
16080,653,22,6,2,96
16081,654,22,6,2,94
16082,655,22,6,2,81
16083,656,22,6,2,111
16084,657,22,6,2,83
16085,658,22,6,2,97
16086,659,22,6,2,100
16087,660,22,6,2,101
16088,661,22,6,2,90
16089,662,22,6,2,81
16090,663,22,6,2,111
16091,664,22,6,2,99
16092,665,22,6,2,101
16093,666,22,6,2,98
16242,815,25,6,2,103
16243,816,25,6,2,108
16244,817,25,6,2,89
16245,818,25,6,2,96
16246,819,25,6,2,93
16247,820,25,6,2,98
16248,821,25,6,2,99
16249,822,25,6,2,100
16250,823,25,6,2,116
16251,824,25,6,2,88
16252,825,25,6,2,105
16253,826,25,6,2,84
16254,827,25,6,2,110
16255,828,25,6,2,88
16256,829,25,6,2,84
16257,830,25,6,2,85
16258,831,25,6,2,96
16259,832,25,6,2,122
16260,833,25,6,2,92
16261,834,25,6,2,115
16262,835,25,6,2,105
16263,836,25,6,2,87
16264,837,25,6,2,105
16265,838,26,6,2,134
16266,839,26,6,2,134
16267,840,26,6,2,123
16268,841,26,6,2,97
16269,842,26,6,2,117
16270,843,26,6,2,104
16271,844,27,6,2,107
16272,845,28,6,2,158
16273,846,28,6,2,123
16274,847,28,6,2,116
16275,848,28,6,2,129
16370,939,30,6,2,103
16418,987,32,6,2,105
16419,988,32,6,2,102
16420,989,32,6,2,95
16421,990,32,6,2,99
16422,991,33,6,2,124
16423,992,33,6,2,123
16424,993,33,6,2,112
16425,994,33,6,2,118
16426,995,33,6,2,112
16427,996,33,6,2,109
16428,997,33,6,2,147
16429,998,33,6,2,117
16430,69,33,6,2,135
16431,999,33,6,2,121
16432,1000,33,6,2,113
16433,1001,33,6,2,127
16434,1002,33,6,2,107
16435,1003,33,6,2,118
16436,1004,33,6,2,103
16437,1005,33,6,2,101
16438,558,33,6,2,110
16439,1006,33,6,2,99
16440,1007,33,6,2,95
16441,1008,33,6,2,101
16442,1009,33,6,2,105
16511,1078,35,6,2,108
16512,1079,35,6,2,102
16513,1080,35,6,2,117
16514,1081,35,6,2,119
16515,1082,35,6,2,107
16516,1083,35,6,2,103
16517,1084,35,6,2,117
16518,1085,35,6,2,87
16519,1086,35,6,2,101
16520,1087,35,6,2,96
16521,1088,35,6,2,104
16522,1089,35,6,2,99
16523,1090,35,6,2,97
16524,1091,35,6,2,96
16525,1092,35,6,2,105
16526,1093,35,6,2,105
16562,1129,37,6,2,114
16563,1130,37,6,2,215
16564,1131,37,6,2,139
16565,1132,37,6,2,85
16566,1133,37,6,2,122
16567,1134,37,6,2,78
16568,1135,37,6,2,96
16569,1136,37,6,2,101
16570,1137,38,6,2,121
16571,1138,38,6,2,107
16572,1139,39,6,2,123
16573,1140,39,6,2,88
16574,1141,39,6,2,113
16575,1142,39,6,2,125
16576,1143,39,6,2,107
16577,1144,39,6,2,87
16578,1145,39,6,2,97
16579,1146,39,6,2,117
16580,1147,39,6,2,91
16581,1148,39,6,2,101
16582,1149,39,6,2,93
16583,1150,39,6,2,115
16584,1151,39,6,2,66
16585,1152,39,6,2,96
16586,1153,40,6,2,88
16587,1154,40,6,2,52
16588,1155,40,6,2,86
16589,1156,40,6,2,55
16590,1157,40,6,2,119
16591,1158,40,6,2,53
16592,1159,40,6,2,84
16593,1160,40,6,2,61
16594,1161,40,6,2,47
16595,1162,40,6,2,47
16596,1163,40,6,2,42
16597,1164,40,6,2,177
16598,1165,40,6,2,156
16599,1166,40,6,2,55
16600,1167,40,6,2,51
16601,1168,40,6,2,64
16602,1169,40,6,2,62
16603,1170,40,6,2,39
16604,1171,40,6,2,52
16605,1172,40,6,2,78
16606,1173,40,6,2,48
16607,1174,40,6,2,69
16608,1175,40,6,2,51
16609,1176,40,6,2,67
16610,1177,40,6,2,60
16611,1178,40,6,2,32
30960,1,1,6,2,106
30961,3,1,6,2,109
30962,4,1,6,2,105
30963,5,1,6,2,95
30964,7,1,6,2,95
30965,8,1,6,2,106
30966,9,1,6,2,104
30967,10,1,6,2,94
30968,11,1,6,2,98
30969,12,1,6,2,102
30970,13,1,6,2,94
30971,14,1,6,2,95
30972,15,1,6,2,103
30973,16,1,6,2,103
30974,17,1,6,2,82
30975,18,1,6,2,89
30976,19,1,6,2,95
30977,20,1,6,2,82
30978,21,2,6,2,100
30979,22,2,6,2,77
30980,23,2,6,2,103
30981,24,2,6,2,76
30982,25,2,6,2,108
30983,26,2,6,2,72
30984,1389,3,6,2,123
30985,29,3,6,2,115
30986,30,3,6,2,99
30987,31,3,6,2,76
30988,32,3,6,2,93
30989,33,3,6,2,102
30990,34,3,6,2,97
30991,35,3,6,2,134
30992,36,3,6,2,133
30993,37,3,6,2,114
30994,38,3,6,2,79
30995,39,3,6,2,60
30996,40,3,6,2,85
30997,41,3,6,2,55
30998,42,4,6,2,130
30999,44,4,6,2,125
31000,45,4,6,2,108
31001,46,4,6,2,100
31002,47,4,6,2,101
31003,48,4,6,2,98
31004,49,4,6,2,89
31005,50,4,6,2,86
31006,51,4,6,2,117
31007,52,4,6,2,77
31008,53,4,6,2,66
31009,54,4,6,2,109
31010,55,4,6,2,96
31011,56,4,6,2,79
31012,57,4,6,2,105
31013,58,4,6,2,100
31014,59,4,6,2,93
31015,60,5,6,2,114
31016,62,5,6,2,97
31017,63,5,6,2,123
31018,64,5,6,2,113
31019,65,5,6,2,110
31020,66,5,6,2,113
31021,67,5,6,2,121
31022,68,5,6,2,98
31023,69,5,6,2,118
31024,70,5,6,2,72
31025,71,5,6,2,81
31026,72,5,6,2,114
31027,73,5,6,2,109
31028,74,5,6,2,113
31029,75,5,6,2,80
31030,76,5,6,2,94
31031,77,5,6,2,69
31032,78,5,6,2,113
31033,79,5,6,2,164
31034,80,5,6,2,62
31035,81,5,6,2,127
31036,82,5,6,2,94
31037,83,5,6,2,57
31038,84,5,6,2,127
31039,85,5,6,2,84
31040,86,5,6,2,66
31041,87,6,6,2,109
31042,89,6,6,2,114
31043,91,6,6,2,137
31044,92,6,6,2,102
31045,93,6,6,2,109
31046,94,6,6,2,126
31047,95,6,6,2,84
31048,96,6,6,2,151
31049,97,6,6,2,104
31050,98,6,6,2,103
31051,99,7,6,2,126
31052,100,7,6,2,120
31053,101,7,6,2,94
31054,102,7,6,2,98
31055,103,7,6,2,102
31056,104,7,6,2,102
31057,105,7,6,2,112
31058,106,7,6,2,83
31059,107,7,6,2,100
31060,108,7,6,2,98
31061,109,7,6,2,107
31062,110,7,6,2,76
31063,111,7,6,2,84
31064,112,7,6,2,99
31065,113,7,6,2,91
31066,114,7,6,2,96
31067,115,7,6,2,123
31068,116,7,6,2,95
31069,117,7,6,2,77
31070,118,7,6,2,98
31071,119,7,6,2,82
31072,120,7,6,2,90
31073,121,7,6,2,85
31074,122,7,6,2,94
31075,123,7,6,2,90
31076,124,7,6,2,85
31130,178,9,6,2,129
31131,179,9,6,2,110
31132,180,9,6,2,145
31133,181,10,6,2,119
31134,183,10,6,2,95
31135,184,10,6,2,101
31136,187,10,6,2,130
31137,1390,10,6,2,181
31138,189,10,6,2,124
31139,190,10,6,2,112
31140,191,10,6,2,229
31141,192,10,6,2,81
31142,193,10,6,2,86
31143,194,10,6,2,72
31144,195,10,6,2,97
31145,196,10,6,2,112
31146,197,10,6,2,107
31147,198,10,6,2,151
31246,326,12,6,2,100
31247,327,12,6,2,99
31248,328,12,6,2,101
31249,329,12,6,2,92
31331,425,14,6,2,119
31332,426,14,6,2,104
31333,427,14,6,2,95
31334,428,15,6,2,100
31335,431,15,6,2,101
31336,432,15,6,2,98
31337,433,15,6,2,130
31338,434,15,6,2,73
31339,435,15,6,2,73
31340,436,15,6,2,112
31499,607,18,6,2,116
31500,608,18,6,2,232
31501,609,18,6,2,45
31502,610,18,6,2,53
31503,611,18,6,2,66
31504,612,18,6,2,31
31505,613,18,6,2,36
31506,614,18,6,2,63
31507,615,18,6,2,70
31508,616,18,6,2,49
31509,617,18,6,2,111
31510,618,18,6,2,75
31511,619,18,6,2,44
31512,620,18,6,2,54
31513,621,19,6,2,138
31514,622,19,6,2,103
31515,623,19,6,2,102
31516,624,19,6,2,106
31517,625,19,6,2,88
31518,626,19,6,2,61
31519,627,19,6,2,55
31520,628,20,6,2,104
31521,629,20,6,2,122
31522,630,20,6,2,91
31523,631,20,6,2,108
31524,632,20,6,2,104
31525,633,20,6,2,63
31526,1396,20,6,2,76
31527,635,20,6,2,95
31528,636,20,6,2,113
31529,637,20,6,2,88
31530,638,20,6,2,139
31531,639,20,6,2,133
31532,640,20,6,2,51
31533,641,20,6,2,75
31534,642,20,6,2,80
31535,643,20,6,2,105
31536,644,20,6,2,79
31537,645,20,6,2,116
31538,646,20,6,2,93
31539,647,21,6,2,106
31540,648,21,6,2,99
31541,649,21,6,2,104
31542,650,21,6,2,98
31543,651,21,6,2,99
31544,652,22,6,2,108
31545,653,22,6,2,101
31546,654,22,6,2,91
31547,655,22,6,2,95
31548,1397,22,6,2,107
31549,657,22,6,2,92
31550,658,22,6,2,96
31551,659,22,6,2,100
31552,660,22,6,2,102
31553,661,22,6,2,94
31554,662,22,6,2,83
31555,663,22,6,2,113
31556,664,22,6,2,102
31557,1398,22,6,2,102
31558,666,22,6,2,101
31702,815,25,6,2,103
31703,817,25,6,2,90
31704,818,25,6,2,96
31705,819,25,6,2,94
31706,820,25,6,2,98
31707,821,25,6,2,95
31708,822,25,6,2,100
31709,823,25,6,2,115
31710,824,25,6,2,89
31711,825,25,6,2,105
31712,826,25,6,2,84
31713,827,25,6,2,110
31714,828,25,6,2,86
31715,829,25,6,2,84
31716,830,25,6,2,85
31717,831,25,6,2,96
31718,832,25,6,2,122
31719,833,25,6,2,92
31720,834,25,6,2,115
31721,835,25,6,2,105
31722,836,25,6,2,87
31723,837,25,6,2,105
31724,838,26,6,2,119
31725,839,26,6,2,118
31726,840,26,6,2,106
31727,841,26,6,2,97
31728,842,26,6,2,117
31729,843,26,6,2,104
31730,844,27,6,2,100
31731,1399,28,6,2,122
31732,1400,28,6,2,96
31733,847,28,6,2,84
31734,848,28,6,2,101
31827,1401,30,6,2,102
31863,987,32,6,2,106
31864,988,32,6,2,102
31865,989,32,6,2,100
31866,990,32,6,2,104
31867,991,33,6,2,117
31868,994,33,6,2,110
31869,998,33,6,2,114
31870,69,33,6,2,117
31871,999,33,6,2,107
31872,1000,33,6,2,102
31873,1002,33,6,2,92
31874,1003,33,6,2,94
31875,1004,33,6,2,85
31876,1005,33,6,2,73
31877,558,33,6,2,84
31878,1007,33,6,2,83
31879,1008,33,6,2,96
31880,1009,33,6,2,91
31939,1078,35,6,2,112
31940,1082,35,6,2,107
31941,1084,35,6,2,113
31942,1085,35,6,2,89
31943,1086,35,6,2,98
31944,1087,35,6,2,95
31945,1088,35,6,2,102
31946,1089,35,6,2,95
31947,1090,35,6,2,95
31948,1091,35,6,2,96
31949,1092,35,6,2,105
31950,1093,35,6,2,105
31986,1129,37,6,2,114
31987,1130,37,6,2,197
31988,1131,37,6,2,121
31989,1132,37,6,2,95
31990,1133,37,6,2,118
31991,1134,37,6,2,93
31992,1135,37,6,2,92
31993,1136,37,6,2,94
31994,1402,38,6,2,129
31995,1403,38,6,2,100
31996,1139,39,6,2,119
31997,1141,39,6,2,112
31998,1142,39,6,2,119
31999,1144,39,6,2,86
32000,1145,39,6,2,89
32001,1146,39,6,2,106
32002,1147,39,6,2,87
32003,1148,39,6,2,96
32004,1149,39,6,2,97
32005,1150,39,6,2,113
32006,1151,39,6,2,70
32007,1152,39,6,2,96
32008,1153,40,6,2,88
32009,1154,40,6,2,52
32010,1155,40,6,2,86
32011,1156,40,6,2,55
32012,1157,40,6,2,119
32013,1158,40,6,2,53
32014,1159,40,6,2,84
32015,1160,40,6,2,61
32016,1161,40,6,2,47
32017,1162,40,6,2,47
32018,1163,40,6,2,42
32019,1164,40,6,2,177
32020,1165,40,6,2,156
32021,1166,40,6,2,55
32022,1167,40,6,2,51
32023,1168,40,6,2,64
32024,1169,40,6,2,62
32025,1170,40,6,2,39
32026,1171,40,6,2,52
32027,1172,40,6,2,78
32028,1173,40,6,2,48
32029,1174,40,6,2,69
32030,1175,40,6,2,51
32031,1176,40,6,2,67
32032,1177,40,6,2,60
32033,1178,40,6,2,32
14021,1,1,6,1,106
14022,2,1,6,1,97
14023,3,1,6,1,111
14024,4,1,6,1,111
14025,5,1,6,1,95
14026,6,1,6,1,99
14027,7,1,6,1,95
14028,8,1,6,1,91
14029,9,1,6,1,79
14030,10,1,6,1,83
14031,11,1,6,1,96
14032,12,1,6,1,77
14033,13,1,6,1,88
14034,14,1,6,1,94
14035,15,1,6,1,123
14036,16,1,6,1,81
14037,17,1,6,1,101
14038,18,1,6,1,90
14039,19,1,6,1,123
14040,20,1,6,1,74
14041,21,2,6,1,151
14042,22,2,6,1,124
14043,23,2,6,1,102
14044,24,2,6,1,73
14045,25,2,6,1,135
14046,26,2,6,1,123
14047,27,3,6,1,108
14048,28,3,6,1,95
14049,29,3,6,1,117
14050,30,3,6,1,111
14051,31,3,6,1,121
14052,32,3,6,1,116
14053,33,3,6,1,107
14054,34,3,6,1,118
14055,35,3,6,1,115
14056,36,3,6,1,109
14057,37,3,6,1,108
14058,38,3,6,1,97
14059,39,3,6,1,94
14060,40,3,6,1,108
14061,41,3,6,1,91
14062,42,4,6,1,131
14063,43,4,6,1,127
14064,44,4,6,1,136
14065,45,4,6,1,114
14066,46,4,6,1,107
14067,47,4,6,1,112
14068,48,4,6,1,84
14069,49,4,6,1,99
14070,50,4,6,1,110
14071,51,4,6,1,109
14072,52,4,6,1,89
14073,53,4,6,1,85
14074,54,4,6,1,107
14075,55,4,6,1,82
14076,56,4,6,1,80
14077,57,4,6,1,125
14078,58,4,6,1,88
14079,59,4,6,1,98
14080,60,5,6,1,122
14081,61,5,6,1,123
14082,62,5,6,1,95
14083,63,5,6,1,110
14084,64,5,6,1,115
14085,65,5,6,1,115
14086,66,5,6,1,112
14087,67,5,6,1,101
14088,68,5,6,1,112
14089,69,5,6,1,116
14090,70,5,6,1,118
14091,71,5,6,1,124
14092,72,5,6,1,112
14093,73,5,6,1,106
14094,74,5,6,1,113
14095,75,5,6,1,100
14096,76,5,6,1,94
14097,77,5,6,1,93
14098,78,5,6,1,101
14099,79,5,6,1,131
14100,80,5,6,1,69
14101,81,5,6,1,116
14102,82,5,6,1,127
14103,83,5,6,1,98
14104,84,5,6,1,134
14105,85,5,6,1,107
14106,86,5,6,1,90
14107,87,6,6,1,119
14108,88,6,6,1,117
14109,89,6,6,1,116
14110,90,6,6,1,124
14111,91,6,6,1,121
14112,92,6,6,1,103
14113,93,6,6,1,122
14114,94,6,6,1,118
14115,95,6,6,1,103
14116,96,6,6,1,126
14117,97,6,6,1,110
14118,98,6,6,1,104
14119,99,7,6,1,112
14120,100,7,6,1,111
14121,101,7,6,1,96
14122,102,7,6,1,98
14123,103,7,6,1,101
14124,104,7,6,1,107
14125,105,7,6,1,95
14126,106,7,6,1,100
14127,107,7,6,1,100
14128,108,7,6,1,106
14129,109,7,6,1,106
14130,110,7,6,1,85
14131,111,7,6,1,80
14132,112,7,6,1,110
14133,113,7,6,1,98
14134,114,7,6,1,103
14135,115,7,6,1,116
14136,116,7,6,1,97
14137,117,7,6,1,95
14138,118,7,6,1,103
14139,119,7,6,1,87
14140,120,7,6,1,95
14141,121,7,6,1,94
14142,122,7,6,1,107
14143,123,7,6,1,96
14144,124,7,6,1,109
14198,178,9,6,1,149
14199,179,9,6,1,136
14200,180,9,6,1,156
14201,181,10,6,1,147
14202,182,10,6,1,110
14203,183,10,6,1,147
14204,184,10,6,1,132
14205,185,10,6,1,130
14206,186,10,6,1,124
14207,187,10,6,1,143
14208,188,10,6,1,172
14209,189,10,6,1,141
14210,190,10,6,1,108
14211,191,10,6,1,235
14212,192,10,6,1,94
14213,193,10,6,1,109
14214,194,10,6,1,97
14215,195,10,6,1,95
14216,196,10,6,1,99
14217,197,10,6,1,144
14218,198,10,6,1,131
14346,326,12,6,1,108
14347,327,12,6,1,110
14348,328,12,6,1,100
14349,329,12,6,1,95
14448,425,14,6,1,116
14449,426,14,6,1,94
14450,427,14,6,1,75
14451,428,15,6,1,102
14452,429,15,6,1,110
14453,430,15,6,1,110
14454,431,15,6,1,90
14455,432,15,6,1,95
14456,433,15,6,1,127
14457,434,15,6,1,120
14458,435,15,6,1,97
14459,436,15,6,1,104
14632,607,18,6,1,133
14633,608,18,6,1,150
14634,609,18,6,1,73
14635,610,18,6,1,81
14636,611,18,6,1,103
14637,612,18,6,1,57
14638,613,18,6,1,58
14639,614,18,6,1,104
14640,615,18,6,1,102
14641,616,18,6,1,72
14642,617,18,6,1,99
14643,618,18,6,1,107
14644,619,18,6,1,79
14645,620,18,6,1,89
14646,621,19,6,1,150
14647,622,19,6,1,115
14648,623,19,6,1,103
14649,624,19,6,1,117
14650,625,19,6,1,130
14651,626,19,6,1,61
14652,627,19,6,1,86
14653,628,20,6,1,116
14654,629,20,6,1,115
14655,630,20,6,1,94
14656,631,20,6,1,103
14657,632,20,6,1,93
14658,633,20,6,1,95
14659,634,20,6,1,77
14660,635,20,6,1,71
14661,636,20,6,1,108
14662,637,20,6,1,107
14663,638,20,6,1,125
14664,639,20,6,1,121
14665,640,20,6,1,86
14666,641,20,6,1,94
14667,642,20,6,1,75
14668,643,20,6,1,101
14669,644,20,6,1,122
14670,645,20,6,1,98
14671,646,20,6,1,111
14672,647,21,6,1,124
14673,648,21,6,1,112
14674,649,21,6,1,117
14675,650,21,6,1,120
14676,651,21,6,1,111
14677,652,22,6,1,108
14678,653,22,6,1,103
14679,654,22,6,1,105
14680,655,22,6,1,85
14681,656,22,6,1,56
14682,657,22,6,1,101
14683,658,22,6,1,102
14684,659,22,6,1,103
14685,660,22,6,1,104
14686,661,22,6,1,96
14687,662,22,6,1,87
14688,663,22,6,1,111
14689,664,22,6,1,108
14690,665,22,6,1,104
14691,666,22,6,1,101
14840,815,25,6,1,103
14841,816,25,6,1,107
14842,817,25,6,1,88
14843,818,25,6,1,94
14844,819,25,6,1,93
14845,820,25,6,1,96
14846,821,25,6,1,98
14847,822,25,6,1,98
14848,823,25,6,1,113
14849,824,25,6,1,88
14850,825,25,6,1,104
14851,826,25,6,1,78
14852,827,25,6,1,105
14853,828,25,6,1,84
14854,829,25,6,1,81
14855,830,25,6,1,84
14856,831,25,6,1,85
14857,832,25,6,1,118
14858,833,25,6,1,92
14859,834,25,6,1,104
14860,835,25,6,1,98
14861,836,25,6,1,84
14862,837,25,6,1,104
14863,838,26,6,1,118
14864,839,26,6,1,117
14865,840,26,6,1,108
14866,841,26,6,1,93
14867,842,26,6,1,111
14868,843,26,6,1,100
14869,844,27,6,1,106
14870,845,28,6,1,141
14871,846,28,6,1,110
14872,847,28,6,1,118
14873,848,28,6,1,117
14968,939,30,6,1,96
15016,987,32,6,1,116
15017,988,32,6,1,105
15018,989,32,6,1,100
15019,990,32,6,1,97
15020,991,33,6,1,117
15021,992,33,6,1,115
15022,993,33,6,1,111
15023,994,33,6,1,114
15024,995,33,6,1,100
15025,996,33,6,1,101
15026,997,33,6,1,139
15027,998,33,6,1,119
15028,69,33,6,1,106
15029,999,33,6,1,111
15030,1000,33,6,1,107
15031,1001,33,6,1,123
15032,1002,33,6,1,100
15033,1003,33,6,1,100
15034,1004,33,6,1,100
15035,1005,33,6,1,103
15036,558,33,6,1,97
15037,1006,33,6,1,85
15038,1007,33,6,1,90
15039,1008,33,6,1,96
15040,1009,33,6,1,107
15109,1078,35,6,1,113
15110,1079,35,6,1,108
15111,1080,35,6,1,119
15112,1081,35,6,1,121
15113,1082,35,6,1,115
15114,1083,35,6,1,110
15115,1084,35,6,1,121
15116,1085,35,6,1,85
15117,1086,35,6,1,105
15118,1087,35,6,1,92
15119,1088,35,6,1,106
15120,1089,35,6,1,91
15121,1090,35,6,1,98
15122,1091,35,6,1,98
15123,1092,35,6,1,115
15124,1093,35,6,1,113
15160,1129,37,6,1,137
15161,1130,37,6,1,133
15162,1131,37,6,1,124
15163,1132,37,6,1,81
15164,1133,37,6,1,107
15165,1134,37,6,1,103
15166,1135,37,6,1,115
15167,1136,37,6,1,119
15168,1137,38,6,1,119
15169,1138,38,6,1,115
15170,1139,39,6,1,122
15171,1140,39,6,1,104
15172,1141,39,6,1,122
15173,1142,39,6,1,119
15174,1143,39,6,1,110
15175,1144,39,6,1,86
15176,1145,39,6,1,86
15177,1146,39,6,1,107
15178,1147,39,6,1,97
15179,1148,39,6,1,103
15180,1149,39,6,1,93
15181,1150,39,6,1,108
15182,1151,39,6,1,98
15183,1152,39,6,1,105
15184,1153,40,6,1,126
15185,1154,40,6,1,77
15186,1155,40,6,1,113
15187,1156,40,6,1,87
15188,1157,40,6,1,102
15189,1158,40,6,1,86
15190,1159,40,6,1,110
15191,1160,40,6,1,99
15192,1161,40,6,1,76
15193,1162,40,6,1,72
15194,1163,40,6,1,31
15195,1164,40,6,1,139
15196,1165,40,6,1,145
15197,1166,40,6,1,88
15198,1167,40,6,1,62
15199,1168,40,6,1,104
15200,1169,40,6,1,112
15201,1170,40,6,1,63
15202,1171,40,6,1,59
15203,1172,40,6,1,114
15204,1173,40,6,1,49
15205,1174,40,6,1,117
15206,1175,40,6,1,67
15207,1176,40,6,1,110
15208,1177,40,6,1,74
15209,1178,40,6,1,52
18110,1,1,6,1,105
18111,3,1,6,1,110
18112,4,1,6,1,111
18113,5,1,6,1,96
18114,7,1,6,1,95
18115,8,1,6,1,96
18116,9,1,6,1,92
18117,10,1,6,1,87
18118,11,1,6,1,103
18119,12,1,6,1,82
18120,13,1,6,1,93
18121,14,1,6,1,98
18122,15,1,6,1,103
18123,16,1,6,1,82
18124,17,1,6,1,100
18125,18,1,6,1,93
18126,19,1,6,1,110
18127,20,1,6,1,81
18128,21,2,6,1,129
18129,22,2,6,1,95
18130,23,2,6,1,88
18131,24,2,6,1,77
18132,25,2,6,1,108
18133,26,2,6,1,90
18134,1389,3,6,1,101
18135,29,3,6,1,108
18136,30,3,6,1,104
18137,31,3,6,1,105
18138,32,3,6,1,103
18139,33,3,6,1,98
18140,34,3,6,1,101
18141,35,3,6,1,108
18142,36,3,6,1,108
18143,37,3,6,1,100
18144,38,3,6,1,97
18145,39,3,6,1,95
18146,40,3,6,1,105
18147,41,3,6,1,89
18148,42,4,6,1,127
18149,44,4,6,1,120
18150,45,4,6,1,110
18151,46,4,6,1,97
18152,47,4,6,1,109
18153,48,4,6,1,83
18154,49,4,6,1,97
18155,50,4,6,1,110
18156,51,4,6,1,109
18157,52,4,6,1,80
18158,53,4,6,1,82
18159,54,4,6,1,95
18160,55,4,6,1,82
18161,56,4,6,1,80
18162,57,4,6,1,120
18163,58,4,6,1,88
18164,59,4,6,1,98
18165,60,5,6,1,119
18166,62,5,6,1,95
18167,63,5,6,1,110
18168,64,5,6,1,108
18169,65,5,6,1,110
18170,66,5,6,1,104
18171,67,5,6,1,98
18172,68,5,6,1,99
18173,69,5,6,1,112
18174,70,5,6,1,105
18175,71,5,6,1,119
18176,72,5,6,1,111
18177,73,5,6,1,108
18178,74,5,6,1,101
18179,75,5,6,1,94
18180,76,5,6,1,86
18181,77,5,6,1,95
18182,78,5,6,1,91
18183,79,5,6,1,131
18184,80,5,6,1,69
18185,81,5,6,1,115
18186,82,5,6,1,109
18187,83,5,6,1,83
18188,84,5,6,1,118
18189,85,5,6,1,73
18190,86,5,6,1,90
18191,87,6,6,1,107
18192,89,6,6,1,112
18193,91,6,6,1,108
18194,92,6,6,1,100
18195,93,6,6,1,111
18196,94,6,6,1,109
18197,95,6,6,1,90
18198,96,6,6,1,114
18199,97,6,6,1,105
18200,98,6,6,1,97
18201,99,7,6,1,112
18202,100,7,6,1,111
18203,101,7,6,1,96
18204,102,7,6,1,98
18205,103,7,6,1,101
18206,104,7,6,1,107
18207,105,7,6,1,95
18208,106,7,6,1,100
18209,107,7,6,1,100
18210,108,7,6,1,106
18211,109,7,6,1,105
18212,110,7,6,1,80
18213,111,7,6,1,80
18214,112,7,6,1,107
18215,113,7,6,1,98
18216,114,7,6,1,102
18217,115,7,6,1,114
18218,116,7,6,1,97
18219,117,7,6,1,94
18220,118,7,6,1,102
18221,119,7,6,1,87
18222,120,7,6,1,94
18223,121,7,6,1,94
18224,122,7,6,1,107
18225,123,7,6,1,96
18226,124,7,6,1,109
18280,178,9,6,1,140
18281,179,9,6,1,120
18282,180,9,6,1,142
18283,181,10,6,1,122
18284,183,10,6,1,114
18285,184,10,6,1,102
18286,187,10,6,1,107
18287,1390,10,6,1,151
18288,189,10,6,1,105
18289,190,10,6,1,97
18290,191,10,6,1,166
18291,192,10,6,1,85
18292,193,10,6,1,93
18293,194,10,6,1,89
18294,195,10,6,1,81
18295,196,10,6,1,85
18296,197,10,6,1,130
18297,198,10,6,1,111
18396,326,12,6,1,108
18397,327,12,6,1,106
18398,328,12,6,1,96
18399,329,12,6,1,92
18481,425,14,6,1,116
18482,426,14,6,1,95
18483,427,14,6,1,75
18484,428,15,6,1,104
18485,431,15,6,1,95
18486,432,15,6,1,104
18487,433,15,6,1,123
18488,434,15,6,1,109
18489,435,15,6,1,93
18490,436,15,6,1,104
18649,607,18,6,1,128
18650,608,18,6,1,137
18651,609,18,6,1,68
18652,610,18,6,1,71
18653,611,18,6,1,95
18654,612,18,6,1,55
18655,613,18,6,1,55
18656,614,18,6,1,86
18657,615,18,6,1,92
18658,616,18,6,1,64
18659,617,18,6,1,85
18660,618,18,6,1,96
18661,619,18,6,1,69
18662,620,18,6,1,67
18663,621,19,6,1,138
18664,622,19,6,1,105
18665,623,19,6,1,93
18666,624,19,6,1,108
18667,625,19,6,1,102
18668,626,19,6,1,63
18669,627,19,6,1,70
18670,628,20,6,1,111
18671,629,20,6,1,110
18672,630,20,6,1,98
18673,631,20,6,1,98
18674,632,20,6,1,94
18675,633,20,6,1,89
18676,1396,20,6,1,86
18677,635,20,6,1,77
18678,636,20,6,1,107
18679,637,20,6,1,102
18680,638,20,6,1,113
18681,639,20,6,1,111
18682,640,20,6,1,82
18683,641,20,6,1,93
18684,642,20,6,1,89
18685,643,20,6,1,99
18686,644,20,6,1,104
18687,645,20,6,1,100
18688,646,20,6,1,102
18689,647,21,6,1,116
18690,648,21,6,1,96
18691,649,21,6,1,97
18692,650,21,6,1,91
18693,651,21,6,1,102
18694,652,22,6,1,108
18695,653,22,6,1,101
18696,654,22,6,1,103
18697,655,22,6,1,91
18698,1397,22,6,1,54
18699,657,22,6,1,101
18700,658,22,6,1,102
18701,659,22,6,1,102
18702,660,22,6,1,105
18703,661,22,6,1,94
18704,662,22,6,1,88
18705,663,22,6,1,110
18706,664,22,6,1,107
18707,1398,22,6,1,98
18708,666,22,6,1,96
18852,815,25,6,1,103
18853,817,25,6,1,88
18854,818,25,6,1,94
18855,819,25,6,1,94
18856,820,25,6,1,96
18857,821,25,6,1,94
18858,822,25,6,1,98
18859,823,25,6,1,112
18860,824,25,6,1,89
18861,825,25,6,1,104
18862,826,25,6,1,78
18863,827,25,6,1,105
18864,828,25,6,1,82
18865,829,25,6,1,81
18866,830,25,6,1,84
18867,831,25,6,1,85
18868,832,25,6,1,118
18869,833,25,6,1,92
18870,834,25,6,1,104
18871,835,25,6,1,98
18872,836,25,6,1,84
18873,837,25,6,1,104
18874,838,26,6,1,112
18875,839,26,6,1,112
18876,840,26,6,1,100
18877,841,26,6,1,93
18878,842,26,6,1,111
18879,843,26,6,1,100
18880,844,27,6,1,100
18881,1399,28,6,1,117
18882,1400,28,6,1,89
18883,847,28,6,1,92
18884,848,28,6,1,96
18977,1401,30,6,1,101
19013,987,32,6,1,113
19014,988,32,6,1,103
19015,989,32,6,1,102
19016,990,32,6,1,98
19017,991,33,6,1,113
19018,994,33,6,1,111
19019,998,33,6,1,116
19020,69,33,6,1,97
19021,999,33,6,1,103
19022,1000,33,6,1,100
19023,1002,33,6,1,92
19024,1003,33,6,1,88
19025,1004,33,6,1,89
19026,1005,33,6,1,85
19027,558,33,6,1,81
19028,1007,33,6,1,84
19029,1008,33,6,1,93
19030,1009,33,6,1,98
19089,1078,35,6,1,114
19090,1082,35,6,1,114
19091,1084,35,6,1,116
19092,1085,35,6,1,91
19093,1086,35,6,1,98
19094,1087,35,6,1,94
19095,1088,35,6,1,104
19096,1089,35,6,1,87
19097,1090,35,6,1,96
19098,1091,35,6,1,98
19099,1092,35,6,1,115
19100,1093,35,6,1,112
19136,1129,37,6,1,129
19137,1130,37,6,1,128
19138,1131,37,6,1,101
19139,1132,37,6,1,92
19140,1133,37,6,1,103
19141,1134,37,6,1,106
19142,1135,37,6,1,100
19143,1136,37,6,1,109
19144,1402,38,6,1,124
19145,1403,38,6,1,105
19146,1139,39,6,1,118
19147,1141,39,6,1,116
19148,1142,39,6,1,115
19149,1144,39,6,1,85
19150,1145,39,6,1,76
19151,1146,39,6,1,98
19152,1147,39,6,1,91
19153,1148,39,6,1,98
19154,1149,39,6,1,95
19155,1150,39,6,1,106
19156,1151,39,6,1,90
19157,1152,39,6,1,105
19158,1153,40,6,1,126
19159,1154,40,6,1,77
19160,1155,40,6,1,113
19161,1156,40,6,1,87
19162,1157,40,6,1,102
19163,1158,40,6,1,86
19164,1159,40,6,1,110
19165,1160,40,6,1,99
19166,1161,40,6,1,76
19167,1162,40,6,1,72
19168,1163,40,6,1,31
19169,1164,40,6,1,139
19170,1165,40,6,1,145
19171,1166,40,6,1,88
19172,1167,40,6,1,62
19173,1168,40,6,1,104
19174,1169,40,6,1,112
19175,1170,40,6,1,63
19176,1171,40,6,1,59
19177,1172,40,6,1,114
19178,1173,40,6,1,49
19179,1174,40,6,1,117
19180,1175,40,6,1,67
19181,1176,40,6,1,110
19182,1177,40,6,1,74
19183,1178,40,6,1,52
4207,1,1,2,1,111
4208,2,1,2,1,102
4209,3,1,2,1,111
4210,4,1,2,1,114
4211,5,1,2,1,85
4212,6,1,2,1,62
4213,7,1,2,1,95
4214,8,1,2,1,95
4215,9,1,2,1,75
4216,10,1,2,1,75
4217,11,1,2,1,98
4218,12,1,2,1,66
4219,13,1,2,1,102
4220,14,1,2,1,107
4221,15,1,2,1,147
4222,16,1,2,1,80
4223,17,1,2,1,121
4224,18,1,2,1,103
4225,19,1,2,1,150
4226,20,1,2,1,65
4227,21,2,2,1,156
4228,22,2,2,1,123
4229,23,2,2,1,111
4230,24,2,2,1,80
4231,25,2,2,1,150
4232,26,2,2,1,124
4233,27,3,2,1,91
4234,28,3,2,1,115
4235,29,3,2,1,117
4236,30,3,2,1,116
4237,31,3,2,1,93
4238,32,3,2,1,89
4239,33,3,2,1,103
4240,34,3,2,1,99
4241,35,3,2,1,82
4242,36,3,2,1,109
4243,37,3,2,1,115
4244,38,3,2,1,116
4245,39,3,2,1,82
4246,40,3,2,1,77
4247,41,3,2,1,80
4248,42,4,2,1,127
4249,43,4,2,1,134
4250,44,4,2,1,127
4251,45,4,2,1,108
4252,46,4,2,1,101
4253,47,4,2,1,123
4254,48,4,2,1,96
4255,49,4,2,1,117
4256,50,4,2,1,80
4257,51,4,2,1,103
4258,52,4,2,1,101
4259,53,4,2,1,95
4260,54,4,2,1,119
4261,55,4,2,1,77
4262,56,4,2,1,75
4263,57,4,2,1,114
4264,58,4,2,1,98
4265,59,4,2,1,96
4266,60,5,2,1,124
4267,61,5,2,1,104
4268,62,5,2,1,99
4269,63,5,2,1,129
4270,64,5,2,1,108
4271,65,5,2,1,139
4272,66,5,2,1,130
4273,67,5,2,1,105
4274,68,5,2,1,121
4275,69,5,2,1,106
4276,70,5,2,1,110
4277,71,5,2,1,113
4278,72,5,2,1,121
4279,73,5,2,1,138
4280,74,5,2,1,110
4281,75,5,2,1,109
4282,76,5,2,1,97
4283,77,5,2,1,70
4284,78,5,2,1,110
4285,79,5,2,1,132
4286,80,5,2,1,72
4287,81,5,2,1,128
4288,82,5,2,1,112
4289,83,5,2,1,136
4290,84,5,2,1,136
4291,85,5,2,1,111
4292,86,5,2,1,93
4293,87,6,2,1,120
4294,88,6,2,1,112
4295,89,6,2,1,128
4296,90,6,2,1,137
4297,91,6,2,1,135
4298,92,6,2,1,108
4299,93,6,2,1,122
4300,94,6,2,1,124
4301,95,6,2,1,98
4302,96,6,2,1,135
4303,97,6,2,1,113
4304,98,6,2,1,106
4305,99,7,2,1,97
4306,100,7,2,1,111
4307,101,7,2,1,108
4308,102,7,2,1,118
4309,103,7,2,1,101
4310,104,7,2,1,92
4311,105,7,2,1,87
4312,106,7,2,1,83
4313,107,7,2,1,90
4314,108,7,2,1,99
4315,109,7,2,1,112
4316,110,7,2,1,95
4317,111,7,2,1,65
4318,112,7,2,1,97
4319,113,7,2,1,89
4320,114,7,2,1,79
4321,115,7,2,1,95
4322,116,7,2,1,85
4323,117,7,2,1,85
4324,118,7,2,1,103
4325,119,7,2,1,85
4326,120,7,2,1,106
4327,121,7,2,1,81
4328,122,7,2,1,84
4329,123,7,2,1,85
4330,124,7,2,1,124
4384,178,9,2,1,150
4385,179,9,2,1,133
4386,180,9,2,1,155
4387,181,10,2,1,160
4388,182,10,2,1,136
4389,183,10,2,1,147
4390,184,10,2,1,128
4391,185,10,2,1,126
4392,186,10,2,1,154
4393,187,10,2,1,151
4394,188,10,2,1,185
4395,189,10,2,1,99
4396,190,10,2,1,116
4397,191,10,2,1,98
4398,192,10,2,1,98
4399,193,10,2,1,120
4400,194,10,2,1,104
4401,195,10,2,1,97
4402,196,10,2,1,83
4403,197,10,2,1,177
4404,198,10,2,1,150
4532,326,12,2,1,114
4533,327,12,2,1,107
4534,328,12,2,1,95
4535,329,12,2,1,94
4634,425,14,2,1,130
4635,426,14,2,1,101
4636,427,14,2,1,66
4637,428,15,2,1,122
4638,429,15,2,1,115
4639,430,15,2,1,118
4640,431,15,2,1,93
4641,432,15,2,1,103
4642,433,15,2,1,122
4643,434,15,2,1,136
4644,435,15,2,1,115
4645,436,15,2,1,94
4818,607,18,2,1,122
4819,608,18,2,1,117
4820,609,18,2,1,102
4821,610,18,2,1,50
4822,611,18,2,1,99
4823,612,18,2,1,93
4824,613,18,2,1,83
4825,614,18,2,1,104
4826,615,18,2,1,97
4827,616,18,2,1,93
4828,617,18,2,1,108
4829,618,18,2,1,99
4830,619,18,2,1,109
4831,620,18,2,1,95
4832,621,19,2,1,155
4833,622,19,2,1,116
4834,623,19,2,1,112
4835,624,19,2,1,123
4836,625,19,2,1,132
4837,626,19,2,1,80
4838,627,19,2,1,93
4839,628,20,2,1,123
4840,629,20,2,1,114
4841,630,20,2,1,110
4842,631,20,2,1,101
4843,632,20,2,1,100
4844,633,20,2,1,99
4845,634,20,2,1,84
4846,635,20,2,1,62
4847,636,20,2,1,110
4848,637,20,2,1,111
4849,638,20,2,1,114
4850,639,20,2,1,113
4851,640,20,2,1,99
4852,641,20,2,1,93
4853,642,20,2,1,74
4854,643,20,2,1,100
4855,644,20,2,1,103
4856,645,20,2,1,97
4857,646,20,2,1,114
4858,647,21,2,1,145
4859,648,21,2,1,120
4860,649,21,2,1,138
4861,650,21,2,1,138
4862,651,21,2,1,94
4863,652,22,2,1,110
4864,653,22,2,1,109
4865,654,22,2,1,106
4866,655,22,2,1,69
4867,656,22,2,1,24
4868,657,22,2,1,107
4869,658,22,2,1,122
4870,659,22,2,1,112
4871,660,22,2,1,122
4872,661,22,2,1,67
4873,662,22,2,1,78
4874,663,22,2,1,125
4875,664,22,2,1,115
4876,665,22,2,1,111
4877,666,22,2,1,89
5026,815,25,2,1,106
5027,816,25,2,1,101
5028,817,25,2,1,88
5029,818,25,2,1,94
5030,819,25,2,1,93
5031,820,25,2,1,97
5032,821,25,2,1,95
5033,822,25,2,1,97
5034,823,25,2,1,95
5035,824,25,2,1,101
5036,825,25,2,1,98
5037,826,25,2,1,81
5038,827,25,2,1,91
5039,828,25,2,1,115
5040,829,25,2,1,86
5041,830,25,2,1,82
5042,831,25,2,1,98
5043,832,25,2,1,99
5044,833,25,2,1,89
5045,834,25,2,1,92
5046,835,25,2,1,94
5047,836,25,2,1,97
5048,837,25,2,1,86
5049,838,26,2,1,130
5050,839,26,2,1,126
5051,840,26,2,1,105
5052,841,26,2,1,105
5053,842,26,2,1,127
5054,843,26,2,1,92
5055,844,27,2,1,105
5056,845,28,2,1,147
5057,846,28,2,1,111
5058,847,28,2,1,93
5059,848,28,2,1,108
5154,939,30,2,1,105
5202,987,32,2,1,113
5203,988,32,2,1,100
5204,989,32,2,1,105
5205,990,32,2,1,105
5206,991,33,2,1,120
5207,992,33,2,1,119
5208,993,33,2,1,113
5209,994,33,2,1,120
5210,995,33,2,1,99
5211,996,33,2,1,99
5212,997,33,2,1,141
5213,998,33,2,1,126
5214,69,33,2,1,117
5215,999,33,2,1,97
5216,1000,33,2,1,118
5217,1001,33,2,1,123
5218,1002,33,2,1,94
5219,1003,33,2,1,92
5220,1004,33,2,1,105
5221,1005,33,2,1,87
5222,558,33,2,1,93
5223,1006,33,2,1,78
5224,1007,33,2,1,85
5225,1008,33,2,1,84
5226,1009,33,2,1,102
5295,1078,35,2,1,122
5296,1079,35,2,1,106
5297,1080,35,2,1,125
5298,1081,35,2,1,121
5299,1082,35,2,1,123
5300,1083,35,2,1,116
5301,1084,35,2,1,120
5302,1085,35,2,1,92
5303,1086,35,2,1,101
5304,1087,35,2,1,109
5305,1088,35,2,1,107
5306,1089,35,2,1,74
5307,1090,35,2,1,95
5308,1091,35,2,1,102
5309,1092,35,2,1,118
5310,1093,35,2,1,118
5346,1129,37,2,1,168
5347,1130,37,2,1,166
5348,1131,37,2,1,114
5349,1132,37,2,1,83
5350,1133,37,2,1,101
5351,1134,37,2,1,126
5352,1135,37,2,1,120
5353,1136,37,2,1,106
5354,1137,38,2,1,125
5355,1138,38,2,1,117
5356,1139,39,2,1,124
5357,1140,39,2,1,94
5358,1141,39,2,1,115
5359,1142,39,2,1,118
5360,1143,39,2,1,105
5361,1144,39,2,1,82
5362,1145,39,2,1,99
5363,1146,39,2,1,116
5364,1147,39,2,1,102
5365,1148,39,2,1,103
5366,1149,39,2,1,97
5367,1150,39,2,1,105
5368,1151,39,2,1,105
5369,1152,39,2,1,108
5370,1153,40,2,1,125
5371,1154,40,2,1,102
5372,1155,40,2,1,117
5373,1156,40,2,1,107
5374,1157,40,2,1,100
5375,1158,40,2,1,93
5376,1159,40,2,1,106
5377,1160,40,2,1,125
5378,1161,40,2,1,103
5379,1162,40,2,1,86
5380,1163,40,2,1,54
5381,1164,40,2,1,120
5382,1165,40,2,1,117
5383,1166,40,2,1,77
5384,1167,40,2,1,79
5385,1168,40,2,1,112
5386,1169,40,2,1,89
5387,1170,40,2,1,92
5388,1171,40,2,1,76
5389,1172,40,2,1,118
5390,1173,40,2,1,70
5391,1174,40,2,1,119
5392,1175,40,2,1,75
5393,1176,40,2,1,119
5394,1177,40,2,1,72
5395,1178,40,2,1,83
16825,1,1,2,1,109
16826,3,1,2,1,108
16827,4,1,2,1,108
16828,5,1,2,1,86
16829,7,1,2,1,94
16830,8,1,2,1,92
16831,9,1,2,1,99
16832,10,1,2,1,82
16833,11,1,2,1,99
16834,12,1,2,1,72
16835,13,1,2,1,95
16836,14,1,2,1,102
16837,15,1,2,1,116
16838,16,1,2,1,74
16839,17,1,2,1,106
16840,18,1,2,1,93
16841,19,1,2,1,129
16842,20,1,2,1,72
16843,21,2,2,1,133
16844,22,2,2,1,95
16845,23,2,2,1,85
16846,24,2,2,1,80
16847,25,2,2,1,106
16848,26,2,2,1,90
16849,1389,3,2,1,98
16850,29,3,2,1,116
16851,30,3,2,1,115
16852,31,3,2,1,87
16853,32,3,2,1,86
16854,33,3,2,1,105
16855,34,3,2,1,86
16856,35,3,2,1,79
16857,36,3,2,1,107
16858,37,3,2,1,107
16859,38,3,2,1,112
16860,39,3,2,1,83
16861,40,3,2,1,77
16862,41,3,2,1,85
16863,42,4,2,1,125
16864,44,4,2,1,110
16865,45,4,2,1,104
16866,46,4,2,1,92
16867,47,4,2,1,120
16868,48,4,2,1,98
16869,49,4,2,1,116
16870,50,4,2,1,80
16871,51,4,2,1,103
16872,52,4,2,1,91
16873,53,4,2,1,89
16874,54,4,2,1,112
16875,55,4,2,1,77
16876,56,4,2,1,75
16877,57,4,2,1,107
16878,58,4,2,1,98
16879,59,4,2,1,96
16880,60,5,2,1,119
16881,62,5,2,1,98
16882,63,5,2,1,128
16883,64,5,2,1,98
16884,65,5,2,1,124
16885,66,5,2,1,112
16886,67,5,2,1,101
16887,68,5,2,1,103
16888,69,5,2,1,100
16889,70,5,2,1,97
16890,71,5,2,1,106
16891,72,5,2,1,118
16892,73,5,2,1,139
16893,74,5,2,1,97
16894,75,5,2,1,101
16895,76,5,2,1,84
16896,77,5,2,1,77
16897,78,5,2,1,93
16898,79,5,2,1,134
16899,80,5,2,1,72
16900,81,5,2,1,127
16901,82,5,2,1,88
16902,83,5,2,1,89
16903,84,5,2,1,102
16904,85,5,2,1,72
16905,86,5,2,1,93
16906,87,6,2,1,105
16907,89,6,2,1,116
16908,91,6,2,1,118
16909,92,6,2,1,101
16910,93,6,2,1,109
16911,94,6,2,1,116
16912,95,6,2,1,84
16913,96,6,2,1,122
16914,97,6,2,1,106
16915,98,6,2,1,101
16916,99,7,2,1,97
16917,100,7,2,1,111
16918,101,7,2,1,108
16919,102,7,2,1,118
16920,103,7,2,1,101
16921,104,7,2,1,92
16922,105,7,2,1,87
16923,106,7,2,1,83
16924,107,7,2,1,94
16925,108,7,2,1,99
16926,109,7,2,1,110
16927,110,7,2,1,94
16928,111,7,2,1,65
16929,112,7,2,1,94
16930,113,7,2,1,89
16931,114,7,2,1,79
16932,115,7,2,1,94
16933,116,7,2,1,85
16934,117,7,2,1,83
16935,118,7,2,1,97
16936,119,7,2,1,85
16937,120,7,2,1,103
16938,121,7,2,1,81
16939,122,7,2,1,84
16940,123,7,2,1,85
16941,124,7,2,1,124
16995,178,9,2,1,136
16996,179,9,2,1,112
16997,180,9,2,1,135
16998,181,10,2,1,128
16999,183,10,2,1,117
17000,184,10,2,1,103
17001,187,10,2,1,114
17002,1390,10,2,1,161
17003,189,10,2,1,86
17004,190,10,2,1,100
17005,191,10,2,1,82
17006,192,10,2,1,86
17007,193,10,2,1,93
17008,194,10,2,1,90
17009,195,10,2,1,80
17010,196,10,2,1,72
17011,197,10,2,1,161
17012,198,10,2,1,129
17111,326,12,2,1,110
17112,327,12,2,1,105
17113,328,12,2,1,89
17114,329,12,2,1,92
17196,425,14,2,1,119
17197,426,14,2,1,90
17198,427,14,2,1,66
17199,428,15,2,1,112
17200,431,15,2,1,93
17201,432,15,2,1,105
17202,433,15,2,1,120
17203,434,15,2,1,117
17204,435,15,2,1,104
17205,436,15,2,1,89
17364,607,18,2,1,119
17365,608,18,2,1,113
17366,609,18,2,1,98
17367,610,18,2,1,61
17368,611,18,2,1,94
17369,612,18,2,1,90
17370,613,18,2,1,82
17371,614,18,2,1,93
17372,615,18,2,1,91
17373,616,18,2,1,86
17374,617,18,2,1,98
17375,618,18,2,1,92
17376,619,18,2,1,99
17377,620,18,2,1,84
17378,621,19,2,1,137
17379,622,19,2,1,101
17380,623,19,2,1,88
17381,624,19,2,1,102
17382,625,19,2,1,95
17383,626,19,2,1,66
17384,627,19,2,1,74
17385,628,20,2,1,116
17386,629,20,2,1,110
17387,630,20,2,1,99
17388,631,20,2,1,97
17389,632,20,2,1,99
17390,633,20,2,1,96
17391,1396,20,2,1,93
17392,635,20,2,1,70
17393,636,20,2,1,108
17394,637,20,2,1,93
17395,638,20,2,1,103
17396,639,20,2,1,103
17397,640,20,2,1,82
17398,641,20,2,1,86
17399,642,20,2,1,74
17400,643,20,2,1,100
17401,644,20,2,1,93
17402,645,20,2,1,87
17403,646,20,2,1,105
17404,647,21,2,1,126
17405,648,21,2,1,89
17406,649,21,2,1,97
17407,650,21,2,1,92
17408,651,21,2,1,86
17409,652,22,2,1,110
17410,653,22,2,1,101
17411,654,22,2,1,96
17412,655,22,2,1,68
17413,1397,22,2,1,29
17414,657,22,2,1,98
17415,658,22,2,1,119
17416,659,22,2,1,109
17417,660,22,2,1,113
17418,661,22,2,1,67
17419,662,22,2,1,74
17420,663,22,2,1,120
17421,664,22,2,1,104
17422,1398,22,2,1,93
17423,666,22,2,1,85
17567,815,25,2,1,105
17568,817,25,2,1,88
17569,818,25,2,1,94
17570,819,25,2,1,93
17571,820,25,2,1,97
17572,821,25,2,1,92
17573,822,25,2,1,97
17574,823,25,2,1,95
17575,824,25,2,1,97
17576,825,25,2,1,98
17577,826,25,2,1,81
17578,827,25,2,1,91
17579,828,25,2,1,106
17580,829,25,2,1,86
17581,830,25,2,1,82
17582,831,25,2,1,98
17583,832,25,2,1,99
17584,833,25,2,1,89
17585,834,25,2,1,92
17586,835,25,2,1,94
17587,836,25,2,1,97
17588,837,25,2,1,86
17589,838,26,2,1,116
17590,839,26,2,1,115
17591,840,26,2,1,89
17592,841,26,2,1,105
17593,842,26,2,1,127
17594,843,26,2,1,92
17595,844,27,2,1,100
17596,1399,28,2,1,118
17597,1400,28,2,1,95
17598,847,28,2,1,79
17599,848,28,2,1,94
17692,1401,30,2,1,102
17728,987,32,2,1,112
17729,988,32,2,1,100
17730,989,32,2,1,107
17731,990,32,2,1,104
17732,991,33,2,1,113
17733,994,33,2,1,110
17734,998,33,2,1,123
17735,69,33,2,1,104
17736,999,33,2,1,89
17737,1000,33,2,1,108
17738,1002,33,2,1,83
17739,1003,33,2,1,81
17740,1004,33,2,1,92
17741,1005,33,2,1,68
17742,558,33,2,1,75
17743,1007,33,2,1,79
17744,1008,33,2,1,82
17745,1009,33,2,1,93
17804,1078,35,2,1,119
17805,1082,35,2,1,121
17806,1084,35,2,1,113
17807,1085,35,2,1,93
17808,1086,35,2,1,91
17809,1087,35,2,1,104
17810,1088,35,2,1,102
17811,1089,35,2,1,67
17812,1090,35,2,1,94
17813,1091,35,2,1,102
17814,1092,35,2,1,118
17815,1093,35,2,1,117
17851,1129,37,2,1,144
17852,1130,37,2,1,144
17853,1131,37,2,1,95
17854,1132,37,2,1,81
17855,1133,37,2,1,90
17856,1134,37,2,1,92
17857,1135,37,2,1,90
17858,1136,37,2,1,75
17859,1402,38,2,1,117
17860,1403,38,2,1,102
17861,1139,39,2,1,119
17862,1141,39,2,1,108
17863,1142,39,2,1,109
17864,1144,39,2,1,81
17865,1145,39,2,1,91
17866,1146,39,2,1,107
17867,1147,39,2,1,95
17868,1148,39,2,1,97
17869,1149,39,2,1,97
17870,1150,39,2,1,106
17871,1151,39,2,1,93
17872,1152,39,2,1,108
17873,1153,40,2,1,125
17874,1154,40,2,1,102
17875,1155,40,2,1,117
17876,1156,40,2,1,107
17877,1157,40,2,1,100
17878,1158,40,2,1,93
17879,1159,40,2,1,106
17880,1160,40,2,1,125
17881,1161,40,2,1,103
17882,1162,40,2,1,86
17883,1163,40,2,1,54
17884,1164,40,2,1,120
17885,1165,40,2,1,117
17886,1166,40,2,1,77
17887,1167,40,2,1,79
17888,1168,40,2,1,112
17889,1169,40,2,1,89
17890,1170,40,2,1,92
17891,1171,40,2,1,76
17892,1172,40,2,1,118
17893,1173,40,2,1,70
17894,1174,40,2,1,119
17895,1175,40,2,1,75
17896,1176,40,2,1,119
17897,1177,40,2,1,72
17898,1178,40,2,1,83
2805,1,1,2,2,109
2806,2,1,2,2,97
2807,3,1,2,2,110
2808,4,1,2,2,109
2809,5,1,2,2,97
2810,6,1,2,2,82
2811,7,1,2,2,98
2812,8,1,2,2,109
2813,9,1,2,2,96
2814,10,1,2,2,91
2815,11,1,2,2,100
2816,12,1,2,2,91
2817,13,1,2,2,113
2818,14,1,2,2,102
2819,15,1,2,2,132
2820,16,1,2,2,97
2821,17,1,2,2,96
2822,18,1,2,2,107
2823,19,1,2,2,118
2824,20,1,2,2,87
2825,21,2,2,2,143
2826,22,2,2,2,114
2827,23,2,2,2,81
2828,24,2,2,2,84
2829,25,2,2,2,124
2830,26,2,2,2,115
2831,27,3,2,2,98
2832,28,3,2,2,119
2833,29,3,2,2,115
2834,30,3,2,2,127
2835,31,3,2,2,83
2836,32,3,2,2,81
2837,33,3,2,2,107
2838,34,3,2,2,103
2839,35,3,2,2,80
2840,36,3,2,2,111
2841,37,3,2,2,105
2842,38,3,2,2,108
2843,39,3,2,2,89
2844,40,3,2,2,68
2845,41,3,2,2,73
2846,42,4,2,2,122
2847,43,4,2,2,151
2848,44,4,2,2,143
2849,45,4,2,2,101
2850,46,4,2,2,107
2851,47,4,2,2,106
2852,48,4,2,2,110
2853,49,4,2,2,117
2854,50,4,2,2,72
2855,51,4,2,2,110
2856,52,4,2,2,98
2857,53,4,2,2,73
2858,54,4,2,2,126
2859,55,4,2,2,98
2860,56,4,2,2,93
2861,57,4,2,2,109
2862,58,4,2,2,114
2863,59,4,2,2,97
2864,60,5,2,2,111
2865,61,5,2,2,49
2866,62,5,2,2,102
2867,63,5,2,2,165
2868,64,5,2,2,107
2869,65,5,2,2,126
2870,66,5,2,2,159
2871,67,5,2,2,143
2872,68,5,2,2,83
2873,69,5,2,2,87
2874,70,5,2,2,59
2875,71,5,2,2,65
2876,72,5,2,2,145
2877,73,5,2,2,109
2878,74,5,2,2,174
2879,75,5,2,2,78
2880,76,5,2,2,116
2881,77,5,2,2,32
2882,78,5,2,2,175
2883,79,5,2,2,179
2884,80,5,2,2,71
2885,81,5,2,2,173
2886,82,5,2,2,55
2887,83,5,2,2,90
2888,84,5,2,2,130
2889,85,5,2,2,185
2890,86,5,2,2,61
2891,87,6,2,2,152
2892,88,6,2,2,99
2893,89,6,2,2,158
2894,90,6,2,2,184
2895,91,6,2,2,181
2896,92,6,2,2,117
2897,93,6,2,2,144
2898,94,6,2,2,151
2899,95,6,2,2,112
2900,96,6,2,2,192
2901,97,6,2,2,111
2902,98,6,2,2,122
2903,99,7,2,2,94
2904,100,7,2,2,112
2905,101,7,2,2,82
2906,102,7,2,2,108
2907,103,7,2,2,101
2908,104,7,2,2,69
2909,105,7,2,2,108
2910,106,7,2,2,48
2911,107,7,2,2,75
2912,108,7,2,2,85
2913,109,7,2,2,112
2914,110,7,2,2,100
2915,111,7,2,2,74
2916,112,7,2,2,88
2917,113,7,2,2,94
2918,114,7,2,2,62
2919,115,7,2,2,91
2920,116,7,2,2,81
2921,117,7,2,2,70
2922,118,7,2,2,104
2923,119,7,2,2,90
2924,120,7,2,2,118
2925,121,7,2,2,57
2926,122,7,2,2,73
2927,123,7,2,2,75
2928,124,7,2,2,154
2982,178,9,2,2,145
2983,179,9,2,2,122
2984,180,9,2,2,141
2985,181,10,2,2,118
2986,182,10,2,2,138
2987,183,10,2,2,103
2988,184,10,2,2,101
2989,185,10,2,2,93
2990,186,10,2,2,108
2991,187,10,2,2,215
2992,188,10,2,2,262
2993,189,10,2,2,121
2994,190,10,2,2,144
2995,191,10,2,2,70
2996,192,10,2,2,117
2997,193,10,2,2,119
2998,194,10,2,2,78
2999,195,10,2,2,112
3000,196,10,2,2,150
3001,197,10,2,2,217
3002,198,10,2,2,271
3130,326,12,2,2,101
3131,327,12,2,2,103
3132,328,12,2,2,83
3133,329,12,2,2,95
3232,425,14,2,2,129
3233,426,14,2,2,123
3234,427,14,2,2,87
3235,428,15,2,2,107
3236,429,15,2,2,97
3237,430,15,2,2,96
3238,431,15,2,2,93
3239,432,15,2,2,112
3240,433,15,2,2,108
3241,434,15,2,2,90
3242,435,15,2,2,90
3243,436,15,2,2,75
3416,607,18,2,2,115
3417,608,18,2,2,177
3418,609,18,2,2,78
3419,610,18,2,2,46
3420,611,18,2,2,72
3421,612,18,2,2,71
3422,613,18,2,2,65
3423,614,18,2,2,81
3424,615,18,2,2,83
3425,616,18,2,2,112
3426,617,18,2,2,167
3427,618,18,2,2,80
3428,619,18,2,2,85
3429,620,18,2,2,78
3430,621,19,2,2,152
3431,622,19,2,2,109
3432,623,19,2,2,121
3433,624,19,2,2,108
3434,625,19,2,2,113
3435,626,19,2,2,81
3436,627,19,2,2,73
3437,628,20,2,2,110
3438,629,20,2,2,111
3439,630,20,2,2,88
3440,631,20,2,2,106
3441,632,20,2,2,92
3442,633,20,2,2,85
3443,634,20,2,2,76
3444,635,20,2,2,94
3445,636,20,2,2,101
3446,637,20,2,2,73
3447,638,20,2,2,141
3448,639,20,2,2,142
3449,640,20,2,2,86
3450,641,20,2,2,91
3451,642,20,2,2,60
3452,643,20,2,2,78
3453,644,20,2,2,124
3454,645,20,2,2,110
3455,646,20,2,2,104
3456,647,21,2,2,110
3457,648,21,2,2,118
3458,649,21,2,2,164
3459,650,21,2,2,126
3460,651,21,2,2,79
3461,652,22,2,2,113
3462,653,22,2,2,103
3463,654,22,2,2,91
3464,655,22,2,2,39
3465,656,22,2,2,13
3466,657,22,2,2,96
3467,658,22,2,2,123
3468,659,22,2,2,120
3469,660,22,2,2,143
3470,661,22,2,2,42
3471,662,22,2,2,68
3472,663,22,2,2,131
3473,664,22,2,2,115
3474,665,22,2,2,128
3475,666,22,2,2,78
3624,815,25,2,2,102
3625,816,25,2,2,102
3626,817,25,2,2,91
3627,818,25,2,2,98
3628,819,25,2,2,95
3629,820,25,2,2,101
3630,821,25,2,2,100
3631,822,25,2,2,106
3632,823,25,2,2,98
3633,824,25,2,2,105
3634,825,25,2,2,101
3635,826,25,2,2,84
3636,827,25,2,2,96
3637,828,25,2,2,113
3638,829,25,2,2,96
3639,830,25,2,2,88
3640,831,25,2,2,102
3641,832,25,2,2,109
3642,833,25,2,2,97
3643,834,25,2,2,101
3644,835,25,2,2,102
3645,836,25,2,2,104
3646,837,25,2,2,88
3647,838,26,2,2,138
3648,839,26,2,2,135
3649,840,26,2,2,114
3650,841,26,2,2,114
3651,842,26,2,2,124
3652,843,26,2,2,89
3653,844,27,2,2,106
3654,845,28,2,2,154
3655,846,28,2,2,129
3656,847,28,2,2,88
3657,848,28,2,2,117
3752,939,30,2,2,108
3800,987,32,2,2,89
3801,988,32,2,2,95
3802,989,32,2,2,95
3803,990,32,2,2,93
3804,991,33,2,2,126
3805,992,33,2,2,125
3806,993,33,2,2,118
3807,994,33,2,2,123
3808,995,33,2,2,105
3809,996,33,2,2,106
3810,997,33,2,2,160
3811,998,33,2,2,120
3812,69,33,2,2,130
3813,999,33,2,2,104
3814,1000,33,2,2,133
3815,1001,33,2,2,137
3816,1002,33,2,2,101
3817,1003,33,2,2,105
3818,1004,33,2,2,111
3819,1005,33,2,2,93
3820,558,33,2,2,105
3821,1006,33,2,2,78
3822,1007,33,2,2,93
3823,1008,33,2,2,86
3824,1009,33,2,2,99
3893,1078,35,2,2,110
3894,1079,35,2,2,93
3895,1080,35,2,2,114
3896,1081,35,2,2,113
3897,1082,35,2,2,109
3898,1083,35,2,2,120
3899,1084,35,2,2,113
3900,1085,35,2,2,101
3901,1086,35,2,2,104
3902,1087,35,2,2,105
3903,1088,35,2,2,108
3904,1089,35,2,2,81
3905,1090,35,2,2,95
3906,1091,35,2,2,109
3907,1092,35,2,2,112
3908,1093,35,2,2,119
3944,1129,37,2,2,104
3945,1130,37,2,2,315
3946,1131,37,2,2,175
3947,1132,37,2,2,77
3948,1133,37,2,2,87
3949,1134,37,2,2,78
3950,1135,37,2,2,80
3951,1136,37,2,2,82
3952,1137,38,2,2,135
3953,1138,38,2,2,108
3954,1139,39,2,2,122
3955,1140,39,2,2,87
3956,1141,39,2,2,103
3957,1142,39,2,2,128
3958,1143,39,2,2,116
3959,1144,39,2,2,78
3960,1145,39,2,2,112
3961,1146,39,2,2,120
3962,1147,39,2,2,91
3963,1148,39,2,2,100
3964,1149,39,2,2,77
3965,1150,39,2,2,116
3966,1151,39,2,2,65
3967,1152,39,2,2,96
3968,1153,40,2,2,87
3969,1154,40,2,2,80
3970,1155,40,2,2,109
3971,1156,40,2,2,76
3972,1157,40,2,2,78
3973,1158,40,2,2,64
3974,1159,40,2,2,92
3975,1160,40,2,2,78
3976,1161,40,2,2,68
3977,1162,40,2,2,74
3978,1163,40,2,2,68
3979,1164,40,2,2,146
3980,1165,40,2,2,87
3981,1166,40,2,2,83
3982,1167,40,2,2,80
3983,1168,40,2,2,79
3984,1169,40,2,2,78
3985,1170,40,2,2,64
3986,1171,40,2,2,64
3987,1172,40,2,2,73
3988,1173,40,2,2,76
3989,1174,40,2,2,76
3990,1175,40,2,2,66
3991,1176,40,2,2,82
3992,1177,40,2,2,74
3993,1178,40,2,2,59
29675,1,1,2,2,106
29676,3,1,2,2,107
29677,4,1,2,2,105
29678,5,1,2,2,95
29679,7,1,2,2,95
29680,8,1,2,2,100
29681,9,1,2,2,104
29682,10,1,2,2,92
29683,11,1,2,2,100
29684,12,1,2,2,94
29685,13,1,2,2,96
29686,14,1,2,2,95
29687,15,1,2,2,107
29688,16,1,2,2,85
29689,17,1,2,2,88
29690,18,1,2,2,94
29691,19,1,2,2,100
29692,20,1,2,2,79
29693,21,2,2,2,125
29694,22,2,2,2,95
29695,23,2,2,2,80
29696,24,2,2,2,77
29697,25,2,2,2,79
29698,26,2,2,2,88
29699,1389,3,2,2,99
29700,29,3,2,2,112
29701,30,3,2,2,116
29702,31,3,2,2,77
29703,32,3,2,2,75
29704,33,3,2,2,104
29705,34,3,2,2,86
29706,35,3,2,2,79
29707,36,3,2,2,106
29708,37,3,2,2,100
29709,38,3,2,2,107
29710,39,3,2,2,109
29711,40,3,2,2,68
29712,41,3,2,2,72
29713,42,4,2,2,120
29714,44,4,2,2,124
29715,45,4,2,2,97
29716,46,4,2,2,97
29717,47,4,2,2,103
29718,48,4,2,2,114
29719,49,4,2,2,116
29720,50,4,2,2,72
29721,51,4,2,2,110
29722,52,4,2,2,89
29723,53,4,2,2,69
29724,54,4,2,2,122
29725,55,4,2,2,98
29726,56,4,2,2,93
29727,57,4,2,2,99
29728,58,4,2,2,114
29729,59,4,2,2,97
29730,60,5,2,2,107
29731,62,5,2,2,105
29732,63,5,2,2,161
29733,64,5,2,2,98
29734,65,5,2,2,115
29735,66,5,2,2,132
29736,67,5,2,2,139
29737,68,5,2,2,77
29738,69,5,2,2,82
29739,70,5,2,2,53
29740,71,5,2,2,63
29741,72,5,2,2,143
29742,73,5,2,2,117
29743,74,5,2,2,152
29744,75,5,2,2,75
29745,76,5,2,2,100
29746,77,5,2,2,47
29747,78,5,2,2,136
29748,79,5,2,2,180
29749,80,5,2,2,71
29750,81,5,2,2,170
29751,82,5,2,2,51
29752,83,5,2,2,63
29753,84,5,2,2,92
29754,85,5,2,2,108
29755,86,5,2,2,61
29756,87,6,2,2,105
29757,89,6,2,2,120
29758,91,6,2,2,148
29759,92,6,2,2,96
29760,93,6,2,2,111
29761,94,6,2,2,134
29762,95,6,2,2,86
29763,96,6,2,2,165
29764,97,6,2,2,93
29765,98,6,2,2,97
29766,99,7,2,2,94
29767,100,7,2,2,112
29768,101,7,2,2,82
29769,102,7,2,2,108
29770,103,7,2,2,101
29771,104,7,2,2,69
29772,105,7,2,2,108
29773,106,7,2,2,48
29774,107,7,2,2,82
29775,108,7,2,2,85
29776,109,7,2,2,110
29777,110,7,2,2,104
29778,111,7,2,2,74
29779,112,7,2,2,91
29780,113,7,2,2,94
29781,114,7,2,2,63
29782,115,7,2,2,90
29783,116,7,2,2,81
29784,117,7,2,2,69
29785,118,7,2,2,101
29786,119,7,2,2,90
29787,120,7,2,2,115
29788,121,7,2,2,57
29789,122,7,2,2,73
29790,123,7,2,2,75
29791,124,7,2,2,154
29845,178,9,2,2,128
29846,179,9,2,2,102
29847,180,9,2,2,126
29848,181,10,2,2,109
29849,183,10,2,2,101
29850,184,10,2,2,91
29851,187,10,2,2,171
29852,1390,10,2,2,229
29853,189,10,2,2,108
29854,190,10,2,2,128
29855,191,10,2,2,69
29856,192,10,2,2,102
29857,193,10,2,2,96
29858,194,10,2,2,72
29859,195,10,2,2,86
29860,196,10,2,2,118
29861,197,10,2,2,159
29862,198,10,2,2,240
29961,326,12,2,2,100
29962,327,12,2,2,105
29963,328,12,2,2,93
29964,329,12,2,2,95
30046,425,14,2,2,118
30047,426,14,2,2,107
30048,427,14,2,2,87
30049,428,15,2,2,96
30050,431,15,2,2,92
30051,432,15,2,2,108
30052,433,15,2,2,143
30053,434,15,2,2,79
30054,435,15,2,2,81
30055,436,15,2,2,76
30214,607,18,2,2,112
30215,608,18,2,2,154
30216,609,18,2,2,77
30217,610,18,2,2,63
30218,611,18,2,2,69
30219,612,18,2,2,68
30220,613,18,2,2,67
30221,614,18,2,2,75
30222,615,18,2,2,80
30223,616,18,2,2,101
30224,617,18,2,2,149
30225,618,18,2,2,76
30226,619,18,2,2,82
30227,620,18,2,2,80
30228,621,19,2,2,137
30229,622,19,2,2,104
30230,623,19,2,2,92
30231,624,19,2,2,89
30232,625,19,2,2,79
30233,626,19,2,2,64
30234,627,19,2,2,60
30235,628,20,2,2,114
30236,629,20,2,2,110
30237,630,20,2,2,82
30238,631,20,2,2,104
30239,632,20,2,2,101
30240,633,20,2,2,84
30241,1396,20,2,2,101
30242,635,20,2,2,106
30243,636,20,2,2,102
30244,637,20,2,2,69
30245,638,20,2,2,133
30246,639,20,2,2,132
30247,640,20,2,2,49
30248,641,20,2,2,75
30249,642,20,2,2,60
30250,643,20,2,2,90
30251,644,20,2,2,86
30252,645,20,2,2,96
30253,646,20,2,2,111
30254,647,21,2,2,110
30255,648,21,2,2,97
30256,649,21,2,2,112
30257,650,21,2,2,98
30258,651,21,2,2,76
30259,652,22,2,2,112
30260,653,22,2,2,93
30261,654,22,2,2,79
30262,655,22,2,2,37
30263,1397,22,2,2,38
30264,657,22,2,2,92
30265,658,22,2,2,117
30266,659,22,2,2,113
30267,660,22,2,2,126
30268,661,22,2,2,46
30269,662,22,2,2,58
30270,663,22,2,2,125
30271,664,22,2,2,98
30272,1398,22,2,2,93
30273,666,22,2,2,83
30417,815,25,2,2,102
30418,817,25,2,2,91
30419,818,25,2,2,98
30420,819,25,2,2,95
30421,820,25,2,2,101
30422,821,25,2,2,96
30423,822,25,2,2,106
30424,823,25,2,2,98
30425,824,25,2,2,101
30426,825,25,2,2,101
30427,826,25,2,2,84
30428,827,25,2,2,96
30429,828,25,2,2,105
30430,829,25,2,2,96
30431,830,25,2,2,88
30432,831,25,2,2,102
30433,832,25,2,2,109
30434,833,25,2,2,97
30435,834,25,2,2,101
30436,835,25,2,2,102
30437,836,25,2,2,104
30438,837,25,2,2,88
30439,838,26,2,2,120
30440,839,26,2,2,120
30441,840,26,2,2,92
30442,841,26,2,2,114
30443,842,26,2,2,124
30444,843,26,2,2,89
30445,844,27,2,2,100
30446,1399,28,2,2,119
30447,1400,28,2,2,107
30448,847,28,2,2,73
30449,848,28,2,2,99
30542,1401,30,2,2,102
30578,987,32,2,2,98
30579,988,32,2,2,102
30580,989,32,2,2,101
30581,990,32,2,2,104
30582,991,33,2,2,116
30583,994,33,2,2,109
30584,998,33,2,2,116
30585,69,33,2,2,115
30586,999,33,2,2,92
30587,1000,33,2,2,121
30588,1002,33,2,2,86
30589,1003,33,2,2,88
30590,1004,33,2,2,91
30591,1005,33,2,2,61
30592,558,33,2,2,77
30593,1007,33,2,2,82
30594,1008,33,2,2,82
30595,1009,33,2,2,90
30654,1078,35,2,2,110
30655,1082,35,2,2,110
30656,1084,35,2,2,112
30657,1085,35,2,2,101
30658,1086,35,2,2,96
30659,1087,35,2,2,103
30660,1088,35,2,2,107
30661,1089,35,2,2,72
30662,1090,35,2,2,95
30663,1091,35,2,2,109
30664,1092,35,2,2,112
30665,1093,35,2,2,119
30701,1129,37,2,2,105
30702,1130,37,2,2,265
30703,1131,37,2,2,146
30704,1132,37,2,2,91
30705,1133,37,2,2,81
30706,1134,37,2,2,67
30707,1135,37,2,2,74
30708,1136,37,2,2,58
30709,1402,38,2,2,122
30710,1403,38,2,2,92
30711,1139,39,2,2,118
30712,1141,39,2,2,106
30713,1142,39,2,2,120
30714,1144,39,2,2,79
30715,1145,39,2,2,106
30716,1146,39,2,2,107
30717,1147,39,2,2,88
30718,1148,39,2,2,95
30719,1149,39,2,2,78
30720,1150,39,2,2,116
30721,1151,39,2,2,63
30722,1152,39,2,2,96
30723,1153,40,2,2,87
30724,1154,40,2,2,80
30725,1155,40,2,2,109
30726,1156,40,2,2,76
30727,1157,40,2,2,78
30728,1158,40,2,2,64
30729,1159,40,2,2,92
30730,1160,40,2,2,78
30731,1161,40,2,2,68
30732,1162,40,2,2,74
30733,1163,40,2,2,68
30734,1164,40,2,2,146
30735,1165,40,2,2,87
30736,1166,40,2,2,83
30737,1167,40,2,2,80
30738,1168,40,2,2,79
30739,1169,40,2,2,78
30740,1170,40,2,2,64
30741,1171,40,2,2,64
30742,1172,40,2,2,73
30743,1173,40,2,2,76
30744,1174,40,2,2,76
30745,1175,40,2,2,66
30746,1176,40,2,2,82
30747,1177,40,2,2,74
30748,1178,40,2,2,59
3,1,1,1,2,98
4,2,1,1,2,115
1405,3,1,1,2,106
1406,4,1,1,2,101
1407,5,1,1,2,106
1408,6,1,1,2,95
1409,7,1,1,2,95
1410,8,1,1,2,97
1411,9,1,1,2,110
1412,10,1,1,2,108
1413,11,1,1,2,123
1414,12,1,1,2,105
1415,13,1,1,2,110
1416,14,1,1,2,119
1417,15,1,1,2,149
1418,16,1,1,2,107
1419,17,1,1,2,117
1420,18,1,1,2,126
1421,19,1,1,2,140
1422,20,1,1,2,104
1423,21,2,1,2,121
1424,22,2,1,2,104
1425,23,2,1,2,104
1426,24,2,1,2,101
1427,25,2,1,2,101
1428,26,2,1,2,110
1429,27,3,1,2,98
1430,28,3,1,2,114
1431,29,3,1,2,109
1432,30,3,1,2,113
1433,31,3,1,2,72
1434,32,3,1,2,74
1435,33,3,1,2,102
1436,34,3,1,2,87
1437,35,3,1,2,81
1438,36,3,1,2,114
1439,37,3,1,2,95
1440,38,3,1,2,116
1441,39,3,1,2,102
1442,40,3,1,2,72
1443,41,3,1,2,76
1444,42,4,1,2,109
1445,43,4,1,2,120
1446,44,4,1,2,170
1447,45,4,1,2,77
1448,46,4,1,2,115
1449,47,4,1,2,93
1450,48,4,1,2,137
1451,49,4,1,2,78
1452,50,4,1,2,78
1453,51,4,1,2,113
1454,52,4,1,2,107
1455,53,4,1,2,68
1456,54,4,1,2,104
1457,55,4,1,2,109
1458,56,4,1,2,110
1459,57,4,1,2,115
1460,58,4,1,2,163
1461,59,4,1,2,115
1462,60,5,1,2,128
1463,61,5,1,2,58
1464,62,5,1,2,111
1465,63,5,1,2,105
1466,64,5,1,2,121
1467,65,5,1,2,71
1468,66,5,1,2,97
1469,67,5,1,2,171
1470,68,5,1,2,44
1471,69,5,1,2,69
1472,70,5,1,2,68
1473,71,5,1,2,85
1474,72,5,1,2,186
1475,73,5,1,2,53
1476,74,5,1,2,165
1477,75,5,1,2,37
1478,76,5,1,2,154
1479,77,5,1,2,38
1480,78,5,1,2,228
1481,79,5,1,2,217
1482,80,5,1,2,33
1483,81,5,1,2,113
1484,82,5,1,2,80
1485,83,5,1,2,57
1486,84,5,1,2,129
1487,85,5,1,2,233
1488,86,5,1,2,60
1489,87,6,1,2,160
1490,88,6,1,2,118
1491,89,6,1,2,161
1492,90,6,1,2,200
1493,91,6,1,2,178
1494,92,6,1,2,121
1495,93,6,1,2,131
1496,94,6,1,2,153
1497,95,6,1,2,103
1498,96,6,1,2,185
1499,97,6,1,2,107
1500,98,6,1,2,114
1501,99,7,1,2,44
1502,100,7,1,2,128
1503,101,7,1,2,41
1504,102,7,1,2,67
1505,103,7,1,2,134
1506,104,7,1,2,58
1507,105,7,1,2,165
1508,106,7,1,2,34
1509,107,7,1,2,40
1510,108,7,1,2,57
1511,109,7,1,2,111
1512,110,7,1,2,30
1513,111,7,1,2,31
1514,112,7,1,2,64
1515,113,7,1,2,58
1516,114,7,1,2,65
1517,115,7,1,2,100
1518,116,7,1,2,98
1519,117,7,1,2,68
1520,118,7,1,2,83
1521,119,7,1,2,80
1522,120,7,1,2,105
1523,121,7,1,2,92
1524,122,7,1,2,81
1525,123,7,1,2,78
1526,124,7,1,2,241
1580,178,9,1,2,120
1581,179,9,1,2,92
1582,180,9,1,2,107
1583,181,10,1,2,110
1584,182,10,1,2,152
1585,183,10,1,2,105
1586,184,10,1,2,95
1587,185,10,1,2,78
1588,186,10,1,2,103
1589,187,10,1,2,183
1590,188,10,1,2,230
1591,189,10,1,2,127
1592,190,10,1,2,109
1593,191,10,1,2,226
1594,192,10,1,2,110
1595,193,10,1,2,122
1596,194,10,1,2,97
1597,195,10,1,2,87
1598,196,10,1,2,160
1599,197,10,1,2,211
1600,198,10,1,2,122
1728,326,12,1,2,101
1729,327,12,1,2,116
1730,328,12,1,2,65
1731,329,12,1,2,118
1830,425,14,1,2,132
1831,426,14,1,2,109
1832,427,14,1,2,91
1833,428,15,1,2,107
1834,429,15,1,2,105
1835,430,15,1,2,90
1836,431,15,1,2,95
1837,432,15,1,2,123
1838,433,15,1,2,100
1839,434,15,1,2,78
1840,435,15,1,2,81
1841,436,15,1,2,79
2014,607,18,1,2,111
2015,608,18,1,2,152
2016,609,18,1,2,67
2017,610,18,1,2,49
2018,611,18,1,2,70
2019,612,18,1,2,62
2020,613,18,1,2,43
2021,614,18,1,2,70
2022,615,18,1,2,99
2023,616,18,1,2,206
2024,617,18,1,2,174
2025,618,18,1,2,68
2026,619,18,1,2,73
2027,620,18,1,2,67
2028,621,19,1,2,146
2029,622,19,1,2,114
2030,623,19,1,2,75
2031,624,19,1,2,112
2032,625,19,1,2,111
2033,626,19,1,2,90
2034,627,19,1,2,69
2035,628,20,1,2,109
2036,629,20,1,2,124
2037,630,20,1,2,97
2038,631,20,1,2,138
2039,632,20,1,2,104
2040,633,20,1,2,85
2041,634,20,1,2,84
2042,635,20,1,2,125
2043,636,20,1,2,109
2044,637,20,1,2,66
2045,638,20,1,2,123
2046,639,20,1,2,148
2047,640,20,1,2,104
2048,641,20,1,2,107
2049,642,20,1,2,63
2050,643,20,1,2,88
2051,644,20,1,2,150
2052,645,20,1,2,97
2053,646,20,1,2,90
2054,647,21,1,2,119
2055,648,21,1,2,95
2056,649,21,1,2,176
2057,650,21,1,2,106
2058,651,21,1,2,88
2059,652,22,1,2,118
2060,653,22,1,2,24
2061,654,22,1,2,57
2062,655,22,1,2,29
2063,656,22,1,2,23
2064,657,22,1,2,116
2065,658,22,1,2,138
2066,659,22,1,2,123
2067,660,22,1,2,171
2068,661,22,1,2,27
2069,662,22,1,2,46
2070,663,22,1,2,124
2071,664,22,1,2,83
2072,665,22,1,2,200
2073,666,22,1,2,43
2222,815,25,1,2,101
2223,816,25,1,2,143
2224,817,25,1,2,97
2225,818,25,1,2,98
2226,819,25,1,2,98
2227,820,25,1,2,109
2228,821,25,1,2,96
2229,822,25,1,2,129
2230,823,25,1,2,114
2231,824,25,1,2,112
2232,825,25,1,2,125
2233,826,25,1,2,77
2234,827,25,1,2,110
2235,828,25,1,2,154
2236,829,25,1,2,85
2237,830,25,1,2,89
2238,831,25,1,2,93
2239,832,25,1,2,109
2240,833,25,1,2,105
2241,834,25,1,2,95
2242,835,25,1,2,94
2243,836,25,1,2,86
2244,837,25,1,2,102
2245,838,26,1,2,133
2246,839,26,1,2,130
2247,840,26,1,2,108
2248,841,26,1,2,96
2249,842,26,1,2,125
2250,843,26,1,2,87
2251,844,27,1,2,93
2252,845,28,1,2,142
2253,846,28,1,2,120
2254,847,28,1,2,107
2255,848,28,1,2,102
2350,939,30,1,2,105
2398,987,32,1,2,72
2399,988,32,1,2,100
2400,989,32,1,2,91
2401,990,32,1,2,105
2402,991,33,1,2,117
2403,992,33,1,2,118
2404,993,33,1,2,116
2405,994,33,1,2,114
2406,995,33,1,2,117
2407,996,33,1,2,101
2408,997,33,1,2,129
2409,998,33,1,2,117
2410,69,33,1,2,136
2411,999,33,1,2,108
2412,1000,33,1,2,231
2413,1001,33,1,2,247
2414,1002,33,1,2,95
2415,1003,33,1,2,105
2416,1004,33,1,2,96
2417,1005,33,1,2,107
2418,558,33,1,2,78
2419,1006,33,1,2,84
2420,1007,33,1,2,94
2421,1008,33,1,2,88
2422,1009,33,1,2,99
2491,1078,35,1,2,108
2492,1079,35,1,2,85
2493,1080,35,1,2,116
2494,1081,35,1,2,110
2495,1082,35,1,2,112
2496,1083,35,1,2,125
2497,1084,35,1,2,123
2498,1085,35,1,2,88
2499,1086,35,1,2,105
2500,1087,35,1,2,92
2501,1088,35,1,2,111
2502,1089,35,1,2,68
2503,1090,35,1,2,88
2504,1091,35,1,2,114
2505,1092,35,1,2,101
2506,1093,35,1,2,126
2542,1129,37,1,2,138
2543,1130,37,1,2,298
2544,1131,37,1,2,180
2545,1132,37,1,2,85
2546,1133,37,1,2,80
2547,1134,37,1,2,84
2548,1135,37,1,2,92
2549,1136,37,1,2,84
2550,1137,38,1,2,125
2551,1138,38,1,2,96
2552,1139,39,1,2,115
2553,1140,39,1,2,79
2554,1141,39,1,2,96
2555,1142,39,1,2,126
2556,1143,39,1,2,110
2557,1144,39,1,2,76
2558,1145,39,1,2,121
2559,1146,39,1,2,109
2560,1147,39,1,2,86
2561,1148,39,1,2,98
2562,1149,39,1,2,77
2563,1150,39,1,2,119
2564,1151,39,1,2,76
2565,1152,39,1,2,98
2566,1153,40,1,2,100
2567,1154,40,1,2,86
2568,1155,40,1,2,125
2569,1156,40,1,2,89
2570,1157,40,1,2,84
2571,1158,40,1,2,70
2572,1159,40,1,2,82
2573,1160,40,1,2,80
2574,1161,40,1,2,91
2575,1162,40,1,2,90
2576,1163,40,1,2,74
2577,1164,40,1,2,115
2578,1165,40,1,2,92
2579,1166,40,1,2,67
2580,1167,40,1,2,92
2581,1168,40,1,2,85
2582,1169,40,1,2,93
2583,1170,40,1,2,73
2584,1171,40,1,2,62
2585,1172,40,1,2,80
2586,1173,40,1,2,128
2587,1174,40,1,2,80
2588,1175,40,1,2,55
2589,1176,40,1,2,96
2590,1177,40,1,2,84
2591,1178,40,1,2,54
28390,1,1,1,2,98
28391,3,1,1,2,105
28392,4,1,1,2,100
28393,5,1,1,2,105
28394,7,1,1,2,95
28395,8,1,1,2,94
28396,9,1,1,2,118
28397,10,1,1,2,103
28398,11,1,1,2,120
28399,12,1,1,2,104
28400,13,1,1,2,103
28401,14,1,1,2,111
28402,15,1,1,2,124
28403,16,1,1,2,98
28404,17,1,1,2,106
28405,18,1,1,2,104
28406,19,1,1,2,115
28407,20,1,1,2,93
28408,21,2,1,2,118
28409,22,2,1,2,93
28410,23,2,1,2,96
28411,24,2,1,2,90
28412,25,2,1,2,95
28413,26,2,1,2,92
28414,1389,3,1,2,100
28415,29,3,1,2,112
28416,30,3,1,2,113
28417,31,3,1,2,71
28418,32,3,1,2,72
28419,33,3,1,2,102
28420,34,3,1,2,76
28421,35,3,1,2,78
28422,36,3,1,2,111
28423,37,3,1,2,95
28424,38,3,1,2,117
28425,39,3,1,2,99
28426,40,3,1,2,74
28427,41,3,1,2,72
28428,42,4,1,2,107
28429,44,4,1,2,151
28430,45,4,1,2,76
28431,46,4,1,2,106
28432,47,4,1,2,92
28433,48,4,1,2,136
28434,49,4,1,2,77
28435,50,4,1,2,78
28436,51,4,1,2,113
28437,52,4,1,2,95
28438,53,4,1,2,66
28439,54,4,1,2,105
28440,55,4,1,2,109
28441,56,4,1,2,110
28442,57,4,1,2,108
28443,58,4,1,2,163
28444,59,4,1,2,115
28445,60,5,1,2,123
28446,62,5,1,2,117
28447,63,5,1,2,103
28448,64,5,1,2,111
28449,65,5,1,2,71
28450,66,5,1,2,87
28451,67,5,1,2,165
28452,68,5,1,2,42
28453,69,5,1,2,68
28454,70,5,1,2,62
28455,71,5,1,2,79
28456,72,5,1,2,181
28457,73,5,1,2,63
28458,74,5,1,2,142
28459,75,5,1,2,35
28460,76,5,1,2,137
28461,77,5,1,2,45
28462,78,5,1,2,193
28463,79,5,1,2,226
28464,80,5,1,2,33
28465,81,5,1,2,111
28466,82,5,1,2,64
28467,83,5,1,2,47
28468,84,5,1,2,98
28469,85,5,1,2,150
28470,86,5,1,2,60
28471,87,6,1,2,114
28472,89,6,1,2,124
28473,91,6,1,2,151
28474,92,6,1,2,97
28475,93,6,1,2,104
28476,94,6,1,2,130
28477,95,6,1,2,80
28478,96,6,1,2,152
28479,97,6,1,2,96
28480,98,6,1,2,90
28481,99,7,1,2,44
28482,100,7,1,2,128
28483,101,7,1,2,41
28484,102,7,1,2,67
28485,103,7,1,2,134
28486,104,7,1,2,58
28487,105,7,1,2,165
28488,106,7,1,2,34
28489,107,7,1,2,62
28490,108,7,1,2,56
28491,109,7,1,2,112
28492,110,7,1,2,27
28493,111,7,1,2,31
28494,112,7,1,2,81
28495,113,7,1,2,58
28496,114,7,1,2,73
28497,115,7,1,2,99
28498,116,7,1,2,98
28499,117,7,1,2,68
28500,118,7,1,2,83
28501,119,7,1,2,80
28502,120,7,1,2,104
28503,121,7,1,2,92
28504,122,7,1,2,81
28505,123,7,1,2,78
28506,124,7,1,2,241
28560,178,9,1,2,110
28561,179,9,1,2,86
28562,180,9,1,2,104
28563,181,10,1,2,106
28564,183,10,1,2,96
28565,184,10,1,2,90
28566,187,10,1,2,154
28567,1390,10,1,2,196
28568,189,10,1,2,102
28569,190,10,1,2,102
28570,191,10,1,2,186
28571,192,10,1,2,99
28572,193,10,1,2,97
28573,194,10,1,2,84
28574,195,10,1,2,66
28575,196,10,1,2,122
28576,197,10,1,2,169
28577,198,10,1,2,109
28676,326,12,1,2,96
28677,327,12,1,2,125
28678,328,12,1,2,74
28679,329,12,1,2,111
28761,425,14,1,2,116
28762,426,14,1,2,98
28763,427,14,1,2,91
28764,428,15,1,2,95
28765,431,15,1,2,84
28766,432,15,1,2,112
28767,433,15,1,2,145
28768,434,15,1,2,74
28769,435,15,1,2,82
28770,436,15,1,2,76
28929,607,18,1,2,108
28930,608,18,1,2,135
28931,609,18,1,2,69
28932,610,18,1,2,75
28933,611,18,1,2,66
28934,612,18,1,2,63
28935,613,18,1,2,59
28936,614,18,1,2,67
28937,615,18,1,2,94
28938,616,18,1,2,184
28939,617,18,1,2,166
28940,618,18,1,2,70
28941,619,18,1,2,73
28942,620,18,1,2,89
28943,621,19,1,2,128
28944,622,19,1,2,90
28945,623,19,1,2,69
28946,624,19,1,2,96
28947,625,19,1,2,83
28948,626,19,1,2,74
28949,627,19,1,2,65
28950,628,20,1,2,117
28951,629,20,1,2,118
28952,630,20,1,2,79
28953,631,20,1,2,125
28954,632,20,1,2,106
28955,633,20,1,2,84
28956,1396,20,1,2,75
28957,635,20,1,2,128
28958,636,20,1,2,102
28959,637,20,1,2,65
28960,638,20,1,2,106
28961,639,20,1,2,142
28962,640,20,1,2,69
28963,641,20,1,2,84
28964,642,20,1,2,53
28965,643,20,1,2,91
28966,644,20,1,2,101
28967,645,20,1,2,94
28968,646,20,1,2,89
28969,647,21,1,2,119
28970,648,21,1,2,84
28971,649,21,1,2,113
28972,650,21,1,2,82
28973,651,21,1,2,85
28974,652,22,1,2,117
28975,653,22,1,2,28
28976,654,22,1,2,52
28977,655,22,1,2,28
28978,1397,22,1,2,87
28979,657,22,1,2,105
28980,658,22,1,2,137
28981,659,22,1,2,115
28982,660,22,1,2,156
28983,661,22,1,2,30
28984,662,22,1,2,41
28985,663,22,1,2,121
28986,664,22,1,2,78
28987,1398,22,1,2,134
28988,666,22,1,2,44
29132,815,25,1,2,101
29133,817,25,1,2,97
29134,818,25,1,2,98
29135,819,25,1,2,97
29136,820,25,1,2,109
29137,821,25,1,2,93
29138,822,25,1,2,129
29139,823,25,1,2,114
29140,824,25,1,2,109
29141,825,25,1,2,125
29142,826,25,1,2,77
29143,827,25,1,2,110
29144,828,25,1,2,135
29145,829,25,1,2,85
29146,830,25,1,2,89
29147,831,25,1,2,93
29148,832,25,1,2,109
29149,833,25,1,2,105
29150,834,25,1,2,95
29151,835,25,1,2,94
29152,836,25,1,2,86
29153,837,25,1,2,102
29154,838,26,1,2,118
29155,839,26,1,2,116
29156,840,26,1,2,94
29157,841,26,1,2,96
29158,842,26,1,2,125
29159,843,26,1,2,87
29160,844,27,1,2,101
29161,1399,28,1,2,116
29162,1400,28,1,2,106
29163,847,28,1,2,80
29164,848,28,1,2,88
29257,1401,30,1,2,102
29293,987,32,1,2,87
29294,988,32,1,2,112
29295,989,32,1,2,97
29296,990,32,1,2,115
29297,991,33,1,2,111
29298,994,33,1,2,109
29299,998,33,1,2,114
29300,69,33,1,2,120
29301,999,33,1,2,98
29302,1000,33,1,2,214
29303,1002,33,1,2,82
29304,1003,33,1,2,87
29305,1004,33,1,2,78
29306,1005,33,1,2,79
29307,558,33,1,2,72
29308,1007,33,1,2,83
29309,1008,33,1,2,87
29310,1009,33,1,2,90
29369,1078,35,1,2,108
29370,1082,35,1,2,113
29371,1084,35,1,2,118
29372,1085,35,1,2,85
29373,1086,35,1,2,101
29374,1087,35,1,2,91
29375,1088,35,1,2,110
29376,1089,35,1,2,61
29377,1090,35,1,2,89
29378,1091,35,1,2,114
29379,1092,35,1,2,101
29380,1093,35,1,2,128
29416,1129,37,1,2,117
29417,1130,37,1,2,245
29418,1131,37,1,2,156
29419,1132,37,1,2,80
29420,1133,37,1,2,66
29421,1134,37,1,2,66
29422,1135,37,1,2,76
29423,1136,37,1,2,62
29424,1402,38,1,2,117
29425,1403,38,1,2,83
29426,1139,39,1,2,112
29427,1141,39,1,2,102
29428,1142,39,1,2,119
29429,1144,39,1,2,82
29430,1145,39,1,2,114
29431,1146,39,1,2,102
29432,1147,39,1,2,85
29433,1148,39,1,2,101
29434,1149,39,1,2,87
29435,1150,39,1,2,114
29436,1151,39,1,2,74
29437,1152,39,1,2,98
29438,1153,40,1,2,100
29439,1154,40,1,2,86
29440,1155,40,1,2,125
29441,1156,40,1,2,89
29442,1157,40,1,2,84
29443,1158,40,1,2,70
29444,1159,40,1,2,82
29445,1160,40,1,2,80
29446,1161,40,1,2,91
29447,1162,40,1,2,90
29448,1163,40,1,2,74
29449,1164,40,1,2,115
29450,1165,40,1,2,92
29451,1166,40,1,2,67
29452,1167,40,1,2,92
29453,1168,40,1,2,85
29454,1169,40,1,2,93
29455,1170,40,1,2,73
29456,1171,40,1,2,62
29457,1172,40,1,2,80
29458,1173,40,1,2,128
29459,1174,40,1,2,80
29460,1175,40,1,2,55
29461,1176,40,1,2,96
29462,1177,40,1,2,84
29463,1178,40,1,2,54
1,1,1,1,1,107
2,2,1,1,1,99
5,3,1,1,1,108
6,4,1,1,1,110
7,5,1,1,1,94
8,6,1,1,1,81
9,7,1,1,1,98
10,8,1,1,1,109
11,9,1,1,1,94
12,10,1,1,1,95
13,11,1,1,1,104
14,12,1,1,1,91
15,13,1,1,1,91
16,14,1,1,1,104
17,15,1,1,1,179
18,16,1,1,1,89
19,17,1,1,1,108
20,18,1,1,1,107
21,19,1,1,1,153
22,20,1,1,1,89
23,21,2,1,1,148
24,22,2,1,1,116
25,23,2,1,1,137
26,24,2,1,1,77
27,25,2,1,1,138
28,26,2,1,1,121
29,27,3,1,1,86
30,28,3,1,1,108
31,29,3,1,1,112
32,30,3,1,1,117
33,31,3,1,1,82
34,32,3,1,1,81
35,33,3,1,1,95
36,34,3,1,1,76
37,35,3,1,1,82
38,36,3,1,1,106
39,37,3,1,1,96
40,38,3,1,1,111
41,39,3,1,1,73
42,40,3,1,1,77
43,41,3,1,1,81
44,42,4,1,1,120
45,43,4,1,1,131
46,44,4,1,1,146
47,45,4,1,1,85
48,46,4,1,1,98
49,47,4,1,1,104
50,48,4,1,1,115
51,49,4,1,1,76
52,50,4,1,1,89
53,51,4,1,1,104
54,52,4,1,1,96
55,53,4,1,1,90
56,54,4,1,1,85
57,55,4,1,1,89
58,56,4,1,1,84
59,57,4,1,1,118
60,58,4,1,1,130
61,59,4,1,1,102
62,60,5,1,1,129
63,61,5,1,1,121
64,62,5,1,1,91
65,63,5,1,1,116
66,64,5,1,1,99
67,65,5,1,1,137
68,66,5,1,1,122
69,67,5,1,1,103
70,68,5,1,1,112
71,69,5,1,1,91
72,69,33,1,1,123
73,70,5,1,1,126
75,71,5,1,1,122
76,72,5,1,1,118
77,73,5,1,1,119
79,74,5,1,1,89
80,75,5,1,1,95
81,76,5,1,1,98
82,77,5,1,1,56
83,78,5,1,1,108
84,79,5,1,1,125
85,80,5,1,1,55
86,81,5,1,1,117
87,82,5,1,1,117
88,83,5,1,1,129
89,84,5,1,1,139
90,85,5,1,1,97
92,86,5,1,1,69
93,87,6,1,1,118
94,88,6,1,1,115
95,89,6,1,1,123
96,90,6,1,1,143
97,91,6,1,1,122
98,92,6,1,1,109
99,93,6,1,1,121
100,94,6,1,1,125
101,95,6,1,1,94
102,96,6,1,1,122
103,97,6,1,1,107
104,98,6,1,1,96
105,99,7,1,1,92
106,100,7,1,1,128
107,101,7,1,1,117
108,102,7,1,1,123
109,103,7,1,1,119
110,104,7,1,1,85
111,105,7,1,1,90
112,106,7,1,1,92
113,107,7,1,1,72
114,108,7,1,1,101
115,109,7,1,1,116
116,110,7,1,1,66
118,111,7,1,1,63
119,112,7,1,1,93
120,113,7,1,1,69
122,114,7,1,1,78
123,115,7,1,1,83
124,116,7,1,1,74
126,117,7,1,1,67
127,118,7,1,1,76
128,119,7,1,1,60
129,120,7,1,1,78
130,121,7,1,1,73
131,122,7,1,1,67
132,123,7,1,1,68
133,124,7,1,1,128
188,178,9,1,1,155
189,179,9,1,1,133
190,180,9,1,1,141
191,181,10,1,1,143
192,182,10,1,1,158
193,183,10,1,1,155
194,184,10,1,1,117
195,185,10,1,1,96
196,186,10,1,1,140
197,187,10,1,1,142
198,188,10,1,1,159
199,189,10,1,1,96
200,190,10,1,1,107
201,191,10,1,1,118
202,192,10,1,1,96
203,193,10,1,1,105
204,194,10,1,1,125
205,195,10,1,1,65
206,196,10,1,1,91
207,197,10,1,1,184
208,198,10,1,1,134
336,326,12,1,1,114
337,327,12,1,1,113
338,328,12,1,1,89
339,329,12,1,1,104
438,425,14,1,1,132
439,426,14,1,1,92
440,427,14,1,1,64
441,428,15,1,1,129
442,429,15,1,1,119
443,430,15,1,1,112
444,431,15,1,1,91
445,432,15,1,1,108
446,433,15,1,1,122
447,434,15,1,1,137
448,435,15,1,1,127
449,436,15,1,1,83
573,558,33,1,1,87
623,607,18,1,1,122
624,608,18,1,1,97
625,609,18,1,1,86
626,610,18,1,1,57
627,611,18,1,1,93
628,612,18,1,1,77
629,613,18,1,1,49
630,614,18,1,1,85
631,615,18,1,1,113
632,616,18,1,1,112
633,617,18,1,1,99
634,618,18,1,1,90
635,619,18,1,1,114
636,620,18,1,1,97
637,621,19,1,1,148
638,622,19,1,1,114
639,623,19,1,1,74
640,624,19,1,1,108
641,625,19,1,1,126
642,626,19,1,1,83
643,627,19,1,1,90
644,628,20,1,1,119
645,629,20,1,1,121
646,630,20,1,1,97
647,631,20,1,1,114
648,632,20,1,1,107
649,633,20,1,1,98
650,634,20,1,1,67
651,635,20,1,1,74
652,636,20,1,1,112
653,637,20,1,1,120
654,638,20,1,1,105
655,639,20,1,1,119
656,640,20,1,1,119
657,641,20,1,1,104
658,642,20,1,1,59
659,643,20,1,1,129
660,644,20,1,1,118
661,645,20,1,1,87
662,646,20,1,1,126
663,647,21,1,1,165
664,648,21,1,1,112
665,649,21,1,1,130
666,650,21,1,1,127
667,651,21,1,1,122
668,652,22,1,1,116
669,653,22,1,1,65
670,654,22,1,1,88
671,655,22,1,1,56
672,656,22,1,1,39
673,657,22,1,1,128
674,658,22,1,1,133
675,659,22,1,1,112
676,660,22,1,1,147
677,661,22,1,1,67
678,662,22,1,1,60
679,663,22,1,1,125
680,664,22,1,1,106
681,665,22,1,1,125
682,666,22,1,1,52
831,815,25,1,1,107
832,816,25,1,1,135
833,817,25,1,1,78
834,818,25,1,1,96
835,819,25,1,1,92
836,820,25,1,1,106
837,821,25,1,1,81
838,822,25,1,1,104
839,823,25,1,1,108
840,824,25,1,1,101
841,825,25,1,1,112
842,826,25,1,1,73
843,827,25,1,1,96
844,828,25,1,1,145
845,829,25,1,1,83
846,830,25,1,1,74
847,831,25,1,1,91
848,832,25,1,1,105
849,833,25,1,1,106
850,834,25,1,1,87
851,835,25,1,1,91
852,836,25,1,1,85
853,837,25,1,1,91
854,838,26,1,1,128
855,839,26,1,1,120
856,840,26,1,1,101
857,841,26,1,1,95
858,842,26,1,1,130
859,843,26,1,1,86
860,844,27,1,1,96
861,845,28,1,1,138
862,846,28,1,1,104
863,847,28,1,1,106
864,848,28,1,1,103
955,939,30,1,1,102
1003,987,32,1,1,105
1004,988,32,1,1,99
1005,989,32,1,1,108
1006,990,32,1,1,108
1007,991,33,1,1,116
1008,992,33,1,1,113
1009,993,33,1,1,114
1010,994,33,1,1,124
1011,995,33,1,1,124
1012,996,33,1,1,121
1013,997,33,1,1,135
1014,998,33,1,1,127
1015,999,33,1,1,107
1016,1000,33,1,1,140
1017,1001,33,1,1,163
1018,1002,33,1,1,100
1019,1003,33,1,1,105
1020,1004,33,1,1,94
1021,1005,33,1,1,103
1022,1006,33,1,1,84
1023,1007,33,1,1,89
1024,1008,33,1,1,86
1025,1009,33,1,1,98
1094,1078,35,1,1,121
1095,1079,35,1,1,107
1096,1080,35,1,1,125
1097,1081,35,1,1,126
1098,1082,35,1,1,120
1099,1083,35,1,1,121
1100,1084,35,1,1,122
1101,1085,35,1,1,91
1102,1086,35,1,1,100
1103,1087,35,1,1,98
1104,1088,35,1,1,104
1105,1089,35,1,1,67
1106,1090,35,1,1,83
1107,1091,35,1,1,99
1108,1092,35,1,1,101
1109,1093,35,1,1,121
1145,1129,37,1,1,182
1146,1130,37,1,1,155
1147,1131,37,1,1,110
1148,1132,37,1,1,74
1149,1133,37,1,1,113
1150,1134,37,1,1,127
1151,1135,37,1,1,122
1152,1136,37,1,1,93
1153,1137,38,1,1,116
1154,1138,38,1,1,124
1155,1139,39,1,1,120
1156,1140,39,1,1,83
1157,1141,39,1,1,108
1158,1142,39,1,1,112
1159,1143,39,1,1,109
1160,1144,39,1,1,87
1161,1145,39,1,1,85
1162,1146,39,1,1,113
1163,1147,39,1,1,104
1164,1148,39,1,1,108
1165,1149,39,1,1,92
1166,1150,39,1,1,109
1167,1151,39,1,1,112
1168,1152,39,1,1,104
1169,1153,40,1,1,121
1170,1154,40,1,1,105
1171,1155,40,1,1,115
1172,1156,40,1,1,105
1173,1157,40,1,1,99
1174,1158,40,1,1,106
1175,1159,40,1,1,104
1176,1160,40,1,1,120
1177,1161,40,1,1,110
1178,1162,40,1,1,96
1179,1163,40,1,1,65
1180,1164,40,1,1,114
1181,1165,40,1,1,112
1182,1166,40,1,1,82
1183,1167,40,1,1,89
1184,1168,40,1,1,105
1185,1169,40,1,1,89
1186,1170,40,1,1,98
1187,1171,40,1,1,86
1188,1172,40,1,1,106
1189,1173,40,1,1,94
1190,1174,40,1,1,110
1191,1175,40,1,1,83
1192,1176,40,1,1,105
1193,1177,40,1,1,85
1194,1178,40,1,1,92
19395,1,1,1,1,105
19396,3,1,1,1,106
19397,4,1,1,1,106
19398,5,1,1,1,93
19399,7,1,1,1,97
19400,8,1,1,1,104
19401,9,1,1,1,100
19402,10,1,1,1,91
19403,11,1,1,1,103
19404,12,1,1,1,89
19405,13,1,1,1,88
19406,14,1,1,1,99
19407,15,1,1,1,139
19408,16,1,1,1,88
19409,17,1,1,1,93
19410,18,1,1,1,90
19411,19,1,1,1,122
19412,20,1,1,1,80
19413,21,2,1,1,128
19414,22,2,1,1,92
19415,23,2,1,1,103
19416,24,2,1,1,80
19417,25,2,1,1,108
19418,26,2,1,1,85
19419,1389,3,1,1,98
19420,29,3,1,1,117
19421,30,3,1,1,118
19422,31,3,1,1,81
19423,32,3,1,1,82
19424,33,3,1,1,96
19425,34,3,1,1,71
19426,35,3,1,1,79
19427,36,3,1,1,111
19428,37,3,1,1,98
19429,38,3,1,1,114
19430,39,3,1,1,72
19431,40,3,1,1,76
19432,41,3,1,1,78
19433,42,4,1,1,118
19434,44,4,1,1,129
19435,45,4,1,1,83
19436,46,4,1,1,90
19437,47,4,1,1,103
19438,48,4,1,1,114
19439,49,4,1,1,76
19440,50,4,1,1,89
19441,51,4,1,1,104
19442,52,4,1,1,86
19443,53,4,1,1,87
19444,54,4,1,1,81
19445,55,4,1,1,89
19446,56,4,1,1,84
19447,57,4,1,1,115
19448,58,4,1,1,130
19449,59,4,1,1,102
19450,60,5,1,1,125
19451,62,5,1,1,92
19452,63,5,1,1,116
19453,64,5,1,1,90
19454,65,5,1,1,130
19455,66,5,1,1,113
19456,67,5,1,1,100
19457,68,5,1,1,98
19458,69,5,1,1,88
19459,70,5,1,1,113
19460,71,5,1,1,114
19461,72,5,1,1,116
19462,73,5,1,1,126
19463,74,5,1,1,81
19464,75,5,1,1,87
19465,76,5,1,1,84
19466,77,5,1,1,59
19467,78,5,1,1,95
19468,79,5,1,1,131
19469,80,5,1,1,55
19470,81,5,1,1,118
19471,82,5,1,1,91
19472,83,5,1,1,102
19473,84,5,1,1,117
19474,85,5,1,1,69
19475,86,5,1,1,69
19476,87,6,1,1,104
19477,89,6,1,1,117
19478,91,6,1,1,110
19479,92,6,1,1,102
19480,93,6,1,1,110
19481,94,6,1,1,116
19482,95,6,1,1,85
19483,96,6,1,1,112
19484,97,6,1,1,102
19485,98,6,1,1,93
19486,99,7,1,1,92
19487,100,7,1,1,128
19488,101,7,1,1,117
19489,102,7,1,1,123
19490,103,7,1,1,119
19491,104,7,1,1,84
19492,105,7,1,1,90
19493,106,7,1,1,92
19494,107,7,1,1,84
19495,108,7,1,1,101
19496,109,7,1,1,113
19497,110,7,1,1,55
19498,111,7,1,1,63
19499,112,7,1,1,91
19500,113,7,1,1,69
19501,114,7,1,1,78
19502,115,7,1,1,82
19503,116,7,1,1,74
19504,117,7,1,1,66
19505,118,7,1,1,71
19506,119,7,1,1,60
19507,120,7,1,1,76
19508,121,7,1,1,73
19509,122,7,1,1,67
19510,123,7,1,1,68
19511,124,7,1,1,128
19565,178,9,1,1,144
19566,179,9,1,1,112
19567,180,9,1,1,123
19568,181,10,1,1,121
19569,183,10,1,1,122
19570,184,10,1,1,95
19571,187,10,1,1,109
19572,1390,10,1,1,136
19573,189,10,1,1,81
19574,190,10,1,1,95
19575,191,10,1,1,99
19576,192,10,1,1,85
19577,193,10,1,1,87
19578,194,10,1,1,106
19579,195,10,1,1,90
19580,196,10,1,1,77
19581,197,10,1,1,166
19582,198,10,1,1,113
19681,326,12,1,1,108
19682,327,12,1,1,117
19683,328,12,1,1,85
19684,329,12,1,1,98
19766,425,14,1,1,117
19767,426,14,1,1,83
19768,427,14,1,1,64
19769,428,15,1,1,112
19770,431,15,1,1,84
19771,432,15,1,1,107
19772,433,15,1,1,126
19773,434,15,1,1,115
19774,435,15,1,1,117
19775,436,15,1,1,78
19934,607,18,1,1,120
19935,608,18,1,1,95
19936,609,18,1,1,87
19937,610,18,1,1,70
19938,611,18,1,1,87
19939,612,18,1,1,76
19940,613,18,1,1,66
19941,614,18,1,1,80
19942,615,18,1,1,104
19943,616,18,1,1,107
19944,617,18,1,1,91
19945,618,18,1,1,90
19946,619,18,1,1,105
19947,620,18,1,1,89
19948,621,19,1,1,130
19949,622,19,1,1,91
19950,623,19,1,1,72
19951,624,19,1,1,96
19952,625,19,1,1,96
19953,626,19,1,1,73
19954,627,19,1,1,79
19955,628,20,1,1,117
19956,629,20,1,1,114
19957,630,20,1,1,85
19958,631,20,1,1,104
19959,632,20,1,1,103
19960,633,20,1,1,94
19961,1396,20,1,1,63
19962,635,20,1,1,77
19963,636,20,1,1,109
19964,637,20,1,1,95
19965,638,20,1,1,94
19966,639,20,1,1,107
19967,640,20,1,1,101
19968,641,20,1,1,92
19969,642,20,1,1,56
19970,643,20,1,1,118
19971,644,20,1,1,99
19972,645,20,1,1,83
19973,646,20,1,1,103
19974,647,21,1,1,140
19975,648,21,1,1,77
19976,649,21,1,1,88
19977,650,21,1,1,78
19978,651,21,1,1,105
19979,652,22,1,1,115
19980,653,22,1,1,63
19981,654,22,1,1,83
19982,655,22,1,1,60
19983,1397,22,1,1,45
19984,657,22,1,1,121
19985,658,22,1,1,133
19986,659,22,1,1,108
19987,660,22,1,1,138
19988,661,22,1,1,66
19989,662,22,1,1,60
19990,663,22,1,1,123
19991,664,22,1,1,99
19992,1398,22,1,1,99
19993,666,22,1,1,51
20137,815,25,1,1,107
20138,817,25,1,1,78
20139,818,25,1,1,96
20140,819,25,1,1,92
20141,820,25,1,1,106
20142,821,25,1,1,78
20143,822,25,1,1,104
20144,823,25,1,1,108
20145,824,25,1,1,99
20146,825,25,1,1,112
20147,826,25,1,1,73
20148,827,25,1,1,96
20149,828,25,1,1,124
20150,829,25,1,1,83
20151,830,25,1,1,74
20152,831,25,1,1,91
20153,832,25,1,1,105
20154,833,25,1,1,106
20155,834,25,1,1,87
20156,835,25,1,1,91
20157,836,25,1,1,85
20158,837,25,1,1,91
20159,838,26,1,1,115
20160,839,26,1,1,110
20161,840,26,1,1,91
20162,841,26,1,1,95
20163,842,26,1,1,130
20164,843,26,1,1,86
20165,844,27,1,1,100
20166,1399,28,1,1,115
20167,1400,28,1,1,93
20168,847,28,1,1,81
20169,848,28,1,1,91
20262,1401,30,1,1,101
20298,987,32,1,1,108
20299,988,32,1,1,102
20300,989,32,1,1,107
20301,990,32,1,1,109
20302,991,33,1,1,110
20303,994,33,1,1,117
20304,998,33,1,1,124
20305,69,33,1,1,110
20306,999,33,1,1,99
20307,1000,33,1,1,133
20308,1002,33,1,1,87
20309,1003,33,1,1,88
20310,1004,33,1,1,79
20311,1005,33,1,1,81
20312,558,33,1,1,75
20313,1007,33,1,1,79
20314,1008,33,1,1,84
20315,1009,33,1,1,88
20374,1078,35,1,1,119
20375,1082,35,1,1,120
20376,1084,35,1,1,114
20377,1085,35,1,1,87
20378,1086,35,1,1,92
20379,1087,35,1,1,99
20380,1088,35,1,1,99
20381,1089,35,1,1,61
20382,1090,35,1,1,84
20383,1091,35,1,1,99
20384,1092,35,1,1,101
20385,1093,35,1,1,121
20421,1129,37,1,1,147
20422,1130,37,1,1,133
20423,1131,37,1,1,94
20424,1132,37,1,1,70
20425,1133,37,1,1,88
20426,1134,37,1,1,92
20427,1135,37,1,1,99
20428,1136,37,1,1,73
20429,1402,38,1,1,108
20430,1403,38,1,1,106
20431,1139,39,1,1,116
20432,1141,39,1,1,106
20433,1142,39,1,1,109
20434,1144,39,1,1,87
20435,1145,39,1,1,80
20436,1146,39,1,1,107
20437,1147,39,1,1,98
20438,1148,39,1,1,105
20439,1149,39,1,1,96
20440,1150,39,1,1,108
20441,1151,39,1,1,97
20442,1152,39,1,1,104
20443,1153,40,1,1,121
20444,1154,40,1,1,105
20445,1155,40,1,1,115
20446,1156,40,1,1,105
20447,1157,40,1,1,99
20448,1158,40,1,1,106
20449,1159,40,1,1,104
20450,1160,40,1,1,120
20451,1161,40,1,1,110
20452,1162,40,1,1,96
20453,1163,40,1,1,65
20454,1164,40,1,1,114
20455,1165,40,1,1,112
20456,1166,40,1,1,82
20457,1167,40,1,1,89
20458,1168,40,1,1,105
20459,1169,40,1,1,89
20460,1170,40,1,1,98
20461,1171,40,1,1,86
20462,1172,40,1,1,106
20463,1173,40,1,1,94
20464,1174,40,1,1,110
20465,1175,40,1,1,83
20466,1176,40,1,1,105
20467,1177,40,1,1,85
20468,1178,40,1,1,92
11217,1,1,5,1,109
11218,2,1,5,1,89
11219,3,1,5,1,112
11220,4,1,5,1,112
11221,5,1,5,1,89
11222,6,1,5,1,85
11223,7,1,5,1,95
11224,8,1,5,1,95
11225,9,1,5,1,75
11226,10,1,5,1,78
11227,11,1,5,1,94
11228,12,1,5,1,73
11229,13,1,5,1,88
11230,14,1,5,1,96
11231,15,1,5,1,137
11232,16,1,5,1,93
11233,17,1,5,1,99
11234,18,1,5,1,93
11235,19,1,5,1,135
11236,20,1,5,1,65
11237,21,2,5,1,158
11238,22,2,5,1,124
11239,23,2,5,1,93
11240,24,2,5,1,71
11241,25,2,5,1,139
11242,26,2,5,1,130
11243,27,3,5,1,107
11244,28,3,5,1,99
11245,29,3,5,1,121
11246,30,3,5,1,115
11247,31,3,5,1,115
11248,32,3,5,1,112
11249,33,3,5,1,100
11250,34,3,5,1,117
11251,35,3,5,1,109
11252,36,3,5,1,104
11253,37,3,5,1,111
11254,38,3,5,1,99
11255,39,3,5,1,80
11256,40,3,5,1,97
11257,41,3,5,1,95
11258,42,4,5,1,130
11259,43,4,5,1,138
11260,44,4,5,1,136
11261,45,4,5,1,110
11262,46,4,5,1,104
11263,47,4,5,1,121
11264,48,4,5,1,77
11265,49,4,5,1,94
11266,50,4,5,1,101
11267,51,4,5,1,119
11268,52,4,5,1,97
11269,53,4,5,1,83
11270,54,4,5,1,116
11271,55,4,5,1,79
11272,56,4,5,1,79
11273,57,4,5,1,117
11274,58,4,5,1,88
11275,59,4,5,1,97
11276,60,5,5,1,124
11277,61,5,5,1,125
11278,62,5,5,1,93
11279,63,5,5,1,116
11280,64,5,5,1,116
11281,65,5,5,1,120
11282,66,5,5,1,116
11283,67,5,5,1,99
11284,68,5,5,1,114
11285,69,5,5,1,117
11286,70,5,5,1,122
11287,71,5,5,1,127
11288,72,5,5,1,111
11289,73,5,5,1,112
11290,74,5,5,1,114
11291,75,5,5,1,101
11292,76,5,5,1,91
11293,77,5,5,1,87
11294,78,5,5,1,99
11295,79,5,5,1,123
11296,80,5,5,1,69
11297,81,5,5,1,118
11298,82,5,5,1,124
11299,83,5,5,1,107
11300,84,5,5,1,134
11301,85,5,5,1,107
11302,86,5,5,1,85
11303,87,6,5,1,121
11304,88,6,5,1,114
11305,89,6,5,1,117
11306,90,6,5,1,131
11307,91,6,5,1,121
11308,92,6,5,1,106
11309,93,6,5,1,115
11310,94,6,5,1,124
11311,95,6,5,1,101
11312,96,6,5,1,130
11313,97,6,5,1,111
11314,98,6,5,1,109
11315,99,7,5,1,95
11316,100,7,5,1,98
11317,101,7,5,1,102
11318,102,7,5,1,96
11319,103,7,5,1,90
11320,104,7,5,1,96
11321,105,7,5,1,82
11322,106,7,5,1,98
11323,107,7,5,1,97
11324,108,7,5,1,101
11325,109,7,5,1,109
11326,110,7,5,1,90
11327,111,7,5,1,86
11328,112,7,5,1,101
11329,113,7,5,1,93
11330,114,7,5,1,90
11331,115,7,5,1,107
11332,116,7,5,1,89
11333,117,7,5,1,98
11334,118,7,5,1,102
11335,119,7,5,1,84
11336,120,7,5,1,103
11337,121,7,5,1,95
11338,122,7,5,1,108
11339,123,7,5,1,98
11340,124,7,5,1,101
11394,178,9,5,1,154
11395,179,9,5,1,131
11396,180,9,5,1,156
11397,181,10,5,1,148
11398,182,10,5,1,107
11399,183,10,5,1,144
11400,184,10,5,1,126
11401,185,10,5,1,130
11402,186,10,5,1,116
11403,187,10,5,1,143
11404,188,10,5,1,170
11405,189,10,5,1,133
11406,190,10,5,1,113
11407,191,10,5,1,187
11408,192,10,5,1,95
11409,193,10,5,1,110
11410,194,10,5,1,105
11411,195,10,5,1,92
11412,196,10,5,1,80
11413,197,10,5,1,160
11414,198,10,5,1,143
11542,326,12,5,1,110
11543,327,12,5,1,111
11544,328,12,5,1,98
11545,329,12,5,1,92
11644,425,14,5,1,116
11645,426,14,5,1,100
11646,427,14,5,1,73
11647,428,15,5,1,112
11648,429,15,5,1,116
11649,430,15,5,1,114
11650,431,15,5,1,95
11651,432,15,5,1,99
11652,433,15,5,1,118
11653,434,15,5,1,127
11654,435,15,5,1,95
11655,436,15,5,1,106
11828,607,18,5,1,131
11829,608,18,5,1,135
11830,609,18,5,1,83
11831,610,18,5,1,83
11832,611,18,5,1,113
11833,612,18,5,1,70
11834,613,18,5,1,70
11835,614,18,5,1,110
11836,615,18,5,1,83
11837,616,18,5,1,81
11838,617,18,5,1,105
11839,618,18,5,1,86
11840,619,18,5,1,94
11841,620,18,5,1,96
11842,621,19,5,1,163
11843,622,19,5,1,116
11844,623,19,5,1,99
11845,624,19,5,1,113
11846,625,19,5,1,140
11847,626,19,5,1,73
11848,627,19,5,1,92
11849,628,20,5,1,118
11850,629,20,5,1,110
11851,630,20,5,1,91
11852,631,20,5,1,102
11853,632,20,5,1,90
11854,633,20,5,1,91
11855,634,20,5,1,75
11856,635,20,5,1,67
11857,636,20,5,1,110
11858,637,20,5,1,113
11859,638,20,5,1,122
11860,639,20,5,1,123
11861,640,20,5,1,87
11862,641,20,5,1,87
11863,642,20,5,1,79
11864,643,20,5,1,104
11865,644,20,5,1,113
11866,645,20,5,1,96
11867,646,20,5,1,115
11868,647,21,5,1,129
11869,648,21,5,1,116
11870,649,21,5,1,118
11871,650,21,5,1,124
11872,651,21,5,1,117
11873,652,22,5,1,110
11874,653,22,5,1,109
11875,654,22,5,1,108
11876,655,22,5,1,75
11877,656,22,5,1,40
11878,657,22,5,1,100
11879,658,22,5,1,108
11880,659,22,5,1,105
11881,660,22,5,1,106
11882,661,22,5,1,91
11883,662,22,5,1,79
11884,663,22,5,1,118
11885,664,22,5,1,111
11886,665,22,5,1,107
11887,666,22,5,1,97
12036,815,25,5,1,103
12037,816,25,5,1,102
12038,817,25,5,1,89
12039,818,25,5,1,98
12040,819,25,5,1,96
12041,820,25,5,1,100
12042,821,25,5,1,100
12043,822,25,5,1,106
12044,823,25,5,1,120
12045,824,25,5,1,104
12046,825,25,5,1,97
12047,826,25,5,1,86
12048,827,25,5,1,97
12049,828,25,5,1,106
12050,829,25,5,1,82
12051,830,25,5,1,90
12052,831,25,5,1,94
12053,832,25,5,1,99
12054,833,25,5,1,91
12055,834,25,5,1,94
12056,835,25,5,1,101
12057,836,25,5,1,87
12058,837,25,5,1,82
12059,838,26,5,1,119
12060,839,26,5,1,116
12061,840,26,5,1,99
12062,841,26,5,1,101
12063,842,26,5,1,111
12064,843,26,5,1,96
12065,844,27,5,1,103
12066,845,28,5,1,143
12067,846,28,5,1,114
12068,847,28,5,1,109
12069,848,28,5,1,112
12164,939,30,5,1,97
12212,987,32,5,1,112
12213,988,32,5,1,103
12214,989,32,5,1,107
12215,990,32,5,1,99
12216,991,33,5,1,119
12217,992,33,5,1,120
12218,993,33,5,1,111
12219,994,33,5,1,119
12220,995,33,5,1,111
12221,996,33,5,1,106
12222,997,33,5,1,139
12223,998,33,5,1,118
12224,69,33,5,1,109
12225,999,33,5,1,113
12226,1000,33,5,1,112
12227,1001,33,5,1,119
12228,1002,33,5,1,99
12229,1003,33,5,1,102
12230,1004,33,5,1,99
12231,1005,33,5,1,111
12232,558,33,5,1,99
12233,1006,33,5,1,83
12234,1007,33,5,1,91
12235,1008,33,5,1,96
12236,1009,33,5,1,107
12305,1078,35,5,1,115
12306,1079,35,5,1,106
12307,1080,35,5,1,121
12308,1081,35,5,1,121
12309,1082,35,5,1,115
12310,1083,35,5,1,120
12311,1084,35,5,1,119
12312,1085,35,5,1,83
12313,1086,35,5,1,105
12314,1087,35,5,1,93
12315,1088,35,5,1,106
12316,1089,35,5,1,82
12317,1090,35,5,1,102
12318,1091,35,5,1,102
12319,1092,35,5,1,114
12320,1093,35,5,1,116
12356,1129,37,5,1,145
12357,1130,37,5,1,147
12358,1131,37,5,1,127
12359,1132,37,5,1,89
12360,1133,37,5,1,123
12361,1134,37,5,1,105
12362,1135,37,5,1,114
12363,1136,37,5,1,135
12364,1137,38,5,1,123
12365,1138,38,5,1,118
12366,1139,39,5,1,122
12367,1140,39,5,1,100
12368,1141,39,5,1,119
12369,1142,39,5,1,120
12370,1143,39,5,1,108
12371,1144,39,5,1,85
12372,1145,39,5,1,89
12373,1146,39,5,1,112
12374,1147,39,5,1,101
12375,1148,39,5,1,100
12376,1149,39,5,1,96
12377,1150,39,5,1,108
12378,1151,39,5,1,96
12379,1152,39,5,1,96
12380,1153,40,5,1,123
12381,1154,40,5,1,75
12382,1155,40,5,1,103
12383,1156,40,5,1,88
12384,1157,40,5,1,92
12385,1158,40,5,1,91
12386,1159,40,5,1,107
12387,1160,40,5,1,106
12388,1161,40,5,1,92
12389,1162,40,5,1,78
12390,1163,40,5,1,38
12391,1164,40,5,1,137
12392,1165,40,5,1,128
12393,1166,40,5,1,77
12394,1167,40,5,1,73
12395,1168,40,5,1,99
12396,1169,40,5,1,105
12397,1170,40,5,1,76
12398,1171,40,5,1,56
12399,1172,40,5,1,109
12400,1173,40,5,1,60
12401,1174,40,5,1,123
12402,1175,40,5,1,70
12403,1176,40,5,1,117
12404,1177,40,5,1,71
12405,1178,40,5,1,59
20680,1,1,5,1,108
20681,3,1,5,1,110
20682,4,1,5,1,110
20683,5,1,5,1,90
20684,7,1,5,1,94
20685,8,1,5,1,97
20686,9,1,5,1,91
20687,10,1,5,1,86
20688,11,1,5,1,100
20689,12,1,5,1,80
20690,13,1,5,1,87
20691,14,1,5,1,97
20692,15,1,5,1,113
20693,16,1,5,1,83
20694,17,1,5,1,104
20695,18,1,5,1,88
20696,19,1,5,1,120
20697,20,1,5,1,78
20698,21,2,5,1,134
20699,22,2,5,1,93
20700,23,2,5,1,78
20701,24,2,5,1,72
20702,25,2,5,1,107
20703,26,2,5,1,93
20704,1389,3,5,1,102
20705,29,3,5,1,110
20706,30,3,5,1,108
20707,31,3,5,1,102
20708,32,3,5,1,100
20709,33,3,5,1,96
20710,34,3,5,1,101
20711,35,3,5,1,102
20712,36,3,5,1,109
20713,37,3,5,1,102
20714,38,3,5,1,98
20715,39,3,5,1,81
20716,40,3,5,1,93
20717,41,3,5,1,94
20718,42,4,5,1,127
20719,44,4,5,1,122
20720,45,4,5,1,107
20721,46,4,5,1,93
20722,47,4,5,1,117
20723,48,4,5,1,76
20724,49,4,5,1,94
20725,50,4,5,1,100
20726,51,4,5,1,119
20727,52,4,5,1,89
20728,53,4,5,1,81
20729,54,4,5,1,100
20730,55,4,5,1,79
20731,56,4,5,1,79
20732,57,4,5,1,112
20733,58,4,5,1,88
20734,59,4,5,1,97
20735,60,5,5,1,121
20736,62,5,5,1,94
20737,63,5,5,1,115
20738,64,5,5,1,108
20739,65,5,5,1,113
20740,66,5,5,1,106
20741,67,5,5,1,97
20742,68,5,5,1,101
20743,69,5,5,1,111
20744,70,5,5,1,106
20745,71,5,5,1,121
20746,72,5,5,1,110
20747,73,5,5,1,114
20748,74,5,5,1,100
20749,75,5,5,1,95
20750,76,5,5,1,82
20751,77,5,5,1,89
20752,78,5,5,1,88
20753,79,5,5,1,122
20754,80,5,5,1,69
20755,81,5,5,1,117
20756,82,5,5,1,103
20757,83,5,5,1,85
20758,84,5,5,1,108
20759,85,5,5,1,69
20760,86,5,5,1,85
20761,87,6,5,1,105
20762,89,6,5,1,111
20763,91,6,5,1,110
20764,92,6,5,1,102
20765,93,6,5,1,105
20766,94,6,5,1,118
20767,95,6,5,1,88
20768,96,6,5,1,120
20769,97,6,5,1,102
20770,98,6,5,1,102
20771,99,7,5,1,95
20772,100,7,5,1,98
20773,101,7,5,1,102
20774,102,7,5,1,96
20775,103,7,5,1,90
20776,104,7,5,1,97
20777,105,7,5,1,82
20778,106,7,5,1,98
20779,107,7,5,1,94
20780,108,7,5,1,101
20781,109,7,5,1,108
20782,110,7,5,1,86
20783,111,7,5,1,86
20784,112,7,5,1,100
20785,113,7,5,1,93
20786,114,7,5,1,90
20787,115,7,5,1,103
20788,116,7,5,1,89
20789,117,7,5,1,97
20790,118,7,5,1,102
20791,119,7,5,1,84
20792,120,7,5,1,102
20793,121,7,5,1,95
20794,122,7,5,1,108
20795,123,7,5,1,98
20796,124,7,5,1,101
20850,178,9,5,1,140
20851,179,9,5,1,113
20852,180,9,5,1,138
20853,181,10,5,1,123
20854,183,10,5,1,115
20855,184,10,5,1,102
20856,187,10,5,1,111
20857,1390,10,5,1,149
20858,189,10,5,1,103
20859,190,10,5,1,95
20860,191,10,5,1,139
20861,192,10,5,1,81
20862,193,10,5,1,93
20863,194,10,5,1,90
20864,195,10,5,1,80
20865,196,10,5,1,69
20866,197,10,5,1,130
20867,198,10,5,1,119
20966,326,12,5,1,109
20967,327,12,5,1,107
20968,328,12,5,1,95
20969,329,12,5,1,90
21051,425,14,5,1,114
21052,426,14,5,1,93
21053,427,14,5,1,73
21054,428,15,5,1,111
21055,431,15,5,1,99
21056,432,15,5,1,102
21057,433,15,5,1,114
21058,434,15,5,1,116
21059,435,15,5,1,88
21060,436,15,5,1,103
21219,607,18,5,1,125
21220,608,18,5,1,127
21221,609,18,5,1,78
21222,610,18,5,1,75
21223,611,18,5,1,102
21224,612,18,5,1,64
21225,613,18,5,1,66
21226,614,18,5,1,93
21227,615,18,5,1,79
21228,616,18,5,1,72
21229,617,18,5,1,92
21230,618,18,5,1,76
21231,619,18,5,1,81
21232,620,18,5,1,75
21233,621,19,5,1,146
21234,622,19,5,1,102
21235,623,19,5,1,83
21236,624,19,5,1,97
21237,625,19,5,1,101
21238,626,19,5,1,58
21239,627,19,5,1,72
21240,628,20,5,1,112
21241,629,20,5,1,107
21242,630,20,5,1,97
21243,631,20,5,1,97
21244,632,20,5,1,92
21245,633,20,5,1,85
21246,1396,20,5,1,86
21247,635,20,5,1,72
21248,636,20,5,1,105
21249,637,20,5,1,107
21250,638,20,5,1,113
21251,639,20,5,1,109
21252,640,20,5,1,76
21253,641,20,5,1,82
21254,642,20,5,1,92
21255,643,20,5,1,105
21256,644,20,5,1,102
21257,645,20,5,1,87
21258,646,20,5,1,110
21259,647,21,5,1,118
21260,648,21,5,1,96
21261,649,21,5,1,94
21262,650,21,5,1,94
21263,651,21,5,1,108
21264,652,22,5,1,110
21265,653,22,5,1,104
21266,654,22,5,1,103
21267,655,22,5,1,80
21268,1397,22,5,1,40
21269,657,22,5,1,100
21270,658,22,5,1,108
21271,659,22,5,1,104
21272,660,22,5,1,106
21273,661,22,5,1,92
21274,662,22,5,1,83
21275,663,22,5,1,117
21276,664,22,5,1,108
21277,1398,22,5,1,100
21278,666,22,5,1,94
21422,815,25,5,1,103
21423,817,25,5,1,90
21424,818,25,5,1,98
21425,819,25,5,1,96
21426,820,25,5,1,100
21427,821,25,5,1,99
21428,822,25,5,1,106
21429,823,25,5,1,119
21430,824,25,5,1,102
21431,825,25,5,1,97
21432,826,25,5,1,86
21433,827,25,5,1,97
21434,828,25,5,1,100
21435,829,25,5,1,82
21436,830,25,5,1,90
21437,831,25,5,1,94
21438,832,25,5,1,99
21439,833,25,5,1,91
21440,834,25,5,1,94
21441,835,25,5,1,101
21442,836,25,5,1,87
21443,837,25,5,1,82
21444,838,26,5,1,113
21445,839,26,5,1,112
21446,840,26,5,1,93
21447,841,26,5,1,101
21448,842,26,5,1,111
21449,843,26,5,1,96
21450,844,27,5,1,100
21451,1399,28,5,1,116
21452,1400,28,5,1,88
21453,847,28,5,1,82
21454,848,28,5,1,93
21547,1401,30,5,1,101
21583,987,32,5,1,110
21584,988,32,5,1,102
21585,989,32,5,1,108
21586,990,32,5,1,99
21587,991,33,5,1,113
21588,994,33,5,1,113
21589,998,33,5,1,116
21590,69,33,5,1,101
21591,999,33,5,1,104
21592,1000,33,5,1,101
21593,1002,33,5,1,90
21594,1003,33,5,1,92
21595,1004,33,5,1,87
21596,1005,33,5,1,94
21597,558,33,5,1,78
21598,1007,33,5,1,82
21599,1008,33,5,1,93
21600,1009,33,5,1,86
21659,1078,35,5,1,116
21660,1082,35,5,1,115
21661,1084,35,5,1,114
21662,1085,35,5,1,88
21663,1086,35,5,1,97
21664,1087,35,5,1,94
21665,1088,35,5,1,106
21666,1089,35,5,1,77
21667,1090,35,5,1,100
21668,1091,35,5,1,102
21669,1092,35,5,1,114
21670,1093,35,5,1,115
21706,1129,37,5,1,132
21707,1130,37,5,1,137
21708,1131,37,5,1,103
21709,1132,37,5,1,88
21710,1133,37,5,1,105
21711,1134,37,5,1,104
21712,1135,37,5,1,98
21713,1136,37,5,1,109
21714,1402,38,5,1,118
21715,1403,38,5,1,104
21716,1139,39,5,1,118
21717,1141,39,5,1,113
21718,1142,39,5,1,113
21719,1144,39,5,1,82
21720,1145,39,5,1,81
21721,1146,39,5,1,103
21722,1147,39,5,1,93
21723,1148,39,5,1,92
21724,1149,39,5,1,97
21725,1150,39,5,1,105
21726,1151,39,5,1,87
21727,1152,39,5,1,96
21728,1153,40,5,1,123
21729,1154,40,5,1,75
21730,1155,40,5,1,103
21731,1156,40,5,1,88
21732,1157,40,5,1,92
21733,1158,40,5,1,91
21734,1159,40,5,1,107
21735,1160,40,5,1,106
21736,1161,40,5,1,92
21737,1162,40,5,1,78
21738,1163,40,5,1,38
21739,1164,40,5,1,137
21740,1165,40,5,1,128
21741,1166,40,5,1,77
21742,1167,40,5,1,73
21743,1168,40,5,1,99
21744,1169,40,5,1,105
21745,1170,40,5,1,76
21746,1171,40,5,1,56
21747,1172,40,5,1,109
21748,1173,40,5,1,60
21749,1174,40,5,1,123
21750,1175,40,5,1,70
21751,1176,40,5,1,117
21752,1177,40,5,1,71
21753,1178,40,5,1,59
12619,1,1,5,2,113
12620,2,1,5,2,89
12621,3,1,5,2,115
12622,4,1,5,2,110
12623,5,1,5,2,100
12624,6,1,5,2,86
12625,7,1,5,2,100
12626,8,1,5,2,119
12627,9,1,5,2,92
12628,10,1,5,2,93
12629,11,1,5,2,98
12630,12,1,5,2,103
12631,13,1,5,2,117
12632,14,1,5,2,96
12633,15,1,5,2,125
12634,16,1,5,2,123
12635,17,1,5,2,80
12636,18,1,5,2,100
12637,19,1,5,2,110
12638,20,1,5,2,83
12639,21,2,5,2,140
12640,22,2,5,2,110
12641,23,2,5,2,73
12642,24,2,5,2,84
12643,25,2,5,2,124
12644,26,2,5,2,112
12645,27,3,5,2,163
12646,28,3,5,2,102
12647,29,3,5,2,164
12648,30,3,5,2,157
12649,31,3,5,2,118
12650,32,3,5,2,142
12651,33,3,5,2,128
12652,34,3,5,2,153
12653,35,3,5,2,159
12654,36,3,5,2,138
12655,37,3,5,2,154
12656,38,3,5,2,84
12657,39,3,5,2,61
12658,40,3,5,2,95
12659,41,3,5,2,56
12660,42,4,5,2,131
12661,43,4,5,2,153
12662,44,4,5,2,143
12663,45,4,5,2,108
12664,46,4,5,2,108
12665,47,4,5,2,111
12666,48,4,5,2,88
12667,49,4,5,2,90
12668,50,4,5,2,82
12669,51,4,5,2,122
12670,52,4,5,2,96
12671,53,4,5,2,68
12672,54,4,5,2,131
12673,55,4,5,2,95
12674,56,4,5,2,74
12675,57,4,5,2,105
12676,58,4,5,2,100
12677,59,4,5,2,91
12678,60,5,5,2,117
12679,61,5,5,2,59
12680,62,5,5,2,99
12681,63,5,5,2,136
12682,64,5,5,2,122
12683,65,5,5,2,121
12684,66,5,5,2,133
12685,67,5,5,2,133
12686,68,5,5,2,89
12687,69,5,5,2,124
12688,70,5,5,2,80
12689,71,5,5,2,85
12690,72,5,5,2,120
12691,73,5,5,2,104
12692,74,5,5,2,135
12693,75,5,5,2,72
12694,76,5,5,2,105
12695,77,5,5,2,35
12696,78,5,5,2,141
12697,79,5,5,2,165
12698,80,5,5,2,65
12699,81,5,5,2,146
12700,82,5,5,2,98
12701,83,5,5,2,69
12702,84,5,5,2,141
12703,85,5,5,2,151
12704,86,5,5,2,58
12705,87,6,5,2,150
12706,88,6,5,2,89
12707,89,6,5,2,146
12708,90,6,5,2,182
12709,91,6,5,2,169
12710,92,6,5,2,121
12711,93,6,5,2,134
12712,94,6,5,2,158
12713,95,6,5,2,103
12714,96,6,5,2,186
12715,97,6,5,2,106
12716,98,6,5,2,129
12717,99,7,5,2,102
12718,100,7,5,2,98
12719,101,7,5,2,102
12720,102,7,5,2,92
12721,103,7,5,2,86
12722,104,7,5,2,88
12723,105,7,5,2,99
12724,106,7,5,2,88
12725,107,7,5,2,92
12726,108,7,5,2,90
12727,109,7,5,2,110
12728,110,7,5,2,90
12729,111,7,5,2,97
12730,112,7,5,2,84
12731,113,7,5,2,85
12732,114,7,5,2,74
12733,115,7,5,2,104
12734,116,7,5,2,77
12735,117,7,5,2,87
12736,118,7,5,2,100
12737,119,7,5,2,80
12738,120,7,5,2,106
12739,121,7,5,2,87
12740,122,7,5,2,97
12741,123,7,5,2,93
12742,124,7,5,2,84
12796,178,9,5,2,147
12797,179,9,5,2,120
12798,180,9,5,2,151
12799,181,10,5,2,132
12800,182,10,5,2,88
12801,183,10,5,2,110
12802,184,10,5,2,124
12803,185,10,5,2,133
12804,186,10,5,2,85
12805,187,10,5,2,178
12806,188,10,5,2,212
12807,189,10,5,2,162
12808,190,10,5,2,126
12809,191,10,5,2,230
12810,192,10,5,2,86
12811,193,10,5,2,107
12812,194,10,5,2,85
12813,195,10,5,2,124
12814,196,10,5,2,118
12815,197,10,5,2,162
12816,198,10,5,2,214
12944,326,12,5,2,98
12945,327,12,5,2,96
12946,328,12,5,2,89
12947,329,12,5,2,94
13046,425,14,5,2,122
13047,426,14,5,2,112
13048,427,14,5,2,101
13049,428,15,5,2,117
13050,429,15,5,2,122
13051,430,15,5,2,105
13052,431,15,5,2,105
13053,432,15,5,2,112
13054,433,15,5,2,126
13055,434,15,5,2,83
13056,435,15,5,2,80
13057,436,15,5,2,119
13230,607,18,5,2,117
13231,608,18,5,2,242
13232,609,18,5,2,57
13233,610,18,5,2,64
13234,611,18,5,2,79
13235,612,18,5,2,45
13236,613,18,5,2,56
13237,614,18,5,2,78
13238,615,18,5,2,64
13239,616,18,5,2,80
13240,617,18,5,2,165
13241,618,18,5,2,81
13242,619,18,5,2,61
13243,620,18,5,2,75
13244,621,19,5,2,160
13245,622,19,5,2,110
13246,623,19,5,2,113
13247,624,19,5,2,91
13248,625,19,5,2,110
13249,626,19,5,2,75
13250,627,19,5,2,69
13251,628,20,5,2,105
13252,629,20,5,2,120
13253,630,20,5,2,74
13254,631,20,5,2,110
13255,632,20,5,2,88
13256,633,20,5,2,66
13257,634,20,5,2,49
13258,635,20,5,2,85
13259,636,20,5,2,99
13260,637,20,5,2,71
13261,638,20,5,2,151
13262,639,20,5,2,131
13263,640,20,5,2,71
13264,641,20,5,2,63
13265,642,20,5,2,46
13266,643,20,5,2,95
13267,644,20,5,2,122
13268,645,20,5,2,95
13269,646,20,5,2,81
13270,647,21,5,2,104
13271,648,21,5,2,113
13272,649,21,5,2,131
13273,650,21,5,2,116
13274,651,21,5,2,108
13275,652,22,5,2,110
13276,653,22,5,2,107
13277,654,22,5,2,93
13278,655,22,5,2,79
13279,656,22,5,2,92
13280,657,22,5,2,79
13281,658,22,5,2,101
13282,659,22,5,2,102
13283,660,22,5,2,103
13284,661,22,5,2,84
13285,662,22,5,2,73
13286,663,22,5,2,123
13287,664,22,5,2,104
13288,665,22,5,2,107
13289,666,22,5,2,94
13438,815,25,5,2,102
13439,816,25,5,2,101
13440,817,25,5,2,89
13441,818,25,5,2,99
13442,819,25,5,2,97
13443,820,25,5,2,102
13444,821,25,5,2,94
13445,822,25,5,2,109
13446,823,25,5,2,117
13447,824,25,5,2,100
13448,825,25,5,2,102
13449,826,25,5,2,83
13450,827,25,5,2,102
13451,828,25,5,2,97
13452,829,25,5,2,82
13453,830,25,5,2,92
13454,831,25,5,2,99
13455,832,25,5,2,107
13456,833,25,5,2,99
13457,834,25,5,2,97
13458,835,25,5,2,103
13459,836,25,5,2,82
13460,837,25,5,2,87
13461,838,26,5,2,134
13462,839,26,5,2,131
13463,840,26,5,2,113
13464,841,26,5,2,103
13465,842,26,5,2,115
13466,843,26,5,2,97
13467,844,27,5,2,106
13468,845,28,5,2,160
13469,846,28,5,2,129
13470,847,28,5,2,107
13471,848,28,5,2,131
13566,939,30,5,2,100
13614,987,32,5,2,99
13615,988,32,5,2,98
13616,989,32,5,2,99
13617,990,32,5,2,98
13618,991,33,5,2,124
13619,992,33,5,2,127
13620,993,33,5,2,108
13621,994,33,5,2,123
13622,995,33,5,2,122
13623,996,33,5,2,106
13624,997,33,5,2,149
13625,998,33,5,2,120
13626,69,33,5,2,138
13627,999,33,5,2,127
13628,1000,33,5,2,116
13629,1001,33,5,2,121
13630,1002,33,5,2,105
13631,1003,33,5,2,132
13632,1004,33,5,2,104
13633,1005,33,5,2,111
13634,558,33,5,2,106
13635,1006,33,5,2,87
13636,1007,33,5,2,97
13637,1008,33,5,2,101
13638,1009,33,5,2,105
13707,1078,35,5,2,107
13708,1079,35,5,2,97
13709,1080,35,5,2,114
13710,1081,35,5,2,112
13711,1082,35,5,2,105
13712,1083,35,5,2,113
13713,1084,35,5,2,109
13714,1085,35,5,2,94
13715,1086,35,5,2,102
13716,1087,35,5,2,99
13717,1088,35,5,2,101
13718,1089,35,5,2,85
13719,1090,35,5,2,103
13720,1091,35,5,2,103
13721,1092,35,5,2,108
13722,1093,35,5,2,110
13758,1129,37,5,2,118
13759,1130,37,5,2,213
13760,1131,37,5,2,157
13761,1132,37,5,2,93
13762,1133,37,5,2,132
13763,1134,37,5,2,84
13764,1135,37,5,2,95
13765,1136,37,5,2,114
13766,1137,38,5,2,127
13767,1138,38,5,2,115
13768,1139,39,5,2,124
13769,1140,39,5,2,107
13770,1141,39,5,2,105
13771,1142,39,5,2,124
13772,1143,39,5,2,108
13773,1144,39,5,2,84
13774,1145,39,5,2,99
13775,1146,39,5,2,123
13776,1147,39,5,2,101
13777,1148,39,5,2,102
13778,1149,39,5,2,85
13779,1150,39,5,2,119
13780,1151,39,5,2,61
13781,1152,39,5,2,91
13782,1153,40,5,2,78
13783,1154,40,5,2,52
13784,1155,40,5,2,81
13785,1156,40,5,2,53
13786,1157,40,5,2,89
13787,1158,40,5,2,53
13788,1159,40,5,2,65
13789,1160,40,5,2,59
13790,1161,40,5,2,60
13791,1162,40,5,2,52
13792,1163,40,5,2,47
13793,1164,40,5,2,180
13794,1165,40,5,2,161
13795,1166,40,5,2,57
13796,1167,40,5,2,56
13797,1168,40,5,2,60
13798,1169,40,5,2,65
13799,1170,40,5,2,48
13800,1171,40,5,2,54
13801,1172,40,5,2,60
13802,1173,40,5,2,57
13803,1174,40,5,2,67
13804,1175,40,5,2,51
13805,1176,40,5,2,69
13806,1177,40,5,2,59
13807,1178,40,5,2,37
27105,1,1,5,2,109
27106,3,1,5,2,111
27107,4,1,5,2,105
27108,5,1,5,2,97
27109,7,1,5,2,96
27110,8,1,5,2,105
27111,9,1,5,2,101
27112,10,1,5,2,92
27113,11,1,5,2,96
27114,12,1,5,2,98
27115,13,1,5,2,88
27116,14,1,5,2,89
27117,15,1,5,2,102
27118,16,1,5,2,96
27119,17,1,5,2,73
27120,18,1,5,2,86
27121,19,1,5,2,94
27122,20,1,5,2,84
27123,21,2,5,2,120
27124,22,2,5,2,87
27125,23,2,5,2,75
27126,24,2,5,2,73
27127,25,2,5,2,106
27128,26,2,5,2,84
27129,1389,3,5,2,118
27130,29,3,5,2,114
27131,30,3,5,2,106
27132,31,3,5,2,83
27133,32,3,5,2,95
27134,33,3,5,2,100
27135,34,3,5,2,95
27136,35,3,5,2,136
27137,36,3,5,2,127
27138,37,3,5,2,113
27139,38,3,5,2,79
27140,39,3,5,2,66
27141,40,3,5,2,76
27142,41,3,5,2,55
27143,42,4,5,2,128
27144,44,4,5,2,127
27145,45,4,5,2,105
27146,46,4,5,2,96
27147,47,4,5,2,108
27148,48,4,5,2,92
27149,49,4,5,2,87
27150,50,4,5,2,82
27151,51,4,5,2,122
27152,52,4,5,2,87
27153,53,4,5,2,66
27154,54,4,5,2,115
27155,55,4,5,2,95
27156,56,4,5,2,74
27157,57,4,5,2,99
27158,58,4,5,2,100
27159,59,4,5,2,91
27160,60,5,5,2,113
27161,62,5,5,2,105
27162,63,5,5,2,132
27163,64,5,5,2,116
27164,65,5,5,2,114
27165,66,5,5,2,118
27166,67,5,5,2,131
27167,68,5,5,2,84
27168,69,5,5,2,117
27169,70,5,5,2,69
27170,71,5,5,2,81
27171,72,5,5,2,121
27172,73,5,5,2,110
27173,74,5,5,2,125
27174,75,5,5,2,72
27175,76,5,5,2,94
27176,77,5,5,2,57
27177,78,5,5,2,115
27178,79,5,5,2,158
27179,80,5,5,2,65
27180,81,5,5,2,143
27181,82,5,5,2,83
27182,83,5,5,2,55
27183,84,5,5,2,109
27184,85,5,5,2,87
27185,86,5,5,2,58
27186,87,6,5,2,103
27187,89,6,5,2,114
27188,91,6,5,2,141
27189,92,6,5,2,103
27190,93,6,5,2,103
27191,94,6,5,2,138
27192,95,6,5,2,81
27193,96,6,5,2,165
27194,97,6,5,2,95
27195,98,6,5,2,102
27196,99,7,5,2,102
27197,100,7,5,2,98
27198,101,7,5,2,102
27199,102,7,5,2,92
27200,103,7,5,2,86
27201,104,7,5,2,88
27202,105,7,5,2,99
27203,106,7,5,2,88
27204,107,7,5,2,91
27205,108,7,5,2,92
27206,109,7,5,2,109
27207,110,7,5,2,85
27208,111,7,5,2,97
27209,112,7,5,2,91
27210,113,7,5,2,85
27211,114,7,5,2,75
27212,115,7,5,2,99
27213,116,7,5,2,77
27214,117,7,5,2,87
27215,118,7,5,2,102
27216,119,7,5,2,80
27217,120,7,5,2,105
27218,121,7,5,2,87
27219,122,7,5,2,97
27220,123,7,5,2,93
27221,124,7,5,2,84
27275,178,9,5,2,130
27276,179,9,5,2,107
27277,180,9,5,2,134
27278,181,10,5,2,114
27279,183,10,5,2,98
27280,184,10,5,2,102
27281,187,10,5,2,142
27282,1390,10,5,2,183
27283,189,10,5,2,119
27284,190,10,5,2,104
27285,191,10,5,2,169
27286,192,10,5,2,78
27287,193,10,5,2,89
27288,194,10,5,2,75
27289,195,10,5,2,99
27290,196,10,5,2,87
27291,197,10,5,2,114
27292,198,10,5,2,180
27391,326,12,5,2,100
27392,327,12,5,2,96
27393,328,12,5,2,101
27394,329,12,5,2,95
27476,425,14,5,2,117
27477,426,14,5,2,99
27478,427,14,5,2,101
27479,428,15,5,2,109
27480,431,15,5,2,107
27481,432,15,5,2,105
27482,433,15,5,2,131
27483,434,15,5,2,75
27484,435,15,5,2,72
27485,436,15,5,2,116
27644,607,18,5,2,112
27645,608,18,5,2,202
27646,609,18,5,2,56
27647,610,18,5,2,68
27648,611,18,5,2,73
27649,612,18,5,2,43
27650,613,18,5,2,52
27651,614,18,5,2,73
27652,615,18,5,2,62
27653,616,18,5,2,69
27654,617,18,5,2,140
27655,618,18,5,2,74
27656,619,18,5,2,57
27657,620,18,5,2,68
27658,621,19,5,2,146
27659,622,19,5,2,103
27660,623,19,5,2,91
27661,624,19,5,2,80
27662,625,19,5,2,79
27663,626,19,5,2,59
27664,627,19,5,2,55
27665,628,20,5,2,105
27666,629,20,5,2,117
27667,630,20,5,2,97
27668,631,20,5,2,109
27669,632,20,5,2,98
27670,633,20,5,2,64
27671,1396,20,5,2,80
27672,635,20,5,2,93
27673,636,20,5,2,102
27674,637,20,5,2,88
27675,638,20,5,2,142
27676,639,20,5,2,124
27677,640,20,5,2,47
27678,641,20,5,2,51
27679,642,20,5,2,81
27680,643,20,5,2,110
27681,644,20,5,2,72
27682,645,20,5,2,91
27683,646,20,5,2,102
27684,647,21,5,2,105
27685,648,21,5,2,101
27686,649,21,5,2,108
27687,650,21,5,2,103
27688,651,21,5,2,102
27689,652,22,5,2,110
27690,653,22,5,2,109
27691,654,22,5,2,90
27692,655,22,5,2,79
27693,1397,22,5,2,96
27694,657,22,5,2,90
27695,658,22,5,2,102
27696,659,22,5,2,101
27697,660,22,5,2,104
27698,661,22,5,2,90
27699,662,22,5,2,78
27700,663,22,5,2,126
27701,664,22,5,2,107
27702,1398,22,5,2,99
27703,666,22,5,2,95
27847,815,25,5,2,103
27848,817,25,5,2,90
27849,818,25,5,2,99
27850,819,25,5,2,98
27851,820,25,5,2,102
27852,821,25,5,2,97
27853,822,25,5,2,109
27854,823,25,5,2,116
27855,824,25,5,2,99
27856,825,25,5,2,102
27857,826,25,5,2,83
27858,827,25,5,2,102
27859,828,25,5,2,92
27860,829,25,5,2,82
27861,830,25,5,2,92
27862,831,25,5,2,99
27863,832,25,5,2,107
27864,833,25,5,2,99
27865,834,25,5,2,97
27866,835,25,5,2,103
27867,836,25,5,2,82
27868,837,25,5,2,87
27869,838,26,5,2,119
27870,839,26,5,2,117
27871,840,26,5,2,97
27872,841,26,5,2,103
27873,842,26,5,2,115
27874,843,26,5,2,97
27875,844,27,5,2,100
27876,1399,28,5,2,119
27877,1400,28,5,2,95
27878,847,28,5,2,77
27879,848,28,5,2,102
27972,1401,30,5,2,102
28008,987,32,5,2,104
28009,988,32,5,2,101
28010,989,32,5,2,104
28011,990,32,5,2,103
28012,991,33,5,2,115
28013,994,33,5,2,113
28014,998,33,5,2,117
28015,69,33,5,2,122
28016,999,33,5,2,112
28017,1000,33,5,2,102
28018,1002,33,5,2,91
28019,1003,33,5,2,108
28020,1004,33,5,2,86
28021,1005,33,5,2,86
28022,558,33,5,2,74
28023,1007,33,5,2,77
28024,1008,33,5,2,96
28025,1009,33,5,2,74
28084,1078,35,5,2,110
28085,1082,35,5,2,106
28086,1084,35,5,2,107
28087,1085,35,5,2,95
28088,1086,35,5,2,99
28089,1087,35,5,2,98
28090,1088,35,5,2,103
28091,1089,35,5,2,80
28092,1090,35,5,2,102
28093,1091,35,5,2,103
28094,1092,35,5,2,108
28095,1093,35,5,2,110
28131,1129,37,5,2,117
28132,1130,37,5,2,194
28133,1131,37,5,2,128
28134,1132,37,5,2,95
28135,1133,37,5,2,115
28136,1134,37,5,2,94
28137,1135,37,5,2,93
28138,1136,37,5,2,89
28139,1402,38,5,2,116
28140,1403,38,5,2,102
28141,1139,39,5,2,122
28142,1141,39,5,2,107
28143,1142,39,5,2,117
28144,1144,39,5,2,80
28145,1145,39,5,2,93
28146,1146,39,5,2,108
28147,1147,39,5,2,94
28148,1148,39,5,2,90
28149,1149,39,5,2,91
28150,1150,39,5,2,115
28151,1151,39,5,2,64
28152,1152,39,5,2,91
28153,1153,40,5,2,78
28154,1154,40,5,2,52
28155,1155,40,5,2,81
28156,1156,40,5,2,53
28157,1157,40,5,2,89
28158,1158,40,5,2,53
28159,1159,40,5,2,65
28160,1160,40,5,2,59
28161,1161,40,5,2,60
28162,1162,40,5,2,52
28163,1163,40,5,2,47
28164,1164,40,5,2,180
28165,1165,40,5,2,161
28166,1166,40,5,2,57
28167,1167,40,5,2,56
28168,1168,40,5,2,60
28169,1169,40,5,2,65
28170,1170,40,5,2,48
28171,1171,40,5,2,54
28172,1172,40,5,2,60
28173,1173,40,5,2,57
28174,1174,40,5,2,67
28175,1175,40,5,2,51
28176,1176,40,5,2,69
28177,1177,40,5,2,59
28178,1178,40,5,2,37
9815,1,1,4,2,113
9816,2,1,4,2,94
9817,3,1,4,2,113
9818,4,1,4,2,108
9819,5,1,4,2,98
9820,6,1,4,2,81
9821,7,1,4,2,100
9822,8,1,4,2,111
9823,9,1,4,2,97
9824,10,1,4,2,92
9825,11,1,4,2,97
9826,12,1,4,2,103
9827,13,1,4,2,115
9828,14,1,4,2,95
9829,15,1,4,2,134
9830,16,1,4,2,122
9831,17,1,4,2,90
9832,18,1,4,2,101
9833,19,1,4,2,122
9834,20,1,4,2,82
9835,21,2,4,2,138
9836,22,2,4,2,113
9837,23,2,4,2,74
9838,24,2,4,2,89
9839,25,2,4,2,118
9840,26,2,4,2,109
9841,27,3,4,2,126
9842,28,3,4,2,104
9843,29,3,4,2,130
9844,30,3,4,2,144
9845,31,3,4,2,103
9846,32,3,4,2,113
9847,33,3,4,2,101
9848,34,3,4,2,128
9849,35,3,4,2,108
9850,36,3,4,2,127
9851,37,3,4,2,113
9852,38,3,4,2,97
9853,39,3,4,2,93
9854,40,3,4,2,82
9855,41,3,4,2,68
9856,42,4,4,2,127
9857,43,4,4,2,165
9858,44,4,4,2,138
9859,45,4,4,2,105
9860,46,4,4,2,108
9861,47,4,4,2,106
9862,48,4,4,2,96
9863,49,4,4,2,104
9864,50,4,4,2,75
9865,51,4,4,2,116
9866,52,4,4,2,93
9867,53,4,4,2,63
9868,54,4,4,2,142
9869,55,4,4,2,100
9870,56,4,4,2,82
9871,57,4,4,2,108
9872,58,4,4,2,102
9873,59,4,4,2,93
9874,60,5,4,2,111
9875,61,5,4,2,46
9876,62,5,4,2,99
9877,63,5,4,2,162
9878,64,5,4,2,113
9879,65,5,4,2,139
9880,66,5,4,2,156
9881,67,5,4,2,142
9882,68,5,4,2,87
9883,69,5,4,2,107
9884,70,5,4,2,60
9885,71,5,4,2,67
9886,72,5,4,2,107
9887,73,5,4,2,112
9888,74,5,4,2,143
9889,75,5,4,2,78
9890,76,5,4,2,110
9891,77,5,4,2,29
9892,78,5,4,2,162
9893,79,5,4,2,136
9894,80,5,4,2,65
9895,81,5,4,2,180
9896,82,5,4,2,63
9897,83,5,4,2,83
9898,84,5,4,2,148
9899,85,5,4,2,163
9900,86,5,4,2,50
9901,87,6,4,2,151
9902,88,6,4,2,94
9903,89,6,4,2,152
9904,90,6,4,2,178
9905,91,6,4,2,172
9906,92,6,4,2,121
9907,93,6,4,2,135
9908,94,6,4,2,153
9909,95,6,4,2,107
9910,96,6,4,2,186
9911,97,6,4,2,111
9912,98,6,4,2,129
9913,99,7,4,2,87
9914,100,7,4,2,89
9915,101,7,4,2,91
9916,102,7,4,2,85
9917,103,7,4,2,88
9918,104,7,4,2,69
9919,105,7,4,2,96
9920,106,7,4,2,62
9921,107,7,4,2,94
9922,108,7,4,2,91
9923,109,7,4,2,111
9924,110,7,4,2,95
9925,111,7,4,2,82
9926,112,7,4,2,91
9927,113,7,4,2,94
9928,114,7,4,2,77
9929,115,7,4,2,95
9930,116,7,4,2,83
9931,117,7,4,2,78
9932,118,7,4,2,97
9933,119,7,4,2,84
9934,120,7,4,2,103
9935,121,7,4,2,84
9936,122,7,4,2,88
9937,123,7,4,2,89
9938,124,7,4,2,90
9992,178,9,4,2,152
9993,179,9,4,2,136
9994,180,9,4,2,166
9995,181,10,4,2,126
9996,182,10,4,2,105
9997,183,10,4,2,99
9998,184,10,4,2,132
9999,185,10,4,2,114
10000,186,10,4,2,106
10001,187,10,4,2,196
10002,188,10,4,2,225
10003,189,10,4,2,150
10004,190,10,4,2,122
10005,191,10,4,2,119
10006,192,10,4,2,95
10007,193,10,4,2,104
10008,194,10,4,2,71
10009,195,10,4,2,133
10010,196,10,4,2,135
10011,197,10,4,2,214
10012,198,10,4,2,241
10140,326,12,4,2,96
10141,327,12,4,2,94
10142,328,12,4,2,87
10143,329,12,4,2,95
10242,425,14,4,2,123
10243,426,14,4,2,114
10244,427,14,4,2,96
10245,428,15,4,2,123
10246,429,15,4,2,118
10247,430,15,4,2,105
10248,431,15,4,2,107
10249,432,15,4,2,117
10250,433,15,4,2,117
10251,434,15,4,2,93
10252,435,15,4,2,94
10253,436,15,4,2,89
10426,607,18,4,2,116
10427,608,18,4,2,180
10428,609,18,4,2,76
10429,610,18,4,2,70
10430,611,18,4,2,77
10431,612,18,4,2,67
10432,613,18,4,2,72
10433,614,18,4,2,81
10434,615,18,4,2,81
10435,616,18,4,2,106
10436,617,18,4,2,183
10437,618,18,4,2,90
10438,619,18,4,2,86
10439,620,18,4,2,80
10440,621,19,4,2,163
10441,622,19,4,2,109
10442,623,19,4,2,95
10443,624,19,4,2,89
10444,625,19,4,2,106
10445,626,19,4,2,86
10446,627,19,4,2,75
10447,628,20,4,2,104
10448,629,20,4,2,121
10449,630,20,4,2,76
10450,631,20,4,2,102
10451,632,20,4,2,87
10452,633,20,4,2,74
10453,634,20,4,2,58
10454,635,20,4,2,92
10455,636,20,4,2,106
10456,637,20,4,2,75
10457,638,20,4,2,149
10458,639,20,4,2,141
10459,640,20,4,2,74
10460,641,20,4,2,75
10461,642,20,4,2,49
10462,643,20,4,2,91
10463,644,20,4,2,127
10464,645,20,4,2,108
10465,646,20,4,2,74
10466,647,21,4,2,108
10467,648,21,4,2,118
10468,649,21,4,2,147
10469,650,21,4,2,120
10470,651,21,4,2,89
10471,652,22,4,2,113
10472,653,22,4,2,94
10473,654,22,4,2,87
10474,655,22,4,2,62
10475,656,22,4,2,32
10476,657,22,4,2,77
10477,658,22,4,2,104
10478,659,22,4,2,108
10479,660,22,4,2,116
10480,661,22,4,2,68
10481,662,22,4,2,74
10482,663,22,4,2,116
10483,664,22,4,2,104
10484,665,22,4,2,112
10485,666,22,4,2,88
10634,815,25,4,2,103
10635,816,25,4,2,106
10636,817,25,4,2,89
10637,818,25,4,2,93
10638,819,25,4,2,94
10639,820,25,4,2,95
10640,821,25,4,2,96
10641,822,25,4,2,101
10642,823,25,4,2,105
10643,824,25,4,2,102
10644,825,25,4,2,103
10645,826,25,4,2,90
10646,827,25,4,2,103
10647,828,25,4,2,113
10648,829,25,4,2,85
10649,830,25,4,2,95
10650,831,25,4,2,99
10651,832,25,4,2,106
10652,833,25,4,2,96
10653,834,25,4,2,93
10654,835,25,4,2,83
10655,836,25,4,2,95
10656,837,25,4,2,103
10657,838,26,4,2,133
10658,839,26,4,2,126
10659,840,26,4,2,104
10660,841,26,4,2,98
10661,842,26,4,2,111
10662,843,26,4,2,95
10663,844,27,4,2,108
10664,845,28,4,2,155
10665,846,28,4,2,123
10666,847,28,4,2,98
10667,848,28,4,2,128
10762,939,30,4,2,103
10810,987,32,4,2,93
10811,988,32,4,2,97
10812,989,32,4,2,97
10813,990,32,4,2,96
10814,991,33,4,2,126
10815,992,33,4,2,120
10816,993,33,4,2,119
10817,994,33,4,2,122
10818,995,33,4,2,123
10819,996,33,4,2,115
10820,997,33,4,2,151
10821,998,33,4,2,119
10822,69,33,4,2,135
10823,999,33,4,2,119
10824,1000,33,4,2,126
10825,1001,33,4,2,137
10826,1002,33,4,2,109
10827,1003,33,4,2,111
10828,1004,33,4,2,108
10829,1005,33,4,2,94
10830,558,33,4,2,107
10831,1006,33,4,2,95
10832,1007,33,4,2,100
10833,1008,33,4,2,97
10834,1009,33,4,2,108
10903,1078,35,4,2,110
10904,1079,35,4,2,95
10905,1080,35,4,2,117
10906,1081,35,4,2,113
10907,1082,35,4,2,107
10908,1083,35,4,2,119
10909,1084,35,4,2,109
10910,1085,35,4,2,89
10911,1086,35,4,2,103
10912,1087,35,4,2,100
10913,1088,35,4,2,103
10914,1089,35,4,2,85
10915,1090,35,4,2,94
10916,1091,35,4,2,106
10917,1092,35,4,2,108
10918,1093,35,4,2,114
10954,1129,37,4,2,117
10955,1130,37,4,2,255
10956,1131,37,4,2,164
10957,1132,37,4,2,95
10958,1133,37,4,2,119
10959,1134,37,4,2,86
10960,1135,37,4,2,85
10961,1136,37,4,2,111
10962,1137,38,4,2,131
10963,1138,38,4,2,114
10964,1139,39,4,2,121
10965,1140,39,4,2,89
10966,1141,39,4,2,104
10967,1142,39,4,2,129
10968,1143,39,4,2,101
10969,1144,39,4,2,88
10970,1145,39,4,2,94
10971,1146,39,4,2,134
10972,1147,39,4,2,96
10973,1148,39,4,2,100
10974,1149,39,4,2,86
10975,1150,39,4,2,125
10976,1151,39,4,2,64
10977,1152,39,4,2,96
10978,1153,40,4,2,78
10979,1154,40,4,2,58
10980,1155,40,4,2,104
10981,1156,40,4,2,61
10982,1157,40,4,2,63
10983,1158,40,4,2,63
10984,1159,40,4,2,73
10985,1160,40,4,2,59
10986,1161,40,4,2,61
10987,1162,40,4,2,57
10988,1163,40,4,2,55
10989,1164,40,4,2,174
10990,1165,40,4,2,109
10991,1166,40,4,2,59
10992,1167,40,4,2,55
10993,1168,40,4,2,68
10994,1169,40,4,2,66
10995,1170,40,4,2,50
10996,1171,40,4,2,49
10997,1172,40,4,2,63
10998,1173,40,4,2,81
10999,1174,40,4,2,67
11000,1175,40,4,2,53
11001,1176,40,4,2,74
11002,1177,40,4,2,62
11003,1178,40,4,2,39
25820,1,1,4,2,110
25821,3,1,4,2,109
25822,4,1,4,2,103
25823,5,1,4,2,96
25824,7,1,4,2,98
25825,8,1,4,2,101
25826,9,1,4,2,105
25827,10,1,4,2,92
25828,11,1,4,2,96
25829,12,1,4,2,99
25830,13,1,4,2,90
25831,14,1,4,2,88
25832,15,1,4,2,106
25833,16,1,4,2,98
25834,17,1,4,2,75
25835,18,1,4,2,88
25836,19,1,4,2,98
25837,20,1,4,2,76
25838,21,2,4,2,118
25839,22,2,4,2,92
25840,23,2,4,2,79
25841,24,2,4,2,80
25842,25,2,4,2,100
25843,26,2,4,2,84
25844,1389,3,4,2,109
25845,29,3,4,2,110
25846,30,3,4,2,117
25847,31,3,4,2,84
25848,32,3,4,2,88
25849,33,3,4,2,92
25850,34,3,4,2,92
25851,35,3,4,2,97
25852,36,3,4,2,114
25853,37,3,4,2,98
25854,38,3,4,2,93
25855,39,3,4,2,107
25856,40,3,4,2,77
25857,41,3,4,2,66
25858,42,4,4,2,124
25859,44,4,4,2,124
25860,45,4,4,2,102
25861,46,4,4,2,99
25862,47,4,4,2,104
25863,48,4,4,2,102
25864,49,4,4,2,103
25865,50,4,4,2,75
25866,51,4,4,2,116
25867,52,4,4,2,82
25868,53,4,4,2,60
25869,54,4,4,2,132
25870,55,4,4,2,100
25871,56,4,4,2,82
25872,57,4,4,2,101
25873,58,4,4,2,102
25874,59,4,4,2,93
25875,60,5,4,2,108
25876,62,5,4,2,103
25877,63,5,4,2,159
25878,64,5,4,2,107
25879,65,5,4,2,129
25880,66,5,4,2,133
25881,67,5,4,2,141
25882,68,5,4,2,78
25883,69,5,4,2,101
25884,70,5,4,2,57
25885,71,5,4,2,66
25886,72,5,4,2,106
25887,73,5,4,2,121
25888,74,5,4,2,126
25889,75,5,4,2,75
25890,76,5,4,2,97
25891,77,5,4,2,46
25892,78,5,4,2,127
25893,79,5,4,2,131
25894,80,5,4,2,65
25895,81,5,4,2,175
25896,82,5,4,2,58
25897,83,5,4,2,64
25898,84,5,4,2,106
25899,85,5,4,2,93
25900,86,5,4,2,50
25901,87,6,4,2,104
25902,89,6,4,2,118
25903,91,6,4,2,142
25904,92,6,4,2,101
25905,93,6,4,2,105
25906,94,6,4,2,138
25907,95,6,4,2,83
25908,96,6,4,2,165
25909,97,6,4,2,94
25910,98,6,4,2,101
25911,99,7,4,2,87
25912,100,7,4,2,89
25913,101,7,4,2,91
25914,102,7,4,2,85
25915,103,7,4,2,88
25916,104,7,4,2,69
25917,105,7,4,2,96
25918,106,7,4,2,62
25919,107,7,4,2,94
25920,108,7,4,2,93
25921,109,7,4,2,110
25922,110,7,4,2,88
25923,111,7,4,2,82
25924,112,7,4,2,94
25925,113,7,4,2,94
25926,114,7,4,2,76
25927,115,7,4,2,94
25928,116,7,4,2,83
25929,117,7,4,2,78
25930,118,7,4,2,100
25931,119,7,4,2,84
25932,120,7,4,2,102
25933,121,7,4,2,84
25934,122,7,4,2,88
25935,123,7,4,2,89
25936,124,7,4,2,90
25990,178,9,4,2,136
25991,179,9,4,2,113
25992,180,9,4,2,146
25993,181,10,4,2,114
25994,183,10,4,2,97
25995,184,10,4,2,107
25996,187,10,4,2,148
25997,1390,10,4,2,205
25998,189,10,4,2,118
25999,190,10,4,2,111
26000,191,10,4,2,91
26001,192,10,4,2,83
26002,193,10,4,2,92
26003,194,10,4,2,70
26004,195,10,4,2,102
26005,196,10,4,2,110
26006,197,10,4,2,147
26007,198,10,4,2,210
26106,326,12,4,2,100
26107,327,12,4,2,96
26108,328,12,4,2,102
26109,329,12,4,2,96
26191,425,14,4,2,116
26192,426,14,4,2,102
26193,427,14,4,2,96
26194,428,15,4,2,110
26195,431,15,4,2,102
26196,432,15,4,2,112
26197,433,15,4,2,132
26198,434,15,4,2,81
26199,435,15,4,2,83
26200,436,15,4,2,90
26359,607,18,4,2,112
26360,608,18,4,2,157
26361,609,18,4,2,74
26362,610,18,4,2,74
26363,611,18,4,2,72
26364,612,18,4,2,64
26365,613,18,4,2,70
26366,614,18,4,2,78
26367,615,18,4,2,78
26368,616,18,4,2,95
26369,617,18,4,2,160
26370,618,18,4,2,82
26371,619,18,4,2,80
26372,620,18,4,2,77
26373,621,19,4,2,145
26374,622,19,4,2,101
26375,623,19,4,2,74
26376,624,19,4,2,79
26377,625,19,4,2,74
26378,626,19,4,2,63
26379,627,19,4,2,60
26380,628,20,4,2,108
26381,629,20,4,2,115
26382,630,20,4,2,96
26383,631,20,4,2,103
26384,632,20,4,2,99
26385,633,20,4,2,75
26386,1396,20,4,2,88
26387,635,20,4,2,103
26388,636,20,4,2,108
26389,637,20,4,2,97
26390,638,20,4,2,141
26391,639,20,4,2,132
26392,640,20,4,2,45
26393,641,20,4,2,61
26394,642,20,4,2,75
26395,643,20,4,2,105
26396,644,20,4,2,75
26397,645,20,4,2,114
26398,646,20,4,2,105
26399,647,21,4,2,107
26400,648,21,4,2,101
26401,649,21,4,2,110
26402,650,21,4,2,100
26403,651,21,4,2,87
26404,652,22,4,2,113
26405,653,22,4,2,95
26406,654,22,4,2,79
26407,655,22,4,2,60
26408,1397,22,4,2,41
26409,657,22,4,2,80
26410,658,22,4,2,103
26411,659,22,4,2,106
26412,660,22,4,2,108
26413,661,22,4,2,74
26414,662,22,4,2,80
26415,663,22,4,2,122
26416,664,22,4,2,112
26417,1398,22,4,2,96
26418,666,22,4,2,93
26562,815,25,4,2,104
26563,817,25,4,2,90
26564,818,25,4,2,93
26565,819,25,4,2,95
26566,820,25,4,2,95
26567,821,25,4,2,84
26568,822,25,4,2,101
26569,823,25,4,2,104
26570,824,25,4,2,102
26571,825,25,4,2,103
26572,826,25,4,2,90
26573,827,25,4,2,103
26574,828,25,4,2,109
26575,829,25,4,2,85
26576,830,25,4,2,95
26577,831,25,4,2,99
26578,832,25,4,2,106
26579,833,25,4,2,96
26580,834,25,4,2,93
26581,835,25,4,2,83
26582,836,25,4,2,95
26583,837,25,4,2,103
26584,838,26,4,2,120
26585,839,26,4,2,115
26586,840,26,4,2,92
26587,841,26,4,2,98
26588,842,26,4,2,111
26589,843,26,4,2,95
26590,844,27,4,2,100
26591,1399,28,4,2,118
26592,1400,28,4,2,98
26593,847,28,4,2,78
26594,848,28,4,2,107
26687,1401,30,4,2,102
26723,987,32,4,2,101
26724,988,32,4,2,101
26725,989,32,4,2,100
26726,990,32,4,2,105
26727,991,33,4,2,115
26728,994,33,4,2,110
26729,998,33,4,2,115
26730,69,33,4,2,117
26731,999,33,4,2,105
26732,1000,33,4,2,114
26733,1002,33,4,2,92
26734,1003,33,4,2,95
26735,1004,33,4,2,88
26736,1005,33,4,2,68
26737,558,33,4,2,82
26738,1007,33,4,2,85
26739,1008,33,4,2,94
26740,1009,33,4,2,93
26799,1078,35,4,2,110
26800,1082,35,4,2,108
26801,1084,35,4,2,108
26802,1085,35,4,2,95
26803,1086,35,4,2,101
26804,1087,35,4,2,101
26805,1088,35,4,2,102
26806,1089,35,4,2,77
26807,1090,35,4,2,94
26808,1091,35,4,2,106
26809,1092,35,4,2,108
26810,1093,35,4,2,113
26846,1129,37,4,2,116
26847,1130,37,4,2,224
26848,1131,37,4,2,135
26849,1132,37,4,2,101
26850,1133,37,4,2,102
26851,1134,37,4,2,80
26852,1135,37,4,2,84
26853,1136,37,4,2,82
26854,1402,38,4,2,119
26855,1403,38,4,2,99
26856,1139,39,4,2,117
26857,1141,39,4,2,106
26858,1142,39,4,2,118
26859,1144,39,4,2,85
26860,1145,39,4,2,93
26861,1146,39,4,2,114
26862,1147,39,4,2,88
26863,1148,39,4,2,95
26864,1149,39,4,2,91
26865,1150,39,4,2,119
26866,1151,39,4,2,66
26867,1152,39,4,2,96
26868,1153,40,4,2,78
26869,1154,40,4,2,58
26870,1155,40,4,2,104
26871,1156,40,4,2,61
26872,1157,40,4,2,63
26873,1158,40,4,2,63
26874,1159,40,4,2,73
26875,1160,40,4,2,59
26876,1161,40,4,2,61
26877,1162,40,4,2,57
26878,1163,40,4,2,55
26879,1164,40,4,2,174
26880,1165,40,4,2,109
26881,1166,40,4,2,59
26882,1167,40,4,2,55
26883,1168,40,4,2,68
26884,1169,40,4,2,66
26885,1170,40,4,2,50
26886,1171,40,4,2,49
26887,1172,40,4,2,63
26888,1173,40,4,2,81
26889,1174,40,4,2,67
26890,1175,40,4,2,53
26891,1176,40,4,2,74
26892,1177,40,4,2,62
26893,1178,40,4,2,39
8413,1,1,4,1,111
8414,2,1,4,1,93
8415,3,1,4,1,111
8416,4,1,4,1,112
8417,5,1,4,1,85
8418,6,1,4,1,67
8419,7,1,4,1,93
8420,8,1,4,1,98
8421,9,1,4,1,77
8422,10,1,4,1,79
8423,11,1,4,1,94
8424,12,1,4,1,72
8425,13,1,4,1,93
8426,14,1,4,1,101
8427,15,1,4,1,158
8428,16,1,4,1,84
8429,17,1,4,1,115
8430,18,1,4,1,96
8431,19,1,4,1,160
8432,20,1,4,1,66
8433,21,2,4,1,157
8434,22,2,4,1,122
8435,23,2,4,1,101
8436,24,2,4,1,80
8437,25,2,4,1,139
8438,26,2,4,1,120
8439,27,3,4,1,100
8440,28,3,4,1,106
8441,29,3,4,1,117
8442,30,3,4,1,113
8443,31,3,4,1,105
8444,32,3,4,1,102
8445,33,3,4,1,98
8446,34,3,4,1,105
8447,35,3,4,1,97
8448,36,3,4,1,111
8449,37,3,4,1,109
8450,38,3,4,1,107
8451,39,3,4,1,89
8452,40,3,4,1,87
8453,41,3,4,1,87
8454,42,4,4,1,129
8455,43,4,4,1,148
8456,44,4,4,1,124
8457,45,4,4,1,110
8458,46,4,4,1,104
8459,47,4,4,1,122
8460,48,4,4,1,84
8461,49,4,4,1,110
8462,50,4,4,1,87
8463,51,4,4,1,113
8464,52,4,4,1,94
8465,53,4,4,1,78
8466,54,4,4,1,126
8467,55,4,4,1,84
8468,56,4,4,1,75
8469,57,4,4,1,119
8470,58,4,4,1,89
8471,59,4,4,1,97
8472,60,5,4,1,125
8473,61,5,4,1,123
8474,62,5,4,1,90
8475,63,5,4,1,121
8476,64,5,4,1,116
8477,65,5,4,1,130
8478,66,5,4,1,124
8479,67,5,4,1,100
8480,68,5,4,1,116
8481,69,5,4,1,114
8482,70,5,4,1,120
8483,71,5,4,1,124
8484,72,5,4,1,107
8485,73,5,4,1,120
8486,74,5,4,1,108
8487,75,5,4,1,108
8488,76,5,4,1,92
8489,77,5,4,1,78
8490,78,5,4,1,106
8491,79,5,4,1,118
8492,80,5,4,1,70
8493,81,5,4,1,129
8494,82,5,4,1,114
8495,83,5,4,1,120
8496,84,5,4,1,144
8497,85,5,4,1,109
8498,86,5,4,1,85
8499,87,6,4,1,120
8500,88,6,4,1,113
8501,89,6,4,1,119
8502,90,6,4,1,129
8503,91,6,4,1,125
8504,92,6,4,1,108
8505,93,6,4,1,117
8506,94,6,4,1,120
8507,95,6,4,1,101
8508,96,6,4,1,130
8509,97,6,4,1,115
8510,98,6,4,1,112
8511,99,7,4,1,91
8512,100,7,4,1,98
8513,101,7,4,1,101
8514,102,7,4,1,101
8515,103,7,4,1,92
8516,104,7,4,1,92
8517,105,7,4,1,79
8518,106,7,4,1,90
8519,107,7,4,1,98
8520,108,7,4,1,102
8521,109,7,4,1,110
8522,110,7,4,1,93
8523,111,7,4,1,69
8524,112,7,4,1,102
8525,113,7,4,1,93
8526,114,7,4,1,88
8527,115,7,4,1,101
8528,116,7,4,1,92
8529,117,7,4,1,97
8530,118,7,4,1,102
8531,119,7,4,1,84
8532,120,7,4,1,100
8533,121,7,4,1,93
8534,122,7,4,1,99
8535,123,7,4,1,94
8536,124,7,4,1,103
8590,178,9,4,1,163
8591,179,9,4,1,141
8592,180,9,4,1,173
8593,181,10,4,1,151
8594,182,10,4,1,116
8595,183,10,4,1,140
8596,184,10,4,1,136
8597,185,10,4,1,133
8598,186,10,4,1,119
8599,187,10,4,1,147
8600,188,10,4,1,181
8601,189,10,4,1,120
8602,190,10,4,1,102
8603,191,10,4,1,140
8604,192,10,4,1,88
8605,193,10,4,1,106
8606,194,10,4,1,108
8607,195,10,4,1,101
8608,196,10,4,1,86
8609,197,10,4,1,188
8610,198,10,4,1,144
8738,326,12,4,1,111
8739,327,12,4,1,106
8740,328,12,4,1,97
8741,329,12,4,1,96
8840,425,14,4,1,119
8841,426,14,4,1,103
8842,427,14,4,1,74
8843,428,15,4,1,120
8844,429,15,4,1,118
8845,430,15,4,1,118
8846,431,15,4,1,95
8847,432,15,4,1,101
8848,433,15,4,1,118
8849,434,15,4,1,137
8850,435,15,4,1,103
8851,436,15,4,1,100
9024,607,18,4,1,125
9025,608,18,4,1,129
9026,609,18,4,1,98
9027,610,18,4,1,85
9028,611,18,4,1,101
9029,612,18,4,1,89
9030,613,18,4,1,87
9031,614,18,4,1,108
9032,615,18,4,1,91
9033,616,18,4,1,92
9034,617,18,4,1,116
9035,618,18,4,1,98
9036,619,18,4,1,112
9037,620,18,4,1,97
9038,621,19,4,1,165
9039,622,19,4,1,116
9040,623,19,4,1,103
9041,624,19,4,1,115
9042,625,19,4,1,135
9043,626,19,4,1,76
9044,627,19,4,1,93
9045,628,20,4,1,120
9046,629,20,4,1,110
9047,630,20,4,1,95
9048,631,20,4,1,99
9049,632,20,4,1,91
9050,633,20,4,1,95
9051,634,20,4,1,81
9052,635,20,4,1,65
9053,636,20,4,1,116
9054,637,20,4,1,110
9055,638,20,4,1,114
9056,639,20,4,1,120
9057,640,20,4,1,92
9058,641,20,4,1,87
9059,642,20,4,1,69
9060,643,20,4,1,102
9061,644,20,4,1,111
9062,645,20,4,1,99
9063,646,20,4,1,106
9064,647,21,4,1,134
9065,648,21,4,1,117
9066,649,21,4,1,131
9067,650,21,4,1,130
9068,651,21,4,1,110
9069,652,22,4,1,112
9070,653,22,4,1,110
9071,654,22,4,1,111
9072,655,22,4,1,80
9073,656,22,4,1,22
9074,657,22,4,1,101
9075,658,22,4,1,116
9076,659,22,4,1,109
9077,660,22,4,1,113
9078,661,22,4,1,73
9079,662,22,4,1,80
9080,663,22,4,1,121
9081,664,22,4,1,114
9082,665,22,4,1,114
9083,666,22,4,1,98
9232,815,25,4,1,104
9233,816,25,4,1,105
9234,817,25,4,1,92
9235,818,25,4,1,95
9236,819,25,4,1,96
9237,820,25,4,1,98
9238,821,25,4,1,100
9239,822,25,4,1,99
9240,823,25,4,1,104
9241,824,25,4,1,103
9242,825,25,4,1,102
9243,826,25,4,1,82
9244,827,25,4,1,96
9245,828,25,4,1,108
9246,829,25,4,1,85
9247,830,25,4,1,94
9248,831,25,4,1,94
9249,832,25,4,1,100
9250,833,25,4,1,91
9251,834,25,4,1,97
9252,835,25,4,1,85
9253,836,25,4,1,93
9254,837,25,4,1,104
9255,838,26,4,1,125
9256,839,26,4,1,120
9257,840,26,4,1,97
9258,841,26,4,1,97
9259,842,26,4,1,116
9260,843,26,4,1,97
9261,844,27,4,1,106
9262,845,28,4,1,144
9263,846,28,4,1,110
9264,847,28,4,1,107
9265,848,28,4,1,113
9360,939,30,4,1,100
9408,987,32,4,1,111
9409,988,32,4,1,100
9410,989,32,4,1,104
9411,990,32,4,1,101
9412,991,33,4,1,120
9413,992,33,4,1,112
9414,993,33,4,1,114
9415,994,33,4,1,118
9416,995,33,4,1,106
9417,996,33,4,1,113
9418,997,33,4,1,134
9419,998,33,4,1,122
9420,69,33,4,1,116
9421,999,33,4,1,106
9422,1000,33,4,1,115
9423,1001,33,4,1,118
9424,1002,33,4,1,100
9425,1003,33,4,1,100
9426,1004,33,4,1,101
9427,1005,33,4,1,89
9428,558,33,4,1,96
9429,1006,33,4,1,88
9430,1007,33,4,1,97
9431,1008,33,4,1,92
9432,1009,33,4,1,110
9501,1078,35,4,1,118
9502,1079,35,4,1,106
9503,1080,35,4,1,125
9504,1081,35,4,1,123
9505,1082,35,4,1,117
9506,1083,35,4,1,120
9507,1084,35,4,1,115
9508,1085,35,4,1,80
9509,1086,35,4,1,103
9510,1087,35,4,1,94
9511,1088,35,4,1,107
9512,1089,35,4,1,80
9513,1090,35,4,1,95
9514,1091,35,4,1,103
9515,1092,35,4,1,114
9516,1093,35,4,1,118
9552,1129,37,4,1,152
9553,1130,37,4,1,159
9554,1131,37,4,1,119
9555,1132,37,4,1,93
9556,1133,37,4,1,109
9557,1134,37,4,1,116
9558,1135,37,4,1,114
9559,1136,37,4,1,120
9560,1137,38,4,1,123
9561,1138,38,4,1,116
9562,1139,39,4,1,123
9563,1140,39,4,1,97
9564,1141,39,4,1,116
9565,1142,39,4,1,121
9566,1143,39,4,1,103
9567,1144,39,4,1,94
9568,1145,39,4,1,86
9569,1146,39,4,1,123
9570,1147,39,4,1,105
9571,1148,39,4,1,102
9572,1149,39,4,1,99
9573,1150,39,4,1,113
9574,1151,39,4,1,100
9575,1152,39,4,1,105
9576,1153,40,4,1,129
9577,1154,40,4,1,86
9578,1155,40,4,1,115
9579,1156,40,4,1,97
9580,1157,40,4,1,93
9581,1158,40,4,1,103
9582,1159,40,4,1,116
9583,1160,40,4,1,111
9584,1161,40,4,1,90
9585,1162,40,4,1,78
9586,1163,40,4,1,50
9587,1164,40,4,1,127
9588,1165,40,4,1,127
9589,1166,40,4,1,78
9590,1167,40,4,1,72
9591,1168,40,4,1,117
9592,1169,40,4,1,92
9593,1170,40,4,1,74
9594,1171,40,4,1,66
9595,1172,40,4,1,121
9596,1173,40,4,1,67
9597,1174,40,4,1,131
9598,1175,40,4,1,75
9599,1176,40,4,1,132
9600,1177,40,4,1,67
9601,1178,40,4,1,59
21965,1,1,4,1,110
21966,3,1,4,1,109
21967,4,1,4,1,108
21968,5,1,4,1,86
21969,7,1,4,1,92
21970,8,1,4,1,96
21971,9,1,4,1,96
21972,10,1,4,1,85
21973,11,1,4,1,97
21974,12,1,4,1,78
21975,13,1,4,1,89
21976,14,1,4,1,98
21977,15,1,4,1,120
21978,16,1,4,1,76
21979,17,1,4,1,100
21980,18,1,4,1,93
21981,19,1,4,1,137
21982,20,1,4,1,74
21983,21,2,4,1,133
21984,22,2,4,1,95
21985,23,2,4,1,83
21986,24,2,4,1,80
21987,25,2,4,1,106
21988,26,2,4,1,89
21989,1389,3,4,1,101
21990,29,3,4,1,111
21991,30,3,4,1,111
21992,31,3,4,1,94
21993,32,3,4,1,95
21994,33,3,4,1,98
21995,34,3,4,1,92
21996,35,3,4,1,91
21997,36,3,4,1,109
21998,37,3,4,1,101
21999,38,3,4,1,106
22000,39,3,4,1,89
22001,40,3,4,1,85
22002,41,3,4,1,86
22003,42,4,4,1,126
22004,44,4,4,1,112
22005,45,4,4,1,106
22006,46,4,4,1,94
22007,47,4,4,1,120
22008,48,4,4,1,86
22009,49,4,4,1,109
22010,50,4,4,1,86
22011,51,4,4,1,113
22012,52,4,4,1,83
22013,53,4,4,1,74
22014,54,4,4,1,116
22015,55,4,4,1,84
22016,56,4,4,1,75
22017,57,4,4,1,113
22018,58,4,4,1,89
22019,59,4,4,1,97
22020,60,5,4,1,122
22021,62,5,4,1,90
22022,63,5,4,1,121
22023,64,5,4,1,107
22024,65,5,4,1,120
22025,66,5,4,1,110
22026,67,5,4,1,97
22027,68,5,4,1,100
22028,69,5,4,1,107
22029,70,5,4,1,108
22030,71,5,4,1,118
22031,72,5,4,1,106
22032,73,5,4,1,124
22033,74,5,4,1,94
22034,75,5,4,1,100
22035,76,5,4,1,81
22036,77,5,4,1,83
22037,78,5,4,1,90
22038,79,5,4,1,120
22039,80,5,4,1,70
22040,81,5,4,1,128
22041,82,5,4,1,95
22042,83,5,4,1,91
22043,84,5,4,1,112
22044,85,5,4,1,68
22045,86,5,4,1,85
22046,87,6,4,1,106
22047,89,6,4,1,112
22048,91,6,4,1,112
22049,92,6,4,1,101
22050,93,6,4,1,106
22051,94,6,4,1,116
22052,95,6,4,1,88
22053,96,6,4,1,120
22054,97,6,4,1,102
22055,98,6,4,1,105
22056,99,7,4,1,91
22057,100,7,4,1,98
22058,101,7,4,1,101
22059,102,7,4,1,101
22060,103,7,4,1,92
22061,104,7,4,1,92
22062,105,7,4,1,79
22063,106,7,4,1,90
22064,107,7,4,1,97
22065,108,7,4,1,102
22066,109,7,4,1,109
22067,110,7,4,1,89
22068,111,7,4,1,69
22069,112,7,4,1,99
22070,113,7,4,1,93
22071,114,7,4,1,87
22072,115,7,4,1,99
22073,116,7,4,1,92
22074,117,7,4,1,96
22075,118,7,4,1,99
22076,119,7,4,1,84
22077,120,7,4,1,99
22078,121,7,4,1,93
22079,122,7,4,1,99
22080,123,7,4,1,94
22081,124,7,4,1,103
22135,178,9,4,1,149
22136,179,9,4,1,119
22137,180,9,4,1,151
22138,181,10,4,1,126
22139,183,10,4,1,115
22140,184,10,4,1,106
22141,187,10,4,1,110
22142,1390,10,4,1,161
22143,189,10,4,1,100
22144,190,10,4,1,91
22145,191,10,4,1,103
22146,192,10,4,1,80
22147,193,10,4,1,92
22148,194,10,4,1,93
22149,195,10,4,1,85
22150,196,10,4,1,75
22151,197,10,4,1,154
22152,198,10,4,1,126
22251,326,12,4,1,110
22252,327,12,4,1,103
22253,328,12,4,1,94
22254,329,12,4,1,93
22336,425,14,4,1,115
22337,426,14,4,1,93
22338,427,14,4,1,74
22339,428,15,4,1,114
22340,431,15,4,1,98
22341,432,15,4,1,102
22342,433,15,4,1,116
22343,434,15,4,1,122
22344,435,15,4,1,96
22345,436,15,4,1,97
22504,607,18,4,1,120
22505,608,18,4,1,121
22506,609,18,4,1,93
22507,610,18,4,1,81
22508,611,18,4,1,92
22509,612,18,4,1,84
22510,613,18,4,1,82
22511,614,18,4,1,96
22512,615,18,4,1,86
22513,616,18,4,1,84
22514,617,18,4,1,103
22515,618,18,4,1,88
22516,619,18,4,1,99
22517,620,18,4,1,80
22518,621,19,4,1,145
22519,622,19,4,1,99
22520,623,19,4,1,82
22521,624,19,4,1,99
22522,625,19,4,1,96
22523,626,19,4,1,59
22524,627,19,4,1,74
22525,628,20,4,1,114
22526,629,20,4,1,108
22527,630,20,4,1,99
22528,631,20,4,1,95
22529,632,20,4,1,93
22530,633,20,4,1,92
22531,1396,20,4,1,90
22532,635,20,4,1,72
22533,636,20,4,1,110
22534,637,20,4,1,107
22535,638,20,4,1,107
22536,639,20,4,1,109
22537,640,20,4,1,78
22538,641,20,4,1,81
22539,642,20,4,1,81
22540,643,20,4,1,102
22541,644,20,4,1,96
22542,645,20,4,1,107
22543,646,20,4,1,107
22544,647,21,4,1,120
22545,648,21,4,1,94
22546,649,21,4,1,98
22547,650,21,4,1,93
22548,651,21,4,1,102
22549,652,22,4,1,111
22550,653,22,4,1,104
22551,654,22,4,1,102
22552,655,22,4,1,80
22553,1397,22,4,1,24
22554,657,22,4,1,96
22555,658,22,4,1,114
22556,659,22,4,1,106
22557,660,22,4,1,108
22558,661,22,4,1,72
22559,662,22,4,1,82
22560,663,22,4,1,117
22561,664,22,4,1,106
22562,1398,22,4,1,103
22563,666,22,4,1,95
22707,815,25,4,1,104
22708,817,25,4,1,93
22709,818,25,4,1,95
22710,819,25,4,1,97
22711,820,25,4,1,98
22712,821,25,4,1,96
22713,822,25,4,1,99
22714,823,25,4,1,103
22715,824,25,4,1,102
22716,825,25,4,1,102
22717,826,25,4,1,82
22718,827,25,4,1,96
22719,828,25,4,1,103
22720,829,25,4,1,85
22721,830,25,4,1,94
22722,831,25,4,1,94
22723,832,25,4,1,100
22724,833,25,4,1,91
22725,834,25,4,1,97
22726,835,25,4,1,85
22727,836,25,4,1,93
22728,837,25,4,1,104
22729,838,26,4,1,116
22730,839,26,4,1,112
22731,840,26,4,1,88
22732,841,26,4,1,97
22733,842,26,4,1,116
22734,843,26,4,1,97
22735,844,27,4,1,100
22736,1399,28,4,1,116
22737,1400,28,4,1,91
22738,847,28,4,1,85
22739,848,28,4,1,98
22832,1401,30,4,1,101
22868,987,32,4,1,111
22869,988,32,4,1,100
22870,989,32,4,1,105
22871,990,32,4,1,103
22872,991,33,4,1,113
22873,994,33,4,1,110
22874,998,33,4,1,119
22875,69,33,4,1,104
22876,999,33,4,1,97
22877,1000,33,4,1,105
22878,1002,33,4,1,88
22879,1003,33,4,1,88
22880,1004,33,4,1,87
22881,1005,33,4,1,73
22882,558,33,4,1,77
22883,1007,33,4,1,86
22884,1008,33,4,1,91
22885,1009,33,4,1,98
22944,1078,35,4,1,117
22945,1082,35,4,1,117
22946,1084,35,4,1,111
22947,1085,35,4,1,91
22948,1086,35,4,1,98
22949,1087,35,4,1,94
22950,1088,35,4,1,105
22951,1089,35,4,1,74
22952,1090,35,4,1,94
22953,1091,35,4,1,103
22954,1092,35,4,1,114
22955,1093,35,4,1,117
22991,1129,37,4,1,137
22992,1130,37,4,1,144
22993,1131,37,4,1,99
22994,1132,37,4,1,94
22995,1133,37,4,1,93
22996,1134,37,4,1,97
22997,1135,37,4,1,96
22998,1136,37,4,1,92
22999,1402,38,4,1,117
23000,1403,38,4,1,103
23001,1139,39,4,1,117
23002,1141,39,4,1,109
23003,1142,39,4,1,112
23004,1144,39,4,1,90
23005,1145,39,4,1,80
23006,1146,39,4,1,111
23007,1147,39,4,1,93
23008,1148,39,4,1,94
23009,1149,39,4,1,104
23010,1150,39,4,1,108
23011,1151,39,4,1,92
23012,1152,39,4,1,105
23013,1153,40,4,1,129
23014,1154,40,4,1,86
23015,1155,40,4,1,115
23016,1156,40,4,1,97
23017,1157,40,4,1,93
23018,1158,40,4,1,103
23019,1159,40,4,1,116
23020,1160,40,4,1,111
23021,1161,40,4,1,90
23022,1162,40,4,1,78
23023,1163,40,4,1,50
23024,1164,40,4,1,127
23025,1165,40,4,1,127
23026,1166,40,4,1,78
23027,1167,40,4,1,72
23028,1168,40,4,1,117
23029,1169,40,4,1,92
23030,1170,40,4,1,74
23031,1171,40,4,1,66
23032,1172,40,4,1,121
23033,1173,40,4,1,67
23034,1174,40,4,1,131
23035,1175,40,4,1,75
23036,1176,40,4,1,132
23037,1177,40,4,1,67
23038,1178,40,4,1,59
7011,1,1,3,1,106
7012,2,1,3,1,99
7013,3,1,3,1,107
7014,4,1,3,1,107
7015,5,1,3,1,92
7016,6,1,3,1,84
7017,7,1,3,1,92
7018,8,1,3,1,103
7019,9,1,3,1,92
7020,10,1,3,1,89
7021,11,1,3,1,94
7022,12,1,3,1,81
7023,13,1,3,1,92
7024,14,1,3,1,101
7025,15,1,3,1,179
7026,16,1,3,1,87
7027,17,1,3,1,111
7028,18,1,3,1,106
7029,19,1,3,1,159
7030,20,1,3,1,82
7031,21,2,3,1,147
7032,22,2,3,1,120
7033,23,2,3,1,122
7034,24,2,3,1,81
7035,25,2,3,1,131
7036,26,2,3,1,122
7037,27,3,3,1,89
7038,28,3,3,1,120
7039,29,3,3,1,118
7040,30,3,3,1,119
7041,31,3,3,1,84
7042,32,3,3,1,81
7043,33,3,3,1,104
7044,34,3,3,1,91
7045,35,3,3,1,73
7046,36,3,3,1,106
7047,37,3,3,1,102
7048,38,3,3,1,120
7049,39,3,3,1,68
7050,40,3,3,1,76
7051,41,3,3,1,69
7052,42,4,3,1,120
7053,43,4,3,1,142
7054,44,4,3,1,136
7055,45,4,3,1,98
7056,46,4,3,1,99
7057,47,4,3,1,120
7058,48,4,3,1,109
7059,49,4,3,1,105
7060,50,4,3,1,81
7061,51,4,3,1,93
7062,52,4,3,1,103
7063,53,4,3,1,90
7064,54,4,3,1,108
7065,55,4,3,1,85
7066,56,4,3,1,87
7067,57,4,3,1,131
7068,58,4,3,1,114
7069,59,4,3,1,99
7070,60,5,3,1,125
7071,61,5,3,1,116
7072,62,5,3,1,100
7073,63,5,3,1,124
7074,64,5,3,1,102
7075,65,5,3,1,132
7076,66,5,3,1,121
7077,67,5,3,1,109
7078,68,5,3,1,106
7079,69,5,3,1,93
7080,70,5,3,1,114
7081,71,5,3,1,112
7082,72,5,3,1,116
7083,73,5,3,1,125
7084,74,5,3,1,100
7085,75,5,3,1,99
7086,76,5,3,1,103
7087,77,5,3,1,61
7088,78,5,3,1,113
7089,79,5,3,1,137
7090,80,5,3,1,64
7091,81,5,3,1,125
7092,82,5,3,1,111
7093,83,5,3,1,131
7094,84,5,3,1,133
7095,85,5,3,1,104
7096,86,5,3,1,82
7097,87,6,3,1,122
7098,88,6,3,1,111
7099,89,6,3,1,126
7100,90,6,3,1,134
7101,91,6,3,1,129
7102,92,6,3,1,107
7103,93,6,3,1,117
7104,94,6,3,1,125
7105,95,6,3,1,97
7106,96,6,3,1,126
7107,97,6,3,1,113
7108,98,6,3,1,98
7109,99,7,3,1,109
7110,100,7,3,1,139
7111,101,7,3,1,100
7112,102,7,3,1,131
7113,103,7,3,1,130
7114,104,7,3,1,89
7115,105,7,3,1,106
7116,106,7,3,1,68
7117,107,7,3,1,69
7118,108,7,3,1,90
7119,109,7,3,1,114
7120,110,7,3,1,71
7121,111,7,3,1,66
7122,112,7,3,1,97
7123,113,7,3,1,62
7124,114,7,3,1,63
7125,115,7,3,1,91
7126,116,7,3,1,94
7127,117,7,3,1,72
7128,118,7,3,1,92
7129,119,7,3,1,73
7130,120,7,3,1,96
7131,121,7,3,1,76
7132,122,7,3,1,68
7133,123,7,3,1,67
7134,124,7,3,1,166
7188,178,9,3,1,145
7189,179,9,3,1,131
7190,180,9,3,1,145
7191,181,10,3,1,165
7192,182,10,3,1,152
7193,183,10,3,1,159
7194,184,10,3,1,123
7195,185,10,3,1,119
7196,186,10,3,1,134
7197,187,10,3,1,149
7198,188,10,3,1,187
7199,189,10,3,1,107
7200,190,10,3,1,97
7201,191,10,3,1,122
7202,192,10,3,1,98
7203,193,10,3,1,107
7204,194,10,3,1,104
7205,195,10,3,1,83
7206,196,10,3,1,88
7207,197,10,3,1,191
7208,198,10,3,1,149
7336,326,12,3,1,111
7337,327,12,3,1,113
7338,328,12,3,1,90
7339,329,12,3,1,100
7438,425,14,3,1,131
7439,426,14,3,1,97
7440,427,14,3,1,63
7441,428,15,3,1,125
7442,429,15,3,1,111
7443,430,15,3,1,110
7444,431,15,3,1,89
7445,432,15,3,1,111
7446,433,15,3,1,125
7447,434,15,3,1,125
7448,435,15,3,1,130
7449,436,15,3,1,91
7622,607,18,3,1,122
7623,608,18,3,1,108
7624,609,18,3,1,85
7625,610,18,3,1,47
7626,611,18,3,1,99
7627,612,18,3,1,86
7628,613,18,3,1,67
7629,614,18,3,1,94
7630,615,18,3,1,105
7631,616,18,3,1,84
7632,617,18,3,1,99
7633,618,18,3,1,94
7634,619,18,3,1,115
7635,620,18,3,1,95
7636,621,19,3,1,154
7637,622,19,3,1,111
7638,623,19,3,1,79
7639,624,19,3,1,124
7640,625,19,3,1,126
7641,626,19,3,1,82
7642,627,19,3,1,94
7643,628,20,3,1,125
7644,629,20,3,1,119
7645,630,20,3,1,111
7646,631,20,3,1,105
7647,632,20,3,1,100
7648,633,20,3,1,90
7649,634,20,3,1,83
7650,635,20,3,1,64
7651,636,20,3,1,108
7652,637,20,3,1,128
7653,638,20,3,1,108
7654,639,20,3,1,118
7655,640,20,3,1,117
7656,641,20,3,1,91
7657,642,20,3,1,65
7658,643,20,3,1,125
7659,644,20,3,1,109
7660,645,20,3,1,93
7661,646,20,3,1,126
7662,647,21,3,1,161
7663,648,21,3,1,121
7664,649,21,3,1,128
7665,650,21,3,1,147
7666,651,21,3,1,108
7667,652,22,3,1,110
7668,653,22,3,1,86
7669,654,22,3,1,92
7670,655,22,3,1,56
7671,656,22,3,1,28
7672,657,22,3,1,115
7673,658,22,3,1,129
7674,659,22,3,1,116
7675,660,22,3,1,134
7676,661,22,3,1,62
7677,662,22,3,1,66
7678,663,22,3,1,130
7679,664,22,3,1,107
7680,665,22,3,1,111
7681,666,22,3,1,76
7830,815,25,3,1,105
7831,816,25,3,1,111
7832,817,25,3,1,90
7833,818,25,3,1,96
7834,819,25,3,1,93
7835,820,25,3,1,98
7836,821,25,3,1,98
7837,822,25,3,1,93
7838,823,25,3,1,101
7839,824,25,3,1,98
7840,825,25,3,1,104
7841,826,25,3,1,77
7842,827,25,3,1,91
7843,828,25,3,1,117
7844,829,25,3,1,95
7845,830,25,3,1,88
7846,831,25,3,1,93
7847,832,25,3,1,109
7848,833,25,3,1,91
7849,834,25,3,1,85
7850,835,25,3,1,104
7851,836,25,3,1,92
7852,837,25,3,1,91
7853,838,26,3,1,129
7854,839,26,3,1,124
7855,840,26,3,1,97
7856,841,26,3,1,106
7857,842,26,3,1,125
7858,843,26,3,1,80
7859,844,27,3,1,102
7860,845,28,3,1,152
7861,846,28,3,1,104
7862,847,28,3,1,114
7863,848,28,3,1,97
7958,939,30,3,1,106
8006,987,32,3,1,109
8007,988,32,3,1,98
8008,989,32,3,1,106
8009,990,32,3,1,110
8010,991,33,3,1,119
8011,992,33,3,1,121
8012,993,33,3,1,107
8013,994,33,3,1,127
8014,995,33,3,1,116
8015,996,33,3,1,118
8016,997,33,3,1,135
8017,998,33,3,1,118
8018,69,33,3,1,119
8019,999,33,3,1,104
8020,1000,33,3,1,145
8021,1001,33,3,1,151
8022,1002,33,3,1,102
8023,1003,33,3,1,99
8024,1004,33,3,1,86
8025,1005,33,3,1,102
8026,558,33,3,1,80
8027,1006,33,3,1,74
8028,1007,33,3,1,88
8029,1008,33,3,1,85
8030,1009,33,3,1,110
8099,1078,35,3,1,125
8100,1079,35,3,1,106
8101,1080,35,3,1,126
8102,1081,35,3,1,126
8103,1082,35,3,1,125
8104,1083,35,3,1,117
8105,1084,35,3,1,125
8106,1085,35,3,1,103
8107,1086,35,3,1,105
8108,1087,35,3,1,101
8109,1088,35,3,1,102
8110,1089,35,3,1,69
8111,1090,35,3,1,87
8112,1091,35,3,1,100
8113,1092,35,3,1,106
8114,1093,35,3,1,117
8150,1129,37,3,1,188
8151,1130,37,3,1,172
8152,1131,37,3,1,108
8153,1132,37,3,1,78
8154,1133,37,3,1,117
8155,1134,37,3,1,131
8156,1135,37,3,1,119
8157,1136,37,3,1,103
8158,1137,38,3,1,122
8159,1138,38,3,1,116
8160,1139,39,3,1,122
8161,1140,39,3,1,84
8162,1141,39,3,1,107
8163,1142,39,3,1,110
8164,1143,39,3,1,94
8165,1144,39,3,1,91
8166,1145,39,3,1,77
8167,1146,39,3,1,118
8168,1147,39,3,1,106
8169,1148,39,3,1,106
8170,1149,39,3,1,106
8171,1150,39,3,1,113
8172,1151,39,3,1,111
8173,1152,39,3,1,105
8174,1153,40,3,1,123
8175,1154,40,3,1,104
8176,1155,40,3,1,124
8177,1156,40,3,1,112
8178,1157,40,3,1,100
8179,1158,40,3,1,106
8180,1159,40,3,1,107
8181,1160,40,3,1,122
8182,1161,40,3,1,117
8183,1162,40,3,1,95
8184,1163,40,3,1,55
8185,1164,40,3,1,114
8186,1165,40,3,1,113
8187,1166,40,3,1,80
8188,1167,40,3,1,82
8189,1168,40,3,1,108
8190,1169,40,3,1,90
8191,1170,40,3,1,103
8192,1171,40,3,1,74
8193,1172,40,3,1,116
8194,1173,40,3,1,82
8195,1174,40,3,1,109
8196,1175,40,3,1,74
8197,1176,40,3,1,112
8198,1177,40,3,1,74
8199,1178,40,3,1,94
23250,1,1,3,1,105
23251,3,1,3,1,105
23252,4,1,3,1,104
23253,5,1,3,1,95
23254,7,1,3,1,91
23255,8,1,3,1,100
23256,9,1,3,1,100
23257,10,1,3,1,91
23258,11,1,3,1,98
23259,12,1,3,1,85
23260,13,1,3,1,89
23261,14,1,3,1,98
23262,15,1,3,1,137
23263,16,1,3,1,85
23264,17,1,3,1,98
23265,18,1,3,1,96
23266,19,1,3,1,131
23267,20,1,3,1,80
23268,21,2,3,1,130
23269,22,2,3,1,93
23270,23,2,3,1,92
23271,24,2,3,1,81
23272,25,2,3,1,112
23273,26,2,3,1,89
23274,1389,3,3,1,98
23275,29,3,3,1,119
23276,30,3,3,1,118
23277,31,3,3,1,82
23278,32,3,3,1,80
23279,33,3,3,1,102
23280,34,3,3,1,82
23281,35,3,3,1,71
23282,36,3,3,1,105
23283,37,3,3,1,99
23284,38,3,3,1,120
23285,39,3,3,1,69
23286,40,3,3,1,74
23287,41,3,3,1,68
23288,42,4,3,1,119
23289,44,4,3,1,119
23290,45,4,3,1,95
23291,46,4,3,1,92
23292,47,4,3,1,116
23293,48,4,3,1,108
23294,49,4,3,1,104
23295,50,4,3,1,81
23296,51,4,3,1,93
23297,52,4,3,1,95
23298,53,4,3,1,85
23299,54,4,3,1,101
23300,55,4,3,1,85
23301,56,4,3,1,87
23302,57,4,3,1,124
23303,58,4,3,1,114
23304,59,4,3,1,99
23305,60,5,3,1,121
23306,62,5,3,1,100
23307,63,5,3,1,123
23308,64,5,3,1,94
23309,65,5,3,1,124
23310,66,5,3,1,111
23311,67,5,3,1,104
23312,68,5,3,1,91
23313,69,5,3,1,89
23314,70,5,3,1,101
23315,71,5,3,1,106
23316,72,5,3,1,113
23317,73,5,3,1,129
23318,74,5,3,1,91
23319,75,5,3,1,90
23320,76,5,3,1,89
23321,77,5,3,1,66
23322,78,5,3,1,96
23323,79,5,3,1,139
23324,80,5,3,1,64
23325,81,5,3,1,126
23326,82,5,3,1,85
23327,83,5,3,1,103
23328,84,5,3,1,109
23329,85,5,3,1,70
23330,86,5,3,1,82
23331,87,6,3,1,107
23332,89,6,3,1,116
23333,91,6,3,1,114
23334,92,6,3,1,100
23335,93,6,3,1,108
23336,94,6,3,1,114
23337,95,6,3,1,85
23338,96,6,3,1,114
23339,97,6,3,1,105
23340,98,6,3,1,97
23341,99,7,3,1,109
23342,100,7,3,1,139
23343,101,7,3,1,100
23344,102,7,3,1,131
23345,103,7,3,1,130
23346,104,7,3,1,89
23347,105,7,3,1,106
23348,106,7,3,1,68
23349,107,7,3,1,76
23350,108,7,3,1,90
23351,109,7,3,1,112
23352,110,7,3,1,69
23353,111,7,3,1,66
23354,112,7,3,1,93
23355,113,7,3,1,62
23356,114,7,3,1,62
23357,115,7,3,1,88
23358,116,7,3,1,94
23359,117,7,3,1,71
23360,118,7,3,1,82
23361,119,7,3,1,73
23362,120,7,3,1,93
23363,121,7,3,1,76
23364,122,7,3,1,68
23365,123,7,3,1,67
23366,124,7,3,1,166
23420,178,9,3,1,134
23421,179,9,3,1,106
23422,180,9,3,1,127
23423,181,10,3,1,131
23424,183,10,3,1,121
23425,184,10,3,1,98
23426,187,10,3,1,108
23427,1390,10,3,1,154
23428,189,10,3,1,86
23429,190,10,3,1,85
23430,191,10,3,1,90
23431,192,10,3,1,86
23432,193,10,3,1,88
23433,194,10,3,1,91
23434,195,10,3,1,74
23435,196,10,3,1,77
23436,197,10,3,1,166
23437,198,10,3,1,124
23536,326,12,3,1,106
23537,327,12,3,1,115
23538,328,12,3,1,87
23539,329,12,3,1,96
23621,425,14,3,1,120
23622,426,14,3,1,84
23623,427,14,3,1,63
23624,428,15,3,1,109
23625,431,15,3,1,87
23626,432,15,3,1,109
23627,433,15,3,1,126
23628,434,15,3,1,105
23629,435,15,3,1,121
23630,436,15,3,1,85
23789,607,18,3,1,119
23790,608,18,3,1,106
23791,609,18,3,1,86
23792,610,18,3,1,59
23793,611,18,3,1,95
23794,612,18,3,1,80
23795,613,18,3,1,73
23796,614,18,3,1,89
23797,615,18,3,1,97
23798,616,18,3,1,82
23799,617,18,3,1,90
23800,618,18,3,1,91
23801,619,18,3,1,104
23802,620,18,3,1,88
23803,621,19,3,1,133
23804,622,19,3,1,93
23805,623,19,3,1,72
23806,624,19,3,1,105
23807,625,19,3,1,95
23808,626,19,3,1,71
23809,627,19,3,1,79
23810,628,20,3,1,119
23811,629,20,3,1,109
23812,630,20,3,1,97
23813,631,20,3,1,96
23814,632,20,3,1,97
23815,633,20,3,1,89
23816,1396,20,3,1,80
23817,635,20,3,1,65
23818,636,20,3,1,104
23819,637,20,3,1,105
23820,638,20,3,1,98
23821,639,20,3,1,101
23822,640,20,3,1,94
23823,641,20,3,1,86
23824,642,20,3,1,65
23825,643,20,3,1,117
23826,644,20,3,1,96
23827,645,20,3,1,87
23828,646,20,3,1,108
23829,647,21,3,1,136
23830,648,21,3,1,80
23831,649,21,3,1,88
23832,650,21,3,1,85
23833,651,21,3,1,95
23834,652,22,3,1,110
23835,653,22,3,1,81
23836,654,22,3,1,85
23837,655,22,3,1,58
23838,1397,22,3,1,32
23839,657,22,3,1,100
23840,658,22,3,1,124
23841,659,22,3,1,112
23842,660,22,3,1,124
23843,661,22,3,1,60
23844,662,22,3,1,63
23845,663,22,3,1,126
23846,664,22,3,1,96
23847,1398,22,3,1,90
23848,666,22,3,1,74
23992,815,25,3,1,104
23993,817,25,3,1,90
23994,818,25,3,1,96
23995,819,25,3,1,93
23996,820,25,3,1,98
23997,821,25,3,1,96
23998,822,25,3,1,93
23999,823,25,3,1,100
24000,824,25,3,1,97
24001,825,25,3,1,104
24002,826,25,3,1,77
24003,827,25,3,1,91
24004,828,25,3,1,104
24005,829,25,3,1,95
24006,830,25,3,1,88
24007,831,25,3,1,93
24008,832,25,3,1,109
24009,833,25,3,1,91
24010,834,25,3,1,85
24011,835,25,3,1,104
24012,836,25,3,1,92
24013,837,25,3,1,91
24014,838,26,3,1,118
24015,839,26,3,1,115
24016,840,26,3,1,86
24017,841,26,3,1,106
24018,842,26,3,1,125
24019,843,26,3,1,80
24020,844,27,3,1,100
24021,1399,28,3,1,119
24022,1400,28,3,1,84
24023,847,28,3,1,90
24024,848,28,3,1,84
24117,1401,30,3,1,101
24153,987,32,3,1,110
24154,988,32,3,1,99
24155,989,32,3,1,107
24156,990,32,3,1,108
24157,991,33,3,1,112
24158,994,33,3,1,118
24159,998,33,3,1,117
24160,69,33,3,1,111
24161,999,33,3,1,97
24162,1000,33,3,1,135
24163,1002,33,3,1,88
24164,1003,33,3,1,82
24165,1004,33,3,1,72
24166,1005,33,3,1,74
24167,558,33,3,1,71
24168,1007,33,3,1,81
24169,1008,33,3,1,83
24170,1009,33,3,1,99
24229,1078,35,3,1,122
24230,1082,35,3,1,123
24231,1084,35,3,1,116
24232,1085,35,3,1,97
24233,1086,35,3,1,94
24234,1087,35,3,1,99
24235,1088,35,3,1,100
24236,1089,35,3,1,60
24237,1090,35,3,1,86
24238,1091,35,3,1,100
24239,1092,35,3,1,106
24240,1093,35,3,1,117
24276,1129,37,3,1,153
24277,1130,37,3,1,149
24278,1131,37,3,1,90
24279,1132,37,3,1,65
24280,1133,37,3,1,93
24281,1134,37,3,1,93
24282,1135,37,3,1,94
24283,1136,37,3,1,76
24284,1402,38,3,1,113
24285,1403,38,3,1,104
24286,1139,39,3,1,119
24287,1141,39,3,1,103
24288,1142,39,3,1,103
24289,1144,39,3,1,89
24290,1145,39,3,1,75
24291,1146,39,3,1,114
24292,1147,39,3,1,100
24293,1148,39,3,1,105
24294,1149,39,3,1,103
24295,1150,39,3,1,112
24296,1151,39,3,1,93
24297,1152,39,3,1,105
24298,1153,40,3,1,123
24299,1154,40,3,1,104
24300,1155,40,3,1,124
24301,1156,40,3,1,112
24302,1157,40,3,1,100
24303,1158,40,3,1,106
24304,1159,40,3,1,107
24305,1160,40,3,1,122
24306,1161,40,3,1,117
24307,1162,40,3,1,95
24308,1163,40,3,1,55
24309,1164,40,3,1,114
24310,1165,40,3,1,113
24311,1166,40,3,1,80
24312,1167,40,3,1,82
24313,1168,40,3,1,108
24314,1169,40,3,1,90
24315,1170,40,3,1,103
24316,1171,40,3,1,74
24317,1172,40,3,1,116
24318,1173,40,3,1,82
24319,1174,40,3,1,109
24320,1175,40,3,1,74
24321,1176,40,3,1,112
24322,1177,40,3,1,74
24323,1178,40,3,1,94
5609,1,1,3,2,104
5610,2,1,3,2,106
5611,3,1,3,2,107
5612,4,1,3,2,106
5613,5,1,3,2,102
5614,6,1,3,2,97
5615,7,1,3,2,94
5616,8,1,3,2,119
5617,9,1,3,2,103
5618,10,1,3,2,97
5619,11,1,3,2,104
5620,12,1,3,2,91
5621,13,1,3,2,103
5622,14,1,3,2,106
5623,15,1,3,2,143
5624,16,1,3,2,100
5625,17,1,3,2,106
5626,18,1,3,2,112
5627,19,1,3,2,124
5628,20,1,3,2,94
5629,21,2,3,2,128
5630,22,2,3,2,111
5631,23,2,3,2,91
5632,24,2,3,2,89
5633,25,2,3,2,115
5634,26,2,3,2,111
5635,27,3,3,2,96
5636,28,3,3,2,114
5637,29,3,3,2,109
5638,30,3,3,2,117
5639,31,3,3,2,78
5640,32,3,3,2,78
5641,33,3,3,2,107
5642,34,3,3,2,91
5643,35,3,3,2,79
5644,36,3,3,2,112
5645,37,3,3,2,99
5646,38,3,3,2,105
5647,39,3,3,2,86
5648,40,3,3,2,74
5649,41,3,3,2,77
5650,42,4,3,2,112
5651,43,4,3,2,140
5652,44,4,3,2,151
5653,45,4,3,2,87
5654,46,4,3,2,108
5655,47,4,3,2,110
5656,48,4,3,2,131
5657,49,4,3,2,103
5658,50,4,3,2,75
5659,51,4,3,2,99
5660,52,4,3,2,106
5661,53,4,3,2,72
5662,54,4,3,2,137
5663,55,4,3,2,108
5664,56,4,3,2,110
5665,57,4,3,2,124
5666,58,4,3,2,137
5667,59,4,3,2,108
5668,60,5,3,2,116
5669,61,5,3,2,53
5670,62,5,3,2,107
5671,63,5,3,2,146
5672,64,5,3,2,111
5673,65,5,3,2,88
5674,66,5,3,2,136
5675,67,5,3,2,154
5676,68,5,3,2,52
5677,69,5,3,2,68
5678,70,5,3,2,64
5679,71,5,3,2,71
5680,72,5,3,2,162
5681,73,5,3,2,68
5682,74,5,3,2,169
5683,75,5,3,2,43
5684,76,5,3,2,124
5685,77,5,3,2,36
5686,78,5,3,2,195
5687,79,5,3,2,212
5688,80,5,3,2,40
5689,81,5,3,2,146
5690,82,5,3,2,64
5691,83,5,3,2,69
5692,84,5,3,2,125
5693,85,5,3,2,206
5694,86,5,3,2,63
5695,87,6,3,2,153
5696,88,6,3,2,99
5697,89,6,3,2,164
5698,90,6,3,2,190
5699,91,6,3,2,186
5700,92,6,3,2,121
5701,93,6,3,2,141
5702,94,6,3,2,154
5703,95,6,3,2,114
5704,96,6,3,2,186
5705,97,6,3,2,109
5706,98,6,3,2,114
5707,99,7,3,2,116
5708,100,7,3,2,153
5709,101,7,3,2,25
5710,102,7,3,2,117
5711,103,7,3,2,149
5712,104,7,3,2,68
5713,105,7,3,2,160
5714,106,7,3,2,21
5715,107,7,3,2,39
5716,108,7,3,2,55
5717,109,7,3,2,111
5718,110,7,3,2,74
5719,111,7,3,2,77
5720,112,7,3,2,90
5721,113,7,3,2,46
5722,114,7,3,2,48
5723,115,7,3,2,100
5724,116,7,3,2,115
5725,117,7,3,2,63
5726,118,7,3,2,99
5727,119,7,3,2,89
5728,120,7,3,2,122
5729,121,7,3,2,67
5730,122,7,3,2,62
5731,123,7,3,2,61
5732,124,7,3,2,277
5786,178,9,3,2,121
5787,179,9,3,2,105
5788,180,9,3,2,129
5789,181,10,3,2,117
5790,182,10,3,2,137
5791,183,10,3,2,108
5792,184,10,3,2,90
5793,185,10,3,2,87
5794,186,10,3,2,104
5795,187,10,3,2,207
5796,188,10,3,2,266
5797,189,10,3,2,127
5798,190,10,3,2,123
5799,191,10,3,2,215
5800,192,10,3,2,119
5801,193,10,3,2,116
5802,194,10,3,2,78
5803,195,10,3,2,136
5804,196,10,3,2,161
5805,197,10,3,2,206
5806,198,10,3,2,243
5934,326,12,3,2,96
5935,327,12,3,2,108
5936,328,12,3,2,74
5937,329,12,3,2,106
6036,425,14,3,2,129
6037,426,14,3,2,120
6038,427,14,3,2,89
6039,428,15,3,2,105
6040,429,15,3,2,96
6041,430,15,3,2,88
6042,431,15,3,2,87
6043,432,15,3,2,124
6044,433,15,3,2,104
6045,434,15,3,2,75
6046,435,15,3,2,86
6047,436,15,3,2,75
6220,607,18,3,2,113
6221,608,18,3,2,176
6222,609,18,3,2,70
6223,610,18,3,2,45
6224,611,18,3,2,78
6225,612,18,3,2,70
6226,613,18,3,2,52
6227,614,18,3,2,78
6228,615,18,3,2,92
6229,616,18,3,2,95
6230,617,18,3,2,175
6231,618,18,3,2,79
6232,619,18,3,2,87
6233,620,18,3,2,74
6234,621,19,3,2,150
6235,622,19,3,2,111
6236,623,19,3,2,75
6237,624,19,3,2,120
6238,625,19,3,2,120
6239,626,19,3,2,83
6240,627,19,3,2,77
6241,628,20,3,2,113
6242,629,20,3,2,131
6243,630,20,3,2,91
6244,631,20,3,2,117
6245,632,20,3,2,101
6246,633,20,3,2,91
6247,634,20,3,2,86
6248,635,20,3,2,100
6249,636,20,3,2,98
6250,637,20,3,2,89
6251,638,20,3,2,113
6252,639,20,3,2,139
6253,640,20,3,2,104
6254,641,20,3,2,96
6255,642,20,3,2,58
6256,643,20,3,2,88
6257,644,20,3,2,146
6258,645,20,3,2,102
6259,646,20,3,2,96
6260,647,21,3,2,116
6261,648,21,3,2,112
6262,649,21,3,2,190
6263,650,21,3,2,124
6264,651,21,3,2,86
6265,652,22,3,2,111
6266,653,22,3,2,55
6267,654,22,3,2,69
6268,655,22,3,2,26
6269,656,22,3,2,16
6270,657,22,3,2,108
6271,658,22,3,2,137
6272,659,22,3,2,126
6273,660,22,3,2,161
6274,661,22,3,2,25
6275,662,22,3,2,43
6276,663,22,3,2,142
6277,664,22,3,2,102
6278,665,22,3,2,147
6279,666,22,3,2,55
6428,815,25,3,2,100
6429,816,25,3,2,116
6430,817,25,3,2,93
6431,818,25,3,2,101
6432,819,25,3,2,97
6433,820,25,3,2,106
6434,821,25,3,2,99
6435,822,25,3,2,106
6436,823,25,3,2,107
6437,824,25,3,2,102
6438,825,25,3,2,112
6439,826,25,3,2,83
6440,827,25,3,2,103
6441,828,25,3,2,129
6442,829,25,3,2,109
6443,830,25,3,2,100
6444,831,25,3,2,97
6445,832,25,3,2,119
6446,833,25,3,2,96
6447,834,25,3,2,96
6448,835,25,3,2,110
6449,836,25,3,2,99
6450,837,25,3,2,105
6451,838,26,3,2,137
6452,839,26,3,2,133
6453,840,26,3,2,105
6454,841,26,3,2,114
6455,842,26,3,2,117
6456,843,26,3,2,77
6457,844,27,3,2,100
6458,845,28,3,2,157
6459,846,28,3,2,124
6460,847,28,3,2,113
6461,848,28,3,2,96
6556,939,30,3,2,107
6604,987,32,3,2,78
6605,988,32,3,2,94
6606,989,32,3,2,92
6607,990,32,3,2,99
6608,991,33,3,2,122
6609,992,33,3,2,125
6610,993,33,3,2,113
6611,994,33,3,2,116
6612,995,33,3,2,112
6613,996,33,3,2,115
6614,997,33,3,2,127
6615,998,33,3,2,117
6616,69,33,3,2,121
6617,999,33,3,2,100
6618,1000,33,3,2,170
6619,1001,33,3,2,171
6620,1002,33,3,2,110
6621,1003,33,3,2,101
6622,1004,33,3,2,92
6623,1005,33,3,2,100
6624,558,33,3,2,114
6625,1006,33,3,2,75
6626,1007,33,3,2,93
6627,1008,33,3,2,92
6628,1009,33,3,2,102
6697,1078,35,3,2,108
6698,1079,35,3,2,88
6699,1080,35,3,2,118
6700,1081,35,3,2,112
6701,1082,35,3,2,110
6702,1083,35,3,2,119
6703,1084,35,3,2,120
6704,1085,35,3,2,109
6705,1086,35,3,2,112
6706,1087,35,3,2,90
6707,1088,35,3,2,106
6708,1089,35,3,2,85
6709,1090,35,3,2,85
6710,1091,35,3,2,110
6711,1092,35,3,2,100
6712,1093,35,3,2,119
6748,1129,37,3,2,128
6749,1130,37,3,2,319
6750,1131,37,3,2,188
6751,1132,37,3,2,76
6752,1133,37,3,2,100
6753,1134,37,3,2,88
6754,1135,37,3,2,87
6755,1136,37,3,2,92
6756,1137,38,3,2,132
6757,1138,38,3,2,96
6758,1139,39,3,2,121
6759,1140,39,3,2,89
6760,1141,39,3,2,96
6761,1142,39,3,2,122
6762,1143,39,3,2,105
6763,1144,39,3,2,92
6764,1145,39,3,2,94
6765,1146,39,3,2,98
6766,1147,39,3,2,88
6767,1148,39,3,2,102
6768,1149,39,3,2,85
6769,1150,39,3,2,118
6770,1151,39,3,2,74
6771,1152,39,3,2,103
6772,1153,40,3,2,112
6773,1154,40,3,2,104
6774,1155,40,3,2,126
6775,1156,40,3,2,99
6776,1157,40,3,2,95
6777,1158,40,3,2,81
6778,1159,40,3,2,118
6779,1160,40,3,2,82
6780,1161,40,3,2,71
6781,1162,40,3,2,104
6782,1163,40,3,2,72
6783,1164,40,3,2,110
6784,1165,40,3,2,111
6785,1166,40,3,2,79
6786,1167,40,3,2,85
6787,1168,40,3,2,102
6788,1169,40,3,2,95
6789,1170,40,3,2,69
6790,1171,40,3,2,68
6791,1172,40,3,2,103
6792,1173,40,3,2,77
6793,1174,40,3,2,103
6794,1175,40,3,2,72
6795,1176,40,3,2,121
6796,1177,40,3,2,82
6797,1178,40,3,2,61
24535,1,1,3,2,103
24536,3,1,3,2,105
24537,4,1,3,2,103
24538,5,1,3,2,101
24539,7,1,3,2,93
24540,8,1,3,2,106
24541,9,1,3,2,109
24542,10,1,3,2,96
24543,11,1,3,2,105
24544,12,1,3,2,96
24545,13,1,3,2,95
24546,14,1,3,2,98
24547,15,1,3,2,115
24548,16,1,3,2,90
24549,17,1,3,2,89
24550,18,1,3,2,97
24551,19,1,3,2,103
24552,20,1,3,2,84
24553,21,2,3,2,119
24554,22,2,3,2,94
24555,23,2,3,2,85
24556,24,2,3,2,82
24557,25,2,3,2,96
24558,26,2,3,2,89
24559,1389,3,3,2,99
24560,29,3,3,2,110
24561,30,3,3,2,113
24562,31,3,3,2,75
24563,32,3,3,2,76
24564,33,3,3,2,104
24565,34,3,3,2,83
24566,35,3,3,2,80
24567,36,3,3,2,107
24568,37,3,3,2,97
24569,38,3,3,2,106
24570,39,3,3,2,87
24571,40,3,3,2,77
24572,41,3,3,2,72
24573,42,4,3,2,110
24574,44,4,3,2,134
24575,45,4,3,2,85
24576,46,4,3,2,100
24577,47,4,3,2,107
24578,48,4,3,2,131
24579,49,4,3,2,102
24580,50,4,3,2,75
24581,51,4,3,2,99
24582,52,4,3,2,99
24583,53,4,3,2,68
24584,54,4,3,2,134
24585,55,4,3,2,108
24586,56,4,3,2,110
24587,57,4,3,2,115
24588,58,4,3,2,137
24589,59,4,3,2,108
24590,60,5,3,2,111
24591,62,5,3,2,111
24592,63,5,3,2,143
24593,64,5,3,2,102
24594,65,5,3,2,88
24595,66,5,3,2,120
24596,67,5,3,2,149
24597,68,5,3,2,51
24598,69,5,3,2,66
24599,70,5,3,2,56
24600,71,5,3,2,68
24601,72,5,3,2,158
24602,73,5,3,2,83
24603,74,5,3,2,150
24604,75,5,3,2,41
24605,76,5,3,2,112
24606,77,5,3,2,43
24607,78,5,3,2,162
24608,79,5,3,2,212
24609,80,5,3,2,40
24610,81,5,3,2,147
24611,82,5,3,2,53
24612,83,5,3,2,56
24613,84,5,3,2,93
24614,85,5,3,2,123
24615,86,5,3,2,63
24616,87,6,3,2,105
24617,89,6,3,2,123
24618,91,6,3,2,151
24619,92,6,3,2,99
24620,93,6,3,2,109
24621,94,6,3,2,128
24622,95,6,3,2,87
24623,96,6,3,2,153
24624,97,6,3,2,92
24625,98,6,3,2,92
24626,99,7,3,2,116
24627,100,7,3,2,153
24628,101,7,3,2,25
24629,102,7,3,2,117
24630,103,7,3,2,149
24631,104,7,3,2,68
24632,105,7,3,2,160
24633,106,7,3,2,21
24634,107,7,3,2,51
24635,108,7,3,2,54
24636,109,7,3,2,111
24637,110,7,3,2,76
24638,111,7,3,2,77
24639,112,7,3,2,91
24640,113,7,3,2,46
24641,114,7,3,2,51
24642,115,7,3,2,96
24643,116,7,3,2,115
24644,117,7,3,2,63
24645,118,7,3,2,95
24646,119,7,3,2,89
24647,120,7,3,2,119
24648,121,7,3,2,67
24649,122,7,3,2,62
24650,123,7,3,2,61
24651,124,7,3,2,277
24705,178,9,3,2,111
24706,179,9,3,2,94
24707,180,9,3,2,121
24708,181,10,3,2,110
24709,183,10,3,2,98
24710,184,10,3,2,88
24711,187,10,3,2,160
24712,1390,10,3,2,221
24713,189,10,3,2,101
24714,190,10,3,2,112
24715,191,10,3,2,161
24716,192,10,3,2,101
24717,193,10,3,2,92
24718,194,10,3,2,70
24719,195,10,3,2,108
24720,196,10,3,2,124
24721,197,10,3,2,149
24722,198,10,3,2,217
24821,326,12,3,2,94
24822,327,12,3,2,115
24823,328,12,3,2,87
24824,329,12,3,2,103
24906,425,14,3,2,118
24907,426,14,3,2,103
24908,427,14,3,2,89
24909,428,15,3,2,91
24910,431,15,3,2,80
24911,432,15,3,2,110
24912,433,15,3,2,141
24913,434,15,3,2,68
24914,435,15,3,2,82
24915,436,15,3,2,77
25074,607,18,3,2,110
25075,608,18,3,2,156
25076,609,18,3,2,72
25077,610,18,3,2,56
25078,611,18,3,2,74
25079,612,18,3,2,66
25080,613,18,3,2,64
25081,614,18,3,2,76
25082,615,18,3,2,87
25083,616,18,3,2,91
25084,617,18,3,2,164
25085,618,18,3,2,77
25086,619,18,3,2,84
25087,620,18,3,2,77
25088,621,19,3,2,131
25089,622,19,3,2,95
25090,623,19,3,2,66
25091,624,19,3,2,103
25092,625,19,3,2,89
25093,626,19,3,2,69
25094,627,19,3,2,70
25095,628,20,3,2,119
25096,629,20,3,2,122
25097,630,20,3,2,76
25098,631,20,3,2,103
25099,632,20,3,2,105
25100,633,20,3,2,93
25101,1396,20,3,2,84
25102,635,20,3,2,100
25103,636,20,3,2,93
25104,637,20,3,2,78
25105,638,20,3,2,104
25106,639,20,3,2,125
25107,640,20,3,2,62
25108,641,20,3,2,80
25109,642,20,3,2,55
25110,643,20,3,2,90
25111,644,20,3,2,97
25112,645,20,3,2,96
25113,646,20,3,2,105
25114,647,21,3,2,116
25115,648,21,3,2,90
25116,649,21,3,2,115
25117,650,21,3,2,85
25118,651,21,3,2,80
25119,652,22,3,2,111
25120,653,22,3,2,61
25121,654,22,3,2,60
25122,655,22,3,2,26
25123,1397,22,3,2,78
25124,657,22,3,2,103
25125,658,22,3,2,132
25126,659,22,3,2,117
25127,660,22,3,2,141
25128,661,22,3,2,28
25129,662,22,3,2,37
25130,663,22,3,2,136
25131,664,22,3,2,86
25132,1398,22,3,2,100
25133,666,22,3,2,59
25277,815,25,3,2,101
25278,817,25,3,2,94
25279,818,25,3,2,101
25280,819,25,3,2,97
25281,820,25,3,2,106
25282,821,25,3,2,97
25283,822,25,3,2,106
25284,823,25,3,2,106
25285,824,25,3,2,102
25286,825,25,3,2,112
25287,826,25,3,2,83
25288,827,25,3,2,103
25289,828,25,3,2,116
25290,829,25,3,2,109
25291,830,25,3,2,100
25292,831,25,3,2,97
25293,832,25,3,2,119
25294,833,25,3,2,96
25295,834,25,3,2,96
25296,835,25,3,2,110
25297,836,25,3,2,99
25298,837,25,3,2,105
25299,838,26,3,2,122
25300,839,26,3,2,120
25301,840,26,3,2,89
25302,841,26,3,2,114
25303,842,26,3,2,117
25304,843,26,3,2,77
25305,844,27,3,2,100
25306,1399,28,3,2,120
25307,1400,28,3,2,97
25308,847,28,3,2,87
25309,848,28,3,2,82
25402,1401,30,3,2,101
25438,987,32,3,2,91
25439,988,32,3,2,103
25440,989,32,3,2,98
25441,990,32,3,2,110
25442,991,33,3,2,115
25443,994,33,3,2,107
25444,998,33,3,2,115
25445,69,33,3,2,114
25446,999,33,3,2,92
25447,1000,33,3,2,156
25448,1002,33,3,2,92
25449,1003,33,3,2,81
25450,1004,33,3,2,75
25451,1005,33,3,2,69
25452,558,33,3,2,90
25453,1007,33,3,2,84
25454,1008,33,3,2,89
25455,1009,33,3,2,91
25514,1078,35,3,2,108
25515,1082,35,3,2,110
25516,1084,35,3,2,116
25517,1085,35,3,2,104
25518,1086,35,3,2,106
25519,1087,35,3,2,87
25520,1088,35,3,2,107
25521,1089,35,3,2,72
25522,1090,35,3,2,86
25523,1091,35,3,2,110
25524,1092,35,3,2,100
25525,1093,35,3,2,121
25561,1129,37,3,2,117
25562,1130,37,3,2,270
25563,1131,37,3,2,158
25564,1132,37,3,2,76
25565,1133,37,3,2,93
25566,1134,37,3,2,67
25567,1135,37,3,2,84
25568,1136,37,3,2,62
25569,1402,38,3,2,120
25570,1403,38,3,2,87
25571,1139,39,3,2,117
25572,1141,39,3,2,101
25573,1142,39,3,2,116
25574,1144,39,3,2,93
25575,1145,39,3,2,97
25576,1146,39,3,2,95
25577,1147,39,3,2,86
25578,1148,39,3,2,103
25579,1149,39,3,2,86
25580,1150,39,3,2,114
25581,1151,39,3,2,70
25582,1152,39,3,2,103
25583,1153,40,3,2,112
25584,1154,40,3,2,104
25585,1155,40,3,2,126
25586,1156,40,3,2,99
25587,1157,40,3,2,95
25588,1158,40,3,2,81
25589,1159,40,3,2,118
25590,1160,40,3,2,82
25591,1161,40,3,2,71
25592,1162,40,3,2,104
25593,1163,40,3,2,72
25594,1164,40,3,2,110
25595,1165,40,3,2,111
25596,1166,40,3,2,79
25597,1167,40,3,2,85
25598,1168,40,3,2,102
25599,1169,40,3,2,95
25600,1170,40,3,2,69
25601,1171,40,3,2,68
25602,1172,40,3,2,103
25603,1173,40,3,2,77
25604,1174,40,3,2,103
25605,1175,40,3,2,72
25606,1176,40,3,2,121
25607,1177,40,3,2,82
25608,1178,40,3,2,61
