TelecomFact_ID,Country_Key,Time_Key,NetworkTypeKey,NetworkAccessKey,Telecom_Key,Unit_Key,MeasureValue
1829,1,1,1,2,2,2,937000.0
1225,1,1,1,3,2,2,5242080.0
2833,1,1,1,6,2,2,1629920.0
3848,1,1,1,7,2,2,217000.0
3437,1,1,1,11,2,2,132000.0
1,1,1,1,12,2,2,8158000.0
4348,1,1,2,4,2,2,26981000.0
4960,1,1,2,5,2,2,6561000.0
613,1,1,2,12,2,2,33542000.0
1830,1,2,1,2,2,2,1512027.0
1226,1,2,1,3,2,2,4869033.0
2834,1,2,1,6,2,2,1637826.0
3849,1,2,1,7,2,2,269020.0
3438,1,2,1,11,2,2,135551.0
2,1,2,1,12,2,2,8423457.0
4349,1,2,2,4,2,2,24298000.0
4961,1,2,2,5,2,2,7970000.0
6228,1,2,2,9,1,1,4.64
614,1,2,2,12,2,2,32268000.0
1831,1,3,1,2,2,2,1734855.0
1227,1,3,1,3,2,2,4872008.0
2835,1,3,1,6,2,2,1675767.0
3850,1,3,1,7,2,2,289603.0
3439,1,3,1,11,2,2,130077.0
3,1,3,1,12,2,2,8702310.0
4350,1,3,2,4,2,2,27535000.0
4962,1,3,2,5,2,2,5227000.0
615,1,3,2,12,2,2,32762000.0
1832,1,4,1,2,2,2,1927303.0
1228,1,4,1,3,2,2,4688393.0
2836,1,4,1,6,2,2,1756595.0
3851,1,4,1,7,2,2,304317.0
3440,1,4,1,11,2,2,125992.0
4,1,4,1,12,2,2,8802600.0
4351,1,4,2,4,2,2,27969000.0
4963,1,4,2,5,2,2,4776000.0
6229,1,4,2,9,1,1,7.6
616,1,4,2,12,2,2,32745000.0
1833,1,5,1,2,2,2,2050884.0
1229,1,5,1,3,2,2,4599132.0
2837,1,5,1,6,2,2,1872202.0
3852,1,5,1,7,2,2,324910.0
3441,1,5,1,11,2,2,128689.0
5,1,5,1,12,2,2,8975817.0
4352,1,5,2,4,2,2,27452000.0
4964,1,5,2,5,2,2,4794000.0
617,1,5,2,12,2,2,32246000.0
1834,1,6,1,2,2,2,2094249.0
1230,1,6,1,3,2,2,4558101.0
2838,1,6,1,6,2,2,1974936.0
3853,1,6,1,7,2,2,345455.0
3442,1,6,1,11,2,2,126878.0
6,1,6,1,12,2,2,9099619.0
4353,1,6,2,4,2,2,27013000.0
4965,1,6,2,5,2,2,4627000.0
6230,1,6,2,9,1,1,9.26
618,1,6,2,12,2,2,31640000.0
1835,1,7,1,2,2,2,2042323.0
1231,1,7,1,3,2,2,4499951.0
2839,1,7,1,6,2,2,2056543.0
3854,1,7,1,7,2,2,363180.0
3443,1,7,1,11,2,2,122682.0
7,1,7,1,12,2,2,9084679.0
4354,1,7,2,4,2,2,27092000.0
4966,1,7,2,5,2,2,4577000.0
619,1,7,2,12,2,2,31669000.0
1836,1,8,1,2,2,2,2036070.0
1232,1,8,1,3,2,2,4471382.0
2840,1,8,1,6,2,2,2131860.0
3855,1,8,1,7,2,2,380768.0
3444,1,8,1,11,2,2,144580.0
8,1,8,1,12,2,2,9164660.0
4355,1,8,2,4,2,2,27286000.0
4967,1,8,2,5,2,2,4341000.0
5707,1,8,2,8,2,2,5215000.0
6231,1,8,2,9,1,1,11.16
620,1,8,2,12,2,2,31627000.0
1837,1,9,1,2,2,2,2049286.0
1233,1,9,1,3,2,2,4420106.0
2841,1,9,1,6,2,2,2208965.0
3856,1,9,1,7,2,2,393916.0
3445,1,9,1,11,2,2,141737.0
9,1,9,1,12,2,2,9214010.0
4356,1,9,2,4,2,2,28018000.0
4968,1,9,2,5,2,2,4376000.0
5708,1,9,2,8,2,2,5786000.0
621,1,9,2,12,2,2,32394000.0
1838,1,10,1,2,2,2,2038168.0
1234,1,10,1,3,2,2,4333242.0
2842,1,10,1,6,2,2,2245066.0
3857,1,10,1,7,2,2,816682.0
3446,1,10,1,11,2,2,102250.0
10,1,10,1,12,2,2,9535408.0
4357,1,10,2,4,2,2,28681000.0
4969,1,10,2,5,2,2,4393000.0
5709,1,10,2,8,2,2,6454000.0
6232,1,10,2,9,1,1,6.0
622,1,10,2,12,2,2,33074000.0
1839,1,11,1,2,2,2,2037099.0
1235,1,11,1,3,2,2,4243307.0
2843,1,11,1,6,2,2,2329996.0
3858,1,11,1,7,2,2,871904.0
3447,1,11,1,11,2,2,91765.0
11,1,11,1,12,2,2,9574071.0
4358,1,11,2,4,2,2,29130000.0
4970,1,11,2,5,2,2,4304000.0
5710,1,11,2,8,2,2,7270000.0
6233,1,11,2,9,1,1,6.49
623,1,11,2,12,2,2,33434000.0
1840,1,12,1,2,2,2,2029760.0
1236,1,12,1,3,2,2,4112162.0
2844,1,12,1,6,2,2,2530001.0
3859,1,12,1,7,2,2,921366.0
3448,1,12,1,11,2,2,95077.0
12,1,12,1,12,2,2,9688366.0
4359,1,12,2,4,2,2,29736000.0
4971,1,12,2,5,2,2,4213000.0
5711,1,12,2,8,2,2,8000000.0
6234,1,12,2,9,1,1,6.88
624,1,12,2,12,2,2,33949000.0
1841,1,13,1,2,2,2,2025428.0
1237,1,13,1,3,2,2,3912276.0
2845,1,13,1,6,2,2,2760463.0
3860,1,13,1,7,2,2,957675.0
3449,1,13,1,11,2,2,90822.0
13,1,13,1,12,2,2,9746664.0
4360,1,13,2,4,2,2,30136000.0
4972,1,13,2,5,2,2,4164000.0
6235,1,13,2,9,1,1,7.14
625,1,13,2,12,2,2,34300000.0
1842,1,14,1,2,2,2,2015245.0
1238,1,14,1,3,2,2,3673695.0
2846,1,14,1,6,2,2,3000152.0
3861,1,14,1,7,2,2,1012729.0
3450,1,14,1,11,2,2,86440.0
14,1,14,1,12,2,2,9788261.0
4361,1,14,2,4,2,2,30375000.0
4973,1,14,2,5,2,2,4093000.0
6236,1,14,2,9,1,1,7.36
626,1,14,2,12,2,2,34468000.0
1843,2,1,1,2,2,2,861600.0
1239,2,1,1,3,2,2,1552500.0
2847,2,1,1,6,2,2,56500.0
3862,2,1,1,7,2,2,28400.0
2400,2,1,1,10,2,2,500.0
15,2,1,1,12,2,2,2499500.0
4362,2,1,2,4,2,2,5472307.0
4974,2,1,2,5,2,2,2139968.0
5712,2,1,2,8,2,2,2670000.0
6237,2,1,2,9,1,1,15.37
627,2,1,2,12,2,2,7612275.0
1844,2,2,1,2,2,2,870722.0
1240,2,2,1,3,2,2,1559060.0
2848,2,2,1,6,2,2,62855.0
3863,2,2,1,7,2,2,28242.0
2401,2,2,1,10,2,2,500.0
16,2,2,1,12,2,2,2521379.0
4363,2,2,2,4,2,2,5657891.0
4975,2,2,2,5,2,2,2161508.0
5713,2,2,2,8,2,2,3321448.0
6238,2,2,2,9,1,1,16.4
628,2,2,2,12,2,2,7819399.0
1845,2,3,1,2,2,2,877956.0
1241,2,3,1,3,2,2,1539690.0
2849,2,3,1,6,2,2,67371.0
3864,2,3,1,7,2,2,28066.0
2402,2,3,1,10,2,2,616.0
17,2,3,1,12,2,2,2513699.0
4364,2,3,2,4,2,2,7362492.0
4976,2,3,2,5,2,2,2287748.0
5714,2,3,2,8,2,2,4257942.0
6239,2,3,2,9,1,1,17.94
629,2,3,2,12,2,2,9650240.0
1846,2,4,1,2,2,2,886198.0
1242,2,4,1,3,2,2,1529724.0
2850,2,4,1,6,2,2,75278.0
3865,2,4,1,7,2,2,27859.0
2403,2,4,1,10,2,2,662.0
18,2,4,1,12,2,2,2519721.0
4365,2,4,2,4,2,2,7657768.0
4977,2,4,2,5,2,2,2270874.0
5715,2,4,2,8,2,2,4994391.0
6240,2,4,2,9,1,1,18.77
630,2,4,2,12,2,2,9928642.0
1847,2,5,1,2,2,2,915801.0
1243,2,5,1,3,2,2,1498589.0
2851,2,5,1,6,2,2,108943.0
3866,2,5,1,7,2,2,9850.0
2404,2,5,1,10,2,2,1161.0
19,2,5,1,12,2,2,2534344.0
4366,2,5,2,4,2,2,7721416.0
4978,2,5,2,5,2,2,2157075.0
5716,2,5,2,8,2,2,5465124.0
6241,2,5,2,9,1,1,21.78
631,2,5,2,12,2,2,9878491.0
1848,2,6,1,2,2,2,936214.0
1244,2,6,1,3,2,2,1469851.0
2852,2,6,1,6,2,2,133100.0
3867,2,6,1,7,2,2,13618.0
2405,2,6,1,10,2,2,1927.0
20,2,6,1,12,2,2,2554710.0
4367,2,6,2,4,2,2,7952238.0
4979,2,6,2,5,2,2,2197389.0
5717,2,6,2,8,2,2,6243024.0
6242,2,6,2,9,1,1,22.74
632,2,6,2,12,2,2,10149627.0
1849,2,7,1,2,2,2,964000.0
1245,2,7,1,3,2,2,1440456.0
2853,2,7,1,6,2,2,150557.0
3868,2,7,1,7,2,2,14012.0
2406,2,7,1,10,2,2,3486.0
21,2,7,1,12,2,2,2572511.0
4368,2,7,2,4,2,2,8102768.0
4980,2,7,2,5,2,2,2169955.0
5718,2,7,2,8,2,2,7358550.0
6243,2,7,2,9,1,1,26.15
633,2,7,2,12,2,2,10272723.0
1850,2,8,1,2,2,2,978564.0
1246,2,8,1,3,2,2,1448463.0
2854,2,8,1,6,2,2,179804.0
3869,2,8,1,7,2,2,14455.0
2407,2,8,1,10,2,2,2068.0
22,2,8,1,12,2,2,2623354.0
4369,2,8,2,4,2,2,8379946.0
4981,2,8,2,5,2,2,2217461.0
5719,2,8,2,8,2,2,8441606.0
6244,2,8,2,9,1,1,26.35
634,2,8,2,12,2,2,10597407.0
1851,2,9,1,2,2,2,959720.0
1247,2,9,1,3,2,2,1435611.0
2855,2,9,1,6,2,2,201254.0
3870,2,9,1,7,2,2,15629.0
2408,2,9,1,10,2,2,4611.0
3451,2,9,1,11,2,2,1142.0
23,2,9,1,12,2,2,2617967.0
4370,2,9,2,4,2,2,8370598.0
4982,2,9,2,5,2,2,2252195.0
5720,2,9,2,8,2,2,9305767.0
6245,2,9,2,9,1,1,28.86
635,2,9,2,12,2,2,10622793.0
1852,2,10,1,2,2,2,998845.0
1248,2,10,1,3,2,2,1393280.0
2856,2,10,1,6,2,2,241940.0
3871,2,10,1,7,2,2,15154.0
2409,2,10,1,10,2,2,2114.0
3452,2,10,1,11,2,2,1765.0
24,2,10,1,12,2,2,2653098.0
5518,2,10,2,1,2,2,787968.0
4371,2,10,2,4,2,2,8566480.0
4983,2,10,2,5,2,2,2308199.0
5721,2,10,2,8,2,2,14388296.0
6246,2,10,2,9,1,1,29.79
636,2,10,2,12,2,2,10874679.0
1853,2,11,1,2,2,2,968961.0
1249,2,11,1,3,2,2,1387861.0
2857,2,11,1,6,2,2,281950.0
3872,2,11,1,7,2,2,15543.0
2410,2,11,1,10,2,2,6101.0
3453,2,11,1,11,2,2,2390.0
25,2,11,1,12,2,2,2662806.0
5519,2,11,2,1,2,2,1302976.0
4372,2,11,2,4,2,2,9045288.0
4984,2,11,2,5,2,2,2330468.0
5722,2,11,2,8,2,2,16222704.0
6247,2,11,2,9,1,1,33.33
637,2,11,2,12,2,2,11375756.0
1854,2,12,1,2,2,2,977737.0
1250,2,12,1,3,2,2,1384921.0
2858,2,12,1,6,2,2,307232.0
3873,2,12,1,7,2,2,15413.0
2411,2,12,1,10,2,2,7071.0
3454,2,12,1,11,2,2,3427.0
26,2,12,1,12,2,2,2695801.0
5520,2,12,2,1,2,2,1813889.0
4373,2,12,2,4,2,2,9147142.0
4985,2,12,2,5,2,2,2341952.0
5723,2,12,2,8,2,2,19106991.0
6248,2,12,2,9,1,1,34.28
638,2,12,2,12,2,2,11489094.0
1855,2,13,1,2,2,2,984859.0
1251,2,13,1,3,2,2,1375879.0
2859,2,13,1,6,2,2,323980.0
3874,2,13,1,7,2,2,15045.0
2412,2,13,1,10,2,2,4632.0
3455,2,13,1,11,2,2,6066.0
27,2,13,1,12,2,2,2710461.0
5521,2,13,2,1,2,2,2666255.0
4374,2,13,2,4,2,2,9251882.0
4986,2,13,2,5,2,2,2639066.0
5724,2,13,2,8,2,2,21257218.0
6249,2,13,2,9,1,1,36.63
639,2,13,2,12,2,2,11890948.0
1856,2,14,1,2,2,2,1036706.0
1252,2,14,1,3,2,2,1316356.0
2860,2,14,1,6,2,2,374728.0
3875,2,14,1,7,2,2,15604.0
2413,2,14,1,10,2,2,6923.0
3456,2,14,1,11,2,2,8765.0
28,2,14,1,12,2,2,2759082.0
5522,2,14,2,1,2,2,3303365.0
4375,2,14,2,4,2,2,9276835.0
4987,2,14,2,5,2,2,2770206.0
5725,2,14,2,8,2,2,23803156.0
6250,2,14,2,9,1,1,36.74
640,2,14,2,12,2,2,12047041.0
1857,3,1,1,2,2,2,2286801.0
1253,3,1,1,3,2,2,2094562.0
2861,3,1,1,6,2,2,24714.0
2414,3,1,1,10,2,2,5248.0
29,3,1,1,12,2,2,4411325.0
4376,3,1,2,4,2,2,7865406.0
4988,3,1,2,5,2,2,711213.0
5726,3,1,2,8,2,2,2184388.0
6251,3,1,2,9,1,1,1.57
641,3,1,2,12,2,2,8576619.0
1858,3,2,1,2,2,2,2339840.0
1254,3,2,1,3,2,2,2126179.0
2862,3,2,1,6,2,2,32464.0
2415,3,2,1,10,2,2,4467.0
30,3,2,1,12,2,2,4502950.0
4377,3,2,2,4,2,2,8122930.0
4989,3,2,2,5,2,2,578128.0
5727,3,2,2,8,2,2,2466416.0
6252,3,2,2,9,1,1,1.81
642,3,2,2,12,2,2,8701058.0
1859,3,3,1,2,2,2,2371953.0
1255,3,3,1,3,2,2,2122216.0
2863,3,3,1,6,2,2,44473.0
2416,3,3,1,10,2,2,3976.0
31,3,3,1,12,2,2,4542618.0
4378,3,3,2,4,2,2,8356437.0
4990,3,3,2,5,2,2,591812.0
5728,3,3,2,8,2,2,2838368.0
6253,3,3,2,9,1,1,2.48
643,3,3,2,12,2,2,8948249.0
1860,3,4,1,2,2,2,2409042.0
1256,3,4,1,3,2,2,2123131.0
2864,3,4,1,6,2,2,47868.0
2417,3,4,1,10,2,2,12993.0
32,3,4,1,12,2,2,4593034.0
4379,3,4,2,4,2,2,9442929.0
4991,3,4,2,5,2,2,594282.0
5729,3,4,2,8,2,2,3103522.0
6254,3,4,2,9,1,1,2.66
644,3,4,2,12,2,2,10037211.0
1861,3,5,1,2,2,2,2485382.0
1257,3,5,1,3,2,2,2129612.0
2865,3,5,1,6,2,2,59221.0
2418,3,5,1,10,2,2,12849.0
33,3,5,1,12,2,2,4687064.0
4380,3,5,2,4,2,2,9400862.0
4992,3,5,2,5,2,2,635730.0
5730,3,5,2,8,2,2,3672350.0
6255,3,5,2,9,1,1,3.21
645,3,5,2,12,2,2,10036592.0
1862,3,6,1,2,2,2,2533175.0
1258,3,6,1,3,2,2,2142279.0
2866,3,6,1,6,2,2,77547.0
2419,3,6,1,10,2,2,12849.0
34,3,6,1,12,2,2,4765850.0
4381,3,6,2,4,2,2,9695925.0
4993,3,6,2,5,2,2,642018.0
5731,3,6,2,8,2,2,4089624.0
6256,3,6,2,9,1,1,3.41
646,3,6,2,12,2,2,10337943.0
1863,3,7,1,2,2,2,2533591.0
1259,3,7,1,3,2,2,2138796.0
2867,3,7,1,6,2,2,103624.0
2420,3,7,1,10,2,2,12731.0
35,3,7,1,12,2,2,4788742.0
4382,3,7,2,4,2,2,9808068.0
4994,3,7,2,5,2,2,634393.0
5732,3,7,2,8,2,2,4925824.0
6257,3,7,2,9,1,1,3.67
647,3,7,2,12,2,2,10442461.0
1864,3,8,1,2,2,2,2615375.0
1260,3,8,1,3,2,2,2120740.0
2868,3,8,1,6,2,2,139880.0
3876,3,8,1,7,2,2,88258.0
2421,3,8,1,10,2,2,12834.0
3457,3,8,1,11,2,2,899.0
36,3,8,1,12,2,2,4977986.0
4383,3,8,2,4,2,2,10146573.0
4995,3,8,2,5,2,2,675776.0
5733,3,8,2,8,2,2,5456735.0
6258,3,8,2,9,1,1,4.1
648,3,8,2,12,2,2,10822349.0
1865,3,9,1,2,2,2,2635032.0
1261,3,9,1,3,2,2,2089652.0
2869,3,9,1,6,2,2,193742.0
3877,3,9,1,7,2,2,85012.0
2422,3,9,1,10,2,2,12546.0
3458,3,9,1,11,2,2,1130.0
37,3,9,1,12,2,2,5017114.0
4384,3,9,2,4,2,2,10277592.0
4996,3,9,2,5,2,2,762853.0
5734,3,9,2,8,2,2,5456735.0
6259,3,9,2,9,1,1,4.55
649,3,9,2,12,2,2,11040445.0
1866,3,10,1,2,2,2,2676338.0
1262,3,10,1,3,2,2,2044851.0
2870,3,10,1,6,2,2,250945.0
3878,3,10,1,7,2,2,85173.0
2423,3,10,1,10,2,2,12769.0
3459,3,10,1,11,2,2,1765.0
38,3,10,1,12,2,2,5071841.0
5523,3,10,2,1,2,2,1410855.0
4385,3,10,2,4,2,2,10300098.0
4997,3,10,2,5,2,2,760414.0
5735,3,10,2,8,2,2,6291611.0
6260,3,10,2,9,1,1,5.91
650,3,10,2,12,2,2,11060512.0
1867,3,11,1,2,2,2,2644438.0
1263,3,11,1,3,2,2,2002244.0
2871,3,11,1,6,2,2,318955.0
3879,3,11,1,7,2,2,92435.0
2424,3,11,1,10,2,2,16231.0
3460,3,11,1,11,2,2,3452.0
39,3,11,1,12,2,2,5077755.0
5524,3,11,2,1,2,2,1557005.0
4386,3,11,2,4,2,2,10429330.0
4998,3,11,2,5,2,2,789978.0
6261,3,11,2,9,1,1,6.42
651,3,11,2,12,2,2,11219308.0
1868,3,12,1,2,2,2,2666241.0
1264,3,12,1,3,2,2,1950727.0
2872,3,12,1,6,2,2,394255.0
3880,3,12,1,7,2,2,91160.0
2425,3,12,1,10,2,2,12612.0
3461,3,12,1,11,2,2,3849.0
40,3,12,1,12,2,2,5118844.0
5525,3,12,2,1,2,2,3125811.0
4387,3,12,2,4,2,2,10591474.0
4999,3,12,2,5,2,2,810552.0
5736,3,12,2,8,2,2,6998309.0
6262,3,12,2,9,1,1,7.47
652,3,12,2,12,2,2,11402026.0
1869,3,13,1,2,2,2,2659306.0
1265,3,13,1,3,2,2,1891365.0
2873,3,13,1,6,2,2,479971.0
3881,3,13,1,7,2,2,88120.0
2426,3,13,1,10,2,2,16295.0
3462,3,13,1,11,2,2,6483.0
41,3,13,1,12,2,2,5141540.0
5526,3,13,2,1,2,2,3690200.0
4388,3,13,2,4,2,2,10658981.0
5000,3,13,2,5,2,2,828005.0
6263,3,13,2,9,1,1,8.61
653,3,13,2,12,2,2,11486986.0
1870,3,14,1,2,2,2,2691762.0
1266,3,14,1,3,2,2,1825106.0
2874,3,14,1,6,2,2,558857.0
3882,3,14,1,7,2,2,87964.0
2427,3,14,1,10,2,2,20196.0
3463,3,14,1,11,2,2,8423.0
42,3,14,1,12,2,2,5192308.0
5527,3,14,2,1,2,2,4615139.0
4389,3,14,2,4,2,2,10718502.0
5001,3,14,2,5,2,2,864921.0
5737,3,14,2,8,2,2,8536720.0
6264,3,14,2,9,1,1,8.99
654,3,14,2,12,2,2,11583423.0
2342,4,1,1,2,2,2,9328491.0
1771,4,1,1,3,2,2,13538506.0
3379,4,1,1,6,2,2,4413613.0
4290,4,1,1,7,2,2,2970212.0
3797,4,1,1,11,2,2,158929.0
547,4,1,1,12,2,2,30409751.0
4894,4,1,2,4,2,2,190393144.0
6192,4,1,2,8,2,2,16917204.0
1159,4,1,2,12,2,2,190393144.0
2343,4,2,1,2,2,2,9496397.0
1772,4,2,1,3,2,2,13043669.0
3380,4,2,1,6,2,2,5822333.0
4291,4,2,1,7,2,2,2681081.0
3798,4,2,1,11,2,2,189524.0
548,4,2,1,12,2,2,31233004.0
4895,4,2,2,4,2,2,184570501.0
6193,4,2,2,8,2,2,19791566.0
6723,4,2,2,9,1,1,1.31
1160,4,2,2,12,2,2,184570501.0
2344,4,3,1,2,2,2,9660341.0
1773,4,3,1,3,2,2,11994544.0
3381,4,3,1,6,2,2,7875131.0
4292,4,3,1,7,2,2,2633086.0
3799,4,3,1,11,2,2,218185.0
549,4,3,1,12,2,2,32381287.0
4896,4,3,2,4,2,2,185367477.0
6194,4,3,2,8,2,2,22070337.0
1161,4,3,2,12,2,2,185367477.0
2345,4,4,1,2,2,2,9589685.0
1774,4,4,1,3,2,2,10355761.0
3382,4,4,1,6,2,2,10216112.0
4293,4,4,1,7,2,2,2477298.0
3800,4,4,1,11,2,2,268142.0
550,4,4,1,12,2,2,32906998.0
4897,4,4,2,4,2,2,183789072.0
6195,4,4,2,8,2,2,24664372.0
6724,4,4,2,9,1,1,1.96
1162,4,4,2,12,2,2,183789072.0
2346,4,5,1,2,2,2,9655707.0
1775,4,5,1,3,2,2,8647964.0
3383,4,5,1,6,2,2,13316882.0
4294,4,5,1,7,2,2,2392211.0
3801,4,5,1,11,2,2,306257.0
551,4,5,1,12,2,2,34319021.0
4898,4,5,2,4,2,2,183031197.0
6196,4,5,2,8,2,2,25602188.0
1163,4,5,2,12,2,2,183031197.0
2347,4,6,1,2,2,2,9585016.0
1776,4,6,1,3,2,2,7080514.0
3384,4,6,1,6,2,2,17009811.0
4295,4,6,1,7,2,2,2339155.0
3802,4,6,1,11,2,2,330174.0
552,4,6,1,12,2,2,36344670.0
4899,4,6,2,4,2,2,190738810.0
6197,4,6,2,8,2,2,28232693.0
6725,4,6,2,9,1,1,2.87
1164,4,6,2,12,2,2,190738810.0
2348,4,7,1,2,2,2,9345797.0
1777,4,7,1,3,2,2,5243801.0
3385,4,7,1,6,2,2,21666313.0
4296,4,7,1,7,2,2,1809489.0
3803,4,7,1,11,2,2,303591.0
553,4,7,1,12,2,2,38368991.0
4900,4,7,2,4,2,2,184751958.0
5477,4,7,2,5,2,2,7591121.0
6198,4,7,2,8,2,2,31650907.0
1165,4,7,2,12,2,2,192343079.0
2349,4,8,1,2,2,2,9155265.0
1778,4,8,1,3,2,2,3991359.0
3386,4,8,1,6,2,2,25453245.0
4297,4,8,1,7,2,2,1768430.0
3804,4,8,1,11,2,2,286058.0
554,4,8,1,12,2,2,40654357.0
5686,4,8,2,1,2,2,1213985.0
4901,4,8,2,4,2,2,189002968.0
5478,4,8,2,5,2,2,8184419.0
6199,4,8,2,8,2,2,35050593.0
6726,4,8,2,9,1,1,3.4
1166,4,8,2,12,2,2,197187387.0
2350,4,9,1,2,2,2,9041794.0
1779,4,9,1,3,2,2,3018328.0
3387,4,9,1,6,2,2,28039556.0
4298,4,9,1,7,2,2,1657653.0
3805,4,9,1,11,2,2,283856.0
555,4,9,1,12,2,2,42041187.0
5687,4,9,2,1,2,2,2867905.0
4902,4,9,2,4,2,2,195618746.0
5479,4,9,2,5,2,2,7128225.0
6200,4,9,2,8,2,2,37655108.0
1167,4,9,2,12,2,2,202746971.0
2351,4,10,1,2,2,2,8874669.0
1780,4,10,1,3,2,2,2296276.0
3388,4,10,1,6,2,2,31031844.0
4299,4,10,1,7,2,2,1586415.0
3806,4,10,1,11,2,2,277239.0
556,4,10,1,12,2,2,44066443.0
5688,4,10,2,1,2,2,5719654.0
4903,4,10,2,4,2,2,196025043.0
5480,4,10,2,5,2,2,4221404.0
6201,4,10,2,8,2,2,39062268.0
6727,4,10,2,9,1,1,4.52
1168,4,10,2,12,2,2,200246447.0
2352,4,11,1,2,2,2,8816996.0
1781,4,11,1,3,2,2,1727278.0
3389,4,11,1,6,2,2,33536341.0
4300,4,11,1,7,2,2,1399935.0
3807,4,11,1,11,2,2,324287.0
557,4,11,1,12,2,2,45804837.0
5689,4,11,2,1,2,2,11371985.0
4904,4,11,2,4,2,2,197822736.0
5481,4,11,2,5,2,2,3796536.0
6202,4,11,2,8,2,2,41214210.0
1169,4,11,2,12,2,2,201619272.0
2353,4,12,1,2,2,2,8702705.0
1782,4,12,1,3,2,2,1305820.0
3390,4,12,1,6,2,2,35490625.0
4301,4,12,1,7,2,2,1463035.0
3808,4,12,1,11,2,2,373941.0
558,4,12,1,12,2,2,47336126.0
5690,4,12,2,1,2,2,20479864.0
4905,4,12,2,4,2,2,201188707.0
5482,4,12,2,5,2,2,4472827.0
6203,4,12,2,8,2,2,43059071.0
6728,4,12,2,9,1,1,5.74
1170,4,12,2,12,2,2,205661534.0
2354,4,13,1,2,2,2,8622283.0
1783,4,13,1,3,2,2,1041175.0
3391,4,13,1,6,2,2,37568167.0
4302,4,13,1,7,2,2,1514491.0
3809,4,13,1,11,2,2,450159.0
559,4,13,1,12,2,2,49196275.0
5691,4,13,2,1,2,2,28098987.0
4906,4,13,2,4,2,2,201376514.0
5483,4,13,2,5,2,2,4489760.0
6204,4,13,2,8,2,2,44886810.0
1171,4,13,2,12,2,2,205866274.0
2355,4,14,1,2,2,2,8457145.0
1784,4,14,1,3,2,2,763010.0
3392,4,14,1,6,2,2,39934866.0
4303,4,14,1,7,2,2,1559209.0
3810,4,14,1,11,2,2,538490.0
560,4,14,1,12,2,2,51252720.0
5692,4,14,2,1,2,2,39608278.0
4907,4,14,2,4,2,2,203452322.0
5484,4,14,2,5,2,2,4159067.0
6205,4,14,2,8,2,2,47338411.0
6729,4,14,2,9,1,1,5.95
1172,4,14,2,12,2,2,207611389.0
2356,5,1,1,2,2,2,307931.0
1785,5,1,1,3,2,2,164634.0
3393,5,1,1,6,2,2,949391.0
4304,5,1,1,7,2,2,111497.0
2789,5,1,1,10,2,2,310794.0
3811,5,1,1,11,2,2,227.0
561,5,1,1,12,2,2,1844474.0
4908,5,1,2,4,2,2,4974501.0
5485,5,1,2,5,2,2,1153897.0
6730,5,1,2,9,1,1,2.19
1173,5,1,2,12,2,2,6128398.0
2357,5,2,1,2,2,2,300908.0
1786,5,2,1,3,2,2,153948.0
3394,5,2,1,6,2,2,955097.0
4305,5,2,1,7,2,2,128673.0
2790,5,2,1,10,2,2,365096.0
3812,5,2,1,11,2,2,224.0
562,5,2,1,12,2,2,1903946.0
4909,5,2,2,4,2,2,5100755.0
5486,5,2,2,5,2,2,1119286.0
6206,5,2,2,8,2,2,984793.0
6731,5,2,2,9,1,1,2.78
1174,5,2,2,12,2,2,6220041.0
2358,5,3,1,2,2,2,282769.0
1787,5,3,1,3,2,2,146045.0
3395,5,3,1,6,2,2,1052125.0
4306,5,3,1,7,2,2,138633.0
2791,5,3,1,10,2,2,300248.0
3813,5,3,1,11,2,2,233.0
563,5,3,1,12,2,2,1920053.0
4910,5,3,2,4,2,2,5270010.0
5487,5,3,2,5,2,2,1110710.0
6732,5,3,2,9,1,1,2.64
1175,5,3,2,12,2,2,6380720.0
2359,5,4,1,2,2,2,305452.0
1788,5,4,1,3,2,2,140761.0
3396,5,4,1,6,2,2,1121233.0
4307,5,4,1,7,2,2,152717.0
2792,5,4,1,10,2,2,294370.0
3814,5,4,1,11,2,2,239.0
564,5,4,1,12,2,2,2014772.0
4911,5,4,2,4,2,2,5474681.0
5488,5,4,2,5,2,2,1061426.0
6207,5,4,2,8,2,2,1135152.0
6733,5,4,2,9,1,1,3.19
1176,5,4,2,12,2,2,6536107.0
2360,5,5,1,2,2,2,304964.0
1789,5,5,1,3,2,2,137196.0
3397,5,5,1,6,2,2,1190997.0
4308,5,5,1,7,2,2,164522.0
2793,5,5,1,10,2,2,251699.0
3815,5,5,1,11,2,2,243.0
565,5,5,1,12,2,2,2049621.0
4912,5,5,2,4,2,2,5456411.0
5489,5,5,2,5,2,2,1046494.0
6734,5,5,2,9,1,1,3.41
1177,5,5,2,12,2,2,6502905.0
2361,5,6,1,2,2,2,302460.0
1790,5,6,1,3,2,2,133172.0
3398,5,6,1,6,2,2,1238191.0
4309,5,6,1,7,2,2,186241.0
2794,5,6,1,10,2,2,254766.0
3816,5,6,1,11,2,2,231.0
566,5,6,1,12,2,2,2115061.0
4913,5,6,2,4,2,2,5482476.0
5490,5,6,2,5,2,2,1098090.0
6208,5,6,2,8,2,2,1129458.0
6735,5,6,2,9,1,1,4.23
1178,5,6,2,12,2,2,6580566.0
2362,5,7,1,2,2,2,303488.0
1791,5,7,1,3,2,2,128469.0
3399,5,7,1,6,2,2,1267665.0
4310,5,7,1,7,2,2,213020.0
2795,5,7,1,10,2,2,252693.0
3817,5,7,1,11,2,2,223.0
567,5,7,1,12,2,2,2165558.0
4914,5,7,2,4,2,2,5589081.0
5491,5,7,2,5,2,2,1109935.0
6736,5,7,2,9,1,1,4.06
1179,5,7,2,12,2,2,6699016.0
2363,5,8,1,2,2,2,295335.0
1792,5,8,1,3,2,2,123231.0
3400,5,8,1,6,2,2,1337342.0
4311,5,8,1,7,2,2,247796.0
2796,5,8,1,10,2,2,249660.0
3818,5,8,1,11,2,2,223.0
568,5,8,1,12,2,2,2253587.0
4915,5,8,2,4,2,2,5617503.0
5492,5,8,2,5,2,2,1174901.0
6209,5,8,2,8,2,2,1108870.0
6737,5,8,2,9,1,1,6.29
1180,5,8,2,12,2,2,6792404.0
2364,5,9,1,2,2,2,296614.0
1793,5,9,1,3,2,2,118141.0
3401,5,9,1,6,2,2,1355049.0
4312,5,9,1,7,2,2,277670.0
2797,5,9,1,10,2,2,246790.0
3819,5,9,1,11,2,2,368.0
569,5,9,1,12,2,2,2294632.0
5693,5,9,2,1,2,2,650764.0
4916,5,9,2,4,2,2,5730021.0
5493,5,9,2,5,2,2,1268626.0
6738,5,9,2,9,1,1,6.35
1181,5,9,2,12,2,2,6998647.0
2365,5,10,1,2,2,2,284938.0
1794,5,10,1,3,2,2,112484.0
3402,5,10,1,6,2,2,1427706.0
4313,5,10,1,7,2,2,329991.0
2798,5,10,1,10,2,2,231075.0
3820,5,10,1,11,2,2,592.0
570,5,10,1,12,2,2,2386786.0
5694,5,10,2,1,2,2,520236.0
4917,5,10,2,4,2,2,5855998.0
5494,5,10,2,5,2,2,1152153.0
6210,5,10,2,8,2,2,1125552.0
6739,5,10,2,9,1,1,10.09
1182,5,10,2,12,2,2,7008151.0
2366,5,11,1,2,2,2,282166.0
1795,5,11,1,3,2,2,105973.0
3403,5,11,1,6,2,2,1455657.0
4314,5,11,1,7,2,2,377752.0
2799,5,11,1,10,2,2,224874.0
3821,5,11,1,11,2,2,998.0
571,5,11,1,12,2,2,2447420.0
5695,5,11,2,1,2,2,905077.0
4918,5,11,2,4,2,2,5942021.0
5495,5,11,2,5,2,2,1162263.0
6740,5,11,2,9,1,1,10.32
1183,5,11,2,12,2,2,7104284.0
2367,5,12,1,2,2,2,264669.0
1796,5,12,1,3,2,2,97115.0
3404,5,12,1,6,2,2,1514620.0
4315,5,12,1,7,2,2,430433.0
2800,5,12,1,10,2,2,208225.0
3822,5,12,1,11,2,2,987.0
572,5,12,1,12,2,2,2516049.0
5696,5,12,2,1,2,2,1359341.0
4919,5,12,2,4,2,2,6012108.0
5496,5,12,2,5,2,2,1189660.0
6211,5,12,2,8,2,2,1142985.0
6741,5,12,2,9,1,1,16.41
1184,5,12,2,12,2,2,7201768.0
2368,5,13,1,2,2,2,258309.0
1797,5,13,1,3,2,2,88161.0
3405,5,13,1,6,2,2,1546704.0
4316,5,13,1,7,2,2,470674.0
2801,5,13,1,10,2,2,201007.0
3823,5,13,1,11,2,2,1305.0
573,5,13,1,12,2,2,2566160.0
5697,5,13,2,1,2,2,1550048.0
4920,5,13,2,4,2,2,6170517.0
5497,5,13,2,5,2,2,1016557.0
6742,5,13,2,9,1,1,13.69
1185,5,13,2,12,2,2,7187074.0
2369,5,14,1,2,2,2,241450.0
1798,5,14,1,3,2,2,77870.0
3406,5,14,1,6,2,2,1486849.0
4317,5,14,1,7,2,2,539546.0
2802,5,14,1,10,2,2,295733.0
3824,5,14,1,11,2,2,1534.0
574,5,14,1,12,2,2,2642982.0
5698,5,14,2,1,2,2,2431030.0
4921,5,14,2,4,2,2,6103573.0
5498,5,14,2,5,2,2,1188509.0
6212,5,14,2,8,2,2,1213594.0
6743,5,14,2,9,1,1,19.05
1186,5,14,2,12,2,2,7292082.0
1871,6,1,1,2,2,2,7370925.0
1267,6,1,1,3,2,2,4285695.0
2875,6,1,1,6,2,2,1834237.0
3883,6,1,1,7,2,2,628170.0
2428,6,1,1,10,2,2,1735.0
43,6,1,1,12,2,2,14120762.0
4390,6,1,2,4,2,2,25011638.0
5002,6,1,2,5,2,2,2340815.0
5738,6,1,2,8,2,2,3470000.0
655,6,1,2,12,2,2,27352453.0
1872,6,2,1,2,2,2,7512886.0
1268,6,2,1,3,2,2,4051360.0
2876,6,2,1,6,2,2,2073231.0
3884,6,2,1,7,2,2,788239.0
2429,6,2,1,10,2,2,19890.0
44,6,2,1,12,2,2,14445606.0
4391,6,2,2,4,2,2,25816843.0
5003,6,2,2,5,2,2,2506043.0
5739,6,2,2,8,2,2,3840000.0
6265,6,2,2,9,1,1,2.46
656,6,2,2,12,2,2,28322886.0
1873,6,3,1,2,2,2,7569285.0
1269,6,3,1,3,2,2,4035061.0
2877,6,3,1,6,2,2,2193813.0
3885,6,3,1,7,2,2,848276.0
2430,6,3,1,10,2,2,19890.0
45,6,3,1,12,2,2,14666325.0
4392,6,3,2,4,2,2,26489291.0
5004,6,3,2,5,2,2,2696649.0
5740,6,3,2,8,2,2,3840000.0
657,6,3,2,12,2,2,29185940.0
1874,6,4,1,2,2,2,7731001.0
1270,6,4,1,3,2,2,3898554.0
2878,6,4,1,6,2,2,2655055.0
3886,6,4,1,7,2,2,837830.0
2431,6,4,1,10,2,2,19734.0
46,6,4,1,12,2,2,15142174.0
4393,6,4,2,4,2,2,28256386.0
5005,6,4,2,5,2,2,2684337.0
5741,6,4,2,8,2,2,4626000.0
6266,6,4,2,9,1,1,2.93
658,6,4,2,12,2,2,30940723.0
1875,6,5,1,2,2,2,7809119.0
1271,6,5,1,3,2,2,3839874.0
2879,6,5,1,6,2,2,2846057.0
3887,6,5,1,7,2,2,854360.0
2432,6,5,1,10,2,2,19734.0
47,6,5,1,12,2,2,15369144.0
4394,6,5,2,4,2,2,26639585.0
5006,6,5,2,5,2,2,3842578.0
659,6,5,2,12,2,2,30482163.0
1876,6,6,1,2,2,2,7894646.0
1272,6,6,1,3,2,2,3335826.0
2880,6,6,1,6,2,2,3383762.0
3888,6,6,1,7,2,2,955615.0
2433,6,6,1,10,2,2,2371.0
48,6,6,1,12,2,2,15572220.0
4395,6,6,2,4,2,2,26738378.0
5007,6,6,2,5,2,2,2556666.0
5742,6,6,2,8,2,2,3881909.0
6267,6,6,2,9,1,1,3.52
660,6,6,2,12,2,2,29295044.0
1877,6,7,1,2,2,2,8051603.0
1273,6,7,1,3,2,2,3200379.0
2881,6,7,1,6,2,2,3618741.0
3889,6,7,1,7,2,2,994877.0
2434,6,7,1,10,2,2,2371.0
49,6,7,1,12,2,2,15867971.0
4396,6,7,2,4,2,2,27181493.0
5008,6,7,2,5,2,2,2568319.0
661,6,7,2,12,2,2,29749812.0
1878,6,8,1,2,2,2,8055758.0
1274,6,8,1,3,2,2,2872539.0
2882,6,8,1,6,2,2,4007872.0
3890,6,8,1,7,2,2,1034137.0
2435,6,8,1,10,2,2,81398.0
50,6,8,1,12,2,2,16051704.0
4397,6,8,2,4,2,2,28347486.0
5009,6,8,2,5,2,2,2509705.0
5743,6,8,2,8,2,2,4707813.0
6268,6,8,2,9,1,1,4.87
662,6,8,2,12,2,2,30857191.0
1879,6,9,1,2,2,2,8099275.0
1275,6,9,1,3,2,2,2742410.0
2883,6,9,1,6,2,2,4209833.0
3891,6,9,1,7,2,2,1061370.0
2436,6,9,1,10,2,2,81398.0
51,6,9,1,12,2,2,16194286.0
4398,6,9,2,4,2,2,29409659.0
5010,6,9,2,5,2,2,2331346.0
5744,6,9,2,8,2,2,4707813.0
6269,6,9,2,9,1,1,4.68
663,6,9,2,12,2,2,31741005.0
1880,6,10,1,2,2,2,8080111.0
1276,6,10,1,3,2,2,2430805.0
2884,6,10,1,6,2,2,4720465.0
3892,6,10,1,7,2,2,1066909.0
2437,6,10,1,10,2,2,76210.0
52,6,10,1,12,2,2,16374500.0
4399,6,10,2,4,2,2,30978377.0
5011,6,10,2,5,2,2,2152319.0
5745,6,10,2,8,2,2,5361272.0
6270,6,10,2,9,1,1,5.86
664,6,10,2,12,2,2,33130696.0
1881,6,11,1,2,2,2,8254911.0
1277,6,11,1,3,2,2,2242141.0
2885,6,11,1,6,2,2,4956722.0
3893,6,11,1,7,2,2,1077937.0
2438,6,11,1,10,2,2,76210.0
53,6,11,1,12,2,2,16607921.0
4400,6,11,2,4,2,2,31166763.0
5012,6,11,2,5,2,2,1969636.0
5746,6,11,2,8,2,2,6281445.0
6271,6,11,2,9,1,1,5.66
665,6,11,2,12,2,2,33136399.0
1882,6,12,1,2,2,2,7948034.0
1278,6,12,1,3,2,2,2139089.0
2886,6,12,1,6,2,2,5344728.0
3894,6,12,1,7,2,2,1182619.0
2439,6,12,1,10,2,2,97151.0
54,6,12,1,12,2,2,16711621.0
4401,6,12,2,4,2,2,32730629.0
5013,6,12,2,5,2,2,1842847.0
5747,6,12,2,8,2,2,6823320.0
6272,6,12,2,9,1,1,6.99
666,6,12,2,12,2,2,34573476.0
1883,6,13,1,2,2,2,7984414.0
1279,6,13,1,3,2,2,2048286.0
2887,6,13,1,6,2,2,5525036.0
3895,6,13,1,7,2,2,1221189.0
2440,6,13,1,10,2,2,97151.0
55,6,13,1,12,2,2,16876076.0
4402,6,13,2,4,2,2,33498772.0
5014,6,13,2,5,2,2,1701820.0
5748,6,13,2,8,2,2,7585448.0
6273,6,13,2,9,1,1,8.48
667,6,13,2,12,2,2,35200592.0
1884,6,14,1,2,2,2,7926098.0
1280,6,14,1,3,2,2,1842822.0
2888,6,14,1,6,2,2,5889945.0
3896,6,14,1,7,2,2,1249194.0
2441,6,14,1,10,2,2,137710.0
56,6,14,1,12,2,2,17045769.0
4403,6,14,2,4,2,2,34368570.0
5015,6,14,2,5,2,2,1589363.0
5749,6,14,2,8,2,2,7894939.0
6274,6,14,2,9,1,1,8.75
668,6,14,2,12,2,2,35957933.0
1885,7,1,1,2,2,2,1743321.0
1281,7,1,1,3,2,2,692893.0
2889,7,1,1,6,2,2,513045.0
3897,7,1,1,7,2,2,11817.0
2442,7,1,1,10,2,2,188513.0
57,7,1,1,12,2,2,3149589.0
4404,7,1,2,4,2,2,16197124.0
5016,7,1,2,5,2,2,818468.0
5750,7,1,2,8,2,2,523009.0
6275,7,1,2,9,1,1,5.21
669,7,1,2,12,2,2,17015592.0
1886,7,2,1,2,2,2,1782843.0
1282,7,2,1,3,2,2,586272.0
2890,7,2,1,6,2,2,702759.0
3898,7,2,1,7,2,2,11225.0
2443,7,2,1,10,2,2,167789.0
58,7,2,1,12,2,2,3250888.0
4405,7,2,2,4,2,2,16414065.0
5017,7,2,2,5,2,2,737559.0
5751,7,2,2,8,2,2,542811.0
6276,7,2,2,9,1,1,6.62
670,7,2,2,12,2,2,17151624.0
1887,7,3,1,2,2,2,1817946.0
1283,7,3,1,3,2,2,483230.0
2891,7,3,1,6,2,2,854076.0
3899,7,3,1,7,2,2,105494.0
2444,7,3,1,10,2,2,134304.0
59,7,3,1,12,2,2,3395050.0
4406,7,3,2,4,2,2,17021600.0
5018,7,3,2,5,2,2,652214.0
5752,7,3,2,8,2,2,518173.0
6277,7,3,2,9,1,1,8.18
671,7,3,2,12,2,2,17673814.0
1888,7,4,1,2,2,2,1827474.0
1284,7,4,1,3,2,2,402740.0
2892,7,4,1,6,2,2,957235.0
3900,7,4,1,7,2,2,129927.0
2445,7,4,1,10,2,2,112292.0
60,7,4,1,12,2,2,3429668.0
4407,7,4,2,4,2,2,17435976.0
5019,7,4,2,5,2,2,570505.0
5753,7,4,2,8,2,2,509625.0
6278,7,4,2,9,1,1,9.85
672,7,4,2,12,2,2,18006481.0
1889,7,5,1,2,2,2,1871514.0
1285,7,5,1,3,2,2,298568.0
2893,7,5,1,6,2,2,1175000.0
3901,7,5,1,7,2,2,155115.0
2446,7,5,1,10,2,2,82939.0
61,7,5,1,12,2,2,3583136.0
4408,7,5,2,4,2,2,17438354.0
5020,7,5,2,5,2,2,638288.0
5754,7,5,2,8,2,2,455670.0
6279,7,5,2,9,1,1,11.5
673,7,5,2,12,2,2,18076642.0
1890,7,6,1,2,2,2,1785536.0
1286,7,6,1,3,2,2,237777.0
2894,7,6,1,6,2,2,1519550.0
3902,7,6,1,7,2,2,159972.0
2447,7,6,1,10,2,2,60991.0
62,7,6,1,12,2,2,3763826.0
4409,7,6,2,4,2,2,18602530.0
5021,7,6,2,5,2,2,761360.0
5755,7,6,2,8,2,2,511517.0
6280,7,6,2,9,1,1,12.75
674,7,6,2,12,2,2,19363890.0
1891,7,7,1,2,2,2,1690302.0
1287,7,7,1,3,2,2,187083.0
2895,7,7,1,6,2,2,2007593.0
3903,7,7,1,7,2,2,157164.0
2448,7,7,1,10,2,2,43445.0
63,7,7,1,12,2,2,4085587.0
4410,7,7,2,4,2,2,19599382.0
5022,7,7,2,5,2,2,885646.0
5756,7,7,2,8,2,2,642975.0
6281,7,7,2,9,1,1,14.1
675,7,7,2,12,2,2,20485028.0
1892,7,8,1,2,2,2,1553157.0
1288,7,8,1,3,2,2,136490.0
2896,7,8,1,6,2,2,2429655.0
3904,7,8,1,7,2,2,114013.0
2449,7,8,1,10,2,2,32997.0
3464,7,8,1,11,2,2,17374.0
64,7,8,1,12,2,2,4283686.0
5528,7,8,2,1,2,2,32430.0
4411,7,8,2,4,2,2,20402935.0
5023,7,8,2,5,2,2,859868.0
5757,7,8,2,8,2,2,755622.0
6282,7,8,2,9,1,1,15.38
676,7,8,2,12,2,2,21262803.0
1893,7,9,1,2,2,2,1466779.0
1289,7,9,1,3,2,2,95304.0
2897,7,9,1,6,2,2,2706284.0
3905,7,9,1,7,2,2,102541.0
2450,7,9,1,10,2,2,25511.0
3465,7,9,1,11,2,2,19221.0
65,7,9,1,12,2,2,4415640.0
5529,7,9,2,1,2,2,833789.0
4412,7,9,2,4,2,2,20614361.0
5024,7,9,2,5,2,2,743582.0
5758,7,9,2,8,2,2,795515.0
6283,7,9,2,9,1,1,16.88
677,7,9,2,12,2,2,21357943.0
1894,7,10,1,2,2,2,1308266.0
1290,7,10,1,3,2,2,71454.0
2898,7,10,1,6,2,2,2941743.0
3906,7,10,1,7,2,2,86100.0
2451,7,10,1,10,2,2,19808.0
3466,7,10,1,11,2,2,26228.0
66,7,10,1,12,2,2,4453599.0
5530,7,10,2,1,2,2,2020563.0
4413,7,10,2,4,2,2,20725871.0
5025,7,10,2,5,2,2,497285.0
5759,7,10,2,8,2,2,719544.0
6284,7,10,2,9,1,1,18.97
678,7,10,2,12,2,2,21223156.0
1895,7,11,1,2,2,2,1203102.0
1291,7,11,1,3,2,2,56064.0
2899,7,11,1,6,2,2,3070790.0
3907,7,11,1,7,2,2,70609.0
2452,7,11,1,10,2,2,16353.0
3467,7,11,1,11,2,2,38945.0
67,7,11,1,12,2,2,4455863.0
5531,7,11,2,1,2,2,2771932.0
4414,7,11,2,4,2,2,20623983.0
5026,7,11,2,5,2,2,441024.0
5760,7,11,2,8,2,2,699368.0
6285,7,11,2,9,1,1,21.4
679,7,11,2,12,2,2,21065007.0
1896,7,12,1,2,2,2,1216909.0
1292,7,12,1,3,2,2,35670.0
2900,7,12,1,6,2,2,3139189.0
3908,7,12,1,7,2,2,61855.0
2453,7,12,1,10,2,2,17593.0
3468,7,12,1,11,2,2,49415.0
68,7,12,1,12,2,2,4520631.0
5532,7,12,2,1,2,2,3776464.0
4415,7,12,2,4,2,2,20751048.0
5027,7,12,2,5,2,2,475890.0
5761,7,12,2,8,2,2,705916.0
6286,7,12,2,9,1,1,22.93
680,7,12,2,12,2,2,21226938.0
1897,7,13,1,2,2,2,1215136.0
1293,7,13,1,3,2,2,25474.0
2901,7,13,1,6,2,2,3230714.0
3909,7,13,1,7,2,2,52900.0
2454,7,13,1,10,2,2,17388.0
3469,7,13,1,11,2,2,65105.0
69,7,13,1,12,2,2,4606717.0
5533,7,13,2,1,2,2,4727357.0
4416,7,13,2,4,2,2,20742771.0
5028,7,13,2,5,2,2,457282.0
5762,7,13,2,8,2,2,649496.0
6287,7,13,2,9,1,1,24.24
681,7,13,2,12,2,2,21200053.0
1898,7,14,1,2,2,2,1149852.0
1294,7,14,1,3,2,2,14167.0
2902,7,14,1,6,2,2,3398006.0
3910,7,14,1,7,2,2,42240.0
2455,7,14,1,10,2,2,5593.0
3470,7,14,1,11,2,2,80646.0
70,7,14,1,12,2,2,4690504.0
5534,7,14,2,1,2,2,5723049.0
4417,7,14,2,4,2,2,20417350.0
5029,7,14,2,5,2,2,487182.0
5763,7,14,2,8,2,2,673962.0
6288,7,14,2,9,1,1,26.29
682,7,14,2,12,2,2,20904532.0
1899,8,1,1,2,2,2,3601665.0
1295,8,1,1,3,2,2,1874123.0
2903,8,1,1,6,2,2,580283.0
3911,8,1,1,7,2,2,243840.0
2456,8,1,1,10,2,2,258464.0
3471,8,1,1,11,2,2,9683.0
71,8,1,1,12,2,2,6568058.0
4418,8,1,2,4,2,2,23451748.0
5030,8,1,2,5,2,2,370211.0
6289,8,1,2,9,1,1,1.49
683,8,1,2,12,2,2,23821959.0
1900,8,2,1,2,2,2,3918354.0
1296,8,2,1,3,2,2,1652258.0
2904,8,2,1,6,2,2,641469.0
3912,8,2,1,7,2,2,261709.0
2457,8,2,1,10,2,2,235233.0
3472,8,2,1,11,2,2,13161.0
72,8,2,1,12,2,2,6722184.0
4419,8,2,2,4,2,2,25388123.0
5031,8,2,2,5,2,2,389878.0
6290,8,2,2,9,1,1,1.63
684,8,2,2,12,2,2,25778001.0
1901,8,3,1,2,2,2,4004747.0
1297,8,3,1,3,2,2,1625128.0
2905,8,3,1,6,2,2,722039.0
3913,8,3,1,7,2,2,285503.0
2458,8,3,1,10,2,2,242852.0
3473,8,3,1,11,2,2,21996.0
73,8,3,1,12,2,2,6902265.0
4420,8,3,2,4,2,2,25982034.0
5032,8,3,2,5,2,2,412737.0
6291,8,3,2,9,1,1,1.94
685,8,3,2,12,2,2,26394771.0
1902,8,4,1,2,2,2,4158968.0
1298,8,4,1,3,2,2,1506511.0
2906,8,4,1,6,2,2,853602.0
3914,8,4,1,7,2,2,315864.0
2459,8,4,1,10,2,2,112286.0
3474,8,4,1,11,2,2,27276.0
74,8,4,1,12,2,2,6974507.0
4421,8,4,2,4,2,2,29127543.0
5033,8,4,2,5,2,2,405769.0
6292,8,4,2,9,1,1,2.09
686,8,4,2,12,2,2,29533312.0
1903,8,5,1,2,2,2,4490835.0
1299,8,5,1,3,2,2,1415393.0
2907,8,5,1,6,2,2,1004606.0
3915,8,5,1,7,2,2,389947.0
2460,8,5,1,10,2,2,137587.0
3475,8,5,1,11,2,2,44401.0
75,8,5,1,12,2,2,7482769.0
4422,8,5,2,4,2,2,27790970.0
5034,8,5,2,5,2,2,417660.0
6293,8,5,2,9,1,1,2.6
687,8,5,2,12,2,2,28208630.0
1904,8,6,1,2,2,2,4791924.0
1300,8,6,1,3,2,2,1276420.0
2908,8,6,1,6,2,2,1176703.0
3916,8,6,1,7,2,2,389670.0
2461,8,6,1,10,2,2,161001.0
3476,8,6,1,11,2,2,30899.0
76,8,6,1,12,2,2,7826617.0
4423,8,6,2,4,2,2,31013726.0
5035,8,6,2,5,2,2,441289.0
6294,8,6,2,9,1,1,2.8
688,8,6,2,12,2,2,31455015.0
1905,8,7,1,2,2,2,5043263.0
1301,8,7,1,3,2,2,1154848.0
2909,8,7,1,6,2,2,1477740.0
3917,8,7,1,7,2,2,402565.0
2462,8,7,1,10,2,2,167733.0
3477,8,7,1,11,2,2,45847.0
77,8,7,1,12,2,2,8291996.0
4424,8,7,2,4,2,2,32341812.0
5036,8,7,2,5,2,2,487850.0
6295,8,7,2,9,1,1,4.13
689,8,7,2,12,2,2,32829662.0
1906,8,8,1,2,2,2,5086576.0
1302,8,8,1,3,2,2,1023375.0
2910,8,8,1,6,2,2,1729294.0
3918,8,8,1,7,2,2,415287.0
2463,8,8,1,10,2,2,155509.0
3478,8,8,1,11,2,2,44804.0
78,8,8,1,12,2,2,8454845.0
4425,8,8,2,4,2,2,36267257.0
5037,8,8,2,5,2,2,499784.0
6296,8,8,2,9,1,1,4.63
690,8,8,2,12,2,2,36767041.0
1907,8,9,1,2,2,2,5095459.0
1303,8,9,1,3,2,2,897533.0
2911,8,9,1,6,2,2,2087514.0
3919,8,9,1,7,2,2,359274.0
2464,8,9,1,10,2,2,194203.0
3479,8,9,1,11,2,2,36757.0
79,8,9,1,12,2,2,8670740.0
4426,8,9,2,4,2,2,41360130.0
5038,8,9,2,5,2,2,464687.0
6297,8,9,2,9,1,1,7.75
691,8,9,2,12,2,2,41824817.0
1908,8,10,1,2,2,2,5085762.0
1304,8,10,1,3,2,2,716414.0
2912,8,10,1,6,2,2,2503449.0
3920,8,10,1,7,2,2,328838.0
2465,8,10,1,10,2,2,180767.0
3480,8,10,1,11,2,2,31192.0
80,8,10,1,12,2,2,8846422.0
4427,8,10,2,4,2,2,43597160.0
5039,8,10,2,5,2,2,479428.0
6298,8,10,2,9,1,1,8.48
692,8,10,2,12,2,2,44076588.0
1909,8,11,1,2,2,2,5010279.0
1305,8,11,1,3,2,2,560789.0
2913,8,11,1,6,2,2,2845242.0
3921,8,11,1,7,2,2,320448.0
2466,8,11,1,10,2,2,180344.0
3481,8,11,1,11,2,2,32885.0
81,8,11,1,12,2,2,8949987.0
4428,8,11,2,4,2,2,44018025.0
5040,8,11,2,5,2,2,467670.0
6299,8,11,2,9,1,1,9.61
693,8,11,2,12,2,2,44485695.0
1910,8,12,1,2,2,2,4821560.0
1306,8,12,1,3,2,2,397459.0
2914,8,12,1,6,2,2,3212508.0
3922,8,12,1,7,2,2,304264.0
2467,8,12,1,10,2,2,136278.0
3482,8,12,1,11,2,2,42064.0
82,8,12,1,12,2,2,8914133.0
4429,8,12,2,4,2,2,46423722.0
5041,8,12,2,5,2,2,474115.0
6300,8,12,2,9,1,1,10.01
694,8,12,2,12,2,2,46897837.0
1911,8,13,1,2,2,2,4208910.0
1307,8,13,1,3,2,2,249530.0
2915,8,13,1,6,2,2,4037079.0
3923,8,13,1,7,2,2,188060.0
2468,8,13,1,10,2,2,206947.0
3483,8,13,1,11,2,2,70987.0
83,8,13,1,12,2,2,8961513.0
5535,8,13,2,1,2,2,2114064.0
4430,8,13,2,4,2,2,46640576.0
5042,8,13,2,5,2,2,452051.0
6301,8,13,2,9,1,1,11.3
695,8,13,2,12,2,2,47092627.0
1912,8,14,1,2,2,2,4122886.0
1308,8,14,1,3,2,2,134626.0
2916,8,14,1,6,2,2,4436722.0
3924,8,14,1,7,2,2,206824.0
2469,8,14,1,10,2,2,216743.0
3484,8,14,1,11,2,2,84377.0
84,8,14,1,12,2,2,9202178.0
5536,8,14,2,1,2,2,3785182.0
4431,8,14,2,4,2,2,48723177.0
5043,8,14,2,5,2,2,437157.0
6302,8,14,2,9,1,1,11.21
696,8,14,2,12,2,2,49160334.0
1913,9,1,1,2,2,2,498733.0
1309,9,1,1,3,2,2,276362.0
2917,9,1,1,6,2,2,21901.0
3925,9,1,1,7,2,2,7702.0
2470,9,1,1,10,2,2,497.0
3485,9,1,1,11,2,2,282.0
85,9,1,1,12,2,2,805477.0
4432,9,1,2,4,2,2,4923982.0
5044,9,1,2,5,2,2,114551.0
6303,9,1,2,9,1,1,2.33
697,9,1,2,12,2,2,5038533.0
1914,9,2,1,2,2,2,533353.0
1310,9,2,1,3,2,2,275665.0
2918,9,2,1,6,2,2,19677.0
3926,9,2,1,7,2,2,5488.0
2471,9,2,1,10,2,2,601.0
86,9,2,1,12,2,2,834784.0
4433,9,2,2,4,2,2,4961658.0
5045,9,2,2,5,2,2,117698.0
6304,9,2,2,9,1,1,2.46
698,9,2,2,12,2,2,5079356.0
1915,9,3,1,2,2,2,558809.0
1311,9,3,1,3,2,2,228037.0
2919,9,3,1,6,2,2,80712.0
3927,9,3,1,7,2,2,3550.0
2472,9,3,1,10,2,2,3.0
3486,9,3,1,11,2,2,383.0
87,9,3,1,12,2,2,871494.0
4434,9,3,2,4,2,2,4393097.0
5046,9,3,2,5,2,2,128178.0
6305,9,3,2,9,1,1,2.61
699,9,3,2,12,2,2,4521275.0
1916,9,4,1,2,2,2,591189.0
1312,9,4,1,3,2,2,192136.0
2920,9,4,1,6,2,2,116951.0
3928,9,4,1,7,2,2,3374.0
2473,9,4,1,10,2,2,703.0
3487,9,4,1,11,2,2,381.0
88,9,4,1,12,2,2,904734.0
4435,9,4,2,4,2,2,4516462.0
5047,9,4,2,5,2,2,132767.0
6306,9,4,2,9,1,1,2.82
700,9,4,2,12,2,2,4649229.0
1917,9,5,1,2,2,2,604133.0
1313,9,5,1,3,2,2,210381.0
2921,9,5,1,6,2,2,131242.0
3929,9,5,1,7,2,2,3875.0
2474,9,5,1,10,2,2,9.0
3488,9,5,1,11,2,2,638.0
89,9,5,1,12,2,2,950278.0
4436,9,5,2,4,2,2,4571234.0
5048,9,5,2,5,2,2,135389.0
6307,9,5,2,9,1,1,3.95
701,9,5,2,12,2,2,4706623.0
1918,9,6,1,2,2,2,633407.0
1314,9,6,1,3,2,2,214330.0
2922,9,6,1,6,2,2,138350.0
3930,9,6,1,7,2,2,5718.0
2475,9,6,1,10,2,2,586.0
3489,9,6,1,11,2,2,334.0
90,9,6,1,12,2,2,992725.0
4437,9,6,2,4,2,2,4603552.0
5049,9,6,2,5,2,2,133147.0
6308,9,6,2,9,1,1,4.05
702,9,6,2,12,2,2,4736699.0
1919,9,7,1,2,2,2,631471.0
1315,9,7,1,3,2,2,152151.0
2923,9,7,1,6,2,2,235237.0
3931,9,7,1,7,2,2,5588.0
2476,9,7,1,10,2,2,171.0
3490,9,7,1,11,2,2,247.0
91,9,7,1,12,2,2,1024865.0
4438,9,7,2,4,2,2,4587682.0
5050,9,7,2,5,2,2,130477.0
6309,9,7,2,9,1,1,4.59
703,9,7,2,12,2,2,4718159.0
1920,9,8,1,2,2,2,629742.0
1316,9,8,1,3,2,2,132684.0
2924,9,8,1,6,2,2,289249.0
3932,9,8,1,7,2,2,6872.0
2477,9,8,1,10,2,2,4.0
3491,9,8,1,11,2,2,215.0
92,9,8,1,12,2,2,1058766.0
4439,9,8,2,4,2,2,4776933.0
5051,9,8,2,5,2,2,128005.0
6310,9,8,2,9,1,1,4.76
704,9,8,2,12,2,2,4904938.0
1921,9,9,1,2,2,2,602009.0
1317,9,9,1,3,2,2,115143.0
2925,9,9,1,6,2,2,354746.0
3933,9,9,1,7,2,2,8200.0
2478,9,9,1,10,2,2,539.0
3492,9,9,1,11,2,2,188.0
93,9,9,1,12,2,2,1080825.0
4440,9,9,2,4,2,2,4738416.0
5052,9,9,2,5,2,2,122009.0
6311,9,9,2,9,1,1,5.4
705,9,9,2,12,2,2,4860425.0
1922,9,10,1,2,2,2,573514.0
1318,9,10,1,3,2,2,83280.0
2926,9,10,1,6,2,2,441734.0
3934,9,10,1,7,2,2,6382.0
2479,9,10,1,10,2,2,600.0
3493,9,10,1,11,2,2,160.0
94,9,10,1,12,2,2,1105670.0
4441,9,10,2,4,2,2,4875293.0
5053,9,10,2,5,2,2,126652.0
6312,9,10,2,9,1,1,5.73
706,9,10,2,12,2,2,5001945.0
1923,9,11,1,2,2,2,550476.0
1319,9,11,1,3,2,2,72142.0
2927,9,11,1,6,2,2,503408.0
3935,9,11,1,7,2,2,8211.0
2480,9,11,1,10,2,2,51.0
3494,9,11,1,11,2,2,123.0
95,9,11,1,12,2,2,1134411.0
4442,9,11,2,4,2,2,4887227.0
5054,9,11,2,5,2,2,133582.0
6313,9,11,2,9,1,1,6.55
707,9,11,2,12,2,2,5020809.0
1924,9,12,1,2,2,2,527589.0
1320,9,12,1,3,2,2,69743.0
2928,9,12,1,6,2,2,545837.0
3936,9,12,1,7,2,2,6737.0
3495,9,12,1,11,2,2,18.0
96,9,12,1,12,2,2,1149924.0
4443,9,12,2,4,2,2,5047834.0
5055,9,12,2,5,2,2,135620.0
6314,9,12,2,9,1,1,6.98
708,9,12,2,12,2,2,5183454.0
1925,9,13,1,2,2,2,474914.0
1321,9,13,1,3,2,2,46269.0
2929,9,13,1,6,2,2,617520.0
3937,9,13,1,7,2,2,7626.0
2481,9,13,1,10,2,2,4726.0
3496,9,13,1,11,2,2,23159.0
97,9,13,1,12,2,2,1174214.0
4444,9,13,2,4,2,2,5015064.0
5056,9,13,2,5,2,2,140769.0
6315,9,13,2,9,1,1,7.94
709,9,13,2,12,2,2,5155833.0
1926,9,14,1,2,2,2,477174.0
1322,9,14,1,3,2,2,34693.0
2930,9,14,1,6,2,2,650295.0
3938,9,14,1,7,2,2,7956.0
2482,9,14,1,10,2,2,4348.0
3497,9,14,1,11,2,2,20172.0
98,9,14,1,12,2,2,1194638.0
4445,9,14,2,4,2,2,5176663.0
5057,9,14,2,5,2,2,138935.0
6316,9,14,2,9,1,1,7.76
710,9,14,2,12,2,2,5315598.0
2370,10,2,1,2,2,2,163148.0
1799,10,2,1,3,2,2,770588.0
3407,10,2,1,6,2,2,63731.0
4318,10,2,1,7,2,2,126777.0
2803,10,2,1,10,2,2,4029.0
3825,10,2,1,11,2,2,53.0
575,10,2,1,12,2,2,1128326.0
4922,10,2,2,4,2,2,3514032.0
6213,10,2,2,8,2,2,211677.0
6744,10,2,2,9,1,1,4.68
1187,10,2,2,12,2,2,3514032.0
2371,10,4,1,2,2,2,166957.0
1800,10,4,1,3,2,2,743290.0
3408,10,4,1,6,2,2,84431.0
4319,10,4,1,7,2,2,155091.0
2804,10,4,1,10,2,2,5004.0
3826,10,4,1,11,2,2,168.0
576,10,4,1,12,2,2,1154941.0
4923,10,4,2,4,2,2,3623860.0
6214,10,4,2,8,2,2,233084.0
6745,10,4,2,9,1,1,7.71
1188,10,4,2,12,2,2,3623860.0
2372,10,6,1,2,2,2,168016.0
1801,10,6,1,3,2,2,714235.0
3409,10,6,1,6,2,2,114517.0
4320,10,6,1,7,2,2,28830.0
2805,10,6,1,10,2,2,5375.0
3827,10,6,1,11,2,2,69.0
577,10,6,1,12,2,2,1031042.0
4924,10,6,2,4,2,2,4598772.0
6215,10,6,2,8,2,2,260579.0
6746,10,6,2,9,1,1,14.09
1189,10,6,2,12,2,2,4598772.0
2373,10,8,1,2,2,2,174771.0
1802,10,8,1,3,2,2,686651.0
3410,10,8,1,6,2,2,153118.0
4321,10,8,1,7,2,2,28141.0
2806,10,8,1,10,2,2,5808.0
3828,10,8,1,11,2,2,79.0
578,10,8,1,12,2,2,1048568.0
4925,10,8,2,4,2,2,4716731.0
6216,10,8,2,8,2,2,268403.0
6747,10,8,2,9,1,1,16.07
1190,10,8,2,12,2,2,4716731.0
2374,10,10,1,2,2,2,178014.0
1803,10,10,1,3,2,2,666721.0
3411,10,10,1,6,2,2,194352.0
4322,10,10,1,7,2,2,34129.0
2807,10,10,1,10,2,2,6908.0
3829,10,10,1,11,2,2,586.0
579,10,10,1,12,2,2,1080710.0
4926,10,10,2,4,2,2,5096828.0
6217,10,10,2,8,2,2,286109.0
6748,10,10,2,9,1,1,18.09
1191,10,10,2,12,2,2,5096828.0
2375,10,11,1,2,2,2,176331.0
1804,10,11,1,3,2,2,647799.0
3412,10,11,1,6,2,2,224001.0
4323,10,11,1,7,2,2,35492.0
2808,10,11,1,10,2,2,7154.0
3830,10,11,1,11,2,2,1299.0
580,10,11,1,12,2,2,1092076.0
4927,10,11,2,4,2,2,5445021.0
6218,10,11,2,8,2,2,283821.0
6749,10,11,2,9,1,1,18.94
1192,10,11,2,12,2,2,5445021.0
2376,10,12,1,2,2,2,173459.0
1805,10,12,1,3,2,2,629162.0
3413,10,12,1,6,2,2,260718.0
4324,10,12,1,7,2,2,36326.0
2809,10,12,1,10,2,2,7840.0
3831,10,12,1,11,2,2,1730.0
581,10,12,1,12,2,2,1109235.0
4928,10,12,2,4,2,2,5442857.0
6219,10,12,2,8,2,2,289676.0
6750,10,12,2,9,1,1,20.65
1193,10,12,2,12,2,2,5442857.0
2377,10,13,1,2,2,2,171725.0
1806,10,13,1,3,2,2,597317.0
3414,10,13,1,6,2,2,303731.0
4325,10,13,1,7,2,2,51608.0
2810,10,13,1,10,2,2,8149.0
3832,10,13,1,11,2,2,2908.0
582,10,13,1,12,2,2,1135438.0
4929,10,13,2,4,2,2,5666981.0
6220,10,13,2,8,2,2,337396.0
6751,10,13,2,9,1,1,22.21
1194,10,13,2,12,2,2,5666981.0
2378,10,14,1,2,2,2,161944.0
1807,10,14,1,3,2,2,568890.0
3415,10,14,1,6,2,2,350471.0
4326,10,14,1,7,2,2,299906.0
2811,10,14,1,10,2,2,7989.0
3833,10,14,1,11,2,2,3805.0
583,10,14,1,12,2,2,1393005.0
4930,10,14,2,4,2,2,5487857.0
6221,10,14,2,8,2,2,397711.0
6752,10,14,2,9,1,1,20.1
1195,10,14,2,12,2,2,5487857.0
1927,11,1,1,2,2,2,587107.0
1323,11,1,1,3,2,2,880524.0
2931,11,1,1,6,2,2,601719.0
3939,11,1,1,7,2,2,1128526.0
2483,11,1,1,10,2,2,9.0
3498,11,1,1,11,2,2,937.0
99,11,1,1,12,2,2,3198822.0
4446,11,1,2,4,2,2,8119380.0
5058,11,1,2,5,2,2,1059447.0
5764,11,1,2,8,2,2,963827.0
6317,11,1,2,9,1,1,2.82
711,11,1,2,12,2,2,9178827.0
1928,11,2,1,2,2,2,596710.0
1324,11,2,1,3,2,2,889813.0
2932,11,2,1,6,2,2,622346.0
3940,11,2,1,7,2,2,1104674.0
2484,11,2,1,10,2,2,15.0
3499,11,2,1,11,2,2,843.0
100,11,2,1,12,2,2,3214401.0
4447,11,2,2,4,2,2,8333355.0
5059,11,2,2,5,2,2,1050345.0
5765,11,2,2,8,2,2,1001125.0
6318,11,2,2,9,1,1,3.39
712,11,2,2,12,2,2,9383700.0
1929,11,3,1,2,2,2,593638.0
1325,11,3,1,3,2,2,901632.0
2933,11,3,1,6,2,2,638042.0
3941,11,3,1,7,2,2,1143635.0
2485,11,3,1,10,2,2,17.0
3500,11,3,1,11,2,2,843.0
101,11,3,1,12,2,2,3277807.0
4448,11,3,2,4,2,2,9027627.0
5060,11,3,2,5,2,2,1039905.0
5766,11,3,2,8,2,2,1039772.0
6319,11,3,2,9,1,1,4.81
713,11,3,2,12,2,2,10067532.0
1930,11,4,1,2,2,2,605510.0
1326,11,4,1,3,2,2,920000.0
2934,11,4,1,6,2,2,664309.0
3942,11,4,1,7,2,2,1537714.0
2486,11,4,1,10,2,2,59.0
3501,11,4,1,11,2,2,845.0
102,11,4,1,12,2,2,3728437.0
4449,11,4,2,4,2,2,9371850.0
5061,11,4,2,5,2,2,516623.0
5767,11,4,2,8,2,2,1093607.0
6320,11,4,2,9,1,1,1.82
714,11,4,2,12,2,2,9888473.0
1931,11,5,1,2,2,2,610202.0
1327,11,5,1,3,2,2,941855.0
2935,11,5,1,6,2,2,687370.0
3943,11,5,1,7,2,2,1585300.0
2487,11,5,1,10,2,2,78.0
3502,11,5,1,11,2,2,811.0
103,11,5,1,12,2,2,3825616.0
4450,11,5,2,4,2,2,9389905.0
5062,11,5,2,5,2,2,438638.0
5768,11,5,2,8,2,2,1171875.0
6321,11,5,2,9,1,1,2.81
715,11,5,2,12,2,2,9828543.0
1932,11,6,1,2,2,2,613947.0
1328,11,6,1,3,2,2,957366.0
2936,11,6,1,6,2,2,721333.0
3944,11,6,1,7,2,2,1542183.0
2488,11,6,1,10,2,2,71.0
3503,11,6,1,11,2,2,801.0
104,11,6,1,12,2,2,3835701.0
4451,11,6,2,4,2,2,9718362.0
5063,11,6,2,5,2,2,390411.0
5769,11,6,2,8,2,2,1209755.0
6322,11,6,2,9,1,1,3.17
716,11,6,2,12,2,2,10108773.0
1933,11,7,1,2,2,2,618860.0
1329,11,7,1,3,2,2,976996.0
2937,11,7,1,6,2,2,741708.0
3945,11,7,1,7,2,2,1578155.0
2489,11,7,1,10,2,2,84.0
3504,11,7,1,11,2,2,798.0
105,11,7,1,12,2,2,3916601.0
4452,11,7,2,4,2,2,10072929.0
5064,11,7,2,5,2,2,376690.0
5770,11,7,2,8,2,2,1265966.0
6323,11,7,2,9,1,1,4.1
717,11,7,2,12,2,2,10449619.0
1934,11,8,1,2,2,2,624918.0
1330,11,8,1,3,2,2,990930.0
2938,11,8,1,6,2,2,740024.0
3946,11,8,1,7,2,2,1581657.0
2490,11,8,1,10,2,2,84.0
3505,11,8,1,11,2,2,1058.0
106,11,8,1,12,2,2,3938671.0
4453,11,8,2,4,2,2,10084705.0
5065,11,8,2,5,2,2,348912.0
5771,11,8,2,8,2,2,1307244.0
6324,11,8,2,9,1,1,4.7
718,11,8,2,12,2,2,10433617.0
1935,11,9,1,2,2,2,617096.0
1331,11,9,1,3,2,2,1004345.0
2939,11,9,1,6,2,2,789733.0
3947,11,9,1,7,2,2,1591038.0
2491,11,9,1,10,2,2,94.0
3506,11,9,1,11,2,2,1296.0
107,11,9,1,12,2,2,4003602.0
4454,11,9,2,4,2,2,10444839.0
5066,11,9,2,5,2,2,328524.0
5772,11,9,2,8,2,2,1384729.0
6325,11,9,2,9,1,1,6.25
719,11,9,2,12,2,2,10773363.0
1936,11,10,1,2,2,2,612970.0
1332,11,10,1,3,2,2,1007316.0
2940,11,10,1,6,2,2,810059.0
3948,11,10,1,7,2,2,1581931.0
2492,11,10,1,10,2,2,107.0
3507,11,10,1,11,2,2,9672.0
108,11,10,1,12,2,2,4022055.0
5537,11,10,2,1,2,2,1509266.0
4455,11,10,2,4,2,2,10709224.0
5067,11,10,2,5,2,2,312691.0
5773,11,10,2,8,2,2,1422480.0
6326,11,10,2,9,1,1,7.33
720,11,10,2,12,2,2,11021915.0
1937,11,11,1,2,2,2,598053.0
1333,11,11,1,3,2,2,1013544.0
2941,11,11,1,6,2,2,872022.0
3949,11,11,1,7,2,2,1589863.0
2493,11,11,1,10,2,2,112.0
3508,11,11,1,11,2,2,10511.0
109,11,11,1,12,2,2,4084105.0
5538,11,11,2,1,2,2,1824200.0
4456,11,11,2,4,2,2,10787078.0
5068,11,11,2,5,2,2,313732.0
5774,11,11,2,8,2,2,1564704.0
6327,11,11,2,9,1,1,9.38
721,11,11,2,12,2,2,11100810.0
1938,11,12,1,2,2,2,605080.0
1334,11,12,1,3,2,2,1016093.0
2942,11,12,1,6,2,2,884184.0
3950,11,12,1,7,2,2,1576825.0
2494,11,12,1,10,2,2,114.0
3509,11,12,1,11,2,2,6410.0
110,11,12,1,12,2,2,4088706.0
5539,11,12,2,1,2,2,2245272.0
4457,11,12,2,4,2,2,11160166.0
5069,11,12,2,5,2,2,317155.0
5775,11,12,2,8,2,2,1612306.0
6328,11,12,2,9,1,1,9.86
722,11,12,2,12,2,2,11477321.0
1939,11,13,1,2,2,2,606634.0
1335,11,13,1,3,2,2,1008754.0
2943,11,13,1,6,2,2,932638.0
3951,11,13,1,7,2,2,1606184.0
2495,11,13,1,10,2,2,122.0
3510,11,13,1,11,2,2,7417.0
111,11,13,1,12,2,2,4161749.0
5540,11,13,2,1,2,2,3328707.0
4458,11,13,2,4,2,2,11152208.0
5070,11,13,2,5,2,2,311186.0
5776,11,13,2,8,2,2,1736896.0
6329,11,13,2,9,1,1,11.78
723,11,13,2,12,2,2,11463394.0
1940,11,14,1,2,2,2,602519.0
1336,11,14,1,3,2,2,992626.0
2944,11,14,1,6,2,2,956792.0
3952,11,14,1,7,2,2,1605456.0
2496,11,14,1,10,2,2,129.0
3511,11,14,1,11,2,2,8225.0
112,11,14,1,12,2,2,4165747.0
5541,11,14,2,1,2,2,3789116.0
4459,11,14,2,4,2,2,11279635.0
5071,11,14,2,5,2,2,295358.0
5777,11,14,2,8,2,2,1812661.0
6330,11,14,2,9,1,1,12.54
724,11,14,2,12,2,2,11574993.0
1941,12,1,1,2,2,2,820810.0
1337,12,1,1,3,2,2,910556.0
2945,12,1,1,6,2,2,752664.0
3953,12,1,1,7,2,2,21406.0
2497,12,1,1,10,2,2,25057.0
3512,12,1,1,11,2,2,91.0
113,12,1,1,12,2,2,2530584.0
4460,12,1,2,4,2,2,6583483.0
5072,12,1,2,5,2,2,1209277.0
5778,12,1,2,8,2,2,1299360.0
725,12,1,2,12,2,2,7792760.0
1942,12,2,1,2,2,2,832460.0
1338,12,2,1,3,2,2,863218.0
2946,12,2,1,6,2,2,793123.0
3954,12,2,1,7,2,2,21538.0
2498,12,2,1,10,2,2,25083.0
3513,12,2,1,11,2,2,91.0
114,12,2,1,12,2,2,2535513.0
4461,12,2,2,4,2,2,6910411.0
5073,12,2,2,5,2,2,1182387.0
5779,12,2,2,8,2,2,1319675.0
6331,12,2,2,9,1,1,7.45
726,12,2,2,12,2,2,8092798.0
1943,12,3,1,2,2,2,849565.0
1339,12,3,1,3,2,2,809006.0
2947,12,3,1,6,2,2,843984.0
3955,12,3,1,7,2,2,21689.0
2499,12,3,1,10,2,2,24865.0
3514,12,3,1,11,2,2,39.0
115,12,3,1,12,2,2,2549148.0
4462,12,3,2,4,2,2,6861299.0
5074,12,3,2,5,2,2,1160888.0
5780,12,3,2,8,2,2,1415208.0
727,12,3,2,12,2,2,8022187.0
1944,12,4,1,2,2,2,848217.0
1340,12,4,1,3,2,2,753036.0
2948,12,4,1,6,2,2,889382.0
3956,12,4,1,7,2,2,21888.0
2500,12,4,1,10,2,2,24868.0
3515,12,4,1,11,2,2,39.0
116,12,4,1,12,2,2,2537430.0
4463,12,4,2,4,2,2,6799330.0
5075,12,4,2,5,2,2,1134799.0
5781,12,4,2,8,2,2,1455899.0
6332,12,4,2,9,1,1,9.57
728,12,4,2,12,2,2,7934129.0
1945,12,5,1,2,2,2,873922.0
1341,12,5,1,3,2,2,686887.0
2949,12,5,1,6,2,2,964628.0
3957,12,5,1,7,2,2,20689.0
2501,12,5,1,10,2,2,25566.0
3516,12,5,1,11,2,2,44.0
117,12,5,1,12,2,2,2571736.0
4464,12,5,2,4,2,2,6758219.0
5076,12,5,2,5,2,2,1166135.0
5782,12,5,2,8,2,2,1516950.0
729,12,5,2,12,2,2,7924354.0
1946,12,6,1,2,2,2,886424.0
1342,12,6,1,3,2,2,625282.0
2950,12,6,1,6,2,2,1020212.0
3958,12,6,1,7,2,2,20579.0
2502,12,6,1,10,2,2,25569.0
3517,12,6,1,11,2,2,44.0
118,12,6,1,12,2,2,2578110.0
4465,12,6,2,4,2,2,6869930.0
5077,12,6,2,5,2,2,1162322.0
5783,12,6,2,8,2,2,1636598.0
6333,12,6,2,9,1,1,13.05
730,12,6,2,12,2,2,8032252.0
1947,12,7,1,2,2,2,893950.0
1343,12,7,1,3,2,2,630591.0
2951,12,7,1,6,2,2,1028874.0
3959,12,7,1,7,2,2,20754.0
2503,12,7,1,10,2,2,25786.0
3518,12,7,1,11,2,2,45.0
119,12,7,1,12,2,2,2600000.0
4466,12,7,2,4,2,2,6927874.0
5078,12,7,2,5,2,2,1172126.0
5784,12,7,2,8,2,2,1636598.0
731,12,7,2,12,2,2,8100000.0
1948,12,8,1,2,2,2,900689.0
1344,12,8,1,3,2,2,513195.0
2952,12,8,1,6,2,2,1156101.0
3960,12,8,1,7,2,2,19580.0
2504,12,8,1,10,2,2,24243.0
3519,12,8,1,11,2,2,44.0
120,12,8,1,12,2,2,2613852.0
4467,12,8,2,4,2,2,7113499.0
5079,12,8,2,5,2,2,1181674.0
5785,12,8,2,8,2,2,1800000.0
6334,12,8,2,9,1,1,16.08
732,12,8,2,12,2,2,8295173.0
1949,12,9,1,2,2,2,902733.0
1345,12,9,1,3,2,2,454547.0
2953,12,9,1,6,2,2,1240011.0
3961,12,9,1,7,2,2,16321.0
2505,12,9,1,10,2,2,24086.0
3520,12,9,1,11,2,2,35.0
121,12,9,1,12,2,2,2637733.0
4468,12,9,2,4,2,2,7282342.0
5080,12,9,2,5,2,2,1241102.0
5786,12,9,2,8,2,2,1906633.0
6335,12,9,2,9,1,1,17.77
733,12,9,2,12,2,2,8523444.0
1950,12,10,1,2,2,2,895905.0
1346,12,10,1,3,2,2,400703.0
2954,12,10,1,6,2,2,1308654.0
3962,12,10,1,7,2,2,16257.0
2506,12,10,1,10,2,2,24030.0
3521,12,10,1,11,2,2,353.0
122,12,10,1,12,2,2,2645902.0
5542,12,10,2,1,2,2,4476648.0
4469,12,10,2,4,2,2,7128884.0
5081,12,10,2,5,2,2,1244357.0
5787,12,10,2,8,2,2,1995180.0
6336,12,10,2,9,1,1,19.03
734,12,10,2,12,2,2,8373241.0
1951,12,11,1,2,2,2,875077.0
1347,12,11,1,3,2,2,344342.0
2955,12,11,1,6,2,2,1388407.0
3963,12,11,1,7,2,2,14278.0
2507,12,11,1,10,2,2,23968.0
3522,12,11,1,11,2,2,553.0
123,12,11,1,12,2,2,2646625.0
5543,12,11,2,1,2,2,5998638.0
4470,12,11,2,4,2,2,7363278.0
5082,12,11,2,5,2,2,1248590.0
5788,12,11,2,8,2,2,2101755.0
6337,12,11,2,9,1,1,21.81
735,12,11,2,12,2,2,8611868.0
1952,12,12,1,2,2,2,836103.0
1348,12,12,1,3,2,2,294823.0
2956,12,12,1,6,2,2,1449651.0
3964,12,12,1,7,2,2,14176.0
2508,12,12,1,10,2,2,23968.0
3523,12,12,1,11,2,2,553.0
124,12,12,1,12,2,2,2619274.0
5544,12,12,2,1,2,2,6610677.0
4471,12,12,2,4,2,2,7487836.0
5083,12,12,2,5,2,2,1229994.0
5789,12,12,2,8,2,2,2389196.0
6338,12,12,2,9,1,1,23.56
736,12,12,2,12,2,2,8717830.0
1953,12,13,1,2,2,2,790369.0
1349,12,13,1,3,2,2,253974.0
2957,12,13,1,6,2,2,1511037.0
3965,12,13,1,7,2,2,13560.0
2509,12,13,1,10,2,2,23948.0
3524,12,13,1,11,2,2,909.0
125,12,13,1,12,2,2,2593797.0
5545,12,13,2,1,2,2,6961536.0
4472,12,13,2,4,2,2,7520854.0
5084,12,13,2,5,2,2,1266991.0
5790,12,13,2,8,2,2,2846787.0
6339,12,13,2,9,1,1,25.5
737,12,13,2,12,2,2,8787845.0
1954,12,14,1,2,2,2,746708.0
1350,12,14,1,3,2,2,209417.0
2958,12,14,1,6,2,2,1550802.0
3966,12,14,1,7,2,2,13560.0
2510,12,14,1,10,2,2,23948.0
3525,12,14,1,11,2,2,909.0
126,12,14,1,12,2,2,2545344.0
4473,12,14,2,4,2,2,7556556.0
5085,12,14,2,5,2,2,1309975.0
5791,12,14,2,8,2,2,2922938.0
6340,12,14,2,9,1,1,26.94
738,12,14,2,12,2,2,8866531.0
1955,13,1,1,2,2,2,96307.0
1351,13,1,1,3,2,2,132450.0
2959,13,1,1,6,2,2,154799.0
3967,13,1,1,7,2,2,27151.0
2511,13,1,1,10,2,2,3615.0
127,13,1,1,12,2,2,414322.0
4474,13,1,2,4,2,2,1120029.0
5086,13,1,2,5,2,2,799178.0
5792,13,1,2,8,2,2,266647.0
6341,13,1,2,9,1,1,9.23
739,13,1,2,12,2,2,1919207.0
1956,13,2,1,2,2,2,98251.0
1352,13,2,1,3,2,2,127649.0
2960,13,2,1,6,2,2,161877.0
3968,13,2,1,7,2,2,30220.0
2512,13,2,1,10,2,2,3643.0
128,13,2,1,12,2,2,421640.0
4475,13,2,2,4,2,2,1153941.0
5087,13,2,2,5,2,2,808976.0
5793,13,2,2,8,2,2,283772.0
6342,13,2,2,9,1,1,9.82
740,13,2,2,12,2,2,1962917.0
1957,13,3,1,2,2,2,96187.0
1353,13,3,1,3,2,2,120753.0
2961,13,3,1,6,2,2,170054.0
3969,13,3,1,7,2,2,33009.0
2513,13,3,1,10,2,2,3630.0
129,13,3,1,12,2,2,423633.0
4476,13,3,2,4,2,2,1196237.0
5088,13,3,2,5,2,2,819498.0
5794,13,3,2,8,2,2,315629.0
6343,13,3,2,9,1,1,11.18
741,13,3,2,12,2,2,2015735.0
1958,13,4,1,2,2,2,94870.0
1354,13,4,1,3,2,2,113636.0
2962,13,4,1,6,2,2,184038.0
3970,13,4,1,7,2,2,34757.0
2514,13,4,1,10,2,2,3950.0
130,13,4,1,12,2,2,431251.0
4477,13,4,2,4,2,2,2096145.0
5089,13,4,2,5,2,2,221059.0
5795,13,4,2,8,2,2,342724.0
6344,13,4,2,9,1,1,11.66
742,13,4,2,12,2,2,2317204.0
1959,13,5,1,2,2,2,92770.0
1355,13,5,1,3,2,2,108500.0
2963,13,5,1,6,2,2,188305.0
3971,13,5,1,7,2,2,36994.0
2515,13,5,1,10,2,2,3355.0
131,13,5,1,12,2,2,429924.0
4478,13,5,2,4,2,2,1257025.0
5090,13,5,2,5,2,2,991481.0
5796,13,5,2,8,2,2,363072.0
6345,13,5,2,9,1,1,14.44
743,13,5,2,12,2,2,2248506.0
1960,13,6,1,2,2,2,92997.0
1356,13,6,1,3,2,2,103440.0
2964,13,6,1,6,2,2,196908.0
3972,13,6,1,7,2,2,38460.0
2516,13,6,1,10,2,2,3221.0
132,13,6,1,12,2,2,435026.0
4479,13,6,2,4,2,2,2106318.0
5091,13,6,2,5,2,2,229302.0
5797,13,6,2,8,2,2,394974.0
6346,13,6,2,9,1,1,14.71
744,13,6,2,12,2,2,2335620.0
1961,13,7,1,2,2,2,89967.0
1357,13,7,1,3,2,2,99565.0
2965,13,7,1,6,2,2,203109.0
3973,13,7,1,7,2,2,73513.0
2517,13,7,1,10,2,2,3214.0
133,13,7,1,12,2,2,469368.0
4480,13,7,2,4,2,2,1435054.0
5092,13,7,2,5,2,2,866751.0
5798,13,7,2,8,2,2,423371.0
6347,13,7,2,9,1,1,18.43
745,13,7,2,12,2,2,2301805.0
1962,13,8,1,2,2,2,88451.0
1358,13,8,1,3,2,2,95817.0
2966,13,8,1,6,2,2,213149.0
3974,13,8,1,7,2,2,72037.0
2518,13,8,1,10,2,2,4716.0
134,13,8,1,12,2,2,474170.0
4481,13,8,2,4,2,2,2311904.0
5093,13,8,2,5,2,2,246104.0
5799,13,8,2,8,2,2,447547.0
6348,13,8,2,9,1,1,18.6
746,13,8,2,12,2,2,2558008.0
1963,13,9,1,2,2,2,86939.0
1359,13,9,1,3,2,2,91924.0
2967,13,9,1,6,2,2,224264.0
3975,13,9,1,7,2,2,85705.0
2519,13,9,1,10,2,2,2883.0
135,13,9,1,12,2,2,491715.0
4482,13,9,2,4,2,2,2305087.0
5094,13,9,2,5,2,2,358996.0
5800,13,9,2,8,2,2,476972.0
6349,13,9,2,9,1,1,20.6
747,13,9,2,12,2,2,2664083.0
1964,13,10,1,2,2,2,82995.0
1360,13,10,1,3,2,2,87712.0
2968,13,10,1,6,2,2,234865.0
3976,13,10,1,7,2,2,85715.0
2520,13,10,1,10,2,2,2886.0
136,13,10,1,12,2,2,494173.0
5546,13,10,2,1,2,2,75655.0
4483,13,10,2,4,2,2,2343641.0
5095,13,10,2,5,2,2,374811.0
5801,13,10,2,8,2,2,502098.0
6350,13,10,2,9,1,1,22.15
748,13,10,2,12,2,2,2718452.0
1965,13,11,1,2,2,2,78859.0
1361,13,11,1,3,2,2,90988.0
2969,13,11,1,6,2,2,251373.0
3977,13,11,1,7,2,2,93476.0
2521,13,11,1,10,2,2,2851.0
137,13,11,1,12,2,2,517547.0
4484,13,11,2,4,2,2,2172926.0
5096,13,11,2,5,2,2,378236.0
5802,13,11,2,8,2,2,518037.0
6351,13,11,2,9,1,1,25.85
749,13,11,2,12,2,2,2551162.0
1966,13,12,1,2,2,2,77162.0
1362,13,12,1,3,2,2,87206.0
2970,13,12,1,6,2,2,257959.0
3978,13,12,1,7,2,2,90961.0
2522,13,12,1,10,2,2,2859.0
138,13,12,1,12,2,2,516147.0
5547,13,12,2,1,2,2,151310.0
4485,13,12,2,4,2,2,2047125.0
5097,13,12,2,5,2,2,355576.0
5803,13,12,2,8,2,2,536549.0
6352,13,12,2,9,1,1,28.57
750,13,12,2,12,2,2,2402701.0
1967,13,13,1,2,2,2,74563.0
1363,13,13,1,3,2,2,83729.0
2971,13,13,1,6,2,2,259827.0
3979,13,13,1,7,2,2,96915.0
2523,13,13,1,10,2,2,2764.0
139,13,13,1,12,2,2,517798.0
5548,13,13,2,1,2,2,321997.0
4486,13,13,2,4,2,2,2006692.0
5098,13,13,2,5,2,2,353991.0
5804,13,13,2,8,2,2,568237.0
6353,13,13,2,9,1,1,36.0
751,13,13,2,12,2,2,2360683.0
1968,13,14,1,2,2,2,72515.0
1364,13,14,1,3,2,2,78618.0
2972,13,14,1,6,2,2,266047.0
3980,13,14,1,7,2,2,95426.0
2524,13,14,1,10,2,2,2893.0
140,13,14,1,12,2,2,515499.0
5549,13,14,2,1,2,2,410409.0
4487,13,14,2,4,2,2,2056218.0
5099,13,14,2,5,2,2,381873.0
5805,13,14,2,8,2,2,582123.0
6354,13,14,2,9,1,1,36.71
752,13,14,2,12,2,2,2438091.0
1969,14,1,1,2,2,2,424000.0
1365,14,1,1,3,2,2,449000.0
2973,14,1,1,6,2,2,825000.0
3981,14,1,1,7,2,2,3000.0
2525,14,1,1,10,2,2,7000.0
141,14,1,1,12,2,2,1708000.0
4488,14,1,2,4,2,2,6220000.0
5100,14,1,2,5,2,2,2240000.0
5806,14,1,2,8,2,2,1530000.0
6355,14,1,2,9,1,1,18.58
753,14,1,2,12,2,2,8460000.0
1970,14,2,1,2,2,2,434000.0
1366,14,2,1,3,2,2,405000.0
2974,14,2,1,6,2,2,888000.0
3982,14,2,1,7,2,2,3000.0
2526,14,2,1,10,2,2,7000.0
142,14,2,1,12,2,2,1737000.0
4489,14,2,2,4,2,2,6300000.0
5101,14,2,2,5,2,2,2230000.0
5807,14,2,2,8,2,2,1590000.0
6356,14,2,2,9,1,1,19.63
754,14,2,2,12,2,2,8530000.0
1971,14,3,1,2,2,2,443000.0
1367,14,3,1,3,2,2,379000.0
2975,14,3,1,6,2,2,929000.0
3983,14,3,1,7,2,2,3000.0
2527,14,3,1,10,2,2,8000.0
143,14,3,1,12,2,2,1762000.0
4490,14,3,2,4,2,2,6320000.0
5102,14,3,2,5,2,2,2200000.0
5808,14,3,2,8,2,2,1620000.0
6357,14,3,2,9,1,1,22.25
755,14,3,2,12,2,2,8520000.0
1972,14,4,1,2,2,2,458000.0
1368,14,4,1,3,2,2,346000.0
2976,14,4,1,6,2,2,977000.0
3984,14,4,1,7,2,2,5000.0
2528,14,4,1,10,2,2,11000.0
144,14,4,1,12,2,2,1797000.0
4491,14,4,2,4,2,2,6460000.0
5103,14,4,2,5,2,2,2110000.0
5809,14,4,2,8,2,2,1650000.0
6358,14,4,2,9,1,1,23.48
756,14,4,2,12,2,2,8570000.0
1973,14,5,1,2,2,2,471000.0
1369,14,5,1,3,2,2,319000.0
2977,14,5,1,6,2,2,994000.0
3985,14,5,1,7,2,2,4000.0
2529,14,5,1,10,2,2,13000.0
145,14,5,1,12,2,2,1801000.0
4492,14,5,2,4,2,2,6480000.0
5104,14,5,2,5,2,2,2110000.0
5810,14,5,2,8,2,2,1680000.0
6359,14,5,2,9,1,1,28.5
757,14,5,2,12,2,2,8590000.0
1974,14,6,1,2,2,2,488000.0
1370,14,6,1,3,2,2,281000.0
2978,14,6,1,6,2,2,1058000.0
3986,14,6,1,7,2,2,6000.0
2530,14,6,1,10,2,2,13000.0
146,14,6,1,12,2,2,1846000.0
4493,14,6,2,4,2,2,6500000.0
5105,14,6,2,5,2,2,2130000.0
5811,14,6,2,8,2,2,1740000.0
6360,14,6,2,9,1,1,30.23
758,14,6,2,12,2,2,8630000.0
1975,14,7,1,2,2,2,500000.0
1371,14,7,1,3,2,2,245000.0
2979,14,7,1,6,2,2,1078000.0
3987,14,7,1,7,2,2,9000.0
2531,14,7,1,10,2,2,13000.0
147,14,7,1,12,2,2,1845000.0
4494,14,7,2,4,2,2,6530000.0
5106,14,7,2,5,2,2,2080000.0
5812,14,7,2,8,2,2,1830000.0
6361,14,7,2,9,1,1,34.9
759,14,7,2,12,2,2,8610000.0
1976,14,8,1,2,2,2,501000.0
1372,14,8,1,3,2,2,218000.0
2980,14,8,1,6,2,2,1118000.0
2532,14,8,1,10,2,2,27000.0
148,14,8,1,12,2,2,1864000.0
4495,14,8,2,4,2,2,6610000.0
5107,14,8,2,5,2,2,2090000.0
5813,14,8,2,8,2,2,1500000.0
6362,14,8,2,9,1,1,35.82
760,14,8,2,12,2,2,8700000.0
1977,14,9,1,2,2,2,508000.0
1373,14,9,1,3,2,2,176000.0
2981,14,9,1,6,2,2,1160000.0
2533,14,9,1,10,2,2,35000.0
149,14,9,1,12,2,2,1879000.0
4496,14,9,2,4,2,2,6630000.0
5108,14,9,2,5,2,2,2140000.0
5814,14,9,2,8,2,2,1590000.0
6363,14,9,2,9,1,1,38.96
761,14,9,2,12,2,2,8770000.0
1978,14,10,1,2,2,2,530000.0
1374,14,10,1,3,2,2,140000.0
2982,14,10,1,6,2,2,1201000.0
2534,14,10,1,10,2,2,41000.0
150,14,10,1,12,2,2,1912000.0
4497,14,10,2,4,2,2,6750000.0
5109,14,10,2,5,2,2,2140000.0
5815,14,10,2,8,2,2,1700000.0
6364,14,10,2,9,1,1,40.07
762,14,10,2,12,2,2,8890000.0
1979,14,11,1,2,2,2,535000.0
1375,14,11,1,3,2,2,106000.0
2983,14,11,1,6,2,2,1256000.0
2535,14,11,1,10,2,2,44000.0
151,14,11,1,12,2,2,1941000.0
4498,14,11,2,4,2,2,6810000.0
5110,14,11,2,5,2,2,2130000.0
5816,14,11,2,8,2,2,1750000.0
6365,14,11,2,9,1,1,44.48
763,14,11,2,12,2,2,8940000.0
1980,14,12,1,2,2,2,538000.0
1376,14,12,1,3,2,2,86000.0
2984,14,12,1,6,2,2,1301000.0
2536,14,12,1,10,2,2,54000.0
152,14,12,1,12,2,2,1979000.0
4499,14,12,2,4,2,2,6820000.0
5111,14,12,2,5,2,2,2100000.0
5817,14,12,2,8,2,2,1800000.0
6366,14,12,2,9,1,1,45.13
764,14,12,2,12,2,2,8920000.0
1981,14,13,1,2,2,2,542000.0
1377,14,13,1,3,2,2,59000.0
2985,14,13,1,6,2,2,1336000.0
2537,14,13,1,10,2,2,61000.0
153,14,13,1,12,2,2,1998000.0
4500,14,13,2,4,2,2,6800000.0
5112,14,13,2,5,2,2,2090000.0
5818,14,13,2,8,2,2,1870000.0
6367,14,13,2,9,1,1,46.68
765,14,13,2,12,2,2,8890000.0
1982,14,14,1,2,2,2,264000.0
1378,14,14,1,3,2,2,52000.0
2986,14,14,1,6,2,2,1672000.0
2538,14,14,1,10,2,2,61000.0
154,14,14,1,12,2,2,2049000.0
4501,14,14,2,4,2,2,6770000.0
5113,14,14,2,5,2,2,2070000.0
5819,14,14,2,8,2,2,1920000.0
6368,14,14,2,9,1,1,46.98
766,14,14,2,12,2,2,8840000.0
1983,15,1,1,2,2,2,3960000.0
1379,15,1,1,3,2,2,20291000.0
2987,15,1,1,6,2,2,3936000.0
3988,15,1,1,7,2,2,558000.0
155,15,1,1,12,2,2,28745000.0
4502,15,1,2,4,2,2,53867000.0
5114,15,1,2,5,2,2,3493000.0
5820,15,1,2,8,2,2,16644000.0
6369,15,1,2,9,1,1,5.19
767,15,1,2,12,2,2,57360000.0
1984,15,2,1,2,2,2,4128000.0
1380,15,2,1,3,2,2,19570000.0
2988,15,2,1,6,2,2,4802000.0
3989,15,2,1,7,2,2,660000.0
156,15,2,1,12,2,2,29160000.0
4503,15,2,2,4,2,2,55981000.0
5115,15,2,2,5,2,2,3402000.0
5821,15,2,2,8,2,2,18332000.0
6370,15,2,2,9,1,1,5.63
768,15,2,2,12,2,2,59383000.0
1985,15,3,1,2,2,2,4134000.0
1381,15,3,1,3,2,2,18763000.0
2989,15,3,1,6,2,2,5816000.0
3990,15,3,1,7,2,2,733000.0
157,15,3,1,12,2,2,29446000.0
4504,15,3,2,4,2,2,57767000.0
5116,15,3,2,5,2,2,3319000.0
5822,15,3,2,8,2,2,20061000.0
6371,15,3,2,9,1,1,6.97
769,15,3,2,12,2,2,61086000.0
1986,15,4,1,2,2,2,4117000.0
1382,15,4,1,3,2,2,17827000.0
2990,15,4,1,6,2,2,7075000.0
3991,15,4,1,7,2,2,836000.0
158,15,4,1,12,2,2,29855000.0
4505,15,4,2,4,2,2,59870000.0
5117,15,4,2,5,2,2,3312000.0
5823,15,4,2,8,2,2,21021000.0
6372,15,4,2,9,1,1,7.65
770,15,4,2,12,2,2,63182000.0
1987,15,5,1,2,2,2,4058000.0
1383,15,5,1,3,2,2,16848000.0
2991,15,5,1,6,2,2,8327000.0
3992,15,5,1,7,2,2,920000.0
159,15,5,1,12,2,2,30153000.0
4506,15,5,2,4,2,2,59443000.0
5118,15,5,2,5,2,2,3342000.0
5824,15,5,2,8,2,2,21677000.0
6373,15,5,2,9,1,1,9.53
771,15,5,2,12,2,2,62785000.0
1988,15,6,1,2,2,2,3951000.0
1384,15,6,1,3,2,2,15340000.0
2992,15,6,1,6,2,2,10410000.0
3993,15,6,1,7,2,2,949000.0
160,15,6,1,12,2,2,30650000.0
4507,15,6,2,4,2,2,61292000.0
5119,15,6,2,5,2,2,3466000.0
5825,15,6,2,8,2,2,22505000.0
6374,15,6,2,9,1,1,9.97
772,15,6,2,12,2,2,64758000.0
1989,15,7,1,2,2,2,3849000.0
1385,15,7,1,3,2,2,13722000.0
2993,15,7,1,6,2,2,12461000.0
3994,15,7,1,7,2,2,1010000.0
161,15,7,1,12,2,2,31042000.0
5550,15,7,2,1,2,2,900000.0
4508,15,7,2,4,2,2,62965000.0
5120,15,7,2,5,2,2,3591000.0
5826,15,7,2,8,2,2,22918000.0
6375,15,7,2,9,1,1,11.04
773,15,7,2,12,2,2,66556000.0
1990,15,8,1,2,2,2,3567000.0
1386,15,8,1,3,2,2,12396000.0
2994,15,8,1,6,2,2,14496000.0
3995,15,8,1,7,2,2,1051000.0
162,15,8,1,12,2,2,31510000.0
5551,15,8,2,1,2,2,3237000.0
4509,15,8,2,4,2,2,64237000.0
5121,15,8,2,5,2,2,3669000.0
5827,15,8,2,8,2,2,23600000.0
6376,15,8,2,9,1,1,11.69
774,15,8,2,12,2,2,67906000.0
1991,15,9,1,2,2,2,3260000.0
1387,15,9,1,3,2,2,11125000.0
2995,15,9,1,6,2,2,16327000.0
3996,15,9,1,7,2,2,1062000.0
163,15,9,1,12,2,2,31774000.0
5552,15,9,2,1,2,2,5365000.0
4510,15,9,2,4,2,2,64647000.0
5122,15,9,2,5,2,2,3769000.0
5828,15,9,2,8,2,2,24069000.0
6377,15,9,2,9,1,1,13.41
775,15,9,2,12,2,2,68416000.0
1992,15,10,1,2,2,2,2963000.0
1388,15,10,1,3,2,2,9798000.0
2996,15,10,1,6,2,2,18149000.0
3997,15,10,1,7,2,2,1067000.0
164,15,10,1,12,2,2,31977000.0
5553,15,10,2,1,2,2,8520000.0
4511,15,10,2,4,2,2,65565000.0
5123,15,10,2,5,2,2,3936000.0
5829,15,10,2,8,2,2,23884000.0
6378,15,10,2,9,1,1,14.44
776,15,10,2,12,2,2,69501000.0
1993,15,11,1,2,2,2,2699000.0
1389,15,11,1,3,2,2,8548000.0
2997,15,11,1,6,2,2,19842000.0
3998,15,11,1,7,2,2,1065000.0
165,15,11,1,12,2,2,32154000.0
5554,15,11,2,1,2,2,10785000.0
4512,15,11,2,4,2,2,66792000.0
5124,15,11,2,5,2,2,3955000.0
5830,15,11,2,8,2,2,23795000.0
6379,15,11,2,9,1,1,16.26
777,15,11,2,12,2,2,70747000.0
1994,15,12,1,2,2,2,2335000.0
1390,15,12,1,3,2,2,7438000.0
2998,15,12,1,6,2,2,21465000.0
3999,15,12,1,7,2,2,1093000.0
166,15,12,1,12,2,2,32331000.0
5555,15,12,2,1,2,2,14409000.0
4513,15,12,2,4,2,2,68404000.0
5125,15,12,2,5,2,2,4166000.0
5831,15,12,2,8,2,2,24372000.0
6380,15,12,2,9,1,1,16.73
778,15,12,2,12,2,2,72570000.0
1995,15,13,1,2,2,2,2047000.0
1391,15,13,1,3,2,2,6250000.0
2999,15,13,1,6,2,2,22971000.0
4000,15,13,1,7,2,2,1150000.0
167,15,13,1,12,2,2,32418000.0
5556,15,13,2,1,2,2,18299000.0
4514,15,13,2,4,2,2,68896000.0
5126,15,13,2,5,2,2,4201000.0
5832,15,13,2,8,2,2,25278000.0
6381,15,13,2,9,1,1,17.8
779,15,13,2,12,2,2,73097000.0
1996,15,14,1,2,2,2,1739000.0
1392,15,14,1,3,2,2,5201000.0
3000,15,14,1,6,2,2,24390000.0
4001,15,14,1,7,2,2,1228000.0
168,15,14,1,12,2,2,32558000.0
5557,15,14,2,1,2,2,24603000.0
4515,15,14,2,4,2,2,70807000.0
5127,15,14,2,5,2,2,4138000.0
5833,15,14,2,8,2,2,23762000.0
6382,15,14,2,9,1,1,18.2
780,15,14,2,12,2,2,74945000.0
1997,16,1,1,2,2,2,7845719.0
1393,16,1,1,3,2,2,24813850.0
3001,16,1,1,6,2,2,884577.0
4002,16,1,1,7,2,2,18963.0
2539,16,1,1,10,2,2,39000.0
3526,16,1,1,11,2,2,25520.0
169,16,1,1,12,2,2,33627629.0
4516,16,1,2,4,2,2,63312571.0
5128,16,1,2,5,2,2,3694476.0
781,16,1,2,12,2,2,67007047.0
1998,16,2,1,2,2,2,7980287.0
1394,16,2,1,3,2,2,24997200.0
3002,16,2,1,6,2,2,1087690.0
4003,16,2,1,7,2,2,16857.0
2540,16,2,1,10,2,2,45000.0
3527,16,2,1,11,2,2,24999.0
170,16,2,1,12,2,2,34152033.0
4517,16,2,2,4,2,2,65015849.0
5129,16,2,2,5,2,2,3613934.0
5834,16,2,2,8,2,2,23100000.0
6383,16,2,2,9,1,1,2.54
782,16,2,2,12,2,2,68629783.0
1999,16,3,1,2,2,2,8095941.0
1395,16,3,1,3,2,2,25155042.0
3003,16,3,1,6,2,2,1238948.0
4004,16,3,1,7,2,2,17340.0
2541,16,3,1,10,2,2,45000.0
3528,16,3,1,11,2,2,24309.0
171,16,3,1,12,2,2,34576580.0
4518,16,3,2,4,2,2,67146540.0
5130,16,3,2,5,2,2,3381365.0
783,16,3,2,12,2,2,70527905.0
2000,16,4,1,2,2,2,8304686.0
1396,16,4,1,3,2,2,25256216.0
3004,16,4,1,6,2,2,1547909.0
4005,16,4,1,7,2,2,14534.0
2542,16,4,1,10,2,2,45000.0
3529,16,4,1,11,2,2,23072.0
172,16,4,1,12,2,2,35191417.0
4519,16,4,2,4,2,2,68904713.0
5131,16,4,2,5,2,2,3353633.0
5835,16,4,2,8,2,2,27700000.0
6384,16,4,2,9,1,1,3.34
784,16,4,2,12,2,2,72258346.0
2001,16,5,1,2,2,2,8501450.0
1397,16,5,1,3,2,2,25248602.0
3005,16,5,1,6,2,2,1754888.0
4006,16,5,1,7,2,2,13465.0
2543,16,5,1,10,2,2,45000.0
3530,16,5,1,11,2,2,23473.0
173,16,5,1,12,2,2,35586878.0
4520,16,5,2,4,2,2,68986328.0
5132,16,5,2,5,2,2,3301743.0
5836,16,5,2,8,2,2,31850000.0
785,16,5,2,12,2,2,72288071.0
2002,16,6,1,2,2,2,8725131.0
1398,16,6,1,3,2,2,25354410.0
3006,16,6,1,6,2,2,2047317.0
4007,16,6,1,7,2,2,13211.0
2544,16,6,1,10,2,2,52000.0
3531,16,6,1,11,2,2,23234.0
174,16,6,1,12,2,2,36215303.0
4521,16,6,2,4,2,2,72638000.0
5133,16,6,2,5,2,2,3345000.0
5837,16,6,2,8,2,2,36000000.0
6385,16,6,2,9,1,1,4.57
786,16,6,2,12,2,2,75983000.0
2003,16,7,1,2,2,2,8777756.0
1399,16,7,1,3,2,2,25351176.0
3007,16,7,1,6,2,2,2326887.0
4008,16,7,1,7,2,2,12403.0
2545,16,7,1,10,2,2,50000.0
3532,16,7,1,11,2,2,23770.0
175,16,7,1,12,2,2,36541992.0
4522,16,7,2,4,2,2,73661000.0
5134,16,7,2,5,2,2,3320000.0
5838,16,7,2,8,2,2,40600000.0
787,16,7,2,12,2,2,76981000.0
2004,16,8,1,2,2,2,8801231.0
1400,16,8,1,3,2,2,25370295.0
3008,16,8,1,6,2,2,2622740.0
4009,16,8,1,7,2,2,11771.0
2546,16,8,1,10,2,2,50000.0
3533,16,8,1,11,2,2,24527.0
176,16,8,1,12,2,2,36880564.0
4523,16,8,2,4,2,2,75408000.0
5135,16,8,2,5,2,2,3321000.0
5839,16,8,2,8,2,2,45600000.0
6386,16,8,2,9,1,1,6.02
788,16,8,2,12,2,2,78729000.0
2005,16,9,1,2,2,2,8792509.0
1401,16,9,1,3,2,2,25049341.0
3009,16,9,1,6,2,2,2995000.0
4010,16,9,1,7,2,2,10785.0
2547,16,9,1,10,2,2,37712.0
3534,16,9,1,11,2,2,21261.0
177,16,9,1,12,2,2,36906608.0
4524,16,9,2,4,2,2,76385000.0
5136,16,9,2,5,2,2,3265000.0
5840,16,9,2,8,2,2,53700000.0
6387,16,9,2,9,1,1,7.23
789,16,9,2,12,2,2,79650000.0
2006,16,10,1,2,2,2,8702643.0
1402,16,10,1,3,2,2,24655178.0
3010,16,10,1,6,2,2,3440002.0
4011,16,10,1,7,2,2,671860.0
2548,16,10,1,10,2,2,24500.0
3535,16,10,1,11,2,2,23941.0
178,16,10,1,12,2,2,37518124.0
5558,16,10,2,1,2,2,10945125.0
4525,16,10,2,4,2,2,73974000.0
5137,16,10,2,5,2,2,3230000.0
5841,16,10,2,8,2,2,58340000.0
6388,16,10,2,9,1,1,7.35
790,16,10,2,12,2,2,77204000.0
2007,16,11,1,2,2,2,8636902.0
1403,16,11,1,3,2,2,24639065.0
3011,16,11,1,6,2,2,3826625.0
4012,16,11,1,7,2,2,910843.0
2549,16,11,1,10,2,2,47288.0
3536,16,11,1,11,2,2,21500.0
179,16,11,1,12,2,2,38082223.0
5559,16,11,2,1,2,2,14376000.0
4526,16,11,2,4,2,2,76769000.0
5138,16,11,2,5,2,2,3075000.0
5842,16,11,2,8,2,2,58610000.0
6389,16,11,2,9,1,1,9.3
791,16,11,2,12,2,2,79844000.0
2008,16,12,1,2,2,2,8603459.0
1404,16,12,1,3,2,2,24470227.0
3012,16,12,1,6,2,2,4294611.0
4013,16,12,1,7,2,2,922082.0
2550,16,12,1,10,2,2,47836.0
3537,16,12,1,11,2,2,30214.0
180,16,12,1,12,2,2,38368429.0
5560,16,12,2,1,2,2,20064000.0
4527,16,12,2,4,2,2,78798000.0
5139,16,12,2,5,2,2,3064000.0
5843,16,12,2,8,2,2,62833000.0
6390,16,12,2,9,1,1,9.87
792,16,12,2,12,2,2,81862000.0
2009,16,13,1,2,2,2,8464721.0
1405,16,13,1,3,2,2,24138662.0
3013,16,13,1,6,2,2,4680885.0
4014,16,13,1,7,2,2,923334.0
2551,16,13,1,10,2,2,186173.0
3538,16,13,1,11,2,2,60088.0
181,16,13,1,12,2,2,38453863.0
5561,16,13,2,1,2,2,32625000.0
4528,16,13,2,4,2,2,79309000.0
5140,16,13,2,5,2,2,3129000.0
5844,16,13,2,8,2,2,68901000.0
6391,16,13,2,9,1,1,11.16
793,16,13,2,12,2,2,82438000.0
2010,16,14,1,2,2,2,8494292.0
1406,16,14,1,3,2,2,23606755.0
3014,16,14,1,6,2,2,5294602.0
4015,16,14,1,7,2,2,894031.0
2552,16,14,1,10,2,2,188921.0
3539,16,14,1,11,2,2,83076.0
182,16,14,1,12,2,2,38561677.0
5562,16,14,2,1,2,2,39345000.0
4529,16,14,2,4,2,2,81722000.0
5141,16,14,2,5,2,2,3128000.0
5845,16,14,2,8,2,2,73690000.0
6392,16,14,2,9,1,1,10.27
794,16,14,2,12,2,2,84850000.0
1407,17,1,1,3,2,2,3871207.0
3015,17,1,1,6,2,2,7707.0
4016,17,1,1,7,2,2,1269.0
3540,17,1,1,11,2,2,4644.0
183,17,1,1,12,2,2,3884827.0
4530,17,1,2,4,2,2,6884242.0
5142,17,1,2,5,2,2,447626.0
5846,17,1,2,8,2,2,353641.0
795,17,1,2,12,2,2,7331868.0
1408,17,2,1,3,2,2,3952845.0
3016,17,2,1,6,2,2,6168.0
4017,17,2,1,7,2,2,1196.0
2553,17,2,1,10,2,2,136.0
3541,17,2,1,11,2,2,4257.0
184,17,2,1,12,2,2,3964602.0
4531,17,2,2,4,2,2,7462320.0
5143,17,2,2,5,2,2,439843.0
5847,17,2,2,8,2,2,373077.0
6393,17,2,2,9,1,1,1.6
796,17,2,2,12,2,2,7902163.0
1409,17,3,1,3,2,2,4015248.0
3017,17,3,1,6,2,2,6416.0
4018,17,3,1,7,2,2,1360.0
3542,17,3,1,11,2,2,3928.0
185,17,3,1,12,2,2,4026952.0
4532,17,3,2,4,2,2,7762152.0
5144,17,3,2,5,2,2,463428.0
5848,17,3,2,8,2,2,412913.0
797,17,3,2,12,2,2,8225580.0
1410,17,4,1,3,2,2,4092175.0
3018,17,4,1,6,2,2,7961.0
4019,17,4,1,7,2,2,1577.0
2554,17,4,1,10,2,2,146.0
3543,17,4,1,11,2,2,3702.0
186,17,4,1,12,2,2,4105561.0
4533,17,4,2,4,2,2,7947794.0
5145,17,4,2,5,2,2,454549.0
5849,17,4,2,8,2,2,431795.0
6394,17,4,2,9,1,1,2.3
798,17,4,2,12,2,2,8402343.0
1411,17,5,1,3,2,2,4186576.0
3019,17,5,1,6,2,2,8265.0
4020,17,5,1,7,2,2,1763.0
2555,17,5,1,10,2,2,147.0
3544,17,5,1,11,2,2,3394.0
187,17,5,1,12,2,2,4200145.0
4534,17,5,2,4,2,2,7968509.0
5146,17,5,2,5,2,2,447105.0
5850,17,5,2,8,2,2,477353.0
799,17,5,2,12,2,2,8415614.0
1412,17,6,1,3,2,2,4256638.0
3020,17,6,1,6,2,2,8685.0
4021,17,6,1,7,2,2,1932.0
2556,17,6,1,10,2,2,136.0
3545,17,6,1,11,2,2,3082.0
188,17,6,1,12,2,2,4270473.0
4535,17,6,2,4,2,2,8051690.0
5147,17,6,2,5,2,2,428441.0
5851,17,6,2,8,2,2,589758.0
6395,17,6,2,9,1,1,3.74
800,17,6,2,12,2,2,8480131.0
1413,17,7,1,3,2,2,4317461.0
3021,17,7,1,6,2,2,15552.0
4022,17,7,1,7,2,2,2164.0
2557,17,7,1,10,2,2,125.0
3546,17,7,1,11,2,2,2793.0
189,17,7,1,12,2,2,4338095.0
4536,17,7,2,4,2,2,8293117.0
5148,17,7,2,5,2,2,424749.0
5852,17,7,2,8,2,2,694588.0
6396,17,7,2,9,1,1,4.29
801,17,7,2,12,2,2,8717866.0
1414,17,8,1,3,2,2,4407628.0
3022,17,8,1,6,2,2,16740.0
4023,17,8,1,7,2,2,2352.0
2558,17,8,1,10,2,2,123.0
3547,17,8,1,11,2,2,2527.0
190,17,8,1,12,2,2,4429370.0
4537,17,8,2,4,2,2,8549004.0
5149,17,8,2,5,2,2,436952.0
5853,17,8,2,8,2,2,726666.0
6397,17,8,2,9,1,1,5.37
802,17,8,2,12,2,2,8985956.0
1415,17,9,1,3,2,2,4311489.0
3023,17,9,1,6,2,2,147449.0
4024,17,9,1,7,2,2,2428.0
2559,17,9,1,10,2,2,119.0
3548,17,9,1,11,2,2,1873.0
191,17,9,1,12,2,2,4463358.0
4538,17,9,2,4,2,2,8759273.0
5150,17,9,2,5,2,2,437252.0
5854,17,9,2,8,2,2,811139.0
6398,17,9,2,9,1,1,5.98
803,17,9,2,12,2,2,9196525.0
1416,17,10,1,3,2,2,4271754.0
3024,17,10,1,6,2,2,208534.0
4025,17,10,1,7,2,2,3185.0
2560,17,10,1,10,2,2,118.0
3549,17,10,1,11,2,2,1724.0
192,17,10,1,12,2,2,4485315.0
4539,17,10,2,4,2,2,8875527.0
5151,17,10,2,5,2,2,429876.0
5855,17,10,2,8,2,2,963383.0
6399,17,10,2,9,1,1,7.69
804,17,10,2,12,2,2,9305403.0
1417,17,11,1,3,2,2,4212209.0
3025,17,11,1,6,2,2,287221.0
4026,17,11,1,7,2,2,3359.0
2561,17,11,1,10,2,2,122.0
3550,17,11,1,11,2,2,664.0
193,17,11,1,12,2,2,4503575.0
4540,17,11,2,4,2,2,9082205.0
5152,17,11,2,5,2,2,441946.0
5856,17,11,2,8,2,2,983258.0
6400,17,11,2,9,1,1,8.88
805,17,11,2,12,2,2,9524151.0
1418,17,12,1,3,2,2,4137396.0
3026,17,12,1,6,2,2,371532.0
4027,17,12,1,7,2,2,3601.0
2562,17,12,1,10,2,2,120.0
3551,17,12,1,11,2,2,590.0
194,17,12,1,12,2,2,4513239.0
4541,17,12,2,4,2,2,9176839.0
5153,17,12,2,5,2,2,435405.0
5857,17,12,2,8,2,2,1178507.0
6401,17,12,2,9,1,1,11.0
806,17,12,2,12,2,2,9612244.0
1419,17,13,1,3,2,2,3997373.0
3027,17,13,1,6,2,2,497377.0
4028,17,13,1,7,2,2,3877.0
2563,17,13,1,10,2,2,117.0
3552,17,13,1,11,2,2,13055.0
195,17,13,1,12,2,2,4511799.0
4542,17,13,2,4,2,2,9326071.0
5154,17,13,2,5,2,2,466787.0
5858,17,13,2,8,2,2,1475918.0
6402,17,13,2,9,1,1,13.5
807,17,13,2,12,2,2,9792858.0
1420,17,14,1,3,2,2,3826088.0
3028,17,14,1,6,2,2,639612.0
4029,17,14,1,7,2,2,4388.0
2564,17,14,1,10,2,2,113.0
3553,17,14,1,11,2,2,19708.0
196,17,14,1,12,2,2,4489909.0
4543,17,14,2,4,2,2,9301653.0
5155,17,14,2,5,2,2,474209.0
5859,17,14,2,8,2,2,1619674.0
6403,17,14,2,9,1,1,14.89
808,17,14,2,12,2,2,9775862.0
2011,18,1,1,2,2,2,1476897.0
1421,18,1,1,3,2,2,749171.0
3029,18,1,1,6,2,2,662124.0
4030,18,1,1,7,2,2,112000.0
197,18,1,1,12,2,2,3000192.0
4544,18,1,2,4,2,2,5690589.0
5156,18,1,2,5,2,2,470469.0
5860,18,1,2,8,2,2,1206340.0
6404,18,1,2,9,1,1,3.26
809,18,1,2,12,2,2,6161058.0
2012,18,2,1,2,2,2,1513045.0
1422,18,2,1,3,2,2,734109.0
3030,18,2,1,6,2,2,726975.0
4031,18,2,1,7,2,2,105420.0
198,18,2,1,12,2,2,3079549.0
4545,18,2,2,4,2,2,6127914.0
5157,18,2,2,5,2,2,454357.0
5861,18,2,2,8,2,2,1239693.0
6405,18,2,2,9,1,1,3.59
810,18,2,2,12,2,2,6582271.0
2013,18,3,1,2,2,2,1536203.0
1423,18,3,1,3,2,2,717185.0
3031,18,3,1,6,2,2,782889.0
4032,18,3,1,7,2,2,107037.0
199,18,3,1,12,2,2,3143314.0
4546,18,3,2,4,2,2,6347723.0
5158,18,3,2,5,2,2,450150.0
5862,18,3,2,8,2,2,1291297.0
6406,18,3,2,9,1,1,4.04
811,18,3,2,12,2,2,6797873.0
2014,18,4,1,2,2,2,1560351.0
1424,18,4,1,3,2,2,671841.0
3032,18,4,1,6,2,2,849145.0
4033,18,4,1,7,2,2,108352.0
200,18,4,1,12,2,2,3189689.0
4547,18,4,2,4,2,2,6499527.0
5159,18,4,2,5,2,2,669599.0
5863,18,4,2,8,2,2,1343230.0
6407,18,4,2,9,1,1,4.57
812,18,4,2,12,2,2,7169126.0
2015,18,5,1,2,2,2,1524044.0
1425,18,5,1,3,2,2,642186.0
3033,18,5,1,6,2,2,919164.0
4034,18,5,1,7,2,2,121156.0
3554,18,5,1,11,2,2,690.0
201,18,5,1,12,2,2,3207240.0
4548,18,5,2,4,2,2,6644610.0
5160,18,5,2,5,2,2,704093.0
5864,18,5,2,8,2,2,1357807.0
6408,18,5,2,9,1,1,6.2
813,18,5,2,12,2,2,7348703.0
2016,18,6,1,2,2,2,1534008.0
1426,18,6,1,3,2,2,600909.0
3034,18,6,1,6,2,2,994899.0
4035,18,6,1,7,2,2,134782.0
3555,18,6,1,11,2,2,710.0
202,18,6,1,12,2,2,3265308.0
4549,18,6,2,4,2,2,6650509.0
5161,18,6,2,5,2,2,705303.0
5865,18,6,2,8,2,2,1475748.0
6409,18,6,2,9,1,1,6.89
814,18,6,2,12,2,2,7355812.0
2017,18,7,1,2,2,2,1536468.0
1427,18,7,1,3,2,2,566812.0
3035,18,7,1,6,2,2,1074006.0
4036,18,7,1,7,2,2,135034.0
3556,18,7,1,11,2,2,1190.0
203,18,7,1,12,2,2,3313510.0
5563,18,7,2,1,2,2,278027.0
4550,18,7,2,4,2,2,6828075.0
5162,18,7,2,5,2,2,683497.0
5866,18,7,2,8,2,2,1724028.0
6410,18,7,2,9,1,1,8.62
815,18,7,2,12,2,2,7511572.0
2018,18,8,1,2,2,2,1542680.0
1428,18,8,1,3,2,2,524520.0
3036,18,8,1,6,2,2,1182343.0
4037,18,8,1,7,2,2,131398.0
3557,18,8,1,11,2,2,1195.0
204,18,8,1,12,2,2,3382136.0
5564,18,8,2,1,2,2,772705.0
4551,18,8,2,4,2,2,7311658.0
5163,18,8,2,5,2,2,670611.0
5867,18,8,2,8,2,2,1856143.0
6411,18,8,2,9,1,1,9.14
816,18,8,2,12,2,2,7982269.0
2019,18,9,1,2,2,2,1557233.0
1429,18,9,1,3,2,2,502751.0
3037,18,9,1,6,2,2,1246278.0
4038,18,9,1,7,2,2,129452.0
3558,18,9,1,11,2,2,1503.0
205,18,9,1,12,2,2,3437217.0
5565,18,9,2,1,2,2,1375859.0
4552,18,9,2,4,2,2,7556080.0
5164,18,9,2,5,2,2,652763.0
5868,18,9,2,8,2,2,2064118.0
6412,18,9,2,9,1,1,10.2
817,18,9,2,12,2,2,8208843.0
2020,18,10,1,2,2,2,1548033.0
1430,18,10,1,3,2,2,500270.0
3038,18,10,1,6,2,2,1295233.0
4039,18,10,1,7,2,2,128452.0
3559,18,10,1,11,2,2,1451.0
206,18,10,1,12,2,2,3473439.0
5566,18,10,2,1,2,2,2293096.0
4553,18,10,2,4,2,2,7698143.0
5165,18,10,2,5,2,2,652139.0
5869,18,10,2,8,2,2,2158513.0
6413,18,10,2,9,1,1,11.02
818,18,10,2,12,2,2,8350282.0
2021,18,11,1,2,2,2,1540167.0
1431,18,11,1,3,2,2,447503.0
3039,18,11,1,6,2,2,1382744.0
4040,18,11,1,7,2,2,124986.0
3560,18,11,1,11,2,2,1793.0
207,18,11,1,12,2,2,3497193.0
5567,18,11,2,1,2,2,3013025.0
4554,18,11,2,4,2,2,7760649.0
5166,18,11,2,5,2,2,651900.0
5870,18,11,2,8,2,2,2401986.0
6414,18,11,2,9,1,1,12.37
819,18,11,2,12,2,2,8412549.0
2022,18,12,1,2,2,2,1490709.0
1432,18,12,1,3,2,2,332910.0
3040,18,12,1,6,2,2,1527304.0
4041,18,12,1,7,2,2,202046.0
3561,18,12,1,11,2,2,1851.0
208,18,12,1,12,2,2,3554820.0
5568,18,12,2,1,2,2,3591924.0
4555,18,12,2,4,2,2,7875382.0
5167,18,12,2,5,2,2,598126.0
5871,18,12,2,8,2,2,2804120.0
6415,18,12,2,9,1,1,13.63
820,18,12,2,12,2,2,8473508.0
2023,18,13,1,2,2,2,1480136.0
1433,18,13,1,3,2,2,306495.0
3041,18,13,1,6,2,2,1583371.0
4042,18,13,1,7,2,2,213697.0
3562,18,13,1,11,2,2,1940.0
209,18,13,1,12,2,2,3585639.0
5569,18,13,2,1,2,2,4350660.0
4556,18,13,2,4,2,2,8115721.0
5168,18,13,2,5,2,2,636178.0
5872,18,13,2,8,2,2,3157828.0
6416,18,13,2,9,1,1,15.54
821,18,13,2,12,2,2,8751899.0
2024,18,14,1,2,2,2,1473806.0
1434,18,14,1,3,2,2,294318.0
3042,18,14,1,6,2,2,1633375.0
4043,18,14,1,7,2,2,222508.0
3563,18,14,1,11,2,2,1972.0
210,18,14,1,12,2,2,3625979.0
5570,18,14,2,1,2,2,4987599.0
4557,18,14,2,4,2,2,8108992.0
5169,18,14,2,5,2,2,637407.0
5873,18,14,2,8,2,2,3300507.0
6417,18,14,2,9,1,1,16.1
822,18,14,2,12,2,2,8746399.0
2025,19,1,1,2,2,2,1243.0
1435,19,1,1,3,2,2,70379.0
3043,19,1,1,6,2,2,63619.0
4044,19,1,1,7,2,2,879.0
211,19,1,1,12,2,2,136120.0
4558,19,1,2,4,2,2,341136.0
5170,19,1,2,5,2,2,61799.0
5874,19,1,2,8,2,2,36534.0
6418,19,1,2,9,1,1,6.83
823,19,1,2,12,2,2,402935.0
2026,19,2,1,2,2,2,1433.0
1436,19,2,1,3,2,2,63743.0
3044,19,2,1,6,2,2,72253.0
4045,19,2,1,7,2,2,560.0
212,19,2,1,12,2,2,137989.0
4559,19,2,2,4,2,2,346294.0
5171,19,2,2,5,2,2,60711.0
5875,19,2,2,8,2,2,46650.0
6419,19,2,2,9,1,1,7.84
824,19,2,2,12,2,2,407005.0
2027,19,3,1,2,2,2,1175.0
1437,19,3,1,3,2,2,56199.0
3045,19,3,1,6,2,2,80787.0
4046,19,3,1,7,2,2,452.0
213,19,3,1,12,2,2,138613.0
4560,19,3,2,4,2,2,346828.0
5172,19,3,2,5,2,2,62920.0
5876,19,3,2,8,2,2,57506.0
6420,19,3,2,9,1,1,9.96
825,19,3,2,12,2,2,409748.0
2028,19,4,1,2,2,2,974.0
1438,19,4,1,3,2,2,51356.0
3046,19,4,1,6,2,2,86520.0
4047,19,4,1,7,2,2,391.0
214,19,4,1,12,2,2,139241.0
4561,19,4,2,4,2,2,351608.0
5173,19,4,2,5,2,2,62396.0
5877,19,4,2,8,2,2,54419.0
6421,19,4,2,9,1,1,11.4
826,19,4,2,12,2,2,414004.0
2029,19,5,1,2,2,2,879.0
1439,19,5,1,3,2,2,47388.0
3047,19,5,1,6,2,2,91221.0
4048,19,5,1,7,2,2,324.0
215,19,5,1,12,2,2,139812.0
4562,19,5,2,4,2,2,351077.0
5174,19,5,2,5,2,2,56939.0
5878,19,5,2,8,2,2,58105.0
6422,19,5,2,9,1,1,15.27
827,19,5,2,12,2,2,408016.0
2030,19,6,1,2,2,2,888.0
1440,19,6,1,3,2,2,41314.0
3048,19,6,1,6,2,2,97292.0
4049,19,6,1,7,2,2,274.0
216,19,6,1,12,2,2,139768.0
5571,19,6,2,1,2,2,119.0
4563,19,6,2,4,2,2,359949.0
5175,19,6,2,5,2,2,54155.0
5879,19,6,2,8,2,2,112188.0
6423,19,6,2,9,1,1,16.88
828,19,6,2,12,2,2,414104.0
2031,19,7,1,2,2,2,1058.0
1441,19,7,1,3,2,2,35906.0
3049,19,7,1,6,2,2,101774.0
4050,19,7,1,7,2,2,307.0
217,19,7,1,12,2,2,139045.0
5572,19,7,2,1,2,2,12002.0
4564,19,7,2,4,2,2,368732.0
5176,19,7,2,5,2,2,58888.0
5880,19,7,2,8,2,2,299889.0
6424,19,7,2,9,1,1,19.51
829,19,7,2,12,2,2,427620.0
2032,19,8,1,2,2,2,776.0
1442,19,8,1,3,2,2,32322.0
3050,19,8,1,6,2,2,107294.0
4051,19,8,1,7,2,2,247.0
218,19,8,1,12,2,2,140639.0
5573,19,8,2,1,2,2,23145.0
4565,19,8,2,4,2,2,376775.0
5177,19,8,2,5,2,2,59749.0
5881,19,8,2,8,2,2,1179191.0
6425,19,8,2,9,1,1,20.57
830,19,8,2,12,2,2,436524.0
1443,19,9,1,3,2,2,28766.0
3051,19,9,1,6,2,2,111705.0
4052,19,9,1,7,2,2,286.0
219,19,9,1,12,2,2,140757.0
5574,19,9,2,1,2,2,31227.0
4566,19,9,2,4,2,2,394208.0
5178,19,9,2,5,2,2,61717.0
5882,19,9,2,8,2,2,775465.0
6426,19,9,2,9,1,1,22.64
831,19,9,2,12,2,2,455925.0
2033,19,10,1,2,2,2,110.0
1444,19,10,1,3,2,2,25254.0
3052,19,10,1,6,2,2,116726.0
4053,19,10,1,7,2,2,244.0
220,19,10,1,12,2,2,142334.0
5575,19,10,2,1,2,2,111750.0
4567,19,10,2,4,2,2,398782.0
5179,19,10,2,5,2,2,64858.0
5883,19,10,2,8,2,2,724095.0
6427,19,10,2,9,1,1,24.0
832,19,10,2,12,2,2,463640.0
1445,19,11,1,3,2,2,20846.0
3053,19,11,1,6,2,2,120381.0
4054,19,11,1,7,2,2,247.0
221,19,11,1,12,2,2,141474.0
5576,19,11,2,1,2,2,115157.0
4568,19,11,2,4,2,2,409675.0
5180,19,11,2,5,2,2,73088.0
5884,19,11,2,8,2,2,775045.0
6428,19,11,2,9,1,1,27.08
833,19,11,2,12,2,2,482763.0
1446,19,12,1,3,2,2,16230.0
3054,19,12,1,6,2,2,128584.0
4055,19,12,1,7,2,2,228.0
222,19,12,1,12,2,2,145042.0
5577,19,12,2,1,2,2,199166.0
4569,19,12,2,4,2,2,412977.0
5181,19,12,2,5,2,2,70508.0
5885,19,12,2,8,2,2,433237.0
6429,19,12,2,9,1,1,27.56
834,19,12,2,12,2,2,483485.0
1447,19,13,1,3,2,2,13071.0
3055,19,13,1,6,2,2,132948.0
4056,19,13,1,7,2,2,197.0
223,19,13,1,12,2,2,146216.0
5578,19,13,2,1,2,2,198814.0
4570,19,13,2,4,2,2,416427.0
5182,19,13,2,5,2,2,74849.0
5886,19,13,2,8,2,2,411993.0
6430,19,13,2,9,1,1,30.1
835,19,13,2,12,2,2,491276.0
1448,19,14,1,3,2,2,9893.0
3056,19,14,1,6,2,2,137522.0
4057,19,14,1,7,2,2,204.0
224,19,14,1,12,2,2,147619.0
5579,19,14,2,1,2,2,234016.0
4571,19,14,2,4,2,2,421798.0
5183,19,14,2,5,2,2,74796.0
5887,19,14,2,8,2,2,388260.0
6431,19,14,2,9,1,1,31.45
836,19,14,2,12,2,2,496594.0
2034,20,1,1,2,2,2,371398.0
1449,20,1,1,3,2,2,926351.0
3057,20,1,1,6,2,2,60899.0
4058,20,1,1,7,2,2,49851.0
3564,20,1,1,11,2,2,4762.0
225,20,1,1,12,2,2,1413261.0
4572,20,1,2,4,2,2,4892745.0
5184,20,1,2,5,2,2,296984.0
5888,20,1,2,8,2,2,930806.0
6432,20,1,2,9,1,1,5.45
837,20,1,2,12,2,2,5189729.0
2035,20,2,1,2,2,2,372844.0
1450,20,2,1,3,2,2,914600.0
3058,20,2,1,6,2,2,90642.0
4059,20,2,1,7,2,2,47552.0
3565,20,2,1,11,2,2,4522.0
226,20,2,1,12,2,2,1430160.0
4573,20,2,2,4,2,2,4971493.0
5185,20,2,2,5,2,2,298419.0
5889,20,2,2,8,2,2,1012434.0
6433,20,2,2,9,1,1,6.53
838,20,2,2,12,2,2,5269912.0
2036,20,3,1,2,2,2,371601.0
1451,20,3,1,3,2,2,896074.0
3059,20,3,1,6,2,2,126685.0
4060,20,3,1,7,2,2,47041.0
3566,20,3,1,11,2,2,4034.0
227,20,3,1,12,2,2,1445435.0
4574,20,3,2,4,2,2,5003030.0
5186,20,3,2,5,2,2,303836.0
5890,20,3,2,8,2,2,1112082.0
6434,20,3,2,9,1,1,7.65
839,20,3,2,12,2,2,5306866.0
2037,20,4,1,2,2,2,371487.0
1452,20,4,1,3,2,2,873493.0
3060,20,4,1,6,2,2,162361.0
4061,20,4,1,7,2,2,51668.0
3567,20,4,1,11,2,2,3540.0
228,20,4,1,12,2,2,1462549.0
4575,20,4,2,4,2,2,5160309.0
5187,20,4,2,5,2,2,302495.0
5891,20,4,2,8,2,2,1206513.0
6435,20,4,2,9,1,1,8.18
840,20,4,2,12,2,2,5462804.0
2038,20,5,1,2,2,2,374326.0
1453,20,5,1,3,2,2,859272.0
3061,20,5,1,6,2,2,201133.0
4062,20,5,1,7,2,2,56613.0
3568,20,5,1,11,2,2,3087.0
229,20,5,1,12,2,2,1494431.0
4576,20,5,2,4,2,2,5067250.0
5188,20,5,2,5,2,2,317975.0
5892,20,5,2,8,2,2,1353232.0
6436,20,5,2,9,1,1,11.05
841,20,5,2,12,2,2,5385225.0
2039,20,6,1,2,2,2,373626.0
1454,20,6,1,3,2,2,829951.0
3062,20,6,1,6,2,2,248528.0
4063,20,6,1,7,2,2,61711.0
3569,20,6,1,11,2,2,2657.0
230,20,6,1,12,2,2,1516473.0
4577,20,6,2,4,2,2,5234009.0
5189,20,6,2,5,2,2,330689.0
5893,20,6,2,8,2,2,1574788.0
6437,20,6,2,9,1,1,11.86
842,20,6,2,12,2,2,5564698.0
2040,20,7,1,2,2,2,376979.0
1455,20,7,1,3,2,2,791084.0
3063,20,7,1,6,2,2,309275.0
4064,20,7,1,7,2,2,75576.0
3570,20,7,1,11,2,2,2079.0
231,20,7,1,12,2,2,1554993.0
4578,20,7,2,4,2,2,5232047.0
5190,20,7,2,5,2,2,340962.0
5894,20,7,2,8,2,2,1792432.0
6438,20,7,2,9,1,1,14.17
843,20,7,2,12,2,2,5573009.0
2041,20,8,1,2,2,2,376937.0
1456,20,8,1,3,2,2,746293.0
3064,20,8,1,6,2,2,371912.0
4065,20,8,1,7,2,2,80082.0
3571,20,8,1,11,2,2,1773.0
232,20,8,1,12,2,2,1576997.0
5580,20,8,2,1,2,2,392082.0
4579,20,8,2,4,2,2,5373865.0
5191,20,8,2,5,2,2,349900.0
5895,20,8,2,8,2,2,2176011.0
6439,20,8,2,9,1,1,15.31
844,20,8,2,12,2,2,5723765.0
2042,20,9,1,2,2,2,372423.0
1457,20,9,1,3,2,2,703662.0
3065,20,9,1,6,2,2,431388.0
4066,20,9,1,7,2,2,84327.0
3572,20,9,1,11,2,2,3296.0
233,20,9,1,12,2,2,1595096.0
5581,20,9,2,1,2,2,751422.0
4580,20,9,2,4,2,2,5474240.0
5192,20,9,2,5,2,2,380201.0
5896,20,9,2,8,2,2,2492123.0
6440,20,9,2,9,1,1,17.83
845,20,9,2,12,2,2,5854441.0
2043,20,10,1,2,2,2,368058.0
1458,20,10,1,3,2,2,654345.0
3066,20,10,1,6,2,2,500801.0
4067,20,10,1,7,2,2,84380.0
3573,20,10,1,11,2,2,3925.0
234,20,10,1,12,2,2,1611509.0
5582,20,10,2,1,2,2,1019302.0
4581,20,10,2,4,2,2,5652130.0
5193,20,10,2,5,2,2,380470.0
5897,20,10,2,8,2,2,2852401.0
6441,20,10,2,9,1,1,18.49
846,20,10,2,12,2,2,6032600.0
2044,20,11,1,2,2,2,359669.0
1459,20,11,1,3,2,2,594175.0
3067,20,11,1,6,2,2,574828.0
4068,20,11,1,7,2,2,86835.0
3574,20,11,1,11,2,2,5216.0
235,20,11,1,12,2,2,1620723.0
5583,20,11,2,1,2,2,1287713.0
4582,20,11,2,4,2,2,5659970.0
5194,20,11,2,5,2,2,382797.0
5898,20,11,2,8,2,2,3249528.0
6442,20,11,2,9,1,1,20.35
847,20,11,2,12,2,2,6042767.0
2045,20,12,1,2,2,2,348251.0
1460,20,12,1,3,2,2,538182.0
3068,20,12,1,6,2,2,670354.0
4069,20,12,1,7,2,2,92730.0
3575,20,12,1,11,2,2,7729.0
236,20,12,1,12,2,2,1657246.0
5584,20,12,2,1,2,2,1557094.0
4583,20,12,2,4,2,2,5757780.0
5195,20,12,2,5,2,2,382500.0
5899,20,12,2,8,2,2,3593307.0
6443,20,12,2,9,1,1,21.27
848,20,12,2,12,2,2,6140280.0
2046,20,13,1,2,2,2,333772.0
1461,20,13,1,3,2,2,475240.0
3069,20,13,1,6,2,2,763677.0
4070,20,13,1,7,2,2,88042.0
3576,20,13,1,11,2,2,11547.0
237,20,13,1,12,2,2,1672278.0
5585,20,13,2,1,2,2,1708294.0
4584,20,13,2,4,2,2,5827411.0
5196,20,13,2,5,2,2,383270.0
5900,20,13,2,8,2,2,3785067.0
6444,20,13,2,9,1,1,23.78
849,20,13,2,12,2,2,6210681.0
2047,20,14,1,2,2,2,318464.0
1462,20,14,1,3,2,2,417407.0
3070,20,14,1,6,2,2,867052.0
4071,20,14,1,7,2,2,80265.0
3577,20,14,1,11,2,2,14307.0
238,20,14,1,12,2,2,1697495.0
5586,20,14,2,1,2,2,1987047.0
4585,20,14,2,4,2,2,5919189.0
5197,20,14,2,5,2,2,391262.0
5901,20,14,2,8,2,2,3984713.0
6445,20,14,2,9,1,1,24.42
850,20,14,2,12,2,2,6310451.0
2048,21,1,1,2,2,2,711000.0
1463,21,1,1,3,2,2,1662000.0
3071,21,1,1,6,2,2,46784.0
239,21,1,1,12,2,2,2419784.0
4586,21,1,2,4,2,2,8812000.0
851,21,1,2,12,2,2,8812000.0
2049,21,2,1,2,2,2,730000.0
1464,21,2,1,3,2,2,1656000.0
3072,21,2,1,6,2,2,48574.0
240,21,2,1,12,2,2,2434574.0
4587,21,2,2,4,2,2,8878000.0
6446,21,2,2,9,1,1,7.89
852,21,2,2,12,2,2,8878000.0
2050,21,3,1,2,2,2,747972.0
1465,21,3,1,3,2,2,1610800.0
3073,21,3,1,6,2,2,88967.0
241,21,3,1,12,2,2,2447739.0
4588,21,3,2,4,2,2,11200000.0
853,21,3,2,12,2,2,11200000.0
2051,21,4,1,2,2,2,770348.0
1466,21,4,1,3,2,2,1575300.0
3074,21,4,1,6,2,2,135304.0
242,21,4,1,12,2,2,2480952.0
4589,21,4,2,4,2,2,11700000.0
6447,21,4,2,9,1,1,7.54
854,21,4,2,12,2,2,11700000.0
2052,21,5,1,2,2,2,791064.0
1467,21,5,1,3,2,2,1572846.0
3075,21,5,1,6,2,2,177751.0
243,21,5,1,12,2,2,2541661.0
4590,21,5,2,4,2,2,11989285.0
855,21,5,2,12,2,2,11989285.0
2053,21,6,1,2,2,2,798260.0
1468,21,6,1,3,2,2,1556703.0
3076,21,6,1,6,2,2,247116.0
244,21,6,1,12,2,2,2602079.0
4591,21,6,2,4,2,2,12277722.0
6448,21,6,2,9,1,1,8.43
856,21,6,2,12,2,2,12277722.0
2054,21,7,1,2,2,2,773773.0
1469,21,7,1,3,2,2,1528943.0
3077,21,7,1,6,2,2,313422.0
245,21,7,1,12,2,2,2616138.0
4592,21,7,2,4,2,2,12702147.0
857,21,7,2,12,2,2,12702147.0
2055,21,8,1,2,2,2,744374.0
1470,21,8,1,3,2,2,1396361.0
3078,21,8,1,6,2,2,496718.0
246,21,8,1,12,2,2,2637453.0
4593,21,8,2,4,2,2,13100000.0
6449,21,8,2,9,1,1,9.84
858,21,8,2,12,2,2,13100000.0
2056,21,9,1,2,2,2,700000.0
1471,21,9,1,3,2,2,1350000.0
3079,21,9,1,6,2,2,600000.0
247,21,9,1,12,2,2,2650000.0
4594,21,9,2,4,2,2,13350000.0
859,21,9,2,12,2,2,13350000.0
2057,21,10,1,2,2,2,635408.0
1472,21,10,1,3,2,2,1237000.0
3080,21,10,1,6,2,2,778067.0
248,21,10,1,12,2,2,2650475.0
4595,21,10,2,4,2,2,13758317.0
6450,21,10,2,9,1,1,11.32
860,21,10,2,12,2,2,13758317.0
2058,21,11,1,2,2,2,582000.0
1473,21,11,1,3,2,2,1100000.0
3081,21,11,1,6,2,2,987000.0
249,21,11,1,12,2,2,2669000.0
4596,21,11,2,4,2,2,13976000.0
861,21,11,2,12,2,2,13976000.0
2059,21,12,1,2,2,2,484808.0
1474,21,12,1,3,2,2,932446.0
3082,21,12,1,6,2,2,1307409.0
250,21,12,1,12,2,2,2724663.0
4597,21,12,2,4,2,2,14193321.0
6451,21,12,2,9,1,1,13.32
862,21,12,2,12,2,2,14193321.0
2060,21,13,1,2,2,2,423311.0
1475,21,13,1,3,2,2,801466.0
3083,21,13,1,6,2,2,1507294.0
251,21,13,1,12,2,2,2732072.0
4598,21,13,2,4,2,2,14600000.0
863,21,13,2,12,2,2,14600000.0
2061,21,14,1,2,2,2,361814.0
1476,21,14,1,3,2,2,670487.0
3084,21,14,1,6,2,2,1707180.0
252,21,14,1,12,2,2,2739481.0
4599,21,14,2,4,2,2,16651928.0
6452,21,14,2,9,1,1,12.91
864,21,14,2,12,2,2,16651928.0
1477,22,1,1,3,2,2,9722347.0
3085,22,1,1,6,2,2,695317.0
4072,22,1,1,7,2,2,1141897.0
2565,22,1,1,10,2,2,5310058.0
3578,22,1,1,11,2,2,866.0
253,22,1,1,12,2,2,16870485.0
4600,22,1,2,4,2,2,46521426.0
5198,22,1,2,5,2,2,7564423.0
5902,22,1,2,8,2,2,18485964.0
6453,22,1,2,9,1,1,3.66
865,22,1,2,12,2,2,54085849.0
1478,22,2,1,3,2,2,8551154.0
3086,22,2,1,6,2,2,884594.0
4073,22,2,1,7,2,2,1232715.0
2566,22,2,1,10,2,2,6484645.0
3579,22,2,1,11,2,2,10.0
254,22,2,1,12,2,2,17153118.0
4601,22,2,2,4,2,2,46546119.0
5199,22,2,2,5,2,2,8515054.0
5903,22,2,2,8,2,2,21049776.0
6454,22,2,2,9,1,1,4.3
866,22,2,2,12,2,2,55061173.0
1479,22,3,1,3,2,2,7574525.0
3087,22,3,1,6,2,2,1057920.0
4074,22,3,1,7,2,2,1267962.0
2567,22,3,1,10,2,2,7368240.0
3580,22,3,1,11,2,2,10.0
255,22,3,1,12,2,2,17268657.0
4602,22,3,2,4,2,2,46017021.0
5200,22,3,2,5,2,2,8162191.0
5904,22,3,2,8,2,2,22790827.0
6455,22,3,2,9,1,1,5.78
867,22,3,2,12,2,2,54179212.0
1480,22,4,1,3,2,2,7227656.0
3088,22,4,1,6,2,2,1265719.0
4075,22,4,1,7,2,2,1388436.0
2568,22,4,1,10,2,2,7830826.0
3581,22,4,1,11,2,2,10.0
256,22,4,1,12,2,2,17712647.0
4603,22,4,2,4,2,2,48828049.0
5201,22,4,2,5,2,2,7939196.0
5905,22,4,2,8,2,2,24254348.0
6456,22,4,2,9,1,1,6.49
868,22,4,2,12,2,2,56767245.0
1481,22,5,1,3,2,2,6340707.0
3089,22,5,1,6,2,2,1521337.0
4076,22,5,1,7,2,2,1494239.0
2569,22,5,1,10,2,2,8658691.0
3582,22,5,1,11,2,2,7.0
257,22,5,1,12,2,2,18014981.0
4604,22,5,2,4,2,2,48388745.0
5202,22,5,2,5,2,2,7429564.0
5906,22,5,2,8,2,2,25547385.0
6457,22,5,2,9,1,1,9.14
869,22,5,2,12,2,2,55818309.0
1482,22,6,1,3,2,2,5499032.0
3090,22,6,1,6,2,2,1889148.0
4077,22,6,1,7,2,2,1620419.0
2570,22,6,1,10,2,2,9245345.0
3583,22,6,1,11,2,2,8.0
258,22,6,1,12,2,2,18253952.0
4605,22,6,2,4,2,2,47462692.0
5203,22,6,2,5,2,2,8871378.0
5907,22,6,2,8,2,2,26345401.0
6458,22,6,2,9,1,1,9.93
870,22,6,2,12,2,2,56334070.0
1483,22,7,1,3,2,2,4753159.0
3091,22,7,1,6,2,2,2347025.0
4078,22,7,1,7,2,2,1723814.0
2571,22,7,1,10,2,2,9799085.0
259,22,7,1,12,2,2,18623083.0
4606,22,7,2,4,2,2,49404727.0
5204,22,7,2,5,2,2,7164945.0
5908,22,7,2,8,2,2,27490517.0
6459,22,7,2,9,1,1,11.71
871,22,7,2,12,2,2,56569672.0
1484,22,8,1,3,2,2,4097686.0
3092,22,8,1,6,2,2,2744612.0
4079,22,8,1,7,2,2,1801988.0
2572,22,8,1,10,2,2,10173622.0
260,22,8,1,12,2,2,18817908.0
5587,22,8,2,1,2,2,3638511.0
4607,22,8,2,4,2,2,50332458.0
5205,22,8,2,5,2,2,7026643.0
5909,22,8,2,8,2,2,28082687.0
6460,22,8,2,9,1,1,12.58
872,22,8,2,12,2,2,57359101.0
1485,22,9,1,3,2,2,3486639.0
3093,22,9,1,6,2,2,3200000.0
4080,22,9,1,7,2,2,1871886.0
2573,22,9,1,10,2,2,10333060.0
3584,22,9,1,11,2,2,559.0
261,22,9,1,12,2,2,18892144.0
5588,22,9,2,1,2,2,6215181.0
4608,22,9,2,4,2,2,49818714.0
5206,22,9,2,5,2,2,6725582.0
5910,22,9,2,8,2,2,28821979.0
6461,22,9,2,9,1,1,14.83
873,22,9,2,12,2,2,56544296.0
1486,22,10,1,3,2,2,3084399.0
3094,22,10,1,6,2,2,3650000.0
4081,22,10,1,7,2,2,1975883.0
2574,22,10,1,10,2,2,10252915.0
3585,22,10,1,11,2,2,1248.0
262,22,10,1,12,2,2,18964445.0
5589,22,10,2,1,2,2,11595153.0
4609,22,10,2,4,2,2,50346029.0
5207,22,10,2,5,2,2,6278569.0
5911,22,10,2,8,2,2,28821806.0
6462,22,10,2,9,1,1,16.53
874,22,10,2,12,2,2,56624598.0
1487,22,11,1,3,2,2,2696667.0
3095,22,11,1,6,2,2,4145000.0
4082,22,11,1,7,2,2,2063942.0
2575,22,11,1,10,2,2,10095705.0
3586,22,11,1,11,2,2,6866.0
263,22,11,1,12,2,2,19008180.0
5590,22,11,2,1,2,2,14942994.0
4610,22,11,2,4,2,2,51047366.0
5208,22,11,2,5,2,2,5684646.0
5912,22,11,2,8,2,2,29399183.0
6463,22,11,2,9,1,1,20.08
875,22,11,2,12,2,2,56732012.0
1488,22,12,1,3,2,2,2409342.0
3096,22,12,1,6,2,2,4630000.0
4083,22,12,1,7,2,2,2115661.0
2576,22,12,1,10,2,2,9845746.0
3587,22,12,1,11,2,2,22056.0
264,22,12,1,12,2,2,19022805.0
5591,22,12,2,1,2,2,17633875.0
4611,22,12,2,4,2,2,52717298.0
5209,22,12,2,5,2,2,5857478.0
5913,22,12,2,8,2,2,30024706.0
6464,22,12,2,9,1,1,21.25
876,22,12,2,12,2,2,58574776.0
1489,22,13,1,3,2,2,2123075.0
3097,22,13,1,6,2,2,5233492.0
4084,22,13,1,7,2,2,2247428.0
2577,22,13,1,10,2,2,9510702.0
3588,22,13,1,11,2,2,46976.0
265,22,13,1,12,2,2,19161673.0
5592,22,13,2,1,2,2,20284012.0
4612,22,13,2,4,2,2,52999205.0
5210,22,13,2,5,2,2,5758229.0
5914,22,13,2,8,2,2,30096400.0
6465,22,13,2,9,1,1,23.59
877,22,13,2,12,2,2,58757434.0
1490,22,14,1,3,2,2,1434192.0
3098,22,14,1,6,2,2,5859972.0
4085,22,14,1,7,2,2,2366654.0
2578,22,14,1,10,2,2,9143083.0
3589,22,14,1,11,2,2,55720.0
266,22,14,1,12,2,2,18859621.0
5593,22,14,2,1,2,2,23843601.0
4613,22,14,2,4,2,2,53508811.0
5211,22,14,2,5,2,2,5616947.0
5915,22,14,2,8,2,2,30486442.0
6466,22,14,2,9,1,1,24.63
878,22,14,2,12,2,2,59125758.0
2062,23,1,1,2,2,2,6878931.0
1491,23,1,1,3,2,2,2042283.0
3099,23,1,1,6,2,2,31005933.0
267,23,1,1,12,2,2,39927147.0
4614,23,1,2,4,2,2,122383594.0
5212,23,1,2,5,2,2,90725620.0
5916,23,1,2,8,2,2,19736397.0
6467,23,1,2,9,1,1,3.88
879,23,1,2,12,2,2,213109214.0
2063,23,2,1,2,2,2,6846905.0
1492,23,2,1,3,2,2,1821115.0
3100,23,2,1,6,2,2,31592487.0
268,23,2,1,12,2,2,40260507.0
4615,23,2,2,4,2,2,122770030.0
5213,23,2,2,5,2,2,95068593.0
5917,23,2,2,8,2,2,21671796.0
6468,23,2,2,9,1,1,4.32
880,23,2,2,12,2,2,217838623.0
2064,23,3,1,2,2,2,6801435.0
1493,23,3,1,3,2,2,1643311.0
3101,23,3,1,6,2,2,32313770.0
269,23,3,1,12,2,2,40758516.0
4616,23,3,2,4,2,2,123769563.0
5214,23,3,2,5,2,2,99552681.0
5918,23,3,2,8,2,2,24786130.0
6469,23,3,2,9,1,1,4.65
881,23,3,2,12,2,2,223322244.0
2065,23,4,1,2,2,2,6722428.0
1494,23,4,1,3,2,2,1483862.0
3102,23,4,1,6,2,2,33044576.0
270,23,4,1,12,2,2,41250866.0
4617,23,4,2,4,2,2,123894387.0
5215,23,4,2,5,2,2,101762610.0
5919,23,4,2,8,2,2,27386231.0
6470,23,4,2,9,1,1,5.07
882,23,4,2,12,2,2,225656997.0
2066,23,5,1,2,2,2,6639530.0
1495,23,5,1,3,2,2,1305675.0
3103,23,5,1,6,2,2,34356797.0
271,23,5,1,12,2,2,42302002.0
4618,23,5,2,4,2,2,125302531.0
5216,23,5,2,5,2,2,104721640.0
5920,23,5,2,8,2,2,29258718.0
6471,23,5,2,9,1,1,5.58
883,23,5,2,12,2,2,230024171.0
2067,23,6,1,2,2,2,6582701.0
1496,23,6,1,3,2,2,1157534.0
3104,23,6,1,6,2,2,35331785.0
272,23,6,1,12,2,2,43072020.0
4619,23,6,2,4,2,2,126367443.0
5217,23,6,2,5,2,2,106650921.0
5921,23,6,2,8,2,2,31444462.0
6472,23,6,2,9,1,1,6.18
884,23,6,2,12,2,2,233018364.0
2068,23,7,1,2,2,2,6516782.0
1497,23,7,1,3,2,2,953673.0
3105,23,7,1,6,2,2,36420168.0
273,23,7,1,12,2,2,43890623.0
4620,23,7,2,4,2,2,128414439.0
5218,23,7,2,5,2,2,107543940.0
5922,23,7,2,8,2,2,34089512.0
6473,23,7,2,9,1,1,6.76
885,23,7,2,12,2,2,235958379.0
2069,23,8,1,2,2,2,6456054.0
1498,23,8,1,3,2,2,746341.0
3106,23,8,1,6,2,2,37328596.0
274,23,8,1,12,2,2,44530991.0
5594,23,8,2,1,2,2,36396502.0
4621,23,8,2,4,2,2,129817228.0
5219,23,8,2,5,2,2,109254846.0
5923,23,8,2,8,2,2,36458488.0
6474,23,8,2,9,1,1,7.27
886,23,8,2,12,2,2,239072074.0
2070,23,9,1,2,2,2,6378023.0
1499,23,9,1,3,2,2,609809.0
3107,23,9,1,6,2,2,38192648.0
275,23,9,1,12,2,2,45180480.0
5595,23,9,2,1,2,2,51482369.0
4622,23,9,2,4,2,2,131854082.0
5220,23,9,2,5,2,2,110506583.0
5924,23,9,2,8,2,2,38301951.0
6475,23,9,2,9,1,1,7.72
887,23,9,2,12,2,2,242360665.0
2071,23,10,1,2,2,2,6319509.0
1500,23,10,1,3,2,2,461831.0
3108,23,10,1,6,2,2,39231089.0
276,23,10,1,12,2,2,46012429.0
5596,23,10,2,1,2,2,63131879.0
4623,23,10,2,4,2,2,132770522.0
5221,23,10,2,5,2,2,112719381.0
5925,23,10,2,8,2,2,41184410.0
6476,23,10,2,9,1,1,8.48
888,23,10,2,12,2,2,245489903.0
2072,23,11,1,2,2,2,6256456.0
1501,23,11,1,3,2,2,304478.0
3109,23,11,1,6,2,2,39745547.0
4086,23,11,1,7,2,2,3966711.0
277,23,11,1,12,2,2,50273192.0
5597,23,11,2,1,2,2,74739424.0
4624,23,11,2,4,2,2,134240797.0
5222,23,11,2,5,2,2,115047701.0
5926,23,11,2,8,2,2,43463115.0
6477,23,11,2,9,1,1,9.27
889,23,11,2,12,2,2,249288498.0
2073,23,12,1,2,2,2,6167009.0
1502,23,12,1,3,2,2,253791.0
3110,23,12,1,6,2,2,40171181.0
4087,23,12,1,7,2,2,4193221.0
278,23,12,1,12,2,2,50785202.0
5598,23,12,2,1,2,2,86250094.0
4625,23,12,2,4,2,2,135674608.0
5223,23,12,2,5,2,2,117392054.0
5927,23,12,2,8,2,2,46760409.0
6478,23,12,2,9,1,1,9.9
890,23,12,2,12,2,2,253066662.0
2074,23,13,1,2,2,2,6109474.0
1503,23,13,1,3,2,2,48207.0
3111,23,13,1,6,2,2,40539401.0
4088,23,13,1,7,2,2,4490221.0
279,23,13,1,12,2,2,51187303.0
5599,23,13,2,1,2,2,91473540.0
4626,23,13,2,4,2,2,137084709.0
5224,23,13,2,5,2,2,119527764.0
5928,23,13,2,8,2,2,45682509.0
6479,23,13,2,9,1,1,10.48
891,23,13,2,12,2,2,256612473.0
2075,23,14,1,2,2,2,6048381.0
1504,23,14,1,3,2,2,41338.0
3112,23,14,1,6,2,2,40900486.0
4089,23,14,1,7,2,2,4631914.0
280,23,14,1,12,2,2,51622119.0
5600,23,14,2,1,2,2,98797523.0
4627,23,14,2,4,2,2,137994641.0
5225,23,14,2,5,2,2,122110437.0
5929,23,14,2,8,2,2,47634290.0
6480,23,14,2,9,1,1,11.16
892,23,14,2,12,2,2,260105078.0
2076,24,1,1,2,2,2,3778957.0
1505,24,1,1,3,2,2,767908.0
3113,24,1,1,6,2,2,16560680.0
281,24,1,1,12,2,2,21107545.0
4628,24,1,2,4,2,2,51657458.0
5226,24,1,2,5,2,2,6667340.0
5930,24,1,2,8,2,2,6734052.0
6481,24,1,2,9,1,1,6.01
893,24,1,2,12,2,2,58324798.0
2077,24,2,1,2,2,2,3480803.0
1506,24,2,1,3,2,2,696779.0
3114,24,2,1,6,2,2,17108276.0
282,24,2,1,12,2,2,21285858.0
4629,24,2,2,4,2,2,51958107.0
5227,24,2,2,5,2,2,6181577.0
5931,24,2,2,8,2,2,7845800.0
6482,24,2,2,9,1,1,6.49
894,24,2,2,12,2,2,58139684.0
2078,24,3,1,2,2,2,3327903.0
1507,24,3,1,3,2,2,639790.0
3115,24,3,1,6,2,2,17654450.0
283,24,3,1,12,2,2,21622143.0
4630,24,3,2,4,2,2,52703899.0
5228,24,3,2,5,2,2,5873945.0
5932,24,3,2,8,2,2,8226882.0
6483,24,3,2,9,1,1,7.61
895,24,3,2,12,2,2,58577844.0
2079,24,4,1,2,2,2,3172379.0
1508,24,4,1,3,2,2,594962.0
3116,24,4,1,6,2,2,18138887.0
284,24,4,1,12,2,2,21906228.0
4631,24,4,2,4,2,2,53577282.0
5229,24,4,2,5,2,2,5281298.0
5933,24,4,2,8,2,2,9636095.0
6484,24,4,2,9,1,1,8.61
896,24,4,2,12,2,2,58858580.0
2080,24,5,1,2,2,2,3021834.0
1509,24,5,1,3,2,2,542306.0
3117,24,5,1,6,2,2,18456665.0
285,24,5,1,12,2,2,22020805.0
4632,24,5,2,4,2,2,54390636.0
5230,24,5,2,5,2,2,4020145.0
5934,24,5,2,8,2,2,10395698.0
6485,24,5,2,9,1,1,10.4
897,24,5,2,12,2,2,58410781.0
2081,24,6,1,2,2,2,2895704.0
1510,24,6,1,3,2,2,508464.0
3118,24,6,1,6,2,2,18923014.0
286,24,6,1,12,2,2,22327182.0
4633,24,6,2,4,2,2,55454735.0
5231,24,6,2,5,2,2,4477548.0
5935,24,6,2,8,2,2,11485788.0
6486,24,6,2,9,1,1,11.05
898,24,6,2,12,2,2,59932283.0
2082,24,7,1,2,2,2,2729048.0
1511,24,7,1,3,2,2,477595.0
3119,24,7,1,6,2,2,19463516.0
287,24,7,1,12,2,2,22670159.0
4634,24,7,2,4,2,2,57043487.0
5232,24,7,2,5,2,2,3252115.0
5936,24,7,2,8,2,2,12747696.0
6487,24,7,2,9,1,1,12.35
899,24,7,2,12,2,2,60295602.0
2083,24,8,1,2,2,2,2628593.0
1512,24,8,1,3,2,2,444685.0
3120,24,8,1,6,2,2,19870990.0
288,24,8,1,12,2,2,22944268.0
5601,24,8,2,1,2,2,20915176.0
4635,24,8,2,4,2,2,57481203.0
5233,24,8,2,5,2,2,3239953.0
5937,24,8,2,8,2,2,14467640.0
6488,24,8,2,9,1,1,12.95
900,24,8,2,12,2,2,60721156.0
2084,24,9,1,2,2,2,2529841.0
1513,24,9,1,3,2,2,423337.0
3121,24,9,1,6,2,2,20311042.0
289,24,9,1,12,2,2,23264220.0
4636,24,9,2,4,2,2,58505984.0
5234,24,9,2,5,2,2,3118706.0
5938,24,9,2,8,2,2,16491367.0
6489,24,9,2,9,1,1,14.31
901,24,9,2,12,2,2,61624690.0
2085,24,10,1,2,2,2,2412531.0
1514,24,10,1,3,2,2,402791.0
3122,24,10,1,6,2,2,20722011.0
290,24,10,1,12,2,2,23537333.0
5602,24,10,2,1,2,2,28059343.0
4637,24,10,2,4,2,2,59301263.0
5235,24,10,2,5,2,2,2946960.0
5939,24,10,2,8,2,2,18309976.0
6490,24,10,2,9,1,1,15.1
902,24,10,2,12,2,2,62248223.0
2086,24,11,1,2,2,2,2270090.0
1515,24,11,1,3,2,2,379410.0
3123,24,11,1,6,2,2,21198178.0
291,24,11,1,12,2,2,23847678.0
5603,24,11,2,1,2,2,30702900.0
4638,24,11,2,4,2,2,60068096.0
5236,24,11,2,5,2,2,2869343.0
5940,24,11,2,8,2,2,21002252.0
6491,24,11,2,9,1,1,16.04
903,24,11,2,12,2,2,62937439.0
2087,24,12,1,2,2,2,2160343.0
1516,24,12,1,3,2,2,355364.0
3124,24,12,1,6,2,2,21582457.0
292,24,12,1,12,2,2,24098164.0
5604,24,12,2,1,2,2,32808121.0
4639,24,12,2,4,2,2,60232839.0
5237,24,12,2,5,2,2,2795170.0
5941,24,12,2,8,2,2,24462065.0
6492,24,12,2,9,1,1,16.66
904,24,12,2,12,2,2,63028009.0
2088,24,13,1,2,2,2,2100907.0
1517,24,13,1,3,2,2,335457.0
3125,24,13,1,6,2,2,22025794.0
293,24,13,1,12,2,2,24462158.0
5605,24,13,2,1,2,2,34080281.0
4640,24,13,2,4,2,2,60959848.0
5238,24,13,2,5,2,2,2836970.0
5942,24,13,2,8,2,2,27643558.0
6493,24,13,2,9,1,1,17.15
905,24,13,2,12,2,2,63796818.0
2089,24,14,1,2,2,2,2027593.0
1518,24,14,1,3,2,2,313046.0
3126,24,14,1,6,2,2,22381143.0
294,24,14,1,12,2,2,24721782.0
5606,24,14,2,1,2,2,35634775.0
4641,24,14,2,4,2,2,62107962.0
5239,24,14,2,5,2,2,2744159.0
5943,24,14,2,8,2,2,30262564.0
6494,24,14,2,9,1,1,17.42
906,24,14,2,12,2,2,64852121.0
2090,25,1,1,2,2,2,18185.0
1519,25,1,1,3,2,2,121622.0
3127,25,1,1,6,2,2,346643.0
4090,25,1,1,7,2,2,11830.0
2579,25,1,1,10,2,2,26870.0
295,25,1,1,12,2,2,525150.0
4642,25,1,2,4,2,2,1804560.0
5240,25,1,2,5,2,2,255494.0
5944,25,1,2,8,2,2,338865.0
6495,25,1,2,9,1,1,13.82
907,25,1,2,12,2,2,2060054.0
2091,25,2,1,2,2,2,17625.0
1520,25,2,1,3,2,2,118513.0
3128,25,2,1,6,2,2,355654.0
4091,25,2,1,7,2,2,10037.0
2580,25,2,1,10,2,2,24166.0
296,25,2,1,12,2,2,525995.0
4643,25,2,2,4,2,2,1872284.0
5241,25,2,2,5,2,2,290560.0
5945,25,2,2,8,2,2,348597.0
6496,25,2,2,9,1,1,14.8
908,25,2,2,12,2,2,2162844.0
2092,25,3,1,2,2,2,17085.0
1521,25,3,1,3,2,2,114083.0
3129,25,3,1,6,2,2,353269.0
4092,25,3,1,7,2,2,9426.0
2581,25,3,1,10,2,2,21533.0
297,25,3,1,12,2,2,515396.0
4644,25,3,2,4,2,2,1782145.0
5242,25,3,2,5,2,2,305645.0
5946,25,3,2,8,2,2,357096.0
6497,25,3,2,9,1,1,18.01
909,25,3,2,12,2,2,2087790.0
2093,25,4,1,2,2,2,16844.0
1522,25,4,1,3,2,2,109701.0
3130,25,4,1,6,2,2,352965.0
4093,25,4,1,7,2,2,8512.0
2582,25,4,1,10,2,2,20902.0
298,25,4,1,12,2,2,508924.0
4645,25,4,2,4,2,2,1848162.0
5243,25,4,2,5,2,2,316091.0
5947,25,4,2,8,2,2,368565.0
6498,25,4,2,9,1,1,19.64
910,25,4,2,12,2,2,2164253.0
2094,25,5,1,2,2,2,16458.0
1523,25,5,1,3,2,2,106686.0
3131,25,5,1,6,2,2,341243.0
4094,25,5,1,7,2,2,7811.0
2583,25,5,1,10,2,2,20284.0
299,25,5,1,12,2,2,492482.0
4646,25,5,2,4,2,2,1885713.0
5244,25,5,2,5,2,2,322174.0
5948,25,5,2,8,2,2,375433.0
6499,25,5,2,9,1,1,25.02
911,25,5,2,12,2,2,2207887.0
2095,25,6,1,2,2,2,15958.0
1524,25,6,1,3,2,2,103228.0
3132,25,6,1,6,2,2,344193.0
4095,25,6,1,7,2,2,7641.0
2584,25,6,1,10,2,2,19549.0
300,25,6,1,12,2,2,490569.0
4647,25,6,2,4,2,2,1934077.0
5245,25,6,2,5,2,2,332775.0
5949,25,6,2,8,2,2,397967.0
6500,25,6,2,9,1,1,26.99
912,25,6,2,12,2,2,2266852.0
2096,25,7,1,2,2,2,15100.0
1525,25,7,1,3,2,2,99223.0
3133,25,7,1,6,2,2,347408.0
4096,25,7,1,7,2,2,7470.0
2585,25,7,1,10,2,2,18762.0
301,25,7,1,12,2,2,487963.0
4648,25,7,2,4,2,2,1775206.0
5246,25,7,2,5,2,2,414570.0
5950,25,7,2,8,2,2,436510.0
6501,25,7,2,9,1,1,34.09
913,25,7,2,12,2,2,2189776.0
2097,25,8,1,2,2,2,14296.0
1526,25,8,1,3,2,2,95206.0
3134,25,8,1,6,2,2,355492.0
4097,25,8,1,7,2,2,6851.0
2586,25,8,1,10,2,2,17958.0
302,25,8,1,12,2,2,489803.0
4649,25,8,2,4,2,2,1794105.0
5247,25,8,2,5,2,2,414512.0
5951,25,8,2,8,2,2,456877.0
6502,25,8,2,9,1,1,35.36
914,25,8,2,12,2,2,2208617.0
2098,25,9,1,2,2,2,13614.0
1527,25,9,1,3,2,2,91802.0
3135,25,9,1,6,2,2,359246.0
4098,25,9,1,7,2,2,7146.0
2587,25,9,1,10,2,2,16777.0
3590,25,9,1,11,2,2,79.0
303,25,9,1,12,2,2,488664.0
4650,25,9,2,4,2,2,1874210.0
5248,25,9,2,5,2,2,420445.0
5952,25,9,2,8,2,2,469433.0
6503,25,9,2,9,1,1,39.12
915,25,9,2,12,2,2,2294655.0
2099,25,10,1,2,2,2,12582.0
1528,25,10,1,3,2,2,85367.0
3136,25,10,1,6,2,2,369696.0
4099,25,10,1,7,2,2,7308.0
2588,25,10,1,10,2,2,13373.0
3591,25,10,1,11,2,2,548.0
304,25,10,1,12,2,2,488874.0
5607,25,10,2,1,2,2,329680.0
4651,25,10,2,4,2,2,1822318.0
5249,25,10,2,5,2,2,400045.0
5953,25,10,2,8,2,2,467320.0
6504,25,10,2,9,1,1,41.76
916,25,10,2,12,2,2,2222363.0
2100,25,11,1,2,2,2,11922.0
1529,25,11,1,3,2,2,82357.0
3137,25,11,1,6,2,2,373632.0
4100,25,11,1,7,2,2,7570.0
2589,25,11,1,10,2,2,12704.0
3592,25,11,1,11,2,2,698.0
305,25,11,1,12,2,2,488883.0
5608,25,11,2,1,2,2,547218.0
4652,25,11,2,4,2,2,1861902.0
5250,25,11,2,5,2,2,418083.0
5954,25,11,2,8,2,2,496093.0
6505,25,11,2,9,1,1,46.03
917,25,11,2,12,2,2,2279985.0
2101,25,12,1,2,2,2,10057.0
1530,25,12,1,3,2,2,79577.0
3138,25,12,1,6,2,2,379569.0
4101,25,12,1,7,2,2,7092.0
2590,25,12,1,10,2,2,12388.0
3593,25,12,1,11,2,2,643.0
306,25,12,1,12,2,2,489326.0
5609,25,12,2,1,2,2,640222.0
4653,25,12,2,4,2,2,1849389.0
5251,25,12,2,5,2,2,423757.0
5955,25,12,2,8,2,2,497873.0
6506,25,12,2,9,1,1,47.99
918,25,12,2,12,2,2,2273146.0
2102,25,13,1,2,2,2,9612.0
1531,25,13,1,3,2,2,76125.0
3139,25,13,1,6,2,2,380584.0
4102,25,13,1,7,2,2,6904.0
2591,25,13,1,10,2,2,11764.0
3594,25,13,1,11,2,2,963.0
307,25,13,1,12,2,2,485952.0
5610,25,13,2,1,2,2,808812.0
4654,25,13,2,4,2,2,1898200.0
5252,25,13,2,5,2,2,444532.0
5956,25,13,2,8,2,2,518697.0
6507,25,13,2,9,1,1,53.99
919,25,13,2,12,2,2,2342732.0
2103,25,14,1,2,2,2,8457.0
1532,25,14,1,3,2,2,73441.0
3140,25,14,1,6,2,2,380779.0
4103,25,14,1,7,2,2,6793.0
2592,25,14,1,10,2,2,11103.0
3595,25,14,1,11,2,2,1615.0
308,25,14,1,12,2,2,482188.0
5611,25,14,2,1,2,2,909546.0
4655,25,14,2,4,2,2,1856758.0
5253,25,14,2,5,2,2,423792.0
5957,25,14,2,8,2,2,509641.0
6508,25,14,2,9,1,1,57.2
920,25,14,2,12,2,2,2280550.0
2104,26,1,1,2,2,2,23271.0
1533,26,1,1,3,2,2,138547.0
3141,26,1,1,6,2,2,568897.0
4104,26,1,1,7,2,2,52858.0
2593,26,1,1,10,2,2,5954.0
309,26,1,1,12,2,2,789527.0
4656,26,1,2,4,2,2,2069390.0
5254,26,1,2,5,2,2,477624.0
5958,26,1,2,8,2,2,279560.0
6509,26,1,2,9,1,1,9.31
921,26,1,2,12,2,2,2547014.0
2105,26,2,1,2,2,2,22639.0
1534,26,2,1,3,2,2,132243.0
3142,26,2,1,6,2,2,576728.0
4105,26,2,1,7,2,2,46765.0
2594,26,2,1,10,2,2,5738.0
310,26,2,1,12,2,2,784113.0
4657,26,2,2,4,2,2,2228515.0
5255,26,2,2,5,2,2,532190.0
5959,26,2,2,8,2,2,293581.0
6510,26,2,2,9,1,1,10.23
922,26,2,2,12,2,2,2760705.0
2106,26,3,1,2,2,2,21173.0
1535,26,3,1,3,2,2,127273.0
3143,26,3,1,6,2,2,589885.0
4106,26,3,1,7,2,2,45096.0
2595,26,3,1,10,2,2,3763.0
311,26,3,1,12,2,2,787190.0
4658,26,3,2,4,2,2,2298974.0
5256,26,3,2,5,2,2,584779.0
5960,26,3,2,8,2,2,313378.0
6511,26,3,2,9,1,1,11.94
923,26,3,2,12,2,2,2883753.0
2107,26,4,1,2,2,2,20620.0
1536,26,4,1,3,2,2,124318.0
3144,26,4,1,6,2,2,594159.0
4107,26,4,1,7,2,2,42564.0
2596,26,4,1,10,2,2,4227.0
312,26,4,1,12,2,2,785888.0
4659,26,4,2,4,2,2,2381393.0
5257,26,4,2,5,2,2,630309.0
5961,26,4,2,8,2,2,324312.0
6512,26,4,2,9,1,1,13.62
924,26,4,2,12,2,2,3011702.0
2108,26,5,1,2,2,2,20066.0
1537,26,5,1,3,2,2,122177.0
3145,26,5,1,6,2,2,597442.0
4108,26,5,1,7,2,2,43311.0
2597,26,5,1,10,2,2,3718.0
313,26,5,1,12,2,2,786714.0
4660,26,5,2,4,2,2,2395790.0
5258,26,5,2,5,2,2,658236.0
5962,26,5,2,8,2,2,338985.0
6513,26,5,2,9,1,1,18.9
925,26,5,2,12,2,2,3054026.0
2109,26,6,1,2,2,2,19858.0
1538,26,6,1,3,2,2,120114.0
3146,26,6,1,6,2,2,606535.0
4109,26,6,1,7,2,2,42621.0
2598,26,6,1,10,2,2,3662.0
314,26,6,1,12,2,2,792790.0
4661,26,6,2,4,2,2,2490535.0
5259,26,6,2,5,2,2,700080.0
5963,26,6,2,8,2,2,370352.0
6514,26,6,2,9,1,1,20.22
926,26,6,2,12,2,2,3190615.0
2110,26,7,1,2,2,2,19402.0
1539,26,7,1,3,2,2,117973.0
3147,26,7,1,6,2,2,614247.0
4110,26,7,1,7,2,2,41516.0
2599,26,7,1,10,2,2,3592.0
315,26,7,1,12,2,2,796730.0
4662,26,7,2,4,2,2,2566191.0
5260,26,7,2,5,2,2,720143.0
5964,26,7,2,8,2,2,405201.0
6515,26,7,2,9,1,1,24.25
927,26,7,2,12,2,2,3286334.0
2111,26,8,1,2,2,2,18820.0
1540,26,8,1,3,2,2,116508.0
3148,26,8,1,6,2,2,618498.0
4111,26,8,1,7,2,2,37906.0
2600,26,8,1,10,2,2,3266.0
3596,26,8,1,11,2,2,43.0
316,26,8,1,12,2,2,795041.0
4663,26,8,2,4,2,2,2648418.0
5261,26,8,2,5,2,2,764141.0
5965,26,8,2,8,2,2,488940.0
6516,26,8,2,9,1,1,24.37
928,26,8,2,12,2,2,3412559.0
2112,26,9,1,2,2,2,18060.0
1541,26,9,1,3,2,2,115436.0
3149,26,9,1,6,2,2,627434.0
4112,26,9,1,7,2,2,34750.0
2601,26,9,1,10,2,2,3155.0
3597,26,9,1,11,2,2,172.0
317,26,9,1,12,2,2,799007.0
5612,26,9,2,1,2,2,7049.0
4664,26,9,2,4,2,2,2744298.0
5262,26,9,2,5,2,2,806958.0
5966,26,9,2,8,2,2,517926.0
6517,26,9,2,9,1,1,26.28
929,26,9,2,12,2,2,3551256.0
2113,26,10,1,2,2,2,17390.0
1542,26,10,1,3,2,2,114445.0
3150,26,10,1,6,2,2,633944.0
4113,26,10,1,7,2,2,31878.0
2602,26,10,1,10,2,2,2939.0
3598,26,10,1,11,2,2,539.0
318,26,10,1,12,2,2,801135.0
5613,26,10,2,1,2,2,46656.0
4665,26,10,2,4,2,2,2776958.0
5263,26,10,2,5,2,2,841041.0
5967,26,10,2,8,2,2,743730.0
6518,26,10,2,9,1,1,27.76
930,26,10,2,12,2,2,3617999.0
2114,26,11,1,2,2,2,16812.0
1543,26,11,1,3,2,2,112996.0
3151,26,11,1,6,2,2,633578.0
4114,26,11,1,7,2,2,30987.0
2603,26,11,1,10,2,2,2965.0
3599,26,11,1,11,2,2,770.0
319,26,11,1,12,2,2,798108.0
5614,26,11,2,1,2,2,166029.0
4666,26,11,2,4,2,2,2927872.0
5264,26,11,2,5,2,2,833205.0
5968,26,11,2,8,2,2,1085541.0
6519,26,11,2,9,1,1,30.55
931,26,11,2,12,2,2,3761077.0
2115,26,12,1,2,2,2,16552.0
1544,26,12,1,3,2,2,110967.0
3152,26,12,1,6,2,2,637321.0
4115,26,12,1,7,2,2,29605.0
2604,26,12,1,10,2,2,2980.0
3600,26,12,1,11,2,2,692.0
320,26,12,1,12,2,2,798117.0
5615,26,12,2,1,2,2,329369.0
4667,26,12,2,4,2,2,2787755.0
5265,26,12,2,5,2,2,805532.0
5969,26,12,2,8,2,2,1385559.0
6520,26,12,2,9,1,1,33.32
932,26,12,2,12,2,2,3593287.0
2116,26,13,1,2,2,2,15917.0
1545,26,13,1,3,2,2,108627.0
3153,26,13,1,6,2,2,638946.0
4116,26,13,1,7,2,2,28299.0
2605,26,13,1,10,2,2,2963.0
3601,26,13,1,11,2,2,949.0
321,26,13,1,12,2,2,795701.0
5616,26,13,2,1,2,2,392221.0
4668,26,13,2,4,2,2,2821464.0
5266,26,13,2,5,2,2,756207.0
5970,26,13,2,8,2,2,1606618.0
6521,26,13,2,9,1,1,38.69
933,26,13,2,12,2,2,3577671.0
2117,26,14,1,2,2,2,15457.0
1546,26,14,1,3,2,2,106050.0
3154,26,14,1,6,2,2,642588.0
4117,26,14,1,7,2,2,27676.0
2606,26,14,1,10,2,2,2914.0
3602,26,14,1,11,2,2,1463.0
322,26,14,1,12,2,2,796148.0
5617,26,14,2,1,2,2,514503.0
4669,26,14,2,4,2,2,2806550.0
5267,26,14,2,5,2,2,724490.0
5971,26,14,2,8,2,2,1805649.0
6522,26,14,2,9,1,1,41.16
934,26,14,2,12,2,2,3531040.0
2118,27,1,1,2,2,2,22300.0
1547,27,1,1,3,2,2,127200.0
3155,27,1,1,6,2,2,69300.0
2607,27,1,1,10,2,2,1500.0
323,27,1,1,12,2,2,220300.0
4670,27,1,2,4,2,2,494800.0
5268,27,1,2,5,2,2,43200.0
5972,27,1,2,8,2,2,99200.0
935,27,1,2,12,2,2,538000.0
2119,27,2,1,2,2,2,22300.0
1548,27,2,1,3,2,2,122700.0
3156,27,2,1,6,2,2,78200.0
2608,27,2,1,10,2,2,1000.0
324,27,2,1,12,2,2,224200.0
4671,27,2,2,4,2,2,517200.0
5269,27,2,2,5,2,2,50800.0
5973,27,2,2,8,2,2,102400.0
6523,27,2,2,9,1,1,3.99
936,27,2,2,12,2,2,568000.0
2120,27,3,1,2,2,2,22450.0
1549,27,3,1,3,2,2,107700.0
3157,27,3,1,6,2,2,96000.0
2609,27,3,1,10,2,2,1000.0
325,27,3,1,12,2,2,227150.0
4672,27,3,2,4,2,2,600383.0
5270,27,3,2,5,2,2,26889.0
5974,27,3,2,8,2,2,84100.0
6524,27,3,2,9,1,1,4.88
937,27,3,2,12,2,2,627272.0
2121,27,4,1,2,2,2,22400.0
1550,27,4,1,3,2,2,109500.0
3158,27,4,1,6,2,2,97100.0
2610,27,4,1,10,2,2,1100.0
326,27,4,1,12,2,2,230100.0
4673,27,4,2,4,2,2,668777.0
5271,27,4,2,5,2,2,25096.0
5975,27,4,2,8,2,2,84900.0
6525,27,4,2,9,1,1,5.1
938,27,4,2,12,2,2,693873.0
2122,27,5,1,2,2,2,21400.0
1551,27,5,1,3,2,2,97900.0
3159,27,5,1,6,2,2,109800.0
2611,27,5,1,10,2,2,1200.0
327,27,5,1,12,2,2,230300.0
4674,27,5,2,4,2,2,644672.0
5272,27,5,2,5,2,2,24159.0
5976,27,5,2,8,2,2,64200.0
6526,27,5,2,9,1,1,6.16
939,27,5,2,12,2,2,668831.0
2123,27,6,1,2,2,2,22100.0
1552,27,6,1,3,2,2,93600.0
3160,27,6,1,6,2,2,118100.0
2612,27,6,1,10,2,2,1400.0
328,27,6,1,12,2,2,235200.0
4675,27,6,2,4,2,2,651585.0
5273,27,6,2,5,2,2,27241.0
5977,27,6,2,8,2,2,73700.0
6527,27,6,2,9,1,1,6.78
940,27,6,2,12,2,2,678826.0
2124,27,7,1,2,2,2,24800.0
1553,27,7,1,3,2,2,87200.0
3161,27,7,1,6,2,2,127900.0
2613,27,7,1,10,2,2,1300.0
329,27,7,1,12,2,2,241200.0
4676,27,7,2,4,2,2,672471.0
5274,27,7,2,5,2,2,22493.0
5978,27,7,2,8,2,2,78000.0
6528,27,7,2,9,1,1,8.05
941,27,7,2,12,2,2,694964.0
2125,27,8,1,2,2,2,23100.0
1554,27,8,1,3,2,2,82200.0
3162,27,8,1,6,2,2,133500.0
2614,27,8,1,10,2,2,4300.0
330,27,8,1,12,2,2,243100.0
4677,27,8,2,4,2,2,691798.0
5275,27,8,2,5,2,2,21770.0
5979,27,8,2,8,2,2,79800.0
6529,27,8,2,9,1,1,8.47
942,27,8,2,12,2,2,713568.0
2126,27,9,1,2,2,2,26170.0
1555,27,9,1,3,2,2,79310.0
3163,27,9,1,6,2,2,140890.0
2615,27,9,1,10,2,2,3930.0
331,27,9,1,12,2,2,250300.0
4678,27,9,2,4,2,2,749800.0
5276,27,9,2,5,2,2,18700.0
5980,27,9,2,8,2,2,88650.0
6530,27,9,2,9,1,1,8.23
943,27,9,2,12,2,2,768500.0
2127,27,10,1,2,2,2,24200.0
1556,27,10,1,3,2,2,73900.0
3164,27,10,1,6,2,2,148200.0
2616,27,10,1,10,2,2,4100.0
332,27,10,1,12,2,2,250400.0
4679,27,10,2,4,2,2,728484.0
5277,27,10,2,5,2,2,20516.0
5981,27,10,2,8,2,2,111018.0
6531,27,10,2,9,1,1,10.47
944,27,10,2,12,2,2,749000.0
2128,27,11,1,2,2,2,23700.0
1557,27,11,1,3,2,2,68600.0
3165,27,11,1,6,2,2,155300.0
2617,27,11,1,10,2,2,5200.0
333,27,11,1,12,2,2,252800.0
4680,27,11,2,4,2,2,741600.0
5278,27,11,2,5,2,2,16400.0
5982,27,11,2,8,2,2,115000.0
6532,27,11,2,9,1,1,11.41
945,27,11,2,12,2,2,758000.0
2129,27,12,1,2,2,2,23500.0
1558,27,12,1,3,2,2,62800.0
3166,27,12,1,6,2,2,164000.0
2618,27,12,1,10,2,2,5000.0
334,27,12,1,12,2,2,255300.0
4681,27,12,2,4,2,2,758800.0
5279,27,12,2,5,2,2,16200.0
5983,27,12,2,8,2,2,133000.0
6533,27,12,2,9,1,1,11.21
946,27,12,2,12,2,2,775000.0
2130,27,13,1,2,2,2,23800.0
1559,27,13,1,3,2,2,57300.0
3167,27,13,1,6,2,2,174700.0
2619,27,13,1,10,2,2,4700.0
335,27,13,1,12,2,2,260500.0
4682,27,13,2,4,2,2,889100.0
5280,27,13,2,5,2,2,19400.0
5984,27,13,2,8,2,2,182800.0
6534,27,13,2,9,1,1,13.05
947,27,13,2,12,2,2,908500.0
2131,27,14,1,2,2,2,27400.0
1560,27,14,1,3,2,2,54600.0
3168,27,14,1,6,2,2,182700.0
4118,27,14,1,7,2,2,5900.0
2620,27,14,1,10,2,2,800.0
336,27,14,1,12,2,2,271400.0
4683,27,14,2,4,2,2,898500.0
5281,27,14,2,5,2,2,18100.0
5985,27,14,2,8,2,2,203400.0
6535,27,14,2,9,1,1,13.11
948,27,14,2,12,2,2,916600.0
2132,28,1,1,2,2,2,6724949.0
1561,28,1,1,3,2,2,7178847.0
3169,28,1,1,6,2,2,3472497.0
4119,28,1,1,7,2,2,137250.0
2621,28,1,1,10,2,2,210580.0
3603,28,1,1,11,2,2,7164.0
337,28,1,1,12,2,2,17731287.0
4684,28,1,2,4,2,2,81828429.0
5282,28,1,2,5,2,2,862362.0
5986,28,1,2,8,2,2,2119713.0
6536,28,1,2,9,1,1,1.66
949,28,1,2,12,2,2,82690791.0
2133,28,2,1,2,2,2,6985267.0
1562,28,2,1,3,2,2,7168184.0
3170,28,2,1,6,2,2,3720313.0
4120,28,2,1,7,2,2,100049.0
2622,28,2,1,10,2,2,375696.0
3604,28,2,1,11,2,2,9411.0
338,28,2,1,12,2,2,18358920.0
4685,28,2,2,4,2,2,87396109.0
5283,28,2,2,5,2,2,894721.0
5987,28,2,2,8,2,2,2359827.0
6537,28,2,2,9,1,1,2.11
950,28,2,2,12,2,2,88290830.0
2134,28,3,1,2,2,2,7172301.0
1563,28,3,1,3,2,2,6989373.0
3171,28,3,1,6,2,2,4119242.0
4121,28,3,1,7,2,2,93087.0
2623,28,3,1,10,2,2,401015.0
3605,28,3,1,11,2,2,18808.0
339,28,3,1,12,2,2,18793826.0
4686,28,3,2,4,2,2,91138131.0
5284,28,3,2,5,2,2,1124707.0
5988,28,3,2,8,2,2,2479008.0
6538,28,3,2,9,1,1,3.32
951,28,3,2,12,2,2,92262838.0
2135,28,4,1,2,2,2,7545320.0
1564,28,4,1,3,2,2,6756981.0
3172,28,4,1,6,2,2,4747227.0
4122,28,4,1,7,2,2,62710.0
2624,28,4,1,10,2,2,221365.0
3606,28,4,1,11,2,2,19453.0
340,28,4,1,12,2,2,19353056.0
4687,28,4,2,4,2,2,96325226.0
5285,28,4,2,5,2,2,1131433.0
5989,28,4,2,8,2,2,2574203.0
6539,28,4,2,9,1,1,3.64
952,28,4,2,12,2,2,97456659.0
2136,28,5,1,2,2,2,8054776.0
1565,28,5,1,3,2,2,6546241.0
3173,28,5,1,6,2,2,5520350.0
4123,28,5,1,7,2,2,90992.0
2625,28,5,1,10,2,2,663486.0
3607,28,5,1,11,2,2,20242.0
341,28,5,1,12,2,2,20896087.0
4688,28,5,2,4,2,2,95339680.0
5286,28,5,2,5,2,2,1216891.0
5990,28,5,2,8,2,2,2667597.0
6540,28,5,2,9,1,1,4.47
953,28,5,2,12,2,2,96556571.0
2137,28,6,1,2,2,2,8902034.0
1566,28,6,1,3,2,2,6198667.0
3174,28,6,1,6,2,2,6389876.0
4124,28,6,1,7,2,2,78913.0
2626,28,6,1,10,2,2,918239.0
3608,28,6,1,11,2,2,21710.0
342,28,6,1,12,2,2,22509439.0
4689,28,6,2,4,2,2,99981715.0
5287,28,6,2,5,2,2,1395804.0
5991,28,6,2,8,2,2,2757851.0
6541,28,6,2,9,1,1,4.53
954,28,6,2,12,2,2,101377519.0
2138,28,7,1,2,2,2,8875289.0
1567,28,7,1,3,2,2,5675248.0
3175,28,7,1,6,2,2,7327580.0
4125,28,7,1,7,2,2,68475.0
2627,28,7,1,10,2,2,1454721.0
3609,28,7,1,11,2,2,480883.0
343,28,7,1,12,2,2,23882196.0
4690,28,7,2,4,2,2,102088948.0
5288,28,7,2,5,2,2,1136518.0
5992,28,7,2,8,2,2,2950157.0
6542,28,7,2,9,1,1,5.07
955,28,7,2,12,2,2,103225466.0
2139,28,8,1,2,2,2,9237229.0
1568,28,8,1,3,2,2,5124700.0
3176,28,8,1,6,2,2,8500630.0
4126,28,8,1,7,2,2,67079.0
2628,28,8,1,10,2,2,1506765.0
3610,28,8,1,11,2,2,417149.0
344,28,8,1,12,2,2,24853552.0
4691,28,8,2,4,2,2,108304310.0
5289,28,8,2,5,2,2,1182502.0
5993,28,8,2,8,2,2,3116701.0
6543,28,8,2,9,1,1,5.11
956,28,8,2,12,2,2,109486812.0
2140,28,9,1,2,2,2,9469938.0
1569,28,9,1,3,2,2,4328688.0
3177,28,9,1,6,2,2,9904712.0
4127,28,9,1,7,2,2,56456.0
2629,28,9,1,10,2,2,1394303.0
3611,28,9,1,11,2,2,303085.0
345,28,9,1,12,2,2,25457182.0
5618,28,9,2,1,2,2,35.0
4692,28,9,2,4,2,2,112361757.0
5290,28,9,2,5,2,2,1425460.0
5994,28,9,2,8,2,2,3076214.0
6544,28,9,2,9,1,1,5.57
957,28,9,2,12,2,2,113787217.0
2141,28,10,1,2,2,2,10104159.0
1570,28,10,1,3,2,2,3492050.0
3178,28,10,1,6,2,2,10978631.0
4128,28,10,1,7,2,2,56556.0
2630,28,10,1,10,2,2,1620023.0
3612,28,10,1,11,2,2,253316.0
346,28,10,1,12,2,2,26504735.0
5619,28,10,2,1,2,2,3025625.0
4693,28,10,2,4,2,2,118252144.0
5291,28,10,2,5,2,2,1647651.0
5995,28,10,2,8,2,2,2732829.0
6545,28,10,2,9,1,1,5.74
958,28,10,2,12,2,2,119899795.0
2142,28,11,1,2,2,2,6012381.0
1571,28,11,1,3,2,2,2799874.0
3179,28,11,1,6,2,2,16544587.0
4129,28,11,1,7,2,2,9710.0
2631,28,11,1,10,2,2,1389027.0
3613,28,11,1,11,2,2,193134.0
347,28,11,1,12,2,2,26948713.0
5620,28,11,2,1,2,2,7856352.0
4694,28,11,2,4,2,2,118761270.0
5292,28,11,2,5,2,2,1555499.0
5996,28,11,2,8,2,2,2798221.0
6546,28,11,2,9,1,1,6.02
959,28,11,2,12,2,2,120316769.0
2143,28,12,1,2,2,2,5658715.0
1572,28,12,1,3,2,2,2268386.0
3180,28,12,1,6,2,2,17390287.0
4130,28,12,1,7,2,2,54384.0
2632,28,12,1,10,2,2,1398250.0
3614,28,12,1,11,2,2,162508.0
348,28,12,1,12,2,2,26932530.0
5621,28,12,2,1,2,2,10763927.0
4695,28,12,2,4,2,2,124614337.0
5293,28,12,2,5,2,2,1590345.0
5997,28,12,2,8,2,2,4099372.0
6547,28,12,2,9,1,1,6.05
960,28,12,2,12,2,2,126204682.0
2144,28,13,1,2,2,2,5693080.0
1573,28,13,1,3,2,2,1957081.0
3181,28,13,1,6,2,2,18817675.0
4131,28,13,1,7,2,2,51189.0
2633,28,13,1,10,2,2,1631718.0
3615,28,13,1,11,2,2,188529.0
349,28,13,1,12,2,2,28339272.0
5622,28,13,2,1,2,2,14876626.0
4696,28,13,2,4,2,2,127205745.0
5294,28,13,2,5,2,2,3002731.0
5998,28,13,2,8,2,2,4053390.0
6548,28,13,2,9,1,1,6.28
961,28,13,2,12,2,2,130208476.0
2145,28,14,1,2,2,2,5619403.0
1574,28,14,1,3,2,2,1680597.0
3182,28,14,1,6,2,2,20127029.0
4132,28,14,1,7,2,2,50954.0
2634,28,14,1,10,2,2,1297689.0
3616,28,14,1,11,2,2,227568.0
350,28,14,1,12,2,2,29003240.0
5623,28,14,2,1,2,2,18234497.0
4697,28,14,2,4,2,2,132567317.0
5295,28,14,2,5,2,2,3241631.0
5999,28,14,2,8,2,2,4805630.0
6549,28,14,2,9,1,1,6.04
962,28,14,2,12,2,2,135808948.0
2146,29,1,1,2,2,2,3455000.0
1575,29,1,1,3,2,2,2692000.0
3183,29,1,1,6,2,2,1224000.0
351,29,1,1,12,2,2,7371000.0
4698,29,1,2,4,2,2,19466000.0
5296,29,1,2,5,2,2,536000.0
6000,29,1,2,8,2,2,4759000.0
963,29,1,2,12,2,2,20002000.0
2147,29,2,1,2,2,2,3471000.0
1576,29,2,1,3,2,2,2654000.0
3184,29,2,1,6,2,2,1281000.0
352,29,2,1,12,2,2,7406000.0
4699,29,2,2,4,2,2,19507000.0
5297,29,2,2,5,2,2,523000.0
6001,29,2,2,8,2,2,5456000.0
6550,29,2,2,9,1,1,2.58
964,29,2,2,12,2,2,20030000.0
2148,29,3,1,2,2,2,3494812.0
1577,29,3,1,3,2,2,2613000.0
3185,29,3,1,6,2,2,1323934.0
353,29,3,1,12,2,2,7431746.0
4700,29,3,2,4,2,2,19786000.0
5298,29,3,2,5,2,2,504000.0
6002,29,3,2,8,2,2,6080000.0
965,29,3,2,12,2,2,20290000.0
2149,29,4,1,2,2,2,3510984.0
1578,29,4,1,3,2,2,2561605.0
3186,29,4,1,6,2,2,1385984.0
354,29,4,1,12,2,2,7458573.0
4701,29,4,2,4,2,2,20169713.0
5299,29,4,2,5,2,2,505021.0
6003,29,4,2,8,2,2,7066784.0
6551,29,4,2,9,1,1,3.19
966,29,4,2,12,2,2,20674734.0
2150,29,5,1,2,2,2,3519727.0
1579,29,5,1,3,2,2,2479101.0
3187,29,5,1,6,2,2,1477431.0
355,29,5,1,12,2,2,7476259.0
4702,29,5,2,4,2,2,20323164.0
5300,29,5,2,5,2,2,821036.0
6004,29,5,2,8,2,2,7107542.0
967,29,5,2,12,2,2,21144200.0
2151,29,6,1,2,2,2,3502000.0
1580,29,6,1,3,2,2,2417000.0
3188,29,6,1,6,2,2,1606000.0
356,29,6,1,12,2,2,7525000.0
4703,29,6,2,4,2,2,21415000.0
5301,29,6,2,5,2,2,855000.0
6005,29,6,2,8,2,2,7904000.0
6552,29,6,2,9,1,1,3.71
968,29,6,2,12,2,2,22270000.0
2152,29,7,1,2,2,2,3492000.0
1581,29,7,1,3,2,2,2299000.0
3189,29,7,1,6,2,2,1782000.0
357,29,7,1,12,2,2,7573000.0
4704,29,7,2,4,2,2,21703331.0
5302,29,7,2,5,2,2,861200.0
6006,29,7,2,8,2,2,8777000.0
969,29,7,2,12,2,2,22564531.0
2153,29,8,1,2,2,2,3467932.0
1582,29,8,1,3,2,2,2228999.0
3190,29,8,1,6,2,2,1892922.0
358,29,8,1,12,2,2,7589853.0
4705,29,8,2,4,2,2,22617552.0
5303,29,8,2,5,2,2,828000.0
6007,29,8,2,8,2,2,9080000.0
6553,29,8,2,9,1,1,4.7
970,29,8,2,12,2,2,23445552.0
2154,29,9,1,2,2,2,3444777.0
1583,29,9,1,3,2,2,2211012.0
3191,29,9,1,6,2,2,2118684.0
359,29,9,1,12,2,2,7774473.0
4706,29,9,2,4,2,2,21758000.0
5304,29,9,2,5,2,2,895000.0
6008,29,9,2,8,2,2,12724000.0
6554,29,9,2,9,1,1,4.66
971,29,9,2,12,2,2,22653000.0
2155,29,10,1,2,2,2,3430000.0
1584,29,10,1,3,2,2,2060000.0
3192,29,10,1,6,2,2,2310000.0
360,29,10,1,12,2,2,7800000.0
4707,29,10,2,4,2,2,22058000.0
5305,29,10,2,5,2,2,919000.0
6009,29,10,2,8,2,2,13852000.0
6555,29,10,2,9,1,1,6.02
972,29,10,2,12,2,2,22977000.0
2156,29,11,1,2,2,2,3382000.0
1585,29,11,1,3,2,2,1954000.0
3193,29,11,1,6,2,2,2482000.0
361,29,11,1,12,2,2,7818000.0
4708,29,11,2,4,2,2,22198000.0
5306,29,11,2,5,2,2,970000.0
6010,29,11,2,8,2,2,15174000.0
6556,29,11,2,9,1,1,6.95
973,29,11,2,12,2,2,23168000.0
2157,29,12,1,2,2,2,3325000.0
1586,29,12,1,3,2,2,1863000.0
3194,29,12,1,6,2,2,2648000.0
362,29,12,1,12,2,2,7836000.0
4709,29,12,2,4,2,2,22670000.0
5307,29,12,2,5,2,2,980000.0
6011,29,12,2,8,2,2,16534000.0
6557,29,12,2,9,1,1,7.46
974,29,12,2,12,2,2,23650000.0
2158,29,13,1,2,2,2,3274000.0
1587,29,13,1,3,2,2,1628000.0
3195,29,13,1,6,2,2,2906000.0
363,29,13,1,12,2,2,7808000.0
4710,29,13,2,4,2,2,22937000.0
5308,29,13,2,5,2,2,1000000.0
6012,29,13,2,8,2,2,17778000.0
6558,29,13,2,9,1,1,8.23
975,29,13,2,12,2,2,23937000.0
2159,29,14,1,2,2,2,3213000.0
1588,29,14,1,3,2,2,1528000.0
3196,29,14,1,6,2,2,3093000.0
364,29,14,1,12,2,2,7834000.0
4711,29,14,2,4,2,2,23431000.0
5309,29,14,2,5,2,2,1018000.0
6013,29,14,2,8,2,2,18470000.0
6559,29,14,2,9,1,1,8.28
976,29,14,2,12,2,2,24449000.0
2160,30,1,1,2,2,2,66000.0
1589,30,1,1,3,2,2,806287.0
3197,30,1,1,6,2,2,607384.0
4133,30,1,1,7,2,2,165821.0
3617,30,1,1,11,2,2,2143.0
365,30,1,1,12,2,2,1647635.0
4712,30,1,2,4,2,2,4365328.0
5310,30,1,2,5,2,2,339464.0
6014,30,1,2,8,2,2,1635301.0
6560,30,1,2,9,1,1,2.04
977,30,1,2,12,2,2,4704792.0
2161,30,2,1,2,2,2,63000.0
1590,30,2,1,3,2,2,708075.0
3198,30,2,1,6,2,2,716258.0
4134,30,2,1,7,2,2,172936.0
3618,30,2,1,11,2,2,1821.0
366,30,2,1,12,2,2,1662090.0
4713,30,2,2,4,2,2,4362329.0
5311,30,2,2,5,2,2,343141.0
6015,30,2,2,8,2,2,1706450.0
6561,30,2,2,9,1,1,2.46
978,30,2,2,12,2,2,4705470.0
2162,30,3,1,2,2,2,64000.0
1591,30,3,1,3,2,2,620446.0
3199,30,3,1,6,2,2,820761.0
4135,30,3,1,7,2,2,190702.0
3619,30,3,1,11,2,2,1625.0
367,30,3,1,12,2,2,1697534.0
4714,30,3,2,4,2,2,4775011.0
5312,30,3,2,5,2,2,347417.0
6016,30,3,2,8,2,2,1721404.0
6562,30,3,2,9,1,1,2.75
979,30,3,2,12,2,2,5122428.0
2163,30,4,1,2,2,2,55000.0
1592,30,4,1,3,2,2,541942.0
3200,30,4,1,6,2,2,924895.0
4136,30,4,1,7,2,2,191785.0
3620,30,4,1,11,2,2,1609.0
368,30,4,1,12,2,2,1715231.0
4715,30,4,2,4,2,2,4955739.0
5313,30,4,2,5,2,2,321379.0
6017,30,4,2,8,2,2,1817687.0
6563,30,4,2,9,1,1,3.21
980,30,4,2,12,2,2,5277118.0
2164,30,5,1,2,2,2,51000.0
1593,30,5,1,3,2,2,486963.0
3201,30,5,1,6,2,2,1004385.0
4137,30,5,1,7,2,2,220775.0
3621,30,5,1,11,2,2,1861.0
369,30,5,1,12,2,2,1764984.0
4716,30,5,2,4,2,2,4558982.0
5314,30,5,2,5,2,2,332447.0
6018,30,5,2,8,2,2,1493421.0
6564,30,5,2,9,1,1,3.29
981,30,5,2,12,2,2,4891429.0
2165,30,6,1,2,2,2,47000.0
1594,30,6,1,3,2,2,401653.0
3202,30,6,1,6,2,2,1079643.0
4138,30,6,1,7,2,2,240314.0
3622,30,6,1,11,2,2,1939.0
370,30,6,1,12,2,2,1770549.0
4717,30,6,2,4,2,2,4171140.0
5315,30,6,2,5,2,2,459700.0
6019,30,6,2,8,2,2,1804625.0
6565,30,6,2,9,1,1,4.61
982,30,6,2,12,2,2,4630840.0
2166,30,7,1,2,2,2,47000.0
1595,30,7,1,3,2,2,330000.0
3203,30,7,1,6,2,2,1150710.0
4139,30,7,1,7,2,2,276493.0
3623,30,7,1,11,2,2,1915.0
371,30,7,1,12,2,2,1806118.0
4718,30,7,2,4,2,2,4896481.0
5316,30,7,2,5,2,2,416914.0
6020,30,7,2,8,2,2,1813490.0
6566,30,7,2,9,1,1,4.21
983,30,7,2,12,2,2,5313395.0
2167,30,8,1,2,2,2,39000.0
1596,30,8,1,3,2,2,286000.0
3204,30,8,1,6,2,2,1209563.0
4140,30,8,1,7,2,2,296141.0
3624,30,8,1,11,2,2,1835.0
372,30,8,1,12,2,2,1832539.0
4719,30,8,2,4,2,2,4736663.0
5317,30,8,2,5,2,2,410040.0
6021,30,8,2,8,2,2,1827909.0
6567,30,8,2,9,1,1,4.61
984,30,8,2,12,2,2,5146703.0
2168,30,9,1,2,2,2,36000.0
1597,30,9,1,3,2,2,241000.0
3205,30,9,1,6,2,2,1258782.0
4141,30,9,1,7,2,2,315374.0
3625,30,9,1,11,2,2,11894.0
373,30,9,1,12,2,2,1863050.0
4720,30,9,2,4,2,2,4986460.0
5318,30,9,2,5,2,2,303860.0
6022,30,9,2,8,2,2,1731133.0
6568,30,9,2,9,1,1,4.84
985,30,9,2,12,2,2,5290320.0
2169,30,10,1,2,2,2,33000.0
1598,30,10,1,3,2,2,202000.0
3206,30,10,1,6,2,2,1306514.0
4142,30,10,1,7,2,2,337649.0
3626,30,10,1,11,2,2,18949.0
374,30,10,1,12,2,2,1898112.0
4721,30,10,2,4,2,2,4979354.0
5319,30,10,2,5,2,2,317704.0
6023,30,10,2,8,2,2,1541614.0
6569,30,10,2,9,1,1,5.78
986,30,10,2,12,2,2,5297058.0
2170,30,11,1,2,2,2,32000.0
1599,30,11,1,3,2,2,167000.0
3207,30,11,1,6,2,2,1345034.0
4143,30,11,1,7,2,2,370098.0
3627,30,11,1,11,2,2,36534.0
375,30,11,1,12,2,2,1950666.0
4722,30,11,2,4,2,2,5658425.0
5320,30,11,2,5,2,2,291796.0
6024,30,11,2,8,2,2,2863727.0
6570,30,11,2,9,1,1,6.01
987,30,11,2,12,2,2,5950221.0
2171,30,12,1,2,2,2,30000.0
1600,30,12,1,3,2,2,136000.0
3208,30,12,1,6,2,2,1373558.0
4144,30,12,1,7,2,2,381553.0
3628,30,12,1,11,2,2,45992.0
376,30,12,1,12,2,2,1967103.0
4723,30,12,2,4,2,2,5449960.0
5321,30,12,2,5,2,2,296041.0
6025,30,12,2,8,2,2,3001167.0
6571,30,12,2,9,1,1,6.71
988,30,12,2,12,2,2,5746001.0
2172,30,13,1,2,2,2,29000.0
1601,30,13,1,3,2,2,111000.0
3209,30,13,1,6,2,2,1395208.0
4145,30,13,1,7,2,2,390273.0
3629,30,13,1,11,2,2,58336.0
377,30,13,1,12,2,2,1983817.0
4724,30,13,2,4,2,2,5661572.0
5322,30,13,2,5,2,2,285673.0
6026,30,13,2,8,2,2,3088103.0
6572,30,13,2,9,1,1,7.36
989,30,13,2,12,2,2,5947245.0
2173,30,14,1,2,2,2,28000.0
1602,30,14,1,3,2,2,88000.0
3210,30,14,1,6,2,2,1416924.0
4146,30,14,1,7,2,2,401031.0
3630,30,14,1,11,2,2,68276.0
378,30,14,1,12,2,2,2002231.0
4725,30,14,2,4,2,2,5642587.0
5323,30,14,2,5,2,2,275888.0
6027,30,14,2,8,2,2,3255695.0
6573,30,14,2,9,1,1,7.73
990,30,14,2,12,2,2,5918475.0
2174,31,1,1,2,2,2,615437.0
1603,31,1,1,3,2,2,524623.0
3211,31,1,1,6,2,2,990712.0
4147,31,1,1,7,2,2,41035.0
2635,31,1,1,10,2,2,1405.0
3631,31,1,1,11,2,2,3011.0
379,31,1,1,12,2,2,2176223.0
4726,31,1,2,4,2,2,4894029.0
5324,31,1,2,5,2,2,392329.0
6028,31,1,2,8,2,2,1701646.0
6574,31,1,2,9,1,1,4.73
991,31,1,2,12,2,2,5286358.0
2175,31,2,1,2,2,2,606783.0
1604,31,2,1,3,2,2,525373.0
3212,31,2,1,6,2,2,1099800.0
4148,31,2,1,7,2,2,37899.0
2636,31,2,1,10,2,2,12060.0
3632,31,2,1,11,2,2,2403.0
380,31,2,1,12,2,2,2284318.0
4727,31,2,2,4,2,2,4965651.0
5325,31,2,2,5,2,2,366761.0
6029,31,2,2,8,2,2,1740416.0
6575,31,2,2,9,1,1,5.08
992,31,2,2,12,2,2,5332412.0
2176,31,3,1,2,2,2,602610.0
1605,31,3,1,3,2,2,450481.0
3213,31,3,1,6,2,2,1129011.0
4149,31,3,1,7,2,2,38805.0
2637,31,3,1,10,2,2,1465.0
3633,31,3,1,11,2,2,2218.0
381,31,3,1,12,2,2,2224590.0
4728,31,3,2,4,2,2,5017628.0
5326,31,3,2,5,2,2,357948.0
6030,31,3,2,8,2,2,1859480.0
6576,31,3,2,9,1,1,5.56
993,31,3,2,12,2,2,5375576.0
2177,31,4,1,2,2,2,598047.0
1606,31,4,1,3,2,2,411864.0
3214,31,4,1,6,2,2,1255970.0
4150,31,4,1,7,2,2,54717.0
2638,31,4,1,10,2,2,12159.0
3634,31,4,1,11,2,2,1917.0
382,31,4,1,12,2,2,2334674.0
4729,31,4,2,4,2,2,5098993.0
5327,31,4,2,5,2,2,341865.0
6031,31,4,2,8,2,2,1964646.0
6577,31,4,2,9,1,1,5.95
994,31,4,2,12,2,2,5440858.0
2178,31,5,1,2,2,2,590907.0
1607,31,5,1,3,2,2,301636.0
3215,31,5,1,6,2,2,1313929.0
4151,31,5,1,7,2,2,92476.0
2639,31,5,1,10,2,2,1607.0
3635,31,5,1,11,2,2,1785.0
383,31,5,1,12,2,2,2302340.0
4730,31,5,2,4,2,2,5147247.0
5328,31,5,2,5,2,2,333183.0
6032,31,5,2,8,2,2,2108468.0
6578,31,5,2,9,1,1,6.54
995,31,5,2,12,2,2,5480430.0
2179,31,6,1,2,2,2,576547.0
1608,31,6,1,3,2,2,246295.0
3216,31,6,1,6,2,2,1432669.0
4152,31,6,1,7,2,2,119493.0
2640,31,6,1,10,2,2,9727.0
3636,31,6,1,11,2,2,2195.0
384,31,6,1,12,2,2,2386926.0
4731,31,6,2,4,2,2,5274311.0
5329,31,6,2,5,2,2,310489.0
6033,31,6,2,8,2,2,2304577.0
6579,31,6,2,9,1,1,7.35
996,31,6,2,12,2,2,5584800.0
2180,31,7,1,2,2,2,561607.0
1609,31,7,1,3,2,2,177456.0
3217,31,7,1,6,2,2,1501386.0
4153,31,7,1,7,2,2,145634.0
2641,31,7,1,10,2,2,10470.0
3637,31,7,1,11,2,2,2242.0
385,31,7,1,12,2,2,2398795.0
4732,31,7,2,4,2,2,5336522.0
5330,31,7,2,5,2,2,303627.0
6034,31,7,2,8,2,2,2605314.0
6580,31,7,2,9,1,1,8.5
997,31,7,2,12,2,2,5640149.0
2181,31,8,1,2,2,2,541364.0
1610,31,8,1,3,2,2,114831.0
3218,31,8,1,6,2,2,1600626.0
4154,31,8,1,7,2,2,160015.0
2642,31,8,1,10,2,2,11366.0
3638,31,8,1,11,2,2,2152.0
386,31,8,1,12,2,2,2430354.0
4733,31,8,2,4,2,2,5430452.0
5331,31,8,2,5,2,2,286832.0
6035,31,8,2,8,2,2,3035827.0
6581,31,8,2,9,1,1,9.48
998,31,8,2,12,2,2,5717284.0
2182,31,9,1,2,2,2,526672.0
1611,31,9,1,3,2,2,62105.0
3219,31,9,1,6,2,2,1663994.0
4155,31,9,1,7,2,2,183186.0
2643,31,9,1,10,2,2,11710.0
3639,31,9,1,11,2,2,1977.0
387,31,9,1,12,2,2,2449644.0
4734,31,9,2,4,2,2,5493136.0
5332,31,9,2,5,2,2,283362.0
6036,31,9,2,8,2,2,3491982.0
6582,31,9,2,9,1,1,10.45
999,31,9,2,12,2,2,5776498.0
2183,31,10,1,2,2,2,501470.0
1612,31,10,1,3,2,2,31081.0
3220,31,10,1,6,2,2,1731774.0
4156,31,10,1,7,2,2,212768.0
2644,31,10,1,10,2,2,6429.0
3640,31,10,1,11,2,2,1807.0
388,31,10,1,12,2,2,2485329.0
4735,31,10,2,4,2,2,5540876.0
5333,31,10,2,5,2,2,268536.0
6037,31,10,2,8,2,2,3920759.0
6583,31,10,2,9,1,1,11.41
1000,31,10,2,12,2,2,5809412.0
2184,31,11,1,2,2,2,478283.0
1613,31,11,1,3,2,2,22098.0
3221,31,11,1,6,2,2,1774689.0
4157,31,11,1,7,2,2,221208.0
2645,31,11,1,10,2,2,6774.0
3641,31,11,1,11,2,2,2670.0
389,31,11,1,12,2,2,2505722.0
4736,31,11,2,4,2,2,5585454.0
5334,31,11,2,5,2,2,264030.0
6038,31,11,2,8,2,2,4078580.0
6584,31,11,2,9,1,1,12.25
1001,31,11,2,12,2,2,5849484.0
2185,31,12,1,2,2,2,449280.0
1614,31,12,1,3,2,2,16385.0
3222,31,12,1,6,2,2,1840471.0
4158,31,12,1,7,2,2,227091.0
2646,31,12,1,10,2,2,6680.0
3642,31,12,1,11,2,2,4313.0
390,31,12,1,12,2,2,2544220.0
4737,31,12,2,4,2,2,5631809.0
5335,31,12,2,5,2,2,249228.0
6039,31,12,2,8,2,2,4098763.0
6585,31,12,2,9,1,1,13.37
1002,31,12,2,12,2,2,5881037.0
2186,31,13,1,2,2,2,421122.0
1615,31,13,1,3,2,2,12390.0
3223,31,13,1,6,2,2,1887403.0
4159,31,13,1,7,2,2,228043.0
2647,31,13,1,10,2,2,6123.0
3643,31,13,1,11,2,2,6726.0
391,31,13,1,12,2,2,2561807.0
4738,31,13,2,4,2,2,5663608.0
5336,31,13,2,5,2,2,241906.0
6040,31,13,2,8,2,2,4276995.0
6586,31,13,2,9,1,1,14.48
1003,31,13,2,12,2,2,5905514.0
2187,31,14,1,2,2,2,394173.0
1616,31,14,1,3,2,2,14092.0
3224,31,14,1,6,2,2,1944227.0
4160,31,14,1,7,2,2,224033.0
2648,31,14,1,10,2,2,5913.0
3644,31,14,1,11,2,2,9200.0
392,31,14,1,12,2,2,2591638.0
4739,31,14,2,4,2,2,5696716.0
5337,31,14,2,5,2,2,231144.0
6041,31,14,2,8,2,2,4361928.0
6587,31,14,2,9,1,1,16.17
1004,31,14,2,12,2,2,5927860.0
2328,32,1,1,2,2,2,136906978.0
1757,32,1,1,3,2,2,158554887.0
3365,32,1,1,6,2,2,100009600.0
4276,32,1,1,7,2,2,7651189.0
2775,32,1,1,10,2,2,7411330.0
3783,32,1,1,11,2,2,2210317.0
533,32,1,1,12,2,2,412744301.0
4880,32,1,2,4,2,2,1280975819.0
5463,32,1,2,5,2,2,153034550.0
6178,32,1,2,8,2,2,227090377.0
6709,32,1,2,9,1,1,3.96
1145,32,1,2,12,2,2,1434010369.0
2329,32,2,1,2,2,2,140238716.0
1758,32,2,1,3,2,2,153788164.0
3366,32,2,1,6,2,2,107196423.0
4277,32,2,1,7,2,2,8148650.0
2776,32,2,1,10,2,2,8686777.0
3784,32,2,1,11,2,2,2249351.0
534,32,2,1,12,2,2,420308081.0
4881,32,2,2,4,2,2,1330050057.0
5464,32,2,2,5,2,2,158857949.0
6179,32,2,2,8,2,2,263247748.0
6710,32,2,2,9,1,1,4.7
1146,32,2,2,12,2,2,1488908006.0
2330,32,3,1,2,2,2,142748782.0
1759,32,3,1,3,2,2,148934242.0
3367,32,3,1,6,2,2,113905201.0
4278,32,3,1,7,2,2,8683322.0
2777,32,3,1,10,2,2,9549421.0
3785,32,3,1,11,2,2,2234535.0
535,32,3,1,12,2,2,426055503.0
5674,32,3,2,1,2,2,38000.0
4882,32,3,2,4,2,2,1358455617.0
5465,32,3,2,5,2,2,159769222.0
6180,32,3,2,8,2,2,261851947.0
6711,32,3,2,9,1,1,5.35
1147,32,3,2,12,2,2,1518224839.0
2331,32,4,1,2,2,2,145456905.0
1760,32,4,1,3,2,2,144807582.0
3368,32,4,1,6,2,2,121760843.0
4279,32,4,1,7,2,2,9390360.0
2778,32,4,1,10,2,2,9765179.0
3786,32,4,1,11,2,2,2228587.0
536,32,4,1,12,2,2,433409456.0
5675,32,4,2,1,2,2,694843.0
4883,32,4,2,4,2,2,1400638171.0
5466,32,4,2,5,2,2,160112109.0
6181,32,4,2,8,2,2,325919042.0
6712,32,4,2,9,1,1,5.96
1148,32,4,2,12,2,2,1560750280.0
2332,32,5,1,2,2,2,149983313.0
1761,32,5,1,3,2,2,141213819.0
3369,32,5,1,6,2,2,129652674.0
4280,32,5,1,7,2,2,10077747.0
2779,32,5,1,10,2,2,11035195.0
3787,32,5,1,11,2,2,2279967.0
537,32,5,1,12,2,2,444242715.0
5676,32,5,2,1,2,2,2978000.0
4884,32,5,2,4,2,2,1405881527.0
5467,32,5,2,5,2,2,163427177.0
6182,32,5,2,8,2,2,341013506.0
6713,32,5,2,9,1,1,6.79
1149,32,5,2,12,2,2,1569308704.0
2333,32,6,1,2,2,2,153440420.0
1762,32,6,1,3,2,2,137209232.0
3370,32,6,1,6,2,2,139581415.0
4281,32,6,1,7,2,2,10596745.0
2780,32,6,1,10,2,2,12004271.0
3788,32,6,1,11,2,2,2203722.0
538,32,6,1,12,2,2,455035805.0
5677,32,6,2,1,2,2,18389323.0
4885,32,6,2,4,2,2,1449988784.0
5468,32,6,2,5,2,2,166445936.0
6183,32,6,2,8,2,2,377245929.0
6714,32,6,2,9,1,1,7.3
1150,32,6,2,12,2,2,1616434720.0
2334,32,7,1,2,2,2,152088646.0
1763,32,7,1,3,2,2,132190630.0
3371,32,7,1,6,2,2,152984585.0
4282,32,7,1,7,2,2,11349659.0
2781,32,7,1,10,2,2,13198620.0
3789,32,7,1,11,2,2,2634202.0
539,32,7,1,12,2,2,464446342.0
5678,32,7,2,1,2,2,40717029.0
4886,32,7,2,4,2,2,1490787016.0
5469,32,7,2,5,2,2,164617532.0
6184,32,7,2,8,2,2,395948798.0
6715,32,7,2,9,1,1,8.16
1151,32,7,2,12,2,2,1655404548.0
2335,32,8,1,2,2,2,155442090.0
1764,32,8,1,3,2,2,126516031.0
3372,32,8,1,6,2,2,162483914.0
4283,32,8,1,7,2,2,12079267.0
2782,32,8,1,10,2,2,13520960.0
3790,32,8,1,11,2,2,2577809.0
540,32,8,1,12,2,2,472620071.0
5679,32,8,2,1,2,2,135497996.0
4887,32,8,2,4,2,2,1541389678.0
5470,32,8,2,5,2,2,166167533.0
6185,32,8,2,8,2,2,441133511.0
6716,32,8,2,9,1,1,8.8
1152,32,8,2,12,2,2,1707557211.0
2336,32,9,1,2,2,2,154931489.0
1765,32,9,1,3,2,2,120074032.0
3373,32,9,1,6,2,2,173190522.0
4284,32,9,1,7,2,2,13112429.0
2783,32,9,1,10,2,2,13292355.0
3791,32,9,1,11,2,2,2618784.0
541,32,9,1,12,2,2,477219611.0
5680,32,9,2,1,2,2,167240789.0
4888,32,9,2,4,2,2,1575636868.0
5471,32,9,2,5,2,2,166408256.0
6186,32,9,2,8,2,2,470622725.0
6717,32,9,2,9,1,1,9.77
1153,32,9,2,12,2,2,1742045124.0
2337,32,10,1,2,2,2,154877810.0
1766,32,10,1,3,2,2,113417730.0
3374,32,10,1,6,2,2,184781721.0
4285,32,10,1,7,2,2,15458155.0
2784,32,10,1,10,2,2,13465265.0
3792,32,10,1,11,2,2,2591501.0
542,32,10,1,12,2,2,484592182.0
5681,32,10,2,1,2,2,266842495.0
4889,32,10,2,4,2,2,1606530036.0
5472,32,10,2,5,2,2,168720157.0
6187,32,10,2,8,2,2,505565377.0
6718,32,10,2,9,1,1,10.8
1154,32,10,2,12,2,2,1775250193.0
2338,32,11,1,2,2,2,149178130.0
1767,32,11,1,3,2,2,106648705.0
3375,32,11,1,6,2,2,201235167.0
4286,32,11,1,7,2,2,21804831.0
2785,32,11,1,10,2,2,12964605.0
3793,32,11,1,11,2,2,2555301.0
543,32,11,1,12,2,2,494386739.0
5682,32,11,2,1,2,2,342303294.0
4890,32,11,2,4,2,2,1656618772.0
5473,32,11,2,5,2,2,161072672.0
6188,32,11,2,8,2,2,530248444.0
6719,32,11,2,9,1,1,12.09
1155,32,11,2,12,2,2,1817691444.0
2339,32,12,1,2,2,2,146981114.0
1768,32,12,1,3,2,2,100507087.0
3376,32,12,1,6,2,2,211649848.0
4287,32,12,1,7,2,2,23985535.0
2786,32,12,1,10,2,2,12637394.0
3794,32,12,1,11,2,2,2678311.0
544,32,12,1,12,2,2,498439289.0
5683,32,12,2,1,2,2,415783345.0
4891,32,12,2,4,2,2,1696130677.0
5474,32,12,2,5,2,2,171776146.0
6189,32,12,2,8,2,2,579926392.0
6720,32,12,2,9,1,1,13.09
1156,32,12,2,12,2,2,1867906823.0
2340,32,13,1,2,2,2,144033575.0
1769,32,13,1,3,2,2,93504630.0
3377,32,13,1,6,2,2,224610359.0
4288,32,13,1,7,2,2,25613233.0
2787,32,13,1,10,2,2,13055090.0
3795,32,13,1,11,2,2,3134229.0
545,32,13,1,12,2,2,503951117.0
5684,32,13,2,1,2,2,530650047.0
4892,32,13,2,4,2,2,1741954319.0
5475,32,13,2,5,2,2,175355751.0
6190,32,13,2,8,2,2,593466539.0
6721,32,13,2,9,1,1,14.03
1157,32,13,2,12,2,2,1917310070.0
2341,32,14,1,2,2,2,141716344.0
1770,32,14,1,3,2,2,86217471.0
3378,32,14,1,6,2,2,239067392.0
4289,32,14,1,7,2,2,27194373.0
2788,32,14,1,10,2,2,12336910.0
3796,32,14,1,11,2,2,3697302.0
546,32,14,1,12,2,2,510229792.0
5685,32,14,2,1,2,2,577448181.0
4893,32,14,2,4,2,2,1774980578.0
5476,32,14,2,5,2,2,177486490.0
6191,32,14,2,8,2,2,642351529.0
6722,32,14,2,9,1,1,14.87
1158,32,14,2,12,2,2,1952467068.0
2379,33,2,1,2,2,2,1620910.0
1808,33,2,1,3,2,2,675710.0
3416,33,2,1,6,2,2,90595.0
4327,33,2,1,7,2,2,15841.0
2812,33,2,1,10,2,2,183127.0
584,33,2,1,12,2,2,2586183.0
4931,33,2,2,4,2,2,23786590.0
6753,33,2,2,9,1,1,3.55
1196,33,2,2,12,2,2,23786590.0
2380,33,4,1,2,2,2,1699914.0
1809,33,4,1,3,2,2,293062.0
3417,33,4,1,6,2,2,196134.0
4328,33,4,1,7,2,2,2052.0
2813,33,4,1,10,2,2,214495.0
585,33,4,1,12,2,2,2405657.0
4932,33,4,2,4,2,2,24685448.0
6754,33,4,2,9,1,1,5.25
1197,33,4,2,12,2,2,24685448.0
2381,33,6,1,2,2,2,1917154.0
1810,33,6,1,3,2,2,192987.0
3418,33,6,1,6,2,2,317601.0
4329,33,6,1,7,2,2,1443.0
2814,33,6,1,10,2,2,347262.0
586,33,6,1,12,2,2,2776447.0
4933,33,6,2,4,2,2,25819880.0
6755,33,6,2,9,1,1,8.23
1198,33,6,2,12,2,2,25819880.0
2382,33,8,1,2,2,2,2011685.0
1811,33,8,1,3,2,2,117970.0
3419,33,8,1,6,2,2,636776.0
4330,33,8,1,7,2,2,1191.0
2815,33,8,1,10,2,2,318000.0
587,33,8,1,12,2,2,3085622.0
4934,33,8,2,4,2,2,27994138.0
6756,33,8,2,9,1,1,10.89
1199,33,8,2,12,2,2,27994138.0
2383,33,10,1,2,2,2,1761583.0
1812,33,10,1,3,2,2,76607.0
3420,33,10,1,6,2,2,1226691.0
4331,33,10,1,7,2,2,703.0
2816,33,10,1,10,2,2,212493.0
588,33,10,1,12,2,2,3278077.0
4935,33,10,2,4,2,2,30007570.0
6757,33,10,2,9,1,1,12.16
1200,33,10,2,12,2,2,30007570.0
2384,33,12,1,2,2,2,1332066.0
1813,33,12,1,3,2,2,42272.0
3421,33,12,1,6,2,2,2017651.0
4332,33,12,1,7,2,2,327.0
2817,33,12,1,10,2,2,147981.0
589,33,12,1,12,2,2,3540297.0
4936,33,12,2,4,2,2,30311171.0
5499,33,12,2,5,2,2,336706.0
6222,33,12,2,8,2,2,982772.0
6758,33,12,2,9,1,1,16.92
1201,33,12,2,12,2,2,30647877.0
2385,33,14,1,2,2,2,924467.0
1814,33,14,1,3,2,2,28975.0
3422,33,14,1,6,2,2,3005235.0
4333,33,14,1,7,2,2,218.0
2818,33,14,1,10,2,2,110844.0
590,33,14,1,12,2,2,4069739.0
4937,33,14,2,4,2,2,31796451.0
5500,33,14,2,5,2,2,374061.0
6223,33,14,2,8,2,2,1097827.0
6759,33,14,2,9,1,1,19.21
1202,33,14,2,12,2,2,32170512.0
2188,34,1,1,2,2,2,2632305.0
1617,34,1,1,3,2,2,2233979.0
3225,34,1,1,6,2,2,905019.0
4161,34,1,1,7,2,2,796301.0
2649,34,1,1,10,2,2,516330.0
3645,34,1,1,11,2,2,151.0
393,34,1,1,12,2,2,7084085.0
4740,34,1,2,4,2,2,32015878.0
5338,34,1,2,5,2,2,7424687.0
6042,34,1,2,8,2,2,2802479.0
1005,34,1,2,12,2,2,39440565.0
2189,34,2,1,2,2,2,2815437.0
1618,34,2,1,3,2,2,2058348.0
3226,34,2,1,6,2,2,1590012.0
4162,34,2,1,7,2,2,869385.0
2650,34,2,1,10,2,2,427646.0
3646,34,2,1,11,2,2,282.0
394,34,2,1,12,2,2,7761110.0
4741,34,2,2,4,2,2,33949710.0
5339,34,2,2,5,2,2,7684754.0
6043,34,2,2,8,2,2,3294559.0
6588,34,2,2,9,1,1,6.48
1006,34,2,2,12,2,2,41634464.0
2190,34,3,1,2,2,2,2740323.0
1619,34,3,1,3,2,2,1997822.0
3227,34,3,1,6,2,2,1513108.0
4163,34,3,1,7,2,2,872691.0
2651,34,3,1,10,2,2,445698.0
3647,34,3,1,11,2,2,154.0
395,34,3,1,12,2,2,7569796.0
4742,34,3,2,4,2,2,35064280.0
5340,34,3,2,5,2,2,7664205.0
1007,34,3,2,12,2,2,42728485.0
2191,34,4,1,2,2,2,2845261.0
1620,34,4,1,3,2,2,1814979.0
3228,34,4,1,6,2,2,1897871.0
4164,34,4,1,7,2,2,792808.0
2652,34,4,1,10,2,2,447465.0
3648,34,4,1,11,2,2,1553.0
396,34,4,1,12,2,2,7799937.0
4743,34,4,2,4,2,2,36463178.0
5341,34,4,2,5,2,2,8447684.0
6044,34,4,2,8,2,2,3822548.0
6589,34,4,2,9,1,1,8.7
1008,34,4,2,12,2,2,44910862.0
2192,34,5,1,2,2,2,2795889.0
1621,34,5,1,3,2,2,1799177.0
3229,34,5,1,6,2,2,2083977.0
4165,34,5,1,7,2,2,797774.0
2653,34,5,1,10,2,2,423207.0
3649,34,5,1,11,2,2,1553.0
397,34,5,1,12,2,2,7901577.0
4744,34,5,2,4,2,2,40256066.0
5342,34,5,2,5,2,2,8176901.0
1009,34,5,2,12,2,2,48432967.0
2193,34,6,1,2,2,2,2892741.0
1622,34,6,1,3,2,2,1708801.0
3230,34,6,1,6,2,2,2424142.0
4166,34,6,1,7,2,2,774897.0
2654,34,6,1,10,2,2,564329.0
3650,34,6,1,11,2,2,1639.0
398,34,6,1,12,2,2,8366549.0
4745,34,6,2,4,2,2,38783896.0
5343,34,6,2,5,2,2,9000669.0
6045,34,6,2,8,2,2,4797558.0
6590,34,6,2,9,1,1,9.32
1010,34,6,2,12,2,2,47784565.0
2194,34,7,1,2,2,2,2813493.0
1623,34,7,1,3,2,2,1613874.0
3231,34,7,1,6,2,2,2721882.0
4167,34,7,1,7,2,2,777286.0
2655,34,7,1,10,2,2,554614.0
399,34,7,1,12,2,2,8481149.0
4746,34,7,2,4,2,2,42588430.0
5344,34,7,2,5,2,2,8369871.0
1011,34,7,2,12,2,2,50958301.0
2195,34,8,1,2,2,2,2932562.0
1624,34,8,1,3,2,2,1490311.0
3232,34,8,1,6,2,2,3203768.0
4168,34,8,1,7,2,2,738842.0
2656,34,8,1,10,2,2,297201.0
3651,34,8,1,11,2,2,4613.0
400,34,8,1,12,2,2,8667297.0
4747,34,8,2,4,2,2,40997344.0
5345,34,8,2,5,2,2,9097336.0
6046,34,8,2,8,2,2,5986163.0
6591,34,8,2,9,1,1,10.84
1012,34,8,2,12,2,2,50094680.0
2196,34,9,1,2,2,2,2879008.0
1625,34,9,1,3,2,2,1378140.0
3233,34,9,1,6,2,2,3219120.0
4169,34,9,1,7,2,2,745972.0
2657,34,9,1,10,2,2,391165.0
401,34,9,1,12,2,2,8613405.0
5624,34,9,2,1,2,2,3460340.0
4748,34,9,2,4,2,2,44502018.0
5346,34,9,2,5,2,2,8117065.0
6047,34,9,2,8,2,2,6000000.0
6592,34,9,2,9,1,1,10.33
1013,34,9,2,12,2,2,52619083.0
2197,34,10,1,2,2,2,2977502.0
1626,34,10,1,3,2,2,1285210.0
3234,34,10,1,6,2,2,3760468.0
4170,34,10,1,7,2,2,713170.0
2658,34,10,1,10,2,2,421508.0
3652,34,10,1,11,2,2,25656.0
402,34,10,1,12,2,2,9183514.0
4749,34,10,2,4,2,2,41362244.0
5347,34,10,2,5,2,2,8748641.0
6048,34,10,2,8,2,2,6686025.0
6593,34,10,2,9,1,1,12.27
1014,34,10,2,12,2,2,50110885.0
2198,34,11,1,2,2,2,2917606.0
1627,34,11,1,3,2,2,1177050.0
3235,34,11,1,6,2,2,3921971.0
4171,34,11,1,7,2,2,687832.0
2659,34,11,1,10,2,2,394279.0
3653,34,11,1,11,2,2,35168.0
403,34,11,1,12,2,2,9133906.0
5625,34,11,2,1,2,2,6289231.0
4750,34,11,2,4,2,2,51000000.0
6049,34,11,2,8,2,2,6686025.0
6594,34,11,2,9,1,1,13.5
1015,34,11,2,12,2,2,51000000.0
2199,34,12,1,2,2,2,2826651.0
1628,34,12,1,3,2,2,1106111.0
3236,34,12,1,6,2,2,4563246.0
4172,34,12,1,7,2,2,591709.0
2660,34,12,1,10,2,2,370399.0
3654,34,12,1,11,2,2,30991.0
404,34,12,1,12,2,2,9489107.0
4751,34,12,2,4,2,2,41458286.0
5348,34,12,2,5,2,2,8886856.0
6050,34,12,2,8,2,2,7728632.0
6595,34,12,2,9,1,1,14.94
1016,34,12,2,12,2,2,50345142.0
2200,34,13,1,2,2,2,2614387.0
1629,34,13,1,3,2,2,1000162.0
3237,34,13,1,6,2,2,4675415.0
4173,34,13,1,7,2,2,443502.0
2661,34,13,1,10,2,2,543507.0
3655,34,13,1,11,2,2,33422.0
405,34,13,1,12,2,2,9310395.0
5626,34,13,2,1,2,2,20095615.0
4752,34,13,2,4,2,2,46708347.0
5349,34,13,2,5,2,2,8819902.0
1017,34,13,2,12,2,2,55528249.0
2201,34,14,1,2,2,2,2500634.0
1630,34,14,1,3,2,2,915493.0
3238,34,14,1,6,2,2,5382696.0
4174,34,14,1,7,2,2,532510.0
2662,34,14,1,10,2,2,345888.0
3656,34,14,1,11,2,2,31392.0
406,34,14,1,12,2,2,9708613.0
4753,34,14,2,4,2,2,43626204.0
5350,34,14,2,5,2,2,8619461.0
6051,34,14,2,8,2,2,9994542.0
6596,34,14,2,9,1,1,18.89
1018,34,14,2,12,2,2,52245665.0
2202,35,1,1,2,2,2,1170652.0
1631,35,1,1,3,2,2,673442.0
3239,35,1,1,6,2,2,1541218.0
4175,35,1,1,7,2,2,280529.0
2663,35,1,1,10,2,2,3440.0
3657,35,1,1,11,2,2,675.0
407,35,1,1,12,2,2,3669956.0
4754,35,1,2,4,2,2,6624144.0
5351,35,1,2,5,2,2,563067.0
6052,35,1,2,8,2,2,1053890.0
1019,35,1,2,12,2,2,7187211.0
2203,35,2,1,2,2,2,1180899.0
1632,35,2,1,3,2,2,606524.0
3240,35,2,1,6,2,2,1710691.0
4176,35,2,1,7,2,2,282355.0
2664,35,2,1,10,2,2,3576.0
3658,35,2,1,11,2,2,648.0
408,35,2,1,12,2,2,3784693.0
4755,35,2,2,4,2,2,7063124.0
5352,35,2,2,5,2,2,510347.0
6053,35,2,2,8,2,2,1095684.0
6597,35,2,2,9,1,1,2.99
1020,35,2,2,12,2,2,7573471.0
2204,35,3,1,2,2,2,1184175.0
1633,35,3,1,3,2,2,541889.0
3241,35,3,1,6,2,2,1863452.0
4177,35,3,1,7,2,2,273648.0
2665,35,3,1,10,2,2,4088.0
3659,35,3,1,11,2,2,709.0
409,35,3,1,12,2,2,3867961.0
4756,35,3,2,4,2,2,7272848.0
5353,35,3,2,5,2,2,529642.0
6054,35,3,2,8,2,2,1163376.0
1021,35,3,2,12,2,2,7802490.0
2205,35,4,1,2,2,2,1195755.0
1634,35,4,1,3,2,2,482576.0
3242,35,4,1,6,2,2,2008188.0
4178,35,4,1,7,2,2,276100.0
2666,35,4,1,10,2,2,4270.0
3660,35,4,1,11,2,2,827.0
410,35,4,1,12,2,2,3967716.0
4757,35,4,2,4,2,2,7583768.0
5354,35,4,2,5,2,2,511345.0
6055,35,4,2,8,2,2,1194353.0
6598,35,4,2,9,1,1,3.84
1022,35,4,2,12,2,2,8095113.0
2206,35,5,1,2,2,2,1203516.0
1635,35,5,1,3,2,2,432790.0
3243,35,5,1,6,2,2,2131203.0
4179,35,5,1,7,2,2,284223.0
2667,35,5,1,10,2,2,4765.0
3661,35,5,1,11,2,2,1103.0
411,35,5,1,12,2,2,4057600.0
4758,35,5,2,4,2,2,7390067.0
5355,35,5,2,5,2,2,538447.0
6056,35,5,2,8,2,2,1203518.0
1023,35,5,2,12,2,2,7928514.0
2207,35,6,1,2,2,2,1204074.0
1636,35,6,1,3,2,2,373032.0
3244,35,6,1,6,2,2,2291142.0
4180,35,6,1,7,2,2,286421.0
2668,35,6,1,10,2,2,5056.0
3662,35,6,1,11,2,2,1087.0
412,35,6,1,12,2,2,4160812.0
4759,35,6,2,4,2,2,7734540.0
5356,35,6,2,5,2,2,507836.0
6057,35,6,2,8,2,2,1230320.0
6599,35,6,2,9,1,1,4.72
1024,35,6,2,12,2,2,8242376.0
2208,35,7,1,2,2,2,1196671.0
1637,35,7,1,3,2,2,308615.0
3245,35,7,1,6,2,2,2439859.0
4181,35,7,1,7,2,2,278993.0
2669,35,7,1,10,2,2,5338.0
3663,35,7,1,11,2,2,1113.0
413,35,7,1,12,2,2,4230589.0
4760,35,7,2,4,2,2,7916380.0
5357,35,7,2,5,2,2,574987.0
6058,35,7,2,8,2,2,1273653.0
1025,35,7,2,12,2,2,8491367.0
2209,35,8,1,2,2,2,1195396.0
1638,35,8,1,3,2,2,257904.0
3246,35,8,1,6,2,2,2585172.0
4182,35,8,1,7,2,2,268298.0
2670,35,8,1,10,2,2,5455.0
3664,35,8,1,11,2,2,1536.0
414,35,8,1,12,2,2,4313761.0
4761,35,8,2,4,2,2,8501080.0
5358,35,8,2,5,2,2,612648.0
6059,35,8,2,8,2,2,1332579.0
6600,35,8,2,9,1,1,5.86
1026,35,8,2,12,2,2,9113728.0
2210,35,9,1,2,2,2,1190584.0
1639,35,9,1,3,2,2,213488.0
3247,35,9,1,6,2,2,2713579.0
4183,35,9,1,7,2,2,258416.0
2671,35,9,1,10,2,2,5964.0
3665,35,9,1,11,2,2,1801.0
415,35,9,1,12,2,2,4383832.0
4762,35,9,2,4,2,2,8799979.0
5359,35,9,2,5,2,2,705745.0
6060,35,9,2,8,2,2,1330986.0
6601,35,9,2,9,1,1,5.46
1027,35,9,2,12,2,2,9505724.0
2211,35,10,1,2,2,2,1188983.0
1640,35,10,1,3,2,2,178067.0
3248,35,10,1,6,2,2,2845207.0
4184,35,10,1,7,2,2,251469.0
2672,35,10,1,10,2,2,6412.0
3666,35,10,1,11,2,2,2641.0
416,35,10,1,12,2,2,4472779.0
5627,35,10,2,1,2,2,1254890.0
4763,35,10,2,4,2,2,9122735.0
5360,35,10,2,5,2,2,711048.0
6061,35,10,2,8,2,2,1403084.0
6602,35,10,2,9,1,1,7.68
1028,35,10,2,12,2,2,9833783.0
2212,35,11,1,2,2,2,1178800.0
1641,35,11,1,3,2,2,149804.0
3249,35,11,1,6,2,2,2945360.0
4185,35,11,1,7,2,2,244616.0
2673,35,11,1,10,2,2,7119.0
3667,35,11,1,11,2,2,4157.0
417,35,11,1,12,2,2,4529856.0
5628,35,11,2,1,2,2,1860038.0
4764,35,11,2,4,2,2,9372029.0
5361,35,11,2,5,2,2,807325.0
6062,35,11,2,8,2,2,1479302.0
6603,35,11,2,9,1,1,9.16
1029,35,11,2,12,2,2,10179354.0
2213,35,12,1,2,2,2,1171993.0
1642,35,12,1,3,2,2,127713.0
3250,35,12,1,6,2,2,3048048.0
4186,35,12,1,7,2,2,241390.0
2674,35,12,1,10,2,2,7643.0
3668,35,12,1,11,2,2,4283.0
418,35,12,1,12,2,2,4601070.0
5629,35,12,2,1,2,2,2315496.0
4765,35,12,2,4,2,2,9728692.0
5362,35,12,2,5,2,2,727577.0
6063,35,12,2,8,2,2,1163584.0
6604,35,12,2,9,1,1,9.98
1030,35,12,2,12,2,2,10456269.0
2214,35,13,1,2,2,2,1068276.0
1643,35,13,1,3,2,2,108406.0
3251,35,13,1,6,2,2,3121831.0
4187,35,13,1,7,2,2,237163.0
2675,35,13,1,10,2,2,8960.0
3669,35,13,1,11,2,2,6073.0
419,35,13,1,12,2,2,4550709.0
5630,35,13,2,1,2,2,2924657.0
4766,35,13,2,4,2,2,9927361.0
5363,35,13,2,5,2,2,822360.0
6064,35,13,2,8,2,2,1225634.0
6605,35,13,2,9,1,1,11.46
1031,35,13,2,12,2,2,10749721.0
2215,35,14,1,2,2,2,1040466.0
1644,35,14,1,3,2,2,90647.0
3252,35,14,1,6,2,2,3234184.0
4188,35,14,1,7,2,2,232295.0
2676,35,14,1,10,2,2,9398.0
3670,35,14,1,11,2,2,7727.0
420,35,14,1,12,2,2,4614717.0
5631,35,14,2,1,2,2,4093482.0
4767,35,14,2,4,2,2,10105088.0
5364,35,14,2,5,2,2,630882.0
6065,35,14,2,8,2,2,1234659.0
6606,35,14,2,9,1,1,12.2
1032,35,14,2,12,2,2,10735970.0
2386,36,1,1,2,2,2,1139216.0
1815,36,1,1,3,2,2,709134.0
3423,36,1,1,6,2,2,2844152.0
4334,36,1,1,7,2,2,24863.0
2819,36,1,1,10,2,2,214035.0
3834,36,1,1,11,2,2,611.0
591,36,1,1,12,2,2,4932011.0
4938,36,1,2,4,2,2,17404303.0
5501,36,1,2,5,2,2,1780110.0
6760,36,1,2,9,1,1,2.32
1203,36,1,2,12,2,2,19184413.0
2387,36,2,1,2,2,2,1105866.0
1816,36,2,1,3,2,2,647218.0
3424,36,2,1,6,2,2,3074957.0
4335,36,2,1,7,2,2,24258.0
2820,36,2,1,10,2,2,236697.0
3835,36,2,1,11,2,2,614.0
592,36,2,1,12,2,2,5089610.0
4939,36,2,2,4,2,2,18160707.0
5502,36,2,2,5,2,2,1679813.0
6761,36,2,2,9,1,1,2.61
1204,36,2,2,12,2,2,19840520.0
2388,36,3,1,2,2,2,1068602.0
1817,36,3,1,3,2,2,585698.0
3425,36,3,1,6,2,2,3204645.0
4336,36,3,1,7,2,2,23792.0
2821,36,3,1,10,2,2,250103.0
3836,36,3,1,11,2,2,612.0
593,36,3,1,12,2,2,5133452.0
4940,36,3,2,4,2,2,17909236.0
5503,36,3,2,5,2,2,1558207.0
6762,36,3,2,9,1,1,3.42
1205,36,3,2,12,2,2,19467443.0
2389,36,4,1,2,2,2,1025365.0
1818,36,4,1,3,2,2,547952.0
3426,36,4,1,6,2,2,3381710.0
4337,36,4,1,7,2,2,22262.0
2822,36,4,1,10,2,2,299320.0
3837,36,4,1,11,2,2,617.0
594,36,4,1,12,2,2,5277226.0
4941,36,4,2,4,2,2,17962692.0
5504,36,4,2,5,2,2,1455746.0
6763,36,4,2,9,1,1,3.77
1206,36,4,2,12,2,2,19418438.0
2390,36,5,1,2,2,2,1016107.0
1819,36,5,1,3,2,2,501195.0
3427,36,5,1,6,2,2,3561174.0
4338,36,5,1,7,2,2,20490.0
2823,36,5,1,10,2,2,354244.0
3838,36,5,1,11,2,2,637.0
595,36,5,1,12,2,2,5453847.0
4942,36,5,2,4,2,2,17668298.0
5505,36,5,2,5,2,2,1413195.0
6764,36,5,2,9,1,1,4.68
1207,36,5,2,12,2,2,19081493.0
2391,36,6,1,2,2,2,923999.0
1820,36,6,1,3,2,2,445569.0
3428,36,6,1,6,2,2,3892553.0
4339,36,6,1,7,2,2,27610.0
2824,36,6,1,10,2,2,394343.0
3839,36,6,1,11,2,2,650.0
596,36,6,1,12,2,2,5684724.0
4943,36,6,2,4,2,2,18353154.0
5506,36,6,2,5,2,2,1848119.0
6765,36,6,2,9,1,1,4.87
1208,36,6,2,12,2,2,20201273.0
2392,36,7,1,2,2,2,861975.0
1821,36,7,1,3,2,2,377549.0
3429,36,7,1,6,2,2,4164815.0
4340,36,7,1,7,2,2,18724.0
2825,36,7,1,10,2,2,428424.0
3840,36,7,1,11,2,2,745.0
597,36,7,1,12,2,2,5852232.0
5699,36,7,2,1,2,2,52577.0
4944,36,7,2,4,2,2,18486233.0
5507,36,7,2,5,2,2,1734252.0
6766,36,7,2,9,1,1,5.67
1209,36,7,2,12,2,2,20220485.0
2393,36,8,1,2,2,2,793173.0
1822,36,8,1,3,2,2,336411.0
3430,36,8,1,6,2,2,4516196.0
4341,36,8,1,7,2,2,18273.0
2826,36,8,1,10,2,2,435906.0
3841,36,8,1,11,2,2,738.0
598,36,8,1,12,2,2,6100697.0
5700,36,8,2,1,2,2,238670.0
4945,36,8,2,4,2,2,19294349.0
5508,36,8,2,5,2,2,1585552.0
6767,36,8,2,9,1,1,6.2
1210,36,8,2,12,2,2,20879901.0
2394,36,9,1,2,2,2,727157.0
1823,36,9,1,3,2,2,281454.0
3431,36,9,1,6,2,2,4742565.0
4342,36,9,1,7,2,2,17927.0
2827,36,9,1,10,2,2,414108.0
3842,36,9,1,11,2,2,806.0
599,36,9,1,12,2,2,6184017.0
5701,36,9,2,1,2,2,408742.0
4946,36,9,2,4,2,2,19358562.0
5509,36,9,2,5,2,2,1593547.0
6768,36,9,2,9,1,1,6.89
1211,36,9,2,12,2,2,20952109.0
2395,36,10,1,2,2,2,712292.0
1824,36,10,1,3,2,2,225413.0
3432,36,10,1,6,2,2,4992147.0
4343,36,10,1,7,2,2,20457.0
2828,36,10,1,10,2,2,373174.0
3843,36,10,1,11,2,2,1679.0
600,36,10,1,12,2,2,6325162.0
5702,36,10,2,1,2,2,723169.0
4947,36,10,2,4,2,2,19658734.0
5510,36,10,2,5,2,2,1515351.0
6769,36,10,2,9,1,1,7.53
1212,36,10,2,12,2,2,21174085.0
2396,36,11,1,2,2,2,698276.0
1825,36,11,1,3,2,2,162327.0
3433,36,11,1,6,2,2,5236179.0
4344,36,11,1,7,2,2,20850.0
2829,36,11,1,10,2,2,325686.0
3844,36,11,1,11,2,2,2241.0
601,36,11,1,12,2,2,6445559.0
5703,36,11,2,1,2,2,1507438.0
4948,36,11,2,4,2,2,19946575.0
5511,36,11,2,5,2,2,1360940.0
6770,36,11,2,9,1,1,8.89
1213,36,11,2,12,2,2,21307515.0
2397,36,12,1,2,2,2,697051.0
1826,36,12,1,3,2,2,116331.0
3434,36,12,1,6,2,2,5450847.0
4345,36,12,1,7,2,2,18444.0
2830,36,12,1,10,2,2,303419.0
3845,36,12,1,11,2,2,1715.0
602,36,12,1,12,2,2,6587807.0
5704,36,12,2,1,2,2,2289784.0
4949,36,12,2,4,2,2,20388418.0
5512,36,12,2,5,2,2,1106933.0
6771,36,12,2,9,1,1,9.8
1214,36,12,2,12,2,2,21495351.0
2398,36,13,1,2,2,2,679348.0
1827,36,13,1,3,2,2,79610.0
3435,36,13,1,6,2,2,5625636.0
4346,36,13,1,7,2,2,26768.0
2831,36,13,1,10,2,2,276659.0
3846,36,13,1,11,2,2,2161.0
603,36,13,1,12,2,2,6690182.0
5705,36,13,2,1,2,2,2860555.0
4950,36,13,2,4,2,2,20423074.0
5513,36,13,2,5,2,2,881074.0
6772,36,13,2,9,1,1,11.22
1215,36,13,2,12,2,2,21304148.0
2399,36,14,1,2,2,2,659160.0
1828,36,14,1,3,2,2,50780.0
3436,36,14,1,6,2,2,5801784.0
4347,36,14,1,7,2,2,26722.0
2832,36,14,1,10,2,2,266309.0
3847,36,14,1,11,2,2,2568.0
604,36,14,1,12,2,2,6807323.0
5706,36,14,2,1,2,2,3509092.0
4951,36,14,2,4,2,2,20873758.0
5514,36,14,2,5,2,2,844638.0
6773,36,14,2,9,1,1,11.45
1216,36,14,2,12,2,2,21718396.0
2216,37,1,1,2,2,2,175006.0
1645,37,1,1,3,2,2,494016.0
3253,37,1,1,6,2,2,438823.0
4189,37,1,1,7,2,2,356749.0
2677,37,1,1,10,2,2,4583.0
3671,37,1,1,11,2,2,1237.0
421,37,1,1,12,2,2,1470414.0
4768,37,1,2,4,2,2,4173711.0
5365,37,1,2,5,2,2,614561.0
6066,37,1,2,8,2,2,716860.0
6607,37,1,2,9,1,1,0.57
1033,37,1,2,12,2,2,4788272.0
2217,37,2,1,2,2,2,181169.0
1646,37,2,1,3,2,2,484749.0
3254,37,2,1,6,2,2,469671.0
4190,37,2,1,7,2,2,374405.0
2678,37,2,1,10,2,2,4600.0
3672,37,2,1,11,2,2,1167.0
422,37,2,1,12,2,2,1515761.0
4769,37,2,2,4,2,2,4363703.0
5366,37,2,2,5,2,2,651049.0
6067,37,2,2,8,2,2,797755.0
6608,37,2,2,9,1,1,0.71
1034,37,2,2,12,2,2,5014752.0
2218,37,3,1,2,2,2,179727.0
1647,37,3,1,3,2,2,487081.0
3255,37,3,1,6,2,2,488394.0
4191,37,3,1,7,2,2,394373.0
2679,37,3,1,10,2,2,3481.0
3673,37,3,1,11,2,2,1083.0
423,37,3,1,12,2,2,1554139.0
4770,37,3,2,4,2,2,3738752.0
5367,37,3,2,5,2,2,514862.0
6068,37,3,2,8,2,2,896398.0
6609,37,3,2,9,1,1,0.73
1035,37,3,2,12,2,2,4253614.0
2219,37,4,1,2,2,2,180956.0
1648,37,4,1,3,2,2,485018.0
3256,37,4,1,6,2,2,525748.0
4192,37,4,1,7,2,2,408094.0
2680,37,4,1,10,2,2,3773.0
3674,37,4,1,11,2,2,1041.0
424,37,4,1,12,2,2,1604630.0
4771,37,4,2,4,2,2,3848988.0
5368,37,4,2,5,2,2,510481.0
6069,37,4,2,8,2,2,984964.0
6610,37,4,2,9,1,1,0.89
1036,37,4,2,12,2,2,4359469.0
2220,37,5,1,2,2,2,193047.0
1649,37,5,1,3,2,2,480974.0
3257,37,5,1,6,2,2,572372.0
4193,37,5,1,7,2,2,426883.0
2681,37,5,1,10,2,2,3665.0
3675,37,5,1,11,2,2,986.0
425,37,5,1,12,2,2,1677927.0
4772,37,5,2,4,2,2,3643236.0
5369,37,5,2,5,2,2,484510.0
6070,37,5,2,8,2,2,1054666.0
6611,37,5,2,9,1,1,1.37
1037,37,5,2,12,2,2,4127746.0
2221,37,6,1,2,2,2,195305.0
1650,37,6,1,3,2,2,474458.0
3258,37,6,1,6,2,2,624219.0
4194,37,6,1,7,2,2,451113.0
2682,37,6,1,10,2,2,3633.0
3676,37,6,1,11,2,2,943.0
426,37,6,1,12,2,2,1749671.0
4773,37,6,2,4,2,2,3880409.0
5370,37,6,2,5,2,2,296804.0
6071,37,6,2,8,2,2,1257533.0
6612,37,6,2,9,1,1,1.41
1038,37,6,2,12,2,2,4177213.0
2222,37,7,1,2,2,2,193169.0
1651,37,7,1,3,2,2,458525.0
3259,37,7,1,6,2,2,667781.0
4195,37,7,1,7,2,2,467374.0
2683,37,7,1,10,2,2,6816.0
3677,37,7,1,11,2,2,891.0
427,37,7,1,12,2,2,1794556.0
4774,37,7,2,4,2,2,4100006.0
5371,37,7,2,5,2,2,159630.0
6072,37,7,2,8,2,2,1307596.0
6613,37,7,2,9,1,1,2.03
1039,37,7,2,12,2,2,4259636.0
2223,37,8,1,2,2,2,190515.0
1652,37,8,1,3,2,2,442041.0
3260,37,8,1,6,2,2,724400.0
4196,37,8,1,7,2,2,470440.0
2684,37,8,1,10,2,2,6710.0
3678,37,8,1,11,2,2,845.0
428,37,8,1,12,2,2,1834951.0
4775,37,8,2,4,2,2,4289853.0
5372,37,8,2,5,2,2,150155.0
6073,37,8,2,8,2,2,1334068.0
6614,37,8,2,9,1,1,2.3
1040,37,8,2,12,2,2,4440008.0
2224,37,9,1,2,2,2,190347.0
1653,37,9,1,3,2,2,423039.0
3261,37,9,1,6,2,2,768304.0
4197,37,9,1,7,2,2,480662.0
2685,37,9,1,10,2,2,6623.0
3679,37,9,1,11,2,2,730.0
429,37,9,1,12,2,2,1869705.0
5632,37,9,2,1,2,2,26437.0
4776,37,9,2,4,2,2,4428953.0
5373,37,9,2,5,2,2,145703.0
6074,37,9,2,8,2,2,1290513.0
6615,37,9,2,9,1,1,3.83
1041,37,9,2,12,2,2,4574656.0
2225,37,10,1,2,2,2,189461.0
1654,37,10,1,3,2,2,406368.0
3262,37,10,1,6,2,2,810692.0
4198,37,10,1,7,2,2,491168.0
2686,37,10,1,10,2,2,6900.0
3680,37,10,1,11,2,2,4899.0
430,37,10,1,12,2,2,1909488.0
5633,37,10,2,1,2,2,472999.0
4777,37,10,2,4,2,2,4305772.0
5374,37,10,2,5,2,2,122687.0
6075,37,10,2,8,2,2,1235501.0
6616,37,10,2,9,1,1,4.74
1042,37,10,2,12,2,2,4428459.0
2226,37,11,1,2,2,2,186582.0
1655,37,11,1,3,2,2,389482.0
3263,37,11,1,6,2,2,842407.0
4199,37,11,1,7,2,2,481023.0
2687,37,11,1,10,2,2,7335.0
3681,37,11,1,11,2,2,3990.0
431,37,11,1,12,2,2,1910819.0
5634,37,11,2,1,2,2,792343.0
4778,37,11,2,4,2,2,4444154.0
5375,37,11,2,5,2,2,128847.0
6076,37,11,2,8,2,2,1242698.0
6617,37,11,2,9,1,1,4.88
1043,37,11,2,12,2,2,4573001.0
2227,37,12,1,2,2,2,184959.0
1656,37,12,1,3,2,2,374124.0
3264,37,12,1,6,2,2,883337.0
4200,37,12,1,7,2,2,463306.0
2688,37,12,1,10,2,2,7147.0
3682,37,12,1,11,2,2,3714.0
432,37,12,1,12,2,2,1916587.0
5635,37,12,2,1,2,2,1083413.0
4779,37,12,2,4,2,2,4591229.0
5376,37,12,2,5,2,2,125196.0
6077,37,12,2,8,2,2,1246692.0
6618,37,12,2,9,1,1,5.47
1044,37,12,2,12,2,2,4716425.0
2228,37,13,1,2,2,2,182888.0
1657,37,13,1,3,2,2,351273.0
3265,37,13,1,6,2,2,936049.0
4201,37,13,1,7,2,2,457390.0
2689,37,13,1,10,2,2,6726.0
3683,37,13,1,11,2,2,3986.0
433,37,13,1,12,2,2,1938312.0
5636,37,13,2,1,2,2,1439966.0
4780,37,13,2,4,2,2,4816239.0
5377,37,13,2,5,2,2,161019.0
6078,37,13,2,8,2,2,1225831.0
6619,37,13,2,9,1,1,5.91
1045,37,13,2,12,2,2,4977258.0
2229,37,14,1,2,2,2,179261.0
1658,37,14,1,3,2,2,333102.0
3266,37,14,1,6,2,2,996874.0
4202,37,14,1,7,2,2,452428.0
2690,37,14,1,10,2,2,5641.0
3684,37,14,1,11,2,2,4031.0
434,37,14,1,12,2,2,1971337.0
5637,37,14,2,1,2,2,2282602.0
4781,37,14,2,4,2,2,4855345.0
5378,37,14,2,5,2,2,116958.0
6079,37,14,2,8,2,2,1213317.0
6620,37,14,2,9,1,1,6.62
1046,37,14,2,12,2,2,4972303.0
2230,38,1,1,2,2,2,176553.0
1659,38,1,1,3,2,2,205603.0
3267,38,1,1,6,2,2,209122.0
4203,38,1,1,7,2,2,4451.0
2691,38,1,1,10,2,2,2806.0
3685,38,1,1,11,2,2,116.0
435,38,1,1,12,2,2,598651.0
4782,38,1,2,4,2,2,1441175.0
5379,38,1,2,5,2,2,97717.0
6080,38,1,2,8,2,2,68705.0
6621,38,1,2,9,1,1,4.3
1047,38,1,2,12,2,2,1538892.0
2231,38,2,1,2,2,2,175803.0
1660,38,2,1,3,2,2,200201.0
3268,38,2,1,6,2,2,222505.0
4204,38,2,1,7,2,2,4258.0
2692,38,2,1,10,2,2,2846.0
3686,38,2,1,11,2,2,107.0
436,38,2,1,12,2,2,605720.0
4783,38,2,2,4,2,2,1512365.0
5380,38,2,2,5,2,2,104146.0
6081,38,2,2,8,2,2,72201.0
6622,38,2,2,9,1,1,4.71
1048,38,2,2,12,2,2,1616511.0
2232,38,3,1,2,2,2,173746.0
1661,38,3,1,3,2,2,194636.0
3269,38,3,1,6,2,2,235679.0
4205,38,3,1,7,2,2,4109.0
2693,38,3,1,10,2,2,2752.0
3687,38,3,1,11,2,2,110.0
437,38,3,1,12,2,2,611032.0
4784,38,3,2,4,2,2,1586585.0
5381,38,3,2,5,2,2,107574.0
6082,38,3,2,8,2,2,76695.0
6623,38,3,2,9,1,1,5.9
1049,38,3,2,12,2,2,1694159.0
2233,38,4,1,2,2,2,174441.0
1662,38,4,1,3,2,2,187932.0
3270,38,4,1,6,2,2,251448.0
4206,38,4,1,7,2,2,3846.0
2694,38,4,1,10,2,2,2742.0
3688,38,4,1,11,2,2,104.0
438,38,4,1,12,2,2,620513.0
4785,38,4,2,4,2,2,1643035.0
5382,38,4,2,5,2,2,107037.0
6083,38,4,2,8,2,2,78517.0
6624,38,4,2,9,1,1,6.46
1050,38,4,2,12,2,2,1750072.0
2234,38,5,1,2,2,2,177629.0
1663,38,5,1,3,2,2,179236.0
3271,38,5,1,6,2,2,266786.0
4207,38,5,1,7,2,2,3664.0
2695,38,5,1,10,2,2,1814.0
3689,38,5,1,11,2,2,108.0
439,38,5,1,12,2,2,629237.0
4786,38,5,2,4,2,2,1648680.0
5383,38,5,2,5,2,2,110732.0
6084,38,5,2,8,2,2,82038.0
6625,38,5,2,9,1,1,8.45
1051,38,5,2,12,2,2,1759412.0
2235,38,6,1,2,2,2,182825.0
1664,38,6,1,3,2,2,168970.0
3272,38,6,1,6,2,2,287532.0
4208,38,6,1,7,2,2,3399.0
2696,38,6,1,10,2,2,1656.0
3690,38,6,1,11,2,2,106.0
440,38,6,1,12,2,2,644488.0
4787,38,6,2,4,2,2,1707953.0
5384,38,6,2,5,2,2,119995.0
6085,38,6,2,8,2,2,86635.0
6626,38,6,2,9,1,1,8.95
1052,38,6,2,12,2,2,1827948.0
2236,38,7,1,2,2,2,184247.0
1665,38,7,1,3,2,2,158511.0
3273,38,7,1,6,2,2,307315.0
4209,38,7,1,7,2,2,3126.0
2697,38,7,1,10,2,2,1460.0
3691,38,7,1,11,2,2,100.0
441,38,7,1,12,2,2,654759.0
4788,38,7,2,4,2,2,1744261.0
5385,38,7,2,5,2,2,126189.0
6086,38,7,2,8,2,2,94053.0
6627,38,7,2,9,1,1,10.35
1053,38,7,2,12,2,2,1870450.0
2237,38,8,1,2,2,2,182315.0
1666,38,8,1,3,2,2,148429.0
3274,38,8,1,6,2,2,324478.0
4210,38,8,1,7,2,2,2611.0
2698,38,8,1,10,2,2,1309.0
3692,38,8,1,11,2,2,98.0
442,38,8,1,12,2,2,659240.0
5638,38,8,2,1,2,2,55016.0
4789,38,8,2,4,2,2,1789508.0
5386,38,8,2,5,2,2,137260.0
6087,38,8,2,8,2,2,101410.0
6628,38,8,2,9,1,1,10.44
1054,38,8,2,12,2,2,1926768.0
2238,38,9,1,2,2,2,180365.0
1667,38,9,1,3,2,2,141079.0
3275,38,9,1,6,2,2,339231.0
4211,38,9,1,7,2,2,1758.0
2699,38,9,1,10,2,2,1234.0
3693,38,9,1,11,2,2,172.0
443,38,9,1,12,2,2,663839.0
5639,38,9,2,1,2,2,186360.0
4790,38,9,2,4,2,2,1834250.0
5387,38,9,2,5,2,2,163842.0
6088,38,9,2,8,2,2,99128.0
6629,38,9,2,9,1,1,12.24
1055,38,9,2,12,2,2,1998092.0
2239,38,10,1,2,2,2,177921.0
1668,38,10,1,3,2,2,133291.0
3276,38,10,1,6,2,2,354592.0
4212,38,10,1,7,2,2,1353.0
2700,38,10,1,10,2,2,1283.0
3694,38,10,1,11,2,2,569.0
444,38,10,1,12,2,2,669009.0
5640,38,10,2,1,2,2,286244.0
4791,38,10,2,4,2,2,1864473.0
5388,38,10,2,5,2,2,174395.0
6089,38,10,2,8,2,2,103058.0
6630,38,10,2,9,1,1,13.38
1056,38,10,2,12,2,2,2038868.0
2240,38,11,1,2,2,2,175698.0
1669,38,11,1,3,2,2,123811.0
3277,38,11,1,6,2,2,368931.0
4213,38,11,1,7,2,2,1070.0
2701,38,11,1,10,2,2,916.0
3695,38,11,1,11,2,2,705.0
445,38,11,1,12,2,2,671131.0
5641,38,11,2,1,2,2,506622.0
4792,38,11,2,4,2,2,1885400.0
5389,38,11,2,5,2,2,186081.0
6090,38,11,2,8,2,2,107769.0
6631,38,11,2,9,1,1,16.71
1057,38,11,2,12,2,2,2071481.0
2241,38,12,1,2,2,2,173242.0
1670,38,12,1,3,2,2,113575.0
3278,38,12,1,6,2,2,382191.0
4214,38,12,1,7,2,2,39568.0
2702,38,12,1,10,2,2,893.0
3696,38,12,1,11,2,2,610.0
446,38,12,1,12,2,2,710079.0
5642,38,12,2,1,2,2,619442.0
4793,38,12,2,4,2,2,1899863.0
5390,38,12,2,5,2,2,193066.0
6091,38,12,2,8,2,2,114399.0
6632,38,12,2,9,1,1,17.86
1058,38,12,2,12,2,2,2092929.0
2242,38,13,1,2,2,2,169836.0
1671,38,13,1,3,2,2,102619.0
3279,38,13,1,6,2,2,398668.0
4215,38,13,1,7,2,2,42822.0
2703,38,13,1,10,2,2,880.0
3697,38,13,1,11,2,2,785.0
447,38,13,1,12,2,2,715610.0
5643,38,13,2,1,2,2,716757.0
4794,38,13,2,4,2,2,1950459.0
5391,38,13,2,5,2,2,179644.0
6092,38,13,2,8,2,2,120192.0
6633,38,13,2,9,1,1,18.78
1059,38,13,2,12,2,2,2130103.0
2243,38,14,1,2,2,2,164694.0
1672,38,14,1,3,2,2,91518.0
3280,38,14,1,6,2,2,413180.0
4216,38,14,1,7,2,2,50459.0
2704,38,14,1,10,2,2,876.0
3698,38,14,1,11,2,2,936.0
448,38,14,1,12,2,2,721663.0
5644,38,14,2,1,2,2,877491.0
4795,38,14,2,4,2,2,1973040.0
5392,38,14,2,5,2,2,189964.0
6093,38,14,2,8,2,2,128161.0
6634,38,14,2,9,1,1,17.85
1060,38,14,2,12,2,2,2163004.0
2244,39,1,1,2,2,2,2508682.0
1673,39,1,1,3,2,2,4358057.0
3281,39,1,1,6,2,2,7597782.0
4217,39,1,1,7,2,2,181502.0
2705,39,1,1,10,2,2,1614.0
3699,39,1,1,11,2,2,33666.0
449,39,1,1,12,2,2,14681303.0
4796,39,1,2,4,2,2,43494660.0
5393,39,1,2,5,2,2,1638673.0
6094,39,1,2,8,2,2,5432695.0
6635,39,1,2,9,1,1,2.46
1061,39,1,2,12,2,2,45133333.0
2245,39,2,1,2,2,2,2391281.0
1674,39,2,1,3,2,2,3737241.0
3282,39,2,1,6,2,2,8598711.0
4218,39,2,1,7,2,2,192022.0
2706,39,2,1,10,2,2,1708.0
3700,39,2,1,11,2,2,35618.0
450,39,2,1,12,2,2,14956581.0
4797,39,2,2,4,2,2,44381730.0
5394,39,2,2,5,2,2,1599418.0
6095,39,2,2,8,2,2,5877366.0
6636,39,2,2,9,1,1,2.83
1062,39,2,2,12,2,2,45981148.0
2246,39,3,1,2,2,2,2315014.0
1675,39,3,1,3,2,2,3088720.0
3283,39,3,1,6,2,2,9437077.0
4219,39,3,1,7,2,2,251519.0
2707,39,3,1,10,2,2,401.0
3701,39,3,1,11,2,2,624.0
451,39,3,1,12,2,2,15093355.0
4798,39,3,2,4,2,2,45805961.0
5395,39,3,2,5,2,2,1529195.0
6096,39,3,2,8,2,2,6355814.0
6637,39,3,2,9,1,1,3.1
1063,39,3,2,12,2,2,47335156.0
2247,39,4,1,2,2,2,2259830.0
1676,39,4,1,3,2,2,2584277.0
3284,39,4,1,6,2,2,10225788.0
4220,39,4,1,7,2,2,262897.0
2708,39,4,1,10,2,2,365.0
3702,39,4,1,11,2,2,556.0
452,39,4,1,12,2,2,15333713.0
4799,39,4,2,4,2,2,46692271.0
5396,39,4,2,5,2,2,1417336.0
6097,39,4,2,8,2,2,6747718.0
6638,39,4,2,9,1,1,3.4
1064,39,4,2,12,2,2,48109607.0
2248,39,5,1,2,2,2,2236025.0
1677,39,5,1,3,2,2,2197532.0
3285,39,5,1,6,2,2,10821529.0
4221,39,5,1,7,2,2,272985.0
2709,39,5,1,10,2,2,340.0
3703,39,5,1,11,2,2,12189.0
453,39,5,1,12,2,2,15540600.0
4800,39,5,2,4,2,2,46777172.0
5397,39,5,2,5,2,2,1405211.0
6098,39,5,2,8,2,2,7153082.0
6639,39,5,2,9,1,1,4.36
1065,39,5,2,12,2,2,48182383.0
2249,39,6,1,2,2,2,2163086.0
1678,39,6,1,3,2,2,1823827.0
3286,39,6,1,6,2,2,11604260.0
4222,39,6,1,7,2,2,271587.0
2710,39,6,1,10,2,2,324.0
3704,39,6,1,11,2,2,11998.0
454,39,6,1,12,2,2,15875082.0
5645,39,6,2,1,2,2,296368.0
4801,39,6,2,4,2,2,47866327.0
5398,39,6,2,5,2,2,1364253.0
6099,39,6,2,8,2,2,7686335.0
6640,39,6,2,9,1,1,5.43
1066,39,6,2,12,2,2,49230580.0
2250,39,7,1,2,2,2,2065866.0
1679,39,7,1,3,2,2,1498857.0
3287,39,7,1,6,2,2,12326151.0
4223,39,7,1,7,2,2,265512.0
2711,39,7,1,10,2,2,324.0
3705,39,7,1,11,2,2,11088.0
455,39,7,1,12,2,2,16167798.0
4802,39,7,2,4,2,2,48404138.0
5399,39,7,2,5,2,2,1395102.0
6100,39,7,2,8,2,2,8106791.0
6641,39,7,2,9,1,1,6.71
1067,39,7,2,12,2,2,49799240.0
2251,39,8,1,2,2,2,1919716.0
1680,39,8,1,3,2,2,1265768.0
3288,39,8,1,6,2,2,12941610.0
4224,39,8,1,7,2,2,253829.0
2712,39,8,1,10,2,2,324.0
3706,39,8,1,11,2,2,11039.0
456,39,8,1,12,2,2,16392286.0
5646,39,8,2,1,2,2,3505224.0
4803,39,8,2,4,2,2,49432310.0
5400,39,8,2,5,2,2,1523654.0
6101,39,8,2,8,2,2,8365378.0
6642,39,8,2,9,1,1,7.68
1068,39,8,2,12,2,2,50955964.0
2252,39,9,1,2,2,2,1808144.0
1681,39,9,1,3,2,2,1040792.0
3289,39,9,1,6,2,2,13529231.0
4225,39,9,1,7,2,2,266345.0
2713,39,9,1,10,2,2,219.0
3707,39,9,1,11,2,2,12384.0
457,39,9,1,12,2,2,16657115.0
5647,39,9,2,1,2,2,4820387.0
4804,39,9,2,4,2,2,50697519.0
5401,39,9,2,5,2,2,1301529.0
6102,39,9,2,8,2,2,9428035.0
6643,39,9,2,9,1,1,8.78
1069,39,9,2,12,2,2,51999048.0
2253,39,10,1,2,2,2,1712809.0
1682,39,10,1,3,2,2,839604.0
3290,39,10,1,6,2,2,14065963.0
4226,39,10,1,7,2,2,298040.0
2714,39,10,1,10,2,2,192.0
3708,39,10,1,11,2,2,12594.0
458,39,10,1,12,2,2,16929202.0
5648,39,10,2,1,2,2,8128347.0
4805,39,10,2,4,2,2,51600979.0
5402,39,10,2,5,2,2,1099137.0
6103,39,10,2,8,2,2,9927536.0
6644,39,10,2,9,1,1,10.21
1070,39,10,2,12,2,2,52700116.0
2254,39,11,1,2,2,2,1576894.0
1683,39,11,1,3,2,2,662980.0
3291,39,11,1,6,2,2,14553585.0
4227,39,11,1,7,2,2,521381.0
2715,39,11,1,10,2,2,194.0
3709,39,11,1,11,2,2,11290.0
459,39,11,1,12,2,2,17326324.0
5649,39,11,2,1,2,2,10615955.0
4806,39,11,2,4,2,2,52585580.0
5403,39,11,2,5,2,2,933312.0
6104,39,11,2,8,2,2,10784454.0
6645,39,11,2,9,1,1,11.44
1071,39,11,2,12,2,2,53518892.0
2255,39,12,1,2,2,2,1494628.0
1684,39,12,1,3,2,2,488113.0
3292,39,12,1,6,2,2,15299344.0
4228,39,12,1,7,2,2,533936.0
2716,39,12,1,10,2,2,519.0
3710,39,12,1,11,2,2,13667.0
460,39,12,1,12,2,2,17830207.0
5650,39,12,2,1,2,2,13998725.0
4807,39,12,2,4,2,2,53650032.0
5404,39,12,2,5,2,2,862231.0
6105,39,12,2,8,2,2,11498946.0
6646,39,12,2,9,1,1,12.57
1072,39,12,2,12,2,2,54512263.0
2256,39,13,1,2,2,2,1362205.0
1685,39,13,1,3,2,2,199468.0
3293,39,13,1,6,2,2,16244363.0
4229,39,13,1,7,2,2,583771.0
2717,39,13,1,10,2,2,197.0
3711,39,13,1,11,2,2,14824.0
461,39,13,1,12,2,2,18404828.0
5651,39,13,2,1,2,2,17608274.0
4808,39,13,2,4,2,2,54039128.0
5405,39,13,2,5,2,2,761717.0
6106,39,13,2,8,2,2,12305838.0
6647,39,13,2,9,1,1,12.97
1073,39,13,2,12,2,2,54800845.0
2257,39,14,1,2,2,2,1300490.0
1686,39,14,1,3,2,2,89190.0
3294,39,14,1,6,2,2,16982911.0
4230,39,14,1,7,2,2,634546.0
2718,39,14,1,10,2,2,265.0
3712,39,14,1,11,2,2,15363.0
462,39,14,1,12,2,2,19022765.0
5652,39,14,2,1,2,2,19990304.0
4809,39,14,2,4,2,2,55072886.0
5406,39,14,2,5,2,2,717749.0
6107,39,14,2,8,2,2,13607399.0
6648,39,14,2,9,1,1,13.48
1074,39,14,2,12,2,2,55790635.0
2258,40,1,1,2,2,2,676894.0
1687,40,1,1,3,2,2,697912.0
3295,40,1,1,6,2,2,2510254.0
4231,40,1,1,7,2,2,9789.0
2719,40,1,1,10,2,2,7537.0
3713,40,1,1,11,2,2,223.0
463,40,1,1,12,2,2,3902609.0
4810,40,1,2,4,2,2,10551877.0
5407,40,1,2,5,2,2,1716007.0
6108,40,1,2,8,2,2,12580516.0
6649,40,1,2,9,1,1,6.88
1075,40,1,2,12,2,2,12267884.0
2259,40,2,1,2,2,2,675240.0
1688,40,2,1,3,2,2,623914.0
3296,40,2,1,6,2,2,2660081.0
4232,40,2,1,7,2,2,6685.0
2720,40,2,1,10,2,2,7288.0
3714,40,2,1,11,2,2,414.0
464,40,2,1,12,2,2,3973622.0
4811,40,2,2,4,2,2,10990973.0
5408,40,2,2,5,2,2,1669802.0
6109,40,2,2,8,2,2,12856437.0
6650,40,2,2,9,1,1,7.32
1076,40,2,2,12,2,2,12660775.0
2260,40,3,1,2,2,2,671238.0
1689,40,3,1,3,2,2,555181.0
3297,40,3,1,6,2,2,2754168.0
4233,40,3,1,7,2,2,6673.0
2721,40,3,1,10,2,2,6991.0
3715,40,3,1,11,2,2,224.0
465,40,3,1,12,2,2,3994475.0
4812,40,3,2,4,2,2,11046790.0
5409,40,3,2,5,2,2,1624303.0
6110,40,3,2,8,2,2,14306776.0
6651,40,3,2,9,1,1,8.15
1077,40,3,2,12,2,2,12671093.0
2261,40,4,1,2,2,2,666521.0
1690,40,4,1,3,2,2,482746.0
3298,40,4,1,6,2,2,2875066.0
4234,40,4,1,7,2,2,6687.0
2722,40,4,1,10,2,2,7335.0
3716,40,4,1,11,2,2,370.0
466,40,4,1,12,2,2,4038725.0
5653,40,4,2,1,2,2,219843.0
4813,40,4,2,4,2,2,11372733.0
5410,40,4,2,5,2,2,1552533.0
6111,40,4,2,8,2,2,15005468.0
6652,40,4,2,9,1,1,8.94
1078,40,4,2,12,2,2,12925266.0
2262,40,5,1,2,2,2,666248.0
1691,40,5,1,3,2,2,427465.0
3299,40,5,1,6,2,2,2994548.0
4235,40,5,1,7,2,2,6172.0
2723,40,5,1,10,2,2,6335.0
3717,40,5,1,11,2,2,310.0
467,40,5,1,12,2,2,4101078.0
4814,40,5,2,4,2,2,11573176.0
5411,40,5,2,5,2,2,1496053.0
6112,40,5,2,8,2,2,15879259.0
6653,40,5,2,9,1,1,10.38
1079,40,5,2,12,2,2,13069229.0
2263,40,6,1,2,2,2,672978.0
1692,40,6,1,3,2,2,355525.0
3300,40,6,1,6,2,2,3136207.0
4236,40,6,1,7,2,2,7738.0
2724,40,6,1,10,2,2,6976.0
3718,40,6,1,11,2,2,150.0
468,40,6,1,12,2,2,4179574.0
5654,40,6,2,1,2,2,468836.0
4815,40,6,2,4,2,2,11544191.0
5412,40,6,2,5,2,2,1483319.0
6113,40,6,2,8,2,2,16874265.0
6654,40,6,2,9,1,1,11.99
1080,40,6,2,12,2,2,13027510.0
2264,40,7,1,2,2,2,695820.0
1693,40,7,1,3,2,2,293143.0
3301,40,7,1,6,2,2,3192297.0
4237,40,7,1,7,2,2,7719.0
2725,40,7,1,10,2,2,6694.0
3719,40,7,1,11,2,2,150.0
469,40,7,1,12,2,2,4195823.0
4816,40,7,2,4,2,2,11689091.0
5413,40,7,2,5,2,2,1481109.0
6114,40,7,2,8,2,2,18175929.0
6655,40,7,2,9,1,1,13.74
1081,40,7,2,12,2,2,13170200.0
2265,40,8,1,2,2,2,689286.0
1694,40,8,1,3,2,2,231108.0
3302,40,8,1,6,2,2,3319466.0
4238,40,8,1,7,2,2,7282.0
2726,40,8,1,10,2,2,6124.0
3720,40,8,1,11,2,2,176.0
470,40,8,1,12,2,2,4253442.0
5655,40,8,2,1,2,2,1089205.0
4817,40,8,2,4,2,2,11830683.0
5414,40,8,2,5,2,2,1423035.0
6115,40,8,2,8,2,2,19899663.0
6656,40,8,2,9,1,1,15.27
1082,40,8,2,12,2,2,13253718.0
2266,40,9,1,2,2,2,683115.0
1695,40,9,1,3,2,2,173803.0
3303,40,9,1,6,2,2,3391071.0
4239,40,9,1,7,2,2,8011.0
2727,40,9,1,10,2,2,6146.0
3721,40,9,1,11,2,2,176.0
471,40,9,1,12,2,2,4262322.0
5656,40,9,2,1,2,2,1394334.0
4818,40,9,2,4,2,2,12061906.0
5415,40,9,2,5,2,2,1474210.0
6116,40,9,2,8,2,2,21767894.0
6657,40,9,2,9,1,1,16.77
1083,40,9,2,12,2,2,13536116.0
2267,40,10,1,2,2,2,674352.0
1696,40,10,1,3,2,2,110285.0
3304,40,10,1,6,2,2,3459134.0
4240,40,10,1,7,2,2,7735.0
2728,40,10,1,10,2,2,6569.0
3722,40,10,1,11,2,2,761.0
472,40,10,1,12,2,2,4258836.0
5657,40,10,2,1,2,2,2126451.0
4819,40,10,2,4,2,2,12445297.0
5416,40,10,2,5,2,2,1518394.0
6117,40,10,2,8,2,2,23232360.0
6658,40,10,2,9,1,1,18.84
1084,40,10,2,12,2,2,13963691.0
2268,40,11,1,2,2,2,674322.0
1697,40,11,1,3,2,2,74367.0
3305,40,11,1,6,2,2,3459464.0
4241,40,11,1,7,2,2,8074.0
2729,40,11,1,10,2,2,6604.0
3723,40,11,1,11,2,2,1183.0
473,40,11,1,12,2,2,4224014.0
5658,40,11,2,1,2,2,3390542.0
4820,40,11,2,4,2,2,12504040.0
5417,40,11,2,5,2,2,1525813.0
6118,40,11,2,8,2,2,24970501.0
6659,40,11,2,9,1,1,21.45
1085,40,11,2,12,2,2,14029853.0
2269,40,12,1,2,2,2,671787.0
1698,40,12,1,3,2,2,52910.0
3306,40,12,1,6,2,2,3556937.0
4242,40,12,1,7,2,2,296500.0
2730,40,12,1,10,2,2,6546.0
3724,40,12,1,11,2,2,1579.0
474,40,12,1,12,2,2,4586259.0
5659,40,12,2,1,2,2,4186054.0
4821,40,12,2,4,2,2,12548395.0
5418,40,12,2,5,2,2,1126529.0
6119,40,12,2,8,2,2,26695179.0
6660,40,12,2,9,1,1,22.49
1086,40,12,2,12,2,2,13674924.0
2270,40,13,1,2,2,2,665091.0
1699,40,13,1,3,2,2,37780.0
3307,40,13,1,6,2,2,3571855.0
4243,40,13,1,7,2,2,310604.0
2731,40,13,1,10,2,2,6771.0
3725,40,13,1,11,2,2,2697.0
475,40,13,1,12,2,2,4594798.0
5660,40,13,2,1,2,2,5293402.0
4822,40,13,2,4,2,2,12636051.0
5419,40,13,2,5,2,2,1131805.0
6120,40,13,2,8,2,2,28341444.0
6661,40,13,2,9,1,1,25.81
1087,40,13,2,12,2,2,13767856.0
2271,40,14,1,2,2,2,663462.0
1700,40,14,1,3,2,2,24128.0
3308,40,14,1,6,2,2,3600104.0
4244,40,14,1,7,2,2,356239.0
2732,40,14,1,10,2,2,6711.0
3726,40,14,1,11,2,2,3964.0
476,40,14,1,12,2,2,4654608.0
5661,40,14,2,1,2,2,6414935.0
4823,40,14,2,4,2,2,12714043.0
5420,40,14,2,5,2,2,1141205.0
6121,40,14,2,8,2,2,29364019.0
6662,40,14,2,9,1,1,29.44
1088,40,14,2,12,2,2,13855248.0
2272,41,1,1,2,2,2,1194914.0
1701,41,1,1,3,2,2,2040021.0
3309,41,1,1,6,2,2,657299.0
4245,41,1,1,7,2,2,203.0
2733,41,1,1,10,2,2,53605.0
3727,41,1,1,11,2,2,1435.0
477,41,1,1,12,2,2,3947477.0
4824,41,1,2,4,2,2,7541267.0
5421,41,1,2,5,2,2,734815.0
6122,41,1,2,8,2,2,846811.0
6663,41,1,2,9,1,1,5.63
1089,41,1,2,12,2,2,8276082.0
2273,41,2,1,2,2,2,1131234.0
1702,41,2,1,3,2,2,2020790.0
3310,41,2,1,6,2,2,720289.0
4246,41,2,1,7,2,2,199.0
2734,41,2,1,10,2,2,54383.0
3728,41,2,1,11,2,2,1675.0
478,41,2,1,12,2,2,3928570.0
4825,41,2,2,4,2,2,7772787.0
5422,41,2,2,5,2,2,706140.0
6123,41,2,2,8,2,2,1059928.0
6664,41,2,2,9,1,1,6.91
1090,41,2,2,12,2,2,8478927.0
2274,41,3,1,2,2,2,1129073.0
1703,41,3,1,3,2,2,2031069.0
3311,41,3,1,6,2,2,782641.0
4247,41,3,1,7,2,2,176.0
2735,41,3,1,10,2,2,66970.0
3729,41,3,1,11,2,2,1530.0
479,41,3,1,12,2,2,4011459.0
4826,41,3,2,4,2,2,7942569.0
5423,41,3,2,5,2,2,611019.0
6124,41,3,2,8,2,2,1256992.0
6665,41,3,2,9,1,1,8.2
1091,41,3,2,12,2,2,8553588.0
2275,41,4,1,2,2,2,1126912.0
1704,41,4,1,3,2,2,2041347.0
3312,41,4,1,6,2,2,844993.0
4248,41,4,1,7,2,2,152.0
2736,41,4,1,10,2,2,79556.0
3730,41,4,1,11,2,2,1386.0
480,41,4,1,12,2,2,4094346.0
4827,41,4,2,4,2,2,8112350.0
5424,41,4,2,5,2,2,515898.0
6125,41,4,2,8,2,2,1454056.0
6666,41,4,2,9,1,1,9.44
1092,41,4,2,12,2,2,8628248.0
2276,41,5,1,2,2,2,1091404.0
1705,41,5,1,3,2,2,2035436.0
3313,41,5,1,6,2,2,885115.0
4249,41,5,1,7,2,2,81.0
2737,41,5,1,10,2,2,82722.0
3731,41,5,1,11,2,2,1453.0
481,41,5,1,12,2,2,4096211.0
4828,41,5,2,4,2,2,8088416.0
5425,41,5,2,5,2,2,611471.0
6126,41,5,2,8,2,2,1606028.0
6667,41,5,2,9,1,1,10.9
1093,41,5,2,12,2,2,8699887.0
2277,41,6,1,2,2,2,1055896.0
1706,41,6,1,3,2,2,2029525.0
3314,41,6,1,6,2,2,925236.0
4250,41,6,1,7,2,2,9.0
2738,41,6,1,10,2,2,85887.0
3732,41,6,1,11,2,2,1519.0
482,41,6,1,12,2,2,4098072.0
4829,41,6,2,4,2,2,8064483.0
5426,41,6,2,5,2,2,707043.0
6127,41,6,2,8,2,2,1758000.0
6668,41,6,2,9,1,1,12.34
1094,41,6,2,12,2,2,8771526.0
2278,41,7,1,2,2,2,1056284.0
1707,41,7,1,3,2,2,2032281.0
3315,41,7,1,6,2,2,1001151.0
4251,41,7,1,7,2,2,5.0
2739,41,7,1,10,2,2,86752.0
3733,41,7,1,11,2,2,1597.0
483,41,7,1,12,2,2,4178070.0
4830,41,7,2,4,2,2,8054115.0
5427,41,7,2,5,2,2,723364.0
6128,41,7,2,8,2,2,1890242.0
6669,41,7,2,9,1,1,13.81
1095,41,7,2,12,2,2,8777479.0
2279,41,8,1,2,2,2,1056672.0
1708,41,8,1,3,2,2,2035036.0
3316,41,8,1,6,2,2,1077066.0
2740,41,8,1,10,2,2,87616.0
3734,41,8,1,11,2,2,1674.0
484,41,8,1,12,2,2,4258064.0
4831,41,8,2,4,2,2,8043747.0
5428,41,8,2,5,2,2,739684.0
6129,41,8,2,8,2,2,2022484.0
6670,41,8,2,9,1,1,15.27
1096,41,8,2,12,2,2,8783431.0
2280,41,9,1,2,2,2,1043923.0
1709,41,9,1,3,2,2,1977985.0
3317,41,9,1,6,2,2,1111026.0
4252,41,9,1,7,2,2,3.0
2741,41,9,1,10,2,2,65038.0
3735,41,9,1,11,2,2,1104.0
485,41,9,1,12,2,2,4199079.0
4832,41,9,2,4,2,2,8176990.0
5429,41,9,2,5,2,2,787473.0
6130,41,9,2,8,2,2,2574265.0
6671,41,9,2,9,1,1,16.54
1097,41,9,2,12,2,2,8964463.0
2281,41,10,1,2,2,2,1032594.0
1710,41,10,1,3,2,2,1920934.0
3318,41,10,1,6,2,2,1219257.0
4253,41,10,1,7,2,2,6.0
2742,41,10,1,10,2,2,46394.0
3736,41,10,1,11,2,2,1240.0
486,41,10,1,12,2,2,4220425.0
4833,41,10,2,4,2,2,8310233.0
5430,41,10,2,5,2,2,835262.0
6131,41,10,2,8,2,2,3126045.0
6672,41,10,2,9,1,1,17.78
1098,41,10,2,12,2,2,9145495.0
2282,41,11,1,2,2,2,1026093.0
1711,41,11,1,3,2,2,1863883.0
3319,41,11,1,6,2,2,1188159.0
2743,41,11,1,10,2,2,42459.0
3737,41,11,1,11,2,2,533.0
487,41,11,1,12,2,2,4121127.0
4834,41,11,2,4,2,2,8533895.0
5431,41,11,2,5,2,2,835262.0
6132,41,11,2,8,2,2,3313423.0
6673,41,11,2,9,1,1,18.73
1099,41,11,2,12,2,2,9369157.0
2283,41,12,1,2,2,2,1030309.0
1712,41,12,1,3,2,2,1789240.0
3320,41,12,1,6,2,2,1327748.0
2744,41,12,1,10,2,2,22320.0
3738,41,12,1,11,2,2,2169.0
488,41,12,1,12,2,2,4171786.0
4835,41,12,2,4,2,2,8744915.0
5432,41,12,2,5,2,2,948868.0
6133,41,12,2,8,2,2,4611307.0
6674,41,12,2,9,1,1,19.0
1100,41,12,2,12,2,2,9693783.0
2284,41,13,1,2,2,2,1028252.0
1713,41,13,1,3,2,2,1723393.0
3321,41,13,1,6,2,2,1381994.0
2745,41,13,1,10,2,2,32356.0
3739,41,13,1,11,2,2,2035.0
489,41,13,1,12,2,2,4168030.0
4836,41,13,2,4,2,2,8962727.0
5433,41,13,2,5,2,2,948868.0
6134,41,13,2,8,2,2,5353938.0
6675,41,13,2,9,1,1,19.43
1101,41,13,2,12,2,2,9911595.0
2285,41,14,1,2,2,2,995442.0
1714,41,14,1,3,2,2,1684949.0
3322,41,14,1,6,2,2,1473755.0
2746,41,14,1,10,2,2,24547.0
3740,41,14,1,11,2,2,4289.0
490,41,14,1,12,2,2,4182982.0
4837,41,14,2,4,2,2,9044491.0
5434,41,14,2,5,2,2,891574.0
6135,41,14,2,8,2,2,5269310.0
6676,41,14,2,9,1,1,20.54
1102,41,14,2,12,2,2,9936065.0
605,42,2,1,12,2,2,9189000.0
4952,42,2,2,4,2,2,58054000.0
6774,42,2,2,9,1,1,11.2
1217,42,2,2,12,2,2,58054000.0
606,42,4,1,12,2,2,10108819.0
4953,42,4,2,4,2,2,60348000.0
6775,42,4,2,9,1,1,17.84
1218,42,4,2,12,2,2,60348000.0
607,42,6,1,12,2,2,11478265.0
4954,42,6,2,4,2,2,63060000.0
6776,42,6,2,9,1,1,19.78
1219,42,6,2,12,2,2,63060000.0
608,42,8,1,12,2,2,12420940.0
4955,42,8,2,4,2,2,80145000.0
6224,42,8,2,8,2,2,735000.0
6777,42,8,2,9,1,1,23.4
1220,42,8,2,12,2,2,80145000.0
609,42,10,1,12,2,2,12562708.0
4956,42,10,2,4,2,2,83104158.0
5515,42,10,2,5,2,2,1564844.0
6225,42,10,2,8,2,2,787170.0
6778,42,10,2,9,1,1,24.92
1221,42,10,2,12,2,2,84669002.0
610,42,12,1,12,2,2,10403267.0
4957,42,12,2,4,2,2,75790578.0
5516,42,12,2,5,2,2,1875557.0
6226,42,12,2,8,2,2,926380.0
6779,42,12,2,9,1,1,27.19
1222,42,12,2,12,2,2,77666135.0
611,42,13,1,12,2,2,10488767.0
4958,42,13,2,4,2,2,77706514.0
1223,42,13,2,12,2,2,77706514.0
612,42,14,1,12,2,2,10669252.0
4959,42,14,2,4,2,2,75118205.0
5517,42,14,2,5,2,2,2800089.0
6227,42,14,2,8,2,2,1027000.0
6780,42,14,2,9,1,1,29.51
1224,42,14,2,12,2,2,77918294.0
2286,43,1,1,2,2,2,858475.0
1715,43,1,1,3,2,2,9090914.0
3323,43,1,1,6,2,2,2571264.0
2747,43,1,1,10,2,2,125410.0
3741,43,1,1,11,2,2,12240.0
491,43,1,1,12,2,2,12658303.0
4838,43,1,2,4,2,2,58358956.0
5435,43,1,2,5,2,2,743173.0
6136,43,1,2,8,2,2,4900000.0
1103,43,1,2,12,2,2,59102129.0
2287,43,2,1,2,2,2,932121.0
1716,43,2,1,3,2,2,9491634.0
3324,43,2,1,6,2,2,2800557.0
2748,43,2,1,10,2,2,172068.0
3742,43,2,1,11,2,2,10846.0
492,43,2,1,12,2,2,13407226.0
4839,43,2,2,4,2,2,60436864.0
5436,43,2,2,5,2,2,655999.0
6137,43,2,2,8,2,2,5209371.0
6677,43,2,2,9,1,1,4.43
1104,43,2,2,12,2,2,61092863.0
2288,43,3,1,2,2,2,982493.0
1717,43,3,1,3,2,2,9578335.0
3325,43,3,1,6,2,2,2962527.0
2749,43,3,1,10,2,2,223871.0
3743,43,3,1,11,2,2,11431.0
493,43,3,1,12,2,2,13758657.0
4840,43,3,2,4,2,2,60802355.0
5437,43,3,2,5,2,2,691140.0
6138,43,3,2,8,2,2,5495118.0
6678,43,3,2,9,1,1,5.25
1105,43,3,2,12,2,2,61493495.0
2289,43,4,1,2,2,2,1084446.0
1718,43,4,1,3,2,2,9662248.0
3326,43,4,1,6,2,2,3213298.0
2750,43,4,1,10,2,2,260401.0
3744,43,4,1,11,2,2,11585.0
494,43,4,1,12,2,2,14231978.0
4841,43,4,2,4,2,2,61684363.0
5438,43,4,2,5,2,2,723354.0
6139,43,4,2,8,2,2,5861438.0
6679,43,4,2,9,1,1,6.07
1106,43,4,2,12,2,2,62407717.0
2290,43,5,1,2,2,2,1178400.0
1719,43,5,1,3,2,2,10253505.0
3327,43,5,1,6,2,2,3523211.0
2751,43,5,1,10,2,2,305936.0
3745,43,5,1,11,2,2,12285.0
495,43,5,1,12,2,2,15273337.0
4842,43,5,2,4,2,2,62596692.0
5439,43,5,2,5,2,2,492903.0
6140,43,5,2,8,2,2,5916386.0
6680,43,5,2,9,1,1,8.18
1107,43,5,2,12,2,2,63089595.0
2291,43,6,1,2,2,2,1298340.0
1720,43,6,1,3,2,2,11036313.0
3328,43,6,1,6,2,2,4005880.0
2752,43,6,1,10,2,2,380766.0
3746,43,6,1,11,2,2,13554.0
496,43,6,1,12,2,2,16734853.0
4843,43,6,2,4,2,2,65139424.0
5440,43,6,2,5,2,2,490313.0
6141,43,6,2,8,2,2,6380454.0
6681,43,6,2,9,1,1,8.92
1108,43,6,2,12,2,2,65629737.0
2292,43,7,1,2,2,2,1338593.0
1721,43,7,1,3,2,2,11266986.0
3329,43,7,1,6,2,2,4322543.0
2753,43,7,1,10,2,2,420546.0
3747,43,7,1,11,2,2,14396.0
497,43,7,1,12,2,2,17363064.0
4844,43,7,2,4,2,2,67857214.0
5441,43,7,2,5,2,2,459953.0
6142,43,7,2,8,2,2,7005801.0
6682,43,7,2,9,1,1,10.27
1109,43,7,2,12,2,2,68317167.0
2293,43,8,1,2,2,2,1373647.0
1722,43,8,1,3,2,2,11386117.0
3330,43,8,1,6,2,2,4840908.0
2754,43,8,1,10,2,2,519968.0
3748,43,8,1,11,2,2,15096.0
498,43,8,1,12,2,2,18135736.0
4845,43,8,2,4,2,2,69581807.0
5442,43,8,2,5,2,2,447196.0
6143,43,8,2,8,2,2,7444802.0
6683,43,8,2,9,1,1,10.81
1110,43,8,2,12,2,2,70029003.0
2294,43,9,1,2,2,2,1387448.0
1723,43,9,1,3,2,2,11265537.0
3331,43,9,1,6,2,2,5205441.0
2755,43,9,1,10,2,2,633329.0
3749,43,9,1,11,2,2,15772.0
499,43,9,1,12,2,2,18507527.0
4846,43,9,2,4,2,2,70456341.0
5443,43,9,2,5,2,2,547646.0
6144,43,9,2,8,2,2,7798970.0
6684,43,9,2,9,1,1,12.73
1111,43,9,2,12,2,2,71003987.0
2295,43,10,1,2,2,2,1419362.0
1724,43,10,1,3,2,2,11171402.0
3332,43,10,1,6,2,2,5702865.0
2756,43,10,1,10,2,2,689319.0
3750,43,10,1,11,2,2,15855.0
500,43,10,1,12,2,2,18998803.0
4847,43,10,2,4,2,2,70944563.0
5444,43,10,2,5,2,2,706493.0
6145,43,10,2,8,2,2,8090447.0
6685,43,10,2,9,1,1,13.99
1112,43,10,2,12,2,2,71651056.0
2296,43,11,1,2,2,2,1445530.0
1725,43,11,1,3,2,2,10873970.0
3333,43,11,1,6,2,2,6300028.0
2757,43,11,1,10,2,2,577693.0
3751,43,11,1,11,2,2,15614.0
501,43,11,1,12,2,2,19212835.0
4848,43,11,2,4,2,2,73153793.0
5445,43,11,2,5,2,2,699805.0
6146,43,11,2,8,2,2,8495310.0
6686,43,11,2,9,1,1,15.42
1113,43,11,2,12,2,2,73853598.0
2297,43,12,1,2,2,2,1464420.0
1726,43,12,1,3,2,2,10816291.0
3334,43,12,1,6,2,2,6753379.0
2758,43,12,1,10,2,2,550281.0
3752,43,12,1,11,2,2,15859.0
502,43,12,1,12,2,2,19600230.0
4849,43,12,2,4,2,2,73046184.0
5446,43,12,2,5,2,2,669193.0
6147,43,12,2,8,2,2,9332867.0
6687,43,12,2,9,1,1,16.56
1114,43,12,2,12,2,2,73715377.0
2298,43,13,1,2,2,2,1442177.0
1727,43,13,1,3,2,2,10457209.0
3335,43,13,1,6,2,2,7335127.0
2759,43,13,1,10,2,2,665460.0
3753,43,13,1,11,2,2,15773.0
503,43,13,1,12,2,2,19915746.0
4850,43,13,2,4,2,2,74865156.0
5447,43,13,2,5,2,2,747220.0
6148,43,13,2,8,2,2,9684474.0
6688,43,13,2,9,1,1,17.55
1115,43,13,2,12,2,2,75612376.0
2299,43,14,1,2,2,2,1471221.0
1728,43,14,1,3,2,2,10124256.0
3336,43,14,1,6,2,2,8072629.0
2760,43,14,1,10,2,2,812565.0
3754,43,14,1,11,2,2,15959.0
504,43,14,1,12,2,2,20496630.0
4851,43,14,2,4,2,2,75180553.0
5448,43,14,2,5,2,2,706492.0
6149,43,14,2,8,2,2,10394461.0
6689,43,14,2,9,1,1,17.5
1116,43,14,2,12,2,2,75887045.0
2300,44,1,1,2,2,2,5172941.0
1729,44,1,1,3,2,2,20764576.0
3337,44,1,1,6,2,2,399964.0
3755,44,1,1,11,2,2,30471.0
505,44,1,1,12,2,2,26367952.0
4852,44,1,2,4,2,2,60255757.0
5449,44,1,2,5,2,2,4809512.0
6150,44,1,2,8,2,2,7932051.0
1117,44,1,2,12,2,2,65065269.0
2301,44,2,1,2,2,2,5225155.0
1730,44,2,1,3,2,2,20820623.0
3338,44,2,1,6,2,2,519667.0
3756,44,2,1,11,2,2,30525.0
506,44,2,1,12,2,2,26595970.0
4853,44,2,2,4,2,2,61652269.0
5450,44,2,2,5,2,2,4508111.0
6151,44,2,2,8,2,2,8064703.0
6690,44,2,2,9,1,1,3.36
1118,44,2,2,12,2,2,66160380.0
2302,44,3,1,2,2,2,5273391.0
1731,44,3,1,3,2,2,20814218.0
3339,44,3,1,6,2,2,641890.0
3757,44,3,1,11,2,2,26400.0
507,44,3,1,12,2,2,26755899.0
4854,44,3,2,4,2,2,62717335.0
5451,44,3,2,5,2,2,4459752.0
6152,44,3,2,8,2,2,8986583.0
1119,44,3,2,12,2,2,67177087.0
2303,44,4,1,2,2,2,5080143.0
1732,44,4,1,3,2,2,20823826.0
3340,44,4,1,6,2,2,975448.0
3758,44,4,1,11,2,2,28329.0
508,44,4,1,12,2,2,26907746.0
4855,44,4,2,4,2,2,63026424.0
5452,44,4,2,5,2,2,4500456.0
6153,44,4,2,8,2,2,19274484.0
6691,44,4,2,9,1,1,4.2
1120,44,4,2,12,2,2,67526880.0
2304,44,5,1,2,2,2,5145132.0
1733,44,5,1,3,2,2,20810651.0
3341,44,5,1,6,2,2,1109558.0
3759,44,5,1,11,2,2,27858.0
509,44,5,1,12,2,2,27093199.0
4856,44,5,2,4,2,2,60837233.0
5453,44,5,2,5,2,2,4734645.0
6154,44,5,2,8,2,2,20019544.0
6692,44,5,2,9,1,1,5.29
1121,44,5,2,12,2,2,65571878.0
2305,44,6,1,2,2,2,5267841.0
1734,44,6,1,3,2,2,20749597.0
3342,44,6,1,6,2,2,1357596.0
3760,44,6,1,11,2,2,27235.0
510,44,6,1,12,2,2,27402269.0
4857,44,6,2,4,2,2,64016490.0
5454,44,6,2,5,2,2,4794276.0
6155,44,6,2,8,2,2,20872223.0
6693,44,6,2,9,1,1,5.58
1122,44,6,2,12,2,2,68810766.0
2306,44,7,1,2,2,2,5393111.0
1735,44,7,1,3,2,2,20485113.0
3343,44,7,1,6,2,2,1654024.0
4254,44,7,1,7,2,2,1950.0
3761,44,7,1,11,2,2,10376.0
511,44,7,1,12,2,2,27544574.0
4858,44,7,2,4,2,2,66158804.0
5455,44,7,2,5,2,2,5122559.0
6156,44,7,2,8,2,2,21605915.0
6694,44,7,2,9,1,1,6.57
1123,44,7,2,12,2,2,71281363.0
2307,44,8,1,2,2,2,5403295.0
1736,44,8,1,3,2,2,20134127.0
3344,44,8,1,6,2,2,2155982.0
4255,44,8,1,7,2,2,52071.0
3762,44,8,1,11,2,2,9557.0
512,44,8,1,12,2,2,27755032.0
4859,44,8,2,4,2,2,68285742.0
5456,44,8,2,5,2,2,5001825.0
6157,44,8,2,8,2,2,23382317.0
6695,44,8,2,9,1,1,6.91
1124,44,8,2,12,2,2,73287567.0
2308,44,9,1,2,2,2,5398967.0
1737,44,9,1,3,2,2,19565447.0
3345,44,9,1,6,2,2,2903921.0
4256,44,9,1,7,2,2,215180.0
3763,44,9,1,11,2,2,8440.0
513,44,9,1,12,2,2,28091955.0
4860,44,9,2,4,2,2,68515646.0
5457,44,9,2,5,2,2,4973160.0
6158,44,9,2,8,2,2,24296290.0
6696,44,9,2,9,1,1,7.78
1125,44,9,2,12,2,2,73488806.0
2309,44,10,1,2,2,2,5439859.0
1738,44,10,1,3,2,2,18808847.0
3346,44,10,1,6,2,2,3695401.0
4257,44,10,1,7,2,2,197910.0
3764,44,10,1,11,2,2,7453.0
514,44,10,1,12,2,2,28149470.0
4861,44,10,2,4,2,2,70428865.0
5458,44,10,2,5,2,2,4962198.0
6159,44,10,2,8,2,2,24954986.0
6697,44,10,2,9,1,1,8.7
1126,44,10,2,12,2,2,75391063.0
2310,44,11,1,2,2,2,5418968.0
1739,44,11,1,3,2,2,17827658.0
3347,44,11,1,6,2,2,4675053.0
4258,44,11,1,7,2,2,412635.0
3765,44,11,1,11,2,2,6192.0
515,44,11,1,12,2,2,28340506.0
4862,44,11,2,4,2,2,72503702.0
5459,44,11,2,5,2,2,4918877.0
6160,44,11,2,8,2,2,25806420.0
6698,44,11,2,9,1,1,10.04
1127,44,11,2,12,2,2,77422579.0
2311,44,12,1,2,2,2,5533267.0
1740,44,12,1,3,2,2,16792114.0
3348,44,12,1,6,2,2,5650436.0
4259,44,12,1,7,2,2,483456.0
3766,44,12,1,11,2,2,1038.0
516,44,12,1,12,2,2,28460311.0
4863,44,12,2,4,2,2,74436011.0
5460,44,12,2,5,2,2,4817585.0
6161,44,12,2,8,2,2,26939114.0
6699,44,12,2,9,1,1,10.38
1128,44,12,2,12,2,2,79253596.0
2312,44,13,1,2,2,2,5327078.0
1741,44,13,1,3,2,2,15689215.0
3349,44,13,1,6,2,2,7430037.0
4260,44,13,1,7,2,2,538203.0
3767,44,13,1,11,2,2,85577.0
517,44,13,1,12,2,2,29070110.0
4864,44,13,2,4,2,2,75374970.0
5461,44,13,2,5,2,2,4613559.0
6162,44,13,2,8,2,2,27362230.0
6700,44,13,2,9,1,1,10.94
1129,44,13,2,12,2,2,79988529.0
2313,44,14,1,2,2,2,5268969.0
1742,44,14,1,3,2,2,14381758.0
3350,44,14,1,6,2,2,8900522.0
4261,44,14,1,7,2,2,604592.0
3768,44,14,1,11,2,2,100779.0
518,44,14,1,12,2,2,29256620.0
4865,44,14,2,4,2,2,76538020.0
5462,44,14,2,5,2,2,4785973.0
6163,44,14,2,8,2,2,27546769.0
6701,44,14,2,9,1,1,11.06
1130,44,14,2,12,2,2,81323993.0
2314,45,1,1,2,2,2,67163000.0
1743,45,1,1,3,2,2,23100000.0
3351,45,1,1,6,2,2,14981000.0
4262,45,1,1,7,2,2,1413000.0
2761,45,1,1,10,2,2,610000.0
3769,45,1,1,11,2,2,1939000.0
519,45,1,1,12,2,2,109206000.0
4866,45,1,2,4,2,2,445287000.0
6164,45,1,2,8,2,2,102788120.0
1131,45,1,2,12,2,2,445287000.0
2315,45,2,1,2,2,2,68857000.0
1744,45,2,1,3,2,2,21952000.0
3352,45,2,1,6,2,2,16021000.0
4263,45,2,1,7,2,2,1464000.0
2762,45,2,1,10,2,2,600000.0
3770,45,2,1,11,2,2,1971000.0
520,45,2,1,12,2,2,110865000.0
4867,45,2,2,4,2,2,473663101.0
6165,45,2,2,8,2,2,103876000.0
6702,45,2,2,9,1,1,5.39
1132,45,2,2,12,2,2,473663101.0
2316,45,3,1,2,2,2,70771000.0
1745,45,3,1,3,2,2,20436000.0
3353,45,3,1,6,2,2,17408000.0
4264,45,3,1,7,2,2,1567000.0
2763,45,3,1,10,2,2,515000.0
3771,45,3,1,11,2,2,1984000.0
521,45,3,1,12,2,2,112681000.0
5662,45,3,2,1,2,2,38000.0
4868,45,3,2,4,2,2,478471000.0
6166,45,3,2,8,2,2,115836000.0
1133,45,3,2,12,2,2,478471000.0
2317,45,4,1,2,2,2,72516000.0
1746,45,4,1,3,2,2,19499000.0
3354,45,4,1,6,2,2,18094000.0
4265,45,4,1,7,2,2,1660000.0
2764,45,4,1,10,2,2,525000.0
3772,45,4,1,11,2,2,1975000.0
522,45,4,1,12,2,2,114269000.0
5663,45,4,2,1,2,2,475000.0
4869,45,4,2,4,2,2,492896000.0
6167,45,4,2,8,2,2,126485000.0
6703,45,4,2,9,1,1,6.54
1134,45,4,2,12,2,2,492896000.0
2318,45,5,1,2,2,2,75835000.0
1747,45,5,1,3,2,2,18815000.0
3355,45,5,1,6,2,2,19054000.0
4266,45,5,1,7,2,2,1838000.0
2765,45,5,1,10,2,2,516000.0
3773,45,5,1,11,2,2,1993000.0
523,45,5,1,12,2,2,118051000.0
5664,45,5,2,1,2,2,2978000.0
4870,45,5,2,4,2,2,499344000.0
6168,45,5,2,8,2,2,137643000.0
1135,45,5,2,12,2,2,499344000.0
2319,45,6,1,2,2,2,77810000.0
1748,45,6,1,3,2,2,18562000.0
3356,45,6,1,6,2,2,19750000.0
4267,45,6,1,7,2,2,2054000.0
2766,45,6,1,10,2,2,424000.0
3774,45,6,1,11,2,2,1931000.0
524,45,6,1,12,2,2,120531000.0
5665,45,6,2,1,2,2,17624000.0
4871,45,6,2,4,2,2,518730000.0
6169,45,6,2,8,2,2,149449000.0
6704,45,6,2,9,1,1,7.12
1136,45,6,2,12,2,2,518730000.0
2320,45,7,1,2,2,2,76496000.0
1749,45,7,1,3,2,2,18065000.0
3357,45,7,1,6,2,2,23966000.0
4268,45,7,1,7,2,2,2430000.0
2767,45,7,1,10,2,2,506000.0
3775,45,7,1,11,2,2,1910000.0
525,45,7,1,12,2,2,123373000.0
5666,45,7,2,1,2,2,39527000.0
4872,45,7,2,4,2,2,534643594.0
6170,45,7,2,8,2,2,158983200.0
1137,45,7,2,12,2,2,534643594.0
2321,45,8,1,2,2,2,79969000.0
1750,45,8,1,3,2,2,16891000.0
3358,45,8,1,6,2,2,23627000.0
4269,45,8,1,7,2,2,2912000.0
2768,45,8,1,10,2,2,488000.0
3776,45,8,1,11,2,2,1873000.0
526,45,8,1,12,2,2,125760000.0
5667,45,8,2,1,2,2,65441000.0
4873,45,8,2,4,2,2,558699877.0
6171,45,8,2,8,2,2,169400200.0
6705,45,8,2,9,1,1,8.46
1138,45,8,2,12,2,2,558699877.0
2322,45,9,1,2,2,2,80022000.0
1751,45,9,1,3,2,2,15652000.0
3359,45,9,1,6,2,2,24997000.0
4270,45,9,1,7,2,2,3659000.0
2769,45,9,1,10,2,2,1000.0
3777,45,9,1,11,2,2,2031000.0
527,45,9,1,12,2,2,126362000.0
5668,45,9,2,1,2,2,91291000.0
4874,45,9,2,4,2,2,570000000.0
6172,45,9,2,8,2,2,175000000.0
1139,45,9,2,12,2,2,570000000.0
2323,45,10,1,2,2,2,80110000.0
1752,45,10,1,3,2,2,14705000.0
3360,45,10,1,6,2,2,26398000.0
4271,45,10,1,7,2,2,4831000.0
2770,45,10,1,10,2,2,2000.0
3778,45,10,1,11,2,2,2039000.0
528,45,10,1,12,2,2,128085000.0
5669,45,10,2,1,2,2,115215000.0
4875,45,10,2,4,2,2,586991000.0
6173,45,10,2,8,2,2,187364000.0
6706,45,10,2,9,1,1,10.98
1140,45,10,2,12,2,2,586991000.0
2324,45,11,1,2,2,2,79520000.0
1753,45,11,1,3,2,2,13237000.0
3361,45,11,1,6,2,2,29487000.0
4272,45,11,1,7,2,2,6432000.0
2771,45,11,1,10,2,2,2000.0
3779,45,11,1,11,2,2,2026000.0
529,45,11,1,12,2,2,130704000.0
5670,45,11,2,1,2,2,146862000.0
4876,45,11,2,4,2,2,610662000.0
6174,45,11,2,8,2,2,200664000.0
1141,45,11,2,12,2,2,610662000.0
2325,45,12,1,2,2,2,79083000.0
1754,45,12,1,3,2,2,11852000.0
3362,45,12,1,6,2,2,30237000.0
4273,45,12,1,7,2,2,7748000.0
2772,45,12,1,10,2,2,1000.0
3780,45,12,1,11,2,2,2127000.0
530,45,12,1,12,2,2,131048000.0
5671,45,12,2,1,2,2,187610000.0
4877,45,12,2,4,2,2,637079000.0
6175,45,12,2,8,2,2,216412000.0
6707,45,12,2,9,1,1,13.96
1142,45,12,2,12,2,2,637079000.0
2326,45,13,1,2,2,2,78181000.0
1755,45,13,1,3,2,2,10441000.0
3363,45,13,1,6,2,2,32365000.0
4274,45,13,1,7,2,2,8931000.0
2773,45,13,1,10,2,2,1000.0
3781,45,13,1,11,2,2,2309000.0
531,45,13,1,12,2,2,132228000.0
5672,45,13,2,1,2,2,239664000.0
4878,45,13,2,4,2,2,664639000.0
6176,45,13,2,8,2,2,233396000.0
1143,45,13,2,12,2,2,664639000.0
2327,45,14,1,2,2,2,77257000.0
1756,45,14,1,3,2,2,8949000.0
3364,45,14,1,6,2,2,35658000.0
4275,45,14,1,7,2,2,9850000.0
2774,45,14,1,10,2,2,1000.0
3782,45,14,1,11,2,2,2732000.0
532,45,14,1,12,2,2,134447000.0
5673,45,14,2,1,2,2,273072000.0
4879,45,14,2,4,2,2,679709000.0
6177,45,14,2,8,2,2,246912000.0
6708,45,14,2,9,1,1,16.52
1144,45,14,2,12,2,2,679709000.0
