InternetSpeed_ID,City_Key,Country_Key,Time_Key,InternetSpeed_Key,InternetSpeed
1,1,1,1,1,148
2,1,1,2,1,147
3,1,1,1,2,121
4,1,1,2,2,128
5,1,1,3,1,156
6,1,1,3,2,143
7,1,1,4,1,157
8,1,1,4,2,138
9,1,1,5,1,158
10,1,1,5,2,140
11,1,1,6,1,151
12,1,1,6,2,112
13,1,1,1,1,128
14,1,1,1,2,118
15,1,1,2,1,130
16,1,1,2,2,119
17,1,1,3,1,133
18,1,1,3,2,125
19,1,1,4,1,133
20,1,1,4,2,118
21,1,1,5,1,134
22,1,1,5,2,120
23,1,1,6,1,129
24,1,1,6,2,100
25,2,1,1,1,116
26,2,1,1,2,104
27,2,1,2,1,120
28,2,1,2,2,111
29,2,1,3,1,123
30,2,1,3,2,114
31,2,1,4,1,122
32,2,1,4,2,113
33,2,1,5,1,124
34,2,1,5,2,110
35,2,1,6,1,124
36,2,1,6,2,95
37,2,1,1,1,92
38,2,1,1,2,93
39,2,1,2,1,93
40,2,1,2,2,94
41,2,1,3,1,95
42,2,1,3,2,95
43,2,1,4,1,95
44,2,1,4,2,92
45,2,1,5,1,93
46,2,1,5,2,87
47,2,1,6,1,95
48,2,1,6,2,77
49,3,1,1,1,137
50,3,1,1,2,104
51,3,1,2,1,122
52,3,1,2,2,91
53,3,1,3,1,111
54,3,1,3,2,81
55,3,1,4,1,101
56,3,1,4,2,74
57,3,1,5,1,93
58,3,1,5,2,73
59,3,1,6,1,102
60,3,1,6,2,73
61,3,1,1,1,103
62,3,1,1,2,96
63,3,1,2,1,92
64,3,1,2,2,85
65,3,1,3,1,85
66,3,1,3,2,80
67,3,1,4,1,83
68,3,1,4,2,79
69,3,1,5,1,78
70,3,1,5,2,75
71,3,1,6,1,88
72,3,1,6,2,103
73,4,1,1,1,77
74,4,1,1,2,101
75,4,1,2,1,81
76,4,1,2,2,89
77,4,1,3,1,80
78,4,1,3,2,84
79,4,1,4,1,80
80,4,1,4,2,89
81,4,1,5,1,71
82,4,1,5,2,84
83,4,1,6,1,73
84,4,1,6,2,74
85,4,1,1,1,80
86,4,1,1,2,90
87,4,1,2,1,81
88,4,1,2,2,82
89,4,1,3,1,80
90,4,1,3,2,77
91,4,1,4,1,80
92,4,1,4,2,80
93,4,1,5,1,72
94,4,1,5,2,73
95,4,1,6,1,77
96,4,1,6,2,76
97,5,1,1,1,138
98,5,1,1,2,101
99,5,1,2,1,131
100,5,1,2,2,115
101,5,1,3,1,150
102,5,1,3,2,124
103,5,1,4,1,139
104,5,1,4,2,118
105,5,1,5,1,139
106,5,1,5,2,124
107,5,1,6,1,135
108,5,1,6,2,94
109,5,1,1,1,108
110,5,1,1,2,95
111,5,1,2,1,112
112,5,1,2,2,96
113,5,1,3,1,106
114,5,1,3,2,79
115,5,1,4,1,106
116,5,1,4,2,100
117,5,1,5,1,107
118,5,1,5,2,106
119,5,1,6,1,108
120,5,1,6,2,108
121,6,1,1,1,121
122,6,1,1,2,110
123,6,1,2,1,122
124,6,1,2,2,111
125,6,1,3,1,124
126,6,1,3,2,115
127,6,1,4,1,120
128,6,1,4,2,109
129,6,1,5,1,130
130,6,1,5,2,112
131,6,1,6,1,123
132,6,1,6,2,90
133,6,1,1,1,85
134,6,1,1,2,92
135,6,1,2,1,89
136,6,1,2,2,89
137,6,1,3,1,90
138,6,1,3,2,88
139,6,1,4,1,89
140,6,1,4,2,84
141,6,1,5,1,93
142,6,1,5,2,84
143,6,1,6,1,90
144,6,1,6,2,72
145,7,2,1,1,107
146,7,2,1,2,98
147,7,2,2,1,106
148,7,2,2,2,104
149,7,2,3,1,111
150,7,2,3,2,109
151,7,2,4,1,111
152,7,2,4,2,113
153,7,2,5,1,109
154,7,2,5,2,113
155,7,2,6,1,106
156,7,2,6,2,108
157,7,2,1,1,105
158,7,2,1,2,98
159,7,2,2,1,105
160,7,2,2,2,103
161,7,2,3,1,109
162,7,2,3,2,106
163,7,2,4,1,110
164,7,2,4,2,110
165,7,2,5,1,108
166,7,2,5,2,109
167,7,2,6,1,105
168,7,2,6,2,106
169,8,2,1,1,108
170,8,2,1,2,106
171,8,2,2,1,107
172,8,2,2,2,107
173,8,2,3,1,111
174,8,2,3,2,110
175,8,2,4,1,111
176,8,2,4,2,113
177,8,2,5,1,112
178,8,2,5,2,115
179,8,2,6,1,111
180,8,2,6,2,111
181,8,2,1,1,106
182,8,2,1,2,105
183,8,2,2,1,105
184,8,2,2,2,105
185,8,2,3,1,108
186,8,2,3,2,107
187,8,2,4,1,109
188,8,2,4,2,109
189,8,2,5,1,110
190,8,2,5,2,111
191,8,2,6,1,110
192,8,2,6,2,109
193,9,2,1,1,110
194,9,2,1,2,101
195,9,2,2,1,107
196,9,2,2,2,106
197,9,2,3,1,114
198,9,2,3,2,109
199,9,2,4,1,112
200,9,2,4,2,108
201,9,2,5,1,112
202,9,2,5,2,110
203,9,2,6,1,111
204,9,2,6,2,108
205,9,2,1,1,106
206,9,2,1,2,100
207,9,2,2,1,104
208,9,2,2,2,103
209,9,2,3,1,108
210,9,2,3,2,105
211,9,2,4,1,108
212,9,2,4,2,103
213,9,2,5,1,110
214,9,2,5,2,105
215,9,2,6,1,111
216,9,2,6,2,105
217,10,2,1,1,94
218,10,2,1,2,106
219,10,2,2,1,92
220,10,2,2,2,102
221,10,2,3,1,85
222,10,2,3,2,97
223,10,2,4,1,85
224,10,2,4,2,98
225,10,2,5,1,89
226,10,2,5,2,100
227,10,2,6,1,95
228,10,2,6,2,97
229,10,2,1,1,93
230,10,2,1,2,105
231,10,2,2,1,95
232,10,2,2,2,101
233,10,2,3,1,86
234,10,2,3,2,95
235,10,2,4,1,86
236,10,2,4,2,96
237,10,2,5,1,90
238,10,2,5,2,97
239,10,2,6,1,96
240,10,2,6,2,95
241,11,2,1,1,98
242,11,2,1,2,95
243,11,2,2,1,92
244,11,2,2,2,94
245,11,2,3,1,95
246,11,2,3,2,98
247,11,2,4,1,93
248,11,2,4,2,100
249,11,2,5,1,95
250,11,2,5,2,100
251,11,2,6,1,95
252,11,2,6,2,97
253,11,2,1,1,97
254,11,2,1,2,95
255,11,2,2,1,91
256,11,2,2,2,93
257,11,2,3,1,94
258,11,2,3,2,95
259,11,2,4,1,92
260,11,2,4,2,98
261,11,2,5,1,94
262,11,2,5,2,96
263,11,2,6,1,95
264,11,2,6,2,95
265,12,2,1,1,109
266,12,2,1,2,97
267,12,2,2,1,103
268,12,2,2,2,119
269,12,2,3,1,95
270,12,2,3,2,109
271,12,2,4,1,98
272,12,2,4,2,111
273,12,2,5,1,95
274,12,2,5,2,119
275,12,2,6,1,91
276,12,2,6,2,117
277,12,2,1,1,104
278,12,2,1,2,94
279,12,2,2,1,100
280,12,2,2,2,106
281,12,2,3,1,92
282,12,2,3,2,100
283,12,2,4,1,96
284,12,2,4,2,101
285,12,2,5,1,97
286,12,2,5,2,105
287,12,2,6,1,96
288,12,2,6,2,106
289,13,2,1,1,94
290,13,2,1,2,110
291,13,2,2,1,92
292,13,2,2,2,103
293,13,2,3,1,75
294,13,2,3,2,96
295,13,2,4,1,77
296,13,2,4,2,97
297,13,2,5,1,75
298,13,2,5,2,92
299,13,2,6,1,79
300,13,2,6,2,96
301,13,2,1,1,100
302,13,2,1,2,118
303,13,2,2,1,100
304,13,2,2,2,109
305,13,2,3,1,99
306,13,2,3,2,104
307,13,2,4,1,96
308,13,2,4,2,105
309,13,2,5,1,91
310,13,2,5,2,101
311,13,2,6,1,92
312,13,2,6,2,104
313,14,2,1,1,95
314,14,2,1,2,108
315,14,2,2,1,89
316,14,2,2,2,97
317,14,2,3,1,75
318,14,2,3,2,91
319,14,2,4,1,79
320,14,2,4,2,92
321,14,2,5,1,78
322,14,2,5,2,93
323,14,2,6,1,83
324,14,2,6,2,95
325,14,2,1,1,91
326,14,2,1,2,103
327,14,2,2,1,91
328,14,2,2,2,96
329,14,2,3,1,82
330,14,2,3,2,92
331,14,2,4,1,85
332,14,2,4,2,92
333,14,2,5,1,86
334,14,2,5,2,92
335,14,2,6,1,87
336,14,2,6,2,94
337,15,2,1,1,104
338,15,2,1,2,123
339,15,2,2,1,94
340,15,2,2,2,104
341,15,2,3,1,98
342,15,2,3,2,100
343,15,2,4,1,94
344,15,2,4,2,97
345,15,2,5,1,94
346,15,2,5,2,98
347,15,2,6,1,96
348,15,2,6,2,96
349,15,2,1,1,103
350,15,2,1,2,120
351,15,2,2,1,98
352,15,2,2,2,105
353,15,2,3,1,99
354,15,2,3,2,100
355,15,2,4,1,97
356,15,2,4,2,96
357,15,2,5,1,100
358,15,2,5,2,96
359,15,2,6,1,103
360,15,2,6,2,98
361,16,2,1,1,91
362,16,2,1,2,105
363,16,2,2,1,81
364,16,2,2,2,91
365,16,2,3,1,66
366,16,2,3,2,91
367,16,2,4,1,72
368,16,2,4,2,103
369,16,2,5,1,73
370,16,2,5,2,103
371,16,2,6,1,77
372,16,2,6,2,110
373,16,2,1,1,89
374,16,2,1,2,104
375,16,2,2,1,85
376,16,2,2,2,96
377,16,2,3,1,72
378,16,2,3,2,94
379,16,2,4,1,78
380,16,2,4,2,99
381,16,2,5,1,80
382,16,2,5,2,98
383,16,2,6,1,82
384,16,2,6,2,102
385,17,2,1,1,91
386,17,2,1,2,110
387,17,2,2,1,92
388,17,2,2,2,103
389,17,2,3,1,102
390,17,2,3,2,113
391,17,2,4,1,93
392,17,2,4,2,115
393,17,2,5,1,88
394,17,2,5,2,117
395,17,2,6,1,88
396,17,2,6,2,113
397,17,2,1,1,88
398,17,2,1,2,103
399,17,2,2,1,89
400,17,2,2,2,95
401,17,2,3,1,95
402,17,2,3,2,96
403,17,2,4,1,89
404,17,2,4,2,90
405,17,2,5,1,87
406,17,2,5,2,88
407,17,2,6,1,93
408,17,2,6,2,94
409,18,2,1,1,104
410,18,2,1,2,119
411,18,2,2,1,101
412,18,2,2,2,106
413,18,2,3,1,107
414,18,2,3,2,102
415,18,2,4,1,101
416,18,2,4,2,95
417,18,2,5,1,96
418,18,2,5,2,96
419,18,2,6,1,94
420,18,2,6,2,103
421,18,2,1,1,99
422,18,2,1,2,111
423,18,2,2,1,98
424,18,2,2,2,98
425,18,2,3,1,102
426,18,2,3,2,95
427,18,2,4,1,98
428,18,2,4,2,88
429,18,2,5,1,97
430,18,2,5,2,89
431,18,2,6,1,98
432,18,2,6,2,95
433,19,2,1,1,179
434,19,2,1,2,149
435,19,2,2,1,179
436,19,2,2,2,143
437,19,2,3,1,147
438,19,2,3,2,132
439,19,2,4,1,158
440,19,2,4,2,134
441,19,2,5,1,137
442,19,2,5,2,125
443,19,2,6,1,123
444,19,2,6,2,125
445,19,2,1,1,139
446,19,2,1,2,124
447,19,2,2,1,137
448,19,2,2,2,115
449,19,2,3,1,116
450,19,2,3,2,107
451,19,2,4,1,120
452,19,2,4,2,106
453,19,2,5,1,113
454,19,2,5,2,102
455,19,2,6,1,103
456,19,2,6,2,103
457,20,2,1,1,89
458,20,2,1,2,107
459,20,2,2,1,87
460,20,2,2,2,100
461,20,2,3,1,80
462,20,2,3,2,97
463,20,2,4,1,84
464,20,2,4,2,122
465,20,2,5,1,93
466,20,2,5,2,123
467,20,2,6,1,81
468,20,2,6,2,124
469,20,2,1,1,88
470,20,2,1,2,98
471,20,2,2,1,85
472,20,2,2,2,90
473,20,2,3,1,74
474,20,2,3,2,85
475,20,2,4,1,76
476,20,2,4,2,98
477,20,2,5,1,83
478,20,2,5,2,96
479,20,2,6,1,82
480,20,2,6,2,103
481,21,2,1,1,108
482,21,2,1,2,117
483,21,2,2,1,111
484,21,2,2,2,106
485,21,2,3,1,121
486,21,2,3,2,96
487,21,2,4,1,115
488,21,2,4,2,90
489,21,2,5,1,99
490,21,2,5,2,80
491,21,2,6,1,101
492,21,2,6,2,88
493,21,2,1,1,93
494,21,2,1,2,106
495,21,2,2,1,98
496,21,2,2,2,89
497,21,2,3,1,106
498,21,2,3,2,88
499,21,2,4,1,100
500,21,2,4,2,75
501,21,2,5,1,104
502,21,2,5,2,73
503,21,2,6,1,100
504,21,2,6,2,82
505,22,2,1,1,107
506,22,2,1,2,126
507,22,2,2,1,106
508,22,2,2,2,112
509,22,2,3,1,103
510,22,2,3,2,107
511,22,2,4,1,96
512,22,2,4,2,101
513,22,2,5,1,93
514,22,2,5,2,100
515,22,2,6,1,90
516,22,2,6,2,98
517,22,2,1,1,90
518,22,2,1,2,104
519,22,2,2,1,96
520,22,2,2,2,97
521,22,2,3,1,93
522,22,2,3,2,94
523,22,2,4,1,93
524,22,2,4,2,88
525,22,2,5,1,88
526,22,2,5,2,86
527,22,2,6,1,93
528,22,2,6,2,89
529,23,2,1,1,153
530,23,2,1,2,140
531,23,2,2,1,159
532,23,2,2,2,124
533,23,2,3,1,150
534,23,2,3,2,118
535,23,2,4,1,160
536,23,2,4,2,122
537,23,2,5,1,135
538,23,2,5,2,110
539,23,2,6,1,123
540,23,2,6,2,108
541,23,2,1,1,122
542,23,2,1,2,115
543,23,2,2,1,131
544,23,2,2,2,103
545,23,2,3,1,129
546,23,2,3,2,100
547,23,2,4,1,137
548,23,2,4,2,98
549,23,2,5,1,120
550,23,2,5,2,94
551,23,2,6,1,110
552,23,2,6,2,95
553,24,2,1,1,89
554,24,2,1,2,104
555,24,2,2,1,82
556,24,2,2,2,94
557,24,2,3,1,65
558,24,2,3,2,87
559,24,2,4,1,66
560,24,2,4,2,82
561,24,2,5,1,65
562,24,2,5,2,83
563,24,2,6,1,74
564,24,2,6,2,88
565,24,2,1,1,80
566,24,2,1,2,93
567,24,2,2,1,80
568,24,2,2,2,84
569,24,2,3,1,72
570,24,2,3,2,79
571,24,2,4,1,74
572,24,2,4,2,76
573,24,2,5,1,78
574,24,2,5,2,84
575,24,2,6,1,81
576,24,2,6,2,82
577,25,2,1,1,99
578,25,2,1,2,115
579,25,2,2,1,99
580,25,2,2,2,106
581,25,2,3,1,102
582,25,2,3,2,97
583,25,2,4,1,93
584,25,2,4,2,94
585,25,2,5,1,89
586,25,2,5,2,89
587,25,2,6,1,97
588,25,2,6,2,99
589,26,2,1,1,81
590,26,2,1,2,95
591,26,2,2,1,84
592,26,2,2,2,97
593,26,2,3,1,62
594,26,2,3,2,82
595,26,2,4,1,67
596,26,2,4,2,81
597,26,2,5,1,85
598,26,2,5,2,86
599,26,2,6,1,99
600,26,2,6,2,93
601,27,3,1,1,86
602,27,3,1,2,98
603,27,3,2,1,89
604,27,3,2,2,96
605,27,3,3,1,91
606,27,3,3,2,98
607,27,3,4,1,100
608,27,3,4,2,126
609,27,3,5,1,107
610,27,3,5,2,163
611,27,3,6,1,108
612,27,3,6,2,181
613,28,3,1,1,98
614,28,3,1,2,100
615,28,3,2,1,98
616,28,3,2,2,99
617,28,3,3,1,98
618,28,3,3,2,99
619,28,3,4,1,101
620,28,3,4,2,109
621,28,3,5,1,102
622,28,3,5,2,118
623,28,3,6,1,101
624,28,3,6,2,123
625,29,3,1,1,112
626,29,3,1,2,109
627,29,3,2,1,118
628,29,3,2,2,109
629,29,3,3,1,117
630,29,3,3,2,115
631,29,3,4,1,117
632,29,3,4,2,130
633,29,3,5,1,121
634,29,3,5,2,164
635,29,3,6,1,117
636,29,3,6,2,170
637,29,3,1,1,117
638,29,3,1,2,112
639,29,3,2,1,119
640,29,3,2,2,110
641,29,3,3,1,116
642,29,3,3,2,112
643,29,3,4,1,111
644,29,3,4,2,110
645,29,3,5,1,110
646,29,3,5,2,114
647,29,3,6,1,108
648,29,3,6,2,115
649,30,3,1,1,117
650,30,3,1,2,113
651,30,3,2,1,119
652,30,3,2,2,117
653,30,3,3,1,116
654,30,3,3,2,127
655,30,3,4,1,113
656,30,3,4,2,144
657,30,3,5,1,115
658,30,3,5,2,157
659,30,3,6,1,111
660,30,3,6,2,154
661,30,3,1,1,118
662,30,3,1,2,113
663,30,3,2,1,118
664,30,3,2,2,113
665,30,3,3,1,115
666,30,3,3,2,116
667,30,3,4,1,111
668,30,3,4,2,117
669,30,3,5,1,108
670,30,3,5,2,106
671,30,3,6,1,104
672,30,3,6,2,99
673,31,3,1,1,82
674,31,3,1,2,72
675,31,3,2,1,84
676,31,3,2,2,78
677,31,3,3,1,93
678,31,3,3,2,83
679,31,3,4,1,105
680,31,3,4,2,103
681,31,3,5,1,115
682,31,3,5,2,118
683,31,3,6,1,121
684,31,3,6,2,109
685,31,3,1,1,81
686,31,3,1,2,71
687,31,3,2,1,82
688,31,3,2,2,75
689,31,3,3,1,87
690,31,3,3,2,77
691,31,3,4,1,94
692,31,3,4,2,84
693,31,3,5,1,102
694,31,3,5,2,83
695,31,3,6,1,105
696,31,3,6,2,76
697,32,3,1,1,81
698,32,3,1,2,74
699,32,3,2,1,81
700,32,3,2,2,78
701,32,3,3,1,89
702,32,3,3,2,81
703,32,3,4,1,102
704,32,3,4,2,113
705,32,3,5,1,112
706,32,3,5,2,142
707,32,3,6,1,116
708,32,3,6,2,145
709,32,3,1,1,82
710,32,3,1,2,72
711,32,3,2,1,80
712,32,3,2,2,76
713,32,3,3,1,86
714,32,3,3,2,75
715,32,3,4,1,95
716,32,3,4,2,88
717,32,3,5,1,100
718,32,3,5,2,95
719,32,3,6,1,103
720,32,3,6,2,93
721,33,3,1,1,95
722,33,3,1,2,102
723,33,3,2,1,104
724,33,3,2,2,107
725,33,3,3,1,103
726,33,3,3,2,107
727,33,3,4,1,98
728,33,3,4,2,101
729,33,3,5,1,100
730,33,3,5,2,128
731,33,3,6,1,107
732,33,3,6,2,147
733,33,3,1,1,96
734,33,3,1,2,102
735,33,3,2,1,102
736,33,3,2,2,104
737,33,3,3,1,105
738,33,3,3,2,104
739,33,3,4,1,98
740,33,3,4,2,92
741,33,3,5,1,96
742,33,3,5,2,100
743,33,3,6,1,98
744,33,3,6,2,102
745,34,3,1,1,76
746,34,3,1,2,87
747,34,3,2,1,91
748,34,3,2,2,91
749,34,3,3,1,99
750,34,3,3,2,103
751,34,3,4,1,105
752,34,3,4,2,128
753,34,3,5,1,117
754,34,3,5,2,153
755,34,3,6,1,118
756,34,3,6,2,177
757,34,3,1,1,71
758,34,3,1,2,76
759,34,3,2,1,82
760,34,3,2,2,83
761,34,3,3,1,86
762,34,3,3,2,86
763,34,3,4,1,92
764,34,3,4,2,92
765,34,3,5,1,101
766,34,3,5,2,95
767,34,3,6,1,101
768,34,3,6,2,97
769,35,3,1,1,108
770,35,3,1,2,114
771,35,3,2,1,120
772,35,3,2,2,114
773,35,3,3,1,115
774,35,3,3,2,119
775,35,3,4,1,106
776,35,3,4,2,104
777,35,3,5,1,99
778,35,3,5,2,102
779,35,3,6,1,95
780,35,3,6,2,99
781,36,3,1,1,82
782,36,3,1,2,81
783,36,3,2,1,73
784,36,3,2,2,79
785,36,3,3,1,82
786,36,3,3,2,80
787,36,3,4,1,97
788,36,3,4,2,108
789,36,3,5,1,109
790,36,3,5,2,159
791,36,3,6,1,115
792,36,3,6,2,157
793,36,3,1,1,79
794,36,3,1,2,78
795,36,3,2,1,71
796,36,3,2,2,80
797,36,3,3,1,79
798,36,3,3,2,79
799,36,3,4,1,91
800,36,3,4,2,97
801,36,3,5,1,102
802,36,3,5,2,136
803,36,3,6,1,108
804,36,3,6,2,134
805,37,3,1,1,106
806,37,3,1,2,114
807,37,3,2,1,106
808,37,3,2,2,112
809,37,3,3,1,109
810,37,3,3,2,111
811,37,3,4,1,111
812,37,3,4,2,127
813,37,3,5,1,104
814,37,3,5,2,138
815,37,3,6,1,109
816,37,3,6,2,155
817,37,3,1,1,111
818,37,3,1,2,111
819,37,3,2,1,105
820,37,3,2,2,107
821,37,3,3,1,107
822,37,3,3,2,106
823,37,3,4,1,109
824,37,3,4,2,114
825,37,3,5,1,109
826,37,3,5,2,127
827,37,3,6,1,108
828,37,3,6,2,133
829,38,3,1,1,96
830,38,3,1,2,95
831,38,3,2,1,102
832,38,3,2,2,99
833,38,3,3,1,115
834,38,3,3,2,105
835,38,3,4,1,109
836,38,3,4,2,113
837,38,3,5,1,111
838,38,3,5,2,154
839,38,3,6,1,108
840,38,3,6,2,164
841,38,3,1,1,98
842,38,3,1,2,95
843,38,3,2,1,99
844,38,3,2,2,97
845,38,3,3,1,107
846,38,3,3,2,100
847,38,3,4,1,101
848,38,3,4,2,98
849,38,3,5,1,102
850,38,3,5,2,113
851,38,3,6,1,100
852,38,3,6,2,114
853,39,3,1,1,111
854,39,3,1,2,116
855,39,3,2,1,120
856,39,3,2,2,105
857,39,3,3,1,116
858,39,3,3,2,108
859,39,3,4,1,107
860,39,3,4,2,97
861,39,3,5,1,99
862,39,3,5,2,84
863,39,3,6,1,97
864,39,3,6,2,74
865,39,3,1,1,114
866,39,3,1,2,117
867,39,3,2,1,120
868,39,3,2,2,106
869,39,3,3,1,112
870,39,3,3,2,107
871,39,3,4,1,106
872,39,3,4,2,93
873,39,3,5,1,98
874,39,3,5,2,79
875,39,3,6,1,97
876,39,3,6,2,79
877,40,3,1,1,73
878,40,3,1,2,102
879,40,3,2,1,68
880,40,3,2,2,86
881,40,3,3,1,82
882,40,3,3,2,89
883,40,3,4,1,89
884,40,3,4,2,93
885,40,3,5,1,80
886,40,3,5,2,61
887,40,3,6,1,94
888,40,3,6,2,53
889,40,3,1,1,72
890,40,3,1,2,99
891,40,3,2,1,69
892,40,3,2,2,87
893,40,3,3,1,83
894,40,3,3,2,109
895,40,3,4,1,89
896,40,3,4,2,107
897,40,3,5,1,81
898,40,3,5,2,66
899,40,3,6,1,95
900,40,3,6,2,60
901,41,3,1,1,77
902,41,3,1,2,72
903,41,3,2,1,76
904,41,3,2,2,74
905,41,3,3,1,77
906,41,3,3,2,68
907,41,3,4,1,87
908,41,3,4,2,82
909,41,3,5,1,97
910,41,3,5,2,95
911,41,3,6,1,108
912,41,3,6,2,116
913,41,3,1,1,76
914,41,3,1,2,74
915,41,3,2,1,74
916,41,3,2,2,77
917,41,3,3,1,77
918,41,3,3,2,68
919,41,3,4,1,85
920,41,3,4,2,77
921,41,3,5,1,93
922,41,3,5,2,76
923,41,3,6,1,105
924,41,3,6,2,85
925,42,3,1,1,81
926,42,3,1,2,76
927,42,3,2,1,69
928,42,3,2,2,77
929,42,3,3,1,80
930,42,3,3,2,73
931,42,3,4,1,87
932,42,3,4,2,68
933,42,3,5,1,95
934,42,3,5,2,56
935,42,3,6,1,91
936,42,3,6,2,54
937,42,3,1,1,78
938,42,3,1,2,72
939,42,3,2,1,68
940,42,3,2,2,72
941,42,3,3,1,85
942,42,3,3,2,72
943,42,3,4,1,86
944,42,3,4,2,66
945,42,3,5,1,94
946,42,3,5,2,55
947,42,3,6,1,89
948,42,3,6,2,55
949,43,4,1,1,120
950,43,4,1,2,109
951,43,4,2,1,120
952,43,4,2,2,112
953,43,4,3,1,127
954,43,4,3,2,122
955,43,4,4,1,129
956,43,4,4,2,127
957,43,4,5,1,130
958,43,4,5,2,131
959,43,4,6,1,131
960,43,4,6,2,135
961,43,4,1,1,118
962,43,4,1,2,107
963,43,4,2,1,119
964,43,4,2,2,110
965,43,4,3,1,125
966,43,4,3,2,120
967,43,4,4,1,126
968,43,4,4,2,124
969,43,4,5,1,127
970,43,4,5,2,128
971,43,4,6,1,127
972,43,4,6,2,130
973,44,4,1,1,146
974,44,4,1,2,170
975,44,4,2,1,136
976,44,4,2,2,151
977,44,4,3,1,127
978,44,4,3,2,143
979,44,4,4,1,124
980,44,4,4,2,138
981,44,4,5,1,136
982,44,4,5,2,143
983,44,4,6,1,136
984,44,4,6,2,143
985,44,4,1,1,129
986,44,4,1,2,151
987,44,4,2,1,119
988,44,4,2,2,134
989,44,4,3,1,110
990,44,4,3,2,124
991,44,4,4,1,112
992,44,4,4,2,124
993,44,4,5,1,122
994,44,4,5,2,127
995,44,4,6,1,120
996,44,4,6,2,125
997,45,4,1,1,85
998,45,4,1,2,77
999,45,4,2,1,98
1000,45,4,2,2,87
1001,45,4,3,1,108
1002,45,4,3,2,101
1003,45,4,4,1,110
1004,45,4,4,2,105
1005,45,4,5,1,110
1006,45,4,5,2,108
1007,45,4,6,1,114
1008,45,4,6,2,113
1009,45,4,1,1,83
1010,45,4,1,2,76
1011,45,4,2,1,95
1012,45,4,2,2,85
1013,45,4,3,1,104
1014,45,4,3,2,97
1015,45,4,4,1,106
1016,45,4,4,2,102
1017,45,4,5,1,107
1018,45,4,5,2,105
1019,45,4,6,1,110
1020,45,4,6,2,108
1021,46,4,1,1,98
1022,46,4,1,2,115
1023,46,4,2,1,99
1024,46,4,2,2,108
1025,46,4,3,1,101
1026,46,4,3,2,107
1027,46,4,4,1,104
1028,46,4,4,2,108
1029,46,4,5,1,104
1030,46,4,5,2,108
1031,46,4,6,1,107
1032,46,4,6,2,110
1033,46,4,1,1,90
1034,46,4,1,2,106
1035,46,4,2,1,92
1036,46,4,2,2,100
1037,46,4,3,1,92
1038,46,4,3,2,97
1039,46,4,4,1,94
1040,46,4,4,2,99
1041,46,4,5,1,93
1042,46,4,5,2,96
1043,46,4,6,1,97
1044,46,4,6,2,100
1045,47,4,1,1,104
1046,47,4,1,2,93
1047,47,4,2,1,120
1048,47,4,2,2,110
1049,47,4,3,1,123
1050,47,4,3,2,106
1051,47,4,4,1,122
1052,47,4,4,2,106
1053,47,4,5,1,121
1054,47,4,5,2,111
1055,47,4,6,1,112
1056,47,4,6,2,104
1057,47,4,1,1,103
1058,47,4,1,2,92
1059,47,4,2,1,116
1060,47,4,2,2,107
1061,47,4,3,1,120
1062,47,4,3,2,103
1063,47,4,4,1,120
1064,47,4,4,2,104
1065,47,4,5,1,117
1066,47,4,5,2,108
1067,47,4,6,1,109
1068,47,4,6,2,101
1069,48,4,1,1,115
1070,48,4,1,2,137
1071,48,4,2,1,109
1072,48,4,2,2,131
1073,48,4,3,1,96
1074,48,4,3,2,110
1075,48,4,4,1,84
1076,48,4,4,2,96
1077,48,4,5,1,77
1078,48,4,5,2,88
1079,48,4,6,1,84
1080,48,4,6,2,96
1081,48,4,1,1,114
1082,48,4,1,2,136
1083,48,4,2,1,108
1084,48,4,2,2,131
1085,48,4,3,1,98
1086,48,4,3,2,114
1087,48,4,4,1,86
1088,48,4,4,2,102
1089,48,4,5,1,76
1090,48,4,5,2,92
1091,48,4,6,1,83
1092,48,4,6,2,98
1093,49,4,1,1,76
1094,49,4,1,2,78
1095,49,4,2,1,105
1096,49,4,2,2,103
1097,49,4,3,1,117
1098,49,4,3,2,117
1099,49,4,4,1,110
1100,49,4,4,2,104
1101,49,4,5,1,94
1102,49,4,5,2,90
1103,49,4,6,1,99
1104,49,4,6,2,91
1105,49,4,1,1,76
1106,49,4,1,2,77
1107,49,4,2,1,104
1108,49,4,2,2,102
1109,49,4,3,1,116
1110,49,4,3,2,116
1111,49,4,4,1,109
1112,49,4,4,2,103
1113,49,4,5,1,94
1114,49,4,5,2,87
1115,49,4,6,1,97
1116,49,4,6,2,89
1117,50,4,1,1,89
1118,50,4,1,2,78
1119,50,4,2,1,81
1120,50,4,2,2,75
1121,50,4,3,1,80
1122,50,4,3,2,72
1123,50,4,4,1,87
1124,50,4,4,2,75
1125,50,4,5,1,101
1126,50,4,5,2,82
1127,50,4,6,1,110
1128,50,4,6,2,86
1129,50,4,1,1,89
1130,50,4,1,2,78
1131,50,4,2,1,81
1132,50,4,2,2,75
1133,50,4,3,1,80
1134,50,4,3,2,72
1135,50,4,4,1,86
1136,50,4,4,2,75
1137,50,4,5,1,100
1138,50,4,5,2,82
1139,50,4,6,1,110
1140,50,4,6,2,86
1141,51,4,1,1,104
1142,51,4,1,2,113
1143,51,4,2,1,93
1144,51,4,2,2,99
1145,51,4,3,1,103
1146,51,4,3,2,110
1147,51,4,4,1,113
1148,51,4,4,2,116
1149,51,4,5,1,119
1150,51,4,5,2,122
1151,51,4,6,1,109
1152,51,4,6,2,117
1153,51,4,1,1,104
1154,51,4,1,2,113
1155,51,4,2,1,93
1156,51,4,2,2,99
1157,51,4,3,1,103
1158,51,4,3,2,110
1159,51,4,4,1,113
1160,51,4,4,2,116
1161,51,4,5,1,119
1162,51,4,5,2,122
1163,51,4,6,1,109
1164,51,4,6,2,117
1165,52,4,1,1,96
1166,52,4,1,2,107
1167,52,4,2,1,103
1168,52,4,2,2,106
1169,52,4,3,1,101
1170,52,4,3,2,98
1171,52,4,4,1,94
1172,52,4,4,2,93
1173,52,4,5,1,97
1174,52,4,5,2,96
1175,52,4,6,1,89
1176,52,4,6,2,86
1177,52,4,1,1,86
1178,52,4,1,2,95
1179,52,4,2,1,95
1180,52,4,2,2,99
1181,52,4,3,1,91
1182,52,4,3,2,89
1183,52,4,4,1,83
1184,52,4,4,2,82
1185,52,4,5,1,89
1186,52,4,5,2,87
1187,52,4,6,1,80
1188,52,4,6,2,77
1189,53,4,1,1,90
1190,53,4,1,2,68
1191,53,4,2,1,90
1192,53,4,2,2,72
1193,53,4,3,1,95
1194,53,4,3,2,73
1195,53,4,4,1,78
1196,53,4,4,2,63
1197,53,4,5,1,83
1198,53,4,5,2,68
1199,53,4,6,1,85
1200,53,4,6,2,69
1201,53,4,1,1,87
1202,53,4,1,2,66
1203,53,4,2,1,85
1204,53,4,2,2,68
1205,53,4,3,1,89
1206,53,4,3,2,69
1207,53,4,4,1,74
1208,53,4,4,2,60
1209,53,4,5,1,81
1210,53,4,5,2,66
1211,53,4,6,1,82
1212,53,4,6,2,66
1213,54,4,1,1,131
1214,54,4,1,2,120
1215,54,4,2,1,142
1216,54,4,2,2,140
1217,54,4,3,1,134
1218,54,4,3,2,151
1219,54,4,4,1,148
1220,54,4,4,2,165
1221,54,4,5,1,138
1222,54,4,5,2,153
1223,54,4,6,1,127
1224,54,4,6,2,147
1225,55,4,1,1,85
1226,55,4,1,2,104
1227,55,4,2,1,108
1228,55,4,2,2,137
1229,55,4,3,1,119
1230,55,4,3,2,126
1231,55,4,4,1,126
1232,55,4,4,2,142
1233,55,4,5,1,116
1234,55,4,5,2,131
1235,55,4,6,1,107
1236,55,4,6,2,123
1237,55,4,1,1,81
1238,55,4,1,2,105
1239,55,4,2,1,101
1240,55,4,2,2,134
1241,55,4,3,1,112
1242,55,4,3,2,122
1243,55,4,4,1,116
1244,55,4,4,2,132
1245,55,4,5,1,100
1246,55,4,5,2,115
1247,55,4,6,1,95
1248,55,4,6,2,109
1249,56,4,1,1,89
1250,56,4,1,2,109
1251,56,4,2,1,85
1252,56,4,2,2,108
1253,56,4,3,1,77
1254,56,4,3,2,98
1255,56,4,4,1,84
1256,56,4,4,2,100
1257,56,4,5,1,79
1258,56,4,5,2,95
1259,56,4,6,1,82
1260,56,4,6,2,96
1261,56,4,1,1,89
1262,56,4,1,2,109
1263,56,4,2,1,85
1264,56,4,2,2,108
1265,56,4,3,1,77
1266,56,4,3,2,98
1267,56,4,4,1,84
1268,56,4,4,2,100
1269,56,4,5,1,79
1270,56,4,5,2,95
1271,56,4,6,1,82
1272,56,4,6,2,96
1273,57,4,1,1,84
1274,57,4,1,2,110
1275,57,4,2,1,87
1276,57,4,2,2,110
1277,57,4,3,1,75
1278,57,4,3,2,93
1279,57,4,4,1,75
1280,57,4,4,2,82
1281,57,4,5,1,79
1282,57,4,5,2,74
1283,57,4,6,1,80
1284,57,4,6,2,79
1285,57,4,1,1,84
1286,57,4,1,2,110
1287,57,4,2,1,87
1288,57,4,2,2,110
1289,57,4,3,1,75
1290,57,4,3,2,93
1291,57,4,4,1,75
1292,57,4,4,2,82
1293,57,4,5,1,79
1294,57,4,5,2,74
1295,57,4,6,1,80
1296,57,4,6,2,79
1297,58,4,1,1,118
1298,58,4,1,2,115
1299,58,4,2,1,131
1300,58,4,2,2,124
1301,58,4,3,1,114
1302,58,4,3,2,109
1303,58,4,4,1,119
1304,58,4,4,2,108
1305,58,4,5,1,117
1306,58,4,5,2,105
1307,58,4,6,1,125
1308,58,4,6,2,111
1309,58,4,1,1,115
1310,58,4,1,2,108
1311,58,4,2,1,124
1312,58,4,2,2,115
1313,58,4,3,1,107
1314,58,4,3,2,99
1315,58,4,4,1,113
1316,58,4,4,2,101
1317,58,4,5,1,112
1318,58,4,5,2,99
1319,58,4,6,1,120
1320,58,4,6,2,105
1321,59,4,1,1,130
1322,59,4,1,2,163
1323,59,4,2,1,114
1324,59,4,2,2,137
1325,59,4,3,1,98
1326,59,4,3,2,114
1327,59,4,4,1,89
1328,59,4,4,2,102
1329,59,4,5,1,88
1330,59,4,5,2,100
1331,59,4,6,1,88
1332,59,4,6,2,100
1333,59,4,1,1,130
1334,59,4,1,2,163
1335,59,4,2,1,114
1336,59,4,2,2,137
1337,59,4,3,1,98
1338,59,4,3,2,114
1339,59,4,4,1,89
1340,59,4,4,2,102
1341,59,4,5,1,88
1342,59,4,5,2,100
1343,59,4,6,1,88
1344,59,4,6,2,100
1345,60,4,1,1,102
1346,60,4,1,2,115
1347,60,4,2,1,99
1348,60,4,2,2,108
1349,60,4,3,1,96
1350,60,4,3,2,97
1351,60,4,4,1,97
1352,60,4,4,2,93
1353,60,4,5,1,97
1354,60,4,5,2,91
1355,60,4,6,1,98
1356,60,4,6,2,93
1357,60,4,1,1,102
1358,60,4,1,2,115
1359,60,4,2,1,99
1360,60,4,2,2,108
1361,60,4,3,1,96
1362,60,4,3,2,97
1363,60,4,4,1,97
1364,60,4,4,2,93
1365,60,4,5,1,97
1366,60,4,5,2,91
1367,60,4,6,1,98
1368,60,4,6,2,93
1369,61,5,1,1,129
1370,61,5,1,2,128
1371,61,5,2,1,125
1372,61,5,2,2,116
1373,61,5,3,1,124
1374,61,5,3,2,111
1375,61,5,4,1,125
1376,61,5,4,2,111
1377,61,5,5,1,124
1378,61,5,5,2,117
1379,61,5,6,1,122
1380,61,5,6,2,116
1381,61,5,1,1,125
1382,61,5,1,2,123
1383,61,5,2,1,121
1384,61,5,2,2,111
1385,61,5,3,1,119
1386,61,5,3,2,107
1387,61,5,4,1,122
1388,61,5,4,2,108
1389,61,5,5,1,121
1390,61,5,5,2,113
1391,61,5,6,1,119
1392,61,5,6,2,114
1393,62,5,1,1,91
1394,62,5,1,2,111
1395,62,5,2,1,100
1396,62,5,2,2,107
1397,62,5,3,1,99
1398,62,5,3,2,102
1399,62,5,4,1,90
1400,62,5,4,2,99
1401,62,5,5,1,93
1402,62,5,5,2,99
1403,62,5,6,1,95
1404,62,5,6,2,94
1405,62,5,1,1,92
1406,62,5,1,2,117
1407,62,5,2,1,100
1408,62,5,2,2,111
1409,62,5,3,1,98
1410,62,5,3,2,105
1411,62,5,4,1,90
1412,62,5,4,2,103
1413,62,5,5,1,94
1414,62,5,5,2,105
1415,62,5,6,1,95
1416,62,5,6,2,97
1417,63,5,1,1,116
1418,63,5,1,2,105
1419,63,5,2,1,124
1420,63,5,2,2,146
1421,63,5,3,1,129
1422,63,5,3,2,165
1423,63,5,4,1,121
1424,63,5,4,2,162
1425,63,5,5,1,116
1426,63,5,5,2,136
1427,63,5,6,1,110
1428,63,5,6,2,125
1429,63,5,1,1,116
1430,63,5,1,2,103
1431,63,5,2,1,123
1432,63,5,2,2,143
1433,63,5,3,1,128
1434,63,5,3,2,161
1435,63,5,4,1,121
1436,63,5,4,2,159
1437,63,5,5,1,115
1438,63,5,5,2,132
1439,63,5,6,1,110
1440,63,5,6,2,123
1441,64,5,1,1,99
1442,64,5,1,2,121
1443,64,5,2,1,102
1444,64,5,2,2,111
1445,64,5,3,1,108
1446,64,5,3,2,107
1447,64,5,4,1,116
1448,64,5,4,2,113
1449,64,5,5,1,116
1450,64,5,5,2,122
1451,64,5,6,1,115
1452,64,5,6,2,118
1453,64,5,1,1,90
1454,64,5,1,2,111
1455,64,5,2,1,94
1456,64,5,2,2,102
1457,64,5,3,1,98
1458,64,5,3,2,98
1459,64,5,4,1,107
1460,64,5,4,2,107
1461,64,5,5,1,108
1462,64,5,5,2,116
1463,64,5,6,1,108
1464,64,5,6,2,113
1465,65,5,1,1,137
1466,65,5,1,2,71
1467,65,5,2,1,132
1468,65,5,2,2,88
1469,65,5,3,1,139
1470,65,5,3,2,126
1471,65,5,4,1,130
1472,65,5,4,2,139
1473,65,5,5,1,120
1474,65,5,5,2,121
1475,65,5,6,1,115
1476,65,5,6,2,115
1477,65,5,1,1,130
1478,65,5,1,2,71
1479,65,5,2,1,124
1480,65,5,2,2,88
1481,65,5,3,1,124
1482,65,5,3,2,115
1483,65,5,4,1,120
1484,65,5,4,2,129
1485,65,5,5,1,113
1486,65,5,5,2,114
1487,65,5,6,1,110
1488,65,5,6,2,110
1489,66,5,1,1,122
1490,66,5,1,2,97
1491,66,5,2,1,121
1492,66,5,2,2,136
1493,66,5,3,1,130
1494,66,5,3,2,159
1495,66,5,4,1,124
1496,66,5,4,2,156
1497,66,5,5,1,116
1498,66,5,5,2,133
1499,66,5,6,1,112
1500,66,5,6,2,124
1501,66,5,1,1,113
1502,66,5,1,2,87
1503,66,5,2,1,111
1504,66,5,2,2,120
1505,66,5,3,1,112
1506,66,5,3,2,132
1507,66,5,4,1,110
1508,66,5,4,2,133
1509,66,5,5,1,106
1510,66,5,5,2,118
1511,66,5,6,1,104
1512,66,5,6,2,113
1513,67,5,1,1,103
1514,67,5,1,2,171
1515,67,5,2,1,109
1516,67,5,2,2,154
1517,67,5,3,1,105
1518,67,5,3,2,143
1519,67,5,4,1,100
1520,67,5,4,2,142
1521,67,5,5,1,99
1522,67,5,5,2,133
1523,67,5,6,1,101
1524,67,5,6,2,125
1525,67,5,1,1,100
1526,67,5,1,2,165
1527,67,5,2,1,104
1528,67,5,2,2,149
1529,67,5,3,1,101
1530,67,5,3,2,139
1531,67,5,4,1,97
1532,67,5,4,2,141
1533,67,5,5,1,97
1534,67,5,5,2,131
1535,67,5,6,1,98
1536,67,5,6,2,121
1537,68,5,1,1,112
1538,68,5,1,2,44
1539,68,5,2,1,106
1540,68,5,2,2,52
1541,68,5,3,1,121
1542,68,5,3,2,83
1543,68,5,4,1,116
1544,68,5,4,2,87
1545,68,5,5,1,114
1546,68,5,5,2,89
1547,68,5,6,1,112
1548,68,5,6,2,103
1549,68,5,1,1,98
1550,68,5,1,2,42
1551,68,5,2,1,91
1552,68,5,2,2,51
1553,68,5,3,1,103
1554,68,5,3,2,77
1555,68,5,4,1,100
1556,68,5,4,2,78
1557,68,5,5,1,101
1558,68,5,5,2,84
1559,68,5,6,1,99
1560,68,5,6,2,98
1561,69,5,1,1,91
1562,69,5,1,2,69
1563,69,5,2,1,93
1564,69,5,2,2,68
1565,69,5,3,1,106
1566,69,5,3,2,87
1567,69,5,4,1,114
1568,69,5,4,2,107
1569,69,5,5,1,117
1570,69,5,5,2,124
1571,69,5,6,1,116
1572,69,5,6,2,122
1573,69,5,1,1,88
1574,69,5,1,2,68
1575,69,5,2,1,89
1576,69,5,2,2,66
1577,69,5,3,1,100
1578,69,5,3,2,82
1579,69,5,4,1,107
1580,69,5,4,2,101
1581,69,5,5,1,111
1582,69,5,5,2,117
1583,69,5,6,1,112
1584,69,5,6,2,118
1585,70,5,1,1,126
1586,70,5,1,2,68
1587,70,5,2,1,114
1588,70,5,2,2,64
1589,70,5,3,1,110
1590,70,5,3,2,59
1591,70,5,4,1,120
1592,70,5,4,2,60
1593,70,5,5,1,122
1594,70,5,5,2,80
1595,70,5,6,1,118
1596,70,5,6,2,80
1597,70,5,1,1,113
1598,70,5,1,2,62
1599,70,5,2,1,101
1600,70,5,2,2,56
1601,70,5,3,1,97
1602,70,5,3,2,53
1603,70,5,4,1,108
1604,70,5,4,2,57
1605,70,5,5,1,106
1606,70,5,5,2,69
1607,70,5,6,1,105
1608,70,5,6,2,72
1609,71,5,1,1,122
1610,71,5,1,2,85
1611,71,5,2,1,112
1612,71,5,2,2,71
1613,71,5,3,1,113
1614,71,5,3,2,65
1615,71,5,4,1,124
1616,71,5,4,2,67
1617,71,5,5,1,127
1618,71,5,5,2,85
1619,71,5,6,1,124
1620,71,5,6,2,84
1621,71,5,1,1,114
1622,71,5,1,2,79
1623,71,5,2,1,106
1624,71,5,2,2,68
1625,71,5,3,1,106
1626,71,5,3,2,63
1627,71,5,4,1,118
1628,71,5,4,2,66
1629,71,5,5,1,121
1630,71,5,5,2,81
1631,71,5,6,1,119
1632,71,5,6,2,81
1633,72,5,1,1,118
1634,72,5,1,2,186
1635,72,5,2,1,116
1636,72,5,2,2,162
1637,72,5,3,1,121
1638,72,5,3,2,145
1639,72,5,4,1,107
1640,72,5,4,2,107
1641,72,5,5,1,111
1642,72,5,5,2,120
1643,72,5,6,1,112
1644,72,5,6,2,114
1645,72,5,1,1,116
1646,72,5,1,2,181
1647,72,5,2,1,113
1648,72,5,2,2,158
1649,72,5,3,1,118
1650,72,5,3,2,143
1651,72,5,4,1,106
1652,72,5,4,2,106
1653,72,5,5,1,110
1654,72,5,5,2,121
1655,72,5,6,1,111
1656,72,5,6,2,114
1657,73,5,1,1,119
1658,73,5,1,2,53
1659,73,5,2,1,125
1660,73,5,2,2,68
1661,73,5,3,1,138
1662,73,5,3,2,109
1663,73,5,4,1,120
1664,73,5,4,2,112
1665,73,5,5,1,112
1666,73,5,5,2,104
1667,73,5,6,1,106
1668,73,5,6,2,105
1669,73,5,1,1,126
1670,73,5,1,2,63
1671,73,5,2,1,129
1672,73,5,2,2,83
1673,73,5,3,1,139
1674,73,5,3,2,117
1675,73,5,4,1,124
1676,73,5,4,2,121
1677,73,5,5,1,114
1678,73,5,5,2,110
1679,73,5,6,1,108
1680,73,5,6,2,109
1681,74,5,1,1,89
1682,74,5,1,2,165
1683,74,5,2,1,100
1684,74,5,2,2,169
1685,74,5,3,1,110
1686,74,5,3,2,174
1687,74,5,4,1,108
1688,74,5,4,2,143
1689,74,5,5,1,114
1690,74,5,5,2,135
1691,74,5,6,1,113
1692,74,5,6,2,122
1693,74,5,1,1,81
1694,74,5,1,2,142
1695,74,5,2,1,91
1696,74,5,2,2,150
1697,74,5,3,1,97
1698,74,5,3,2,152
1699,74,5,4,1,94
1700,74,5,4,2,126
1701,74,5,5,1,100
1702,74,5,5,2,125
1703,74,5,6,1,101
1704,74,5,6,2,113
1705,75,5,1,1,95
1706,75,5,1,2,37
1707,75,5,2,1,99
1708,75,5,2,2,43
1709,75,5,3,1,109
1710,75,5,3,2,78
1711,75,5,4,1,108
1712,75,5,4,2,78
1713,75,5,5,1,101
1714,75,5,5,2,72
1715,75,5,6,1,100
1716,75,5,6,2,81
1717,75,5,1,1,87
1718,75,5,1,2,35
1719,75,5,2,1,90
1720,75,5,2,2,41
1721,75,5,3,1,101
1722,75,5,3,2,75
1723,75,5,4,1,100
1724,75,5,4,2,75
1725,75,5,5,1,95
1726,75,5,5,2,72
1727,75,5,6,1,94
1728,75,5,6,2,80
1729,76,5,1,1,98
1730,76,5,1,2,154
1731,76,5,2,1,103
1732,76,5,2,2,124
1733,76,5,3,1,97
1734,76,5,3,2,116
1735,76,5,4,1,92
1736,76,5,4,2,110
1737,76,5,5,1,91
1738,76,5,5,2,105
1739,76,5,6,1,94
1740,76,5,6,2,105
1741,76,5,1,1,84
1742,76,5,1,2,137
1743,76,5,2,1,89
1744,76,5,2,2,112
1745,76,5,3,1,84
1746,76,5,3,2,100
1747,76,5,4,1,81
1748,76,5,4,2,97
1749,76,5,5,1,82
1750,76,5,5,2,94
1751,76,5,6,1,86
1752,76,5,6,2,94
1753,77,5,1,1,56
1754,77,5,1,2,38
1755,77,5,2,1,61
1756,77,5,2,2,36
1757,77,5,3,1,70
1758,77,5,3,2,32
1759,77,5,4,1,78
1760,77,5,4,2,29
1761,77,5,5,1,87
1762,77,5,5,2,35
1763,77,5,6,1,93
1764,77,5,6,2,42
1765,77,5,1,1,59
1766,77,5,1,2,45
1767,77,5,2,1,66
1768,77,5,2,2,43
1769,77,5,3,1,77
1770,77,5,3,2,47
1771,77,5,4,1,83
1772,77,5,4,2,46
1773,77,5,5,1,89
1774,77,5,5,2,57
1775,77,5,6,1,95
1776,77,5,6,2,69
1777,78,5,1,1,108
1778,78,5,1,2,228
1779,78,5,2,1,113
1780,78,5,2,2,195
1781,78,5,3,1,110
1782,78,5,3,2,175
1783,78,5,4,1,106
1784,78,5,4,2,162
1785,78,5,5,1,99
1786,78,5,5,2,141
1787,78,5,6,1,101
1788,78,5,6,2,135
1789,78,5,1,1,95
1790,78,5,1,2,193
1791,78,5,2,1,96
1792,78,5,2,2,162
1793,78,5,3,1,93
1794,78,5,3,2,136
1795,78,5,4,1,90
1796,78,5,4,2,127
1797,78,5,5,1,88
1798,78,5,5,2,115
1799,78,5,6,1,91
1800,78,5,6,2,113
1801,79,5,1,1,125
1802,79,5,1,2,217
1803,79,5,2,1,137
1804,79,5,2,2,212
1805,79,5,3,1,132
1806,79,5,3,2,179
1807,79,5,4,1,118
1808,79,5,4,2,136
1809,79,5,5,1,123
1810,79,5,5,2,165
1811,79,5,6,1,131
1812,79,5,6,2,169
1813,79,5,1,1,131
1814,79,5,1,2,226
1815,79,5,2,1,139
1816,79,5,2,2,212
1817,79,5,3,1,134
1818,79,5,3,2,180
1819,79,5,4,1,120
1820,79,5,4,2,131
1821,79,5,5,1,122
1822,79,5,5,2,158
1823,79,5,6,1,131
1824,79,5,6,2,164
1825,80,5,1,1,55
1826,80,5,1,2,33
1827,80,5,2,1,64
1828,80,5,2,2,40
1829,80,5,3,1,72
1830,80,5,3,2,71
1831,80,5,4,1,70
1832,80,5,4,2,65
1833,80,5,5,1,69
1834,80,5,5,2,65
1835,80,5,6,1,69
1836,80,5,6,2,62
1837,80,5,1,1,55
1838,80,5,1,2,33
1839,80,5,2,1,64
1840,80,5,2,2,40
1841,80,5,3,1,72
1842,80,5,3,2,71
1843,80,5,4,1,70
1844,80,5,4,2,65
1845,80,5,5,1,69
1846,80,5,5,2,65
1847,80,5,6,1,69
1848,80,5,6,2,62
1849,81,5,1,1,117
1850,81,5,1,2,113
1851,81,5,2,1,125
1852,81,5,2,2,146
1853,81,5,3,1,128
1854,81,5,3,2,173
1855,81,5,4,1,129
1856,81,5,4,2,180
1857,81,5,5,1,118
1858,81,5,5,2,146
1859,81,5,6,1,116
1860,81,5,6,2,128
1861,81,5,1,1,118
1862,81,5,1,2,111
1863,81,5,2,1,126
1864,81,5,2,2,147
1865,81,5,3,1,127
1866,81,5,3,2,170
1867,81,5,4,1,128
1868,81,5,4,2,175
1869,81,5,5,1,117
1870,81,5,5,2,143
1871,81,5,6,1,115
1872,81,5,6,2,127
1873,82,5,1,1,117
1874,82,5,1,2,80
1875,82,5,2,1,111
1876,82,5,2,2,64
1877,82,5,3,1,112
1878,82,5,3,2,55
1879,82,5,4,1,114
1880,82,5,4,2,63
1881,82,5,5,1,124
1882,82,5,5,2,98
1883,82,5,6,1,127
1884,82,5,6,2,110
1885,82,5,1,1,91
1886,82,5,1,2,64
1887,82,5,2,1,85
1888,82,5,2,2,53
1889,82,5,3,1,88
1890,82,5,3,2,51
1891,82,5,4,1,95
1892,82,5,4,2,58
1893,82,5,5,1,103
1894,82,5,5,2,83
1895,82,5,6,1,109
1896,82,5,6,2,94
1897,83,5,1,1,129
1898,83,5,1,2,57
1899,83,5,2,1,131
1900,83,5,2,2,69
1901,83,5,3,1,136
1902,83,5,3,2,90
1903,83,5,4,1,120
1904,83,5,4,2,83
1905,83,5,5,1,107
1906,83,5,5,2,69
1907,83,5,6,1,98
1908,83,5,6,2,66
1909,83,5,1,1,102
1910,83,5,1,2,47
1911,83,5,2,1,103
1912,83,5,2,2,56
1913,83,5,3,1,89
1914,83,5,3,2,63
1915,83,5,4,1,91
1916,83,5,4,2,64
1917,83,5,5,1,85
1918,83,5,5,2,55
1919,83,5,6,1,83
1920,83,5,6,2,57
1921,84,5,1,1,139
1922,84,5,1,2,129
1923,84,5,2,1,133
1924,84,5,2,2,125
1925,84,5,3,1,136
1926,84,5,3,2,130
1927,84,5,4,1,144
1928,84,5,4,2,148
1929,84,5,5,1,134
1930,84,5,5,2,141
1931,84,5,6,1,134
1932,84,5,6,2,142
1933,84,5,1,1,117
1934,84,5,1,2,98
1935,84,5,2,1,109
1936,84,5,2,2,93
1937,84,5,3,1,102
1938,84,5,3,2,92
1939,84,5,4,1,112
1940,84,5,4,2,106
1941,84,5,5,1,108
1942,84,5,5,2,109
1943,84,5,6,1,118
1944,84,5,6,2,127
1945,85,5,1,1,97
1946,85,5,1,2,233
1947,85,5,2,1,104
1948,85,5,2,2,206
1949,85,5,3,1,111
1950,85,5,3,2,185
1951,85,5,4,1,109
1952,85,5,4,2,163
1953,85,5,5,1,107
1954,85,5,5,2,151
1955,85,5,6,1,107
1956,85,5,6,2,135
1957,85,5,1,1,69
1958,85,5,1,2,150
1959,85,5,2,1,70
1960,85,5,2,2,123
1961,85,5,3,1,72
1962,85,5,3,2,108
1963,85,5,4,1,68
1964,85,5,4,2,93
1965,85,5,5,1,69
1966,85,5,5,2,87
1967,85,5,6,1,73
1968,85,5,6,2,84
1969,86,5,1,1,69
1970,86,5,1,2,60
1971,86,5,2,1,82
1972,86,5,2,2,63
1973,86,5,3,1,93
1974,86,5,3,2,61
1975,86,5,4,1,85
1976,86,5,4,2,50
1977,86,5,5,1,85
1978,86,5,5,2,58
1979,86,5,6,1,90
1980,86,5,6,2,66
1981,86,5,1,1,69
1982,86,5,1,2,60
1983,86,5,2,1,82
1984,86,5,2,2,63
1985,86,5,3,1,93
1986,86,5,3,2,61
1987,86,5,4,1,85
1988,86,5,4,2,50
1989,86,5,5,1,85
1990,86,5,5,2,58
1991,86,5,6,1,90
1992,86,5,6,2,66
1993,87,5,1,1,121
1994,87,5,1,2,58
1995,87,5,2,1,116
1996,87,5,2,2,53
1997,87,5,3,1,104
1998,87,5,3,2,49
1999,87,5,4,1,123
2000,87,5,4,2,46
2001,87,5,5,1,125
2002,87,5,5,2,59
2003,87,5,6,1,123
2004,87,5,6,2,66
2005,88,6,1,1,118
2006,88,6,1,2,160
2007,88,6,2,1,122
2008,88,6,2,2,153
2009,88,6,3,1,120
2010,88,6,3,2,152
2011,88,6,4,1,120
2012,88,6,4,2,151
2013,88,6,5,1,121
2014,88,6,5,2,150
2015,88,6,6,1,119
2016,88,6,6,2,147
2017,88,6,1,1,104
2018,88,6,1,2,114
2019,88,6,2,1,107
2020,88,6,2,2,105
2021,88,6,3,1,105
2022,88,6,3,2,105
2023,88,6,4,1,106
2024,88,6,4,2,104
2025,88,6,5,1,105
2026,88,6,5,2,103
2027,88,6,6,1,107
2028,88,6,6,2,109
2029,89,6,1,1,123
2030,89,6,1,2,161
2031,89,6,2,1,126
2032,89,6,2,2,164
2033,89,6,3,1,128
2034,89,6,3,2,158
2035,89,6,4,1,119
2036,89,6,4,2,152
2037,89,6,5,1,117
2038,89,6,5,2,146
2039,89,6,6,1,116
2040,89,6,6,2,141
2041,89,6,1,1,117
2042,89,6,1,2,124
2043,89,6,2,1,116
2044,89,6,2,2,123
2045,89,6,3,1,116
2046,89,6,3,2,120
2047,89,6,4,1,112
2048,89,6,4,2,118
2049,89,6,5,1,111
2050,89,6,5,2,114
2051,89,6,6,1,112
2052,89,6,6,2,114
2053,90,6,1,1,122
2054,90,6,1,2,178
2055,90,6,2,1,129
2056,90,6,2,2,186
2057,90,6,3,1,135
2058,90,6,3,2,181
2059,90,6,4,1,125
2060,90,6,4,2,172
2061,90,6,5,1,121
2062,90,6,5,2,169
2063,90,6,6,1,121
2064,90,6,6,2,163
2065,90,6,1,1,110
2066,90,6,1,2,151
2067,90,6,2,1,114
2068,90,6,2,2,151
2069,90,6,3,1,118
2070,90,6,3,2,148
2071,90,6,4,1,112
2072,90,6,4,2,142
2073,90,6,5,1,110
2074,90,6,5,2,141
2075,90,6,6,1,108
2076,90,6,6,2,137
2077,91,6,1,1,109
2078,91,6,1,2,121
2079,91,6,2,1,107
2080,91,6,2,2,121
2081,91,6,3,1,108
2082,91,6,3,2,117
2083,91,6,4,1,108
2084,91,6,4,2,121
2085,91,6,5,1,106
2086,91,6,5,2,121
2087,91,6,6,1,103
2088,91,6,6,2,118
2089,91,6,1,1,102
2090,91,6,1,2,97
2091,91,6,2,1,100
2092,91,6,2,2,99
2093,91,6,3,1,101
2094,91,6,3,2,96
2095,91,6,4,1,101
2096,91,6,4,2,101
2097,91,6,5,1,102
2098,91,6,5,2,103
2099,91,6,6,1,100
2100,91,6,6,2,102
2101,92,6,1,1,121
2102,92,6,1,2,131
2103,92,6,2,1,117
2104,92,6,2,2,141
2105,92,6,3,1,122
2106,92,6,3,2,144
2107,92,6,4,1,117
2108,92,6,4,2,135
2109,92,6,5,1,115
2110,92,6,5,2,134
2111,92,6,6,1,122
2112,92,6,6,2,138
2113,92,6,1,1,110
2114,92,6,1,2,104
2115,92,6,2,1,108
2116,92,6,2,2,109
2117,92,6,3,1,109
2118,92,6,3,2,111
2119,92,6,4,1,106
2120,92,6,4,2,105
2121,92,6,5,1,105
2122,92,6,5,2,103
2123,92,6,6,1,111
2124,92,6,6,2,109
2125,93,6,1,1,125
2126,93,6,1,2,153
2127,93,6,2,1,125
2128,93,6,2,2,154
2129,93,6,3,1,124
2130,93,6,3,2,151
2131,93,6,4,1,120
2132,93,6,4,2,153
2133,93,6,5,1,124
2134,93,6,5,2,158
2135,93,6,6,1,118
2136,93,6,6,2,146
2137,93,6,1,1,116
2138,93,6,1,2,130
2139,93,6,2,1,114
2140,93,6,2,2,128
2141,93,6,3,1,116
2142,93,6,3,2,134
2143,93,6,4,1,116
2144,93,6,4,2,138
2145,93,6,5,1,118
2146,93,6,5,2,138
2147,93,6,6,1,109
2148,93,6,6,2,126
2149,94,6,1,1,143
2150,94,6,1,2,200
2151,94,6,2,1,134
2152,94,6,2,2,190
2153,94,6,3,1,137
2154,94,6,3,2,184
2155,94,6,4,1,129
2156,94,6,4,2,178
2157,94,6,5,1,131
2158,94,6,5,2,182
2159,94,6,6,1,124
2160,94,6,6,2,167
2161,95,6,1,1,94
2162,95,6,1,2,103
2163,95,6,2,1,97
2164,95,6,2,2,114
2165,95,6,3,1,98
2166,95,6,3,2,112
2167,95,6,4,1,101
2168,95,6,4,2,107
2169,95,6,5,1,101
2170,95,6,5,2,103
2171,95,6,6,1,103
2172,95,6,6,2,107
2173,95,6,1,1,85
2174,95,6,1,2,80
2175,95,6,2,1,85
2176,95,6,2,2,87
2177,95,6,3,1,84
2178,95,6,3,2,86
2179,95,6,4,1,88
2180,95,6,4,2,83
2181,95,6,5,1,88
2182,95,6,5,2,81
2183,95,6,6,1,90
2184,95,6,6,2,84
2185,96,6,1,1,122
2186,96,6,1,2,185
2187,96,6,2,1,126
2188,96,6,2,2,186
2189,96,6,3,1,135
2190,96,6,3,2,192
2191,96,6,4,1,130
2192,96,6,4,2,186
2193,96,6,5,1,130
2194,96,6,5,2,186
2195,96,6,6,1,126
2196,96,6,6,2,175
2197,96,6,1,1,112
2198,96,6,1,2,152
2199,96,6,2,1,114
2200,96,6,2,2,153
2201,96,6,3,1,122
2202,96,6,3,2,165
2203,96,6,4,1,120
2204,96,6,4,2,165
2205,96,6,5,1,120
2206,96,6,5,2,165
2207,96,6,6,1,114
2208,96,6,6,2,151
2209,97,6,1,1,107
2210,97,6,1,2,107
2211,97,6,2,1,113
2212,97,6,2,2,109
2213,97,6,3,1,113
2214,97,6,3,2,111
2215,97,6,4,1,115
2216,97,6,4,2,111
2217,97,6,5,1,111
2218,97,6,5,2,106
2219,97,6,6,1,110
2220,97,6,6,2,106
2221,97,6,1,1,102
2222,97,6,1,2,96
2223,97,6,2,1,105
2224,97,6,2,2,92
2225,97,6,3,1,106
2226,97,6,3,2,93
2227,97,6,4,1,102
2228,97,6,4,2,94
2229,97,6,5,1,102
2230,97,6,5,2,95
2231,97,6,6,1,105
2232,97,6,6,2,104
2233,98,6,1,1,115
2234,98,6,1,2,118
2235,98,6,2,1,111
2236,98,6,2,2,99
2237,98,6,3,1,112
2238,98,6,3,2,99
2239,98,6,4,1,113
2240,98,6,4,2,94
2241,98,6,5,1,114
2242,98,6,5,2,89
2243,98,6,6,1,117
2244,98,6,6,2,108
2245,99,6,1,1,96
2246,99,6,1,2,114
2247,99,6,2,1,98
2248,99,6,2,2,114
2249,99,6,3,1,106
2250,99,6,3,2,122
2251,99,6,4,1,112
2252,99,6,4,2,129
2253,99,6,5,1,109
2254,99,6,5,2,129
2255,99,6,6,1,104
2256,99,6,6,2,123
2257,99,6,1,1,93
2258,99,6,1,2,90
2259,99,6,2,1,97
2260,99,6,2,2,92
2261,99,6,3,1,101
2262,99,6,3,2,97
2263,99,6,4,1,105
2264,99,6,4,2,101
2265,99,6,5,1,102
2266,99,6,5,2,102
2267,99,6,6,1,97
2268,99,6,6,2,103
2269,100,7,1,1,92
2270,100,7,1,2,44
2271,100,7,2,1,109
2272,100,7,2,2,116
2273,100,7,3,1,97
2274,100,7,3,2,94
2275,100,7,4,1,91
2276,100,7,4,2,87
2277,100,7,5,1,95
2278,100,7,5,2,102
2279,100,7,6,1,112
2280,100,7,6,2,126
2281,100,7,1,1,92
2282,100,7,1,2,44
2283,100,7,2,1,109
2284,100,7,2,2,116
2285,100,7,3,1,97
2286,100,7,3,2,94
2287,100,7,4,1,91
2288,100,7,4,2,87
2289,100,7,5,1,95
2290,100,7,5,2,102
2291,100,7,6,1,112
2292,100,7,6,2,126
2293,101,7,1,1,128
2294,101,7,1,2,128
2295,101,7,2,1,139
2296,101,7,2,2,153
2297,101,7,3,1,111
2298,101,7,3,2,112
2299,101,7,4,1,98
2300,101,7,4,2,89
2301,101,7,5,1,98
2302,101,7,5,2,98
2303,101,7,6,1,111
2304,101,7,6,2,120
2305,101,7,1,1,128
2306,101,7,1,2,128
2307,101,7,2,1,139
2308,101,7,2,2,153
2309,101,7,3,1,111
2310,101,7,3,2,112
2311,101,7,4,1,98
2312,101,7,4,2,89
2313,101,7,5,1,98
2314,101,7,5,2,98
2315,101,7,6,1,111
2316,101,7,6,2,120
2317,102,7,1,1,117
2318,102,7,1,2,41
2319,102,7,2,1,100
2320,102,7,2,2,25
2321,102,7,3,1,108
2322,102,7,3,2,82
2323,102,7,4,1,101
2324,102,7,4,2,91
2325,102,7,5,1,102
2326,102,7,5,2,102
2327,102,7,6,1,96
2328,102,7,6,2,94
2329,102,7,1,1,117
2330,102,7,1,2,41
2331,102,7,2,1,100
2332,102,7,2,2,25
2333,102,7,3,1,108
2334,102,7,3,2,82
2335,102,7,4,1,101
2336,102,7,4,2,91
2337,102,7,5,1,102
2338,102,7,5,2,102
2339,102,7,6,1,96
2340,102,7,6,2,94
2341,103,7,1,1,123
2342,103,7,1,2,67
2343,103,7,2,1,131
2344,103,7,2,2,117
2345,103,7,3,1,118
2346,103,7,3,2,108
2347,103,7,4,1,101
2348,103,7,4,2,85
2349,103,7,5,1,96
2350,103,7,5,2,92
2351,103,7,6,1,98
2352,103,7,6,2,98
2353,103,7,1,1,123
2354,103,7,1,2,67
2355,103,7,2,1,131
2356,103,7,2,2,117
2357,103,7,3,1,118
2358,103,7,3,2,108
2359,103,7,4,1,101
2360,103,7,4,2,85
2361,103,7,5,1,96
2362,103,7,5,2,92
2363,103,7,6,1,98
2364,103,7,6,2,98
2365,104,7,1,1,119
2366,104,7,1,2,134
2367,104,7,2,1,130
2368,104,7,2,2,149
2369,104,7,3,1,101
2370,104,7,3,2,101
2371,104,7,4,1,92
2372,104,7,4,2,88
2373,104,7,5,1,90
2374,104,7,5,2,86
2375,104,7,6,1,101
2376,104,7,6,2,102
2377,104,7,1,1,119
2378,104,7,1,2,134
2379,104,7,2,1,130
2380,104,7,2,2,149
2381,104,7,3,1,101
2382,104,7,3,2,101
2383,104,7,4,1,92
2384,104,7,4,2,88
2385,104,7,5,1,90
2386,104,7,5,2,86
2387,104,7,6,1,101
2388,104,7,6,2,102
2389,105,7,1,1,85
2390,105,7,1,2,58
2391,105,7,2,1,89
2392,105,7,2,2,68
2393,105,7,3,1,92
2394,105,7,3,2,69
2395,105,7,4,1,92
2396,105,7,4,2,69
2397,105,7,5,1,96
2398,105,7,5,2,88
2399,105,7,6,1,107
2400,105,7,6,2,102
2401,105,7,1,1,84
2402,105,7,1,2,58
2403,105,7,2,1,89
2404,105,7,2,2,68
2405,105,7,3,1,92
2406,105,7,3,2,69
2407,105,7,4,1,92
2408,105,7,4,2,69
2409,105,7,5,1,97
2410,105,7,5,2,88
2411,105,7,6,1,107
2412,105,7,6,2,102
2413,106,7,1,1,90
2414,106,7,1,2,165
2415,106,7,2,1,106
2416,106,7,2,2,160
2417,106,7,3,1,87
2418,106,7,3,2,108
2419,106,7,4,1,79
2420,106,7,4,2,96
2421,106,7,5,1,82
2422,106,7,5,2,99
2423,106,7,6,1,95
2424,106,7,6,2,112
2425,106,7,1,1,90
2426,106,7,1,2,165
2427,106,7,2,1,106
2428,106,7,2,2,160
2429,106,7,3,1,87
2430,106,7,3,2,108
2431,106,7,4,1,79
2432,106,7,4,2,96
2433,106,7,5,1,82
2434,106,7,5,2,99
2435,106,7,6,1,95
2436,106,7,6,2,112
2437,107,7,1,1,92
2438,107,7,1,2,34
2439,107,7,2,1,68
2440,107,7,2,2,21
2441,107,7,3,1,83
2442,107,7,3,2,48
2443,107,7,4,1,90
2444,107,7,4,2,62
2445,107,7,5,1,98
2446,107,7,5,2,88
2447,107,7,6,1,100
2448,107,7,6,2,83
2449,107,7,1,1,92
2450,107,7,1,2,34
2451,107,7,2,1,68
2452,107,7,2,2,21
2453,107,7,3,1,83
2454,107,7,3,2,48
2455,107,7,4,1,90
2456,107,7,4,2,62
2457,107,7,5,1,98
2458,107,7,5,2,88
2459,107,7,6,1,100
2460,107,7,6,2,83
2461,108,7,1,1,72
2462,108,7,1,2,40
2463,108,7,2,1,69
2464,108,7,2,2,39
2465,108,7,3,1,90
2466,108,7,3,2,75
2467,108,7,4,1,98
2468,108,7,4,2,94
2469,108,7,5,1,97
2470,108,7,5,2,92
2471,108,7,6,1,100
2472,108,7,6,2,100
2473,108,7,1,1,84
2474,108,7,1,2,62
2475,108,7,2,1,76
2476,108,7,2,2,51
2477,108,7,3,1,94
2478,108,7,3,2,82
2479,108,7,4,1,97
2480,108,7,4,2,94
2481,108,7,5,1,94
2482,108,7,5,2,91
2483,108,7,6,1,100
2484,108,7,6,2,100
2485,109,7,1,1,101
2486,109,7,1,2,57
2487,109,7,2,1,90
2488,109,7,2,2,55
2489,109,7,3,1,99
2490,109,7,3,2,85
2491,109,7,4,1,102
2492,109,7,4,2,91
2493,109,7,5,1,101
2494,109,7,5,2,90
2495,109,7,6,1,106
2496,109,7,6,2,97
2497,109,7,1,1,101
2498,109,7,1,2,56
2499,109,7,2,1,90
2500,109,7,2,2,54
2501,109,7,3,1,99
2502,109,7,3,2,85
2503,109,7,4,1,102
2504,109,7,4,2,93
2505,109,7,5,1,101
2506,109,7,5,2,92
2507,109,7,6,1,106
2508,109,7,6,2,98
2509,110,7,1,1,116
2510,110,7,1,2,111
2511,110,7,2,1,114
2512,110,7,2,2,111
2513,110,7,3,1,112
2514,110,7,3,2,112
2515,110,7,4,1,110
2516,110,7,4,2,111
2517,110,7,5,1,109
2518,110,7,5,2,110
2519,110,7,6,1,106
2520,110,7,6,2,108
2521,110,7,1,1,113
2522,110,7,1,2,112
2523,110,7,2,1,112
2524,110,7,2,2,111
2525,110,7,3,1,110
2526,110,7,3,2,110
2527,110,7,4,1,109
2528,110,7,4,2,110
2529,110,7,5,1,108
2530,110,7,5,2,109
2531,110,7,6,1,105
2532,110,7,6,2,107
2533,111,7,1,1,66
2534,111,7,1,2,30
2535,111,7,2,1,71
2536,111,7,2,2,74
2537,111,7,3,1,95
2538,111,7,3,2,100
2539,111,7,4,1,93
2540,111,7,4,2,95
2541,111,7,5,1,90
2542,111,7,5,2,90
2543,111,7,6,1,85
2544,111,7,6,2,80
2545,111,7,1,1,55
2546,111,7,1,2,27
2547,111,7,2,1,69
2548,111,7,2,2,76
2549,111,7,3,1,94
2550,111,7,3,2,104
2551,111,7,4,1,89
2552,111,7,4,2,88
2553,111,7,5,1,86
2554,111,7,5,2,85
2555,111,7,6,1,80
2556,111,7,6,2,76
2557,112,7,1,1,63
2558,112,7,1,2,31
2559,112,7,2,1,66
2560,112,7,2,2,77
2561,112,7,3,1,65
2562,112,7,3,2,74
2563,112,7,4,1,69
2564,112,7,4,2,82
2565,112,7,5,1,86
2566,112,7,5,2,97
2567,112,7,6,1,80
2568,112,7,6,2,84
2569,112,7,1,1,63
2570,112,7,1,2,31
2571,112,7,2,1,66
2572,112,7,2,2,77
2573,112,7,3,1,65
2574,112,7,3,2,74
2575,112,7,4,1,69
2576,112,7,4,2,82
2577,112,7,5,1,86
2578,112,7,5,2,97
2579,112,7,6,1,80
2580,112,7,6,2,84
2581,113,7,1,1,93
2582,113,7,1,2,64
2583,113,7,2,1,97
2584,113,7,2,2,90
2585,113,7,3,1,97
2586,113,7,3,2,88
2587,113,7,4,1,102
2588,113,7,4,2,91
2589,113,7,5,1,101
2590,113,7,5,2,84
2591,113,7,6,1,110
2592,113,7,6,2,97
2593,113,7,1,1,91
2594,113,7,1,2,81
2595,113,7,2,1,93
2596,113,7,2,2,91
2597,113,7,3,1,94
2598,113,7,3,2,91
2599,113,7,4,1,99
2600,113,7,4,2,94
2601,113,7,5,1,100
2602,113,7,5,2,91
2603,113,7,6,1,107
2604,113,7,6,2,99
2605,114,7,1,1,69
2606,114,7,1,2,58
2607,114,7,2,1,62
2608,114,7,2,2,46
2609,114,7,3,1,89
2610,114,7,3,2,94
2611,114,7,4,1,93
2612,114,7,4,2,94
2613,114,7,5,1,93
2614,114,7,5,2,85
2615,114,7,6,1,98
2616,114,7,6,2,91
2617,114,7,1,1,69
2618,114,7,1,2,58
2619,114,7,2,1,62
2620,114,7,2,2,46
2621,114,7,3,1,89
2622,114,7,3,2,94
2623,114,7,4,1,93
2624,114,7,4,2,94
2625,114,7,5,1,93
2626,114,7,5,2,85
2627,114,7,6,1,98
2628,114,7,6,2,91
2629,115,7,1,1,78
2630,115,7,1,2,65
2631,115,7,2,1,63
2632,115,7,2,2,48
2633,115,7,3,1,79
2634,115,7,3,2,62
2635,115,7,4,1,88
2636,115,7,4,2,77
2637,115,7,5,1,90
2638,115,7,5,2,74
2639,115,7,6,1,103
2640,115,7,6,2,96
2641,115,7,1,1,78
2642,115,7,1,2,73
2643,115,7,2,1,62
2644,115,7,2,2,51
2645,115,7,3,1,79
2646,115,7,3,2,63
2647,115,7,4,1,87
2648,115,7,4,2,76
2649,115,7,5,1,90
2650,115,7,5,2,75
2651,115,7,6,1,102
2652,115,7,6,2,96
2653,116,7,1,1,83
2654,116,7,1,2,100
2655,116,7,2,1,91
2656,116,7,2,2,100
2657,116,7,3,1,95
2658,116,7,3,2,91
2659,116,7,4,1,101
2660,116,7,4,2,95
2661,116,7,5,1,107
2662,116,7,5,2,104
2663,116,7,6,1,116
2664,116,7,6,2,125
2665,116,7,1,1,82
2666,116,7,1,2,99
2667,116,7,2,1,88
2668,116,7,2,2,96
2669,116,7,3,1,94
2670,116,7,3,2,90
2671,116,7,4,1,99
2672,116,7,4,2,94
2673,116,7,5,1,103
2674,116,7,5,2,99
2675,116,7,6,1,114
2676,116,7,6,2,123
2677,117,7,1,1,74
2678,117,7,1,2,98
2679,117,7,2,1,94
2680,117,7,2,2,115
2681,117,7,3,1,85
2682,117,7,3,2,81
2683,117,7,4,1,92
2684,117,7,4,2,83
2685,117,7,5,1,89
2686,117,7,5,2,77
2687,117,7,6,1,97
2688,117,7,6,2,95
2689,117,7,1,1,74
2690,117,7,1,2,98
2691,117,7,2,1,94
2692,117,7,2,2,115
2693,117,7,3,1,85
2694,117,7,3,2,81
2695,117,7,4,1,92
2696,117,7,4,2,83
2697,117,7,5,1,89
2698,117,7,5,2,77
2699,117,7,6,1,97
2700,117,7,6,2,95
2701,118,7,1,1,67
2702,118,7,1,2,68
2703,118,7,2,1,72
2704,118,7,2,2,63
2705,118,7,3,1,85
2706,118,7,3,2,70
2707,118,7,4,1,97
2708,118,7,4,2,78
2709,118,7,5,1,98
2710,118,7,5,2,87
2711,118,7,6,1,95
2712,118,7,6,2,78
2713,118,7,1,1,66
2714,118,7,1,2,68
2715,118,7,2,1,71
2716,118,7,2,2,63
2717,118,7,3,1,83
2718,118,7,3,2,69
2719,118,7,4,1,96
2720,118,7,4,2,78
2721,118,7,5,1,97
2722,118,7,5,2,87
2723,118,7,6,1,94
2724,118,7,6,2,77
2725,119,7,1,1,76
2726,119,7,1,2,83
2727,119,7,2,1,92
2728,119,7,2,2,99
2729,119,7,3,1,103
2730,119,7,3,2,104
2731,119,7,4,1,102
2732,119,7,4,2,97
2733,119,7,5,1,102
2734,119,7,5,2,100
2735,119,7,6,1,103
2736,119,7,6,2,97
2737,119,7,1,1,71
2738,119,7,1,2,83
2739,119,7,2,1,82
2740,119,7,2,2,95
2741,119,7,3,1,97
2742,119,7,3,2,101
2743,119,7,4,1,99
2744,119,7,4,2,100
2745,119,7,5,1,102
2746,119,7,5,2,102
2747,119,7,6,1,102
2748,119,7,6,2,98
2749,120,7,1,1,60
2750,120,7,1,2,80
2751,120,7,2,1,73
2752,120,7,2,2,89
2753,120,7,3,1,85
2754,120,7,3,2,90
2755,120,7,4,1,84
2756,120,7,4,2,84
2757,120,7,5,1,84
2758,120,7,5,2,80
2759,120,7,6,1,87
2760,120,7,6,2,82
2761,120,7,1,1,60
2762,120,7,1,2,80
2763,120,7,2,1,73
2764,120,7,2,2,89
2765,120,7,3,1,85
2766,120,7,3,2,90
2767,120,7,4,1,84
2768,120,7,4,2,84
2769,120,7,5,1,84
2770,120,7,5,2,80
2771,120,7,6,1,87
2772,120,7,6,2,82
2773,121,7,1,1,78
2774,121,7,1,2,105
2775,121,7,2,1,96
2776,121,7,2,2,122
2777,121,7,3,1,106
2778,121,7,3,2,118
2779,121,7,4,1,100
2780,121,7,4,2,103
2781,121,7,5,1,103
2782,121,7,5,2,106
2783,121,7,6,1,95
2784,121,7,6,2,90
2785,121,7,1,1,76
2786,121,7,1,2,104
2787,121,7,2,1,93
2788,121,7,2,2,119
2789,121,7,3,1,103
2790,121,7,3,2,115
2791,121,7,4,1,99
2792,121,7,4,2,102
2793,121,7,5,1,102
2794,121,7,5,2,105
2795,121,7,6,1,94
2796,121,7,6,2,90
2797,122,7,1,1,73
2798,122,7,1,2,92
2799,122,7,2,1,76
2800,122,7,2,2,67
2801,122,7,3,1,81
2802,122,7,3,2,57
2803,122,7,4,1,93
2804,122,7,4,2,84
2805,122,7,5,1,95
2806,122,7,5,2,87
2807,122,7,6,1,94
2808,122,7,6,2,85
2809,122,7,1,1,73
2810,122,7,1,2,92
2811,122,7,2,1,76
2812,122,7,2,2,67
2813,122,7,3,1,81
2814,122,7,3,2,57
2815,122,7,4,1,93
2816,122,7,4,2,84
2817,122,7,5,1,95
2818,122,7,5,2,87
2819,122,7,6,1,94
2820,122,7,6,2,85
2821,123,7,1,1,67
2822,123,7,1,2,81
2823,123,7,2,1,68
2824,123,7,2,2,62
2825,123,7,3,1,84
2826,123,7,3,2,73
2827,123,7,4,1,99
2828,123,7,4,2,88
2829,123,7,5,1,108
2830,123,7,5,2,97
2831,123,7,6,1,107
2832,123,7,6,2,94
2833,123,7,1,1,67
2834,123,7,1,2,81
2835,123,7,2,1,68
2836,123,7,2,2,62
2837,123,7,3,1,84
2838,123,7,3,2,73
2839,123,7,4,1,99
2840,123,7,4,2,88
2841,123,7,5,1,108
2842,123,7,5,2,97
2843,123,7,6,1,107
2844,123,7,6,2,94
2845,124,7,1,1,68
2846,124,7,1,2,78
2847,124,7,2,1,67
2848,124,7,2,2,61
2849,124,7,3,1,85
2850,124,7,3,2,75
2851,124,7,4,1,94
2852,124,7,4,2,89
2853,124,7,5,1,98
2854,124,7,5,2,93
2855,124,7,6,1,96
2856,124,7,6,2,90
2857,124,7,1,1,68
2858,124,7,1,2,78
2859,124,7,2,1,67
2860,124,7,2,2,61
2861,124,7,3,1,85
2862,124,7,3,2,75
2863,124,7,4,1,94
2864,124,7,4,2,89
2865,124,7,5,1,98
2866,124,7,5,2,93
2867,124,7,6,1,96
2868,124,7,6,2,90
2869,125,7,1,1,128
2870,125,7,1,2,241
2871,125,7,2,1,166
2872,125,7,2,2,277
2873,125,7,3,1,124
2874,125,7,3,2,154
2875,125,7,4,1,103
2876,125,7,4,2,90
2877,125,7,5,1,101
2878,125,7,5,2,84
2879,125,7,6,1,109
2880,125,7,6,2,85
2881,125,7,1,1,128
2882,125,7,1,2,241
2883,125,7,2,1,166
2884,125,7,2,2,277
2885,125,7,3,1,124
2886,125,7,3,2,154
2887,125,7,4,1,103
2888,125,7,4,2,90
2889,125,7,5,1,101
2890,125,7,5,2,84
2891,125,7,6,1,109
2892,125,7,6,2,85
2893,126,8,1,1,112
2894,126,8,1,2,105
2895,126,8,2,1,117
2896,126,8,2,2,110
2897,126,8,3,1,130
2898,126,8,3,2,138
2899,126,8,4,1,123
2900,126,8,4,2,133
2901,126,8,5,1,121
2902,126,8,5,2,127
2903,126,8,6,1,121
2904,126,8,6,2,129
2905,126,8,1,1,112
2906,126,8,1,2,106
2907,126,8,2,1,117
2908,126,8,2,2,111
2909,126,8,3,1,129
2910,126,8,3,2,137
2911,126,8,4,1,122
2912,126,8,4,2,132
2913,126,8,5,1,121
2914,126,8,5,2,127
2915,126,8,6,1,121
2916,126,8,6,2,128
2917,127,8,1,1,101
2918,127,8,1,2,62
2919,127,8,2,1,109
2920,127,8,2,2,52
2921,127,8,3,1,109
2922,127,8,3,2,68
2923,127,8,4,1,120
2924,127,8,4,2,95
2925,127,8,5,1,120
2926,127,8,5,2,102
2927,127,8,6,1,122
2928,127,8,6,2,99
2929,127,8,1,1,101
2930,127,8,1,2,62
2931,127,8,2,1,108
2932,127,8,2,2,52
2933,127,8,3,1,109
2934,127,8,3,2,68
2935,127,8,4,1,120
2936,127,8,4,2,95
2937,127,8,5,1,120
2938,127,8,5,2,102
2939,127,8,6,1,122
2940,127,8,6,2,99
2941,128,8,1,1,117
2942,128,8,1,2,156
2943,128,8,2,1,116
2944,128,8,2,2,170
2945,128,8,3,1,111
2946,128,8,3,2,128
2947,128,8,4,1,101
2948,128,8,4,2,100
2949,128,8,5,1,101
2950,128,8,5,2,100
2951,128,8,6,1,102
2952,128,8,6,2,106
2953,128,8,1,1,116
2954,128,8,1,2,155
2955,128,8,2,1,114
2956,128,8,2,2,167
2957,128,8,3,1,110
2958,128,8,3,2,127
2959,128,8,4,1,100
2960,128,8,4,2,100
2961,128,8,5,1,100
2962,128,8,5,2,100
2963,128,8,6,1,101
2964,128,8,6,2,105
2965,129,8,1,1,124
2966,129,8,1,2,146
2967,129,8,2,1,119
2968,129,8,2,2,142
2969,129,8,3,1,118
2970,129,8,3,2,137
2971,129,8,4,1,117
2972,129,8,4,2,136
2973,129,8,5,1,120
2974,129,8,5,2,140
2975,129,8,6,1,115
2976,129,8,6,2,129
2977,129,8,1,1,123
2978,129,8,1,2,144
2979,129,8,2,1,117
2980,129,8,2,2,142
2981,129,8,3,1,115
2982,129,8,3,2,133
2983,129,8,4,1,115
2984,129,8,4,2,131
2985,129,8,5,1,116
2986,129,8,5,2,134
2987,129,8,6,1,111
2988,129,8,6,2,125
2989,130,8,1,1,127
2990,130,8,1,2,179
2991,130,8,2,1,115
2992,130,8,2,2,182
2993,130,8,3,1,99
2994,130,8,3,2,132
2995,130,8,4,1,101
2996,130,8,4,2,120
2997,130,8,5,1,103
2998,130,8,5,2,122
2999,130,8,6,1,104
3000,130,8,6,2,114
3001,130,8,1,1,123
3002,130,8,1,2,171
3003,130,8,2,1,107
3004,130,8,2,2,164
3005,130,8,3,1,94
3006,130,8,3,2,121
3007,130,8,4,1,96
3008,130,8,4,2,112
3009,130,8,5,1,98
3010,130,8,5,2,114
3011,130,8,6,1,99
3012,130,8,6,2,108
3013,131,8,1,1,114
3014,131,8,1,2,147
3015,131,8,2,1,127
3016,131,8,2,2,176
3017,131,8,3,1,121
3018,131,8,3,2,148
3019,131,8,4,1,120
3020,131,8,4,2,129
3021,131,8,5,1,121
3022,131,8,5,2,126
3023,131,8,6,1,118
3024,131,8,6,2,116
3025,131,8,1,1,114
3026,131,8,1,2,147
3027,131,8,2,1,127
3028,131,8,2,2,176
3029,131,8,3,1,121
3030,131,8,3,2,148
3031,131,8,4,1,120
3032,131,8,4,2,129
3033,131,8,5,1,121
3034,131,8,5,2,126
3035,131,8,6,1,118
3036,131,8,6,2,116
3037,132,8,1,1,115
3038,132,8,1,2,172
3039,132,8,2,1,105
3040,132,8,2,2,154
3041,132,8,3,1,101
3042,132,8,3,2,126
3043,132,8,4,1,95
3044,132,8,4,2,96
3045,132,8,5,1,94
3046,132,8,5,2,84
3047,132,8,6,1,94
3048,132,8,6,2,80
3049,132,8,1,1,115
3050,132,8,1,2,172
3051,132,8,2,1,105
3052,132,8,2,2,154
3053,132,8,3,1,101
3054,132,8,3,2,126
3055,132,8,4,1,95
3056,132,8,4,2,96
3057,132,8,5,1,94
3058,132,8,5,2,84
3059,132,8,6,1,94
3060,132,8,6,2,80
3061,133,8,1,1,87
3062,133,8,1,2,61
3063,133,8,2,1,87
3064,133,8,2,2,49
3065,133,8,3,1,81
3066,133,8,3,2,40
3067,133,8,4,1,94
3068,133,8,4,2,49
3069,133,8,5,1,93
3070,133,8,5,2,56
3071,133,8,6,1,106
3072,133,8,6,2,78
3073,133,8,1,1,87
3074,133,8,1,2,61
3075,133,8,2,1,87
3076,133,8,2,2,49
3077,133,8,3,1,81
3078,133,8,3,2,40
3079,133,8,4,1,94
3080,133,8,4,2,49
3081,133,8,5,1,93
3082,133,8,5,2,56
3083,133,8,6,1,106
3084,133,8,6,2,78
3085,134,8,1,1,104
3086,134,8,1,2,149
3087,134,8,2,1,104
3088,134,8,2,2,156
3089,134,8,3,1,96
3090,134,8,3,2,124
3091,134,8,4,1,102
3092,134,8,4,2,121
3093,134,8,5,1,102
3094,134,8,5,2,119
3095,134,8,6,1,101
3096,134,8,6,2,116
3097,134,8,1,1,104
3098,134,8,1,2,149
3099,134,8,2,1,104
3100,134,8,2,2,156
3101,134,8,3,1,96
3102,134,8,3,2,124
3103,134,8,4,1,102
3104,134,8,4,2,121
3105,134,8,5,1,102
3106,134,8,5,2,119
3107,134,8,6,1,101
3108,134,8,6,2,116
3109,135,8,1,1,83
3110,135,8,1,2,50
3111,135,8,2,1,89
3112,135,8,2,2,44
3113,135,8,3,1,86
3114,135,8,3,2,35
3115,135,8,4,1,99
3116,135,8,4,2,43
3117,135,8,5,1,107
3118,135,8,5,2,68
3119,135,8,6,1,112
3120,135,8,6,2,80
3121,135,8,1,1,83
3122,135,8,1,2,50
3123,135,8,2,1,89
3124,135,8,2,2,44
3125,135,8,3,1,86
3126,135,8,3,2,35
3127,135,8,4,1,99
3128,135,8,4,2,43
3129,135,8,5,1,107
3130,135,8,5,2,68
3131,135,8,6,1,112
3132,135,8,6,2,80
3133,136,8,1,1,96
3134,136,8,1,2,103
3135,136,8,2,1,93
3136,136,8,2,2,106
3137,136,8,3,1,82
3138,136,8,3,2,77
3139,136,8,4,1,93
3140,136,8,4,2,92
3141,136,8,5,1,95
3142,136,8,5,2,96
3143,136,8,6,1,97
3144,136,8,6,2,102
3145,136,8,1,1,96
3146,136,8,1,2,103
3147,136,8,2,1,93
3148,136,8,2,2,106
3149,136,8,3,1,82
3150,136,8,3,2,77
3151,136,8,4,1,93
3152,136,8,4,2,92
3153,136,8,5,1,95
3154,136,8,5,2,96
3155,136,8,6,1,97
3156,136,8,6,2,102
3157,137,8,1,1,92
3158,137,8,1,2,109
3159,137,8,2,1,85
3160,137,8,2,2,101
3161,137,8,3,1,80
3162,137,8,3,2,78
3163,137,8,4,1,76
3164,137,8,4,2,71
3165,137,8,5,1,82
3166,137,8,5,2,74
3167,137,8,6,1,85
3168,137,8,6,2,77
3169,137,8,1,1,92
3170,137,8,1,2,109
3171,137,8,2,1,85
3172,137,8,2,2,101
3173,137,8,3,1,80
3174,137,8,3,2,78
3175,137,8,4,1,76
3176,137,8,4,2,71
3177,137,8,5,1,82
3178,137,8,5,2,74
3179,137,8,6,1,85
3180,137,8,6,2,77
3181,138,8,1,1,70
3182,138,8,1,2,39
3183,138,8,2,1,72
3184,138,8,2,2,37
3185,138,8,3,1,90
3186,138,8,3,2,77
3187,138,8,4,1,107
3188,138,8,4,2,86
3189,138,8,5,1,115
3190,138,8,5,2,99
3191,138,8,6,1,114
3192,138,8,6,2,110
3193,138,8,1,1,69
3194,138,8,1,2,39
3195,138,8,2,1,72
3196,138,8,2,2,38
3197,138,8,3,1,91
3198,138,8,3,2,82
3199,138,8,4,1,106
3200,138,8,4,2,88
3201,138,8,5,1,113
3202,138,8,5,2,98
3203,138,8,6,1,111
3204,138,8,6,2,108
3205,139,8,1,1,106
3206,139,8,1,2,148
3207,139,8,2,1,110
3208,139,8,2,2,166
3209,139,8,3,1,94
3210,139,8,3,2,113
3211,139,8,4,1,98
3212,139,8,4,2,112
3213,139,8,5,1,108
3214,139,8,5,2,118
3215,139,8,6,1,108
3216,139,8,6,2,107
3217,139,8,1,1,106
3218,139,8,1,2,148
3219,139,8,2,1,110
3220,139,8,2,2,166
3221,139,8,3,1,94
3222,139,8,3,2,113
3223,139,8,4,1,98
3224,139,8,4,2,112
3225,139,8,5,1,108
3226,139,8,5,2,118
3227,139,8,6,1,108
3228,139,8,6,2,107
3229,140,8,1,1,103
3230,140,8,1,2,133
3231,140,8,2,1,100
3232,140,8,2,2,145
3233,140,8,3,1,91
3234,140,8,3,2,109
3235,140,8,4,1,85
3236,140,8,4,2,76
3237,140,8,5,1,78
3238,140,8,5,2,74
3239,140,8,6,1,83
3240,140,8,6,2,80
3241,140,8,1,1,103
3242,140,8,1,2,133
3243,140,8,2,1,100
3244,140,8,2,2,145
3245,140,8,3,1,91
3246,140,8,3,2,109
3247,140,8,4,1,85
3248,140,8,4,2,76
3249,140,8,5,1,78
3250,140,8,5,2,74
3251,140,8,6,1,83
3252,140,8,6,2,80
3253,141,8,1,1,97
3254,141,8,1,2,115
3255,141,8,2,1,99
3256,141,8,2,2,127
3257,141,8,3,1,102
3258,141,8,3,2,106
3259,141,8,4,1,103
3260,141,8,4,2,82
3261,141,8,5,1,104
3262,141,8,5,2,95
3263,141,8,6,1,115
3264,141,8,6,2,125
3265,141,8,1,1,97
3266,141,8,1,2,115
3267,141,8,2,1,99
3268,141,8,2,2,127
3269,141,8,3,1,102
3270,141,8,3,2,106
3271,141,8,4,1,103
3272,141,8,4,2,82
3273,141,8,5,1,104
3274,141,8,5,2,95
3275,141,8,6,1,115
3276,141,8,6,2,125
3277,142,8,1,1,32
3278,142,8,1,2,34
3279,142,8,2,1,27
3280,142,8,2,2,38
3281,142,8,3,1,20
3282,142,8,3,2,32
3283,142,8,4,1,19
3284,142,8,4,2,27
3285,142,8,5,1,31
3286,142,8,5,2,42
3287,142,8,6,1,37
3288,142,8,6,2,47
3289,142,8,1,1,32
3290,142,8,1,2,34
3291,142,8,2,1,27
3292,142,8,2,2,38
3293,142,8,3,1,20
3294,142,8,3,2,32
3295,142,8,4,1,19
3296,142,8,4,2,27
3297,142,8,5,1,31
3298,142,8,5,2,42
3299,142,8,6,1,37
3300,142,8,6,2,47
3301,143,8,1,1,84
3302,143,8,1,2,97
3303,143,8,2,1,85
3304,143,8,2,2,92
3305,143,8,3,1,89
3306,143,8,3,2,75
3307,143,8,4,1,86
3308,143,8,4,2,76
3309,143,8,5,1,97
3310,143,8,5,2,100
3311,143,8,6,1,97
3312,143,8,6,2,95
3313,143,8,1,1,84
3314,143,8,1,2,97
3315,143,8,2,1,85
3316,143,8,2,2,92
3317,143,8,3,1,89
3318,143,8,3,2,75
3319,143,8,4,1,86
3320,143,8,4,2,76
3321,143,8,5,1,97
3322,143,8,5,2,100
3323,143,8,6,1,97
3324,143,8,6,2,95
3325,144,8,1,1,73
3326,144,8,1,2,56
3327,144,8,2,1,74
3328,144,8,2,2,56
3329,144,8,3,1,89
3330,144,8,3,2,74
3331,144,8,4,1,99
3332,144,8,4,2,102
3333,144,8,5,1,92
3334,144,8,5,2,99
3335,144,8,6,1,86
3336,144,8,6,2,87
3337,144,8,1,1,73
3338,144,8,1,2,56
3339,144,8,2,1,74
3340,144,8,2,2,56
3341,144,8,3,1,89
3342,144,8,3,2,74
3343,144,8,4,1,99
3344,144,8,4,2,102
3345,144,8,5,1,92
3346,144,8,5,2,99
3347,144,8,6,1,86
3348,144,8,6,2,87
3349,145,8,1,1,73
3350,145,8,1,2,47
3351,145,8,2,1,70
3352,145,8,2,2,44
3353,145,8,3,1,73
3354,145,8,3,2,36
3355,145,8,4,1,73
3356,145,8,4,2,40
3357,145,8,5,1,81
3358,145,8,5,2,52
3359,145,8,6,1,88
3360,145,8,6,2,70
3361,145,8,1,1,73
3362,145,8,1,2,47
3363,145,8,2,1,70
3364,145,8,2,2,44
3365,145,8,3,1,73
3366,145,8,3,2,36
3367,145,8,4,1,73
3368,145,8,4,2,40
3369,145,8,5,1,81
3370,145,8,5,2,52
3371,145,8,6,1,88
3372,145,8,6,2,70
3373,146,8,1,1,81
3374,146,8,1,2,76
3375,146,8,2,1,71
3376,146,8,2,2,62
3377,146,8,3,1,74
3378,146,8,3,2,60
3379,146,8,4,1,82
3380,146,8,4,2,56
3381,146,8,5,1,78
3382,146,8,5,2,59
3383,146,8,6,1,92
3384,146,8,6,2,76
3385,146,8,1,1,81
3386,146,8,1,2,76
3387,146,8,2,1,71
3388,146,8,2,2,62
3389,146,8,3,1,74
3390,146,8,3,2,60
3391,146,8,4,1,82
3392,146,8,4,2,56
3393,146,8,5,1,78
3394,146,8,5,2,59
3395,146,8,6,1,92
3396,146,8,6,2,76
3397,147,8,1,1,67
3398,147,8,1,2,42
3399,147,8,2,1,64
3400,147,8,2,2,36
3401,147,8,3,1,63
3402,147,8,3,2,27
3403,147,8,4,1,75
3404,147,8,4,2,32
3405,147,8,5,1,92
3406,147,8,5,2,83
3407,147,8,6,1,98
3408,147,8,6,2,89
3409,147,8,1,1,67
3410,147,8,1,2,42
3411,147,8,2,1,64
3412,147,8,2,2,36
3413,147,8,3,1,63
3414,147,8,3,2,27
3415,147,8,4,1,75
3416,147,8,4,2,32
3417,147,8,5,1,92
3418,147,8,5,2,83
3419,147,8,6,1,98
3420,147,8,6,2,89
3421,148,8,1,1,84
3422,148,8,1,2,79
3423,148,8,2,1,80
3424,148,8,2,2,72
3425,148,8,3,1,93
3426,148,8,3,2,96
3427,148,8,4,1,96
3428,148,8,4,2,101
3429,148,8,5,1,103
3430,148,8,5,2,115
3431,148,8,6,1,105
3432,148,8,6,2,120
3433,148,8,1,1,84
3434,148,8,1,2,79
3435,148,8,2,1,80
3436,148,8,2,2,72
3437,148,8,3,1,93
3438,148,8,3,2,96
3439,148,8,4,1,96
3440,148,8,4,2,101
3441,148,8,5,1,103
3442,148,8,5,2,115
3443,148,8,6,1,105
3444,148,8,6,2,120
3445,149,8,1,1,89
3446,149,8,1,2,107
3447,149,8,2,1,104
3448,149,8,2,2,146
3449,149,8,3,1,93
3450,149,8,3,2,111
3451,149,8,4,1,88
3452,149,8,4,2,83
3453,149,8,5,1,90
3454,149,8,5,2,78
3455,149,8,6,1,99
3456,149,8,6,2,88
3457,149,8,1,1,89
3458,149,8,1,2,106
3459,149,8,2,1,101
3460,149,8,2,2,142
3461,149,8,3,1,91
3462,149,8,3,2,108
3463,149,8,4,1,85
3464,149,8,4,2,80
3465,149,8,5,1,86
3466,149,8,5,2,74
3467,149,8,6,1,96
3468,149,8,6,2,85
3469,150,8,1,1,72
3470,150,8,1,2,42
3471,150,8,2,1,67
3472,150,8,2,2,37
3473,150,8,3,1,72
3474,150,8,3,2,32
3475,150,8,4,1,92
3476,150,8,4,2,73
3477,150,8,5,1,82
3478,150,8,5,2,58
3479,150,8,6,1,88
3480,150,8,6,2,61
3481,150,8,1,1,72
3482,150,8,1,2,42
3483,150,8,2,1,67
3484,150,8,2,2,37
3485,150,8,3,1,72
3486,150,8,3,2,32
3487,150,8,4,1,92
3488,150,8,4,2,73
3489,150,8,5,1,82
3490,150,8,5,2,58
3491,150,8,6,1,88
3492,150,8,6,2,61
3493,151,8,1,1,24
3494,151,8,1,2,21
3495,151,8,2,1,18
3496,151,8,2,2,24
3497,151,8,3,1,15
3498,151,8,3,2,19
3499,151,8,4,1,7
3500,151,8,4,2,7
3501,151,8,5,1,9
3502,151,8,5,2,8
3503,151,8,6,1,14
3504,151,8,6,2,14
3505,151,8,1,1,24
3506,151,8,1,2,21
3507,151,8,2,1,18
3508,151,8,2,2,24
3509,151,8,3,1,15
3510,151,8,3,2,19
3511,151,8,4,1,7
3512,151,8,4,2,7
3513,151,8,5,1,9
3514,151,8,5,2,8
3515,151,8,6,1,14
3516,151,8,6,2,14
3517,152,8,1,1,51
3518,152,8,1,2,36
3519,152,8,2,1,45
3520,152,8,2,2,43
3521,152,8,3,1,43
3522,152,8,3,2,43
3523,152,8,4,1,36
3524,152,8,4,2,47
3525,152,8,5,1,63
3526,152,8,5,2,85
3527,152,8,6,1,62
3528,152,8,6,2,82
3529,152,8,1,1,51
3530,152,8,1,2,36
3531,152,8,2,1,45
3532,152,8,2,2,43
3533,152,8,3,1,43
3534,152,8,3,2,43
3535,152,8,4,1,36
3536,152,8,4,2,47
3537,152,8,5,1,63
3538,152,8,5,2,85
3539,152,8,6,1,62
3540,152,8,6,2,82
3541,153,8,1,1,59
3542,153,8,1,2,45
3543,153,8,2,1,65
3544,153,8,2,2,59
3545,153,8,3,1,48
3546,153,8,3,2,48
3547,153,8,4,1,81
3548,153,8,4,2,79
3549,153,8,5,1,77
3550,153,8,5,2,68
3551,153,8,6,1,85
3552,153,8,6,2,80
3553,153,8,1,1,59
3554,153,8,1,2,45
3555,153,8,2,1,65
3556,153,8,2,2,59
3557,153,8,3,1,48
3558,153,8,3,2,48
3559,153,8,4,1,81
3560,153,8,4,2,79
3561,153,8,5,1,77
3562,153,8,5,2,68
3563,153,8,6,1,85
3564,153,8,6,2,80
3565,154,8,1,1,70
3566,154,8,1,2,45
3567,154,8,2,1,81
3568,154,8,2,2,43
3569,154,8,3,1,71
3570,154,8,3,2,33
3571,154,8,4,1,66
3572,154,8,4,2,34
3573,154,8,5,1,70
3574,154,8,5,2,35
3575,154,8,6,1,85
3576,154,8,6,2,50
3577,154,8,1,1,70
3578,154,8,1,2,45
3579,154,8,2,1,81
3580,154,8,2,2,43
3581,154,8,3,1,71
3582,154,8,3,2,33
3583,154,8,4,1,66
3584,154,8,4,2,34
3585,154,8,5,1,70
3586,154,8,5,2,35
3587,154,8,6,1,85
3588,154,8,6,2,50
3589,155,8,1,1,60
3590,155,8,1,2,53
3591,155,8,2,1,70
3592,155,8,2,2,48
3593,155,8,3,1,55
3594,155,8,3,2,30
3595,155,8,4,1,68
3596,155,8,4,2,38
3597,155,8,5,1,84
3598,155,8,5,2,74
3599,155,8,6,1,93
3600,155,8,6,2,83
3601,155,8,1,1,60
3602,155,8,1,2,53
3603,155,8,2,1,70
3604,155,8,2,2,48
3605,155,8,3,1,55
3606,155,8,3,2,30
3607,155,8,4,1,68
3608,155,8,4,2,38
3609,155,8,5,1,84
3610,155,8,5,2,74
3611,155,8,6,1,93
3612,155,8,6,2,83
3613,156,8,1,1,24
3614,156,8,1,2,17
3615,156,8,2,1,22
3616,156,8,2,2,20
3617,156,8,3,1,21
3618,156,8,3,2,32
3619,156,8,4,1,35
3620,156,8,4,2,67
3621,156,8,5,1,58
3622,156,8,5,2,94
3623,156,8,6,1,63
3624,156,8,6,2,78
3625,156,8,1,1,24
3626,156,8,1,2,17
3627,156,8,2,1,22
3628,156,8,2,2,20
3629,156,8,3,1,21
3630,156,8,3,2,32
3631,156,8,4,1,35
3632,156,8,4,2,67
3633,156,8,5,1,58
3634,156,8,5,2,94
3635,156,8,6,1,63
3636,156,8,6,2,78
3637,157,8,1,1,38
3638,157,8,1,2,24
3639,157,8,2,1,48
3640,157,8,2,2,33
3641,157,8,3,1,47
3642,157,8,3,2,32
3643,157,8,4,1,40
3644,157,8,4,2,26
3645,157,8,5,1,30
3646,157,8,5,2,25
3647,157,8,6,1,27
3648,157,8,6,2,24
3649,157,8,1,1,38
3650,157,8,1,2,24
3651,157,8,2,1,48
3652,157,8,2,2,33
3653,157,8,3,1,47
3654,157,8,3,2,32
3655,157,8,4,1,40
3656,157,8,4,2,26
3657,157,8,5,1,30
3658,157,8,5,2,25
3659,157,8,6,1,27
3660,157,8,6,2,24
3661,158,8,1,1,56
3662,158,8,1,2,34
3663,158,8,2,1,60
3664,158,8,2,2,32
3665,158,8,3,1,57
3666,158,8,3,2,25
3667,158,8,4,1,65
3668,158,8,4,2,31
3669,158,8,5,1,76
3670,158,8,5,2,41
3671,158,8,6,1,88
3672,158,8,6,2,77
3673,158,8,1,1,56
3674,158,8,1,2,34
3675,158,8,2,1,60
3676,158,8,2,2,32
3677,158,8,3,1,57
3678,158,8,3,2,25
3679,158,8,4,1,65
3680,158,8,4,2,31
3681,158,8,5,1,76
3682,158,8,5,2,41
3683,158,8,6,1,88
3684,158,8,6,2,77
3685,159,8,1,1,68
3686,159,8,1,2,42
3687,159,8,2,1,73
3688,159,8,2,2,39
3689,159,8,3,1,69
3690,159,8,3,2,37
3691,159,8,4,1,75
3692,159,8,4,2,53
3693,159,8,5,1,80
3694,159,8,5,2,79
3695,159,8,6,1,81
3696,159,8,6,2,80
3697,159,8,1,1,68
3698,159,8,1,2,42
3699,159,8,2,1,73
3700,159,8,2,2,39
3701,159,8,3,1,69
3702,159,8,3,2,37
3703,159,8,4,1,75
3704,159,8,4,2,53
3705,159,8,5,1,80
3706,159,8,5,2,79
3707,159,8,6,1,81
3708,159,8,6,2,80
3709,160,8,1,1,44
3710,160,8,1,2,72
3711,160,8,2,1,91
3712,160,8,2,2,202
3713,160,8,3,1,72
3714,160,8,3,2,140
3715,160,8,4,1,73
3716,160,8,4,2,119
3717,160,8,5,1,84
3718,160,8,5,2,121
3719,160,8,6,1,88
3720,160,8,6,2,113
3721,160,8,1,1,44
3722,160,8,1,2,72
3723,160,8,2,1,90
3724,160,8,2,2,201
3725,160,8,3,1,72
3726,160,8,3,2,140
3727,160,8,4,1,72
3728,160,8,4,2,119
3729,160,8,5,1,83
3730,160,8,5,2,120
3731,160,8,6,1,87
3732,160,8,6,2,112
3733,161,8,1,1,30
3734,161,8,1,2,27
3735,161,8,2,1,19
3736,161,8,2,2,19
3737,161,8,3,1,13
3738,161,8,3,2,15
3739,161,8,4,1,10
3740,161,8,4,2,15
3741,161,8,5,1,11
3742,161,8,5,2,12
3743,161,8,6,1,14
3744,161,8,6,2,14
3745,161,8,1,1,30
3746,161,8,1,2,27
3747,161,8,2,1,19
3748,161,8,2,2,19
3749,161,8,3,1,13
3750,161,8,3,2,15
3751,161,8,4,1,10
3752,161,8,4,2,15
3753,161,8,5,1,11
3754,161,8,5,2,12
3755,161,8,6,1,14
3756,161,8,6,2,14
3757,162,8,1,1,80
3758,162,8,1,2,89
3759,162,8,2,1,87
3760,162,8,2,2,125
3761,162,8,3,1,78
3762,162,8,3,2,86
3763,162,8,4,1,79
3764,162,8,4,2,79
3765,162,8,5,1,88
3766,162,8,5,2,86
3767,162,8,6,1,95
3768,162,8,6,2,88
3769,162,8,1,1,80
3770,162,8,1,2,89
3771,162,8,2,1,87
3772,162,8,2,2,125
3773,162,8,3,1,78
3774,162,8,3,2,86
3775,162,8,4,1,79
3776,162,8,4,2,79
3777,162,8,5,1,88
3778,162,8,5,2,86
3779,162,8,6,1,95
3780,162,8,6,2,88
3781,163,8,1,1,76
3782,163,8,1,2,41
3783,163,8,2,1,77
3784,163,8,2,2,38
3785,163,8,3,1,99
3786,163,8,3,2,89
3787,163,8,4,1,107
3788,163,8,4,2,114
3789,163,8,5,1,117
3790,163,8,5,2,129
3791,163,8,6,1,116
3792,163,8,6,2,128
3793,163,8,1,1,76
3794,163,8,1,2,41
3795,163,8,2,1,77
3796,163,8,2,2,38
3797,163,8,3,1,99
3798,163,8,3,2,89
3799,163,8,4,1,107
3800,163,8,4,2,114
3801,163,8,5,1,117
3802,163,8,5,2,129
3803,163,8,6,1,116
3804,163,8,6,2,128
3805,164,8,1,1,60
3806,164,8,1,2,37
3807,164,8,2,1,65
3808,164,8,2,2,37
3809,164,8,3,1,63
3810,164,8,3,2,34
3811,164,8,4,1,63
3812,164,8,4,2,40
3813,164,8,5,1,79
3814,164,8,5,2,38
3815,164,8,6,1,89
3816,164,8,6,2,62
3817,164,8,1,1,60
3818,164,8,1,2,37
3819,164,8,2,1,65
3820,164,8,2,2,37
3821,164,8,3,1,63
3822,164,8,3,2,34
3823,164,8,4,1,63
3824,164,8,4,2,40
3825,164,8,5,1,79
3826,164,8,5,2,38
3827,164,8,6,1,89
3828,164,8,6,2,62
3829,165,8,1,1,63
3830,165,8,1,2,40
3831,165,8,2,1,70
3832,165,8,2,2,36
3833,165,8,3,1,67
3834,165,8,3,2,29
3835,165,8,4,1,74
3836,165,8,4,2,49
3837,165,8,5,1,85
3838,165,8,5,2,46
3839,165,8,6,1,106
3840,165,8,6,2,64
3841,165,8,1,1,63
3842,165,8,1,2,40
3843,165,8,2,1,70
3844,165,8,2,2,36
3845,165,8,3,1,67
3846,165,8,3,2,29
3847,165,8,4,1,74
3848,165,8,4,2,49
3849,165,8,5,1,85
3850,165,8,5,2,46
3851,165,8,6,1,106
3852,165,8,6,2,64
3853,166,8,1,1,32
3854,166,8,1,2,21
3855,166,8,2,1,29
3856,166,8,2,2,26
3857,166,8,3,1,21
3858,166,8,3,2,19
3859,166,8,4,1,11
3860,166,8,4,2,10
3861,166,8,5,1,66
3862,166,8,5,2,93
3863,166,8,6,1,70
3864,166,8,6,2,99
3865,166,8,1,1,32
3866,166,8,1,2,21
3867,166,8,2,1,29
3868,166,8,2,2,26
3869,166,8,3,1,21
3870,166,8,3,2,19
3871,166,8,4,1,11
3872,166,8,4,2,10
3873,166,8,5,1,66
3874,166,8,5,2,93
3875,166,8,6,1,70
3876,166,8,6,2,99
3877,167,8,1,1,82
3878,167,8,1,2,72
3879,167,8,2,1,98
3880,167,8,2,2,111
3881,167,8,3,1,93
3882,167,8,3,2,83
3883,167,8,4,1,94
3884,167,8,4,2,94
3885,167,8,5,1,104
3886,167,8,5,2,108
3887,167,8,6,1,112
3888,167,8,6,2,124
3889,167,8,1,1,82
3890,167,8,1,2,72
3891,167,8,2,1,98
3892,167,8,2,2,111
3893,167,8,3,1,93
3894,167,8,3,2,83
3895,167,8,4,1,94
3896,167,8,4,2,94
3897,167,8,5,1,104
3898,167,8,5,2,108
3899,167,8,6,1,112
3900,167,8,6,2,124
3901,168,8,1,1,88
3902,168,8,1,2,99
3903,168,8,2,1,93
3904,168,8,2,2,114
3905,168,8,3,1,99
3906,168,8,3,2,96
3907,168,8,4,1,106
3908,168,8,4,2,87
3909,168,8,5,1,98
3910,168,8,5,2,78
3911,168,8,6,1,109
3912,168,8,6,2,98
3913,168,8,1,1,88
3914,168,8,1,2,99
3915,168,8,2,1,93
3916,168,8,2,2,114
3917,168,8,3,1,99
3918,168,8,3,2,96
3919,168,8,4,1,106
3920,168,8,4,2,87
3921,168,8,5,1,98
3922,168,8,5,2,78
3923,168,8,6,1,109
3924,168,8,6,2,98
3925,169,8,1,1,25
3926,169,8,1,2,14
3927,169,8,2,1,19
3928,169,8,2,2,7
3929,169,8,3,1,14
3930,169,8,3,2,8
3931,169,8,4,1,8
3932,169,8,4,2,4
3933,169,8,5,1,101
3934,169,8,5,2,152
3935,169,8,6,1,105
3936,169,8,6,2,146
3937,169,8,1,1,25
3938,169,8,1,2,14
3939,169,8,2,1,19
3940,169,8,2,2,7
3941,169,8,3,1,14
3942,169,8,3,2,8
3943,169,8,4,1,8
3944,169,8,4,2,4
3945,169,8,5,1,101
3946,169,8,5,2,152
3947,169,8,6,1,105
3948,169,8,6,2,146
3949,170,8,1,1,40
3950,170,8,1,2,31
3951,170,8,2,1,37
3952,170,8,2,2,35
3953,170,8,3,1,43
3954,170,8,3,2,50
3955,170,8,4,1,45
3956,170,8,4,2,39
3957,170,8,5,1,48
3958,170,8,5,2,52
3959,170,8,6,1,52
3960,170,8,6,2,55
3961,170,8,1,1,40
3962,170,8,1,2,31
3963,170,8,2,1,37
3964,170,8,2,2,35
3965,170,8,3,1,43
3966,170,8,3,2,50
3967,170,8,4,1,45
3968,170,8,4,2,39
3969,170,8,5,1,48
3970,170,8,5,2,52
3971,170,8,6,1,52
3972,170,8,6,2,55
3973,171,8,1,1,40
3974,171,8,1,2,38
3975,171,8,2,1,34
3976,171,8,2,2,27
3977,171,8,3,1,22
3978,171,8,3,2,15
3979,171,8,4,1,33
3980,171,8,4,2,22
3981,171,8,5,1,42
3982,171,8,5,2,38
3983,171,8,6,1,57
3984,171,8,6,2,52
3985,171,8,1,1,40
3986,171,8,1,2,38
3987,171,8,2,1,34
3988,171,8,2,2,27
3989,171,8,3,1,22
3990,171,8,3,2,15
3991,171,8,4,1,33
3992,171,8,4,2,22
3993,171,8,5,1,42
3994,171,8,5,2,38
3995,171,8,6,1,57
3996,171,8,6,2,52
3997,172,8,1,1,20
3998,172,8,1,2,28
3999,172,8,2,1,22
4000,172,8,2,2,39
4001,172,8,3,1,25
4002,172,8,3,2,49
4003,172,8,4,1,24
4004,172,8,4,2,38
4005,172,8,5,1,24
4006,172,8,5,2,34
4007,172,8,6,1,53
4008,172,8,6,2,76
4009,172,8,1,1,20
4010,172,8,1,2,28
4011,172,8,2,1,22
4012,172,8,2,2,39
4013,172,8,3,1,25
4014,172,8,3,2,49
4015,172,8,4,1,24
4016,172,8,4,2,38
4017,172,8,5,1,24
4018,172,8,5,2,34
4019,172,8,6,1,53
4020,172,8,6,2,76
4021,173,8,1,1,40
4022,173,8,1,2,23
4023,173,8,2,1,65
4024,173,8,2,2,37
4025,173,8,3,1,43
4026,173,8,3,2,28
4027,173,8,4,1,60
4028,173,8,4,2,42
4029,173,8,5,1,88
4030,173,8,5,2,121
4031,173,8,6,1,99
4032,173,8,6,2,134
4033,173,8,1,1,40
4034,173,8,1,2,23
4035,173,8,2,1,65
4036,173,8,2,2,37
4037,173,8,3,1,43
4038,173,8,3,2,28
4039,173,8,4,1,60
4040,173,8,4,2,42
4041,173,8,5,1,88
4042,173,8,5,2,121
4043,173,8,6,1,99
4044,173,8,6,2,134
4045,174,8,1,1,61
4046,174,8,1,2,39
4047,174,8,2,1,62
4048,174,8,2,2,31
4049,174,8,3,1,60
4050,174,8,3,2,29
4051,174,8,4,1,52
4052,174,8,4,2,29
4053,174,8,5,1,63
4054,174,8,5,2,56
4055,174,8,6,1,61
4056,174,8,6,2,66
4057,174,8,1,1,61
4058,174,8,1,2,39
4059,174,8,2,1,62
4060,174,8,2,2,31
4061,174,8,3,1,60
4062,174,8,3,2,29
4063,174,8,4,1,52
4064,174,8,4,2,29
4065,174,8,5,1,63
4066,174,8,5,2,56
4067,174,8,6,1,61
4068,174,8,6,2,66
4069,175,8,1,1,29
4070,175,8,1,2,19
4071,175,8,2,1,15
4072,175,8,2,2,7
4073,175,8,3,1,14
4074,175,8,3,2,12
4075,175,8,4,1,12
4076,175,8,4,2,7
4077,175,8,5,1,18
4078,175,8,5,2,13
4079,175,8,6,1,19
4080,175,8,6,2,18
4081,175,8,1,1,29
4082,175,8,1,2,19
4083,175,8,2,1,15
4084,175,8,2,2,7
4085,175,8,3,1,14
4086,175,8,3,2,12
4087,175,8,4,1,12
4088,175,8,4,2,7
4089,175,8,5,1,18
4090,175,8,5,2,13
4091,175,8,6,1,19
4092,175,8,6,2,18
4093,176,8,1,1,70
4094,176,8,1,2,44
4095,176,8,2,1,69
4096,176,8,2,2,38
4097,176,8,3,1,66
4098,176,8,3,2,36
4099,176,8,4,1,68
4100,176,8,4,2,37
4101,176,8,5,1,73
4102,176,8,5,2,48
4103,176,8,6,1,85
4104,176,8,6,2,65
4105,176,8,1,1,70
4106,176,8,1,2,44
4107,176,8,2,1,69
4108,176,8,2,2,38
4109,176,8,3,1,66
4110,176,8,3,2,36
4111,176,8,4,1,68
4112,176,8,4,2,37
4113,176,8,5,1,73
4114,176,8,5,2,48
4115,176,8,6,1,85
4116,176,8,6,2,65
4117,177,8,1,1,26
4118,177,8,1,2,25
4119,177,8,2,1,15
4120,177,8,2,2,15
4121,177,8,3,1,15
4122,177,8,3,2,12
4123,177,8,4,1,10
4124,177,8,4,2,11
4125,177,8,5,1,13
4126,177,8,5,2,18
4127,177,8,6,1,13
4128,177,8,6,2,18
4129,177,8,1,1,26
4130,177,8,1,2,25
4131,177,8,2,1,15
4132,177,8,2,2,15
4133,177,8,3,1,15
4134,177,8,3,2,12
4135,177,8,4,1,10
4136,177,8,4,2,11
4137,177,8,5,1,13
4138,177,8,5,2,18
4139,177,8,6,1,13
4140,177,8,6,2,18
4141,178,8,1,1,38
4142,178,8,1,2,39
4143,178,8,2,1,33
4144,178,8,2,2,36
4145,178,8,3,1,21
4146,178,8,3,2,22
4147,178,8,4,1,11
4148,178,8,4,2,11
4149,178,8,5,1,20
4150,178,8,5,2,26
4151,178,8,6,1,27
4152,178,8,6,2,36
4153,178,8,1,1,38
4154,178,8,1,2,39
4155,178,8,2,1,33
4156,178,8,2,2,36
4157,178,8,3,1,21
4158,178,8,3,2,22
4159,178,8,4,1,11
4160,178,8,4,2,11
4161,178,8,5,1,20
4162,178,8,5,2,26
4163,178,8,6,1,27
4164,178,8,6,2,36
4165,179,9,1,1,155
4166,179,9,1,2,120
4167,179,9,2,1,145
4168,179,9,2,2,121
4169,179,9,3,1,150
4170,179,9,3,2,145
4171,179,9,4,1,163
4172,179,9,4,2,152
4173,179,9,5,1,154
4174,179,9,5,2,147
4175,179,9,6,1,149
4176,179,9,6,2,140
4177,179,9,1,1,144
4178,179,9,1,2,110
4179,179,9,2,1,134
4180,179,9,2,2,111
4181,179,9,3,1,136
4182,179,9,3,2,128
4183,179,9,4,1,149
4184,179,9,4,2,136
4185,179,9,5,1,140
4186,179,9,5,2,130
4187,179,9,6,1,140
4188,179,9,6,2,129
4189,180,9,1,1,133
4190,180,9,1,2,92
4191,180,9,2,1,131
4192,180,9,2,2,105
4193,180,9,3,1,133
4194,180,9,3,2,122
4195,180,9,4,1,141
4196,180,9,4,2,136
4197,180,9,5,1,131
4198,180,9,5,2,120
4199,180,9,6,1,136
4200,180,9,6,2,120
4201,180,9,1,1,112
4202,180,9,1,2,86
4203,180,9,2,1,106
4204,180,9,2,2,94
4205,180,9,3,1,112
4206,180,9,3,2,102
4207,180,9,4,1,119
4208,180,9,4,2,113
4209,180,9,5,1,113
4210,180,9,5,2,107
4211,180,9,6,1,120
4212,180,9,6,2,110
4213,181,9,1,1,141
4214,181,9,1,2,107
4215,181,9,2,1,145
4216,181,9,2,2,129
4217,181,9,3,1,155
4218,181,9,3,2,141
4219,181,9,4,1,173
4220,181,9,4,2,166
4221,181,9,5,1,156
4222,181,9,5,2,151
4223,181,9,6,1,156
4224,181,9,6,2,156
4225,181,9,1,1,123
4226,181,9,1,2,104
4227,181,9,2,1,127
4228,181,9,2,2,121
4229,181,9,3,1,135
4230,181,9,3,2,126
4231,181,9,4,1,151
4232,181,9,4,2,146
4233,181,9,5,1,138
4234,181,9,5,2,134
4235,181,9,6,1,142
4236,181,9,6,2,145
4237,182,10,1,1,143
4238,182,10,1,2,110
4239,182,10,2,1,165
4240,182,10,2,2,117
4241,182,10,3,1,160
4242,182,10,3,2,118
4243,182,10,4,1,151
4244,182,10,4,2,126
4245,182,10,5,1,148
4246,182,10,5,2,132
4247,182,10,6,1,147
4248,182,10,6,2,139
4249,182,10,1,1,121
4250,182,10,1,2,106
4251,182,10,2,1,131
4252,182,10,2,2,110
4253,182,10,3,1,128
4254,182,10,3,2,109
4255,182,10,4,1,126
4256,182,10,4,2,114
4257,182,10,5,1,123
4258,182,10,5,2,114
4259,182,10,6,1,122
4260,182,10,6,2,119
4261,183,10,1,1,155
4262,183,10,1,2,105
4263,183,10,2,1,159
4264,183,10,2,2,108
4265,183,10,3,1,147
4266,183,10,3,2,103
4267,183,10,4,1,140
4268,183,10,4,2,99
4269,183,10,5,1,144
4270,183,10,5,2,110
4271,183,10,6,1,147
4272,183,10,6,2,120
4273,183,10,1,1,122
4274,183,10,1,2,96
4275,183,10,2,1,121
4276,183,10,2,2,98
4277,183,10,3,1,117
4278,183,10,3,2,101
4279,183,10,4,1,115
4280,183,10,4,2,97
4281,183,10,5,1,115
4282,183,10,5,2,98
4283,183,10,6,1,114
4284,183,10,6,2,95
4285,184,10,1,1,117
4286,184,10,1,2,95
4287,184,10,2,1,123
4288,184,10,2,2,90
4289,184,10,3,1,128
4290,184,10,3,2,101
4291,184,10,4,1,136
4292,184,10,4,2,132
4293,184,10,5,1,126
4294,184,10,5,2,124
4295,184,10,6,1,132
4296,184,10,6,2,131
4297,184,10,1,1,95
4298,184,10,1,2,90
4299,184,10,2,1,98
4300,184,10,2,2,88
4301,184,10,3,1,103
4302,184,10,3,2,91
4303,184,10,4,1,106
4304,184,10,4,2,107
4305,184,10,5,1,102
4306,184,10,5,2,102
4307,184,10,6,1,102
4308,184,10,6,2,101
4309,185,10,1,1,142
4310,185,10,1,2,183
4311,185,10,2,1,149
4312,185,10,2,2,207
4313,185,10,3,1,151
4314,185,10,3,2,215
4315,185,10,4,1,147
4316,185,10,4,2,196
4317,185,10,5,1,143
4318,185,10,5,2,178
4319,185,10,6,1,143
4320,185,10,6,2,174
4321,185,10,1,1,109
4322,185,10,1,2,154
4323,185,10,2,1,108
4324,185,10,2,2,160
4325,185,10,3,1,114
4326,185,10,3,2,171
4327,185,10,4,1,110
4328,185,10,4,2,148
4329,185,10,5,1,111
4330,185,10,5,2,142
4331,185,10,6,1,107
4332,185,10,6,2,130
4333,186,10,1,1,159
4334,186,10,1,2,230
4335,186,10,2,1,187
4336,186,10,2,2,266
4337,186,10,3,1,185
4338,186,10,3,2,262
4339,186,10,4,1,181
4340,186,10,4,2,225
4341,186,10,5,1,170
4342,186,10,5,2,212
4343,186,10,6,1,172
4344,186,10,6,2,210
4345,187,10,1,1,136
4346,187,10,1,2,196
4347,187,10,2,1,154
4348,187,10,2,2,221
4349,187,10,3,1,161
4350,187,10,3,2,229
4351,187,10,4,1,161
4352,187,10,4,2,205
4353,187,10,5,1,149
4354,187,10,5,2,183
4355,187,10,6,1,151
4356,187,10,6,2,181
4357,188,10,1,1,96
4358,188,10,1,2,127
4359,188,10,2,1,107
4360,188,10,2,2,127
4361,188,10,3,1,99
4362,188,10,3,2,121
4363,188,10,4,1,120
4364,188,10,4,2,150
4365,188,10,5,1,133
4366,188,10,5,2,162
4367,188,10,6,1,141
4368,188,10,6,2,170
4369,188,10,1,1,81
4370,188,10,1,2,102
4371,188,10,2,1,86
4372,188,10,2,2,101
4373,188,10,3,1,86
4374,188,10,3,2,108
4375,188,10,4,1,100
4376,188,10,4,2,118
4377,188,10,5,1,103
4378,188,10,5,2,119
4379,188,10,6,1,105
4380,188,10,6,2,124
4381,189,10,1,1,107
4382,189,10,1,2,109
4383,189,10,2,1,97
4384,189,10,2,2,123
4385,189,10,3,1,116
4386,189,10,3,2,144
4387,189,10,4,1,102
4388,189,10,4,2,122
4389,189,10,5,1,113
4390,189,10,5,2,126
4391,189,10,6,1,108
4392,189,10,6,2,126
4393,189,10,1,1,95
4394,189,10,1,2,102
4395,189,10,2,1,85
4396,189,10,2,2,112
4397,189,10,3,1,100
4398,189,10,3,2,128
4399,189,10,4,1,91
4400,189,10,4,2,111
4401,189,10,5,1,95
4402,189,10,5,2,104
4403,189,10,6,1,97
4404,189,10,6,2,112
4405,190,10,1,1,118
4406,190,10,1,2,226
4407,190,10,2,1,122
4408,190,10,2,2,215
4409,190,10,3,1,98
4410,190,10,3,2,70
4411,190,10,4,1,140
4412,190,10,4,2,119
4413,190,10,5,1,187
4414,190,10,5,2,230
4415,190,10,6,1,235
4416,190,10,6,2,342
4417,190,10,1,1,99
4418,190,10,1,2,186
4419,190,10,2,1,90
4420,190,10,2,2,161
4421,190,10,3,1,82
4422,190,10,3,2,69
4423,190,10,4,1,103
4424,190,10,4,2,91
4425,190,10,5,1,139
4426,190,10,5,2,169
4427,190,10,6,1,166
4428,190,10,6,2,229
4429,191,10,1,1,96
4430,191,10,1,2,110
4431,191,10,2,1,98
4432,191,10,2,2,119
4433,191,10,3,1,98
4434,191,10,3,2,117
4435,191,10,4,1,88
4436,191,10,4,2,95
4437,191,10,5,1,95
4438,191,10,5,2,86
4439,191,10,6,1,94
4440,191,10,6,2,82
4441,191,10,1,1,85
4442,191,10,1,2,99
4443,191,10,2,1,86
4444,191,10,2,2,101
4445,191,10,3,1,86
4446,191,10,3,2,102
4447,191,10,4,1,80
4448,191,10,4,2,83
4449,191,10,5,1,81
4450,191,10,5,2,78
4451,191,10,6,1,85
4452,191,10,6,2,81
4453,192,10,1,1,105
4454,192,10,1,2,122
4455,192,10,2,1,107
4456,192,10,2,2,116
4457,192,10,3,1,120
4458,192,10,3,2,119
4459,192,10,4,1,106
4460,192,10,4,2,104
4461,192,10,5,1,110
4462,192,10,5,2,107
4463,192,10,6,1,109
4464,192,10,6,2,104
4465,192,10,1,1,87
4466,192,10,1,2,97
4467,192,10,2,1,88
4468,192,10,2,2,92
4469,192,10,3,1,93
4470,192,10,3,2,96
4471,192,10,4,1,92
4472,192,10,4,2,92
4473,192,10,5,1,93
4474,192,10,5,2,89
4475,192,10,6,1,93
4476,192,10,6,2,86
4477,193,10,1,1,125
4478,193,10,1,2,97
4479,193,10,2,1,104
4480,193,10,2,2,78
4481,193,10,3,1,104
4482,193,10,3,2,78
4483,193,10,4,1,108
4484,193,10,4,2,71
4485,193,10,5,1,105
4486,193,10,5,2,85
4487,193,10,6,1,97
4488,193,10,6,2,68
4489,193,10,1,1,106
4490,193,10,1,2,84
4491,193,10,2,1,91
4492,193,10,2,2,70
4493,193,10,3,1,90
4494,193,10,3,2,72
4495,193,10,4,1,93
4496,193,10,4,2,70
4497,193,10,5,1,90
4498,193,10,5,2,75
4499,193,10,6,1,89
4500,193,10,6,2,72
4501,194,10,1,1,158
4502,194,10,1,2,152
4503,194,10,2,1,152
4504,194,10,2,2,137
4505,194,10,3,1,136
4506,194,10,3,2,138
4507,194,10,4,1,116
4508,194,10,4,2,105
4509,194,10,5,1,107
4510,194,10,5,2,88
4511,194,10,6,1,110
4512,194,10,6,2,86
4513,195,10,1,1,65
4514,195,10,1,2,87
4515,195,10,2,1,83
4516,195,10,2,2,136
4517,195,10,3,1,97
4518,195,10,3,2,112
4519,195,10,4,1,101
4520,195,10,4,2,133
4521,195,10,5,1,92
4522,195,10,5,2,124
4523,195,10,6,1,95
4524,195,10,6,2,127
4525,195,10,1,1,90
4526,195,10,1,2,66
4527,195,10,2,1,74
4528,195,10,2,2,108
4529,195,10,3,1,80
4530,195,10,3,2,86
4531,195,10,4,1,85
4532,195,10,4,2,102
4533,195,10,5,1,80
4534,195,10,5,2,99
4535,195,10,6,1,81
4536,195,10,6,2,97
4537,196,10,1,1,91
4538,196,10,1,2,160
4539,196,10,2,1,88
4540,196,10,2,2,161
4541,196,10,3,1,83
4542,196,10,3,2,150
4543,196,10,4,1,86
4544,196,10,4,2,135
4545,196,10,5,1,80
4546,196,10,5,2,118
4547,196,10,6,1,99
4548,196,10,6,2,143
4549,196,10,1,1,77
4550,196,10,1,2,122
4551,196,10,2,1,77
4552,196,10,2,2,124
4553,196,10,3,1,72
4554,196,10,3,2,118
4555,196,10,4,1,75
4556,196,10,4,2,110
4557,196,10,5,1,69
4558,196,10,5,2,87
4559,196,10,6,1,85
4560,196,10,6,2,112
4561,197,10,1,1,96
4562,197,10,1,2,78
4563,197,10,2,1,119
4564,197,10,2,2,87
4565,197,10,3,1,126
4566,197,10,3,2,93
4567,197,10,4,1,133
4568,197,10,4,2,114
4569,197,10,5,1,130
4570,197,10,5,2,133
4571,197,10,6,1,130
4572,197,10,6,2,153
4573,198,10,1,1,184
4574,198,10,1,2,211
4575,198,10,2,1,191
4576,198,10,2,2,206
4577,198,10,3,1,177
4578,198,10,3,2,217
4579,198,10,4,1,188
4580,198,10,4,2,214
4581,198,10,5,1,160
4582,198,10,5,2,162
4583,198,10,6,1,144
4584,198,10,6,2,132
4585,198,10,1,1,166
4586,198,10,1,2,169
4587,198,10,2,1,166
4588,198,10,2,2,149
4589,198,10,3,1,161
4590,198,10,3,2,159
4591,198,10,4,1,154
4592,198,10,4,2,147
4593,198,10,5,1,130
4594,198,10,5,2,114
4595,198,10,6,1,130
4596,198,10,6,2,107
4597,199,10,1,1,140
4598,199,10,1,2,103
4599,199,10,2,1,134
4600,199,10,2,2,104
4601,199,10,3,1,154
4602,199,10,3,2,108
4603,199,10,4,1,119
4604,199,10,4,2,106
4605,199,10,5,1,116
4606,199,10,5,2,85
4607,199,10,6,1,124
4608,199,10,6,2,100
4609,200,10,1,1,134
4610,200,10,1,2,122
4611,200,10,2,1,149
4612,200,10,2,2,243
4613,200,10,3,1,150
4614,200,10,3,2,271
4615,200,10,4,1,144
4616,200,10,4,2,241
4617,200,10,5,1,143
4618,200,10,5,2,214
4619,200,10,6,1,131
4620,200,10,6,2,179
4621,200,10,1,1,113
4622,200,10,1,2,109
4623,200,10,2,1,124
4624,200,10,2,2,217
4625,200,10,3,1,129
4626,200,10,3,2,240
4627,200,10,4,1,126
4628,200,10,4,2,210
4629,200,10,5,1,119
4630,200,10,5,2,180
4631,200,10,6,1,111
4632,200,10,6,2,151
4633,201,11,1,1,114
4634,201,11,1,2,96
4635,201,11,2,1,114
4636,201,11,2,2,92
4637,201,11,3,1,123
4638,201,11,3,2,90
4639,201,11,4,1,115
4640,201,11,4,2,88
4641,201,11,5,1,116
4642,201,11,5,2,83
4643,201,11,6,1,115
4644,201,11,6,2,77
4645,201,11,1,1,106
4646,201,11,1,2,93
4647,201,11,2,1,105
4648,201,11,2,2,90
4649,201,11,3,1,113
4650,201,11,3,2,91
4651,201,11,4,1,107
4652,201,11,4,2,97
4653,201,11,5,1,111
4654,201,11,5,2,105
4655,201,11,6,1,110
4656,201,11,6,2,94
4657,202,11,1,1,106
4658,202,11,1,2,121
4659,202,11,2,1,110
4660,202,11,2,2,105
4661,202,11,3,1,110
4662,202,11,3,2,103
4663,202,11,4,1,106
4664,202,11,4,2,103
4665,202,11,5,1,106
4666,202,11,5,2,101
4667,202,11,6,1,106
4668,202,11,6,2,102
4669,202,11,1,1,106
4670,202,11,1,2,136
4671,202,11,2,1,110
4672,202,11,2,2,129
4673,202,11,3,1,112
4674,202,11,3,2,129
4675,202,11,4,1,108
4676,202,11,4,2,126
4677,202,11,5,1,108
4678,202,11,5,2,125
4679,202,11,6,1,107
4680,202,11,6,2,120
4681,203,11,1,1,101
4682,203,11,1,2,108
4683,203,11,2,1,107
4684,203,11,2,2,103
4685,203,11,3,1,107
4686,203,11,3,2,108
4687,203,11,4,1,104
4688,203,11,4,2,109
4689,203,11,5,1,108
4690,203,11,5,2,111
4691,203,11,6,1,116
4692,203,11,6,2,111
4693,203,11,1,1,100
4694,203,11,1,2,114
4695,203,11,2,1,106
4696,203,11,2,2,114
4697,203,11,3,1,107
4698,203,11,3,2,119
4699,203,11,4,1,103
4700,203,11,4,2,109
4701,203,11,5,1,105
4702,203,11,5,2,108
4703,203,11,6,1,109
4704,203,11,6,2,109
4705,204,11,1,1,100
4706,204,11,1,2,104
4707,204,11,2,1,107
4708,204,11,2,2,102
4709,204,11,3,1,111
4710,204,11,3,2,99
4711,204,11,4,1,105
4712,204,11,4,2,90
4713,204,11,5,1,100
4714,204,11,5,2,83
4715,204,11,6,1,99
4716,204,11,6,2,80
4717,204,11,1,1,97
4718,204,11,1,2,98
4719,204,11,2,1,101
4720,204,11,2,2,104
4721,204,11,3,1,102
4722,204,11,3,2,105
4723,204,11,4,1,103
4724,204,11,4,2,110
4725,204,11,5,1,100
4726,204,11,5,2,103
4727,204,11,6,1,102
4728,204,11,6,2,101
4729,205,11,1,1,121
4730,205,11,1,2,99
4731,205,11,2,1,134
4732,205,11,2,2,91
4733,205,11,3,1,127
4734,205,11,3,2,90
4735,205,11,4,1,122
4736,205,11,4,2,86
4737,205,11,5,1,118
4738,205,11,5,2,90
4739,205,11,6,1,117
4740,205,11,6,2,93
4741,205,11,1,1,121
4742,205,11,1,2,105
4743,205,11,2,1,122
4744,205,11,2,2,99
4745,205,11,3,1,118
4746,205,11,3,2,101
4747,205,11,4,1,116
4748,205,11,4,2,100
4749,205,11,5,1,112
4750,205,11,5,2,98
4751,205,11,6,1,111
4752,205,11,6,2,99
4753,206,11,1,1,109
4754,206,11,1,2,89
4755,206,11,2,1,109
4756,206,11,2,2,90
4757,206,11,3,1,99
4758,206,11,3,2,90
4759,206,11,4,1,106
4760,206,11,4,2,85
4761,206,11,5,1,106
4762,206,11,5,2,80
4763,206,11,6,1,101
4764,206,11,6,2,82
4765,207,11,1,1,122
4766,207,11,1,2,99
4767,207,11,2,1,118
4768,207,11,2,2,99
4769,207,11,3,1,107
4770,207,11,3,2,95
4771,207,11,4,1,111
4772,207,11,4,2,92
4773,207,11,5,1,107
4774,207,11,5,2,87
4775,207,11,6,1,105
4776,207,11,6,2,85
4777,208,11,1,1,98
4778,208,11,1,2,80
4779,208,11,2,1,118
4780,208,11,2,2,83
4781,208,11,3,1,117
4782,208,11,3,2,83
4783,208,11,4,1,121
4784,208,11,4,2,82
4785,208,11,5,1,120
4786,208,11,5,2,82
4787,208,11,6,1,119
4788,208,11,6,2,84
4789,208,11,1,1,101
4790,208,11,1,2,79
4791,208,11,2,1,114
4792,208,11,2,2,85
4793,208,11,3,1,117
4794,208,11,3,2,85
4795,208,11,4,1,121
4796,208,11,4,2,84
4797,208,11,5,1,120
4798,208,11,5,2,84
4799,208,11,6,1,118
4800,208,11,6,2,86
4801,209,11,1,1,122
4802,209,11,1,2,103
4803,209,11,2,1,116
4804,209,11,2,2,99
4805,209,11,3,1,114
4806,209,11,3,2,85
4807,209,11,4,1,116
4808,209,11,4,2,82
4809,209,11,5,1,117
4810,209,11,5,2,79
4811,209,11,6,1,118
4812,209,11,6,2,79
4813,209,11,1,1,103
4814,209,11,1,2,108
4815,209,11,2,1,102
4816,209,11,2,2,113
4817,209,11,3,1,99
4818,209,11,3,2,111
4819,209,11,4,1,99
4820,209,11,4,2,99
4821,209,11,5,1,98
4822,209,11,5,2,89
4823,209,11,6,1,101
4824,209,11,6,2,87
4825,210,11,1,1,103
4826,210,11,1,2,107
4827,210,11,2,1,99
4828,210,11,2,2,100
4829,210,11,3,1,96
4830,210,11,3,2,90
4831,210,11,4,1,95
4832,210,11,4,2,83
4833,210,11,5,1,99
4834,210,11,5,2,81
4835,210,11,6,1,101
4836,210,11,6,2,81
4837,210,11,1,1,89
4838,210,11,1,2,97
4839,210,11,2,1,83
4840,210,11,2,2,89
4841,210,11,3,1,81
4842,210,11,3,2,83
4843,210,11,4,1,83
4844,210,11,4,2,78
4845,210,11,5,1,87
4846,210,11,5,2,76
4847,210,11,6,1,87
4848,210,11,6,2,78
4849,211,11,1,1,123
4850,211,11,1,2,85
4851,211,11,2,1,117
4852,211,11,2,2,85
4853,211,11,3,1,103
4854,211,11,3,2,84
4855,211,11,4,1,106
4856,211,11,4,2,87
4857,211,11,5,1,104
4858,211,11,5,2,83
4859,211,11,6,1,100
4860,211,11,6,2,80
4861,212,11,1,1,127
4862,212,11,1,2,89
4863,212,11,2,1,136
4864,212,11,2,2,90
4865,212,11,3,1,133
4866,212,11,3,2,86
4867,212,11,4,1,133
4868,212,11,4,2,85
4869,212,11,5,1,129
4870,212,11,5,2,80
4871,212,11,6,1,124
4872,212,11,6,2,78
4873,212,11,1,1,131
4874,212,11,1,2,116
4875,212,11,2,1,131
4876,212,11,2,2,112
4877,212,11,3,1,124
4878,212,11,3,2,106
4879,212,11,4,1,128
4880,212,11,4,2,109
4881,212,11,5,1,125
4882,212,11,5,2,105
4883,212,11,6,1,120
4884,212,11,6,2,102
4885,213,11,1,1,119
4886,213,11,1,2,106
4887,213,11,2,1,124
4888,213,11,2,2,99
4889,213,11,3,1,131
4890,213,11,3,2,100
4891,213,11,4,1,115
4892,213,11,4,2,92
4893,213,11,5,1,115
4894,213,11,5,2,93
4895,213,11,6,1,114
4896,213,11,6,2,94
4897,213,11,1,1,107
4898,213,11,1,2,101
4899,213,11,2,1,109
4900,213,11,2,2,102
4901,213,11,3,1,118
4902,213,11,3,2,111
4903,213,11,4,1,106
4904,213,11,4,2,101
4905,213,11,5,1,105
4906,213,11,5,2,99
4907,213,11,6,1,106
4908,213,11,6,2,102
4909,214,11,1,1,108
4910,214,11,1,2,108
4911,214,11,2,1,107
4912,214,11,2,2,104
4913,214,11,3,1,106
4914,214,11,3,2,98
4915,214,11,4,1,107
4916,214,11,4,2,92
4917,214,11,5,1,105
4918,214,11,5,2,92
4919,214,11,6,1,110
4920,214,11,6,2,101
4921,214,11,1,1,103
4922,214,11,1,2,109
4923,214,11,2,1,100
4924,214,11,2,2,108
4925,214,11,3,1,102
4926,214,11,3,2,120
4927,214,11,4,1,108
4928,214,11,4,2,129
4929,214,11,5,1,108
4930,214,11,5,2,131
4931,214,11,6,1,111
4932,214,11,6,2,132
4933,215,11,1,1,114
4934,215,11,1,2,95
4935,215,11,2,1,114
4936,215,11,2,2,96
4937,215,11,3,1,110
4938,215,11,3,2,87
4939,215,11,4,1,107
4940,215,11,4,2,85
4941,215,11,5,1,104
4942,215,11,5,2,81
4943,215,11,6,1,108
4944,215,11,6,2,83
4945,215,11,1,1,105
4946,215,11,1,2,97
4947,215,11,2,1,103
4948,215,11,2,2,102
4949,215,11,3,1,102
4950,215,11,3,2,99
4951,215,11,4,1,100
4952,215,11,4,2,96
4953,215,11,5,1,98
4954,215,11,5,2,90
4955,215,11,6,1,100
4956,215,11,6,2,93
4957,216,11,1,1,136
4958,216,11,1,2,85
4959,216,11,2,1,142
4960,216,11,2,2,95
4961,216,11,3,1,124
4962,216,11,3,2,88
4963,216,11,4,1,126
4964,216,11,4,2,85
4965,216,11,5,1,120
4966,216,11,5,2,80
4967,216,11,6,1,121
4968,216,11,6,2,86
4969,217,11,1,1,98
4970,217,11,1,2,68
4971,217,11,2,1,104
4972,217,11,2,2,76
4973,217,11,3,1,103
4974,217,11,3,2,83
4975,217,11,4,1,104
4976,217,11,4,2,85
4977,217,11,5,1,106
4978,217,11,5,2,86
4979,217,11,6,1,105
4980,217,11,6,2,85
4981,217,11,1,1,95
4982,217,11,1,2,76
4983,217,11,2,1,99
4984,217,11,2,2,81
4985,217,11,3,1,93
4986,217,11,3,2,85
4987,217,11,4,1,99
4988,217,11,4,2,97
4989,217,11,5,1,100
4990,217,11,5,2,92
4991,217,11,6,1,100
4992,217,11,6,2,99
4993,218,11,1,1,95
4994,218,11,1,2,67
4995,218,11,2,1,91
4996,218,11,2,2,71
4997,218,11,3,1,87
4998,218,11,3,2,64
4999,218,11,4,1,81
5000,218,11,4,2,65
5001,218,11,5,1,98
5002,218,11,5,2,72
5003,218,11,6,1,108
5004,218,11,6,2,76
5005,218,11,1,1,84
5006,218,11,1,2,69
5007,218,11,2,1,80
5008,218,11,2,2,71
5009,218,11,3,1,75
5010,218,11,3,2,64
5011,218,11,4,1,72
5012,218,11,4,2,65
5013,218,11,5,1,86
5014,218,11,5,2,76
5015,218,11,6,1,97
5016,218,11,6,2,98
5017,219,11,1,1,83
5018,219,11,1,2,101
5019,219,11,2,1,85
5020,219,11,2,2,96
5021,219,11,3,1,89
5022,219,11,3,2,93
5023,219,11,4,1,81
5024,219,11,4,2,86
5025,219,11,5,1,85
5026,219,11,5,2,81
5027,219,11,6,1,87
5028,219,11,6,2,83
5029,219,11,1,1,67
5030,219,11,1,2,79
5031,219,11,2,1,67
5032,219,11,2,2,76
5033,219,11,3,1,72
5034,219,11,3,2,85
5035,219,11,4,1,87
5036,219,11,4,2,122
5037,219,11,5,1,90
5038,219,11,5,2,109
5039,219,11,6,1,92
5040,219,11,6,2,105
5041,220,11,1,1,123
5042,220,11,1,2,84
5043,220,11,2,1,125
5044,220,11,2,2,85
5045,220,11,3,1,117
5046,220,11,3,2,85
5047,220,11,4,1,118
5048,220,11,4,2,81
5049,220,11,5,1,116
5050,220,11,5,2,78
5051,220,11,6,1,111
5052,220,11,6,2,73
5053,220,11,1,1,119
5054,220,11,1,2,86
5055,220,11,2,1,122
5056,220,11,2,2,101
5057,220,11,3,1,117
5058,220,11,3,2,100
5059,220,11,4,1,114
5060,220,11,4,2,91
5061,220,11,5,1,111
5062,220,11,5,2,89
5063,220,11,6,1,107
5064,220,11,6,2,89
5065,221,11,1,1,102
5066,221,11,1,2,94
5067,221,11,2,1,85
5068,221,11,2,2,88
5069,221,11,3,1,97
5070,221,11,3,2,94
5071,221,11,4,1,100
5072,221,11,4,2,82
5073,221,11,5,1,97
5074,221,11,5,2,85
5075,221,11,6,1,104
5076,221,11,6,2,80
5077,221,11,1,1,88
5078,221,11,1,2,91
5079,221,11,2,1,84
5080,221,11,2,2,92
5081,221,11,3,1,89
5082,221,11,3,2,93
5083,221,11,4,1,91
5084,221,11,4,2,99
5085,221,11,5,1,94
5086,221,11,5,2,114
5087,221,11,6,1,114
5088,221,11,6,2,171
5089,222,11,1,1,120
5090,222,11,1,2,78
5091,222,11,2,1,114
5092,222,11,2,2,80
5093,222,11,3,1,108
5094,222,11,3,2,78
5095,222,11,4,1,116
5096,222,11,4,2,78
5097,222,11,5,1,114
5098,222,11,5,2,72
5099,222,11,6,1,105
5100,222,11,6,2,69
5101,223,11,1,1,124
5102,223,11,1,2,90
5103,223,11,2,1,119
5104,223,11,2,2,89
5105,223,11,3,1,107
5106,223,11,3,2,84
5107,223,11,4,1,115
5108,223,11,4,2,81
5109,223,11,5,1,102
5110,223,11,5,2,74
5111,223,11,6,1,106
5112,223,11,6,2,74
5113,224,11,1,1,115
5114,224,11,1,2,106
5115,224,11,2,1,125
5116,224,11,2,2,91
5117,224,11,3,1,118
5118,224,11,3,2,90
5119,224,11,4,1,114
5120,224,11,4,2,86
5121,224,11,5,1,104
5122,224,11,5,2,83
5123,224,11,6,1,101
5124,224,11,6,2,79
5125,224,11,1,1,105
5126,224,11,1,2,96
5127,224,11,2,1,108
5128,224,11,2,2,90
5129,224,11,3,1,101
5130,224,11,3,2,91
5131,224,11,4,1,102
5132,224,11,4,2,93
5133,224,11,5,1,98
5134,224,11,5,2,95
5135,224,11,6,1,101
5136,224,11,6,2,102
5137,225,11,1,1,117
5138,225,11,1,2,101
5139,225,11,2,1,113
5140,225,11,2,2,106
5141,225,11,3,1,106
5142,225,11,3,2,92
5143,225,11,4,1,107
5144,225,11,4,2,84
5145,225,11,5,1,108
5146,225,11,5,2,80
5147,225,11,6,1,101
5148,225,11,6,2,75
5149,225,11,1,1,88
5150,225,11,1,2,88
5151,225,11,2,1,83
5152,225,11,2,2,88
5153,225,11,3,1,79
5154,225,11,3,2,83
5155,225,11,4,1,85
5156,225,11,4,2,89
5157,225,11,5,1,91
5158,225,11,5,2,94
5159,225,11,6,1,87
5160,225,11,6,2,91
5161,226,11,1,1,115
5162,226,11,1,2,77
5163,226,11,2,1,117
5164,226,11,2,2,87
5165,226,11,3,1,110
5166,226,11,3,2,84
5167,226,11,4,1,105
5168,226,11,4,2,81
5169,226,11,5,1,106
5170,226,11,5,2,83
5171,226,11,6,1,103
5172,226,11,6,2,87
5173,226,11,1,1,96
5174,226,11,1,2,80
5175,226,11,2,1,94
5176,226,11,2,2,84
5177,226,11,3,1,86
5178,226,11,3,2,80
5179,226,11,4,1,86
5180,226,11,4,2,79
5181,226,11,5,1,89
5182,226,11,5,2,87
5183,226,11,6,1,88
5184,226,11,6,2,89
5185,227,11,1,1,114
5186,227,11,1,2,105
5187,227,11,2,1,110
5188,227,11,2,2,105
5189,227,11,3,1,112
5190,227,11,3,2,108
5191,227,11,4,1,105
5192,227,11,4,2,104
5193,227,11,5,1,106
5194,227,11,5,2,101
5195,227,11,6,1,105
5196,227,11,6,2,96
5197,227,11,1,1,101
5198,227,11,1,2,99
5199,227,11,2,1,93
5200,227,11,2,2,96
5201,227,11,3,1,94
5202,227,11,3,2,98
5203,227,11,4,1,91
5204,227,11,4,2,97
5205,227,11,5,1,89
5206,227,11,5,2,91
5207,227,11,6,1,90
5208,227,11,6,2,89
5209,228,11,1,1,91
5210,228,11,1,2,58
5211,228,11,2,1,89
5212,228,11,2,2,61
5213,228,11,3,1,94
5214,228,11,3,2,64
5215,228,11,4,1,108
5216,228,11,4,2,74
5217,228,11,5,1,117
5218,228,11,5,2,70
5219,228,11,6,1,110
5220,228,11,6,2,63
5221,228,11,1,1,80
5222,228,11,1,2,67
5223,228,11,2,1,80
5224,228,11,2,2,67
5225,228,11,3,1,82
5226,228,11,3,2,79
5227,228,11,4,1,89
5228,228,11,4,2,92
5229,228,11,5,1,98
5230,228,11,5,2,108
5231,228,11,6,1,95
5232,228,11,6,2,93
5233,229,11,1,1,86
5234,229,11,1,2,86
5235,229,11,2,1,86
5236,229,11,2,2,88
5237,229,11,3,1,90
5238,229,11,3,2,79
5239,229,11,4,1,75
5240,229,11,4,2,73
5241,229,11,5,1,86
5242,229,11,5,2,72
5243,229,11,6,1,92
5244,229,11,6,2,65
5245,229,11,1,1,76
5246,229,11,1,2,82
5247,229,11,2,1,75
5248,229,11,2,2,81
5249,229,11,3,1,78
5250,229,11,3,2,75
5251,229,11,4,1,66
5252,229,11,4,2,68
5253,229,11,5,1,71
5254,229,11,5,2,64
5255,229,11,6,1,73
5256,229,11,6,2,60
5257,230,11,1,1,99
5258,230,11,1,2,100
5259,230,11,2,1,105
5260,230,11,2,2,102
5261,230,11,3,1,108
5262,230,11,3,2,90
5263,230,11,4,1,97
5264,230,11,4,2,83
5265,230,11,5,1,102
5266,230,11,5,2,97
5267,230,11,6,1,109
5268,230,11,6,2,109
5269,230,11,1,1,80
5270,230,11,1,2,108
5271,230,11,2,1,82
5272,230,11,2,2,113
5273,230,11,3,1,82
5274,230,11,3,2,97
5275,230,11,4,1,77
5276,230,11,4,2,119
5277,230,11,5,1,88
5278,230,11,5,2,145
5279,230,11,6,1,87
5280,230,11,6,2,140
5281,231,11,1,1,92
5282,231,11,1,2,87
5283,231,11,2,1,91
5284,231,11,2,2,80
5285,231,11,3,1,93
5286,231,11,3,2,73
5287,231,11,4,1,91
5288,231,11,4,2,71
5289,231,11,5,1,91
5290,231,11,5,2,72
5291,231,11,6,1,88
5292,231,11,6,2,65
5293,231,11,1,1,82
5294,231,11,1,2,82
5295,231,11,2,1,79
5296,231,11,2,2,77
5297,231,11,3,1,79
5298,231,11,3,2,68
5299,231,11,4,1,77
5300,231,11,4,2,66
5301,231,11,5,1,77
5302,231,11,5,2,66
5303,231,11,6,1,76
5304,231,11,6,2,66
5305,232,11,1,1,114
5306,232,11,1,2,101
5307,232,11,2,1,118
5308,232,11,2,2,97
5309,232,11,3,1,113
5310,232,11,3,2,91
5311,232,11,4,1,116
5312,232,11,4,2,90
5313,232,11,5,1,114
5314,232,11,5,2,93
5315,232,11,6,1,107
5316,232,11,6,2,90
5317,232,11,1,1,106
5318,232,11,1,2,100
5319,232,11,2,1,109
5320,232,11,2,2,97
5321,232,11,3,1,103
5322,232,11,3,2,89
5323,232,11,4,1,107
5324,232,11,4,2,88
5325,232,11,5,1,105
5326,232,11,5,2,94
5327,232,11,6,1,105
5328,232,11,6,2,94
5329,233,11,1,1,114
5330,233,11,1,2,97
5331,233,11,2,1,118
5332,233,11,2,2,93
5333,233,11,3,1,108
5334,233,11,3,2,94
5335,233,11,4,1,109
5336,233,11,4,2,88
5337,233,11,5,1,104
5338,233,11,5,2,81
5339,233,11,6,1,102
5340,233,11,6,2,76
5341,233,11,1,1,100
5342,233,11,1,2,90
5343,233,11,2,1,99
5344,233,11,2,2,90
5345,233,11,3,1,94
5346,233,11,3,2,88
5347,233,11,4,1,95
5348,233,11,4,2,84
5349,233,11,5,1,92
5350,233,11,5,2,78
5351,233,11,6,1,92
5352,233,11,6,2,80
5353,234,11,1,1,114
5354,234,11,1,2,84
5355,234,11,2,1,128
5356,234,11,2,2,85
5357,234,11,3,1,126
5358,234,11,3,2,81
5359,234,11,4,1,126
5360,234,11,4,2,78
5361,234,11,5,1,128
5362,234,11,5,2,82
5363,234,11,6,1,121
5364,234,11,6,2,82
5365,234,11,1,1,101
5366,234,11,1,2,80
5367,234,11,2,1,115
5368,234,11,2,2,84
5369,234,11,3,1,112
5370,234,11,3,2,82
5371,234,11,4,1,116
5372,234,11,4,2,84
5373,234,11,5,1,117
5374,234,11,5,2,92
5375,234,11,6,1,116
5376,234,11,6,2,100
5377,235,11,1,1,128
5378,235,11,1,2,127
5379,235,11,2,1,121
5380,235,11,2,2,122
5381,235,11,3,1,112
5382,235,11,3,2,111
5383,235,11,4,1,117
5384,235,11,4,2,104
5385,235,11,5,1,109
5386,235,11,5,2,101
5387,235,11,6,1,113
5388,235,11,6,2,101
5389,235,11,1,1,128
5390,235,11,1,2,154
5391,235,11,2,1,122
5392,235,11,2,2,142
5393,235,11,3,1,112
5394,235,11,3,2,130
5395,235,11,4,1,115
5396,235,11,4,2,123
5397,235,11,5,1,110
5398,235,11,5,2,120
5399,235,11,6,1,113
5400,235,11,6,2,123
5401,236,11,1,1,134
5402,236,11,1,2,108
5403,236,11,2,1,131
5404,236,11,2,2,105
5405,236,11,3,1,117
5406,236,11,3,2,97
5407,236,11,4,1,115
5408,236,11,4,2,90
5409,236,11,5,1,112
5410,236,11,5,2,92
5411,236,11,6,1,112
5412,236,11,6,2,88
5413,236,11,1,1,121
5414,236,11,1,2,96
5415,236,11,2,1,121
5416,236,11,2,2,96
5417,236,11,3,1,114
5418,236,11,3,2,89
5419,236,11,4,1,113
5420,236,11,4,2,87
5421,236,11,5,1,113
5422,236,11,5,2,86
5423,236,11,6,1,108
5424,236,11,6,2,85
5425,237,11,1,1,109
5426,237,11,1,2,91
5427,237,11,2,1,129
5428,237,11,2,2,100
5429,237,11,3,1,132
5430,237,11,3,2,100
5431,237,11,4,1,125
5432,237,11,4,2,99
5433,237,11,5,1,124
5434,237,11,5,2,114
5435,237,11,6,1,127
5436,237,11,6,2,132
5437,237,11,1,1,99
5438,237,11,1,2,106
5439,237,11,2,1,111
5440,237,11,2,2,108
5441,237,11,3,1,115
5442,237,11,3,2,116
5443,237,11,4,1,114
5444,237,11,4,2,121
5445,237,11,5,1,113
5446,237,11,5,2,127
5447,237,11,6,1,116
5448,237,11,6,2,135
5449,238,11,1,1,119
5450,238,11,1,2,97
5451,238,11,2,1,111
5452,238,11,2,2,96
5453,238,11,3,1,107
5454,238,11,3,2,85
5455,238,11,4,1,106
5456,238,11,4,2,83
5457,238,11,5,1,99
5458,238,11,5,2,77
5459,238,11,6,1,97
5460,238,11,6,2,77
5461,238,11,1,1,104
5462,238,11,1,2,84
5463,238,11,2,1,105
5464,238,11,2,2,89
5465,238,11,3,1,97
5466,238,11,3,2,79
5467,238,11,4,1,97
5468,238,11,4,2,74
5469,238,11,5,1,95
5470,238,11,5,2,72
5471,238,11,6,1,95
5472,238,11,6,2,76
5473,239,11,1,1,108
5474,239,11,1,2,93
5475,239,11,2,1,103
5476,239,11,2,2,85
5477,239,11,3,1,104
5478,239,11,3,2,79
5479,239,11,4,1,104
5480,239,11,4,2,78
5481,239,11,5,1,107
5482,239,11,5,2,76
5483,239,11,6,1,112
5484,239,11,6,2,80
5485,240,11,1,1,120
5486,240,11,1,2,109
5487,240,11,2,1,130
5488,240,11,2,2,109
5489,240,11,3,1,114
5490,240,11,3,2,98
5491,240,11,4,1,109
5492,240,11,4,2,94
5493,240,11,5,1,107
5494,240,11,5,2,94
5495,240,11,6,1,104
5496,240,11,6,2,88
5497,240,11,1,1,102
5498,240,11,1,2,91
5499,240,11,2,1,106
5500,240,11,2,2,91
5501,240,11,3,1,97
5502,240,11,3,2,83
5503,240,11,4,1,93
5504,240,11,4,2,79
5505,240,11,5,1,93
5506,240,11,5,2,83
5507,240,11,6,1,95
5508,240,11,6,2,90
5509,241,11,1,1,122
5510,241,11,1,2,100
5511,241,11,2,1,125
5512,241,11,2,2,101
5513,241,11,3,1,121
5514,241,11,3,2,90
5515,241,11,4,1,120
5516,241,11,4,2,82
5517,241,11,5,1,123
5518,241,11,5,2,79
5519,241,11,6,1,122
5520,241,11,6,2,77
5521,241,11,1,1,101
5522,241,11,1,2,110
5523,241,11,2,1,101
5524,241,11,2,2,114
5525,241,11,3,1,96
5526,241,11,3,2,103
5527,241,11,4,1,97
5528,241,11,4,2,95
5529,241,11,5,1,96
5530,241,11,5,2,91
5531,241,11,6,1,98
5532,241,11,6,2,94
5533,242,11,1,1,125
5534,242,11,1,2,93
5535,242,11,2,1,140
5536,242,11,2,2,101
5537,242,11,3,1,131
5538,242,11,3,2,91
5539,242,11,4,1,134
5540,242,11,4,2,87
5541,242,11,5,1,133
5542,242,11,5,2,84
5543,242,11,6,1,127
5544,242,11,6,2,89
5545,242,11,1,1,91
5546,242,11,1,2,78
5547,242,11,2,1,103
5548,242,11,2,2,84
5549,242,11,3,1,104
5550,242,11,3,2,79
5551,242,11,4,1,106
5552,242,11,4,2,75
5553,242,11,5,1,107
5554,242,11,5,2,75
5555,242,11,6,1,103
5556,242,11,6,2,87
5557,243,11,1,1,111
5558,243,11,1,2,79
5559,243,11,2,1,109
5560,243,11,2,2,78
5561,243,11,3,1,106
5562,243,11,3,2,80
5563,243,11,4,1,125
5564,243,11,4,2,79
5565,243,11,5,1,114
5566,243,11,5,2,75
5567,243,11,6,1,110
5568,243,11,6,2,65
5569,243,11,1,1,114
5570,243,11,1,2,75
5571,243,11,2,1,106
5572,243,11,2,2,75
5573,243,11,3,1,105
5574,243,11,3,2,81
5575,243,11,4,1,119
5576,243,11,4,2,80
5577,243,11,5,1,116
5578,243,11,5,2,79
5579,243,11,6,1,112
5580,243,11,6,2,69
5581,244,11,1,1,95
5582,244,11,1,2,74
5583,244,11,2,1,106
5584,244,11,2,2,79
5585,244,11,3,1,109
5586,244,11,3,2,78
5587,244,11,4,1,114
5588,244,11,4,2,77
5589,244,11,5,1,113
5590,244,11,5,2,75
5591,244,11,6,1,108
5592,244,11,6,2,71
5593,245,11,1,1,136
5594,245,11,1,2,84
5595,245,11,2,1,138
5596,245,11,2,2,83
5597,245,11,3,1,133
5598,245,11,3,2,75
5599,245,11,4,1,127
5600,245,11,4,2,68
5601,245,11,5,1,121
5602,245,11,5,2,69
5603,245,11,6,1,119
5604,245,11,6,2,68
5605,246,11,1,1,114
5606,246,11,1,2,87
5607,246,11,2,1,105
5608,246,11,2,2,91
5609,246,11,3,1,110
5610,246,11,3,2,81
5611,246,11,4,1,101
5612,246,11,4,2,76
5613,246,11,5,1,107
5614,246,11,5,2,78
5615,246,11,6,1,109
5616,246,11,6,2,89
5617,246,11,1,1,94
5618,246,11,1,2,80
5619,246,11,2,1,88
5620,246,11,2,2,79
5621,246,11,3,1,93
5622,246,11,3,2,72
5623,246,11,4,1,92
5624,246,11,4,2,79
5625,246,11,5,1,96
5626,246,11,5,2,98
5627,246,11,6,1,93
5628,246,11,6,2,88
5629,247,11,1,1,114
5630,247,11,1,2,76
5631,247,11,2,1,130
5632,247,11,2,2,85
5633,247,11,3,1,130
5634,247,11,3,2,84
5635,247,11,4,1,134
5636,247,11,4,2,84
5637,247,11,5,1,134
5638,247,11,5,2,80
5639,247,11,6,1,134
5640,247,11,6,2,89
5641,248,11,1,1,107
5642,248,11,1,2,79
5643,248,11,2,1,105
5644,248,11,2,2,98
5645,248,11,3,1,113
5646,248,11,3,2,100
5647,248,11,4,1,109
5648,248,11,4,2,83
5649,248,11,5,1,109
5650,248,11,5,2,71
5651,248,11,6,1,107
5652,248,11,6,2,82
5653,248,11,1,1,103
5654,248,11,1,2,66
5655,248,11,2,1,96
5656,248,11,2,2,75
5657,248,11,3,1,106
5658,248,11,3,2,79
5659,248,11,4,1,104
5660,248,11,4,2,70
5661,248,11,5,1,98
5662,248,11,5,2,64
5663,248,11,6,1,105
5664,248,11,6,2,113
5665,249,11,1,1,131
5666,249,11,1,2,90
5667,249,11,2,1,134
5668,249,11,2,2,94
5669,249,11,3,1,127
5670,249,11,3,2,78
5671,249,11,4,1,139
5672,249,11,4,2,80
5673,249,11,5,1,126
5674,249,11,5,2,76
5675,249,11,6,1,124
5676,249,11,6,2,73
5677,249,11,1,1,128
5678,249,11,1,2,88
5679,249,11,2,1,129
5680,249,11,2,2,90
5681,249,11,3,1,119
5682,249,11,3,2,77
5683,249,11,4,1,126
5684,249,11,4,2,81
5685,249,11,5,1,121
5686,249,11,5,2,79
5687,249,11,6,1,118
5688,249,11,6,2,78
5689,250,11,1,1,124
5690,250,11,1,2,108
5691,250,11,2,1,122
5692,250,11,2,2,97
5693,250,11,3,1,117
5694,250,11,3,2,91
5695,250,11,4,1,119
5696,250,11,4,2,91
5697,250,11,5,1,121
5698,250,11,5,2,86
5699,250,11,6,1,120
5700,250,11,6,2,78
5701,250,11,1,1,102
5702,250,11,1,2,99
5703,250,11,2,1,98
5704,250,11,2,2,88
5705,250,11,3,1,95
5706,250,11,3,2,87
5707,250,11,4,1,102
5708,250,11,4,2,97
5709,250,11,5,1,102
5710,250,11,5,2,96
5711,250,11,6,1,102
5712,250,11,6,2,93
5713,251,11,1,1,118
5714,251,11,1,2,96
5715,251,11,2,1,120
5716,251,11,2,2,97
5717,251,11,3,1,106
5718,251,11,3,2,88
5719,251,11,4,1,101
5720,251,11,4,2,100
5721,251,11,5,1,105
5722,251,11,5,2,92
5723,251,11,6,1,96
5724,251,11,6,2,87
5725,251,11,1,1,100
5726,251,11,1,2,95
5727,251,11,2,1,92
5728,251,11,2,2,94
5729,251,11,3,1,92
5730,251,11,3,2,91
5731,251,11,4,1,88
5732,251,11,4,2,92
5733,251,11,5,1,89
5734,251,11,5,2,84
5735,251,11,6,1,85
5736,251,11,6,2,84
5737,252,11,1,1,119
5738,252,11,1,2,76
5739,252,11,2,1,126
5740,252,11,2,2,85
5741,252,11,3,1,130
5742,252,11,3,2,86
5743,252,11,4,1,119
5744,252,11,4,2,88
5745,252,11,5,1,112
5746,252,11,5,2,78
5747,252,11,6,1,115
5748,252,11,6,2,82
5749,252,11,1,1,119
5750,252,11,1,2,78
5751,252,11,2,1,127
5752,252,11,2,2,84
5753,252,11,3,1,129
5754,252,11,3,2,88
5755,252,11,4,1,117
5756,252,11,4,2,86
5757,252,11,5,1,107
5758,252,11,5,2,76
5759,252,11,6,1,110
5760,252,11,6,2,79
5761,253,11,1,1,115
5762,253,11,1,2,111
5763,253,11,2,1,127
5764,253,11,2,2,111
5765,253,11,3,1,136
5766,253,11,3,2,144
5767,253,11,4,1,137
5768,253,11,4,2,153
5769,253,11,5,1,131
5770,253,11,5,2,145
5771,253,11,6,1,145
5772,253,11,6,2,150
5773,253,11,1,1,108
5774,253,11,1,2,116
5775,253,11,2,1,114
5776,253,11,2,2,115
5777,253,11,3,1,124
5778,253,11,3,2,156
5779,253,11,4,1,135
5780,253,11,4,2,176
5781,253,11,5,1,133
5782,253,11,5,2,162
5783,253,11,6,1,139
5784,253,11,6,2,158
5785,254,11,1,1,73
5786,254,11,1,2,45
5787,254,11,2,1,64
5788,254,11,2,2,48
5789,254,11,3,1,62
5790,254,11,3,2,46
5791,254,11,4,1,57
5792,254,11,4,2,44
5793,254,11,5,1,63
5794,254,11,5,2,42
5795,254,11,6,1,64
5796,254,11,6,2,42
5797,254,11,1,1,70
5798,254,11,1,2,50
5799,254,11,2,1,63
5800,254,11,2,2,52
5801,254,11,3,1,60
5802,254,11,3,2,49
5803,254,11,4,1,59
5804,254,11,4,2,60
5805,254,11,5,1,63
5806,254,11,5,2,61
5807,254,11,6,1,62
5808,254,11,6,2,49
5809,255,11,1,1,126
5810,255,11,1,2,83
5811,255,11,2,1,131
5812,255,11,2,2,95
5813,255,11,3,1,132
5814,255,11,3,2,109
5815,255,11,4,1,135
5816,255,11,4,2,105
5817,255,11,5,1,123
5818,255,11,5,2,97
5819,255,11,6,1,118
5820,255,11,6,2,100
5821,255,11,1,1,111
5822,255,11,1,2,89
5823,255,11,2,1,110
5824,255,11,2,2,92
5825,255,11,3,1,111
5826,255,11,3,2,113
5827,255,11,4,1,110
5828,255,11,4,2,107
5829,255,11,5,1,105
5830,255,11,5,2,97
5831,255,11,6,1,100
5832,255,11,6,2,91
5833,256,11,1,1,117
5834,256,11,1,2,102
5835,256,11,2,1,124
5836,256,11,2,2,98
5837,256,11,3,1,136
5838,256,11,3,2,94
5839,256,11,4,1,122
5840,256,11,4,2,93
5841,256,11,5,1,118
5842,256,11,5,2,97
5843,256,11,6,1,115
5844,256,11,6,2,80
5845,257,11,1,1,137
5846,257,11,1,2,96
5847,257,11,2,1,125
5848,257,11,2,2,101
5849,257,11,3,1,133
5850,257,11,3,2,91
5851,257,11,4,1,129
5852,257,11,4,2,88
5853,257,11,5,1,119
5854,257,11,5,2,80
5855,257,11,6,1,117
5856,257,11,6,2,73
5857,257,11,1,1,106
5858,257,11,1,2,96
5859,257,11,2,1,96
5860,257,11,2,2,91
5861,257,11,3,1,102
5862,257,11,3,2,91
5863,257,11,4,1,96
5864,257,11,4,2,86
5865,257,11,5,1,96
5866,257,11,5,2,79
5867,257,11,6,1,99
5868,257,11,6,2,78
5869,258,11,1,1,115
5870,258,11,1,2,115
5871,258,11,2,1,99
5872,258,11,2,2,97
5873,258,11,3,1,102
5874,258,11,3,2,83
5875,258,11,4,1,108
5876,258,11,4,2,83
5877,258,11,5,1,111
5878,258,11,5,2,96
5879,258,11,6,1,116
5880,258,11,6,2,117
5881,258,11,1,1,96
5882,258,11,1,2,126
5883,258,11,2,1,88
5884,258,11,2,2,112
5885,258,11,3,1,100
5886,258,11,3,2,133
5887,258,11,4,1,102
5888,258,11,4,2,144
5889,258,11,5,1,110
5890,258,11,5,2,178
5891,258,11,6,1,107
5892,258,11,6,2,159
5893,259,11,1,1,142
5894,259,11,1,2,135
5895,259,11,2,1,135
5896,259,11,2,2,124
5897,259,11,3,1,132
5898,259,11,3,2,109
5899,259,11,4,1,128
5900,259,11,4,2,110
5901,259,11,5,1,127
5902,259,11,5,2,106
5903,259,11,6,1,129
5904,259,11,6,2,123
5905,259,11,1,1,104
5906,259,11,1,2,105
5907,259,11,2,1,110
5908,259,11,2,2,111
5909,259,11,3,1,113
5910,259,11,3,2,116
5911,259,11,4,1,108
5912,259,11,4,2,110
5913,259,11,5,1,102
5914,259,11,5,2,99
5915,259,11,6,1,107
5916,259,11,6,2,111
5917,260,11,1,1,119
5918,260,11,1,2,95
5919,260,11,2,1,105
5920,260,11,2,2,92
5921,260,11,3,1,99
5922,260,11,3,2,92
5923,260,11,4,1,89
5924,260,11,4,2,78
5925,260,11,5,1,93
5926,260,11,5,2,77
5927,260,11,6,1,89
5928,260,11,6,2,69
5929,260,11,1,1,103
5930,260,11,1,2,99
5931,260,11,2,1,90
5932,260,11,2,2,94
5933,260,11,3,1,90
5934,260,11,3,2,88
5935,260,11,4,1,84
5936,260,11,4,2,82
5937,260,11,5,1,85
5938,260,11,5,2,78
5939,260,11,6,1,84
5940,260,11,6,2,72
5941,261,11,1,1,65
5942,261,11,1,2,44
5943,261,11,2,1,62
5944,261,11,2,2,40
5945,261,11,3,1,71
5946,261,11,3,2,42
5947,261,11,4,1,82
5948,261,11,4,2,45
5949,261,11,5,1,105
5950,261,11,5,2,52
5951,261,11,6,1,115
5952,261,11,6,2,52
5953,261,11,1,1,64
5954,261,11,1,2,54
5955,261,11,2,1,59
5956,261,11,2,2,49
5957,261,11,3,1,66
5958,261,11,3,2,52
5959,261,11,4,1,74
5960,261,11,4,2,55
5961,261,11,5,1,94
5962,261,11,5,2,59
5963,261,11,6,1,102
5964,261,11,6,2,58
5965,262,11,1,1,64
5966,262,11,1,2,77
5967,262,11,2,1,71
5968,262,11,2,2,91
5969,262,11,3,1,66
5970,262,11,3,2,81
5971,262,11,4,1,63
5972,262,11,4,2,77
5973,262,11,5,1,73
5974,262,11,5,2,73
5975,262,11,6,1,60
5976,262,11,6,2,62
5977,262,11,1,1,53
5978,262,11,1,2,66
5979,262,11,2,1,54
5980,262,11,2,2,71
5981,262,11,3,1,57
5982,262,11,3,2,67
5983,262,11,4,1,51
5984,262,11,4,2,65
5985,262,11,5,1,61
5986,262,11,5,2,71
5987,262,11,6,1,56
5988,262,11,6,2,59
5989,263,11,1,1,115
5990,263,11,1,2,105
5991,263,11,2,1,115
5992,263,11,2,2,99
5993,263,11,3,1,106
5994,263,11,3,2,93
5995,263,11,4,1,106
5996,263,11,4,2,85
5997,263,11,5,1,102
5998,263,11,5,2,83
5999,263,11,6,1,104
6000,263,11,6,2,88
6001,263,11,1,1,99
6002,263,11,1,2,104
6003,263,11,2,1,92
6004,263,11,2,2,97
6005,263,11,3,1,89
6006,263,11,3,2,93
6007,263,11,4,1,91
6008,263,11,4,2,83
6009,263,11,5,1,83
6010,263,11,5,2,81
6011,263,11,6,1,92
6012,263,11,6,2,101
6013,264,11,1,1,122
6014,264,11,1,2,127
6015,264,11,2,1,112
6016,264,11,2,2,119
6017,264,11,3,1,137
6018,264,11,3,2,128
6019,264,11,4,1,129
6020,264,11,4,2,114
6021,264,11,5,1,129
6022,264,11,5,2,107
6023,264,11,6,1,135
6024,264,11,6,2,134
6025,264,11,1,1,103
6026,264,11,1,2,103
6027,264,11,2,1,103
6028,264,11,2,2,113
6029,264,11,3,1,120
6030,264,11,3,2,113
6031,264,11,4,1,113
6032,264,11,4,2,101
6033,264,11,5,1,111
6034,264,11,5,2,93
6035,264,11,6,1,117
6036,264,11,6,2,111
6037,265,11,1,1,127
6038,265,11,1,2,107
6039,265,11,2,1,122
6040,265,11,2,2,104
6041,265,11,3,1,113
6042,265,11,3,2,90
6043,265,11,4,1,116
6044,265,11,4,2,89
6045,265,11,5,1,108
6046,265,11,5,2,85
6047,265,11,6,1,109
6048,265,11,6,2,89
6049,265,11,1,1,110
6050,265,11,1,2,101
6051,265,11,2,1,101
6052,265,11,2,2,95
6053,265,11,3,1,98
6054,265,11,3,2,90
6055,265,11,4,1,102
6056,265,11,4,2,89
6057,265,11,5,1,99
6058,265,11,5,2,101
6059,265,11,6,1,100
6060,265,11,6,2,97
6061,266,11,1,1,102
6062,266,11,1,2,74
6063,266,11,2,1,115
6064,266,11,2,2,81
6065,266,11,3,1,118
6066,266,11,3,2,82
6067,266,11,4,1,125
6068,266,11,4,2,84
6069,266,11,5,1,134
6070,266,11,5,2,80
6071,266,11,6,1,119
6072,266,11,6,2,69
6073,267,11,1,1,117
6074,267,11,1,2,96
6075,267,11,2,1,105
6076,267,11,2,2,90
6077,267,11,3,1,101
6078,267,11,3,2,79
6079,267,11,4,1,92
6080,267,11,4,2,85
6081,267,11,5,1,101
6082,267,11,5,2,128
6083,267,11,6,1,110
6084,267,11,6,2,131
6085,267,11,1,1,110
6086,267,11,1,2,94
6087,267,11,2,1,106
6088,267,11,2,2,93
6089,267,11,3,1,103
6090,267,11,3,2,85
6091,267,11,4,1,101
6092,267,11,4,2,87
6093,267,11,5,1,98
6094,267,11,5,2,99
6095,267,11,6,1,110
6096,267,11,6,2,104
6097,268,11,1,1,122
6098,268,11,1,2,109
6099,268,11,2,1,139
6100,268,11,2,2,115
6101,268,11,3,1,131
6102,268,11,3,2,104
6103,268,11,4,1,132
6104,268,11,4,2,105
6105,268,11,5,1,131
6106,268,11,5,2,96
6107,268,11,6,1,130
6108,268,11,6,2,90
6109,269,11,1,1,97
6110,269,11,1,2,82
6111,269,11,2,1,103
6112,269,11,2,2,84
6113,269,11,3,1,107
6114,269,11,3,2,80
6115,269,11,4,1,99
6116,269,11,4,2,73
6117,269,11,5,1,109
6118,269,11,5,2,84
6119,269,11,6,1,123
6120,269,11,6,2,114
6121,269,11,1,1,77
6122,269,11,1,2,72
6123,269,11,2,1,90
6124,269,11,2,2,87
6125,269,11,3,1,101
6126,269,11,3,2,96
6127,269,11,4,1,91
6128,269,11,4,2,82
6129,269,11,5,1,95
6130,269,11,5,2,88
6131,269,11,6,1,105
6132,269,11,6,2,109
6133,270,11,1,1,94
6134,270,11,1,2,70
6135,270,11,2,1,100
6136,270,11,2,2,71
6137,270,11,3,1,100
6138,270,11,3,2,70
6139,270,11,4,1,99
6140,270,11,4,2,75
6141,270,11,5,1,107
6142,270,11,5,2,77
6143,270,11,6,1,100
6144,270,11,6,2,76
6145,270,11,1,1,97
6146,270,11,1,2,73
6147,270,11,2,1,102
6148,270,11,2,2,71
6149,270,11,3,1,96
6150,270,11,3,2,67
6151,270,11,4,1,95
6152,270,11,4,2,71
6153,270,11,5,1,97
6154,270,11,5,2,69
6155,270,11,6,1,90
6156,270,11,6,2,68
6157,271,11,1,1,103
6158,271,11,1,2,91
6159,271,11,2,1,128
6160,271,11,2,2,95
6161,271,11,3,1,130
6162,271,11,3,2,103
6163,271,11,4,1,136
6164,271,11,4,2,103
6165,271,11,5,1,134
6166,271,11,5,2,97
6167,271,11,6,1,125
6168,271,11,6,2,100
6169,271,11,1,1,90
6170,271,11,1,2,83
6171,271,11,2,1,102
6172,271,11,2,2,85
6173,271,11,3,1,95
6174,271,11,3,2,85
6175,271,11,4,1,103
6176,271,11,4,2,84
6177,271,11,5,1,107
6178,271,11,5,2,81
6179,271,11,6,1,101
6180,271,11,6,2,79
6181,272,11,1,1,100
6182,272,11,1,2,92
6183,272,11,2,1,100
6184,272,11,2,2,101
6185,272,11,3,1,104
6186,272,11,3,2,86
6187,272,11,4,1,96
6188,272,11,4,2,81
6189,272,11,5,1,93
6190,272,11,5,2,80
6191,272,11,6,1,92
6192,272,11,6,2,76
6193,272,11,1,1,80
6194,272,11,1,2,84
6195,272,11,2,1,79
6196,272,11,2,2,84
6197,272,11,3,1,82
6198,272,11,3,2,75
6199,272,11,4,1,76
6200,272,11,4,2,82
6201,272,11,5,1,77
6202,272,11,5,2,90
6203,272,11,6,1,75
6204,272,11,6,2,83
6205,273,11,1,1,122
6206,273,11,1,2,90
6207,273,11,2,1,120
6208,273,11,2,2,97
6209,273,11,3,1,114
6210,273,11,3,2,84
6211,273,11,4,1,106
6212,273,11,4,2,80
6213,273,11,5,1,107
6214,273,11,5,2,71
6215,273,11,6,1,102
6216,273,11,6,2,66
6217,274,11,1,1,97
6218,274,11,1,2,72
6219,274,11,2,1,100
6220,274,11,2,2,74
6221,274,11,3,1,97
6222,274,11,3,2,66
6223,274,11,4,1,100
6224,274,11,4,2,67
6225,274,11,5,1,106
6226,274,11,5,2,70
6227,274,11,6,1,113
6228,274,11,6,2,71
6229,275,11,1,1,90
6230,275,11,1,2,86
6231,275,11,2,1,86
6232,275,11,2,2,81
6233,275,11,3,1,92
6234,275,11,3,2,83
6235,275,11,4,1,86
6236,275,11,4,2,85
6237,275,11,5,1,88
6238,275,11,5,2,86
6239,275,11,6,1,89
6240,275,11,6,2,90
6241,275,11,1,1,84
6242,275,11,1,2,84
6243,275,11,2,1,82
6244,275,11,2,2,77
6245,275,11,3,1,93
6246,275,11,3,2,77
6247,275,11,4,1,84
6248,275,11,4,2,78
6249,275,11,5,1,85
6250,275,11,5,2,77
6251,275,11,6,1,83
6252,275,11,6,2,83
6253,276,11,1,1,111
6254,276,11,1,2,94
6255,276,11,2,1,113
6256,276,11,2,2,93
6257,276,11,3,1,122
6258,276,11,3,2,87
6259,276,11,4,1,121
6260,276,11,4,2,84
6261,276,11,5,1,128
6262,276,11,5,2,80
6263,276,11,6,1,124
6264,276,11,6,2,73
6265,276,11,1,1,84
6266,276,11,1,2,88
6267,276,11,2,1,83
6268,276,11,2,2,80
6269,276,11,3,1,86
6270,276,11,3,2,73
6271,276,11,4,1,80
6272,276,11,4,2,69
6273,276,11,5,1,92
6274,276,11,5,2,77
6275,276,11,6,1,94
6276,276,11,6,2,73
6277,277,11,1,1,116
6278,277,11,1,2,94
6279,277,11,2,1,106
6280,277,11,2,2,94
6281,277,11,3,1,99
6282,277,11,3,2,99
6283,277,11,4,1,94
6284,277,11,4,2,89
6285,277,11,5,1,97
6286,277,11,5,2,87
6287,277,11,6,1,87
6288,277,11,6,2,82
6289,277,11,1,1,98
6290,277,11,1,2,101
6291,277,11,2,1,99
6292,277,11,2,2,125
6293,277,11,3,1,95
6294,277,11,3,2,133
6295,277,11,4,1,91
6296,277,11,4,2,123
6297,277,11,5,1,110
6298,277,11,5,2,124
6299,277,11,6,1,103
6300,277,11,6,2,132
6301,278,11,1,1,140
6302,278,11,1,2,102
6303,278,11,2,1,120
6304,278,11,2,2,105
6305,278,11,3,1,117
6306,278,11,3,2,91
6307,278,11,4,1,121
6308,278,11,4,2,82
6309,278,11,5,1,123
6310,278,11,5,2,81
6311,278,11,6,1,118
6312,278,11,6,2,70
6313,278,11,1,1,135
6314,278,11,1,2,101
6315,278,11,2,1,119
6316,278,11,2,2,104
6317,278,11,3,1,124
6318,278,11,3,2,93
6319,278,11,4,1,124
6320,278,11,4,2,84
6321,278,11,5,1,119
6322,278,11,5,2,82
6323,278,11,6,1,114
6324,278,11,6,2,74
6325,279,11,1,1,107
6326,279,11,1,2,89
6327,279,11,2,1,105
6328,279,11,2,2,95
6329,279,11,3,1,93
6330,279,11,3,2,81
6331,279,11,4,1,89
6332,279,11,4,2,80
6333,279,11,5,1,89
6334,279,11,5,2,76
6335,279,11,6,1,88
6336,279,11,6,2,69
6337,279,11,1,1,91
6338,279,11,1,2,91
6339,279,11,2,1,77
6340,279,11,2,2,89
6341,279,11,3,1,72
6342,279,11,3,2,83
6343,279,11,4,1,74
6344,279,11,4,2,81
6345,279,11,5,1,69
6346,279,11,5,2,72
6347,279,11,6,1,73
6348,279,11,6,2,76
6349,280,11,1,1,70
6350,280,11,1,2,65
6351,280,11,2,1,64
6352,280,11,2,2,62
6353,280,11,3,1,68
6354,280,11,3,2,60
6355,280,11,4,1,61
6356,280,11,4,2,59
6357,280,11,5,1,65
6358,280,11,5,2,66
6359,280,11,6,1,63
6360,280,11,6,2,56
6361,280,11,1,1,65
6362,280,11,1,2,62
6363,280,11,2,1,58
6364,280,11,2,2,59
6365,280,11,3,1,61
6366,280,11,3,2,59
6367,280,11,4,1,57
6368,280,11,4,2,59
6369,280,11,5,1,62
6370,280,11,5,2,64
6371,280,11,6,1,60
6372,280,11,6,2,57
6373,281,11,1,1,107
6374,281,11,1,2,81
6375,281,11,2,1,107
6376,281,11,2,2,84
6377,281,11,3,1,98
6378,281,11,3,2,84
6379,281,11,4,1,107
6380,281,11,4,2,80
6381,281,11,5,1,101
6382,281,11,5,2,76
6383,281,11,6,1,98
6384,281,11,6,2,73
6385,282,11,1,1,125
6386,282,11,1,2,80
6387,282,11,2,1,135
6388,282,11,2,2,90
6389,282,11,3,1,128
6390,282,11,3,2,84
6391,282,11,4,1,131
6392,282,11,4,2,79
6393,282,11,5,1,130
6394,282,11,5,2,83
6395,282,11,6,1,129
6396,282,11,6,2,82
6397,283,11,1,1,120
6398,283,11,1,2,90
6399,283,11,2,1,122
6400,283,11,2,2,95
6401,283,11,3,1,117
6402,283,11,3,2,92
6403,283,11,4,1,120
6404,283,11,4,2,87
6405,283,11,5,1,116
6406,283,11,5,2,88
6407,283,11,6,1,114
6408,283,11,6,2,94
6409,284,11,1,1,129
6410,284,11,1,2,92
6411,284,11,2,1,128
6412,284,11,2,2,94
6413,284,11,3,1,111
6414,284,11,3,2,90
6415,284,11,4,1,125
6416,284,11,4,2,94
6417,284,11,5,1,126
6418,284,11,5,2,93
6419,284,11,6,1,114
6420,284,11,6,2,82
6421,285,11,1,1,118
6422,285,11,1,2,91
6423,285,11,2,1,120
6424,285,11,2,2,90
6425,285,11,3,1,108
6426,285,11,3,2,91
6427,285,11,4,1,118
6428,285,11,4,2,102
6429,285,11,5,1,104
6430,285,11,5,2,88
6431,285,11,6,1,99
6432,285,11,6,2,85
6433,285,11,1,1,119
6434,285,11,1,2,185
6435,285,11,2,1,113
6436,285,11,2,2,163
6437,285,11,3,1,102
6438,285,11,3,2,154
6439,285,11,4,1,110
6440,285,11,4,2,173
6441,285,11,5,1,105
6442,285,11,5,2,157
6443,285,11,6,1,103
6444,285,11,6,2,147
6445,286,11,1,1,94
6446,286,11,1,2,97
6447,286,11,2,1,91
6448,286,11,2,2,85
6449,286,11,3,1,102
6450,286,11,3,2,91
6451,286,11,4,1,103
6452,286,11,4,2,89
6453,286,11,5,1,113
6454,286,11,5,2,85
6455,286,11,6,1,117
6456,286,11,6,2,85
6457,286,11,1,1,78
6458,286,11,1,2,87
6459,286,11,2,1,78
6460,286,11,2,2,80
6461,286,11,3,1,83
6462,286,11,3,2,80
6463,286,11,4,1,85
6464,286,11,4,2,77
6465,286,11,5,1,91
6466,286,11,5,2,76
6467,286,11,6,1,92
6468,286,11,6,2,73
6469,287,11,1,1,106
6470,287,11,1,2,105
6471,287,11,2,1,101
6472,287,11,2,2,102
6473,287,11,3,1,100
6474,287,11,3,2,94
6475,287,11,4,1,109
6476,287,11,4,2,94
6477,287,11,5,1,107
6478,287,11,5,2,102
6479,287,11,6,1,109
6480,287,11,6,2,102
6481,288,11,1,1,104
6482,288,11,1,2,113
6483,288,11,2,1,103
6484,288,11,2,2,150
6485,288,11,3,1,112
6486,288,11,3,2,180
6487,288,11,4,1,118
6488,288,11,4,2,181
6489,288,11,5,1,112
6490,288,11,5,2,175
6491,288,11,6,1,112
6492,288,11,6,2,145
6493,289,11,1,1,114
6494,289,11,1,2,92
6495,289,11,2,1,110
6496,289,11,2,2,87
6497,289,11,3,1,111
6498,289,11,3,2,88
6499,289,11,4,1,110
6500,289,11,4,2,84
6501,289,11,5,1,108
6502,289,11,5,2,81
6503,289,11,6,1,105
6504,289,11,6,2,77
6505,289,11,1,1,112
6506,289,11,1,2,111
6507,289,11,2,1,110
6508,289,11,2,2,108
6509,289,11,3,1,106
6510,289,11,3,2,105
6511,289,11,4,1,105
6512,289,11,4,2,103
6513,289,11,5,1,104
6514,289,11,5,2,100
6515,289,11,6,1,101
6516,289,11,6,2,93
6517,290,11,1,1,133
6518,290,11,1,2,83
6519,290,11,2,1,133
6520,290,11,2,2,93
6521,290,11,3,1,118
6522,290,11,3,2,84
6523,290,11,4,1,132
6524,290,11,4,2,83
6525,290,11,5,1,129
6526,290,11,5,2,84
6527,290,11,6,1,119
6528,290,11,6,2,79
6529,290,11,1,1,131
6530,290,11,1,2,96
6531,290,11,2,1,130
6532,290,11,2,2,96
6533,290,11,3,1,118
6534,290,11,3,2,105
6535,290,11,4,1,129
6536,290,11,4,2,96
6537,290,11,5,1,125
6538,290,11,5,2,91
6539,290,11,6,1,118
6540,290,11,6,2,85
6541,291,11,1,1,114
6542,291,11,1,2,95
6543,291,11,2,1,113
6544,291,11,2,2,89
6545,291,11,3,1,104
6546,291,11,3,2,80
6547,291,11,4,1,109
6548,291,11,4,2,78
6549,291,11,5,1,103
6550,291,11,5,2,73
6551,291,11,6,1,101
6552,291,11,6,2,71
6553,292,11,1,1,106
6554,292,11,1,2,103
6555,292,11,2,1,121
6556,292,11,2,2,101
6557,292,11,3,1,117
6558,292,11,3,2,97
6559,292,11,4,1,108
6560,292,11,4,2,91
6561,292,11,5,1,105
6562,292,11,5,2,92
6563,292,11,6,1,112
6564,292,11,6,2,105
6565,292,11,1,1,99
6566,292,11,1,2,132
6567,292,11,2,1,106
6568,292,11,2,2,131
6569,292,11,3,1,104
6570,292,11,3,2,128
6571,292,11,4,1,100
6572,292,11,4,2,131
6573,292,11,5,1,100
6574,292,11,5,2,131
6575,292,11,6,1,103
6576,292,11,6,2,131
6577,293,11,1,1,117
6578,293,11,1,2,75
6579,293,11,2,1,118
6580,293,11,2,2,82
6581,293,11,3,1,119
6582,293,11,3,2,81
6583,293,11,4,1,111
6584,293,11,4,2,88
6585,293,11,5,1,116
6586,293,11,5,2,93
6587,293,11,6,1,117
6588,293,11,6,2,83
6589,294,11,1,1,121
6590,294,11,1,2,84
6591,294,11,2,1,120
6592,294,11,2,2,88
6593,294,11,3,1,111
6594,294,11,3,2,87
6595,294,11,4,1,113
6596,294,11,4,2,85
6597,294,11,5,1,110
6598,294,11,5,2,78
6599,294,11,6,1,106
6600,294,11,6,2,78
6601,294,11,1,1,100
6602,294,11,1,2,120
6603,294,11,2,1,103
6604,294,11,2,2,151
6605,294,11,3,1,111
6606,294,11,3,2,181
6607,294,11,4,1,108
6608,294,11,4,2,153
6609,294,11,5,1,110
6610,294,11,5,2,144
6611,294,11,6,1,112
6612,294,11,6,2,168
6613,295,11,1,1,118
6614,295,11,1,2,92
6615,295,11,2,1,108
6616,295,11,2,2,91
6617,295,11,3,1,103
6618,295,11,3,2,117
6619,295,11,4,1,101
6620,295,11,4,2,105
6621,295,11,5,1,97
6622,295,11,5,2,93
6623,295,11,6,1,103
6624,295,11,6,2,85
6625,296,11,1,1,136
6626,296,11,1,2,97
6627,296,11,2,1,130
6628,296,11,2,2,93
6629,296,11,3,1,116
6630,296,11,3,2,92
6631,296,11,4,1,121
6632,296,11,4,2,85
6633,296,11,5,1,109
6634,296,11,5,2,80
6635,296,11,6,1,107
6636,296,11,6,2,72
6637,297,11,1,1,96
6638,297,11,1,2,87
6639,297,11,2,1,97
6640,297,11,2,2,92
6641,297,11,3,1,87
6642,297,11,3,2,82
6643,297,11,4,1,92
6644,297,11,4,2,78
6645,297,11,5,1,90
6646,297,11,5,2,72
6647,297,11,6,1,86
6648,297,11,6,2,67
6649,297,11,1,1,96
6650,297,11,1,2,87
6651,297,11,2,1,97
6652,297,11,2,2,92
6653,297,11,3,1,87
6654,297,11,3,2,82
6655,297,11,4,1,92
6656,297,11,4,2,78
6657,297,11,5,1,90
6658,297,11,5,2,72
6659,297,11,6,1,86
6660,297,11,6,2,67
6661,298,11,1,1,114
6662,298,11,1,2,107
6663,298,11,2,1,113
6664,298,11,2,2,105
6665,298,11,3,1,108
6666,298,11,3,2,97
6667,298,11,4,1,113
6668,298,11,4,2,91
6669,298,11,5,1,109
6670,298,11,5,2,86
6671,298,11,6,1,102
6672,298,11,6,2,84
6673,298,11,1,1,100
6674,298,11,1,2,120
6675,298,11,2,1,103
6676,298,11,2,2,110
6677,298,11,3,1,98
6678,298,11,3,2,100
6679,298,11,4,1,101
6680,298,11,4,2,95
6681,298,11,5,1,104
6682,298,11,5,2,102
6683,298,11,6,1,102
6684,298,11,6,2,102
6685,299,11,1,1,142
6686,299,11,1,2,93
6687,299,11,2,1,138
6688,299,11,2,2,98
6689,299,11,3,1,128
6690,299,11,3,2,89
6691,299,11,4,1,129
6692,299,11,4,2,85
6693,299,11,5,1,135
6694,299,11,5,2,84
6695,299,11,6,1,129
6696,299,11,6,2,81
6697,300,11,1,1,119
6698,300,11,1,2,86
6699,300,11,2,1,113
6700,300,11,2,2,85
6701,300,11,3,1,111
6702,300,11,3,2,83
6703,300,11,4,1,115
6704,300,11,4,2,79
6705,300,11,5,1,113
6706,300,11,5,2,76
6707,300,11,6,1,111
6708,300,11,6,2,71
6709,301,11,1,1,110
6710,301,11,1,2,121
6711,301,11,2,1,106
6712,301,11,2,2,113
6713,301,11,3,1,109
6714,301,11,3,2,109
6715,301,11,4,1,113
6716,301,11,4,2,103
6717,301,11,5,1,104
6718,301,11,5,2,102
6719,301,11,6,1,106
6720,301,11,6,2,99
6721,301,11,1,1,97
6722,301,11,1,2,106
6723,301,11,2,1,91
6724,301,11,2,2,100
6725,301,11,3,1,96
6726,301,11,3,2,100
6727,301,11,4,1,97
6728,301,11,4,2,94
6729,301,11,5,1,90
6730,301,11,5,2,94
6731,301,11,6,1,94
6732,301,11,6,2,94
6733,302,11,1,1,142
6734,302,11,1,2,188
6735,302,11,2,1,133
6736,302,11,2,2,150
6737,302,11,3,1,121
6738,302,11,3,2,129
6739,302,11,4,1,126
6740,302,11,4,2,121
6741,302,11,5,1,124
6742,302,11,5,2,111
6743,302,11,6,1,118
6744,302,11,6,2,104
6745,303,11,1,1,97
6746,303,11,1,2,57
6747,303,11,2,1,112
6748,303,11,2,2,62
6749,303,11,3,1,114
6750,303,11,3,2,62
6751,303,11,4,1,115
6752,303,11,4,2,66
6753,303,11,5,1,116
6754,303,11,5,2,67
6755,303,11,6,1,114
6756,303,11,6,2,73
6757,303,11,1,1,103
6758,303,11,1,2,68
6759,303,11,2,1,114
6760,303,11,2,2,71
6761,303,11,3,1,112
6762,303,11,3,2,69
6763,303,11,4,1,112
6764,303,11,4,2,69
6765,303,11,5,1,115
6766,303,11,5,2,68
6767,303,11,6,1,113
6768,303,11,6,2,72
6769,304,11,1,1,95
6770,304,11,1,2,84
6771,304,11,2,1,105
6772,304,11,2,2,88
6773,304,11,3,1,106
6774,304,11,3,2,90
6775,304,11,4,1,104
6776,304,11,4,2,93
6777,304,11,5,1,103
6778,304,11,5,2,87
6779,304,11,6,1,95
6780,304,11,6,2,80
6781,304,11,1,1,104
6782,304,11,1,2,157
6783,304,11,2,1,115
6784,304,11,2,2,184
6785,304,11,3,1,119
6786,304,11,3,2,204
6787,304,11,4,1,111
6788,304,11,4,2,180
6789,304,11,5,1,108
6790,304,11,5,2,163
6791,304,11,6,1,102
6792,304,11,6,2,146
6793,305,11,1,1,105
6794,305,11,1,2,95
6795,305,11,2,1,115
6796,305,11,2,2,91
6797,305,11,3,1,109
6798,305,11,3,2,83
6799,305,11,4,1,94
6800,305,11,4,2,75
6801,305,11,5,1,101
6802,305,11,5,2,82
6803,305,11,6,1,99
6804,305,11,6,2,86
6805,305,11,1,1,99
6806,305,11,1,2,95
6807,305,11,2,1,97
6808,305,11,2,2,92
6809,305,11,3,1,95
6810,305,11,3,2,84
6811,305,11,4,1,88
6812,305,11,4,2,80
6813,305,11,5,1,92
6814,305,11,5,2,87
6815,305,11,6,1,89
6816,305,11,6,2,90
6817,306,11,1,1,129
6818,306,11,1,2,91
6819,306,11,2,1,138
6820,306,11,2,2,91
6821,306,11,3,1,122
6822,306,11,3,2,89
6823,306,11,4,1,126
6824,306,11,4,2,89
6825,306,11,5,1,121
6826,306,11,5,2,99
6827,306,11,6,1,119
6828,306,11,6,2,87
6829,307,11,1,1,104
6830,307,11,1,2,104
6831,307,11,2,1,108
6832,307,11,2,2,109
6833,307,11,3,1,113
6834,307,11,3,2,113
6835,307,11,4,1,119
6836,307,11,4,2,162
6837,307,11,5,1,122
6838,307,11,5,2,202
6839,307,11,6,1,126
6840,307,11,6,2,193
6841,307,11,1,1,86
6842,307,11,1,2,91
6843,307,11,2,1,92
6844,307,11,2,2,108
6845,307,11,3,1,112
6846,307,11,3,2,125
6847,307,11,4,1,111
6848,307,11,4,2,154
6849,307,11,5,1,115
6850,307,11,5,2,176
6851,307,11,6,1,113
6852,307,11,6,2,163
6853,308,11,1,1,128
6854,308,11,1,2,112
6855,308,11,2,1,129
6856,308,11,2,2,98
6857,308,11,3,1,128
6858,308,11,3,2,85
6859,308,11,4,1,125
6860,308,11,4,2,86
6861,308,11,5,1,120
6862,308,11,5,2,81
6863,308,11,6,1,123
6864,308,11,6,2,84
6865,308,11,1,1,122
6866,308,11,1,2,155
6867,308,11,2,1,119
6868,308,11,2,2,121
6869,308,11,3,1,117
6870,308,11,3,2,108
6871,308,11,4,1,119
6872,308,11,4,2,172
6873,308,11,5,1,127
6874,308,11,5,2,212
6875,308,11,6,1,118
6876,308,11,6,2,148
6877,309,11,1,1,125
6878,309,11,1,2,91
6879,309,11,2,1,123
6880,309,11,2,2,95
6881,309,11,3,1,107
6882,309,11,3,2,86
6883,309,11,4,1,104
6884,309,11,4,2,83
6885,309,11,5,1,109
6886,309,11,5,2,77
6887,309,11,6,1,106
6888,309,11,6,2,84
6889,310,11,1,1,98
6890,310,11,1,2,76
6891,310,11,2,1,107
6892,310,11,2,2,75
6893,310,11,3,1,108
6894,310,11,3,2,77
6895,310,11,4,1,112
6896,310,11,4,2,77
6897,310,11,5,1,109
6898,310,11,5,2,80
6899,310,11,6,1,108
6900,310,11,6,2,74
6901,310,11,1,1,104
6902,310,11,1,2,84
6903,310,11,2,1,112
6904,310,11,2,2,86
6905,310,11,3,1,109
6906,310,11,3,2,82
6907,310,11,4,1,115
6908,310,11,4,2,79
6909,310,11,5,1,110
6910,310,11,5,2,78
6911,310,11,6,1,109
6912,310,11,6,2,72
6913,311,11,1,1,134
6914,311,11,1,2,99
6915,311,11,2,1,106
6916,311,11,2,2,94
6917,311,11,3,1,114
6918,311,11,3,2,92
6919,311,11,4,1,108
6920,311,11,4,2,89
6921,311,11,5,1,102
6922,311,11,5,2,80
6923,311,11,6,1,103
6924,311,11,6,2,77
6925,311,11,1,1,122
6926,311,11,1,2,95
6927,311,11,2,1,98
6928,311,11,2,2,91
6929,311,11,3,1,101
6930,311,11,3,2,88
6931,311,11,4,1,96
6932,311,11,4,2,84
6933,311,11,5,1,96
6934,311,11,5,2,78
6935,311,11,6,1,95
6936,311,11,6,2,76
6937,312,11,1,1,117
6938,312,11,1,2,81
6939,312,11,2,1,118
6940,312,11,2,2,83
6941,312,11,3,1,120
6942,312,11,3,2,84
6943,312,11,4,1,121
6944,312,11,4,2,86
6945,312,11,5,1,116
6946,312,11,5,2,80
6947,312,11,6,1,116
6948,312,11,6,2,82
6949,313,11,1,1,92
6950,313,11,1,2,64
6951,313,11,2,1,92
6952,313,11,2,2,74
6953,313,11,3,1,100
6954,313,11,3,2,75
6955,313,11,4,1,114
6956,313,11,4,2,79
6957,313,11,5,1,106
6958,313,11,5,2,79
6959,313,11,6,1,111
6960,313,11,6,2,75
6961,313,11,1,1,93
6962,313,11,1,2,69
6963,313,11,2,1,93
6964,313,11,2,2,75
6965,313,11,3,1,97
6966,313,11,3,2,73
6967,313,11,4,1,97
6968,313,11,4,2,74
6969,313,11,5,1,96
6970,313,11,5,2,71
6971,313,11,6,1,98
6972,313,11,6,2,67
6973,314,11,1,1,126
6974,314,11,1,2,76
6975,314,11,2,1,138
6976,314,11,2,2,86
6977,314,11,3,1,130
6978,314,11,3,2,84
6979,314,11,4,1,135
6980,314,11,4,2,82
6981,314,11,5,1,130
6982,314,11,5,2,80
6983,314,11,6,1,124
6984,314,11,6,2,71
6985,314,11,1,1,108
6986,314,11,1,2,71
6987,314,11,2,1,116
6988,314,11,2,2,78
6989,314,11,3,1,109
6990,314,11,3,2,77
6991,314,11,4,1,116
6992,314,11,4,2,76
6993,314,11,5,1,114
6994,314,11,5,2,79
6995,314,11,6,1,108
6996,314,11,6,2,66
6997,315,11,1,1,119
6998,315,11,1,2,125
6999,315,11,2,1,125
7000,315,11,2,2,113
7001,315,11,3,1,121
7002,315,11,3,2,106
7003,315,11,4,1,115
7004,315,11,4,2,99
7005,315,11,5,1,115
7006,315,11,5,2,97
7007,315,11,6,1,109
7008,315,11,6,2,100
7009,315,11,1,1,104
7010,315,11,1,2,109
7011,315,11,2,1,100
7012,315,11,2,2,100
7013,315,11,3,1,98
7014,315,11,3,2,95
7015,315,11,4,1,98
7016,315,11,4,2,87
7017,315,11,5,1,97
7018,315,11,5,2,88
7019,315,11,6,1,100
7020,315,11,6,2,120
7021,316,11,1,1,98
7022,316,11,1,2,90
7023,316,11,2,1,109
7024,316,11,2,2,92
7025,316,11,3,1,110
7026,316,11,3,2,80
7027,316,11,4,1,103
7028,316,11,4,2,74
7029,316,11,5,1,106
7030,316,11,5,2,68
7031,316,11,6,1,109
7032,316,11,6,2,79
7033,316,11,1,1,82
7034,316,11,1,2,84
7035,316,11,2,1,93
7036,316,11,2,2,90
7037,316,11,3,1,90
7038,316,11,3,2,80
7039,316,11,4,1,84
7040,316,11,4,2,71
7041,316,11,5,1,91
7042,316,11,5,2,72
7043,316,11,6,1,89
7044,316,11,6,2,71
7045,317,11,1,1,112
7046,317,11,1,2,97
7047,317,11,2,1,105
7048,317,11,2,2,104
7049,317,11,3,1,119
7050,317,11,3,2,151
7051,317,11,4,1,122
7052,317,11,4,2,172
7053,317,11,5,1,119
7054,317,11,5,2,151
7055,317,11,6,1,114
7056,317,11,6,2,117
7057,318,11,1,1,123
7058,318,11,1,2,78
7059,318,11,2,1,119
7060,318,11,2,2,81
7061,318,11,3,1,128
7062,318,11,3,2,78
7063,318,11,4,1,125
7064,318,11,4,2,75
7065,318,11,5,1,124
7066,318,11,5,2,70
7067,318,11,6,1,114
7068,318,11,6,2,64
7069,318,11,1,1,112
7070,318,11,1,2,77
7071,318,11,2,1,108
7072,318,11,2,2,77
7073,318,11,3,1,118
7074,318,11,3,2,78
7075,318,11,4,1,113
7076,318,11,4,2,74
7077,318,11,5,1,109
7078,318,11,5,2,70
7079,318,11,6,1,105
7080,318,11,6,2,72
7081,319,11,1,1,115
7082,319,11,1,2,96
7083,319,11,2,1,113
7084,319,11,2,2,98
7085,319,11,3,1,107
7086,319,11,3,2,92
7087,319,11,4,1,105
7088,319,11,4,2,90
7089,319,11,5,1,106
7090,319,11,5,2,84
7091,319,11,6,1,104
7092,319,11,6,2,85
7093,320,11,1,1,78
7094,320,11,1,2,81
7095,320,11,2,1,81
7096,320,11,2,2,85
7097,320,11,3,1,83
7098,320,11,3,2,74
7099,320,11,4,1,91
7100,320,11,4,2,70
7101,320,11,5,1,88
7102,320,11,5,2,63
7103,320,11,6,1,102
7104,320,11,6,2,63
7105,320,11,1,1,69
7106,320,11,1,2,78
7107,320,11,2,1,72
7108,320,11,2,2,82
7109,320,11,3,1,70
7110,320,11,3,2,70
7111,320,11,4,1,63
7112,320,11,4,2,62
7113,320,11,5,1,71
7114,320,11,5,2,75
7115,320,11,6,1,89
7116,320,11,6,2,81
7117,321,11,1,1,130
7118,321,11,1,2,93
7119,321,11,2,1,122
7120,321,11,2,2,96
7121,321,11,3,1,109
7122,321,11,3,2,90
7123,321,11,4,1,107
7124,321,11,4,2,82
7125,321,11,5,1,113
7126,321,11,5,2,77
7127,321,11,6,1,102
7128,321,11,6,2,71
7129,321,11,1,1,107
7130,321,11,1,2,89
7131,321,11,2,1,103
7132,321,11,2,2,90
7133,321,11,3,1,96
7134,321,11,3,2,86
7135,321,11,4,1,93
7136,321,11,4,2,79
7137,321,11,5,1,97
7138,321,11,5,2,75
7139,321,11,6,1,89
7140,321,11,6,2,70
7141,322,11,1,1,95
7142,322,11,1,2,87
7143,322,11,2,1,96
7144,322,11,2,2,85
7145,322,11,3,1,92
7146,322,11,3,2,79
7147,322,11,4,1,93
7148,322,11,4,2,72
7149,322,11,5,1,91
7150,322,11,5,2,70
7151,322,11,6,1,92
7152,322,11,6,2,67
7153,323,11,1,1,115
7154,323,11,1,2,114
7155,323,11,2,1,113
7156,323,11,2,2,132
7157,323,11,3,1,109
7158,323,11,3,2,125
7159,323,11,4,1,109
7160,323,11,4,2,104
7161,323,11,5,1,112
7162,323,11,5,2,97
7163,323,11,6,1,110
7164,323,11,6,2,82
7165,323,11,1,1,120
7166,323,11,1,2,214
7167,323,11,2,1,116
7168,323,11,2,2,243
7169,323,11,3,1,112
7170,323,11,3,2,218
7171,323,11,4,1,108
7172,323,11,4,2,179
7173,323,11,5,1,116
7174,323,11,5,2,181
7175,323,11,6,1,110
7176,323,11,6,2,158
7177,324,11,1,1,117
7178,324,11,1,2,91
7179,324,11,2,1,102
7180,324,11,2,2,83
7181,324,11,3,1,93
7182,324,11,3,2,76
7183,324,11,4,1,99
7184,324,11,4,2,76
7185,324,11,5,1,97
7186,324,11,5,2,68
7187,324,11,6,1,94
7188,324,11,6,2,63
7189,325,11,1,1,76
7190,325,11,1,2,75
7191,325,11,2,1,80
7192,325,11,2,2,67
7193,325,11,3,1,85
7194,325,11,3,2,65
7195,325,11,4,1,78
7196,325,11,4,2,59
7197,325,11,5,1,94
7198,325,11,5,2,63
7199,325,11,6,1,102
7200,325,11,6,2,63
7201,325,11,1,1,66
7202,325,11,1,2,77
7203,325,11,2,1,70
7204,325,11,2,2,72
7205,325,11,3,1,72
7206,325,11,3,2,69
7207,325,11,4,1,67
7208,325,11,4,2,62
7209,325,11,5,1,77
7210,325,11,5,2,63
7211,325,11,6,1,75
7212,325,11,6,2,58
7213,326,11,1,1,107
7214,326,11,1,2,106
7215,326,11,2,1,113
7216,326,11,2,2,101
7217,326,11,3,1,108
7218,326,11,3,2,103
7219,326,11,4,1,102
7220,326,11,4,2,100
7221,326,11,5,1,100
7222,326,11,5,2,95
7223,326,11,6,1,116
7224,326,11,6,2,101
7225,326,11,1,1,95
7226,326,11,1,2,94
7227,326,11,2,1,98
7228,326,11,2,2,93
7229,326,11,3,1,98
7230,326,11,3,2,93
7231,326,11,4,1,95
7232,326,11,4,2,104
7233,326,11,5,1,93
7234,326,11,5,2,100
7235,326,11,6,1,100
7236,326,11,6,2,112
7237,327,11,1,1,120
7238,327,11,1,2,94
7239,327,11,2,1,118
7240,327,11,2,2,93
7241,327,11,3,1,106
7242,327,11,3,2,91
7243,327,11,4,1,110
7244,327,11,4,2,89
7245,327,11,5,1,107
7246,327,11,5,2,82
7247,327,11,6,1,101
7248,327,11,6,2,77
7249,327,11,1,1,122
7250,327,11,1,2,93
7251,327,11,2,1,120
7252,327,11,2,2,93
7253,327,11,3,1,108
7254,327,11,3,2,91
7255,327,11,4,1,112
7256,327,11,4,2,88
7257,327,11,5,1,108
7258,327,11,5,2,82
7259,327,11,6,1,102
7260,327,11,6,2,77
7261,328,11,1,1,89
7262,328,11,1,2,95
7263,328,11,2,1,80
7264,328,11,2,2,84
7265,328,11,3,1,83
7266,328,11,3,2,83
7267,328,11,4,1,86
7268,328,11,4,2,73
7269,328,11,5,1,91
7270,328,11,5,2,74
7271,328,11,6,1,89
7272,328,11,6,2,74
7273,328,11,1,1,81
7274,328,11,1,2,85
7275,328,11,2,1,71
7276,328,11,2,2,79
7277,328,11,3,1,72
7278,328,11,3,2,75
7279,328,11,4,1,74
7280,328,11,4,2,69
7281,328,11,5,1,77
7282,328,11,5,2,68
7283,328,11,6,1,75
7284,328,11,6,2,67
7285,329,11,1,1,117
7286,329,11,1,2,86
7287,329,11,2,1,119
7288,329,11,2,2,87
7289,329,11,3,1,119
7290,329,11,3,2,82
7291,329,11,4,1,109
7292,329,11,4,2,79
7293,329,11,5,1,109
7294,329,11,5,2,74
7295,329,11,6,1,115
7296,329,11,6,2,74
7297,329,11,1,1,109
7298,329,11,1,2,81
7299,329,11,2,1,104
7300,329,11,2,2,83
7301,329,11,3,1,102
7302,329,11,3,2,84
7303,329,11,4,1,104
7304,329,11,4,2,122
7305,329,11,5,1,99
7306,329,11,5,2,104
7307,329,11,6,1,99
7308,329,11,6,2,84
7309,330,11,1,1,108
7310,330,11,1,2,100
7311,330,11,2,1,92
7312,330,11,2,2,91
7313,330,11,3,1,81
7314,330,11,3,2,92
7315,330,11,4,1,84
7316,330,11,4,2,97
7317,330,11,5,1,86
7318,330,11,5,2,90
7319,330,11,6,1,80
7320,330,11,6,2,90
7321,330,11,1,1,110
7322,330,11,1,2,133
7323,330,11,2,1,94
7324,330,11,2,2,123
7325,330,11,3,1,81
7326,330,11,3,2,111
7327,330,11,4,1,85
7328,330,11,4,2,115
7329,330,11,5,1,86
7330,330,11,5,2,102
7331,330,11,6,1,82
7332,330,11,6,2,99
7333,331,12,1,1,114
7334,331,12,1,2,101
7335,331,12,2,1,111
7336,331,12,2,2,96
7337,331,12,3,1,114
7338,331,12,3,2,101
7339,331,12,4,1,111
7340,331,12,4,2,96
7341,331,12,5,1,110
7342,331,12,5,2,98
7343,331,12,6,1,108
7344,331,12,6,2,99
7345,331,12,1,1,108
7346,331,12,1,2,96
7347,331,12,2,1,106
7348,331,12,2,2,94
7349,331,12,3,1,110
7350,331,12,3,2,100
7351,331,12,4,1,110
7352,331,12,4,2,100
7353,331,12,5,1,109
7354,331,12,5,2,100
7355,331,12,6,1,108
7356,331,12,6,2,100
7357,332,12,1,1,113
7358,332,12,1,2,116
7359,332,12,2,1,113
7360,332,12,2,2,108
7361,332,12,3,1,107
7362,332,12,3,2,103
7363,332,12,4,1,106
7364,332,12,4,2,94
7365,332,12,5,1,111
7366,332,12,5,2,96
7367,332,12,6,1,110
7368,332,12,6,2,103
7369,332,12,1,1,117
7370,332,12,1,2,125
7371,332,12,2,1,115
7372,332,12,2,2,115
7373,332,12,3,1,105
7374,332,12,3,2,105
7375,332,12,4,1,103
7376,332,12,4,2,96
7377,332,12,5,1,107
7378,332,12,5,2,96
7379,332,12,6,1,106
7380,332,12,6,2,99
7381,333,12,1,1,89
7382,333,12,1,2,65
7383,333,12,2,1,90
7384,333,12,2,2,74
7385,333,12,3,1,95
7386,333,12,3,2,83
7387,333,12,4,1,97
7388,333,12,4,2,87
7389,333,12,5,1,98
7390,333,12,5,2,89
7391,333,12,6,1,100
7392,333,12,6,2,95
7393,333,12,1,1,85
7394,333,12,1,2,74
7395,333,12,2,1,87
7396,333,12,2,2,87
7397,333,12,3,1,89
7398,333,12,3,2,93
7399,333,12,4,1,94
7400,333,12,4,2,102
7401,333,12,5,1,95
7402,333,12,5,2,101
7403,333,12,6,1,96
7404,333,12,6,2,101
7405,334,12,1,1,104
7406,334,12,1,2,118
7407,334,12,2,1,100
7408,334,12,2,2,106
7409,334,12,3,1,94
7410,334,12,3,2,95
7411,334,12,4,1,96
7412,334,12,4,2,95
7413,334,12,5,1,92
7414,334,12,5,2,94
7415,334,12,6,1,95
7416,334,12,6,2,91
7417,334,12,1,1,98
7418,334,12,1,2,111
7419,334,12,2,1,96
7420,334,12,2,2,103
7421,334,12,3,1,92
7422,334,12,3,2,95
7423,334,12,4,1,93
7424,334,12,4,2,96
7425,334,12,5,1,90
7426,334,12,5,2,95
7427,334,12,6,1,92
7428,334,12,6,2,92
7429,335,13,1,1,132
7430,335,13,1,2,132
7431,335,13,2,1,131
7432,335,13,2,2,129
7433,335,13,3,1,130
7434,335,13,3,2,129
7435,335,13,4,1,119
7436,335,13,4,2,123
7437,335,13,5,1,116
7438,335,13,5,2,122
7439,335,13,6,1,116
7440,335,13,6,2,122
7441,335,13,1,1,117
7442,335,13,1,2,116
7443,335,13,2,1,120
7444,335,13,2,2,118
7445,335,13,3,1,119
7446,335,13,3,2,118
7447,335,13,4,1,115
7448,335,13,4,2,116
7449,335,13,5,1,114
7450,335,13,5,2,117
7451,335,13,6,1,116
7452,335,13,6,2,119
7453,336,13,1,1,92
7454,336,13,1,2,109
7455,336,13,2,1,97
7456,336,13,2,2,120
7457,336,13,3,1,101
7458,336,13,3,2,123
7459,336,13,4,1,103
7460,336,13,4,2,114
7461,336,13,5,1,100
7462,336,13,5,2,112
7463,336,13,6,1,94
7464,336,13,6,2,107
7465,336,13,1,1,83
7466,336,13,1,2,98
7467,336,13,2,1,84
7468,336,13,2,2,103
7469,336,13,3,1,90
7470,336,13,3,2,107
7471,336,13,4,1,93
7472,336,13,4,2,102
7473,336,13,5,1,93
7474,336,13,5,2,99
7475,336,13,6,1,95
7476,336,13,6,2,104
7477,337,13,1,1,64
7478,337,13,1,2,91
7479,337,13,2,1,63
7480,337,13,2,2,89
7481,337,13,3,1,66
7482,337,13,3,2,87
7483,337,13,4,1,74
7484,337,13,4,2,96
7485,337,13,5,1,73
7486,337,13,5,2,101
7487,337,13,6,1,75
7488,337,13,6,2,95
7489,337,13,1,1,64
7490,337,13,1,2,91
7491,337,13,2,1,63
7492,337,13,2,2,89
7493,337,13,3,1,66
7494,337,13,3,2,87
7495,337,13,4,1,74
7496,337,13,4,2,96
7497,337,13,5,1,73
7498,337,13,5,2,101
7499,337,13,6,1,75
7500,337,13,6,2,95
7501,338,14,1,1,122
7502,338,14,1,2,111
7503,338,14,2,1,122
7504,338,14,2,2,113
7505,338,14,3,1,122
7506,338,14,3,2,115
7507,338,14,4,1,125
7508,338,14,4,2,116
7509,338,14,5,1,131
7510,338,14,5,2,117
7511,338,14,6,1,133
7512,338,14,6,2,123
7513,338,14,1,1,120
7514,338,14,1,2,108
7515,338,14,2,1,119
7516,338,14,2,2,110
7517,338,14,3,1,119
7518,338,14,3,2,112
7519,338,14,4,1,120
7520,338,14,4,2,112
7521,338,14,5,1,125
7522,338,14,5,2,112
7523,338,14,6,1,128
7524,338,14,6,2,116
7525,339,14,1,1,97
7526,339,14,1,2,152
7527,339,14,2,1,108
7528,339,14,2,2,176
7529,339,14,3,1,117
7530,339,14,3,2,177
7531,339,14,4,1,129
7532,339,14,4,2,180
7533,339,14,5,1,135
7534,339,14,5,2,242
7535,339,14,6,1,150
7536,339,14,6,2,281
7537,339,14,1,1,95
7538,339,14,1,2,135
7539,339,14,2,1,106
7540,339,14,2,2,156
7541,339,14,3,1,113
7542,339,14,3,2,154
7543,339,14,4,1,121
7544,339,14,4,2,157
7545,339,14,5,1,127
7546,339,14,5,2,202
7547,339,14,6,1,137
7548,339,14,6,2,232
7549,340,14,1,1,86
7550,340,14,1,2,67
7551,340,14,2,1,85
7552,340,14,2,2,70
7553,340,14,3,1,102
7554,340,14,3,2,78
7555,340,14,4,1,98
7556,340,14,4,2,76
7557,340,14,5,1,83
7558,340,14,5,2,57
7559,340,14,6,1,73
7560,340,14,6,2,48
7561,340,14,1,1,87
7562,340,14,1,2,69
7563,340,14,2,1,86
7564,340,14,2,2,72
7565,340,14,3,1,98
7566,340,14,3,2,77
7567,340,14,4,1,93
7568,340,14,4,2,74
7569,340,14,5,1,78
7570,340,14,5,2,56
7571,340,14,6,1,68
7572,340,14,6,2,45
7573,341,14,1,1,57
7574,341,14,1,2,49
7575,341,14,2,1,47
7576,341,14,2,2,45
7577,341,14,3,1,50
7578,341,14,3,2,46
7579,341,14,4,1,85
7580,341,14,4,2,70
7581,341,14,5,1,83
7582,341,14,5,2,64
7583,341,14,6,1,81
7584,341,14,6,2,55
7585,341,14,1,1,70
7586,341,14,1,2,75
7587,341,14,2,1,59
7588,341,14,2,2,56
7589,341,14,3,1,61
7590,341,14,3,2,63
7591,341,14,4,1,81
7592,341,14,4,2,74
7593,341,14,5,1,75
7594,341,14,5,2,68
7595,341,14,6,1,71
7596,341,14,6,2,53
7597,342,14,1,1,93
7598,342,14,1,2,70
7599,342,14,2,1,99
7600,342,14,2,2,78
7601,342,14,3,1,99
7602,342,14,3,2,72
7603,342,14,4,1,101
7604,342,14,4,2,77
7605,342,14,5,1,113
7606,342,14,5,2,79
7607,342,14,6,1,103
7608,342,14,6,2,72
7609,342,14,1,1,87
7610,342,14,1,2,66
7611,342,14,2,1,95
7612,342,14,2,2,74
7613,342,14,3,1,94
7614,342,14,3,2,69
7615,342,14,4,1,92
7616,342,14,4,2,72
7617,342,14,5,1,102
7618,342,14,5,2,73
7619,342,14,6,1,95
7620,342,14,6,2,66
7621,343,14,1,1,77
7622,343,14,1,2,62
7623,343,14,2,1,86
7624,343,14,2,2,70
7625,343,14,3,1,93
7626,343,14,3,2,71
7627,343,14,4,1,89
7628,343,14,4,2,67
7629,343,14,5,1,70
7630,343,14,5,2,45
7631,343,14,6,1,57
7632,343,14,6,2,31
7633,343,14,1,1,76
7634,343,14,1,2,63
7635,343,14,2,1,80
7636,343,14,2,2,66
7637,343,14,3,1,90
7638,343,14,3,2,68
7639,343,14,4,1,84
7640,343,14,4,2,64
7641,343,14,5,1,64
7642,343,14,5,2,43
7643,343,14,6,1,55
7644,343,14,6,2,31
7645,344,14,1,1,49
7646,344,14,1,2,43
7647,344,14,2,1,67
7648,344,14,2,2,52
7649,344,14,3,1,83
7650,344,14,3,2,65
7651,344,14,4,1,87
7652,344,14,4,2,72
7653,344,14,5,1,70
7654,344,14,5,2,56
7655,344,14,6,1,58
7656,344,14,6,2,38
7657,344,14,1,1,66
7658,344,14,1,2,59
7659,344,14,2,1,73
7660,344,14,2,2,64
7661,344,14,3,1,82
7662,344,14,3,2,67
7663,344,14,4,1,82
7664,344,14,4,2,70
7665,344,14,5,1,66
7666,344,14,5,2,52
7667,344,14,6,1,55
7668,344,14,6,2,36
7669,345,14,1,1,85
7670,345,14,1,2,70
7671,345,14,2,1,94
7672,345,14,2,2,78
7673,345,14,3,1,104
7674,345,14,3,2,81
7675,345,14,4,1,108
7676,345,14,4,2,81
7677,345,14,5,1,110
7678,345,14,5,2,78
7679,345,14,6,1,104
7680,345,14,6,2,71
7681,345,14,1,1,80
7682,345,14,1,2,67
7683,345,14,2,1,89
7684,345,14,2,2,76
7685,345,14,3,1,93
7686,345,14,3,2,75
7687,345,14,4,1,96
7688,345,14,4,2,78
7689,345,14,5,1,93
7690,345,14,5,2,73
7691,345,14,6,1,86
7692,345,14,6,2,63
7693,346,14,1,1,113
7694,346,14,1,2,99
7695,346,14,2,1,105
7696,346,14,2,2,92
7697,346,14,3,1,97
7698,346,14,3,2,83
7699,346,14,4,1,91
7700,346,14,4,2,81
7701,346,14,5,1,83
7702,346,14,5,2,64
7703,346,14,6,1,102
7704,346,14,6,2,77
7705,346,14,1,1,104
7706,346,14,1,2,94
7707,346,14,2,1,97
7708,346,14,2,2,87
7709,346,14,3,1,91
7710,346,14,3,2,80
7711,346,14,4,1,86
7712,346,14,4,2,78
7713,346,14,5,1,79
7714,346,14,5,2,62
7715,346,14,6,1,92
7716,346,14,6,2,70
7717,347,14,1,1,112
7718,347,14,1,2,206
7719,347,14,2,1,84
7720,347,14,2,2,95
7721,347,14,3,1,93
7722,347,14,3,2,112
7723,347,14,4,1,92
7724,347,14,4,2,106
7725,347,14,5,1,81
7726,347,14,5,2,80
7727,347,14,6,1,72
7728,347,14,6,2,56
7729,347,14,1,1,107
7730,347,14,1,2,184
7731,347,14,2,1,82
7732,347,14,2,2,91
7733,347,14,3,1,86
7734,347,14,3,2,101
7735,347,14,4,1,84
7736,347,14,4,2,95
7737,347,14,5,1,72
7738,347,14,5,2,69
7739,347,14,6,1,64
7740,347,14,6,2,49
7741,348,14,1,1,99
7742,348,14,1,2,174
7743,348,14,2,1,99
7744,348,14,2,2,175
7745,348,14,3,1,108
7746,348,14,3,2,167
7747,348,14,4,1,116
7748,348,14,4,2,183
7749,348,14,5,1,105
7750,348,14,5,2,165
7751,348,14,6,1,99
7752,348,14,6,2,129
7753,348,14,1,1,91
7754,348,14,1,2,166
7755,348,14,2,1,90
7756,348,14,2,2,164
7757,348,14,3,1,98
7758,348,14,3,2,149
7759,348,14,4,1,103
7760,348,14,4,2,160
7761,348,14,5,1,92
7762,348,14,5,2,140
7763,348,14,6,1,85
7764,348,14,6,2,111
7765,349,14,1,1,90
7766,349,14,1,2,68
7767,349,14,2,1,94
7768,349,14,2,2,79
7769,349,14,3,1,99
7770,349,14,3,2,80
7771,349,14,4,1,98
7772,349,14,4,2,90
7773,349,14,5,1,86
7774,349,14,5,2,81
7775,349,14,6,1,107
7776,349,14,6,2,82
7777,349,14,1,1,90
7778,349,14,1,2,70
7779,349,14,2,1,91
7780,349,14,2,2,77
7781,349,14,3,1,92
7782,349,14,3,2,76
7783,349,14,4,1,88
7784,349,14,4,2,82
7785,349,14,5,1,76
7786,349,14,5,2,74
7787,349,14,6,1,96
7788,349,14,6,2,75
7789,350,14,1,1,114
7790,350,14,1,2,73
7791,350,14,2,1,115
7792,350,14,2,2,87
7793,350,14,3,1,109
7794,350,14,3,2,85
7795,350,14,4,1,112
7796,350,14,4,2,86
7797,350,14,5,1,94
7798,350,14,5,2,61
7799,350,14,6,1,79
7800,350,14,6,2,47
7801,350,14,1,1,105
7802,350,14,1,2,73
7803,350,14,2,1,104
7804,350,14,2,2,84
7805,350,14,3,1,99
7806,350,14,3,2,82
7807,350,14,4,1,99
7808,350,14,4,2,80
7809,350,14,5,1,81
7810,350,14,5,2,57
7811,350,14,6,1,69
7812,350,14,6,2,44
7813,351,14,1,1,97
7814,351,14,1,2,67
7815,351,14,2,1,95
7816,351,14,2,2,74
7817,351,14,3,1,95
7818,351,14,3,2,78
7819,351,14,4,1,97
7820,351,14,4,2,80
7821,351,14,5,1,96
7822,351,14,5,2,75
7823,351,14,6,1,89
7824,351,14,6,2,65
7825,351,14,1,1,89
7826,351,14,1,2,89
7827,351,14,2,1,88
7828,351,14,2,2,77
7829,351,14,3,1,84
7830,351,14,3,2,80
7831,351,14,4,1,80
7832,351,14,4,2,77
7833,351,14,5,1,75
7834,351,14,5,2,68
7835,351,14,6,1,67
7836,351,14,6,2,54
7837,352,15,1,1,149
7838,352,15,1,2,153
7839,352,15,2,1,145
7840,352,15,2,2,148
7841,352,15,3,1,135
7842,352,15,3,2,139
7843,352,15,4,1,131
7844,352,15,4,2,137
7845,352,15,5,1,128
7846,352,15,5,2,131
7847,352,15,6,1,125
7848,352,15,6,2,126
7849,352,15,1,1,151
7850,352,15,1,2,156
7851,352,15,2,1,142
7852,352,15,2,2,146
7853,352,15,3,1,134
7854,352,15,3,2,140
7855,352,15,4,1,131
7856,352,15,4,2,137
7857,352,15,5,1,127
7858,352,15,5,2,131
7859,352,15,6,1,125
7860,352,15,6,2,127
7861,353,15,1,1,131
7862,353,15,1,2,137
7863,353,15,2,1,139
7864,353,15,2,2,139
7865,353,15,3,1,122
7866,353,15,3,2,127
7867,353,15,4,1,117
7868,353,15,4,2,125
7869,353,15,5,1,115
7870,353,15,5,2,122
7871,353,15,6,1,115
7872,353,15,6,2,119
7873,353,15,1,1,132
7874,353,15,1,2,139
7875,353,15,2,1,136
7876,353,15,2,2,138
7877,353,15,3,1,121
7878,353,15,3,2,127
7879,353,15,4,1,117
7880,353,15,4,2,126
7881,353,15,5,1,115
7882,353,15,5,2,122
7883,353,15,6,1,115
7884,353,15,6,2,120
7885,354,15,1,1,122
7886,354,15,1,2,109
7887,354,15,2,1,118
7888,354,15,2,2,105
7889,354,15,3,1,118
7890,354,15,3,2,107
7891,354,15,4,1,120
7892,354,15,4,2,111
7893,354,15,5,1,122
7894,354,15,5,2,112
7895,354,15,6,1,119
7896,354,15,6,2,113
7897,354,15,1,1,115
7898,354,15,1,2,106
7899,354,15,2,1,106
7900,354,15,2,2,97
7901,354,15,3,1,110
7902,354,15,3,2,102
7903,354,15,4,1,114
7904,354,15,4,2,106
7905,354,15,5,1,114
7906,354,15,5,2,106
7907,354,15,6,1,111
7908,354,15,6,2,105
7909,355,15,1,1,126
7910,355,15,1,2,124
7911,355,15,2,1,125
7912,355,15,2,2,118
7913,355,15,3,1,121
7914,355,15,3,2,113
7915,355,15,4,1,125
7916,355,15,4,2,123
7917,355,15,5,1,123
7918,355,15,5,2,122
7919,355,15,6,1,117
7920,355,15,6,2,114
7921,355,15,1,1,118
7922,355,15,1,2,117
7923,355,15,2,1,110
7924,355,15,2,2,108
7925,355,15,3,1,111
7926,355,15,3,2,105
7927,355,15,4,1,117
7928,355,15,4,2,115
7929,355,15,5,1,117
7930,355,15,5,2,116
7931,355,15,6,1,114
7932,355,15,6,2,113
7933,356,15,1,1,134
7934,356,15,1,2,133
7935,356,15,2,1,107
7936,356,15,2,2,108
7937,356,15,3,1,115
7938,356,15,3,2,110
7939,356,15,4,1,120
7940,356,15,4,2,116
7941,356,15,5,1,112
7942,356,15,5,2,114
7943,356,15,6,1,113
7944,356,15,6,2,115
7945,356,15,1,1,129
7946,356,15,1,2,130
7947,356,15,2,1,104
7948,356,15,2,2,106
7949,356,15,3,1,111
7950,356,15,3,2,108
7951,356,15,4,1,116
7952,356,15,4,2,112
7953,356,15,5,1,109
7954,356,15,5,2,111
7955,356,15,6,1,111
7956,356,15,6,2,112
7957,357,15,1,1,114
7958,357,15,1,2,117
7959,357,15,2,1,112
7960,357,15,2,2,119
7961,357,15,3,1,109
7962,357,15,3,2,113
7963,357,15,4,1,112
7964,357,15,4,2,108
7965,357,15,5,1,116
7966,357,15,5,2,112
7967,357,15,6,1,110
7968,357,15,6,2,108
7969,357,15,1,1,103
7970,357,15,1,2,106
7971,357,15,2,1,101
7972,357,15,2,2,111
7973,357,15,3,1,101
7974,357,15,3,2,109
7975,357,15,4,1,101
7976,357,15,4,2,99
7977,357,15,5,1,102
7978,357,15,5,2,101
7979,357,15,6,1,100
7980,357,15,6,2,98
7981,358,15,1,1,105
7982,358,15,1,2,98
7983,358,15,2,1,100
7984,358,15,2,2,94
7985,358,15,3,1,104
7986,358,15,3,2,101
7987,358,15,4,1,106
7988,358,15,4,2,106
7989,358,15,5,1,105
7990,358,15,5,2,103
7991,358,15,6,1,100
7992,358,15,6,2,102
7993,358,15,1,1,107
7994,358,15,1,2,101
7995,358,15,2,1,99
7996,358,15,2,2,95
7997,358,15,3,1,106
7998,358,15,3,2,106
7999,358,15,4,1,110
8000,358,15,4,2,111
8001,358,15,5,1,106
8002,358,15,5,2,106
8003,358,15,6,1,101
8004,358,15,6,2,105
8005,359,15,1,1,86
8006,359,15,1,2,92
8007,359,15,2,1,81
8008,359,15,2,2,88
8009,359,15,3,1,102
8010,359,15,3,2,90
8011,359,15,4,1,110
8012,359,15,4,2,99
8013,359,15,5,1,105
8014,359,15,5,2,94
8015,359,15,6,1,102
8016,359,15,6,2,88
8017,360,15,1,1,85
8018,360,15,1,2,88
8019,360,15,2,1,80
8020,360,15,2,2,85
8021,360,15,3,1,98
8022,360,15,3,2,86
8023,360,15,4,1,106
8024,360,15,4,2,92
8025,360,15,5,1,102
8026,360,15,5,2,90
8027,360,15,6,1,98
8028,360,15,6,2,84
8029,361,15,1,1,132
8030,361,15,1,2,124
8031,361,15,2,1,134
8032,361,15,2,2,122
8033,361,15,3,1,122
8034,361,15,3,2,113
8035,361,15,4,1,123
8036,361,15,4,2,115
8037,361,15,5,1,123
8038,361,15,5,2,113
8039,361,15,6,1,124
8040,361,15,6,2,116
8041,361,15,1,1,131
8042,361,15,1,2,127
8043,361,15,2,1,129
8044,361,15,2,2,121
8045,361,15,3,1,121
8046,361,15,3,2,115
8047,361,15,4,1,119
8048,361,15,4,2,113
8049,361,15,5,1,120
8050,361,15,5,2,114
8051,361,15,6,1,122
8052,361,15,6,2,117
8053,362,15,1,1,107
8054,362,15,1,2,104
8055,362,15,2,1,118
8056,362,15,2,2,112
8057,362,15,3,1,107
8058,362,15,3,2,97
8059,362,15,4,1,98
8060,362,15,4,2,91
8061,362,15,5,1,96
8062,362,15,5,2,89
8063,362,15,6,1,95
8064,362,15,6,2,81
8065,362,15,1,1,93
8066,362,15,1,2,88
8067,362,15,2,1,98
8068,362,15,2,2,95
8069,362,15,3,1,92
8070,362,15,3,2,86
8071,362,15,4,1,83
8072,362,15,4,2,79
8073,362,15,5,1,83
8074,362,15,5,2,77
8075,362,15,6,1,85
8076,362,15,6,2,73
8077,363,15,1,1,88
8078,363,15,1,2,77
8079,363,15,2,1,102
8080,363,15,2,2,92
8081,363,15,3,1,96
8082,363,15,3,2,93
8083,363,15,4,1,104
8084,363,15,4,2,105
8085,363,15,5,1,99
8086,363,15,5,2,102
8087,363,15,6,1,101
8088,363,15,6,2,108
8089,363,15,1,1,87
8090,363,15,1,2,77
8091,363,15,2,1,94
8092,363,15,2,2,88
8093,363,15,3,1,100
8094,363,15,3,2,98
8095,363,15,4,1,105
8096,363,15,4,2,107
8097,363,15,5,1,109
8098,363,15,5,2,111
8099,363,15,6,1,107
8100,363,15,6,2,113
8101,364,15,1,1,137
8102,364,15,1,2,110
8103,364,15,2,1,122
8104,364,15,2,2,109
8105,364,15,3,1,116
8106,364,15,3,2,107
8107,364,15,4,1,117
8108,364,15,4,2,109
8109,364,15,5,1,116
8110,364,15,5,2,117
8111,364,15,6,1,126
8112,364,15,6,2,134
8113,364,15,1,1,133
8114,364,15,1,2,110
8115,364,15,2,1,119
8116,364,15,2,2,111
8117,364,15,3,1,114
8118,364,15,3,2,106
8119,364,15,4,1,114
8120,364,15,4,2,107
8121,364,15,5,1,113
8122,364,15,5,2,114
8123,364,15,6,1,123
8124,364,15,6,2,130
8125,365,15,1,1,124
8126,365,15,1,2,93
8127,365,15,2,1,111
8128,365,15,2,2,92
8129,365,15,3,1,117
8130,365,15,3,2,92
8131,365,15,4,1,123
8132,365,15,4,2,102
8133,365,15,5,1,129
8134,365,15,5,2,117
8135,365,15,6,1,121
8136,365,15,6,2,113
8137,365,15,1,1,112
8138,365,15,1,2,83
8139,365,15,2,1,99
8140,365,15,2,2,80
8141,365,15,3,1,104
8142,365,15,3,2,82
8143,365,15,4,1,111
8144,365,15,4,2,92
8145,365,15,5,1,116
8146,365,15,5,2,107
8147,365,15,6,1,113
8148,365,15,6,2,105
8149,366,15,1,1,129
8150,366,15,1,2,114
8151,366,15,2,1,127
8152,366,15,2,2,114
8153,366,15,3,1,123
8154,366,15,3,2,111
8155,366,15,4,1,122
8156,366,15,4,2,106
8157,366,15,5,1,124
8158,366,15,5,2,114
8159,366,15,6,1,126
8160,366,15,6,2,122
8161,366,15,1,1,125
8162,366,15,1,2,111
8163,366,15,2,1,122
8164,366,15,2,2,112
8165,366,15,3,1,119
8166,366,15,3,2,109
8167,366,15,4,1,119
8168,366,15,4,2,105
8169,366,15,5,1,120
8170,366,15,5,2,112
8171,366,15,6,1,123
8172,366,15,6,2,120
8173,367,15,1,1,127
8174,367,15,1,2,122
8175,367,15,2,1,111
8176,367,15,2,2,104
8177,367,15,3,1,108
8178,367,15,3,2,94
8179,367,15,4,1,113
8180,367,15,4,2,98
8181,367,15,5,1,113
8182,367,15,5,2,104
8183,367,15,6,1,118
8184,367,15,6,2,116
8185,367,15,1,1,118
8186,367,15,1,2,121
8187,367,15,2,1,102
8188,367,15,2,2,103
8189,367,15,3,1,102
8190,367,15,3,2,97
8191,367,15,4,1,104
8192,367,15,4,2,97
8193,367,15,5,1,108
8194,367,15,5,2,105
8195,367,15,6,1,107
8196,367,15,6,2,108
8197,368,15,1,1,114
8198,368,15,1,2,111
8199,368,15,2,1,120
8200,368,15,2,2,117
8201,368,15,3,1,124
8202,368,15,3,2,119
8203,368,15,4,1,109
8204,368,15,4,2,103
8205,368,15,5,1,107
8206,368,15,5,2,105
8207,368,15,6,1,111
8208,368,15,6,2,109
8209,368,15,1,1,113
8210,368,15,1,2,119
8211,368,15,2,1,111
8212,368,15,2,2,114
8213,368,15,3,1,116
8214,368,15,3,2,120
8215,368,15,4,1,109
8216,368,15,4,2,110
8217,368,15,5,1,106
8218,368,15,5,2,108
8219,368,15,6,1,110
8220,368,15,6,2,115
8221,369,15,1,1,105
8222,369,15,1,2,109
8223,369,15,2,1,96
8224,369,15,2,2,99
8225,369,15,3,1,102
8226,369,15,3,2,97
8227,369,15,4,1,113
8228,369,15,4,2,111
8229,369,15,5,1,114
8230,369,15,5,2,114
8231,369,15,6,1,117
8232,369,15,6,2,121
8233,369,15,1,1,102
8234,369,15,1,2,106
8235,369,15,2,1,92
8236,369,15,2,2,94
8237,369,15,3,1,100
8238,369,15,3,2,95
8239,369,15,4,1,112
8240,369,15,4,2,110
8241,369,15,5,1,114
8242,369,15,5,2,115
8243,369,15,6,1,118
8244,369,15,6,2,122
8245,370,15,1,1,136
8246,370,15,1,2,128
8247,370,15,2,1,126
8248,370,15,2,2,117
8249,370,15,3,1,114
8250,370,15,3,2,109
8251,370,15,4,1,124
8252,370,15,4,2,115
8253,370,15,5,1,134
8254,370,15,5,2,137
8255,370,15,6,1,131
8256,370,15,6,2,131
8257,370,15,1,1,147
8258,370,15,1,2,134
8259,370,15,2,1,123
8260,370,15,2,2,113
8261,370,15,3,1,114
8262,370,15,3,2,106
8263,370,15,4,1,123
8264,370,15,4,2,114
8265,370,15,5,1,125
8266,370,15,5,2,129
8267,370,15,6,1,133
8268,370,15,6,2,132
8269,371,15,1,1,127
8270,371,15,1,2,104
8271,371,15,2,1,124
8272,371,15,2,2,94
8273,371,15,3,1,118
8274,371,15,3,2,93
8275,371,15,4,1,121
8276,371,15,4,2,107
8277,371,15,5,1,124
8278,371,15,5,2,119
8279,371,15,6,1,125
8280,371,15,6,2,129
8281,371,15,1,1,126
8282,371,15,1,2,104
8283,371,15,2,1,119
8284,371,15,2,2,92
8285,371,15,3,1,116
8286,371,15,3,2,93
8287,371,15,4,1,119
8288,371,15,4,2,107
8289,371,15,5,1,123
8290,371,15,5,2,119
8291,371,15,6,1,125
8292,371,15,6,2,129
8293,372,15,1,1,106
8294,372,15,1,2,103
8295,372,15,2,1,99
8296,372,15,2,2,96
8297,372,15,3,1,101
8298,372,15,3,2,94
8299,372,15,4,1,97
8300,372,15,4,2,90
8301,372,15,5,1,101
8302,372,15,5,2,99
8303,372,15,6,1,104
8304,372,15,6,2,105
8305,372,15,1,1,104
8306,372,15,1,2,101
8307,372,15,2,1,95
8308,372,15,2,2,93
8309,372,15,3,1,98
8310,372,15,3,2,92
8311,372,15,4,1,95
8312,372,15,4,2,89
8313,372,15,5,1,99
8314,372,15,5,2,96
8315,372,15,6,1,104
8316,372,15,6,2,104
8317,373,15,1,1,115
8318,373,15,1,2,113
8319,373,15,2,1,119
8320,373,15,2,2,113
8321,373,15,3,1,112
8322,373,15,3,2,105
8323,373,15,4,1,114
8324,373,15,4,2,108
8325,373,15,5,1,113
8326,373,15,5,2,110
8327,373,15,6,1,110
8328,373,15,6,2,111
8329,373,15,1,1,107
8330,373,15,1,2,105
8331,373,15,2,1,114
8332,373,15,2,2,111
8333,373,15,3,1,109
8334,373,15,3,2,105
8335,373,15,4,1,110
8336,373,15,4,2,107
8337,373,15,5,1,108
8338,373,15,5,2,106
8339,373,15,6,1,105
8340,373,15,6,2,107
8341,374,15,1,1,118
8342,374,15,1,2,108
8343,374,15,2,1,105
8344,374,15,2,2,108
8345,374,15,3,1,106
8346,374,15,3,2,102
8347,374,15,4,1,108
8348,374,15,4,2,100
8349,374,15,5,1,110
8350,374,15,5,2,108
8351,374,15,6,1,111
8352,374,15,6,2,116
8353,374,15,1,1,92
8354,374,15,1,2,82
8355,374,15,2,1,81
8356,374,15,2,2,80
8357,374,15,3,1,91
8358,374,15,3,2,85
8359,374,15,4,1,94
8360,374,15,4,2,91
8361,374,15,5,1,99
8362,374,15,5,2,98
8363,374,15,6,1,104
8364,374,15,6,2,107
8365,375,15,1,1,118
8366,375,15,1,2,93
8367,375,15,2,1,107
8368,375,15,2,2,88
8369,375,15,3,1,109
8370,375,15,3,2,91
8371,375,15,4,1,115
8372,375,15,4,2,97
8373,375,15,5,1,126
8374,375,15,5,2,115
8375,375,15,6,1,124
8376,375,15,6,2,120
8377,375,15,1,1,109
8378,375,15,1,2,84
8379,375,15,2,1,100
8380,375,15,2,2,81
8381,375,15,3,1,105
8382,375,15,3,2,88
8383,375,15,4,1,112
8384,375,15,4,2,95
8385,375,15,5,1,123
8386,375,15,5,2,112
8387,375,15,6,1,121
8388,375,15,6,2,117
8389,376,15,1,1,100
8390,376,15,1,2,103
8391,376,15,2,1,97
8392,376,15,2,2,98
8393,376,15,3,1,106
8394,376,15,3,2,90
8395,376,15,4,1,108
8396,376,15,4,2,89
8397,376,15,5,1,112
8398,376,15,5,2,105
8399,376,15,6,1,109
8400,376,15,6,2,101
8401,376,15,1,1,91
8402,376,15,1,2,97
8403,376,15,2,1,91
8404,376,15,2,2,96
8405,376,15,3,1,101
8406,376,15,3,2,87
8407,376,15,4,1,106
8408,376,15,4,2,88
8409,376,15,5,1,109
8410,376,15,5,2,101
8411,376,15,6,1,105
8412,376,15,6,2,97
8413,377,15,1,1,120
8414,377,15,1,2,109
8415,377,15,2,1,119
8416,377,15,2,2,107
8417,377,15,3,1,120
8418,377,15,3,2,109
8419,377,15,4,1,126
8420,377,15,4,2,119
8421,377,15,5,1,124
8422,377,15,5,2,126
8423,377,15,6,1,122
8424,377,15,6,2,130
8425,377,15,1,1,112
8426,377,15,1,2,104
8427,377,15,2,1,105
8428,377,15,2,2,97
8429,377,15,3,1,109
8430,377,15,3,2,101
8431,377,15,4,1,115
8432,377,15,4,2,112
8433,377,15,5,1,119
8434,377,15,5,2,122
8435,377,15,6,1,115
8436,377,15,6,2,125
8437,378,15,1,1,128
8438,378,15,1,2,128
8439,378,15,2,1,121
8440,378,15,2,2,121
8441,378,15,3,1,110
8442,378,15,3,2,105
8443,378,15,4,1,117
8444,378,15,4,2,117
8445,378,15,5,1,111
8446,378,15,5,2,116
8447,378,15,6,1,112
8448,378,15,6,2,119
8449,378,15,1,1,127
8450,378,15,1,2,122
8451,378,15,2,1,109
8452,378,15,2,2,108
8453,378,15,3,1,102
8454,378,15,3,2,97
8455,378,15,4,1,109
8456,378,15,4,2,109
8457,378,15,5,1,106
8458,378,15,5,2,110
8459,378,15,6,1,107
8460,378,15,6,2,112
8461,379,15,1,1,96
8462,379,15,1,2,88
8463,379,15,2,1,95
8464,379,15,2,2,89
8465,379,15,3,1,104
8466,379,15,3,2,87
8467,379,15,4,1,106
8468,379,15,4,2,88
8469,379,15,5,1,104
8470,379,15,5,2,94
8471,379,15,6,1,94
8472,379,15,6,2,82
8473,380,15,1,1,94
8474,380,15,1,2,88
8475,380,15,2,1,92
8476,380,15,2,2,97
8477,380,15,3,1,93
8478,380,15,3,2,92
8479,380,15,4,1,105
8480,380,15,4,2,101
8481,380,15,5,1,110
8482,380,15,5,2,110
8483,380,15,6,1,101
8484,380,15,6,2,108
8485,380,15,1,1,87
8486,380,15,1,2,80
8487,380,15,2,1,83
8488,380,15,2,2,89
8489,380,15,3,1,80
8490,380,15,3,2,78
8491,380,15,4,1,94
8492,380,15,4,2,92
8493,380,15,5,1,102
8494,380,15,5,2,101
8495,380,15,6,1,95
8496,380,15,6,2,101
8497,114,15,1,1,133
8498,114,15,1,2,122
8499,114,15,2,1,134
8500,114,15,2,2,104
8501,114,15,3,1,118
8502,114,15,3,2,95
8503,114,15,4,1,122
8504,114,15,4,2,95
8505,114,15,5,1,126
8506,114,15,5,2,98
8507,114,15,6,1,128
8508,114,15,6,2,108
8509,381,15,1,1,123
8510,381,15,1,2,126
8511,381,15,2,1,122
8512,381,15,2,2,125
8513,381,15,3,1,110
8514,381,15,3,2,113
8515,381,15,4,1,105
8516,381,15,4,2,111
8517,381,15,5,1,108
8518,381,15,5,2,105
8519,381,15,6,1,105
8520,381,15,6,2,110
8521,381,15,1,1,119
8522,381,15,1,2,127
8523,381,15,2,1,115
8524,381,15,2,2,120
8525,381,15,3,1,103
8526,381,15,3,2,107
8527,381,15,4,1,102
8528,381,15,4,2,106
8529,381,15,5,1,105
8530,381,15,5,2,102
8531,381,15,6,1,102
8532,381,15,6,2,107
8533,382,15,1,1,115
8534,382,15,1,2,123
8535,382,15,2,1,117
8536,382,15,2,2,120
8537,382,15,3,1,120
8538,382,15,3,2,124
8539,382,15,4,1,119
8540,382,15,4,2,121
8541,382,15,5,1,125
8542,382,15,5,2,124
8543,382,15,6,1,115
8544,382,15,6,2,113
8545,382,15,1,1,112
8546,382,15,1,2,121
8547,382,15,2,1,113
8548,382,15,2,2,116
8549,382,15,3,1,117
8550,382,15,3,2,119
8551,382,15,4,1,117
8552,382,15,4,2,120
8553,382,15,5,1,126
8554,382,15,5,2,126
8555,382,15,6,1,116
8556,382,15,6,2,114
8557,383,15,1,1,66
8558,383,15,1,2,67
8559,383,15,2,1,88
8560,383,15,2,2,93
8561,383,15,3,1,83
8562,383,15,3,2,87
8563,383,15,4,1,88
8564,383,15,4,2,89
8565,383,15,5,1,90
8566,383,15,5,2,89
8567,383,15,6,1,91
8568,383,15,6,2,89
8569,383,15,1,1,65
8570,383,15,1,2,66
8571,383,15,2,1,87
8572,383,15,2,2,93
8573,383,15,3,1,82
8574,383,15,3,2,86
8575,383,15,4,1,87
8576,383,15,4,2,88
8577,383,15,5,1,90
8578,383,15,5,2,89
8579,383,15,6,1,91
8580,383,15,6,2,90
8581,384,15,1,1,103
8582,384,15,1,2,106
8583,384,15,2,1,98
8584,384,15,2,2,104
8585,384,15,3,1,106
8586,384,15,3,2,107
8587,384,15,4,1,105
8588,384,15,4,2,105
8589,384,15,5,1,106
8590,384,15,5,2,105
8591,384,15,6,1,108
8592,384,15,6,2,106
8593,384,15,1,1,103
8594,384,15,1,2,106
8595,384,15,2,1,98
8596,384,15,2,2,104
8597,384,15,3,1,106
8598,384,15,3,2,107
8599,384,15,4,1,105
8600,384,15,4,2,105
8601,384,15,5,1,106
8602,384,15,5,2,105
8603,384,15,6,1,108
8604,384,15,6,2,106
8605,385,15,1,1,111
8606,385,15,1,2,85
8607,385,15,2,1,100
8608,385,15,2,2,80
8609,385,15,3,1,97
8610,385,15,3,2,78
8611,385,15,4,1,110
8612,385,15,4,2,87
8613,385,15,5,1,111
8614,385,15,5,2,90
8615,385,15,6,1,113
8616,385,15,6,2,101
8617,385,15,1,1,97
8618,385,15,1,2,71
8619,385,15,2,1,82
8620,385,15,2,2,64
8621,385,15,3,1,85
8622,385,15,3,2,67
8623,385,15,4,1,95
8624,385,15,4,2,74
8625,385,15,5,1,102
8626,385,15,5,2,83
8627,385,15,6,1,104
8628,385,15,6,2,92
8629,386,15,1,1,104
8630,386,15,1,2,97
8631,386,15,2,1,98
8632,386,15,2,2,90
8633,386,15,3,1,102
8634,386,15,3,2,98
8635,386,15,4,1,100
8636,386,15,4,2,100
8637,386,15,5,1,115
8638,386,15,5,2,113
8639,386,15,6,1,120
8640,386,15,6,2,118
8641,386,15,1,1,83
8642,386,15,1,2,78
8643,386,15,2,1,89
8644,386,15,2,2,81
8645,386,15,3,1,103
8646,386,15,3,2,100
8647,386,15,4,1,100
8648,386,15,4,2,100
8649,386,15,5,1,109
8650,386,15,5,2,106
8651,386,15,6,1,114
8652,386,15,6,2,111
8653,387,15,1,1,142
8654,387,15,1,2,127
8655,387,15,2,1,120
8656,387,15,2,2,104
8657,387,15,3,1,115
8658,387,15,3,2,106
8659,387,15,4,1,119
8660,387,15,4,2,109
8661,387,15,5,1,120
8662,387,15,5,2,113
8663,387,15,6,1,120
8664,387,15,6,2,102
8665,387,15,1,1,131
8666,387,15,1,2,122
8667,387,15,2,1,111
8668,387,15,2,2,104
8669,387,15,3,1,112
8670,387,15,3,2,110
8671,387,15,4,1,114
8672,387,15,4,2,109
8673,387,15,5,1,120
8674,387,15,5,2,116
8675,387,15,6,1,116
8676,387,15,6,2,102
8677,388,15,1,1,104
8678,388,15,1,2,85
8679,388,15,2,1,95
8680,388,15,2,2,81
8681,388,15,3,1,99
8682,388,15,3,2,88
8683,388,15,4,1,105
8684,388,15,4,2,96
8685,388,15,5,1,115
8686,388,15,5,2,123
8687,388,15,6,1,119
8688,388,15,6,2,131
8689,388,15,1,1,90
8690,388,15,1,2,73
8691,388,15,2,1,82
8692,388,15,2,2,71
8693,388,15,3,1,103
8694,388,15,3,2,92
8695,388,15,4,1,110
8696,388,15,4,2,107
8697,388,15,5,1,110
8698,388,15,5,2,117
8699,388,15,6,1,111
8700,388,15,6,2,121
8701,389,15,1,1,112
8702,389,15,1,2,106
8703,389,15,2,1,97
8704,389,15,2,2,99
8705,389,15,3,1,100
8706,389,15,3,2,95
8707,389,15,4,1,104
8708,389,15,4,2,97
8709,389,15,5,1,106
8710,389,15,5,2,101
8711,389,15,6,1,119
8712,389,15,6,2,116
8713,389,15,1,1,103
8714,389,15,1,2,101
8715,389,15,2,1,89
8716,389,15,2,2,91
8717,389,15,3,1,95
8718,389,15,3,2,94
8719,389,15,4,1,100
8720,389,15,4,2,98
8721,389,15,5,1,103
8722,389,15,5,2,100
8723,389,15,6,1,113
8724,389,15,6,2,111
8725,390,15,1,1,123
8726,390,15,1,2,135
8727,390,15,2,1,134
8728,390,15,2,2,133
8729,390,15,3,1,134
8730,390,15,3,2,134
8731,390,15,4,1,135
8732,390,15,4,2,137
8733,390,15,5,1,98
8734,390,15,5,2,93
8735,390,15,6,1,92
8736,390,15,6,2,90
8737,390,15,1,1,123
8738,390,15,1,2,135
8739,390,15,2,1,134
8740,390,15,2,2,133
8741,390,15,3,1,134
8742,390,15,3,2,134
8743,390,15,4,1,135
8744,390,15,4,2,137
8745,390,15,5,1,98
8746,390,15,5,2,93
8747,390,15,6,1,92
8748,390,15,6,2,90
8749,391,15,1,1,88
8750,391,15,1,2,87
8751,391,15,2,1,80
8752,391,15,2,2,78
8753,391,15,3,1,88
8754,391,15,3,2,87
8755,391,15,4,1,100
8756,391,15,4,2,97
8757,391,15,5,1,110
8758,391,15,5,2,106
8759,391,15,6,1,107
8760,391,15,6,2,106
8761,391,15,1,1,86
8762,391,15,1,2,87
8763,391,15,2,1,78
8764,391,15,2,2,74
8765,391,15,3,1,83
8766,391,15,3,2,84
8767,391,15,4,1,95
8768,391,15,4,2,101
8769,391,15,5,1,104
8770,391,15,5,2,104
8771,391,15,6,1,101
8772,391,15,6,2,104
8773,392,15,1,1,149
8774,392,15,1,2,153
8775,392,15,2,1,135
8776,392,15,2,2,129
8777,392,15,3,1,133
8778,392,15,3,2,133
8779,392,15,4,1,129
8780,392,15,4,2,131
8781,392,15,5,1,118
8782,392,15,5,2,123
8783,392,15,6,1,125
8784,392,15,6,2,125
8785,392,15,1,1,143
8786,392,15,1,2,149
8787,392,15,2,1,135
8788,392,15,2,2,134
8789,392,15,3,1,132
8790,392,15,3,2,136
8791,392,15,4,1,132
8792,392,15,4,2,137
8793,392,15,5,1,120
8794,392,15,5,2,125
8795,392,15,6,1,127
8796,392,15,6,2,129
8797,393,15,1,1,150
8798,393,15,1,2,160
8799,393,15,2,1,141
8800,393,15,2,2,148
8801,393,15,3,1,137
8802,393,15,3,2,144
8803,393,15,4,1,139
8804,393,15,4,2,150
8805,393,15,5,1,126
8806,393,15,5,2,135
8807,393,15,6,1,118
8808,393,15,6,2,128
8809,393,15,1,1,140
8810,393,15,1,2,148
8811,393,15,2,1,125
8812,393,15,2,2,128
8813,393,15,3,1,127
8814,393,15,3,2,132
8815,393,15,4,1,127
8816,393,15,4,2,137
8817,393,15,5,1,121
8818,393,15,5,2,130
8819,393,15,6,1,114
8820,393,15,6,2,123
8821,394,15,1,1,159
8822,394,15,1,2,149
8823,394,15,2,1,133
8824,394,15,2,2,127
8825,394,15,3,1,117
8826,394,15,3,2,106
8827,394,15,4,1,123
8828,394,15,4,2,111
8829,394,15,5,1,122
8830,394,15,5,2,118
8831,394,15,6,1,116
8832,394,15,6,2,108
8833,394,15,1,1,153
8834,394,15,1,2,156
8835,394,15,2,1,124
8836,394,15,2,2,124
8837,394,15,3,1,110
8838,394,15,3,2,106
8839,394,15,4,1,122
8840,394,15,4,2,115
8841,394,15,5,1,119
8842,394,15,5,2,118
8843,394,15,6,1,111
8844,394,15,6,2,108
8845,395,15,1,1,57
8846,395,15,1,2,57
8847,395,15,2,1,70
8848,395,15,2,2,74
8849,395,15,3,1,73
8850,395,15,3,2,78
8851,395,15,4,1,70
8852,395,15,4,2,72
8853,395,15,5,1,64
8854,395,15,5,2,66
8855,395,15,6,1,71
8856,395,15,6,2,75
8857,395,15,1,1,71
8858,395,15,1,2,73
8859,395,15,2,1,83
8860,395,15,2,2,86
8861,395,15,3,1,84
8862,395,15,3,2,86
8863,395,15,4,1,80
8864,395,15,4,2,82
8865,395,15,5,1,74
8866,395,15,5,2,74
8867,395,15,6,1,80
8868,395,15,6,2,81
8869,396,15,1,1,132
8870,396,15,1,2,133
8871,396,15,2,1,111
8872,396,15,2,2,129
8873,396,15,3,1,99
8874,396,15,3,2,107
8875,396,15,4,1,98
8876,396,15,4,2,102
8877,396,15,5,1,103
8878,396,15,5,2,105
8879,396,15,6,1,97
8880,396,15,6,2,106
8881,396,15,1,1,132
8882,396,15,1,2,133
8883,396,15,2,1,111
8884,396,15,2,2,129
8885,396,15,3,1,99
8886,396,15,3,2,107
8887,396,15,4,1,98
8888,396,15,4,2,102
8889,396,15,5,1,103
8890,396,15,5,2,105
8891,396,15,6,1,97
8892,396,15,6,2,106
8893,397,15,1,1,97
8894,397,15,1,2,89
8895,397,15,2,1,88
8896,397,15,2,2,84
8897,397,15,3,1,103
8898,397,15,3,2,99
8899,397,15,4,1,105
8900,397,15,4,2,93
8901,397,15,5,1,110
8902,397,15,5,2,102
8903,397,15,6,1,101
8904,397,15,6,2,94
8905,397,15,1,1,89
8906,397,15,1,2,88
8907,397,15,2,1,93
8908,397,15,2,2,92
8909,397,15,3,1,97
8910,397,15,3,2,94
8911,397,15,4,1,99
8912,397,15,4,2,88
8913,397,15,5,1,103
8914,397,15,5,2,95
8915,397,15,6,1,107
8916,397,15,6,2,99
8917,398,15,1,1,119
8918,398,15,1,2,122
8919,398,15,2,1,110
8920,398,15,2,2,107
8921,398,15,3,1,99
8922,398,15,3,2,99
8923,398,15,4,1,110
8924,398,15,4,2,103
8925,398,15,5,1,103
8926,398,15,5,2,100
8927,398,15,6,1,115
8928,398,15,6,2,103
8929,398,15,1,1,117
8930,398,15,1,2,121
8931,398,15,2,1,109
8932,398,15,2,2,107
8933,398,15,3,1,99
8934,398,15,3,2,100
8935,398,15,4,1,108
8936,398,15,4,2,102
8937,398,15,5,1,102
8938,398,15,5,2,99
8939,398,15,6,1,114
8940,398,15,6,2,102
8941,399,15,1,1,104
8942,399,15,1,2,103
8943,399,15,2,1,103
8944,399,15,2,2,113
8945,399,15,3,1,98
8946,399,15,3,2,106
8947,399,15,4,1,95
8948,399,15,4,2,93
8949,399,15,5,1,99
8950,399,15,5,2,99
8951,399,15,6,1,98
8952,399,15,6,2,98
8953,400,15,1,1,78
8954,400,15,1,2,78
8955,400,15,2,1,61
8956,400,15,2,2,60
8957,400,15,3,1,76
8958,400,15,3,2,81
8959,400,15,4,1,89
8960,400,15,4,2,88
8961,400,15,5,1,94
8962,400,15,5,2,94
8963,400,15,6,1,97
8964,400,15,6,2,95
8965,400,15,1,1,78
8966,400,15,1,2,78
8967,400,15,2,1,61
8968,400,15,2,2,60
8969,400,15,3,1,76
8970,400,15,3,2,81
8971,400,15,4,1,89
8972,400,15,4,2,88
8973,400,15,5,1,94
8974,400,15,5,2,94
8975,400,15,6,1,97
8976,400,15,6,2,95
8977,401,15,1,1,137
8978,401,15,1,2,152
8979,401,15,2,1,133
8980,401,15,2,2,142
8981,401,15,3,1,116
8982,401,15,3,2,132
8983,401,15,4,1,112
8984,401,15,4,2,128
8985,401,15,5,1,105
8986,401,15,5,2,119
8987,401,15,6,1,107
8988,401,15,6,2,120
8989,402,15,1,1,129
8990,402,15,1,2,133
8991,402,15,2,1,106
8992,402,15,2,2,106
8993,402,15,3,1,98
8994,402,15,3,2,99
8995,402,15,4,1,105
8996,402,15,4,2,111
8997,402,15,5,1,101
8998,402,15,5,2,98
8999,402,15,6,1,100
9000,402,15,6,2,92
9001,402,15,1,1,129
9002,402,15,1,2,133
9003,402,15,2,1,106
9004,402,15,2,2,106
9005,402,15,3,1,98
9006,402,15,3,2,99
9007,402,15,4,1,105
9008,402,15,4,2,111
9009,402,15,5,1,101
9010,402,15,5,2,98
9011,402,15,6,1,100
9012,402,15,6,2,92
9013,403,15,1,1,99
9014,403,15,1,2,108
9015,403,15,2,1,103
9016,403,15,2,2,122
9017,403,15,3,1,96
9018,403,15,3,2,110
9019,403,15,4,1,98
9020,403,15,4,2,98
9021,403,15,5,1,100
9022,403,15,5,2,103
9023,403,15,6,1,99
9024,403,15,6,2,101
9025,404,15,1,1,137
9026,404,15,1,2,117
9027,404,15,2,1,128
9028,404,15,2,2,115
9029,404,15,3,1,129
9030,404,15,3,2,119
9031,404,15,4,1,135
9032,404,15,4,2,131
9033,404,15,5,1,131
9034,404,15,5,2,134
9035,404,15,6,1,115
9036,404,15,6,2,121
9037,404,15,1,1,130
9038,404,15,1,2,113
9039,404,15,2,1,125
9040,404,15,2,2,112
9041,404,15,3,1,125
9042,404,15,3,2,116
9043,404,15,4,1,123
9044,404,15,4,2,115
9045,404,15,5,1,119
9046,404,15,5,2,118
9047,404,15,6,1,106
9048,404,15,6,2,110
9049,405,15,1,1,158
9050,405,15,1,2,164
9051,405,15,2,1,162
9052,405,15,2,2,158
9053,405,15,3,1,131
9054,405,15,3,2,128
9055,405,15,4,1,134
9056,405,15,4,2,134
9057,405,15,5,1,126
9058,405,15,5,2,125
9059,405,15,6,1,128
9060,405,15,6,2,125
9061,406,15,1,1,88
9062,406,15,1,2,98
9063,406,15,2,1,78
9064,406,15,2,2,88
9065,406,15,3,1,97
9066,406,15,3,2,88
9067,406,15,4,1,100
9068,406,15,4,2,83
9069,406,15,5,1,103
9070,406,15,5,2,86
9071,406,15,6,1,107
9072,406,15,6,2,88
9073,406,15,1,1,50
9074,406,15,1,2,49
9075,406,15,2,1,46
9076,406,15,2,2,50
9077,406,15,3,1,68
9078,406,15,3,2,57
9079,406,15,4,1,65
9080,406,15,4,2,51
9081,406,15,5,1,68
9082,406,15,5,2,53
9083,406,15,6,1,69
9084,406,15,6,2,56
9085,407,15,1,1,113
9086,407,15,1,2,107
9087,407,15,2,1,82
9088,407,15,2,2,74
9089,407,15,3,1,93
9090,407,15,3,2,86
9091,407,15,4,1,95
9092,407,15,4,2,94
9093,407,15,5,1,107
9094,407,15,5,2,104
9095,407,15,6,1,107
9096,407,15,6,2,105
9097,407,15,1,1,113
9098,407,15,1,2,107
9099,407,15,2,1,82
9100,407,15,2,2,74
9101,407,15,3,1,93
9102,407,15,3,2,86
9103,407,15,4,1,95
9104,407,15,4,2,94
9105,407,15,5,1,107
9106,407,15,5,2,104
9107,407,15,6,1,107
9108,407,15,6,2,105
9109,408,15,1,1,104
9110,408,15,1,2,127
9111,408,15,2,1,94
9112,408,15,2,2,105
9113,408,15,3,1,111
9114,408,15,3,2,115
9115,408,15,4,1,130
9116,408,15,4,2,121
9117,408,15,5,1,121
9118,408,15,5,2,110
9119,408,15,6,1,111
9120,408,15,6,2,101
9121,408,15,1,1,104
9122,408,15,1,2,127
9123,408,15,2,1,94
9124,408,15,2,2,105
9125,408,15,3,1,111
9126,408,15,3,2,115
9127,408,15,4,1,130
9128,408,15,4,2,121
9129,408,15,5,1,121
9130,408,15,5,2,110
9131,408,15,6,1,111
9132,408,15,6,2,101
9133,409,15,1,1,168
9134,409,15,1,2,193
9135,409,15,2,1,148
9136,409,15,2,2,169
9137,409,15,3,1,134
9138,409,15,3,2,153
9139,409,15,4,1,126
9140,409,15,4,2,147
9141,409,15,5,1,121
9142,409,15,5,2,139
9143,409,15,6,1,124
9144,409,15,6,2,135
9145,410,15,1,1,99
9146,410,15,1,2,101
9147,410,15,2,1,104
9148,410,15,2,2,107
9149,410,15,3,1,109
9150,410,15,3,2,110
9151,410,15,4,1,105
9152,410,15,4,2,104
9153,410,15,5,1,108
9154,410,15,5,2,108
9155,410,15,6,1,107
9156,410,15,6,2,111
9157,410,15,1,1,97
9158,410,15,1,2,101
9159,410,15,2,1,100
9160,410,15,2,2,104
9161,410,15,3,1,107
9162,410,15,3,2,110
9163,410,15,4,1,104
9164,410,15,4,2,104
9165,410,15,5,1,107
9166,410,15,5,2,108
9167,410,15,6,1,107
9168,410,15,6,2,111
9169,411,15,1,1,82
9170,411,15,1,2,83
9171,411,15,2,1,85
9172,411,15,2,2,80
9173,411,15,3,1,96
9174,411,15,3,2,92
9175,411,15,4,1,101
9176,411,15,4,2,98
9177,411,15,5,1,97
9178,411,15,5,2,93
9179,411,15,6,1,94
9180,411,15,6,2,93
9181,411,15,1,1,79
9182,411,15,1,2,82
9183,411,15,2,1,84
9184,411,15,2,2,81
9185,411,15,3,1,93
9186,411,15,3,2,91
9187,411,15,4,1,98
9188,411,15,4,2,96
9189,411,15,5,1,96
9190,411,15,5,2,94
9191,411,15,6,1,94
9192,411,15,6,2,94
9193,130,15,1,1,73
9194,130,15,1,2,69
9195,130,15,2,1,85
9196,130,15,2,2,76
9197,130,15,3,1,87
9198,130,15,3,2,80
9199,130,15,4,1,86
9200,130,15,4,2,83
9201,130,15,5,1,87
9202,130,15,5,2,82
9203,130,15,6,1,97
9204,130,15,6,2,92
9205,130,15,1,1,75
9206,130,15,1,2,72
9207,130,15,2,1,87
9208,130,15,2,2,81
9209,130,15,3,1,87
9210,130,15,3,2,83
9211,130,15,4,1,86
9212,130,15,4,2,84
9213,130,15,5,1,87
9214,130,15,5,2,83
9215,130,15,6,1,96
9216,130,15,6,2,92
9217,412,15,1,1,119
9218,412,15,1,2,116
9219,412,15,2,1,102
9220,412,15,2,2,93
9221,412,15,3,1,105
9222,412,15,3,2,97
9223,412,15,4,1,109
9224,412,15,4,2,102
9225,412,15,5,1,120
9226,412,15,5,2,114
9227,412,15,6,1,121
9228,412,15,6,2,119
9229,412,15,1,1,118
9230,412,15,1,2,115
9231,412,15,2,1,99
9232,412,15,2,2,91
9233,412,15,3,1,105
9234,412,15,3,2,98
9235,412,15,4,1,109
9236,412,15,4,2,102
9237,412,15,5,1,119
9238,412,15,5,2,114
9239,412,15,6,1,120
9240,412,15,6,2,119
9241,413,15,1,1,106
9242,413,15,1,2,94
9243,413,15,2,1,104
9244,413,15,2,2,96
9245,413,15,3,1,109
9246,413,15,3,2,103
9247,413,15,4,1,110
9248,413,15,4,2,104
9249,413,15,5,1,111
9250,413,15,5,2,111
9251,413,15,6,1,110
9252,413,15,6,2,116
9253,413,15,1,1,114
9254,413,15,1,2,100
9255,413,15,2,1,109
9256,413,15,2,2,97
9257,413,15,3,1,112
9258,413,15,3,2,106
9259,413,15,4,1,116
9260,413,15,4,2,110
9261,413,15,5,1,121
9262,413,15,5,2,122
9263,413,15,6,1,114
9264,413,15,6,2,121
9265,414,15,1,1,162
9266,414,15,1,2,161
9267,414,15,2,1,151
9268,414,15,2,2,145
9269,414,15,3,1,143
9270,414,15,3,2,140
9271,414,15,4,1,143
9272,414,15,4,2,144
9273,414,15,5,1,135
9274,414,15,5,2,137
9275,414,15,6,1,136
9276,414,15,6,2,135
9277,415,15,1,1,105
9278,415,15,1,2,105
9279,415,15,2,1,95
9280,415,15,2,2,90
9281,415,15,3,1,116
9282,415,15,3,2,118
9283,415,15,4,1,118
9284,415,15,4,2,123
9285,415,15,5,1,117
9286,415,15,5,2,124
9287,415,15,6,1,110
9288,415,15,6,2,118
9289,415,15,1,1,103
9290,415,15,1,2,105
9291,415,15,2,1,95
9292,415,15,2,2,92
9293,415,15,3,1,117
9294,415,15,3,2,120
9295,415,15,4,1,120
9296,415,15,4,2,125
9297,415,15,5,1,119
9298,415,15,5,2,125
9299,415,15,6,1,108
9300,415,15,6,2,115
9301,416,15,1,1,117
9302,416,15,1,2,111
9303,416,15,2,1,126
9304,416,15,2,2,113
9305,416,15,3,1,119
9306,416,15,3,2,111
9307,416,15,4,1,122
9308,416,15,4,2,115
9309,416,15,5,1,116
9310,416,15,5,2,107
9311,416,15,6,1,119
9312,416,15,6,2,111
9313,416,15,1,1,112
9314,416,15,1,2,106
9315,416,15,2,1,121
9316,416,15,2,2,109
9317,416,15,3,1,119
9318,416,15,3,2,112
9319,416,15,4,1,119
9320,416,15,4,2,113
9321,416,15,5,1,114
9322,416,15,5,2,106
9323,416,15,6,1,115
9324,416,15,6,2,109
9325,417,15,1,1,124
9326,417,15,1,2,117
9327,417,15,2,1,125
9328,417,15,2,2,116
9329,417,15,3,1,118
9330,417,15,3,2,113
9331,417,15,4,1,112
9332,417,15,4,2,107
9333,417,15,5,1,114
9334,417,15,5,2,103
9335,417,15,6,1,115
9336,417,15,6,2,110
9337,417,15,1,1,117
9338,417,15,1,2,115
9339,417,15,2,1,117
9340,417,15,2,2,114
9341,417,15,3,1,113
9342,417,15,3,2,110
9343,417,15,4,1,108
9344,417,15,4,2,105
9345,417,15,5,1,111
9346,417,15,5,2,104
9347,417,15,6,1,112
9348,417,15,6,2,108
9349,418,15,1,1,102
9350,418,15,1,2,90
9351,418,15,2,1,99
9352,418,15,2,2,85
9353,418,15,3,1,98
9354,418,15,3,2,85
9355,418,15,4,1,107
9356,418,15,4,2,96
9357,418,15,5,1,111
9358,418,15,5,2,106
9359,418,15,6,1,110
9360,418,15,6,2,107
9361,418,15,1,1,98
9362,418,15,1,2,87
9363,418,15,2,1,95
9364,418,15,2,2,84
9365,418,15,3,1,97
9366,418,15,3,2,85
9367,418,15,4,1,104
9368,418,15,4,2,94
9369,418,15,5,1,108
9370,418,15,5,2,105
9371,418,15,6,1,106
9372,418,15,6,2,105
9373,419,15,1,1,126
9374,419,15,1,2,120
9375,419,15,2,1,109
9376,419,15,2,2,102
9377,419,15,3,1,114
9378,419,15,3,2,108
9379,419,15,4,1,113
9380,419,15,4,2,107
9381,419,15,5,1,122
9382,419,15,5,2,118
9383,419,15,6,1,121
9384,419,15,6,2,123
9385,419,15,1,1,107
9386,419,15,1,2,101
9387,419,15,2,1,98
9388,419,15,2,2,93
9389,419,15,3,1,105
9390,419,15,3,2,103
9391,419,15,4,1,103
9392,419,15,4,2,98
9393,419,15,5,1,111
9394,419,15,5,2,108
9395,419,15,6,1,113
9396,419,15,6,2,115
9397,420,15,1,1,130
9398,420,15,1,2,127
9399,420,15,2,1,124
9400,420,15,2,2,110
9401,420,15,3,1,118
9402,420,15,3,2,107
9403,420,15,4,1,125
9404,420,15,4,2,121
9405,420,15,5,1,129
9406,420,15,5,2,125
9407,420,15,6,1,134
9408,420,15,6,2,127
9409,420,15,1,1,117
9410,420,15,1,2,118
9411,420,15,2,1,110
9412,420,15,2,2,103
9413,420,15,3,1,98
9414,420,15,3,2,91
9415,420,15,4,1,110
9416,420,15,4,2,107
9417,420,15,5,1,113
9418,420,15,5,2,107
9419,420,15,6,1,115
9420,420,15,6,2,110
9421,421,15,1,1,107
9422,421,15,1,2,90
9423,421,15,2,1,114
9424,421,15,2,2,94
9425,421,15,3,1,109
9426,421,15,3,2,91
9427,421,15,4,1,111
9428,421,15,4,2,95
9429,421,15,5,1,98
9430,421,15,5,2,79
9431,421,15,6,1,105
9432,421,15,6,2,91
9433,421,15,1,1,110
9434,421,15,1,2,98
9435,421,15,2,1,114
9436,421,15,2,2,92
9437,421,15,3,1,109
9438,421,15,3,2,89
9439,421,15,4,1,112
9440,421,15,4,2,92
9441,421,15,5,1,110
9442,421,15,5,2,86
9443,421,15,6,1,112
9444,421,15,6,2,95
9445,422,15,1,1,132
9446,422,15,1,2,123
9447,422,15,2,1,124
9448,422,15,2,2,115
9449,422,15,3,1,121
9450,422,15,3,2,109
9451,422,15,4,1,120
9452,422,15,4,2,102
9453,422,15,5,1,122
9454,422,15,5,2,110
9455,422,15,6,1,118
9456,422,15,6,2,111
9457,422,15,1,1,128
9458,422,15,1,2,121
9459,422,15,2,1,115
9460,422,15,2,2,107
9461,422,15,3,1,115
9462,422,15,3,2,107
9463,422,15,4,1,122
9464,422,15,4,2,106
9465,422,15,5,1,122
9466,422,15,5,2,110
9467,422,15,6,1,120
9468,422,15,6,2,111
9469,423,15,1,1,117
9470,423,15,1,2,115
9471,423,15,2,1,121
9472,423,15,2,2,115
9473,423,15,3,1,114
9474,423,15,3,2,113
9475,423,15,4,1,110
9476,423,15,4,2,114
9477,423,15,5,1,113
9478,423,15,5,2,118
9479,423,15,6,1,104
9480,423,15,6,2,111
9481,423,15,1,1,97
9482,423,15,1,2,98
9483,423,15,2,1,114
9484,423,15,2,2,109
9485,423,15,3,1,108
9486,423,15,3,2,104
9487,423,15,4,1,91
9488,423,15,4,2,93
9489,423,15,5,1,99
9490,423,15,5,2,106
9491,423,15,6,1,96
9492,423,15,6,2,103
9493,424,15,1,1,128
9494,424,15,1,2,114
9495,424,15,2,1,108
9496,424,15,2,2,92
9497,424,15,3,1,109
9498,424,15,3,2,101
9499,424,15,4,1,113
9500,424,15,4,2,105
9501,424,15,5,1,118
9502,424,15,5,2,119
9503,424,15,6,1,122
9504,424,15,6,2,127
9505,424,15,1,1,115
9506,424,15,1,2,109
9507,424,15,2,1,94
9508,424,15,2,2,87
9509,424,15,3,1,101
9510,424,15,3,2,100
9511,424,15,4,1,106
9512,424,15,4,2,103
9513,424,15,5,1,113
9514,424,15,5,2,116
9515,424,15,6,1,118
9516,424,15,6,2,124
9517,425,15,1,1,125
9518,425,15,1,2,118
9519,425,15,2,1,110
9520,425,15,2,2,113
9521,425,15,3,1,110
9522,425,15,3,2,100
9523,425,15,4,1,112
9524,425,15,4,2,107
9525,425,15,5,1,110
9526,425,15,5,2,109
9527,425,15,6,1,107
9528,425,15,6,2,110
9529,425,15,1,1,121
9530,425,15,1,2,119
9531,425,15,2,1,111
9532,425,15,2,2,112
9533,425,15,3,1,109
9534,425,15,3,2,99
9535,425,15,4,1,113
9536,425,15,4,2,105
9537,425,15,5,1,109
9538,425,15,5,2,106
9539,425,15,6,1,107
9540,425,15,6,2,108
9541,426,15,1,1,116
9542,426,15,1,2,113
9543,426,15,2,1,102
9544,426,15,2,2,99
9545,426,15,3,1,116
9546,426,15,3,2,110
9547,426,15,4,1,121
9548,426,15,4,2,121
9549,426,15,5,1,123
9550,426,15,5,2,124
9551,426,15,6,1,117
9552,426,15,6,2,122
9553,426,15,1,1,105
9554,426,15,1,2,100
9555,426,15,2,1,91
9556,426,15,2,2,90
9557,426,15,3,1,100
9558,426,15,3,2,96
9559,426,15,4,1,114
9560,426,15,4,2,115
9561,426,15,5,1,111
9562,426,15,5,2,113
9563,426,15,6,1,103
9564,426,15,6,2,107
9565,427,15,1,1,138
9566,427,15,1,2,142
9567,427,15,2,1,134
9568,427,15,2,2,132
9569,427,15,3,1,125
9570,427,15,3,2,131
9571,427,15,4,1,130
9572,427,15,4,2,137
9573,427,15,5,1,122
9574,427,15,5,2,126
9575,427,15,6,1,121
9576,427,15,6,2,126
9577,428,15,1,1,151
9578,428,15,1,2,140
9579,428,15,2,1,122
9580,428,15,2,2,114
9581,428,15,3,1,119
9582,428,15,3,2,101
9583,428,15,4,1,132
9584,428,15,4,2,127
9585,428,15,5,1,130
9586,428,15,5,2,126
9587,428,15,6,1,130
9588,428,15,6,2,121
9589,429,15,1,1,130
9590,429,15,1,2,129
9591,429,15,2,1,108
9592,429,15,2,2,108
9593,429,15,3,1,108
9594,429,15,3,2,102
9595,429,15,4,1,119
9596,429,15,4,2,113
9597,429,15,5,1,118
9598,429,15,5,2,106
9599,429,15,6,1,109
9600,429,15,6,2,97
9601,429,15,1,1,117
9602,429,15,1,2,115
9603,429,15,2,1,96
9604,429,15,2,2,96
9605,429,15,3,1,101
9606,429,15,3,2,96
9607,429,15,4,1,108
9608,429,15,4,2,103
9609,429,15,5,1,107
9610,429,15,5,2,99
9611,429,15,6,1,103
9612,429,15,6,2,93
9613,430,15,1,1,108
9614,430,15,1,2,107
9615,430,15,2,1,100
9616,430,15,2,2,111
9617,430,15,3,1,88
9618,430,15,3,2,96
9619,430,15,4,1,86
9620,430,15,4,2,87
9621,430,15,5,1,84
9622,430,15,5,2,85
9623,430,15,6,1,89
9624,430,15,6,2,87
9625,430,15,1,1,100
9626,430,15,1,2,99
9627,430,15,2,1,96
9628,430,15,2,2,105
9629,430,15,3,1,86
9630,430,15,3,2,94
9631,430,15,4,1,85
9632,430,15,4,2,87
9633,430,15,5,1,86
9634,430,15,5,2,86
9635,430,15,6,1,89
9636,430,15,6,2,87
9637,431,15,1,1,173
9638,431,15,1,2,171
9639,431,15,2,1,147
9640,431,15,2,2,141
9641,431,15,3,1,150
9642,431,15,3,2,151
9643,431,15,4,1,144
9644,431,15,4,2,150
9645,431,15,5,1,139
9646,431,15,5,2,142
9647,431,15,6,1,140
9648,431,15,6,2,144
9649,432,15,1,1,114
9650,432,15,1,2,109
9651,432,15,2,1,121
9652,432,15,2,2,115
9653,432,15,3,1,114
9654,432,15,3,2,108
9655,432,15,4,1,114
9656,432,15,4,2,105
9657,432,15,5,1,108
9658,432,15,5,2,100
9659,432,15,6,1,118
9660,432,15,6,2,113
9661,433,15,1,1,105
9662,433,15,1,2,103
9663,433,15,2,1,96
9664,433,15,2,2,92
9665,433,15,3,1,95
9666,433,15,3,2,97
9667,433,15,4,1,109
9668,433,15,4,2,111
9669,433,15,5,1,108
9670,433,15,5,2,106
9671,433,15,6,1,103
9672,433,15,6,2,109
9673,433,15,1,1,99
9674,433,15,1,2,97
9675,433,15,2,1,96
9676,433,15,2,2,91
9677,433,15,3,1,89
9678,433,15,3,2,93
9679,433,15,4,1,103
9680,433,15,4,2,104
9681,433,15,5,1,100
9682,433,15,5,2,98
9683,433,15,6,1,96
9684,433,15,6,2,100
9685,434,15,1,1,127
9686,434,15,1,2,124
9687,434,15,2,1,119
9688,434,15,2,2,119
9689,434,15,3,1,116
9690,434,15,3,2,115
9691,434,15,4,1,119
9692,434,15,4,2,123
9693,434,15,5,1,113
9694,434,15,5,2,118
9695,434,15,6,1,119
9696,434,15,6,2,120
9697,434,15,1,1,126
9698,434,15,1,2,123
9699,434,15,2,1,117
9700,434,15,2,2,117
9701,434,15,3,1,114
9702,434,15,3,2,113
9703,434,15,4,1,111
9704,434,15,4,2,114
9705,434,15,5,1,109
9706,434,15,5,2,113
9707,434,15,6,1,116
9708,434,15,6,2,118
9709,435,15,1,1,102
9710,435,15,1,2,103
9711,435,15,2,1,101
9712,435,15,2,2,115
9713,435,15,3,1,97
9714,435,15,3,2,109
9715,435,15,4,1,92
9716,435,15,4,2,90
9717,435,15,5,1,95
9718,435,15,5,2,95
9719,435,15,6,1,93
9720,435,15,6,2,93
9721,436,15,1,1,40
9722,436,15,1,2,38
9723,436,15,2,1,55
9724,436,15,2,2,55
9725,436,15,3,1,78
9726,436,15,3,2,81
9727,436,15,4,1,73
9728,436,15,4,2,71
9729,436,15,5,1,89
9730,436,15,5,2,87
9731,436,15,6,1,83
9732,436,15,6,2,80
9733,436,15,1,1,40
9734,436,15,1,2,38
9735,436,15,2,1,55
9736,436,15,2,2,55
9737,436,15,3,1,78
9738,436,15,3,2,81
9739,436,15,4,1,73
9740,436,15,4,2,71
9741,436,15,5,1,89
9742,436,15,5,2,87
9743,436,15,6,1,83
9744,436,15,6,2,80
9745,437,15,1,1,178
9746,437,15,1,2,201
9747,437,15,2,1,144
9748,437,15,2,2,156
9749,437,15,3,1,135
9750,437,15,3,2,150
9751,437,15,4,1,123
9752,437,15,4,2,135
9753,437,15,5,1,127
9754,437,15,5,2,131
9755,437,15,6,1,137
9756,437,15,6,2,142
9757,438,15,1,1,139
9758,438,15,1,2,118
9759,438,15,2,1,122
9760,438,15,2,2,104
9761,438,15,3,1,120
9762,438,15,3,2,105
9763,438,15,4,1,110
9764,438,15,4,2,103
9765,438,15,5,1,121
9766,438,15,5,2,127
9767,438,15,6,1,126
9768,438,15,6,2,125
9769,438,15,1,1,132
9770,438,15,1,2,114
9771,438,15,2,1,118
9772,438,15,2,2,104
9773,438,15,3,1,118
9774,438,15,3,2,108
9775,438,15,4,1,104
9776,438,15,4,2,98
9777,438,15,5,1,116
9778,438,15,5,2,123
9779,438,15,6,1,123
9780,438,15,6,2,122
9781,439,15,1,1,117
9782,439,15,1,2,120
9783,439,15,2,1,121
9784,439,15,2,2,127
9785,439,15,3,1,100
9786,439,15,3,2,103
9787,439,15,4,1,97
9788,439,15,4,2,97
9789,439,15,5,1,90
9790,439,15,5,2,87
9791,439,15,6,1,90
9792,439,15,6,2,86
9793,439,15,1,1,77
9794,439,15,1,2,77
9795,439,15,2,1,86
9796,439,15,2,2,88
9797,439,15,3,1,78
9798,439,15,3,2,78
9799,439,15,4,1,76
9800,439,15,4,2,74
9801,439,15,5,1,76
9802,439,15,5,2,71
9803,439,15,6,1,74
9804,439,15,6,2,68
9805,117,15,1,1,104
9806,117,15,1,2,101
9807,117,15,2,1,90
9808,117,15,2,2,89
9809,117,15,3,1,103
9810,117,15,3,2,88
9811,117,15,4,1,101
9812,117,15,4,2,97
9813,117,15,5,1,100
9814,117,15,5,2,96
9815,117,15,6,1,102
9816,117,15,6,2,95
9817,117,15,1,1,105
9818,117,15,1,2,103
9819,117,15,2,1,87
9820,117,15,2,2,87
9821,117,15,3,1,98
9822,117,15,3,2,86
9823,117,15,4,1,102
9824,117,15,4,2,99
9825,117,15,5,1,100
9826,117,15,5,2,98
9827,117,15,6,1,103
9828,117,15,6,2,97
9829,440,15,1,1,78
9830,440,15,1,2,67
9831,440,15,2,1,71
9832,440,15,2,2,67
9833,440,15,3,1,71
9834,440,15,3,2,68
9835,440,15,4,1,77
9836,440,15,4,2,73
9837,440,15,5,1,75
9838,440,15,5,2,71
9839,440,15,6,1,73
9840,440,15,6,2,71
9841,440,15,1,1,74
9842,440,15,1,2,65
9843,440,15,2,1,66
9844,440,15,2,2,63
9845,440,15,3,1,65
9846,440,15,3,2,62
9847,440,15,4,1,73
9848,440,15,4,2,70
9849,440,15,5,1,75
9850,440,15,5,2,72
9851,440,15,6,1,72
9852,440,15,6,2,71
9853,441,15,1,1,101
9854,441,15,1,2,109
9855,441,15,2,1,106
9856,441,15,2,2,108
9857,441,15,3,1,110
9858,441,15,3,2,108
9859,441,15,4,1,125
9860,441,15,4,2,118
9861,441,15,5,1,118
9862,441,15,5,2,112
9863,441,15,6,1,106
9864,441,15,6,2,104
9865,441,15,1,1,93
9866,441,15,1,2,100
9867,441,15,2,1,96
9868,441,15,2,2,97
9869,441,15,3,1,101
9870,441,15,3,2,102
9871,441,15,4,1,118
9872,441,15,4,2,113
9873,441,15,5,1,110
9874,441,15,5,2,107
9875,441,15,6,1,101
9876,441,15,6,2,100
9877,442,15,1,1,109
9878,442,15,1,2,104
9879,442,15,2,1,90
9880,442,15,2,2,86
9881,442,15,3,1,96
9882,442,15,3,2,96
9883,442,15,4,1,109
9884,442,15,4,2,105
9885,442,15,5,1,111
9886,442,15,5,2,110
9887,442,15,6,1,115
9888,442,15,6,2,112
9889,442,15,1,1,108
9890,442,15,1,2,107
9891,442,15,2,1,89
9892,442,15,2,2,86
9893,442,15,3,1,94
9894,442,15,3,2,93
9895,442,15,4,1,109
9896,442,15,4,2,107
9897,442,15,5,1,111
9898,442,15,5,2,110
9899,442,15,6,1,118
9900,442,15,6,2,116
9901,443,15,1,1,116
9902,443,15,1,2,111
9903,443,15,2,1,94
9904,443,15,2,2,91
9905,443,15,3,1,100
9906,443,15,3,2,99
9907,443,15,4,1,108
9908,443,15,4,2,106
9909,443,15,5,1,115
9910,443,15,5,2,109
9911,443,15,6,1,119
9912,443,15,6,2,116
9913,444,15,1,1,162
9914,444,15,1,2,168
9915,444,15,2,1,145
9916,444,15,2,2,143
9917,444,15,3,1,139
9918,444,15,3,2,141
9919,444,15,4,1,149
9920,444,15,4,2,157
9921,444,15,5,1,143
9922,444,15,5,2,149
9923,444,15,6,1,147
9924,444,15,6,2,152
9925,445,15,1,1,59
9926,445,15,1,2,69
9927,445,15,2,1,55
9928,445,15,2,2,72
9929,445,15,3,1,78
9930,445,15,3,2,77
9931,445,15,4,1,75
9932,445,15,4,2,68
9933,445,15,5,1,74
9934,445,15,5,2,66
9935,445,15,6,1,76
9936,445,15,6,2,71
9937,445,15,1,1,61
9938,445,15,1,2,73
9939,445,15,2,1,61
9940,445,15,2,2,78
9941,445,15,3,1,82
9942,445,15,3,2,82
9943,445,15,4,1,80
9944,445,15,4,2,74
9945,445,15,5,1,77
9946,445,15,5,2,70
9947,445,15,6,1,76
9948,445,15,6,2,72
9949,446,15,1,1,134
9950,446,15,1,2,142
9951,446,15,2,1,122
9952,446,15,2,2,121
9953,446,15,3,1,110
9954,446,15,3,2,113
9955,446,15,4,1,109
9956,446,15,4,2,118
9957,446,15,5,1,123
9958,446,15,5,2,133
9959,446,15,6,1,110
9960,446,15,6,2,121
9961,446,15,1,1,126
9962,446,15,1,2,133
9963,446,15,2,1,123
9964,446,15,2,2,123
9965,446,15,3,1,107
9966,446,15,3,2,110
9967,446,15,4,1,105
9968,446,15,4,2,114
9969,446,15,5,1,123
9970,446,15,5,2,131
9971,446,15,6,1,111
9972,446,15,6,2,119
9973,447,15,1,1,108
9974,447,15,1,2,102
9975,447,15,2,1,106
9976,447,15,2,2,105
9977,447,15,3,1,112
9978,447,15,3,2,111
9979,447,15,4,1,118
9980,447,15,4,2,114
9981,447,15,5,1,119
9982,447,15,5,2,110
9983,447,15,6,1,112
9984,447,15,6,2,112
9985,448,16,1,1,129
9986,448,16,1,2,107
9987,448,16,2,1,125
9988,448,16,2,2,105
9989,448,16,3,1,122
9990,448,16,3,2,107
9991,448,16,4,1,120
9992,448,16,4,2,123
9993,448,16,5,1,112
9994,448,16,5,2,117
9995,448,16,6,1,102
9996,448,16,6,2,99
9997,448,16,1,1,112
9998,448,16,1,2,95
9999,448,16,2,1,109
10000,448,16,2,2,91
10001,448,16,3,1,112
10002,448,16,3,2,96
10003,448,16,4,1,114
10004,448,16,4,2,110
10005,448,16,5,1,111
10006,448,16,5,2,109
10007,448,16,6,1,104
10008,448,16,6,2,100
10009,449,16,1,1,91
10010,449,16,1,2,95
10011,449,16,2,1,89
10012,449,16,2,2,87
10013,449,16,3,1,93
10014,449,16,3,2,93
10015,449,16,4,1,95
10016,449,16,4,2,107
10017,449,16,5,1,95
10018,449,16,5,2,105
10019,449,16,6,1,90
10020,449,16,6,2,94
10021,449,16,1,1,84
10022,449,16,1,2,84
10023,449,16,2,1,87
10024,449,16,2,2,80
10025,449,16,3,1,93
10026,449,16,3,2,92
10027,449,16,4,1,98
10028,449,16,4,2,102
10029,449,16,5,1,99
10030,449,16,5,2,107
10031,449,16,6,1,95
10032,449,16,6,2,101
10033,450,16,1,1,108
10034,450,16,1,2,123
10035,450,16,2,1,111
10036,450,16,2,2,124
10037,450,16,3,1,103
10038,450,16,3,2,112
10039,450,16,4,1,101
10040,450,16,4,2,117
10041,450,16,5,1,99
10042,450,16,5,2,112
10043,450,16,6,1,95
10044,450,16,6,2,100
10045,450,16,1,1,107
10046,450,16,1,2,112
10047,450,16,2,1,109
10048,450,16,2,2,110
10049,450,16,3,1,105
10050,450,16,3,2,108
10051,450,16,4,1,102
10052,450,16,4,2,112
10053,450,16,5,1,102
10054,450,16,5,2,105
10055,450,16,6,1,104
10056,450,16,6,2,98
10057,451,16,1,1,122
10058,451,16,1,2,100
10059,451,16,2,1,125
10060,451,16,2,2,104
10061,451,16,3,1,122
10062,451,16,3,2,108
10063,451,16,4,1,118
10064,451,16,4,2,117
10065,451,16,5,1,118
10066,451,16,5,2,126
10067,451,16,6,1,127
10068,451,16,6,2,130
10069,451,16,1,1,126
10070,451,16,1,2,145
10071,451,16,2,1,126
10072,451,16,2,2,141
10073,451,16,3,1,120
10074,451,16,3,2,143
10075,451,16,4,1,116
10076,451,16,4,2,132
10077,451,16,5,1,114
10078,451,16,5,2,131
10079,451,16,6,1,123
10080,451,16,6,2,130
10081,452,16,1,1,119
10082,452,16,1,2,105
10083,452,16,2,1,111
10084,452,16,2,2,96
10085,452,16,3,1,115
10086,452,16,3,2,97
10087,452,16,4,1,118
10088,452,16,4,2,118
10089,452,16,5,1,116
10090,452,16,5,2,122
10091,452,16,6,1,110
10092,452,16,6,2,110
10093,453,16,1,1,112
10094,453,16,1,2,90
10095,453,16,2,1,110
10096,453,16,2,2,88
10097,453,16,3,1,118
10098,453,16,3,2,96
10099,453,16,4,1,118
10100,453,16,4,2,105
10101,453,16,5,1,114
10102,453,16,5,2,105
10103,453,16,6,1,110
10104,453,16,6,2,104
10105,454,16,1,1,137
10106,454,16,1,2,78
10107,454,16,2,1,125
10108,454,16,2,2,75
10109,454,16,3,1,136
10110,454,16,3,2,90
10111,454,16,4,1,137
10112,454,16,4,2,93
10113,454,16,5,1,127
10114,454,16,5,2,83
10115,454,16,6,1,120
10116,454,16,6,2,76
10117,454,16,1,1,115
10118,454,16,1,2,74
10119,454,16,2,1,105
10120,454,16,2,2,68
10121,454,16,3,1,117
10122,454,16,3,2,79
10123,454,16,4,1,122
10124,454,16,4,2,81
10125,454,16,5,1,116
10126,454,16,5,2,75
10127,454,16,6,1,109
10128,454,16,6,2,73
10129,455,16,1,1,127
10130,455,16,1,2,81
10131,455,16,2,1,130
10132,455,16,2,2,86
10133,455,16,3,1,115
10134,455,16,3,2,90
10135,455,16,4,1,103
10136,455,16,4,2,94
10137,455,16,5,1,95
10138,455,16,5,2,80
10139,455,16,6,1,97
10140,455,16,6,2,75
10141,455,16,1,1,117
10142,455,16,1,2,82
10143,455,16,2,1,121
10144,455,16,2,2,82
10145,455,16,3,1,104
10146,455,16,3,2,81
10147,455,16,4,1,96
10148,455,16,4,2,83
10149,455,16,5,1,88
10150,455,16,5,2,72
10151,455,16,6,1,93
10152,455,16,6,2,73
10153,456,16,1,1,83
10154,456,16,1,2,79
10155,456,16,2,1,91
10156,456,16,2,2,75
10157,456,16,3,1,94
10158,456,16,3,2,75
10159,456,16,4,1,100
10160,456,16,4,2,89
10161,456,16,5,1,106
10162,456,16,5,2,119
10163,456,16,6,1,104
10164,456,16,6,2,112
10165,456,16,1,1,78
10166,456,16,1,2,76
10167,456,16,2,1,85
10168,456,16,2,2,77
10169,456,16,3,1,89
10170,456,16,3,2,76
10171,456,16,4,1,97
10172,456,16,4,2,90
10173,456,16,5,1,103
10174,456,16,5,2,116
10175,456,16,6,1,104
10176,456,16,6,2,112
10177,457,17,1,1,153
10178,457,17,1,2,154
10179,457,17,2,1,144
10180,457,17,2,2,140
10181,457,17,3,1,132
10182,457,17,3,2,130
10183,457,17,4,1,119
10184,457,17,4,2,117
10185,457,17,5,1,113
10186,457,17,5,2,112
10187,457,17,6,1,109
10188,457,17,6,2,108
10189,457,17,1,1,145
10190,457,17,1,2,147
10191,457,17,2,1,138
10192,457,17,2,2,137
10193,457,17,3,1,128
10194,457,17,3,2,129
10195,457,17,4,1,119
10196,457,17,4,2,118
10197,457,17,5,1,113
10198,457,17,5,2,113
10199,457,17,6,1,110
10200,457,17,6,2,109
10201,458,17,1,1,143
10202,458,17,1,2,148
10203,458,17,2,1,138
10204,458,17,2,2,139
10205,458,17,3,1,134
10206,458,17,3,2,133
10207,458,17,4,1,124
10208,458,17,4,2,121
10209,458,17,5,1,116
10210,458,17,5,2,118
10211,458,17,6,1,115
10212,458,17,6,2,117
10213,458,17,1,1,116
10214,458,17,1,2,117
10215,458,17,2,1,115
10216,458,17,2,2,119
10217,458,17,3,1,116
10218,458,17,3,2,116
10219,458,17,4,1,115
10220,458,17,4,2,112
10221,458,17,5,1,108
10222,458,17,5,2,108
10223,458,17,6,1,110
10224,458,17,6,2,112
10225,459,17,1,1,151
10226,459,17,1,2,142
10227,459,17,2,1,129
10228,459,17,2,2,113
10229,459,17,3,1,123
10230,459,17,3,2,109
10231,459,17,4,1,120
10232,459,17,4,2,112
10233,459,17,5,1,118
10234,459,17,5,2,112
10235,459,17,6,1,115
10236,459,17,6,2,107
10237,459,17,1,1,138
10238,459,17,1,2,142
10239,459,17,2,1,124
10240,459,17,2,2,121
10241,459,17,3,1,122
10242,459,17,3,2,115
10243,459,17,4,1,122
10244,459,17,4,2,116
10245,459,17,5,1,117
10246,459,17,5,2,114
10247,459,17,6,1,112
10248,459,17,6,2,106
10249,460,17,1,1,124
10250,460,17,1,2,107
10251,460,17,2,1,118
10252,460,17,2,2,102
10253,460,17,3,1,117
10254,460,17,3,2,98
10255,460,17,4,1,115
10256,460,17,4,2,103
10257,460,17,5,1,108
10258,460,17,5,2,100
10259,460,17,6,1,104
10260,460,17,6,2,94
10261,460,17,1,1,103
10262,460,17,1,2,95
10263,460,17,2,1,107
10264,460,17,2,2,102
10265,460,17,3,1,109
10266,460,17,3,2,100
10267,460,17,4,1,108
10268,460,17,4,2,103
10269,460,17,5,1,103
10270,460,17,5,2,100
10271,460,17,6,1,104
10272,460,17,6,2,96
10273,461,17,1,1,161
10274,461,17,1,2,153
10275,461,17,2,1,148
10276,461,17,2,2,137
10277,461,17,3,1,133
10278,461,17,3,2,124
10279,461,17,4,1,123
10280,461,17,4,2,122
10281,461,17,5,1,116
10282,461,17,5,2,117
10283,461,17,6,1,111
10284,461,17,6,2,115
10285,461,17,1,1,117
10286,461,17,1,2,110
10287,461,17,2,1,104
10288,461,17,2,2,97
10289,461,17,3,1,103
10290,461,17,3,2,100
10291,461,17,4,1,107
10292,461,17,4,2,109
10293,461,17,5,1,107
10294,461,17,5,2,109
10295,461,17,6,1,108
10296,461,17,6,2,112
10297,462,17,1,1,150
10298,462,17,1,2,154
10299,462,17,2,1,138
10300,462,17,2,2,144
10301,462,17,3,1,124
10302,462,17,3,2,129
10303,462,17,4,1,113
10304,462,17,4,2,113
10305,462,17,5,1,111
10306,462,17,5,2,115
10307,462,17,6,1,111
10308,462,17,6,2,117
10309,462,17,1,1,101
10310,462,17,1,2,100
10311,462,17,2,1,100
10312,462,17,2,2,103
10313,462,17,3,1,102
10314,462,17,3,2,107
10315,462,17,4,1,107
10316,462,17,4,2,107
10317,462,17,5,1,108
10318,462,17,5,2,111
10319,462,17,6,1,107
10320,462,17,6,2,111
10321,463,17,1,1,141
10322,463,17,1,2,138
10323,463,17,2,1,123
10324,463,17,2,2,125
10325,463,17,3,1,117
10326,463,17,3,2,113
10327,463,17,4,1,114
10328,463,17,4,2,113
10329,463,17,5,1,109
10330,463,17,5,2,107
10331,463,17,6,1,105
10332,463,17,6,2,111
10333,463,17,1,1,114
10334,463,17,1,2,113
10335,463,17,2,1,103
10336,463,17,2,2,108
10337,463,17,3,1,103
10338,463,17,3,2,103
10339,463,17,4,1,103
10340,463,17,4,2,103
10341,463,17,5,1,101
10342,463,17,5,2,100
10343,463,17,6,1,104
10344,463,17,6,2,110
10345,464,17,1,1,128
10346,464,17,1,2,131
10347,464,17,2,1,124
10348,464,17,2,2,123
10349,464,17,3,1,119
10350,464,17,3,2,118
10351,464,17,4,1,104
10352,464,17,4,2,108
10353,464,17,5,1,102
10354,464,17,5,2,104
10355,464,17,6,1,99
10356,464,17,6,2,95
10357,464,17,1,1,110
10358,464,17,1,2,111
10359,464,17,2,1,107
10360,464,17,2,2,108
10361,464,17,3,1,107
10362,464,17,3,2,106
10363,464,17,4,1,97
10364,464,17,4,2,100
10365,464,17,5,1,95
10366,464,17,5,2,96
10367,464,17,6,1,93
10368,464,17,6,2,88
10369,465,17,1,1,121
10370,465,17,1,2,126
10371,465,17,2,1,118
10372,465,17,2,2,106
10373,465,17,3,1,112
10374,465,17,3,2,106
10375,465,17,4,1,116
10376,465,17,4,2,111
10377,465,17,5,1,112
10378,465,17,5,2,112
10379,465,17,6,1,106
10380,465,17,6,2,107
10381,465,17,1,1,106
10382,465,17,1,2,104
10383,465,17,2,1,104
10384,465,17,2,2,93
10385,465,17,3,1,104
10386,465,17,3,2,104
10387,465,17,4,1,110
10388,465,17,4,2,110
10389,465,17,5,1,111
10390,465,17,5,2,112
10391,465,17,6,1,104
10392,465,17,6,2,107
10393,466,17,1,1,110
10394,466,17,1,2,104
10395,466,17,2,1,118
10396,466,17,2,2,111
10397,466,17,3,1,117
10398,466,17,3,2,112
10399,466,17,4,1,114
10400,466,17,4,2,112
10401,466,17,5,1,111
10402,466,17,5,2,109
10403,466,17,6,1,107
10404,466,17,6,2,108
10405,466,17,1,1,89
10406,466,17,1,2,82
10407,466,17,2,1,94
10408,466,17,2,2,90
10409,466,17,3,1,103
10410,466,17,3,2,103
10411,466,17,4,1,99
10412,466,17,4,2,101
10413,466,17,5,1,113
10414,466,17,5,2,113
10415,466,17,6,1,109
10416,466,17,6,2,109
10417,467,17,1,1,134
10418,467,17,1,2,134
10419,467,17,2,1,115
10420,467,17,2,2,116
10421,467,17,3,1,113
10422,467,17,3,2,106
10423,467,17,4,1,108
10424,467,17,4,2,102
10425,467,17,5,1,109
10426,467,17,5,2,108
10427,467,17,6,1,105
10428,467,17,6,2,102
10429,467,17,1,1,91
10430,467,17,1,2,89
10431,467,17,2,1,95
10432,467,17,2,2,99
10433,467,17,3,1,100
10434,467,17,3,2,103
10435,467,17,4,1,104
10436,467,17,4,2,101
10437,467,17,5,1,106
10438,467,17,5,2,106
10439,467,17,6,1,105
10440,467,17,6,2,102
10441,468,17,1,1,121
10442,468,17,1,2,110
10443,468,17,2,1,119
10444,468,17,2,2,109
10445,468,17,3,1,122
10446,468,17,3,2,115
10447,468,17,4,1,120
10448,468,17,4,2,114
10449,468,17,5,1,117
10450,468,17,5,2,114
10451,468,17,6,1,111
10452,468,17,6,2,113
10453,468,17,1,1,81
10454,468,17,1,2,72
10455,468,17,2,1,92
10456,468,17,2,2,85
10457,468,17,3,1,100
10458,468,17,3,2,97
10459,468,17,4,1,104
10460,468,17,4,2,101
10461,468,17,5,1,102
10462,468,17,5,2,99
10463,468,17,6,1,103
10464,468,17,6,2,105
10465,469,17,1,1,144
10466,469,17,1,2,144
10467,469,17,2,1,132
10468,469,17,2,2,126
10469,469,17,3,1,122
10470,469,17,3,2,113
10471,469,17,4,1,117
10472,469,17,4,2,111
10473,469,17,5,1,120
10474,469,17,5,2,116
10475,469,17,6,1,110
10476,469,17,6,2,115
10477,469,17,1,1,90
10478,469,17,1,2,87
10479,469,17,2,1,88
10480,469,17,2,2,84
10481,469,17,3,1,94
10482,469,17,3,2,92
10483,469,17,4,1,104
10484,469,17,4,2,100
10485,469,17,5,1,108
10486,469,17,5,2,106
10487,469,17,6,1,107
10488,469,17,6,2,110
10489,470,17,1,1,77
10490,470,17,1,2,77
10491,470,17,2,1,87
10492,470,17,2,2,89
10493,470,17,3,1,91
10494,470,17,3,2,85
10495,470,17,4,1,88
10496,470,17,4,2,91
10497,470,17,5,1,90
10498,470,17,5,2,91
10499,470,17,6,1,92
10500,470,17,6,2,88
10501,470,17,1,1,72
10502,470,17,1,2,72
10503,470,17,2,1,81
10504,470,17,2,2,86
10505,470,17,3,1,88
10506,470,17,3,2,85
10507,470,17,4,1,86
10508,470,17,4,2,89
10509,470,17,5,1,86
10510,470,17,5,2,87
10511,470,17,6,1,89
10512,470,17,6,2,85
10513,471,17,1,1,114
10514,471,17,1,2,83
10515,471,17,2,1,103
10516,471,17,2,2,86
10517,471,17,3,1,109
10518,471,17,3,2,91
10519,471,17,4,1,109
10520,471,17,4,2,105
10521,471,17,5,1,114
10522,471,17,5,2,112
10523,471,17,6,1,108
10524,471,17,6,2,100
10525,471,17,1,1,87
10526,471,17,1,2,77
10527,471,17,2,1,97
10528,471,17,2,2,97
10529,471,17,3,1,99
10530,471,17,3,2,94
10531,471,17,4,1,97
10532,471,17,4,2,96
10533,471,17,5,1,100
10534,471,17,5,2,100
10535,471,17,6,1,103
10536,471,17,6,2,96
10537,472,17,1,1,128
10538,472,17,1,2,115
10539,472,17,2,1,125
10540,472,17,2,2,118
10541,472,17,3,1,124
10542,472,17,3,2,115
10543,472,17,4,1,121
10544,472,17,4,2,116
10545,472,17,5,1,117
10546,472,17,5,2,116
10547,472,17,6,1,109
10548,472,17,6,2,114
10549,472,17,1,1,92
10550,472,17,1,2,83
10551,472,17,2,1,86
10552,472,17,2,2,83
10553,472,17,3,1,93
10554,472,17,3,2,89
10555,472,17,4,1,93
10556,472,17,4,2,92
10557,472,17,5,1,96
10558,472,17,5,2,95
10559,472,17,6,1,94
10560,472,17,6,2,97
10561,473,17,1,1,150
10562,473,17,1,2,147
10563,473,17,2,1,128
10564,473,17,2,2,117
10565,473,17,3,1,132
10566,473,17,3,2,125
10567,473,17,4,1,122
10568,473,17,4,2,124
10569,473,17,5,1,121
10570,473,17,5,2,120
10571,473,17,6,1,114
10572,473,17,6,2,108
10573,473,17,1,1,112
10574,473,17,1,2,111
10575,473,17,2,1,97
10576,473,17,2,2,93
10577,473,17,3,1,110
10578,473,17,3,2,107
10579,473,17,4,1,113
10580,473,17,4,2,113
10581,473,17,5,1,119
10582,473,17,5,2,119
10583,473,17,6,1,112
10584,473,17,6,2,107
10585,474,17,1,1,148
10586,474,17,1,2,152
10587,474,17,2,1,129
10588,474,17,2,2,128
10589,474,17,3,1,127
10590,474,17,3,2,122
10591,474,17,4,1,121
10592,474,17,4,2,112
10593,474,17,5,1,122
10594,474,17,5,2,115
10595,474,17,6,1,111
10596,474,17,6,2,110
10597,474,17,1,1,120
10598,474,17,1,2,124
10599,474,17,2,1,109
10600,474,17,2,2,111
10601,474,17,3,1,107
10602,474,17,3,2,105
10603,474,17,4,1,110
10604,474,17,4,2,103
10605,474,17,5,1,114
10606,474,17,5,2,109
10607,474,17,6,1,111
10608,474,17,6,2,108
10609,475,17,1,1,130
10610,475,17,1,2,134
10611,475,17,2,1,118
10612,475,17,2,2,106
10613,475,17,3,1,111
10614,475,17,3,2,104
10615,475,17,4,1,111
10616,475,17,4,2,108
10617,475,17,5,1,112
10618,475,17,5,2,113
10619,475,17,6,1,114
10620,475,17,6,2,110
10621,475,17,1,1,101
10622,475,17,1,2,108
10623,475,17,2,1,99
10624,475,17,2,2,95
10625,475,17,3,1,105
10626,475,17,3,2,107
10627,475,17,4,1,111
10628,475,17,4,2,112
10629,475,17,5,1,112
10630,475,17,5,2,113
10631,475,17,6,1,111
10632,475,17,6,2,110
10633,476,17,1,1,149
10634,476,17,1,2,138
10635,476,17,2,1,149
10636,476,17,2,2,135
10637,476,17,3,1,132
10638,476,17,3,2,120
10639,476,17,4,1,122
10640,476,17,4,2,123
10641,476,17,5,1,117
10642,476,17,5,2,119
10643,476,17,6,1,111
10644,476,17,6,2,118
10645,476,17,1,1,99
10646,476,17,1,2,91
10647,476,17,2,1,106
10648,476,17,2,2,97
10649,476,17,3,1,97
10650,476,17,3,2,89
10651,476,17,4,1,98
10652,476,17,4,2,100
10653,476,17,5,1,103
10654,476,17,5,2,107
10655,476,17,6,1,108
10656,476,17,6,2,114
10657,477,17,1,1,97
10658,477,17,1,2,78
10659,477,17,2,1,105
10660,477,17,2,2,93
10661,477,17,3,1,116
10662,477,17,3,2,100
10663,477,17,4,1,122
10664,477,17,4,2,111
10665,477,17,5,1,114
10666,477,17,5,2,112
10667,477,17,6,1,113
10668,477,17,6,2,116
10669,477,17,1,1,78
10670,477,17,1,2,72
10671,477,17,2,1,85
10672,477,17,2,2,83
10673,477,17,3,1,97
10674,477,17,3,2,96
10675,477,17,4,1,109
10676,477,17,4,2,109
10677,477,17,5,1,104
10678,477,17,5,2,104
10679,477,17,6,1,102
10680,477,17,6,2,104
10681,478,17,1,1,140
10682,478,17,1,2,140
10683,478,17,2,1,126
10684,478,17,2,2,114
10685,478,17,3,1,119
10686,478,17,3,2,108
10687,478,17,4,1,120
10688,478,17,4,2,114
10689,478,17,5,1,113
10690,478,17,5,2,106
10691,478,17,6,1,111
10692,478,17,6,2,110
10693,478,17,1,1,94
10694,478,17,1,2,93
10695,478,17,2,1,85
10696,478,17,2,2,78
10697,478,17,3,1,101
10698,478,17,3,2,97
10699,478,17,4,1,113
10700,478,17,4,2,113
10701,478,17,5,1,112
10702,478,17,5,2,113
10703,478,17,6,1,109
10704,478,17,6,2,109
10705,479,17,1,1,107
10706,479,17,1,2,87
10707,479,17,2,1,127
10708,479,17,2,2,113
10709,479,17,3,1,141
10710,479,17,3,2,125
10711,479,17,4,1,124
10712,479,17,4,2,114
10713,479,17,5,1,115
10714,479,17,5,2,109
10715,479,17,6,1,113
10716,479,17,6,2,115
10717,479,17,1,1,119
10718,479,17,1,2,135
10719,479,17,2,1,123
10720,479,17,2,2,135
10721,479,17,3,1,132
10722,479,17,3,2,131
10723,479,17,4,1,120
10724,479,17,4,2,120
10725,479,17,5,1,115
10726,479,17,5,2,117
10727,479,17,6,1,110
10728,479,17,6,2,113
10729,480,17,1,1,149
10730,480,17,1,2,141
10731,480,17,2,1,140
10732,480,17,2,2,134
10733,480,17,3,1,123
10734,480,17,3,2,116
10735,480,17,4,1,120
10736,480,17,4,2,116
10737,480,17,5,1,113
10738,480,17,5,2,110
10739,480,17,6,1,106
10740,480,17,6,2,110
10741,480,17,1,1,98
10742,480,17,1,2,91
10743,480,17,2,1,99
10744,480,17,2,2,95
10745,480,17,3,1,95
10746,480,17,3,2,94
10747,480,17,4,1,102
10748,480,17,4,2,103
10749,480,17,5,1,101
10750,480,17,5,2,101
10751,480,17,6,1,102
10752,480,17,6,2,106
10753,481,17,1,1,113
10754,481,17,1,2,115
10755,481,17,2,1,105
10756,481,17,2,2,110
10757,481,17,3,1,116
10758,481,17,3,2,120
10759,481,17,4,1,117
10760,481,17,4,2,118
10761,481,17,5,1,117
10762,481,17,5,2,123
10763,481,17,6,1,114
10764,481,17,6,2,121
10765,481,17,1,1,101
10766,481,17,1,2,104
10767,481,17,2,1,100
10768,481,17,2,2,107
10769,481,17,3,1,112
10770,481,17,3,2,117
10771,481,17,4,1,113
10772,481,17,4,2,114
10773,481,17,5,1,114
10774,481,17,5,2,120
10775,481,17,6,1,108
10776,481,17,6,2,115
10777,482,17,1,1,180
10778,482,17,1,2,179
10779,482,17,2,1,149
10780,482,17,2,2,148
10781,482,17,3,1,139
10782,482,17,3,2,125
10783,482,17,4,1,140
10784,482,17,4,2,130
10785,482,17,5,1,125
10786,482,17,5,2,123
10787,482,17,6,1,127
10788,482,17,6,2,124
10789,482,17,1,1,158
10790,482,17,1,2,157
10791,482,17,2,1,139
10792,482,17,2,2,141
10793,482,17,3,1,134
10794,482,17,3,2,126
10795,482,17,4,1,134
10796,482,17,4,2,127
10797,482,17,5,1,125
10798,482,17,5,2,123
10799,482,17,6,1,126
10800,482,17,6,2,123
10801,483,17,1,1,153
10802,483,17,1,2,148
10803,483,17,2,1,127
10804,483,17,2,2,120
10805,483,17,3,1,117
10806,483,17,3,2,117
10807,483,17,4,1,117
10808,483,17,4,2,115
10809,483,17,5,1,115
10810,483,17,5,2,117
10811,483,17,6,1,114
10812,483,17,6,2,111
10813,483,17,1,1,125
10814,483,17,1,2,121
10815,483,17,2,1,109
10816,483,17,2,2,101
10817,483,17,3,1,105
10818,483,17,3,2,104
10819,483,17,4,1,107
10820,483,17,4,2,103
10821,483,17,5,1,108
10822,483,17,5,2,105
10823,483,17,6,1,107
10824,483,17,6,2,100
10825,484,17,1,1,147
10826,484,17,1,2,129
10827,484,17,2,1,108
10828,484,17,2,2,104
10829,484,17,3,1,110
10830,484,17,3,2,101
10831,484,17,4,1,102
10832,484,17,4,2,96
10833,484,17,5,1,100
10834,484,17,5,2,95
10835,484,17,6,1,102
10836,484,17,6,2,93
10837,484,17,1,1,99
10838,484,17,1,2,89
10839,484,17,2,1,83
10840,484,17,2,2,83
10841,484,17,3,1,98
10842,484,17,3,2,98
10843,484,17,4,1,100
10844,484,17,4,2,99
10845,484,17,5,1,100
10846,484,17,5,2,98
10847,484,17,6,1,102
10848,484,17,6,2,94
10849,485,17,1,1,156
10850,485,17,1,2,173
10851,485,17,2,1,132
10852,485,17,2,2,141
10853,485,17,3,1,122
10854,485,17,3,2,129
10855,485,17,4,1,117
10856,485,17,4,2,120
10857,485,17,5,1,116
10858,485,17,5,2,118
10859,485,17,6,1,109
10860,485,17,6,2,117
10861,485,17,1,1,104
10862,485,17,1,2,118
10863,485,17,2,1,96
10864,485,17,2,2,101
10865,485,17,3,1,96
10866,485,17,3,2,102
10867,485,17,4,1,108
10868,485,17,4,2,113
10869,485,17,5,1,111
10870,485,17,5,2,115
10871,485,17,6,1,103
10872,485,17,6,2,111
10873,486,17,1,1,121
10874,486,17,1,2,144
10875,486,17,2,1,148
10876,486,17,2,2,164
10877,486,17,3,1,113
10878,486,17,3,2,135
10879,486,17,4,1,116
10880,486,17,4,2,127
10881,486,17,5,1,123
10882,486,17,5,2,133
10883,486,17,6,1,116
10884,486,17,6,2,123
10885,486,17,1,1,123
10886,486,17,1,2,146
10887,486,17,2,1,148
10888,486,17,2,2,172
10889,486,17,3,1,125
10890,486,17,3,2,152
10891,486,17,4,1,118
10892,486,17,4,2,134
10893,486,17,5,1,123
10894,486,17,5,2,135
10895,486,17,6,1,123
10896,486,17,6,2,130
10897,487,17,1,1,151
10898,487,17,1,2,153
10899,487,17,2,1,141
10900,487,17,2,2,137
10901,487,17,3,1,132
10902,487,17,3,2,125
10903,487,17,4,1,126
10904,487,17,4,2,118
10905,487,17,5,1,121
10906,487,17,5,2,116
10907,487,17,6,1,113
10908,487,17,6,2,119
10909,487,17,1,1,90
10910,487,17,1,2,92
10911,487,17,2,1,90
10912,487,17,2,2,91
10913,487,17,3,1,106
10914,487,17,3,2,110
10915,487,17,4,1,104
10916,487,17,4,2,107
10917,487,17,5,1,100
10918,487,17,5,2,100
10919,487,17,6,1,97
10920,487,17,6,2,103
10921,488,17,1,1,156
10922,488,17,1,2,148
10923,488,17,2,1,131
10924,488,17,2,2,124
10925,488,17,3,1,131
10926,488,17,3,2,124
10927,488,17,4,1,118
10928,488,17,4,2,120
10929,488,17,5,1,121
10930,488,17,5,2,123
10931,488,17,6,1,114
10932,488,17,6,2,125
10933,488,17,1,1,85
10934,488,17,1,2,78
10935,488,17,2,1,70
10936,488,17,2,2,66
10937,488,17,3,1,84
10938,488,17,3,2,82
10939,488,17,4,1,99
10940,488,17,4,2,102
10941,488,17,5,1,104
10942,488,17,5,2,105
10943,488,17,6,1,102
10944,488,17,6,2,109
10945,489,17,1,1,100
10946,489,17,1,2,106
10947,489,17,2,1,114
10948,489,17,2,2,119
10949,489,17,3,1,106
10950,489,17,3,2,102
10951,489,17,4,1,99
10952,489,17,4,2,99
10953,489,17,5,1,94
10954,489,17,5,2,94
10955,489,17,6,1,95
10956,489,17,6,2,90
10957,490,17,1,1,147
10958,490,17,1,2,150
10959,490,17,2,1,132
10960,490,17,2,2,143
10961,490,17,3,1,131
10962,490,17,3,2,132
10963,490,17,4,1,124
10964,490,17,4,2,126
10965,490,17,5,1,113
10966,490,17,5,2,118
10967,490,17,6,1,114
10968,490,17,6,2,121
10969,490,17,1,1,91
10970,490,17,1,2,90
10971,490,17,2,1,82
10972,490,17,2,2,86
10973,490,17,3,1,83
10974,490,17,3,2,82
10975,490,17,4,1,87
10976,490,17,4,2,87
10977,490,17,5,1,79
10978,490,17,5,2,80
10979,490,17,6,1,87
10980,490,17,6,2,90
10981,491,17,1,1,142
10982,491,17,1,2,152
10983,491,17,2,1,125
10984,491,17,2,2,133
10985,491,17,3,1,119
10986,491,17,3,2,129
10987,491,17,4,1,119
10988,491,17,4,2,118
10989,491,17,5,1,115
10990,491,17,5,2,119
10991,491,17,6,1,110
10992,491,17,6,2,115
10993,491,17,1,1,115
10994,491,17,1,2,129
10995,491,17,2,1,104
10996,491,17,2,2,113
10997,491,17,3,1,100
10998,491,17,3,2,110
10999,491,17,4,1,99
11000,491,17,4,2,99
11001,491,17,5,1,103
11002,491,17,5,2,103
11003,491,17,6,1,107
11004,491,17,6,2,109
11005,492,17,1,1,119
11006,492,17,1,2,101
11007,492,17,2,1,110
11008,492,17,2,2,94
11009,492,17,3,1,116
11010,492,17,3,2,105
11011,492,17,4,1,113
11012,492,17,4,2,102
11013,492,17,5,1,107
11014,492,17,5,2,97
11015,492,17,6,1,103
11016,492,17,6,2,88
11017,492,17,1,1,97
11018,492,17,1,2,87
11019,492,17,2,1,102
11020,492,17,2,2,98
11021,492,17,3,1,111
11022,492,17,3,2,107
11023,492,17,4,1,114
11024,492,17,4,2,109
11025,492,17,5,1,107
11026,492,17,5,2,101
11027,492,17,6,1,103
11028,492,17,6,2,95
11029,493,17,1,1,151
11030,493,17,1,2,152
11031,493,17,2,1,135
11032,493,17,2,2,131
11033,493,17,3,1,118
11034,493,17,3,2,105
11035,493,17,4,1,114
11036,493,17,4,2,108
11037,493,17,5,1,108
11038,493,17,5,2,106
11039,493,17,6,1,100
11040,493,17,6,2,105
11041,493,17,1,1,74
11042,493,17,1,2,69
11043,493,17,2,1,83
11044,493,17,2,2,81
11045,493,17,3,1,88
11046,493,17,3,2,85
11047,493,17,4,1,97
11048,493,17,4,2,97
11049,493,17,5,1,95
11050,493,17,5,2,97
11051,493,17,6,1,90
11052,493,17,6,2,94
11053,494,17,1,1,106
11054,494,17,1,2,102
11055,494,17,2,1,121
11056,494,17,2,2,114
11057,494,17,3,1,120
11058,494,17,3,2,116
11059,494,17,4,1,107
11060,494,17,4,2,109
11061,494,17,5,1,107
11062,494,17,5,2,111
11063,494,17,6,1,101
11064,494,17,6,2,106
11065,494,17,1,1,67
11066,494,17,1,2,64
11067,494,17,2,1,77
11068,494,17,2,2,75
11069,494,17,3,1,87
11070,494,17,3,2,86
11071,494,17,4,1,85
11072,494,17,4,2,88
11073,494,17,5,1,86
11074,494,17,5,2,90
11075,494,17,6,1,87
11076,494,17,6,2,90
11077,495,17,1,1,146
11078,495,17,1,2,136
11079,495,17,2,1,134
11080,495,17,2,2,128
11081,495,17,3,1,123
11082,495,17,3,2,113
11083,495,17,4,1,109
11084,495,17,4,2,102
11085,495,17,5,1,95
11086,495,17,5,2,96
11087,495,17,6,1,97
11088,495,17,6,2,98
11089,495,17,1,1,98
11090,495,17,1,2,94
11091,495,17,2,1,105
11092,495,17,2,2,106
11093,495,17,3,1,104
11094,495,17,3,2,102
11095,495,17,4,1,98
11096,495,17,4,2,94
11097,495,17,5,1,90
11098,495,17,5,2,92
11099,495,17,6,1,100
11100,495,17,6,2,102
11101,496,17,1,1,145
11102,496,17,1,2,132
11103,496,17,2,1,138
11104,496,17,2,2,119
11105,496,17,3,1,118
11106,496,17,3,2,105
11107,496,17,4,1,111
11108,496,17,4,2,106
11109,496,17,5,1,105
11110,496,17,5,2,103
11111,496,17,6,1,97
11112,496,17,6,2,98
11113,496,17,1,1,93
11114,496,17,1,2,82
11115,496,17,2,1,92
11116,496,17,2,2,79
11117,496,17,3,1,90
11118,496,17,3,2,85
11119,496,17,4,1,99
11120,496,17,4,2,102
11121,496,17,5,1,94
11122,496,17,5,2,95
11123,496,17,6,1,96
11124,496,17,6,2,102
11125,497,17,1,1,114
11126,497,17,1,2,123
11127,497,17,2,1,121
11128,497,17,2,2,132
11129,497,17,3,1,121
11130,497,17,3,2,124
11131,497,17,4,1,111
11132,497,17,4,2,112
11133,497,17,5,1,113
11134,497,17,5,2,117
11135,497,17,6,1,103
11136,497,17,6,2,101
11137,498,17,1,1,76
11138,498,17,1,2,89
11139,498,17,2,1,110
11140,498,17,2,2,142
11141,498,17,3,1,109
11142,498,17,3,2,129
11143,498,17,4,1,114
11144,498,17,4,2,118
11145,498,17,5,1,107
11146,498,17,5,2,117
11147,498,17,6,1,118
11148,498,17,6,2,124
11149,498,17,1,1,49
11150,498,17,1,2,52
11151,498,17,2,1,78
11152,498,17,2,2,94
11153,498,17,3,1,88
11154,498,17,3,2,102
11155,498,17,4,1,105
11156,498,17,4,2,109
11157,498,17,5,1,98
11158,498,17,5,2,103
11159,498,17,6,1,105
11160,498,17,6,2,110
11161,499,17,1,1,117
11162,499,17,1,2,95
11163,499,17,2,1,125
11164,499,17,2,2,107
11165,499,17,3,1,111
11166,499,17,3,2,90
11167,499,17,4,1,103
11168,499,17,4,2,93
11169,499,17,5,1,97
11170,499,17,5,2,85
11171,499,17,6,1,94
11172,499,17,6,2,78
11173,499,17,1,1,77
11174,499,17,1,2,62
11175,499,17,2,1,90
11176,499,17,2,2,81
11177,499,17,3,1,102
11178,499,17,3,2,98
11179,499,17,4,1,98
11180,499,17,4,2,95
11181,499,17,5,1,95
11182,499,17,5,2,90
11183,499,17,6,1,90
11184,499,17,6,2,78
11185,500,17,1,1,91
11186,500,17,1,2,105
11187,500,17,2,1,126
11188,500,17,2,2,139
11189,500,17,3,1,132
11190,500,17,3,2,135
11191,500,17,4,1,122
11192,500,17,4,2,125
11193,500,17,5,1,124
11194,500,17,5,2,126
11195,500,17,6,1,116
11196,500,17,6,2,111
11197,500,17,1,1,69
11198,500,17,1,2,70
11199,500,17,2,1,95
11200,500,17,2,2,99
11201,500,17,3,1,106
11202,500,17,3,2,109
11203,500,17,4,1,109
11204,500,17,4,2,114
11205,500,17,5,1,113
11206,500,17,5,2,115
11207,500,17,6,1,111
11208,500,17,6,2,110
11209,501,17,1,1,141
11210,501,17,1,2,163
11211,501,17,2,1,133
11212,501,17,2,2,143
11213,501,17,3,1,127
11214,501,17,3,2,127
11215,501,17,4,1,119
11216,501,17,4,2,118
11217,501,17,5,1,120
11218,501,17,5,2,126
11219,501,17,6,1,116
11220,501,17,6,2,114
11221,501,17,1,1,120
11222,501,17,1,2,158
11223,501,17,2,1,121
11224,501,17,2,2,143
11225,501,17,3,1,128
11226,501,17,3,2,133
11227,501,17,4,1,125
11228,501,17,4,2,125
11229,501,17,5,1,118
11230,501,17,5,2,122
11231,501,17,6,1,118
11232,501,17,6,2,114
11233,502,17,1,1,77
11234,502,17,1,2,67
11235,502,17,2,1,73
11236,502,17,2,2,71
11237,502,17,3,1,76
11238,502,17,3,2,79
11239,502,17,4,1,89
11240,502,17,4,2,82
11241,502,17,5,1,97
11242,502,17,5,2,90
11243,502,17,6,1,109
11244,502,17,6,2,100
11245,502,17,1,1,43
11246,502,17,1,2,32
11247,502,17,2,1,40
11248,502,17,2,2,34
11249,502,17,3,1,44
11250,502,17,3,2,41
11251,502,17,4,1,57
11252,502,17,4,2,50
11253,502,17,5,1,75
11254,502,17,5,2,64
11255,502,17,6,1,88
11256,502,17,6,2,77
11257,503,17,1,1,100
11258,503,17,1,2,112
11259,503,17,2,1,126
11260,503,17,2,2,140
11261,503,17,3,1,124
11262,503,17,3,2,126
11263,503,17,4,1,110
11264,503,17,4,2,113
11265,503,17,5,1,108
11266,503,17,5,2,108
11267,503,17,6,1,112
11268,503,17,6,2,121
11269,503,17,1,1,59
11270,503,17,1,2,57
11271,503,17,2,1,77
11272,503,17,2,2,80
11273,503,17,3,1,79
11274,503,17,3,2,79
11275,503,17,4,1,85
11276,503,17,4,2,85
11277,503,17,5,1,86
11278,503,17,5,2,86
11279,503,17,6,1,94
11280,503,17,6,2,101
11281,504,17,1,1,123
11282,504,17,1,2,100
11283,504,17,2,1,122
11284,504,17,2,2,112
11285,504,17,3,1,119
11286,504,17,3,2,107
11287,504,17,4,1,118
11288,504,17,4,2,110
11289,504,17,5,1,114
11290,504,17,5,2,108
11291,504,17,6,1,116
11292,504,17,6,2,114
11293,504,17,1,1,68
11294,504,17,1,2,56
11295,504,17,2,1,76
11296,504,17,2,2,72
11297,504,17,3,1,85
11298,504,17,3,2,82
11299,504,17,4,1,94
11300,504,17,4,2,89
11301,504,17,5,1,89
11302,504,17,5,2,85
11303,504,17,6,1,100
11304,504,17,6,2,101
11305,505,17,1,1,58
11306,505,17,1,2,60
11307,505,17,2,1,85
11308,505,17,2,2,88
11309,505,17,3,1,96
11310,505,17,3,2,97
11311,505,17,4,1,88
11312,505,17,4,2,90
11313,505,17,5,1,84
11314,505,17,5,2,84
11315,505,17,6,1,87
11316,505,17,6,2,79
11317,505,17,1,1,43
11318,505,17,1,2,41
11319,505,17,2,1,68
11320,505,17,2,2,69
11321,505,17,3,1,82
11322,505,17,3,2,83
11323,505,17,4,1,78
11324,505,17,4,2,79
11325,505,17,5,1,81
11326,505,17,5,2,79
11327,505,17,6,1,86
11328,505,17,6,2,79
11329,506,17,1,1,107
11330,506,17,1,2,113
11331,506,17,2,1,119
11332,506,17,2,2,112
11333,506,17,3,1,114
11334,506,17,3,2,114
11335,506,17,4,1,117
11336,506,17,4,2,115
11337,506,17,5,1,104
11338,506,17,5,2,105
11339,506,17,6,1,112
11340,506,17,6,2,113
11341,506,17,1,1,67
11342,506,17,1,2,68
11343,506,17,2,1,83
11344,506,17,2,2,82
11345,506,17,3,1,85
11346,506,17,3,2,81
11347,506,17,4,1,95
11348,506,17,4,2,94
11349,506,17,5,1,95
11350,506,17,5,2,97
11351,506,17,6,1,104
11352,506,17,6,2,109
11353,507,17,1,1,147
11354,507,17,1,2,154
11355,507,17,2,1,152
11356,507,17,2,2,154
11357,507,17,3,1,128
11358,507,17,3,2,130
11359,507,17,4,1,145
11360,507,17,4,2,141
11361,507,17,5,1,148
11362,507,17,5,2,141
11363,507,17,6,1,127
11364,507,17,6,2,127
11365,508,17,1,1,148
11366,508,17,1,2,173
11367,508,17,2,1,132
11368,508,17,2,2,146
11369,508,17,3,1,131
11370,508,17,3,2,139
11371,508,17,4,1,134
11372,508,17,4,2,133
11373,508,17,5,1,113
11374,508,17,5,2,113
11375,508,17,6,1,116
11376,508,17,6,2,117
11377,508,17,1,1,129
11378,508,17,1,2,148
11379,508,17,2,1,131
11380,508,17,2,2,148
11381,508,17,3,1,134
11382,508,17,3,2,141
11383,508,17,4,1,129
11384,508,17,4,2,128
11385,508,17,5,1,123
11386,508,17,5,2,123
11387,508,17,6,1,121
11388,508,17,6,2,121
11389,509,17,1,1,169
11390,509,17,1,2,180
11391,509,17,2,1,157
11392,509,17,2,2,158
11393,509,17,3,1,139
11394,509,17,3,2,140
11395,509,17,4,1,131
11396,509,17,4,2,130
11397,509,17,5,1,129
11398,509,17,5,2,125
11399,509,17,6,1,126
11400,509,17,6,2,126
11401,510,17,1,1,105
11402,510,17,1,2,109
11403,510,17,2,1,122
11404,510,17,2,2,130
11405,510,17,3,1,114
11406,510,17,3,2,120
11407,510,17,4,1,101
11408,510,17,4,2,105
11409,510,17,5,1,97
11410,510,17,5,2,100
11411,510,17,6,1,99
11412,510,17,6,2,101
11413,510,17,1,1,90
11414,510,17,1,2,89
11415,510,17,2,1,103
11416,510,17,2,2,112
11417,510,17,3,1,105
11418,510,17,3,2,110
11419,510,17,4,1,104
11420,510,17,4,2,106
11421,510,17,5,1,104
11422,510,17,5,2,104
11423,510,17,6,1,105
11424,510,17,6,2,107
11425,511,17,1,1,119
11426,511,17,1,2,140
11427,511,17,2,1,119
11428,511,17,2,2,136
11429,511,17,3,1,127
11430,511,17,3,2,132
11431,511,17,4,1,119
11432,511,17,4,2,124
11433,511,17,5,1,108
11434,511,17,5,2,111
11435,511,17,6,1,101
11436,511,17,6,2,110
11437,511,17,1,1,84
11438,511,17,1,2,92
11439,511,17,2,1,85
11440,511,17,2,2,94
11441,511,17,3,1,96
11442,511,17,3,2,102
11443,511,17,4,1,105
11444,511,17,4,2,109
11445,511,17,5,1,98
11446,511,17,5,2,97
11447,511,17,6,1,91
11448,511,17,6,2,96
11449,512,17,1,1,33
11450,512,17,1,2,34
11451,512,17,2,1,38
11452,512,17,2,2,39
11453,512,17,3,1,58
11454,512,17,3,2,59
11455,512,17,4,1,73
11456,512,17,4,2,72
11457,512,17,5,1,93
11458,512,17,5,2,94
11459,512,17,6,1,99
11460,512,17,6,2,103
11461,512,17,1,1,30
11462,512,17,1,2,31
11463,512,17,2,1,35
11464,512,17,2,2,36
11465,512,17,3,1,47
11466,512,17,3,2,47
11467,512,17,4,1,55
11468,512,17,4,2,55
11469,512,17,5,1,78
11470,512,17,5,2,75
11471,512,17,6,1,82
11472,512,17,6,2,84
11473,513,17,1,1,87
11474,513,17,1,2,92
11475,513,17,2,1,91
11476,513,17,2,2,101
11477,513,17,3,1,99
11478,513,17,3,2,103
11479,513,17,4,1,103
11480,513,17,4,2,105
11481,513,17,5,1,109
11482,513,17,5,2,108
11483,513,17,6,1,106
11484,513,17,6,2,112
11485,513,17,1,1,54
11486,513,17,1,2,51
11487,513,17,2,1,72
11488,513,17,2,2,78
11489,513,17,3,1,83
11490,513,17,3,2,88
11491,513,17,4,1,98
11492,513,17,4,2,100
11493,513,17,5,1,105
11494,513,17,5,2,109
11495,513,17,6,1,99
11496,513,17,6,2,104
11497,514,17,1,1,115
11498,514,17,1,2,130
11499,514,17,2,1,141
11500,514,17,2,2,147
11501,514,17,3,1,133
11502,514,17,3,2,137
11503,514,17,4,1,115
11504,514,17,4,2,117
11505,514,17,5,1,116
11506,514,17,5,2,119
11507,514,17,6,1,115
11508,514,17,6,2,121
11509,514,17,1,1,91
11510,514,17,1,2,99
11511,514,17,2,1,118
11512,514,17,2,2,121
11513,514,17,3,1,115
11514,514,17,3,2,116
11515,514,17,4,1,110
11516,514,17,4,2,110
11517,514,17,5,1,110
11518,514,17,5,2,111
11519,514,17,6,1,109
11520,514,17,6,2,113
11521,515,17,1,1,95
11522,515,17,1,2,84
11523,515,17,2,1,110
11524,515,17,2,2,108
11525,515,17,3,1,141
11526,515,17,3,2,131
11527,515,17,4,1,135
11528,515,17,4,2,119
11529,515,17,5,1,124
11530,515,17,5,2,121
11531,515,17,6,1,120
11532,515,17,6,2,114
11533,516,17,1,1,140
11534,516,17,1,2,152
11535,516,17,2,1,120
11536,516,17,2,2,125
11537,516,17,3,1,123
11538,516,17,3,2,128
11539,516,17,4,1,126
11540,516,17,4,2,126
11541,516,17,5,1,118
11542,516,17,5,2,117
11543,516,17,6,1,115
11544,516,17,6,2,107
11545,517,17,1,1,115
11546,517,17,1,2,130
11547,517,17,2,1,107
11548,517,17,2,2,118
11549,517,17,3,1,108
11550,517,17,3,2,117
11551,517,17,4,1,117
11552,517,17,4,2,118
11553,517,17,5,1,108
11554,517,17,5,2,110
11555,517,17,6,1,108
11556,517,17,6,2,102
11557,518,17,1,1,137
11558,518,17,1,2,146
11559,518,17,2,1,114
11560,518,17,2,2,128
11561,518,17,3,1,123
11562,518,17,3,2,119
11563,518,17,4,1,108
11564,518,17,4,2,100
11565,518,17,5,1,119
11566,518,17,5,2,113
11567,518,17,6,1,107
11568,518,17,6,2,100
11569,518,17,1,1,112
11570,518,17,1,2,122
11571,518,17,2,1,108
11572,518,17,2,2,127
11573,518,17,3,1,114
11574,518,17,3,2,116
11575,518,17,4,1,108
11576,518,17,4,2,105
11577,518,17,5,1,113
11578,518,17,5,2,111
11579,518,17,6,1,104
11580,518,17,6,2,97
11581,519,17,1,1,11
11582,519,17,1,2,8
11583,519,17,2,1,7
11584,519,17,2,2,3
11585,519,17,3,1,11
11586,519,17,3,2,3
11587,519,17,4,1,9
11588,519,17,4,2,3
11589,519,17,5,1,14
11590,519,17,5,2,3
11591,519,17,6,1,9
11592,519,17,6,2,2
11593,519,17,1,1,10
11594,519,17,1,2,8
11595,519,17,2,1,7
11596,519,17,2,2,3
11597,519,17,3,1,9
11598,519,17,3,2,3
11599,519,17,4,1,8
11600,519,17,4,2,2
11601,519,17,5,1,16
11602,519,17,5,2,3
11603,519,17,6,1,11
11604,519,17,6,2,2
11605,520,17,1,1,139
11606,520,17,1,2,125
11607,520,17,2,1,131
11608,520,17,2,2,114
11609,520,17,3,1,127
11610,520,17,3,2,107
11611,520,17,4,1,121
11612,520,17,4,2,115
11613,520,17,5,1,118
11614,520,17,5,2,121
11615,520,17,6,1,115
11616,520,17,6,2,123
11617,520,17,1,1,93
11618,520,17,1,2,77
11619,520,17,2,1,99
11620,520,17,2,2,86
11621,520,17,3,1,101
11622,520,17,3,2,90
11623,520,17,4,1,103
11624,520,17,4,2,104
11625,520,17,5,1,107
11626,520,17,5,2,113
11627,520,17,6,1,109
11628,520,17,6,2,116
11629,521,17,1,1,151
11630,521,17,1,2,176
11631,521,17,2,1,134
11632,521,17,2,2,149
11633,521,17,3,1,131
11634,521,17,3,2,135
11635,521,17,4,1,126
11636,521,17,4,2,130
11637,521,17,5,1,108
11638,521,17,5,2,112
11639,521,17,6,1,117
11640,521,17,6,2,115
11641,521,17,1,1,141
11642,521,17,1,2,189
11643,521,17,2,1,127
11644,521,17,2,2,148
11645,521,17,3,1,128
11646,521,17,3,2,134
11647,521,17,4,1,122
11648,521,17,4,2,126
11649,521,17,5,1,113
11650,521,17,5,2,118
11651,521,17,6,1,109
11652,521,17,6,2,107
11653,522,17,1,1,87
11654,522,17,1,2,60
11655,522,17,2,1,101
11656,522,17,2,2,65
11657,522,17,3,1,103
11658,522,17,3,2,88
11659,522,17,4,1,90
11660,522,17,4,2,73
11661,522,17,5,1,98
11662,522,17,5,2,79
11663,522,17,6,1,94
11664,522,17,6,2,85
11665,522,17,1,1,93
11666,522,17,1,2,79
11667,522,17,2,1,97
11668,522,17,2,2,86
11669,522,17,3,1,99
11670,522,17,3,2,103
11671,522,17,4,1,96
11672,522,17,4,2,94
11673,522,17,5,1,94
11674,522,17,5,2,91
11675,522,17,6,1,90
11676,522,17,6,2,91
11677,523,17,1,1,97
11678,523,17,1,2,95
11679,523,17,2,1,112
11680,523,17,2,2,117
11681,523,17,3,1,115
11682,523,17,3,2,110
11683,523,17,4,1,119
11684,523,17,4,2,116
11685,523,17,5,1,111
11686,523,17,5,2,111
11687,523,17,6,1,113
11688,523,17,6,2,101
11689,524,17,1,1,172
11690,524,17,1,2,195
11691,524,17,2,1,148
11692,524,17,2,2,159
11693,524,17,3,1,141
11694,524,17,3,2,149
11695,524,17,4,1,128
11696,524,17,4,2,129
11697,524,17,5,1,127
11698,524,17,5,2,128
11699,524,17,6,1,117
11700,524,17,6,2,115
11701,525,17,1,1,133
11702,525,17,1,2,151
11703,525,17,2,1,136
11704,525,17,2,2,154
11705,525,17,3,1,125
11706,525,17,3,2,136
11707,525,17,4,1,117
11708,525,17,4,2,118
11709,525,17,5,1,108
11710,525,17,5,2,110
11711,525,17,6,1,114
11712,525,17,6,2,119
11713,525,17,1,1,90
11714,525,17,1,2,104
11715,525,17,2,1,102
11716,525,17,2,2,111
11717,525,17,3,1,105
11718,525,17,3,2,112
11719,525,17,4,1,104
11720,525,17,4,2,105
11721,525,17,5,1,96
11722,525,17,5,2,97
11723,525,17,6,1,111
11724,525,17,6,2,118
11725,526,17,1,1,92
11726,526,17,1,2,112
11727,526,17,2,1,105
11728,526,17,2,2,120
11729,526,17,3,1,112
11730,526,17,3,2,120
11731,526,17,4,1,108
11732,526,17,4,2,115
11733,526,17,5,1,100
11734,526,17,5,2,105
11735,526,17,6,1,101
11736,526,17,6,2,109
11737,526,17,1,1,60
11738,526,17,1,2,65
11739,526,17,2,1,68
11740,526,17,2,2,75
11741,526,17,3,1,81
11742,526,17,3,2,88
11743,526,17,4,1,80
11744,526,17,4,2,85
11745,526,17,5,1,84
11746,526,17,5,2,87
11747,526,17,6,1,85
11748,526,17,6,2,91
11749,527,17,1,1,100
11750,527,17,1,2,123
11751,527,17,2,1,113
11752,527,17,2,2,133
11753,527,17,3,1,104
11754,527,17,3,2,111
11755,527,17,4,1,107
11756,527,17,4,2,109
11757,527,17,5,1,94
11758,527,17,5,2,98
11759,527,17,6,1,91
11760,527,17,6,2,97
11761,527,17,1,1,50
11762,527,17,1,2,53
11763,527,17,2,1,58
11764,527,17,2,2,64
11765,527,17,3,1,60
11766,527,17,3,2,64
11767,527,17,4,1,63
11768,527,17,4,2,63
11769,527,17,5,1,60
11770,527,17,5,2,58
11771,527,17,6,1,67
11772,527,17,6,2,67
11773,528,17,1,1,134
11774,528,17,1,2,124
11775,528,17,2,1,136
11776,528,17,2,2,129
11777,528,17,3,1,118
11778,528,17,3,2,112
11779,528,17,4,1,112
11780,528,17,4,2,112
11781,528,17,5,1,113
11782,528,17,5,2,113
11783,528,17,6,1,100
11784,528,17,6,2,108
11785,528,17,1,1,103
11786,528,17,1,2,94
11787,528,17,2,1,110
11788,528,17,2,2,106
11789,528,17,3,1,101
11790,528,17,3,2,100
11791,528,17,4,1,106
11792,528,17,4,2,108
11793,528,17,5,1,106
11794,528,17,5,2,111
11795,528,17,6,1,104
11796,528,17,6,2,112
11797,529,17,1,1,66
11798,529,17,1,2,48
11799,529,17,2,1,85
11800,529,17,2,2,85
11801,529,17,3,1,76
11802,529,17,3,2,86
11803,529,17,4,1,91
11804,529,17,4,2,96
11805,529,17,5,1,118
11806,529,17,5,2,110
11807,529,17,6,1,114
11808,529,17,6,2,107
11809,529,17,1,1,46
11810,529,17,1,2,29
11811,529,17,2,1,78
11812,529,17,2,2,79
11813,529,17,3,1,69
11814,529,17,3,2,72
11815,529,17,4,1,82
11816,529,17,4,2,84
11817,529,17,5,1,96
11818,529,17,5,2,81
11819,529,17,6,1,97
11820,529,17,6,2,87
11821,530,17,1,1,53
11822,530,17,1,2,7
11823,530,17,2,1,47
11824,530,17,2,2,8
11825,530,17,3,1,94
11826,530,17,3,2,44
11827,530,17,4,1,121
11828,530,17,4,2,108
11829,530,17,5,1,124
11830,530,17,5,2,119
11831,530,17,6,1,125
11832,530,17,6,2,112
11833,530,17,1,1,88
11834,530,17,1,2,79
11835,530,17,2,1,71
11836,530,17,2,2,61
11837,530,17,3,1,95
11838,530,17,3,2,80
11839,530,17,4,1,106
11840,530,17,4,2,102
11841,530,17,5,1,104
11842,530,17,5,2,99
11843,530,17,6,1,104
11844,530,17,6,2,98
11845,531,17,1,1,63
11846,531,17,1,2,73
11847,531,17,2,1,98
11848,531,17,2,2,121
11849,531,17,3,1,79
11850,531,17,3,2,102
11851,531,17,4,1,108
11852,531,17,4,2,123
11853,531,17,5,1,98
11854,531,17,5,2,107
11855,531,17,6,1,113
11856,531,17,6,2,119
11857,531,17,1,1,63
11858,531,17,1,2,73
11859,531,17,2,1,98
11860,531,17,2,2,121
11861,531,17,3,1,79
11862,531,17,3,2,102
11863,531,17,4,1,108
11864,531,17,4,2,123
11865,531,17,5,1,98
11866,531,17,5,2,107
11867,531,17,6,1,113
11868,531,17,6,2,119
11869,532,17,1,1,120
11870,532,17,1,2,154
11871,532,17,2,1,105
11872,532,17,2,2,115
11873,532,17,3,1,108
11874,532,17,3,2,114
11875,532,17,4,1,119
11876,532,17,4,2,124
11877,532,17,5,1,107
11878,532,17,5,2,110
11879,532,17,6,1,104
11880,532,17,6,2,106
11881,532,17,1,1,77
11882,532,17,1,2,92
11883,532,17,2,1,69
11884,532,17,2,2,77
11885,532,17,3,1,85
11886,532,17,3,2,90
11887,532,17,4,1,90
11888,532,17,4,2,94
11889,532,17,5,1,83
11890,532,17,5,2,82
11891,532,17,6,1,88
11892,532,17,6,2,88
11893,533,17,1,1,56
11894,533,17,1,2,59
11895,533,17,2,1,110
11896,533,17,2,2,118
11897,533,17,3,1,129
11898,533,17,3,2,136
11899,533,17,4,1,121
11900,533,17,4,2,133
11901,533,17,5,1,110
11902,533,17,5,2,119
11903,533,17,6,1,111
11904,533,17,6,2,121
11905,533,17,1,1,58
11906,533,17,1,2,49
11907,533,17,2,1,63
11908,533,17,2,2,59
11909,533,17,3,1,75
11910,533,17,3,2,74
11911,533,17,4,1,78
11912,533,17,4,2,82
11913,533,17,5,1,84
11914,533,17,5,2,88
11915,533,17,6,1,91
11916,533,17,6,2,95
11917,534,17,1,1,105
11918,534,17,1,2,114
11919,534,17,2,1,105
11920,534,17,2,2,109
11921,534,17,3,1,105
11922,534,17,3,2,113
11923,534,17,4,1,114
11924,534,17,4,2,120
11925,534,17,5,1,111
11926,534,17,5,2,117
11927,534,17,6,1,105
11928,534,17,6,2,110
11929,534,17,1,1,103
11930,534,17,1,2,105
11931,534,17,2,1,110
11932,534,17,2,2,117
11933,534,17,3,1,111
11934,534,17,3,2,122
11935,534,17,4,1,115
11936,534,17,4,2,121
11937,534,17,5,1,108
11938,534,17,5,2,115
11939,534,17,6,1,103
11940,534,17,6,2,109
11941,535,18,1,1,148
11942,535,18,1,2,146
11943,535,18,2,1,154
11944,535,18,2,2,150
11945,535,18,3,1,155
11946,535,18,3,2,152
11947,535,18,4,1,165
11948,535,18,4,2,163
11949,535,18,5,1,163
11950,535,18,5,2,160
11951,535,18,6,1,150
11952,535,18,6,2,147
11953,535,18,1,1,130
11954,535,18,1,2,128
11955,535,18,2,1,133
11956,535,18,2,2,131
11957,535,18,3,1,137
11958,535,18,3,2,137
11959,535,18,4,1,145
11960,535,18,4,2,145
11961,535,18,5,1,146
11962,535,18,5,2,146
11963,535,18,6,1,138
11964,535,18,6,2,138
11965,536,18,1,1,114
11966,536,18,1,2,114
11967,536,18,2,1,111
11968,536,18,2,2,111
11969,536,18,3,1,116
11970,536,18,3,2,109
11971,536,18,4,1,116
11972,536,18,4,2,109
11973,536,18,5,1,116
11974,536,18,5,2,110
11975,536,18,6,1,115
11976,536,18,6,2,105
11977,536,18,1,1,91
11978,536,18,1,2,90
11979,536,18,2,1,93
11980,536,18,2,2,95
11981,536,18,3,1,101
11982,536,18,3,2,104
11983,536,18,4,1,99
11984,536,18,4,2,101
11985,536,18,5,1,102
11986,536,18,5,2,103
11987,536,18,6,1,105
11988,536,18,6,2,103
11989,537,18,1,1,74
11990,537,18,1,2,75
11991,537,18,2,1,79
11992,537,18,2,2,75
11993,537,18,3,1,112
11994,537,18,3,2,121
11995,537,18,4,1,103
11996,537,18,4,2,95
11997,537,18,5,1,99
11998,537,18,5,2,113
11999,537,18,6,1,103
12000,537,18,6,2,114
12001,537,18,1,1,72
12002,537,18,1,2,69
12003,537,18,2,1,72
12004,537,18,2,2,66
12005,537,18,3,1,88
12006,537,18,3,2,92
12007,537,18,4,1,82
12008,537,18,4,2,74
12009,537,18,5,1,83
12010,537,18,5,2,91
12011,537,18,6,1,93
12012,537,18,6,2,102
12013,538,18,1,1,108
12014,538,18,1,2,112
12015,538,18,2,1,124
12016,538,18,2,2,120
12017,538,18,3,1,123
12018,538,18,3,2,108
12019,538,18,4,1,115
12020,538,18,4,2,89
12021,538,18,5,1,113
12022,538,18,5,2,91
12023,538,18,6,1,117
12024,538,18,6,2,112
12025,538,18,1,1,96
12026,538,18,1,2,96
12027,538,18,2,1,105
12028,538,18,2,2,103
12029,538,18,3,1,102
12030,538,18,3,2,89
12031,538,18,4,1,99
12032,538,18,4,2,79
12033,538,18,5,1,97
12034,538,18,5,2,80
12035,538,18,6,1,108
12036,538,18,6,2,106
12037,539,18,1,1,126
12038,539,18,1,2,111
12039,539,18,2,1,126
12040,539,18,2,2,120
12041,539,18,3,1,132
12042,539,18,3,2,113
12043,539,18,4,1,135
12044,539,18,4,2,106
12045,539,18,5,1,140
12046,539,18,5,2,110
12047,539,18,6,1,130
12048,539,18,6,2,108
12049,539,18,1,1,96
12050,539,18,1,2,83
12051,539,18,2,1,95
12052,539,18,2,2,89
12053,539,18,3,1,95
12054,539,18,3,2,79
12055,539,18,4,1,96
12056,539,18,4,2,74
12057,539,18,5,1,101
12058,539,18,5,2,79
12059,539,18,6,1,102
12060,539,18,6,2,88
12061,540,18,1,1,83
12062,540,18,1,2,90
12063,540,18,2,1,82
12064,540,18,2,2,83
12065,540,18,3,1,80
12066,540,18,3,2,81
12067,540,18,4,1,76
12068,540,18,4,2,86
12069,540,18,5,1,73
12070,540,18,5,2,75
12071,540,18,6,1,61
12072,540,18,6,2,56
12073,540,18,1,1,73
12074,540,18,1,2,74
12075,540,18,2,1,71
12076,540,18,2,2,69
12077,540,18,3,1,66
12078,540,18,3,2,64
12079,540,18,4,1,59
12080,540,18,4,2,63
12081,540,18,5,1,58
12082,540,18,5,2,59
12083,540,18,6,1,63
12084,540,18,6,2,61
12085,541,18,1,1,90
12086,541,18,1,2,69
12087,541,18,2,1,94
12088,541,18,2,2,77
12089,541,18,3,1,93
12090,541,18,3,2,73
12091,541,18,4,1,93
12092,541,18,4,2,75
12093,541,18,5,1,92
12094,541,18,5,2,69
12095,541,18,6,1,86
12096,541,18,6,2,64
12097,541,18,1,1,79
12098,541,18,1,2,65
12099,541,18,2,1,79
12100,541,18,2,2,70
12101,541,18,3,1,74
12102,541,18,3,2,60
12103,541,18,4,1,74
12104,541,18,4,2,60
12105,541,18,5,1,72
12106,541,18,5,2,55
12107,541,18,6,1,70
12108,541,18,6,2,55
12109,542,19,1,1,119
12110,542,19,1,2,109
12111,542,19,2,1,125
12112,542,19,2,2,113
12113,542,19,3,1,123
12114,542,19,3,2,110
12115,542,19,4,1,120
12116,542,19,4,2,104
12117,542,19,5,1,118
12118,542,19,5,2,105
12119,542,19,6,1,116
12120,542,19,6,2,105
12121,542,19,1,1,117
12122,542,19,1,2,117
12123,542,19,2,1,119
12124,542,19,2,2,119
12125,542,19,3,1,116
12126,542,19,3,2,114
12127,542,19,4,1,114
12128,542,19,4,2,108
12129,542,19,5,1,112
12130,542,19,5,2,105
12131,542,19,6,1,111
12132,542,19,6,2,104
12133,543,19,1,1,121
12134,543,19,1,2,124
12135,543,19,2,1,119
12136,543,19,2,2,131
12137,543,19,3,1,114
12138,543,19,3,2,111
12139,543,19,4,1,110
12140,543,19,4,2,121
12141,543,19,5,1,110
12142,543,19,5,2,120
12143,543,19,6,1,115
12144,543,19,6,2,129
12145,543,19,1,1,114
12146,543,19,1,2,118
12147,543,19,2,1,109
12148,543,19,2,2,122
12149,543,19,3,1,110
12150,543,19,3,2,110
12151,543,19,4,1,108
12152,543,19,4,2,115
12153,543,19,5,1,107
12154,543,19,5,2,117
12155,543,19,6,1,110
12156,543,19,6,2,122
12157,544,19,1,1,97
12158,544,19,1,2,97
12159,544,19,2,1,111
12160,544,19,2,2,91
12161,544,19,3,1,110
12162,544,19,3,2,88
12163,544,19,4,1,95
12164,544,19,4,2,76
12165,544,19,5,1,91
12166,544,19,5,2,74
12167,544,19,6,1,94
12168,544,19,6,2,74
12169,544,19,1,1,85
12170,544,19,1,2,79
12171,544,19,2,1,97
12172,544,19,2,2,76
12173,544,19,3,1,99
12174,544,19,3,2,82
12175,544,19,4,1,99
12176,544,19,4,2,96
12177,544,19,5,1,97
12178,544,19,5,2,97
12179,544,19,6,1,98
12180,544,19,6,2,91
12181,545,19,1,1,114
12182,545,19,1,2,138
12183,545,19,2,1,105
12184,545,19,2,2,117
12185,545,19,3,1,101
12186,545,19,3,2,106
12187,545,19,4,1,99
12188,545,19,4,2,102
12189,545,19,5,1,102
12190,545,19,5,2,110
12191,545,19,6,1,103
12192,545,19,6,2,108
12193,545,19,1,1,104
12194,545,19,1,2,125
12195,545,19,2,1,96
12196,545,19,2,2,103
12197,545,19,3,1,97
12198,545,19,3,2,104
12199,545,19,4,1,95
12200,545,19,4,2,103
12201,545,19,5,1,97
12202,545,19,5,2,109
12203,545,19,6,1,98
12204,545,19,6,2,108
12205,546,19,1,1,107
12206,546,19,1,2,104
12207,546,19,2,1,100
12208,546,19,2,2,101
12209,546,19,3,1,100
12210,546,19,3,2,92
12211,546,19,4,1,91
12212,546,19,4,2,87
12213,546,19,5,1,90
12214,546,19,5,2,88
12215,546,19,6,1,93
12216,546,19,6,2,93
12217,546,19,1,1,103
12218,546,19,1,2,106
12219,546,19,2,1,97
12220,546,19,2,2,105
12221,546,19,3,1,99
12222,546,19,3,2,101
12223,546,19,4,1,93
12224,546,19,4,2,99
12225,546,19,5,1,92
12226,546,19,5,2,98
12227,546,19,6,1,94
12228,546,19,6,2,104
12229,547,19,1,1,98
12230,547,19,1,2,85
12231,547,19,2,1,90
12232,547,19,2,2,91
12233,547,19,3,1,99
12234,547,19,3,2,85
12235,547,19,4,1,95
12236,547,19,4,2,74
12237,547,19,5,1,91
12238,547,19,5,2,66
12239,547,19,6,1,95
12240,547,19,6,2,63
12241,547,19,1,1,94
12242,547,19,1,2,84
12243,547,19,2,1,89
12244,547,19,2,2,93
12245,547,19,3,1,96
12246,547,19,3,2,84
12247,547,19,4,1,92
12248,547,19,4,2,75
12249,547,19,5,1,85
12250,547,19,5,2,64
12251,547,19,6,1,89
12252,547,19,6,2,63
12253,548,19,1,1,67
12254,548,19,1,2,84
12255,548,19,2,1,83
12256,548,19,2,2,86
12257,548,19,3,1,84
12258,548,19,3,2,76
12259,548,19,4,1,81
12260,548,19,4,2,58
12261,548,19,5,1,75
12262,548,19,5,2,49
12263,548,19,6,1,77
12264,548,19,6,2,44
12265,549,19,1,1,63
12266,549,19,1,2,75
12267,549,19,2,1,80
12268,549,19,2,2,84
12269,549,19,3,1,93
12270,549,19,3,2,101
12271,549,19,4,1,90
12272,549,19,4,2,88
12273,549,19,5,1,86
12274,549,19,5,2,80
12275,549,19,6,1,86
12276,549,19,6,2,76
12277,550,19,1,1,74
12278,550,19,1,2,125
12279,550,19,2,1,64
12280,550,19,2,2,100
12281,550,19,3,1,62
12282,550,19,3,2,94
12283,550,19,4,1,65
12284,550,19,4,2,92
12285,550,19,5,1,67
12286,550,19,5,2,85
12287,550,19,6,1,71
12288,550,19,6,2,81
12289,550,19,1,1,77
12290,550,19,1,2,128
12291,550,19,2,1,65
12292,550,19,2,2,100
12293,550,19,3,1,70
12294,550,19,3,2,106
12295,550,19,4,1,72
12296,550,19,4,2,103
12297,550,19,5,1,72
12298,550,19,5,2,93
12299,550,19,6,1,77
12300,550,19,6,2,95
12301,551,19,1,1,112
12302,551,19,1,2,109
12303,551,19,2,1,108
12304,551,19,2,2,98
12305,551,19,3,1,110
12306,551,19,3,2,101
12307,551,19,4,1,116
12308,551,19,4,2,106
12309,551,19,5,1,110
12310,551,19,5,2,99
12311,551,19,6,1,108
12312,551,19,6,2,104
12313,551,19,1,1,109
12314,551,19,1,2,102
12315,551,19,2,1,104
12316,551,19,2,2,93
12317,551,19,3,1,108
12318,551,19,3,2,102
12319,551,19,4,1,110
12320,551,19,4,2,108
12321,551,19,5,1,105
12322,551,19,5,2,102
12323,551,19,6,1,107
12324,551,19,6,2,113
12325,552,19,1,1,120
12326,552,19,1,2,66
12327,552,19,2,1,128
12328,552,19,2,2,89
12329,552,19,3,1,111
12330,552,19,3,2,73
12331,552,19,4,1,110
12332,552,19,4,2,75
12333,552,19,5,1,113
12334,552,19,5,2,71
12335,552,19,6,1,107
12336,552,19,6,2,69
12337,552,19,1,1,95
12338,552,19,1,2,65
12339,552,19,2,1,105
12340,552,19,2,2,78
12341,552,19,3,1,93
12342,552,19,3,2,69
12343,552,19,4,1,107
12344,552,19,4,2,97
12345,552,19,5,1,107
12346,552,19,5,2,88
12347,552,19,6,1,102
12348,552,19,6,2,88
12349,553,19,1,1,105
12350,553,19,1,2,123
12351,553,19,2,1,108
12352,553,19,2,2,113
12353,553,19,3,1,114
12354,553,19,3,2,141
12355,553,19,4,1,114
12356,553,19,4,2,149
12357,553,19,5,1,122
12358,553,19,5,2,151
12359,553,19,6,1,125
12360,553,19,6,2,146
12361,553,19,1,1,94
12362,553,19,1,2,106
12363,553,19,2,1,98
12364,553,19,2,2,104
12365,553,19,3,1,103
12366,553,19,3,2,133
12367,553,19,4,1,107
12368,553,19,4,2,141
12369,553,19,5,1,113
12370,553,19,5,2,142
12371,553,19,6,1,113
12372,553,19,6,2,139
12373,554,19,1,1,119
12374,554,19,1,2,148
12375,554,19,2,1,118
12376,554,19,2,2,139
12377,554,19,3,1,113
12378,554,19,3,2,142
12379,554,19,4,1,120
12380,554,19,4,2,141
12381,554,19,5,1,123
12382,554,19,5,2,131
12383,554,19,6,1,121
12384,554,19,6,2,127
12385,554,19,1,1,107
12386,554,19,1,2,142
12387,554,19,2,1,101
12388,554,19,2,2,125
12389,554,19,3,1,103
12390,554,19,3,2,132
12391,554,19,4,1,109
12392,554,19,4,2,132
12393,554,19,5,1,109
12394,554,19,5,2,124
12395,554,19,6,1,111
12396,554,19,6,2,133
12397,555,19,1,1,119
12398,555,19,1,2,104
12399,555,19,2,1,117
12400,555,19,2,2,104
12401,555,19,3,1,99
12402,555,19,3,2,86
12403,555,19,4,1,92
12404,555,19,4,2,74
12405,555,19,5,1,87
12406,555,19,5,2,71
12407,555,19,6,1,86
12408,555,19,6,2,62
12409,555,19,1,1,101
12410,555,19,1,2,69
12411,555,19,2,1,94
12412,555,19,2,2,62
12413,555,19,3,1,82
12414,555,19,3,2,49
12415,555,19,4,1,78
12416,555,19,4,2,45
12417,555,19,5,1,76
12418,555,19,5,2,47
12419,555,19,6,1,82
12420,555,19,6,2,51
12421,556,19,1,1,104
12422,556,19,1,2,107
12423,556,19,2,1,91
12424,556,19,2,2,96
12425,556,19,3,1,93
12426,556,19,3,2,91
12427,556,19,4,1,87
12428,556,19,4,2,75
12429,556,19,5,1,87
12430,556,19,5,2,63
12431,556,19,6,1,94
12432,556,19,6,2,78
12433,556,19,1,1,92
12434,556,19,1,2,84
12435,556,19,2,1,86
12436,556,19,2,2,80
12437,556,19,3,1,86
12438,556,19,3,2,75
12439,556,19,4,1,81
12440,556,19,4,2,61
12441,556,19,5,1,82
12442,556,19,5,2,51
12443,556,19,6,1,93
12444,556,19,6,2,75
12445,557,19,1,1,59
12446,557,19,1,2,63
12447,557,19,2,1,65
12448,557,19,2,2,58
12449,557,19,3,1,74
12450,557,19,3,2,60
12451,557,19,4,1,69
12452,557,19,4,2,49
12453,557,19,5,1,79
12454,557,19,5,2,46
12455,557,19,6,1,75
12456,557,19,6,2,43
12457,557,19,1,1,56
12458,557,19,1,2,53
12459,557,19,2,1,65
12460,557,19,2,2,55
12461,557,19,3,1,74
12462,557,19,3,2,60
12463,557,19,4,1,81
12464,557,19,4,2,75
12465,557,19,5,1,92
12466,557,19,5,2,81
12467,557,19,6,1,89
12468,557,19,6,2,80
12469,558,19,1,1,129
12470,558,19,1,2,88
12471,558,19,2,1,125
12472,558,19,2,2,88
12473,558,19,3,1,100
12474,558,19,3,2,78
12475,558,19,4,1,102
12476,558,19,4,2,91
12477,558,19,5,1,104
12478,558,19,5,2,95
12479,558,19,6,1,101
12480,558,19,6,2,95
12481,558,19,1,1,118
12482,558,19,1,2,91
12483,558,19,2,1,117
12484,558,19,2,2,90
12485,558,19,3,1,100
12486,558,19,3,2,90
12487,558,19,4,1,102
12488,558,19,4,2,105
12489,558,19,5,1,105
12490,558,19,5,2,110
12491,558,19,6,1,99
12492,558,19,6,2,105
12493,559,19,1,1,118
12494,559,19,1,2,150
12495,559,19,2,1,109
12496,559,19,2,2,146
12497,559,19,3,1,103
12498,559,19,3,2,124
12499,559,19,4,1,111
12500,559,19,4,2,127
12501,559,19,5,1,113
12502,559,19,5,2,122
12503,559,19,6,1,122
12504,559,19,6,2,126
12505,559,19,1,1,99
12506,559,19,1,2,101
12507,559,19,2,1,96
12508,559,19,2,2,97
12509,559,19,3,1,93
12510,559,19,3,2,86
12511,559,19,4,1,96
12512,559,19,4,2,75
12513,559,19,5,1,102
12514,559,19,5,2,72
12515,559,19,6,1,104
12516,559,19,6,2,79
12517,560,19,1,1,87
12518,560,19,1,2,97
12519,560,19,2,1,93
12520,560,19,2,2,102
12521,560,19,3,1,97
12522,560,19,3,2,110
12523,560,19,4,1,99
12524,560,19,4,2,108
12525,560,19,5,1,96
12526,560,19,5,2,95
12527,560,19,6,1,98
12528,560,19,6,2,103
12529,560,19,1,1,83
12530,560,19,1,2,94
12531,560,19,2,1,87
12532,560,19,2,2,96
12533,560,19,3,1,87
12534,560,19,3,2,96
12535,560,19,4,1,107
12536,560,19,4,2,114
12537,560,19,5,1,87
12538,560,19,5,2,91
12539,560,19,6,1,100
12540,560,19,6,2,116
12541,561,19,1,1,126
12542,561,19,1,2,90
12543,561,19,2,1,126
12544,561,19,2,2,96
12545,561,19,3,1,114
12546,561,19,3,2,104
12547,561,19,4,1,106
12548,561,19,4,2,74
12549,561,19,5,1,115
12550,561,19,5,2,81
12551,561,19,6,1,111
12552,561,19,6,2,80
12553,561,19,1,1,103
12554,561,19,1,2,89
12555,561,19,2,1,108
12556,561,19,2,2,105
12557,561,19,3,1,105
12558,561,19,3,2,111
12559,561,19,4,1,107
12560,561,19,4,2,105
12561,561,19,5,1,110
12562,561,19,5,2,102
12563,561,19,6,1,102
12564,561,19,6,2,93
12565,562,20,1,1,165
12566,562,20,1,2,119
12567,562,20,2,1,161
12568,562,20,2,2,116
12569,562,20,3,1,145
12570,562,20,3,2,110
12571,562,20,4,1,134
12572,562,20,4,2,108
12573,562,20,5,1,129
12574,562,20,5,2,104
12575,562,20,6,1,124
12576,562,20,6,2,103
12577,562,20,1,1,140
12578,562,20,1,2,119
12579,562,20,2,1,136
12580,562,20,2,2,116
12581,562,20,3,1,126
12582,562,20,3,2,110
12583,562,20,4,1,120
12584,562,20,4,2,107
12585,562,20,5,1,118
12586,562,20,5,2,105
12587,562,20,6,1,116
12588,562,20,6,2,106
12589,563,20,1,1,112
12590,563,20,1,2,95
12591,563,20,2,1,121
12592,563,20,2,2,112
12593,563,20,3,1,120
12594,563,20,3,2,118
12595,563,20,4,1,117
12596,563,20,4,2,118
12597,563,20,5,1,116
12598,563,20,5,2,113
12599,563,20,6,1,112
12600,563,20,6,2,106
12601,563,20,1,1,77
12602,563,20,1,2,84
12603,563,20,2,1,80
12604,563,20,2,2,90
12605,563,20,3,1,89
12606,563,20,3,2,97
12607,563,20,4,1,94
12608,563,20,4,2,101
12609,563,20,5,1,96
12610,563,20,5,2,101
12611,563,20,6,1,96
12612,563,20,6,2,99
12613,564,20,1,1,130
12614,564,20,1,2,176
12615,564,20,2,1,128
12616,564,20,2,2,190
12617,564,20,3,1,138
12618,564,20,3,2,164
12619,564,20,4,1,131
12620,564,20,4,2,147
12621,564,20,5,1,118
12622,564,20,5,2,131
12623,564,20,6,1,117
12624,564,20,6,2,122
12625,564,20,1,1,88
12626,564,20,1,2,113
12627,564,20,2,1,88
12628,564,20,2,2,115
12629,564,20,3,1,97
12630,564,20,3,2,112
12631,564,20,4,1,98
12632,564,20,4,2,110
12633,564,20,5,1,94
12634,564,20,5,2,108
12635,564,20,6,1,97
12636,564,20,6,2,104
12637,565,20,1,1,127
12638,565,20,1,2,106
12639,565,20,2,1,147
12640,565,20,2,2,124
12641,565,20,3,1,138
12642,565,20,3,2,126
12643,565,20,4,1,130
12644,565,20,4,2,120
12645,565,20,5,1,124
12646,565,20,5,2,116
12647,565,20,6,1,120
12648,565,20,6,2,111
12649,565,20,1,1,78
12650,565,20,1,2,82
12651,565,20,2,1,85
12652,565,20,2,2,85
12653,565,20,3,1,92
12654,565,20,3,2,98
12655,565,20,4,1,93
12656,565,20,4,2,100
12657,565,20,5,1,94
12658,565,20,5,2,103
12659,565,20,6,1,91
12660,565,20,6,2,98
12661,566,20,1,1,122
12662,566,20,1,2,88
12663,566,20,2,1,108
12664,566,20,2,2,86
12665,566,20,3,1,94
12666,566,20,3,2,79
12667,566,20,4,1,110
12668,566,20,4,2,89
12669,566,20,5,1,117
12670,566,20,5,2,108
12671,566,20,6,1,111
12672,566,20,6,2,105
12673,566,20,1,1,105
12674,566,20,1,2,85
12675,566,20,2,1,95
12676,566,20,2,2,80
12677,566,20,3,1,86
12678,566,20,3,2,76
12679,566,20,4,1,102
12680,566,20,4,2,87
12681,566,20,5,1,108
12682,566,20,5,2,102
12683,566,20,6,1,102
12684,566,20,6,2,99
12685,567,21,1,1,116
12686,567,21,1,2,118
12687,567,21,2,1,110
12688,567,21,2,2,111
12689,567,21,3,1,110
12690,567,21,3,2,113
12691,567,21,4,1,112
12692,567,21,4,2,113
12693,567,21,5,1,110
12694,567,21,5,2,110
12695,567,21,6,1,108
12696,567,21,6,2,109
12697,567,21,1,1,115
12698,567,21,1,2,117
12699,567,21,2,1,110
12700,567,21,2,2,111
12701,567,21,3,1,110
12702,567,21,3,2,112
12703,567,21,4,1,111
12704,567,21,4,2,113
12705,567,21,5,1,110
12706,567,21,5,2,110
12707,567,21,6,1,108
12708,567,21,6,2,108
12709,568,21,1,1,65
12710,568,21,1,2,24
12711,568,21,2,1,86
12712,568,21,2,2,55
12713,568,21,3,1,109
12714,568,21,3,2,103
12715,568,21,4,1,110
12716,568,21,4,2,94
12717,568,21,5,1,109
12718,568,21,5,2,107
12719,568,21,6,1,103
12720,568,21,6,2,96
12721,568,21,1,1,63
12722,568,21,1,2,28
12723,568,21,2,1,81
12724,568,21,2,2,61
12725,568,21,3,1,101
12726,568,21,3,2,93
12727,568,21,4,1,104
12728,568,21,4,2,95
12729,568,21,5,1,104
12730,568,21,5,2,109
12731,568,21,6,1,101
12732,568,21,6,2,101
12733,569,21,1,1,88
12734,569,21,1,2,57
12735,569,21,2,1,92
12736,569,21,2,2,69
12737,569,21,3,1,106
12738,569,21,3,2,91
12739,569,21,4,1,111
12740,569,21,4,2,87
12741,569,21,5,1,108
12742,569,21,5,2,93
12743,569,21,6,1,105
12744,569,21,6,2,94
12745,569,21,1,1,83
12746,569,21,1,2,52
12747,569,21,2,1,85
12748,569,21,2,2,60
12749,569,21,3,1,96
12750,569,21,3,2,79
12751,569,21,4,1,102
12752,569,21,4,2,79
12753,569,21,5,1,103
12754,569,21,5,2,90
12755,569,21,6,1,103
12756,569,21,6,2,91
12757,570,21,1,1,56
12758,570,21,1,2,29
12759,570,21,2,1,56
12760,570,21,2,2,26
12761,570,21,3,1,69
12762,570,21,3,2,39
12763,570,21,4,1,80
12764,570,21,4,2,62
12765,570,21,5,1,75
12766,570,21,5,2,79
12767,570,21,6,1,85
12768,570,21,6,2,81
12769,570,21,1,1,60
12770,570,21,1,2,28
12771,570,21,2,1,58
12772,570,21,2,2,26
12773,570,21,3,1,68
12774,570,21,3,2,37
12775,570,21,4,1,80
12776,570,21,4,2,60
12777,570,21,5,1,80
12778,570,21,5,2,79
12779,570,21,6,1,91
12780,570,21,6,2,95
12781,571,21,1,1,39
12782,571,21,1,2,23
12783,571,21,2,1,28
12784,571,21,2,2,16
12785,571,21,3,1,24
12786,571,21,3,2,13
12787,571,21,4,1,22
12788,571,21,4,2,32
12789,571,21,5,1,40
12790,571,21,5,2,92
12791,571,21,6,1,56
12792,571,21,6,2,111
12793,572,21,1,1,45
12794,572,21,1,2,87
12795,572,21,2,1,32
12796,572,21,2,2,78
12797,572,21,3,1,29
12798,572,21,3,2,38
12799,572,21,4,1,24
12800,572,21,4,2,41
12801,572,21,5,1,40
12802,572,21,5,2,96
12803,572,21,6,1,54
12804,572,21,6,2,107
12805,573,21,1,1,128
12806,573,21,1,2,116
12807,573,21,2,1,115
12808,573,21,2,2,108
12809,573,21,3,1,107
12810,573,21,3,2,96
12811,573,21,4,1,101
12812,573,21,4,2,77
12813,573,21,5,1,100
12814,573,21,5,2,79
12815,573,21,6,1,101
12816,573,21,6,2,83
12817,573,21,1,1,121
12818,573,21,1,2,105
12819,573,21,2,1,100
12820,573,21,2,2,103
12821,573,21,3,1,98
12822,573,21,3,2,92
12823,573,21,4,1,96
12824,573,21,4,2,80
12825,573,21,5,1,100
12826,573,21,5,2,90
12827,573,21,6,1,101
12828,573,21,6,2,92
12829,574,21,1,1,133
12830,574,21,1,2,138
12831,574,21,2,1,129
12832,574,21,2,2,137
12833,574,21,3,1,122
12834,574,21,3,2,123
12835,574,21,4,1,116
12836,574,21,4,2,104
12837,574,21,5,1,108
12838,574,21,5,2,101
12839,574,21,6,1,102
12840,574,21,6,2,97
12841,574,21,1,1,133
12842,574,21,1,2,137
12843,574,21,2,1,124
12844,574,21,2,2,132
12845,574,21,3,1,119
12846,574,21,3,2,117
12847,574,21,4,1,114
12848,574,21,4,2,103
12849,574,21,5,1,108
12850,574,21,5,2,102
12851,574,21,6,1,102
12852,574,21,6,2,96
12853,575,21,1,1,112
12854,575,21,1,2,123
12855,575,21,2,1,116
12856,575,21,2,2,126
12857,575,21,3,1,112
12858,575,21,3,2,120
12859,575,21,4,1,109
12860,575,21,4,2,108
12861,575,21,5,1,105
12862,575,21,5,2,102
12863,575,21,6,1,103
12864,575,21,6,2,100
12865,575,21,1,1,108
12866,575,21,1,2,115
12867,575,21,2,1,112
12868,575,21,2,2,117
12869,575,21,3,1,109
12870,575,21,3,2,113
12871,575,21,4,1,106
12872,575,21,4,2,106
12873,575,21,5,1,104
12874,575,21,5,2,101
12875,575,21,6,1,102
12876,575,21,6,2,100
12877,576,21,1,1,147
12878,576,21,1,2,171
12879,576,21,2,1,134
12880,576,21,2,2,161
12881,576,21,3,1,122
12882,576,21,3,2,143
12883,576,21,4,1,113
12884,576,21,4,2,116
12885,576,21,5,1,106
12886,576,21,5,2,103
12887,576,21,6,1,104
12888,576,21,6,2,101
12889,576,21,1,1,138
12890,576,21,1,2,156
12891,576,21,2,1,124
12892,576,21,2,2,141
12893,576,21,3,1,113
12894,576,21,3,2,126
12895,576,21,4,1,108
12896,576,21,4,2,108
12897,576,21,5,1,106
12898,576,21,5,2,104
12899,576,21,6,1,105
12900,576,21,6,2,102
12901,577,21,1,1,67
12902,577,21,1,2,27
12903,577,21,2,1,62
12904,577,21,2,2,25
12905,577,21,3,1,67
12906,577,21,3,2,42
12907,577,21,4,1,73
12908,577,21,4,2,68
12909,577,21,5,1,91
12910,577,21,5,2,84
12911,577,21,6,1,96
12912,577,21,6,2,90
12913,577,21,1,1,66
12914,577,21,1,2,30
12915,577,21,2,1,60
12916,577,21,2,2,28
12917,577,21,3,1,67
12918,577,21,3,2,46
12919,577,21,4,1,72
12920,577,21,4,2,74
12921,577,21,5,1,92
12922,577,21,5,2,90
12923,577,21,6,1,94
12924,577,21,6,2,94
12925,578,21,1,1,60
12926,578,21,1,2,46
12927,578,21,2,1,66
12928,578,21,2,2,43
12929,578,21,3,1,78
12930,578,21,3,2,68
12931,578,21,4,1,80
12932,578,21,4,2,74
12933,578,21,5,1,79
12934,578,21,5,2,73
12935,578,21,6,1,87
12936,578,21,6,2,81
12937,578,21,1,1,60
12938,578,21,1,2,41
12939,578,21,2,1,63
12940,578,21,2,2,37
12941,578,21,3,1,74
12942,578,21,3,2,58
12943,578,21,4,1,82
12944,578,21,4,2,80
12945,578,21,5,1,83
12946,578,21,5,2,78
12947,578,21,6,1,88
12948,578,21,6,2,83
12949,579,21,1,1,125
12950,579,21,1,2,124
12951,579,21,2,1,130
12952,579,21,2,2,142
12953,579,21,3,1,125
12954,579,21,3,2,131
12955,579,21,4,1,121
12956,579,21,4,2,116
12957,579,21,5,1,118
12958,579,21,5,2,123
12959,579,21,6,1,111
12960,579,21,6,2,111
12961,579,21,1,1,123
12962,579,21,1,2,121
12963,579,21,2,1,126
12964,579,21,2,2,136
12965,579,21,3,1,120
12966,579,21,3,2,125
12967,579,21,4,1,117
12968,579,21,4,2,122
12969,579,21,5,1,117
12970,579,21,5,2,126
12971,579,21,6,1,110
12972,579,21,6,2,113
12973,580,21,1,1,106
12974,580,21,1,2,83
12975,580,21,2,1,107
12976,580,21,2,2,102
12977,580,21,3,1,115
12978,580,21,3,2,115
12979,580,21,4,1,114
12980,580,21,4,2,104
12981,580,21,5,1,111
12982,580,21,5,2,104
12983,580,21,6,1,108
12984,580,21,6,2,99
12985,580,21,1,1,99
12986,580,21,1,2,78
12987,580,21,2,1,96
12988,580,21,2,2,86
12989,580,21,3,1,104
12990,580,21,3,2,98
12991,580,21,4,1,106
12992,580,21,4,2,112
12993,580,21,5,1,108
12994,580,21,5,2,107
12995,580,21,6,1,107
12996,580,21,6,2,102
12997,581,21,1,1,125
12998,581,21,1,2,200
12999,581,21,2,1,111
13000,581,21,2,2,147
13001,581,21,3,1,111
13002,581,21,3,2,128
13003,581,21,4,1,114
13004,581,21,4,2,112
13005,581,21,5,1,107
13006,581,21,5,2,107
13007,581,21,6,1,104
13008,581,21,6,2,101
13009,582,21,1,1,99
13010,582,21,1,2,134
13011,582,21,2,1,90
13012,582,21,2,2,100
13013,582,21,3,1,93
13014,582,21,3,2,93
13015,582,21,4,1,103
13016,582,21,4,2,96
13017,582,21,5,1,100
13018,582,21,5,2,99
13019,582,21,6,1,98
13020,582,21,6,2,102
13021,583,21,1,1,52
13022,583,21,1,2,43
13023,583,21,2,1,76
13024,583,21,2,2,55
13025,583,21,3,1,89
13026,583,21,3,2,78
13027,583,21,4,1,98
13028,583,21,4,2,88
13029,583,21,5,1,97
13030,583,21,5,2,94
13031,583,21,6,1,101
13032,583,21,6,2,98
13033,583,21,1,1,51
13034,583,21,1,2,44
13035,583,21,2,1,74
13036,583,21,2,2,59
13037,583,21,3,1,85
13038,583,21,3,2,83
13039,583,21,4,1,95
13040,583,21,4,2,93
13041,583,21,5,1,94
13042,583,21,5,2,95
13043,583,21,6,1,96
13044,583,21,6,2,101
13045,584,22,1,1,132
13046,584,22,1,2,131
13047,584,22,2,1,150
13048,584,22,2,2,149
13049,584,22,3,1,158
13050,584,22,3,2,162
13051,584,22,4,1,154
13052,584,22,4,2,161
13053,584,22,5,1,150
13054,584,22,5,2,156
13055,584,22,6,1,143
13056,584,22,6,2,155
13057,584,22,1,1,110
13058,584,22,1,2,104
13059,584,22,2,1,121
13060,584,22,2,2,116
13061,584,22,3,1,124
13062,584,22,3,2,124
13063,584,22,4,1,122
13064,584,22,4,2,125
13065,584,22,5,1,122
13066,584,22,5,2,125
13067,584,22,6,1,119
13068,584,22,6,2,125
13069,585,22,1,1,194
13070,585,22,1,2,265
13071,585,22,2,1,194
13072,585,22,2,2,248
13073,585,22,3,1,180
13074,585,22,3,2,222
13075,585,22,4,1,169
13076,585,22,4,2,202
13077,585,22,5,1,153
13078,585,22,5,2,177
13079,585,22,6,1,143
13080,585,22,6,2,161
13081,585,22,1,1,161
13082,585,22,1,2,207
13083,585,22,2,1,158
13084,585,22,2,2,194
13085,585,22,3,1,148
13086,585,22,3,2,176
13087,585,22,4,1,141
13088,585,22,4,2,164
13089,585,22,5,1,131
13090,585,22,5,2,148
13091,585,22,6,1,127
13092,585,22,6,2,140
13093,586,22,1,1,136
13094,586,22,1,2,138
13095,586,22,2,1,137
13096,586,22,2,2,142
13097,586,22,3,1,136
13098,586,22,3,2,136
13099,586,22,4,1,130
13100,586,22,4,2,131
13101,586,22,5,1,125
13102,586,22,5,2,123
13103,586,22,6,1,118
13104,586,22,6,2,119
13105,586,22,1,1,129
13106,586,22,1,2,128
13107,586,22,2,1,129
13108,586,22,2,2,131
13109,586,22,3,1,126
13110,586,22,3,2,126
13111,586,22,4,1,122
13112,586,22,4,2,122
13113,586,22,5,1,118
13114,586,22,5,2,114
13115,586,22,6,1,112
13116,586,22,6,2,111
13117,587,22,1,1,242
13118,587,22,1,2,340
13119,587,22,2,1,245
13120,587,22,2,2,331
13121,587,22,3,1,253
13122,587,22,3,2,300
13123,587,22,4,1,233
13124,587,22,4,2,263
13125,587,22,5,1,207
13126,587,22,5,2,221
13127,587,22,6,1,185
13128,587,22,6,2,200
13129,587,22,1,1,176
13130,587,22,1,2,224
13131,587,22,2,1,170
13132,587,22,2,2,211
13133,587,22,3,1,176
13134,587,22,3,2,199
13135,587,22,4,1,170
13136,587,22,4,2,184
13137,587,22,5,1,156
13138,587,22,5,2,163
13139,587,22,6,1,143
13140,587,22,6,2,151
13141,588,22,1,1,201
13142,588,22,1,2,259
13143,588,22,2,1,222
13144,588,22,2,2,265
13145,588,22,3,1,212
13146,588,22,3,2,230
13147,588,22,4,1,206
13148,588,22,4,2,217
13149,588,22,5,1,182
13150,588,22,5,2,193
13151,588,22,6,1,168
13152,588,22,6,2,173
13153,588,22,1,1,164
13154,588,22,1,2,198
13155,588,22,2,1,168
13156,588,22,2,2,188
13157,588,22,3,1,159
13158,588,22,3,2,164
13159,588,22,4,1,155
13160,588,22,4,2,157
13161,588,22,5,1,146
13162,588,22,5,2,151
13163,588,22,6,1,140
13164,588,22,6,2,143
13165,589,22,1,1,183
13166,589,22,1,2,239
13167,589,22,2,1,197
13168,589,22,2,2,251
13169,589,22,3,1,207
13170,589,22,3,2,243
13171,589,22,4,1,191
13172,589,22,4,2,221
13173,589,22,5,1,180
13174,589,22,5,2,193
13175,589,22,6,1,159
13176,589,22,6,2,175
13177,589,22,1,1,167
13178,589,22,1,2,212
13179,589,22,2,1,176
13180,589,22,2,2,219
13181,589,22,3,1,184
13182,589,22,3,2,212
13183,589,22,4,1,170
13184,589,22,4,2,193
13185,589,22,5,1,159
13186,589,22,5,2,167
13187,589,22,6,1,140
13188,589,22,6,2,152
13189,590,22,1,1,132
13190,590,22,1,2,123
13191,590,22,2,1,167
13192,590,22,2,2,159
13193,590,22,3,1,168
13194,590,22,3,2,160
13195,590,22,4,1,147
13196,590,22,4,2,142
13197,590,22,5,1,133
13198,590,22,5,2,130
13199,590,22,6,1,120
13200,590,22,6,2,122
13201,590,22,1,1,100
13202,590,22,1,2,88
13203,590,22,2,1,117
13204,590,22,2,2,107
13205,590,22,3,1,126
13206,590,22,3,2,119
13207,590,22,4,1,115
13208,590,22,4,2,113
13209,590,22,5,1,106
13210,590,22,5,2,103
13211,590,22,6,1,98
13212,590,22,6,2,94
13213,591,22,1,1,192
13214,591,22,1,2,281
13215,591,22,2,1,203
13216,591,22,2,2,283
13217,591,22,3,1,213
13218,591,22,3,2,249
13219,591,22,4,1,217
13220,591,22,4,2,240
13221,591,22,5,1,192
13222,591,22,5,2,214
13223,591,22,6,1,172
13224,591,22,6,2,191
13225,591,22,1,1,144
13226,591,22,1,2,175
13227,591,22,2,1,153
13228,591,22,2,2,187
13229,591,22,3,1,159
13230,591,22,3,2,175
13231,591,22,4,1,165
13232,591,22,4,2,173
13233,591,22,5,1,151
13234,591,22,5,2,162
13235,591,22,6,1,141
13236,591,22,6,2,154
13237,592,22,1,1,229
13238,592,22,1,2,321
13239,592,22,2,1,234
13240,592,22,2,2,301
13241,592,22,3,1,222
13242,592,22,3,2,262
13243,592,22,4,1,200
13244,592,22,4,2,226
13245,592,22,5,1,177
13246,592,22,5,2,186
13247,592,22,6,1,157
13248,592,22,6,2,164
13249,592,22,1,1,159
13250,592,22,1,2,201
13251,592,22,2,1,160
13252,592,22,2,2,191
13253,592,22,3,1,150
13254,592,22,3,2,166
13255,592,22,4,1,142
13256,592,22,4,2,153
13257,592,22,5,1,131
13258,592,22,5,2,135
13259,592,22,6,1,122
13260,592,22,6,2,125
13261,593,22,1,1,185
13262,593,22,1,2,259
13263,593,22,2,1,198
13264,593,22,2,2,258
13265,593,22,3,1,194
13266,593,22,3,2,213
13267,593,22,4,1,190
13268,593,22,4,2,203
13269,593,22,5,1,174
13270,593,22,5,2,186
13271,593,22,6,1,161
13272,593,22,6,2,167
13273,593,22,1,1,133
13274,593,22,1,2,155
13275,593,22,2,1,130
13276,593,22,2,2,143
13277,593,22,3,1,119
13278,593,22,3,2,117
13279,593,22,4,1,122
13280,593,22,4,2,120
13281,593,22,5,1,126
13282,593,22,5,2,129
13283,593,22,6,1,128
13284,593,22,6,2,136
13285,594,22,1,1,170
13286,594,22,1,2,212
13287,594,22,2,1,190
13288,594,22,2,2,231
13289,594,22,3,1,192
13290,594,22,3,2,215
13291,594,22,4,1,168
13292,594,22,4,2,178
13293,594,22,5,1,149
13294,594,22,5,2,156
13295,594,22,6,1,138
13296,594,22,6,2,141
13297,594,22,1,1,127
13298,594,22,1,2,141
13299,594,22,2,1,130
13300,594,22,2,2,139
13301,594,22,3,1,128
13302,594,22,3,2,131
13303,594,22,4,1,120
13304,594,22,4,2,119
13305,594,22,5,1,115
13306,594,22,5,2,118
13307,594,22,6,1,115
13308,594,22,6,2,116
13309,595,22,1,1,148
13310,595,22,1,2,169
13311,595,22,2,1,175
13312,595,22,2,2,207
13313,595,22,3,1,189
13314,595,22,3,2,211
13315,595,22,4,1,175
13316,595,22,4,2,191
13317,595,22,5,1,150
13318,595,22,5,2,165
13319,595,22,6,1,145
13320,595,22,6,2,155
13321,595,22,1,1,112
13322,595,22,1,2,112
13323,595,22,2,1,122
13324,595,22,2,2,128
13325,595,22,3,1,125
13326,595,22,3,2,130
13327,595,22,4,1,118
13328,595,22,4,2,119
13329,595,22,5,1,114
13330,595,22,5,2,119
13331,595,22,6,1,117
13332,595,22,6,2,121
13333,596,22,1,1,118
13334,596,22,1,2,83
13335,596,22,2,1,146
13336,596,22,2,2,136
13337,596,22,3,1,184
13338,596,22,3,2,210
13339,596,22,4,1,210
13340,596,22,4,2,233
13341,596,22,5,1,179
13342,596,22,5,2,187
13343,596,22,6,1,163
13344,596,22,6,2,164
13345,596,22,1,1,75
13346,596,22,1,2,50
13347,596,22,2,1,96
13348,596,22,2,2,86
13349,596,22,3,1,120
13350,596,22,3,2,129
13351,596,22,4,1,145
13352,596,22,4,2,154
13353,596,22,5,1,135
13354,596,22,5,2,136
13355,596,22,6,1,127
13356,596,22,6,2,120
13357,597,22,1,1,114
13358,597,22,1,2,111
13359,597,22,2,1,119
13360,597,22,2,2,120
13361,597,22,3,1,140
13362,597,22,3,2,134
13363,597,22,4,1,152
13364,597,22,4,2,131
13365,597,22,5,1,135
13366,597,22,5,2,136
13367,597,22,6,1,127
13368,597,22,6,2,135
13369,597,22,1,1,80
13370,597,22,1,2,73
13371,597,22,2,1,81
13372,597,22,2,2,73
13373,597,22,3,1,96
13374,597,22,3,2,89
13375,597,22,4,1,112
13376,597,22,4,2,105
13377,597,22,5,1,109
13378,597,22,5,2,110
13379,597,22,6,1,118
13380,597,22,6,2,119
13381,598,22,1,1,121
13382,598,22,1,2,112
13383,598,22,2,1,124
13384,598,22,2,2,121
13385,598,22,3,1,129
13386,598,22,3,2,109
13387,598,22,4,1,127
13388,598,22,4,2,109
13389,598,22,5,1,137
13390,598,22,5,2,134
13391,598,22,6,1,132
13392,598,22,6,2,139
13393,598,22,1,1,113
13394,598,22,1,2,103
13395,598,22,2,1,116
13396,598,22,2,2,111
13397,598,22,3,1,119
13398,598,22,3,2,99
13399,598,22,4,1,116
13400,598,22,4,2,98
13401,598,22,5,1,126
13402,598,22,5,2,121
13403,598,22,6,1,122
13404,598,22,6,2,128
13405,599,22,1,1,167
13406,599,22,1,2,216
13407,599,22,2,1,170
13408,599,22,2,2,208
13409,599,22,3,1,164
13410,599,22,3,2,174
13411,599,22,4,1,154
13412,599,22,4,2,164
13413,599,22,5,1,150
13414,599,22,5,2,157
13415,599,22,6,1,134
13416,599,22,6,2,142
13417,599,22,1,1,124
13418,599,22,1,2,145
13419,599,22,2,1,123
13420,599,22,2,2,136
13421,599,22,3,1,120
13422,599,22,3,2,118
13423,599,22,4,1,117
13424,599,22,4,2,121
13425,599,22,5,1,116
13426,599,22,5,2,121
13427,599,22,6,1,109
13428,599,22,6,2,115
13429,600,22,1,1,144
13430,600,22,1,2,178
13431,600,22,2,1,151
13432,600,22,2,2,182
13433,600,22,3,1,170
13434,600,22,3,2,191
13435,600,22,4,1,168
13436,600,22,4,2,181
13437,600,22,5,1,156
13438,600,22,5,2,159
13439,600,22,6,1,159
13440,600,22,6,2,157
13441,600,22,1,1,101
13442,600,22,1,2,105
13443,600,22,2,1,96
13444,600,22,2,2,97
13445,600,22,3,1,99
13446,600,22,3,2,99
13447,600,22,4,1,109
13448,600,22,4,2,110
13449,600,22,5,1,112
13450,600,22,5,2,111
13451,600,22,6,1,118
13452,600,22,6,2,115
13453,601,22,1,1,173
13454,601,22,1,2,227
13455,601,22,2,1,200
13456,601,22,2,2,257
13457,601,22,3,1,216
13458,601,22,3,2,251
13459,601,22,4,1,189
13460,601,22,4,2,222
13461,601,22,5,1,172
13462,601,22,5,2,197
13463,601,22,6,1,174
13464,601,22,6,2,195
13465,601,22,1,1,131
13466,601,22,1,2,149
13467,601,22,2,1,147
13468,601,22,2,2,171
13469,601,22,3,1,174
13470,601,22,3,2,197
13471,601,22,4,1,167
13472,601,22,4,2,198
13473,601,22,5,1,162
13474,601,22,5,2,187
13475,601,22,6,1,160
13476,601,22,6,2,177
13477,602,22,1,1,82
13478,602,22,1,2,62
13479,602,22,2,1,149
13480,602,22,2,2,168
13481,602,22,3,1,180
13482,602,22,3,2,211
13483,602,22,4,1,159
13484,602,22,4,2,190
13485,602,22,5,1,151
13486,602,22,5,2,168
13487,602,22,6,1,139
13488,602,22,6,2,144
13489,602,22,1,1,60
13490,602,22,1,2,42
13491,602,22,2,1,102
13492,602,22,2,2,107
13493,602,22,3,1,133
13494,602,22,3,2,155
13495,602,22,4,1,124
13496,602,22,4,2,145
13497,602,22,5,1,131
13498,602,22,5,2,139
13499,602,22,6,1,123
13500,602,22,6,2,125
13501,603,22,1,1,101
13502,603,22,1,2,81
13503,603,22,2,1,88
13504,603,22,2,2,67
13505,603,22,3,1,112
13506,603,22,3,2,106
13507,603,22,4,1,149
13508,603,22,4,2,159
13509,603,22,5,1,140
13510,603,22,5,2,136
13511,603,22,6,1,132
13512,603,22,6,2,131
13513,603,22,1,1,102
13514,603,22,1,2,81
13515,603,22,2,1,90
13516,603,22,2,2,69
13517,603,22,3,1,100
13518,603,22,3,2,88
13519,603,22,4,1,129
13520,603,22,4,2,129
13521,603,22,5,1,119
13522,603,22,5,2,109
13523,603,22,6,1,115
13524,603,22,6,2,110
13525,604,22,1,1,110
13526,604,22,1,2,92
13527,604,22,2,1,122
13528,604,22,2,2,121
13529,604,22,3,1,129
13530,604,22,3,2,132
13531,604,22,4,1,137
13532,604,22,4,2,143
13533,604,22,5,1,139
13534,604,22,5,2,151
13535,604,22,6,1,141
13536,604,22,6,2,154
13537,604,22,1,1,100
13538,604,22,1,2,78
13539,604,22,2,1,99
13540,604,22,2,2,86
13541,604,22,3,1,99
13542,604,22,3,2,88
13543,604,22,4,1,103
13544,604,22,4,2,95
13545,604,22,5,1,105
13546,604,22,5,2,102
13547,604,22,6,1,107
13548,604,22,6,2,111
13549,605,22,1,1,93
13550,605,22,1,2,74
13551,605,22,2,1,130
13552,605,22,2,2,140
13553,605,22,3,1,155
13554,605,22,3,2,166
13555,605,22,4,1,149
13556,605,22,4,2,154
13557,605,22,5,1,140
13558,605,22,5,2,146
13559,605,22,6,1,129
13560,605,22,6,2,135
13561,605,22,1,1,86
13562,605,22,1,2,66
13563,605,22,2,1,105
13564,605,22,2,2,105
13565,605,22,3,1,126
13566,605,22,3,2,131
13567,605,22,4,1,116
13568,605,22,4,2,116
13569,605,22,5,1,108
13570,605,22,5,2,108
13571,605,22,6,1,104
13572,605,22,6,2,105
13573,606,22,1,1,99
13574,606,22,1,2,71
13575,606,22,2,1,107
13576,606,22,2,2,90
13577,606,22,3,1,124
13578,606,22,3,2,112
13579,606,22,4,1,156
13580,606,22,4,2,130
13581,606,22,5,1,162
13582,606,22,5,2,173
13583,606,22,6,1,147
13584,606,22,6,2,148
13585,606,22,1,1,86
13586,606,22,1,2,64
13587,606,22,2,1,88
13588,606,22,2,2,72
13589,606,22,3,1,96
13590,606,22,3,2,83
13591,606,22,4,1,118
13592,606,22,4,2,94
13593,606,22,5,1,121
13594,606,22,5,2,122
13595,606,22,6,1,107
13596,606,22,6,2,102
13597,607,22,1,1,118
13598,607,22,1,2,105
13599,607,22,2,1,132
13600,607,22,2,2,142
13601,607,22,3,1,139
13602,607,22,3,2,142
13603,607,22,4,1,151
13604,607,22,4,2,142
13605,607,22,5,1,153
13606,607,22,5,2,149
13607,607,22,6,1,150
13608,607,22,6,2,151
13609,607,22,1,1,111
13610,607,22,1,2,99
13611,607,22,2,1,125
13612,607,22,2,2,132
13613,607,22,3,1,130
13614,607,22,3,2,132
13615,607,22,4,1,141
13616,607,22,4,2,131
13617,607,22,5,1,142
13618,607,22,5,2,137
13619,607,22,6,1,138
13620,607,22,6,2,137
13621,608,22,1,1,142
13622,608,22,1,2,185
13623,608,22,2,1,149
13624,608,22,2,2,209
13625,608,22,3,1,134
13626,608,22,3,2,176
13627,608,22,4,1,125
13628,608,22,4,2,147
13629,608,22,5,1,115
13630,608,22,5,2,122
13631,608,22,6,1,105
13632,608,22,6,2,104
13633,608,22,1,1,121
13634,608,22,1,2,146
13635,608,22,2,1,120
13636,608,22,2,2,154
13637,608,22,3,1,108
13638,608,22,3,2,130
13639,608,22,4,1,99
13640,608,22,4,2,107
13641,608,22,5,1,95
13642,608,22,5,2,93
13643,608,22,6,1,91
13644,608,22,6,2,86
13645,609,22,1,1,213
13646,609,22,1,2,337
13647,609,22,2,1,210
13648,609,22,2,2,327
13649,609,22,3,1,194
13650,609,22,3,2,275
13651,609,22,4,1,178
13652,609,22,4,2,233
13653,609,22,5,1,177
13654,609,22,5,2,205
13655,609,22,6,1,163
13656,609,22,6,2,170
13657,609,22,1,1,141
13658,609,22,1,2,188
13659,609,22,2,1,135
13660,609,22,2,2,175
13661,609,22,3,1,137
13662,609,22,3,2,175
13663,609,22,4,1,136
13664,609,22,4,2,167
13665,609,22,5,1,139
13666,609,22,5,2,153
13667,609,22,6,1,130
13668,609,22,6,2,133
13669,610,22,1,1,153
13670,610,22,1,2,208
13671,610,22,2,1,163
13672,610,22,2,2,209
13673,610,22,3,1,178
13674,610,22,3,2,204
13675,610,22,4,1,173
13676,610,22,4,2,191
13677,610,22,5,1,158
13678,610,22,5,2,176
13679,610,22,6,1,146
13680,610,22,6,2,156
13681,610,22,1,1,100
13682,610,22,1,2,114
13683,610,22,2,1,99
13684,610,22,2,2,107
13685,610,22,3,1,107
13686,610,22,3,2,110
13687,610,22,4,1,111
13688,610,22,4,2,113
13689,610,22,5,1,117
13690,610,22,5,2,127
13691,610,22,6,1,119
13692,610,22,6,2,125
13693,611,22,1,1,144
13694,611,22,1,2,173
13695,611,22,2,1,162
13696,611,22,2,2,189
13697,611,22,3,1,182
13698,611,22,3,2,199
13699,611,22,4,1,176
13700,611,22,4,2,186
13701,611,22,5,1,163
13702,611,22,5,2,170
13703,611,22,6,1,148
13704,611,22,6,2,159
13705,611,22,1,1,101
13706,611,22,1,2,102
13707,611,22,2,1,104
13708,611,22,2,2,104
13709,611,22,3,1,111
13710,611,22,3,2,108
13711,611,22,4,1,107
13712,611,22,4,2,100
13713,611,22,5,1,113
13714,611,22,5,2,108
13715,611,22,6,1,112
13716,611,22,6,2,116
13717,612,22,1,1,140
13718,612,22,1,2,160
13719,612,22,2,1,157
13720,612,22,2,2,173
13721,612,22,3,1,173
13722,612,22,3,2,174
13723,612,22,4,1,166
13724,612,22,4,2,163
13725,612,22,5,1,155
13726,612,22,5,2,154
13727,612,22,6,1,140
13728,612,22,6,2,148
13729,612,22,1,1,111
13730,612,22,1,2,111
13731,612,22,2,1,119
13732,612,22,2,2,121
13733,612,22,3,1,125
13734,612,22,3,2,125
13735,612,22,4,1,126
13736,612,22,4,2,120
13737,612,22,5,1,126
13738,612,22,5,2,126
13739,612,22,6,1,121
13740,612,22,6,2,125
13741,613,22,1,1,123
13742,613,22,1,2,101
13743,613,22,2,1,135
13744,613,22,2,2,138
13745,613,22,3,1,149
13746,613,22,3,2,149
13747,613,22,4,1,144
13748,613,22,4,2,144
13749,613,22,5,1,145
13750,613,22,5,2,146
13751,613,22,6,1,137
13752,613,22,6,2,143
13753,613,22,1,1,119
13754,613,22,1,2,96
13755,613,22,2,1,128
13756,613,22,2,2,128
13757,613,22,3,1,137
13758,613,22,3,2,134
13759,613,22,4,1,134
13760,613,22,4,2,131
13761,613,22,5,1,137
13762,613,22,5,2,135
13763,613,22,6,1,130
13764,613,22,6,2,135
13765,614,22,1,1,172
13766,614,22,1,2,209
13767,614,22,2,1,189
13768,614,22,2,2,244
13769,614,22,3,1,187
13770,614,22,3,2,223
13771,614,22,4,1,181
13772,614,22,4,2,202
13773,614,22,5,1,164
13774,614,22,5,2,177
13775,614,22,6,1,155
13776,614,22,6,2,168
13777,614,22,1,1,135
13778,614,22,1,2,150
13779,614,22,2,1,136
13780,614,22,2,2,158
13781,614,22,3,1,128
13782,614,22,3,2,140
13783,614,22,4,1,123
13784,614,22,4,2,128
13785,614,22,5,1,119
13786,614,22,5,2,124
13787,614,22,6,1,113
13788,614,22,6,2,117
13789,615,22,1,1,121
13790,615,22,1,2,107
13791,615,22,2,1,131
13792,615,22,2,2,138
13793,615,22,3,1,161
13794,615,22,3,2,165
13795,615,22,4,1,167
13796,615,22,4,2,178
13797,615,22,5,1,160
13798,615,22,5,2,168
13799,615,22,6,1,147
13800,615,22,6,2,157
13801,615,22,1,1,93
13802,615,22,1,2,74
13803,615,22,2,1,92
13804,615,22,2,2,85
13805,615,22,3,1,108
13806,615,22,3,2,102
13807,615,22,4,1,110
13808,615,22,4,2,107
13809,615,22,5,1,109
13810,615,22,5,2,107
13811,615,22,6,1,108
13812,615,22,6,2,105
13813,616,22,1,1,114
13814,616,22,1,2,81
13815,616,22,2,1,109
13816,616,22,2,2,75
13817,616,22,3,1,110
13818,616,22,3,2,86
13819,616,22,4,1,126
13820,616,22,4,2,108
13821,616,22,5,1,133
13822,616,22,5,2,132
13823,616,22,6,1,120
13824,616,22,6,2,128
13825,616,22,1,1,90
13826,616,22,1,2,66
13827,616,22,2,1,85
13828,616,22,2,2,63
13829,616,22,3,1,84
13830,616,22,3,2,67
13831,616,22,4,1,93
13832,616,22,4,2,80
13833,616,22,5,1,94
13834,616,22,5,2,91
13835,616,22,6,1,88
13836,616,22,6,2,92
13837,617,22,1,1,143
13838,617,22,1,2,163
13839,617,22,2,1,152
13840,617,22,2,2,192
13841,617,22,3,1,166
13842,617,22,3,2,185
13843,617,22,4,1,173
13844,617,22,4,2,190
13845,617,22,5,1,166
13846,617,22,5,2,179
13847,617,22,6,1,166
13848,617,22,6,2,168
13849,617,22,1,1,90
13850,617,22,1,2,89
13851,617,22,2,1,89
13852,617,22,2,2,93
13853,617,22,3,1,100
13854,617,22,3,2,105
13855,617,22,4,1,113
13856,617,22,4,2,122
13857,617,22,5,1,116
13858,617,22,5,2,120
13859,617,22,6,1,116
13860,617,22,6,2,109
13861,618,22,1,1,108
13862,618,22,1,2,82
13863,618,22,2,1,136
13864,618,22,2,2,133
13865,618,22,3,1,160
13866,618,22,3,2,180
13867,618,22,4,1,145
13868,618,22,4,2,152
13869,618,22,5,1,133
13870,618,22,5,2,137
13871,618,22,6,1,122
13872,618,22,6,2,119
13873,618,22,1,1,81
13874,618,22,1,2,61
13875,618,22,2,1,93
13876,618,22,2,2,82
13877,618,22,3,1,102
13878,618,22,3,2,105
13879,618,22,4,1,93
13880,618,22,4,2,89
13881,618,22,5,1,85
13882,618,22,5,2,80
13883,618,22,6,1,80
13884,618,22,6,2,71
13885,619,22,1,1,110
13886,619,22,1,2,119
13887,619,22,2,1,144
13888,619,22,2,2,180
13889,619,22,3,1,162
13890,619,22,3,2,185
13891,619,22,4,1,152
13892,619,22,4,2,168
13893,619,22,5,1,143
13894,619,22,5,2,159
13895,619,22,6,1,132
13896,619,22,6,2,136
13897,619,22,1,1,93
13898,619,22,1,2,86
13899,619,22,2,1,104
13900,619,22,2,2,109
13901,619,22,3,1,110
13902,619,22,3,2,109
13903,619,22,4,1,105
13904,619,22,4,2,101
13905,619,22,5,1,106
13906,619,22,5,2,106
13907,619,22,6,1,102
13908,619,22,6,2,102
13909,620,22,1,1,101
13910,620,22,1,2,65
13911,620,22,2,1,127
13912,620,22,2,2,131
13913,620,22,3,1,167
13914,620,22,3,2,184
13915,620,22,4,1,183
13916,620,22,4,2,202
13917,620,22,5,1,176
13918,620,22,5,2,194
13919,620,22,6,1,161
13920,620,22,6,2,172
13921,620,22,1,1,101
13922,620,22,1,2,65
13923,620,22,2,1,127
13924,620,22,2,2,131
13925,620,22,3,1,167
13926,620,22,3,2,184
13927,620,22,4,1,183
13928,620,22,4,2,202
13929,620,22,5,1,176
13930,620,22,5,2,194
13931,620,22,6,1,161
13932,620,22,6,2,172
13933,621,22,1,1,80
13934,621,22,1,2,57
13935,621,22,2,1,80
13936,621,22,2,2,52
13937,621,22,3,1,97
13938,621,22,3,2,93
13939,621,22,4,1,110
13940,621,22,4,2,105
13941,621,22,5,1,102
13942,621,22,5,2,94
13943,621,22,6,1,109
13944,621,22,6,2,102
13945,621,22,1,1,77
13946,621,22,1,2,55
13947,621,22,2,1,73
13948,621,22,2,2,49
13949,621,22,3,1,83
13950,621,22,3,2,77
13951,621,22,4,1,91
13952,621,22,4,2,84
13953,621,22,5,1,93
13954,621,22,5,2,84
13955,621,22,6,1,106
13956,621,22,6,2,96
13957,622,22,1,1,85
13958,622,22,1,2,69
13959,622,22,2,1,81
13960,622,22,2,2,61
13961,622,22,3,1,96
13962,622,22,3,2,101
13963,622,22,4,1,115
13964,622,22,4,2,126
13965,622,22,5,1,118
13966,622,22,5,2,135
13967,622,22,6,1,117
13968,622,22,6,2,127
13969,622,22,1,1,66
13970,622,22,1,2,50
13971,622,22,2,1,63
13972,622,22,2,2,45
13973,622,22,3,1,68
13974,622,22,3,2,63
13975,622,22,4,1,77
13976,622,22,4,2,79
13977,622,22,5,1,80
13978,622,22,5,2,82
13979,622,22,6,1,88
13980,622,22,6,2,86
13981,623,22,1,1,127
13982,623,22,1,2,139
13983,623,22,2,1,143
13984,623,22,2,2,165
13985,623,22,3,1,148
13986,623,22,3,2,179
13987,623,22,4,1,130
13988,623,22,4,2,155
13989,623,22,5,1,126
13990,623,22,5,2,136
13991,623,22,6,1,116
13992,623,22,6,2,113
13993,623,22,1,1,95
13994,623,22,1,2,92
13995,623,22,2,1,99
13996,623,22,2,2,98
13997,623,22,3,1,96
13998,623,22,3,2,102
13999,623,22,4,1,87
14000,623,22,4,2,91
14001,623,22,5,1,89
14002,623,22,5,2,89
14003,623,22,6,1,82
14004,623,22,6,2,76
14005,624,22,1,1,117
14006,624,22,1,2,134
14007,624,22,2,1,141
14008,624,22,2,2,189
14009,624,22,3,1,171
14010,624,22,3,2,207
14011,624,22,4,1,161
14012,624,22,4,2,181
14013,624,22,5,1,149
14014,624,22,5,2,166
14015,624,22,6,1,137
14016,624,22,6,2,136
14017,624,22,1,1,87
14018,624,22,1,2,84
14019,624,22,2,1,97
14020,624,22,2,2,105
14021,624,22,3,1,104
14022,624,22,3,2,108
14023,624,22,4,1,100
14024,624,22,4,2,99
14025,624,22,5,1,106
14026,624,22,5,2,113
14027,624,22,6,1,116
14028,624,22,6,2,118
14029,625,22,1,1,122
14030,625,22,1,2,128
14031,625,22,2,1,134
14032,625,22,2,2,157
14033,625,22,3,1,135
14034,625,22,3,2,166
14035,625,22,4,1,135
14036,625,22,4,2,163
14037,625,22,5,1,124
14038,625,22,5,2,140
14039,625,22,6,1,116
14040,625,22,6,2,126
14041,625,22,1,1,84
14042,625,22,1,2,73
14043,625,22,2,1,88
14044,625,22,2,2,84
14045,625,22,3,1,85
14046,625,22,3,2,89
14047,625,22,4,1,81
14048,625,22,4,2,85
14049,625,22,5,1,82
14050,625,22,5,2,85
14051,625,22,6,1,87
14052,625,22,6,2,84
14053,626,22,1,1,96
14054,626,22,1,2,75
14055,626,22,2,1,85
14056,626,22,2,2,66
14057,626,22,3,1,121
14058,626,22,3,2,123
14059,626,22,4,1,143
14060,626,22,4,2,147
14061,626,22,5,1,133
14062,626,22,5,2,128
14063,626,22,6,1,125
14064,626,22,6,2,116
14065,626,22,1,1,72
14066,626,22,1,2,55
14067,626,22,2,1,62
14068,626,22,2,2,46
14069,626,22,3,1,85
14070,626,22,3,2,80
14071,626,22,4,1,100
14072,626,22,4,2,99
14073,626,22,5,1,92
14074,626,22,5,2,83
14075,626,22,6,1,94
14076,626,22,6,2,84
14077,627,22,1,1,132
14078,627,22,1,2,122
14079,627,22,2,1,166
14080,627,22,2,2,189
14081,627,22,3,1,161
14082,627,22,3,2,183
14083,627,22,4,1,161
14084,627,22,4,2,170
14085,627,22,5,1,153
14086,627,22,5,2,157
14087,627,22,6,1,145
14088,627,22,6,2,150
14089,627,22,1,1,96
14090,627,22,1,2,84
14091,627,22,2,1,112
14092,627,22,2,2,117
14093,627,22,3,1,100
14094,627,22,3,2,103
14095,627,22,4,1,102
14096,627,22,4,2,99
14097,627,22,5,1,104
14098,627,22,5,2,100
14099,627,22,6,1,108
14100,627,22,6,2,104
14101,628,22,1,1,76
14102,628,22,1,2,61
14103,628,22,2,1,64
14104,628,22,2,2,50
14105,628,22,3,1,51
14106,628,22,3,2,35
14107,628,22,4,1,70
14108,628,22,4,2,62
14109,628,22,5,1,81
14110,628,22,5,2,82
14111,628,22,6,1,81
14112,628,22,6,2,91
14113,628,22,1,1,74
14114,628,22,1,2,57
14115,628,22,2,1,62
14116,628,22,2,2,47
14117,628,22,3,1,50
14118,628,22,3,2,34
14119,628,22,4,1,65
14120,628,22,4,2,57
14121,628,22,5,1,77
14122,628,22,5,2,76
14123,628,22,6,1,77
14124,628,22,6,2,84
14125,629,22,1,1,92
14126,629,22,1,2,67
14127,629,22,2,1,139
14128,629,22,2,2,150
14129,629,22,3,1,162
14130,629,22,3,2,172
14131,629,22,4,1,194
14132,629,22,4,2,202
14133,629,22,5,1,189
14134,629,22,5,2,209
14135,629,22,6,1,170
14136,629,22,6,2,171
14137,629,22,1,1,75
14138,629,22,1,2,59
14139,629,22,2,1,91
14140,629,22,2,2,87
14141,629,22,3,1,97
14142,629,22,3,2,92
14143,629,22,4,1,130
14144,629,22,4,2,119
14145,629,22,5,1,130
14146,629,22,5,2,135
14147,629,22,6,1,124
14148,629,22,6,2,124
14149,630,22,1,1,102
14150,630,22,1,2,73
14151,630,22,2,1,100
14152,630,22,2,2,69
14153,630,22,3,1,116
14154,630,22,3,2,106
14155,630,22,4,1,138
14156,630,22,4,2,149
14157,630,22,5,1,147
14158,630,22,5,2,154
14159,630,22,6,1,142
14160,630,22,6,2,149
14161,630,22,1,1,93
14162,630,22,1,2,63
14163,630,22,2,1,91
14164,630,22,2,2,60
14165,630,22,3,1,92
14166,630,22,3,2,72
14167,630,22,4,1,104
14168,630,22,4,2,99
14169,630,22,5,1,112
14170,630,22,5,2,111
14171,630,22,6,1,113
14172,630,22,6,2,116
14173,631,22,1,1,133
14174,631,22,1,2,191
14175,631,22,2,1,152
14176,631,22,2,2,201
14177,631,22,3,1,175
14178,631,22,3,2,203
14179,631,22,4,1,176
14180,631,22,4,2,197
14181,631,22,5,1,153
14182,631,22,5,2,173
14183,631,22,6,1,147
14184,631,22,6,2,163
14185,631,22,1,1,129
14186,631,22,1,2,176
14187,631,22,2,1,142
14188,631,22,2,2,180
14189,631,22,3,1,164
14190,631,22,3,2,186
14191,631,22,4,1,163
14192,631,22,4,2,178
14193,631,22,5,1,145
14194,631,22,5,2,161
14195,631,22,6,1,141
14196,631,22,6,2,156
14197,632,22,1,1,103
14198,632,22,1,2,69
14199,632,22,2,1,94
14200,632,22,2,2,59
14201,632,22,3,1,78
14202,632,22,3,2,48
14203,632,22,4,1,103
14204,632,22,4,2,89
14205,632,22,5,1,135
14206,632,22,5,2,141
14207,632,22,6,1,139
14208,632,22,6,2,153
14209,632,22,1,1,98
14210,632,22,1,2,66
14211,632,22,2,1,92
14212,632,22,2,2,57
14213,632,22,3,1,72
14214,632,22,3,2,44
14215,632,22,4,1,93
14216,632,22,4,2,78
14217,632,22,5,1,120
14218,632,22,5,2,122
14219,632,22,6,1,125
14220,632,22,6,2,134
14221,633,22,1,1,99
14222,633,22,1,2,68
14223,633,22,2,1,85
14224,633,22,2,2,55
14225,633,22,3,1,72
14226,633,22,3,2,47
14227,633,22,4,1,101
14228,633,22,4,2,89
14229,633,22,5,1,116
14230,633,22,5,2,114
14231,633,22,6,1,123
14232,633,22,6,2,134
14233,633,22,1,1,70
14234,633,22,1,2,50
14235,633,22,2,1,61
14236,633,22,2,2,41
14237,633,22,3,1,56
14238,633,22,3,2,35
14239,633,22,4,1,62
14240,633,22,4,2,47
14241,633,22,5,1,78
14242,633,22,5,2,69
14243,633,22,6,1,88
14244,633,22,6,2,87
14245,634,22,1,1,89
14246,634,22,1,2,66
14247,634,22,2,1,76
14248,634,22,2,2,55
14249,634,22,3,1,59
14250,634,22,3,2,42
14251,634,22,4,1,86
14252,634,22,4,2,80
14253,634,22,5,1,110
14254,634,22,5,2,106
14255,634,22,6,1,130
14256,634,22,6,2,135
14257,634,22,1,1,77
14258,634,22,1,2,57
14259,634,22,2,1,66
14260,634,22,2,2,46
14261,634,22,3,1,53
14262,634,22,3,2,34
14263,634,22,4,1,58
14264,634,22,4,2,44
14265,634,22,5,1,73
14266,634,22,5,2,64
14267,634,22,6,1,96
14268,634,22,6,2,98
14269,635,22,1,1,96
14270,635,22,1,2,71
14271,635,22,2,1,82
14272,635,22,2,2,57
14273,635,22,3,1,66
14274,635,22,3,2,41
14275,635,22,4,1,94
14276,635,22,4,2,91
14277,635,22,5,1,102
14278,635,22,5,2,98
14279,635,22,6,1,98
14280,635,22,6,2,90
14281,635,22,1,1,74
14282,635,22,1,2,51
14283,635,22,2,1,66
14284,635,22,2,2,42
14285,635,22,3,1,57
14286,635,22,3,2,42
14287,635,22,4,1,64
14288,635,22,4,2,56
14289,635,22,5,1,70
14290,635,22,5,2,62
14291,635,22,6,1,68
14292,635,22,6,2,59
14293,636,22,1,1,92
14294,636,22,1,2,65
14295,636,22,2,1,79
14296,636,22,2,2,53
14297,636,22,3,1,71
14298,636,22,3,2,49
14299,636,22,4,1,107
14300,636,22,4,2,97
14301,636,22,5,1,121
14302,636,22,5,2,127
14303,636,22,6,1,130
14304,636,22,6,2,147
14305,636,22,1,1,92
14306,636,22,1,2,65
14307,636,22,2,1,79
14308,636,22,2,2,53
14309,636,22,3,1,71
14310,636,22,3,2,49
14311,636,22,4,1,107
14312,636,22,4,2,97
14313,636,22,5,1,121
14314,636,22,5,2,127
14315,636,22,6,1,130
14316,636,22,6,2,147
14317,637,22,1,1,102
14318,637,22,1,2,75
14319,637,22,2,1,163
14320,637,22,2,2,190
14321,637,22,3,1,187
14322,637,22,3,2,212
14323,637,22,4,1,186
14324,637,22,4,2,195
14325,637,22,5,1,166
14326,637,22,5,2,180
14327,637,22,6,1,148
14328,637,22,6,2,152
14329,638,22,1,1,88
14330,638,22,1,2,82
14331,638,22,2,1,175
14332,638,22,2,2,221
14333,638,22,3,1,189
14334,638,22,3,2,225
14335,638,22,4,1,209
14336,638,22,4,2,231
14337,638,22,5,1,176
14338,638,22,5,2,203
14339,638,22,6,1,161
14340,638,22,6,2,173
14341,639,22,1,1,109
14342,639,22,1,2,77
14343,639,22,2,1,93
14344,639,22,2,2,68
14345,639,22,3,1,131
14346,639,22,3,2,140
14347,639,22,4,1,164
14348,639,22,4,2,185
14349,639,22,5,1,143
14350,639,22,5,2,161
14351,639,22,6,1,147
14352,639,22,6,2,154
14353,639,22,1,1,106
14354,639,22,1,2,76
14355,639,22,2,1,90
14356,639,22,2,2,66
14357,639,22,3,1,121
14358,639,22,3,2,126
14359,639,22,4,1,154
14360,639,22,4,2,172
14361,639,22,5,1,141
14362,639,22,5,2,158
14363,639,22,6,1,143
14364,639,22,6,2,150
14365,640,22,1,1,96
14366,640,22,1,2,75
14367,640,22,2,1,89
14368,640,22,2,2,68
14369,640,22,3,1,103
14370,640,22,3,2,96
14371,640,22,4,1,140
14372,640,22,4,2,147
14373,640,22,5,1,153
14374,640,22,5,2,170
14375,640,22,6,1,155
14376,640,22,6,2,172
14377,640,22,1,1,96
14378,640,22,1,2,75
14379,640,22,2,1,89
14380,640,22,2,2,68
14381,640,22,3,1,103
14382,640,22,3,2,96
14383,640,22,4,1,140
14384,640,22,4,2,147
14385,640,22,5,1,153
14386,640,22,5,2,170
14387,640,22,6,1,155
14388,640,22,6,2,172
14389,641,22,1,1,91
14390,641,22,1,2,69
14391,641,22,2,1,79
14392,641,22,2,2,55
14393,641,22,3,1,112
14394,641,22,3,2,113
14395,641,22,4,1,141
14396,641,22,4,2,156
14397,641,22,5,1,138
14398,641,22,5,2,145
14399,641,22,6,1,132
14400,641,22,6,2,134
14401,641,22,1,1,86
14402,641,22,1,2,66
14403,641,22,2,1,76
14404,641,22,2,2,53
14405,641,22,3,1,105
14406,641,22,3,2,105
14407,641,22,4,1,134
14408,641,22,4,2,147
14409,641,22,5,1,129
14410,641,22,5,2,134
14411,641,22,6,1,124
14412,641,22,6,2,124
14413,642,22,1,1,98
14414,642,22,1,2,70
14415,642,22,2,1,84
14416,642,22,2,2,57
14417,642,22,3,1,69
14418,642,22,3,2,43
14419,642,22,4,1,75
14420,642,22,4,2,56
14421,642,22,5,1,99
14422,642,22,5,2,93
14423,642,22,6,1,110
14424,642,22,6,2,107
14425,642,22,1,1,98
14426,642,22,1,2,70
14427,642,22,2,1,84
14428,642,22,2,2,57
14429,642,22,3,1,69
14430,642,22,3,2,43
14431,642,22,4,1,75
14432,642,22,4,2,56
14433,642,22,5,1,99
14434,642,22,5,2,93
14435,642,22,6,1,110
14436,642,22,6,2,107
14437,643,22,1,1,108
14438,643,22,1,2,73
14439,643,22,2,1,125
14440,643,22,2,2,115
14441,643,22,3,1,136
14442,643,22,3,2,140
14443,643,22,4,1,152
14444,643,22,4,2,153
14445,643,22,5,1,162
14446,643,22,5,2,167
14447,643,22,6,1,158
14448,643,22,6,2,159
14449,643,22,1,1,106
14450,643,22,1,2,72
14451,643,22,2,1,122
14452,643,22,2,2,112
14453,643,22,3,1,131
14454,643,22,3,2,134
14455,643,22,4,1,147
14456,643,22,4,2,146
14457,643,22,5,1,155
14458,643,22,5,2,160
14459,643,22,6,1,150
14460,643,22,6,2,151
14461,644,22,1,1,101
14462,644,22,1,2,67
14463,644,22,2,1,90
14464,644,22,2,2,60
14465,644,22,3,1,143
14466,644,22,3,2,151
14467,644,22,4,1,170
14468,644,22,4,2,177
14469,644,22,5,1,159
14470,644,22,5,2,171
14471,644,22,6,1,150
14472,644,22,6,2,146
14473,645,22,1,1,76
14474,645,22,1,2,63
14475,645,22,2,1,65
14476,645,22,2,2,49
14477,645,22,3,1,53
14478,645,22,3,2,38
14479,645,22,4,1,65
14480,645,22,4,2,61
14481,645,22,5,1,107
14482,645,22,5,2,114
14483,645,22,6,1,118
14484,645,22,6,2,138
14485,646,22,1,1,104
14486,646,22,1,2,107
14487,646,22,2,1,77
14488,646,22,2,2,57
14489,646,22,3,1,64
14490,646,22,3,2,47
14491,646,22,4,1,67
14492,646,22,4,2,51
14493,646,22,5,1,88
14494,646,22,5,2,69
14495,646,22,6,1,94
14496,646,22,6,2,71
14497,646,22,1,1,83
14498,646,22,1,2,72
14499,646,22,2,1,69
14500,646,22,2,2,48
14501,646,22,3,1,56
14502,646,22,3,2,38
14503,646,22,4,1,52
14504,646,22,4,2,36
14505,646,22,5,1,74
14506,646,22,5,2,62
14507,646,22,6,1,87
14508,646,22,6,2,75
14509,647,22,1,1,128
14510,647,22,1,2,130
14511,647,22,2,1,136
14512,647,22,2,2,149
14513,647,22,3,1,144
14514,647,22,3,2,156
14515,647,22,4,1,171
14516,647,22,4,2,176
14517,647,22,5,1,163
14518,647,22,5,2,168
14519,647,22,6,1,147
14520,647,22,6,2,157
14521,647,22,1,1,124
14522,647,22,1,2,123
14523,647,22,2,1,130
14524,647,22,2,2,139
14525,647,22,3,1,137
14526,647,22,3,2,145
14527,647,22,4,1,162
14528,647,22,4,2,166
14529,647,22,5,1,155
14530,647,22,5,2,158
14531,647,22,6,1,140
14532,647,22,6,2,148
14533,648,22,1,1,120
14534,648,22,1,2,113
14535,648,22,2,1,144
14536,648,22,2,2,146
14537,648,22,3,1,166
14538,648,22,3,2,165
14539,648,22,4,1,160
14540,648,22,4,2,160
14541,648,22,5,1,144
14542,648,22,5,2,145
14543,648,22,6,1,138
14544,648,22,6,2,137
14545,648,22,1,1,104
14546,648,22,1,2,93
14547,648,22,2,1,117
14548,648,22,2,2,112
14549,648,22,3,1,130
14550,648,22,3,2,125
14551,648,22,4,1,125
14552,648,22,4,2,122
14553,648,22,5,1,116
14554,648,22,5,2,113
14555,648,22,6,1,112
14556,648,22,6,2,108
14557,649,22,1,1,146
14558,649,22,1,2,163
14559,649,22,2,1,172
14560,649,22,2,2,194
14561,649,22,3,1,207
14562,649,22,3,2,218
14563,649,22,4,1,199
14564,649,22,4,2,203
14565,649,22,5,1,175
14566,649,22,5,2,181
14567,649,22,6,1,159
14568,649,22,6,2,176
14569,649,22,1,1,112
14570,649,22,1,2,114
14571,649,22,2,1,124
14572,649,22,2,2,127
14573,649,22,3,1,146
14574,649,22,3,2,144
14575,649,22,4,1,138
14576,649,22,4,2,133
14577,649,22,5,1,123
14578,649,22,5,2,120
14579,649,22,6,1,117
14580,649,22,6,2,121
14581,650,22,1,1,112
14582,650,22,1,2,100
14583,650,22,2,1,107
14584,650,22,2,2,97
14585,650,22,3,1,99
14586,650,22,3,2,89
14587,650,22,4,1,99
14588,650,22,4,2,90
14589,650,22,5,1,95
14590,650,22,5,2,87
14591,650,22,6,1,96
14592,650,22,6,2,95
14593,650,22,1,1,100
14594,650,22,1,2,87
14595,650,22,2,1,99
14596,650,22,2,2,90
14597,650,22,3,1,90
14598,650,22,3,2,84
14599,650,22,4,1,90
14600,650,22,4,2,82
14601,650,22,5,1,84
14602,650,22,5,2,75
14603,650,22,6,1,86
14604,650,22,6,2,82
14605,651,22,1,1,115
14606,651,22,1,2,119
14607,651,22,2,1,141
14608,651,22,2,2,152
14609,651,22,3,1,186
14610,651,22,3,2,191
14611,651,22,4,1,177
14612,651,22,4,2,186
14613,651,22,5,1,168
14614,651,22,5,2,174
14615,651,22,6,1,152
14616,651,22,6,2,159
14617,651,22,1,1,97
14618,651,22,1,2,92
14619,651,22,2,1,111
14620,651,22,2,2,111
14621,651,22,3,1,136
14622,651,22,3,2,132
14623,651,22,4,1,131
14624,651,22,4,2,132
14625,651,22,5,1,127
14626,651,22,5,2,129
14627,651,22,6,1,121
14628,651,22,6,2,124
14629,652,22,1,1,92
14630,652,22,1,2,90
14631,652,22,2,1,101
14632,652,22,2,2,113
14633,652,22,3,1,131
14634,652,22,3,2,141
14635,652,22,4,1,141
14636,652,22,4,2,153
14637,652,22,5,1,129
14638,652,22,5,2,138
14639,652,22,6,1,119
14640,652,22,6,2,125
14641,652,22,1,1,89
14642,652,22,1,2,85
14643,652,22,2,1,97
14644,652,22,2,2,104
14645,652,22,3,1,124
14646,652,22,3,2,131
14647,652,22,4,1,133
14648,652,22,4,2,142
14649,652,22,5,1,121
14650,652,22,5,2,128
14651,652,22,6,1,113
14652,652,22,6,2,119
14653,653,22,1,1,114
14654,653,22,1,2,131
14655,653,22,2,1,122
14656,653,22,2,2,138
14657,653,22,3,1,154
14658,653,22,3,2,159
14659,653,22,4,1,149
14660,653,22,4,2,158
14661,653,22,5,1,142
14662,653,22,5,2,158
14663,653,22,6,1,126
14664,653,22,6,2,132
14665,653,22,1,1,93
14666,653,22,1,2,100
14667,653,22,2,1,97
14668,653,22,2,2,102
14669,653,22,3,1,123
14670,653,22,3,2,127
14671,653,22,4,1,123
14672,653,22,4,2,129
14673,653,22,5,1,124
14674,653,22,5,2,135
14675,653,22,6,1,116
14676,653,22,6,2,119
14677,654,22,1,1,94
14678,654,22,1,2,74
14679,654,22,2,1,82
14680,654,22,2,2,59
14681,654,22,3,1,70
14682,654,22,3,2,50
14683,654,22,4,1,73
14684,654,22,4,2,57
14685,654,22,5,1,83
14686,654,22,5,2,78
14687,654,22,6,1,91
14688,654,22,6,2,94
14689,654,22,1,1,85
14690,654,22,1,2,67
14691,654,22,2,1,74
14692,654,22,2,2,52
14693,654,22,3,1,64
14694,654,22,3,2,46
14695,654,22,4,1,64
14696,654,22,4,2,49
14697,654,22,5,1,78
14698,654,22,5,2,73
14699,654,22,6,1,86
14700,654,22,6,2,87
14701,655,22,1,1,134
14702,655,22,1,2,137
14703,655,22,2,1,152
14704,655,22,2,2,180
14705,655,22,3,1,140
14706,655,22,3,2,149
14707,655,22,4,1,149
14708,655,22,4,2,160
14709,655,22,5,1,159
14710,655,22,5,2,170
14711,655,22,6,1,148
14712,655,22,6,2,149
14713,655,22,1,1,122
14714,655,22,1,2,114
14715,655,22,2,1,133
14716,655,22,2,2,142
14717,655,22,3,1,119
14718,655,22,3,2,117
14719,655,22,4,1,126
14720,655,22,4,2,126
14721,655,22,5,1,133
14722,655,22,5,2,135
14723,655,22,6,1,131
14724,655,22,6,2,130
14725,656,22,1,1,159
14726,656,22,1,2,180
14727,656,22,2,1,170
14728,656,22,2,2,187
14729,656,22,3,1,187
14730,656,22,3,2,194
14731,656,22,4,1,181
14732,656,22,4,2,185
14733,656,22,5,1,163
14734,656,22,5,2,164
14735,656,22,6,1,146
14736,656,22,6,2,158
14737,656,22,1,1,107
14738,656,22,1,2,107
14739,656,22,2,1,113
14740,656,22,2,2,113
14741,656,22,3,1,118
14742,656,22,3,2,114
14743,656,22,4,1,117
14744,656,22,4,2,112
14745,656,22,5,1,115
14746,656,22,5,2,114
14747,656,22,6,1,116
14748,656,22,6,2,121
14749,657,22,1,1,104
14750,657,22,1,2,91
14751,657,22,2,1,116
14752,657,22,2,2,118
14753,657,22,3,1,130
14754,657,22,3,2,139
14755,657,22,4,1,132
14756,657,22,4,2,137
14757,657,22,5,1,121
14758,657,22,5,2,127
14759,657,22,6,1,119
14760,657,22,6,2,122
14761,657,22,1,1,93
14762,657,22,1,2,78
14763,657,22,2,1,103
14764,657,22,2,2,98
14765,657,22,3,1,113
14766,657,22,3,2,118
14767,657,22,4,1,117
14768,657,22,4,2,122
14769,657,22,5,1,108
14770,657,22,5,2,111
14771,657,22,6,1,105
14772,657,22,6,2,104
14773,658,22,1,1,112
14774,658,22,1,2,118
14775,658,22,2,1,115
14776,658,22,2,2,132
14777,658,22,3,1,109
14778,658,22,3,2,127
14779,658,22,4,1,109
14780,658,22,4,2,126
14781,658,22,5,1,120
14782,658,22,5,2,136
14783,658,22,6,1,117
14784,658,22,6,2,127
14785,658,22,1,1,94
14786,658,22,1,2,94
14787,658,22,2,1,90
14788,658,22,2,2,96
14789,658,22,3,1,85
14790,658,22,3,2,92
14791,658,22,4,1,85
14792,658,22,4,2,93
14793,658,22,5,1,97
14794,658,22,5,2,105
14795,658,22,6,1,95
14796,658,22,6,2,99
14797,659,22,1,1,94
14798,659,22,1,2,73
14799,659,22,2,1,93
14800,659,22,2,2,76
14801,659,22,3,1,95
14802,659,22,3,2,75
14803,659,22,4,1,110
14804,659,22,4,2,93
14805,659,22,5,1,119
14806,659,22,5,2,127
14807,659,22,6,1,118
14808,659,22,6,2,138
14809,659,22,1,1,73
14810,659,22,1,2,55
14811,659,22,2,1,68
14812,659,22,2,2,53
14813,659,22,3,1,69
14814,659,22,3,2,52
14815,659,22,4,1,75
14816,659,22,4,2,60
14817,659,22,5,1,88
14818,659,22,5,2,88
14819,659,22,6,1,97
14820,659,22,6,2,103
14821,660,22,1,1,111
14822,660,22,1,2,124
14823,660,22,2,1,131
14824,660,22,2,2,175
14825,660,22,3,1,158
14826,660,22,3,2,185
14827,660,22,4,1,148
14828,660,22,4,2,173
14829,660,22,5,1,132
14830,660,22,5,2,147
14831,660,22,6,1,114
14832,660,22,6,2,110
14833,660,22,1,1,94
14834,660,22,1,2,99
14835,660,22,2,1,103
14836,660,22,2,2,127
14837,660,22,3,1,124
14838,660,22,3,2,139
14839,660,22,4,1,117
14840,660,22,4,2,132
14841,660,22,5,1,100
14842,660,22,5,2,106
14843,660,22,6,1,93
14844,660,22,6,2,88
14845,661,22,1,1,160
14846,661,22,1,2,194
14847,661,22,2,1,173
14848,661,22,2,2,213
14849,661,22,3,1,162
14850,661,22,3,2,201
14851,661,22,4,1,152
14852,661,22,4,2,188
14853,661,22,5,1,143
14854,661,22,5,2,166
14855,661,22,6,1,138
14856,661,22,6,2,148
14857,661,22,1,1,128
14858,661,22,1,2,142
14859,661,22,2,1,133
14860,661,22,2,2,152
14861,661,22,3,1,123
14862,661,22,3,2,147
14863,661,22,4,1,118
14864,661,22,4,2,141
14865,661,22,5,1,114
14866,661,22,5,2,129
14867,661,22,6,1,119
14868,661,22,6,2,126
14869,662,22,1,1,117
14870,662,22,1,2,110
14871,662,22,2,1,126
14872,662,22,2,2,129
14873,662,22,3,1,134
14874,662,22,3,2,146
14875,662,22,4,1,135
14876,662,22,4,2,143
14877,662,22,5,1,136
14878,662,22,5,2,146
14879,662,22,6,1,122
14880,662,22,6,2,130
14881,662,22,1,1,83
14882,662,22,1,2,75
14883,662,22,2,1,90
14884,662,22,2,2,87
14885,662,22,3,1,96
14886,662,22,3,2,98
14887,662,22,4,1,99
14888,662,22,4,2,98
14889,662,22,5,1,100
14890,662,22,5,2,101
14891,662,22,6,1,91
14892,662,22,6,2,89
14893,663,22,1,1,74
14894,663,22,1,2,56
14895,663,22,2,1,79
14896,663,22,2,2,66
14897,663,22,3,1,106
14898,663,22,3,2,98
14899,663,22,4,1,107
14900,663,22,4,2,105
14901,663,22,5,1,96
14902,663,22,5,2,93
14903,663,22,6,1,97
14904,663,22,6,2,89
14905,663,22,1,1,65
14906,663,22,1,2,47
14907,663,22,2,1,68
14908,663,22,2,2,53
14909,663,22,3,1,83
14910,663,22,3,2,72
14911,663,22,4,1,85
14912,663,22,4,2,80
14913,663,22,5,1,82
14914,663,22,5,2,77
14915,663,22,6,1,83
14916,663,22,6,2,73
14917,664,22,1,1,155
14918,664,22,1,2,153
14919,664,22,2,1,158
14920,664,22,2,2,189
14921,664,22,3,1,167
14922,664,22,3,2,183
14923,664,22,4,1,160
14924,664,22,4,2,165
14925,664,22,5,1,128
14926,664,22,5,2,133
14927,664,22,6,1,121
14928,664,22,6,2,115
14929,664,22,1,1,140
14930,664,22,1,2,137
14931,664,22,2,1,142
14932,664,22,2,2,166
14933,664,22,3,1,149
14934,664,22,3,2,161
14935,664,22,4,1,143
14936,664,22,4,2,146
14937,664,22,5,1,114
14938,664,22,5,2,116
14939,664,22,6,1,108
14940,664,22,6,2,100
14941,665,22,1,1,144
14942,665,22,1,2,178
14943,665,22,2,1,176
14944,665,22,2,2,226
14945,665,22,3,1,182
14946,665,22,3,2,212
14947,665,22,4,1,175
14948,665,22,4,2,201
14949,665,22,5,1,174
14950,665,22,5,2,191
14951,665,22,6,1,157
14952,665,22,6,2,161
14953,665,22,1,1,120
14954,665,22,1,2,134
14955,665,22,2,1,127
14956,665,22,2,2,147
14957,665,22,3,1,126
14958,665,22,3,2,136
14959,665,22,4,1,121
14960,665,22,4,2,129
14961,665,22,5,1,128
14962,665,22,5,2,132
14963,665,22,6,1,118
14964,665,22,6,2,118
14965,666,22,1,1,78
14966,666,22,1,2,68
14967,666,22,2,1,73
14968,666,22,2,2,57
14969,666,22,3,1,115
14970,666,22,3,2,123
14971,666,22,4,1,128
14972,666,22,4,2,144
14973,666,22,5,1,152
14974,666,22,5,2,166
14975,666,22,6,1,152
14976,666,22,6,2,158
14977,666,22,1,1,79
14978,666,22,1,2,65
14979,666,22,2,1,71
14980,666,22,2,2,55
14981,666,22,3,1,94
14982,666,22,3,2,94
14983,666,22,4,1,109
14984,666,22,4,2,116
14985,666,22,5,1,132
14986,666,22,5,2,143
14987,666,22,6,1,131
14988,666,22,6,2,137
14989,667,22,1,1,90
14990,667,22,1,2,63
14991,667,22,2,1,90
14992,667,22,2,2,61
14993,667,22,3,1,128
14994,667,22,3,2,118
14995,667,22,4,1,149
14996,667,22,4,2,154
14997,667,22,5,1,140
14998,667,22,5,2,146
14999,667,22,6,1,143
15000,667,22,6,2,144
15001,667,22,1,1,85
15002,667,22,1,2,60
15003,667,22,2,1,84
15004,667,22,2,2,57
15005,667,22,3,1,119
15006,667,22,3,2,109
15007,667,22,4,1,143
15008,667,22,4,2,145
15009,667,22,5,1,134
15010,667,22,5,2,138
15011,667,22,6,1,134
15012,667,22,6,2,133
15013,668,22,1,1,107
15014,668,22,1,2,74
15015,668,22,2,1,90
15016,668,22,2,2,63
15017,668,22,3,1,72
15018,668,22,3,2,46
15019,668,22,4,1,75
15020,668,22,4,2,51
15021,668,22,5,1,86
15022,668,22,5,2,80
15023,668,22,6,1,98
15024,668,22,6,2,109
15025,668,22,1,1,107
15026,668,22,1,2,74
15027,668,22,2,1,90
15028,668,22,2,2,63
15029,668,22,3,1,72
15030,668,22,3,2,46
15031,668,22,4,1,75
15032,668,22,4,2,51
15033,668,22,5,1,86
15034,668,22,5,2,80
15035,668,22,6,1,98
15036,668,22,6,2,109
15037,669,22,1,1,95
15038,669,22,1,2,84
15039,669,22,2,1,108
15040,669,22,2,2,136
15041,669,22,3,1,141
15042,669,22,3,2,163
15043,669,22,4,1,148
15044,669,22,4,2,182
15045,669,22,5,1,134
15046,669,22,5,2,157
15047,669,22,6,1,120
15048,669,22,6,2,131
15049,669,22,1,1,84
15050,669,22,1,2,72
15051,669,22,2,1,93
15052,669,22,2,2,114
15053,669,22,3,1,115
15054,669,22,3,2,131
15055,669,22,4,1,122
15056,669,22,4,2,148
15057,669,22,5,1,113
15058,669,22,5,2,129
15059,669,22,6,1,104
15060,669,22,6,2,111
15061,670,23,1,1,116
15062,670,23,1,2,102
15063,670,23,2,1,117
15064,670,23,2,2,101
15065,670,23,3,1,110
15066,670,23,3,2,104
15067,670,23,4,1,109
15068,670,23,4,2,105
15069,670,23,5,1,108
15070,670,23,5,2,104
15071,670,23,6,1,107
15072,670,23,6,2,105
15073,670,23,1,1,115
15074,670,23,1,2,102
15075,670,23,2,1,117
15076,670,23,2,2,102
15077,670,23,3,1,109
15078,670,23,3,2,105
15079,670,23,4,1,108
15080,670,23,4,2,105
15081,670,23,5,1,107
15082,670,23,5,2,104
15083,670,23,6,1,107
15084,670,23,6,2,105
15085,671,23,1,1,85
15086,671,23,1,2,87
15087,671,23,2,1,90
15088,671,23,2,2,91
15089,671,23,3,1,101
15090,671,23,3,2,93
15091,671,23,4,1,105
15092,671,23,4,2,95
15093,671,23,5,1,104
15094,671,23,5,2,95
15095,671,23,6,1,101
15096,671,23,6,2,93
15097,671,23,1,1,85
15098,671,23,1,2,88
15099,671,23,2,1,90
15100,671,23,2,2,92
15101,671,23,3,1,103
15102,671,23,3,2,96
15103,671,23,4,1,105
15104,671,23,4,2,96
15105,671,23,5,1,105
15106,671,23,5,2,95
15107,671,23,6,1,101
15108,671,23,6,2,94
15109,672,23,1,1,98
15110,672,23,1,2,106
15111,672,23,2,1,98
15112,672,23,2,2,106
15113,672,23,3,1,100
15114,672,23,3,2,102
15115,672,23,4,1,103
15116,672,23,4,2,105
15117,672,23,5,1,105
15118,672,23,5,2,111
15119,672,23,6,1,102
15120,672,23,6,2,109
15121,672,23,1,1,98
15122,672,23,1,2,105
15123,672,23,2,1,98
15124,672,23,2,2,107
15125,672,23,3,1,100
15126,672,23,3,2,102
15127,672,23,4,1,102
15128,672,23,4,2,106
15129,672,23,5,1,104
15130,672,23,5,2,111
15131,672,23,6,1,102
15132,672,23,6,2,109
15133,673,23,1,1,63
15134,673,23,1,2,80
15135,673,23,2,1,78
15136,673,23,2,2,93
15137,673,23,3,1,84
15138,673,23,3,2,88
15139,673,23,4,1,91
15140,673,23,4,2,90
15141,673,23,5,1,87
15142,673,23,5,2,93
15143,673,23,6,1,93
15144,673,23,6,2,89
15145,673,23,1,1,64
15146,673,23,1,2,80
15147,673,23,2,1,77
15148,673,23,2,2,93
15149,673,23,3,1,83
15150,673,23,3,2,87
15151,673,23,4,1,90
15152,673,23,4,2,90
15153,673,23,5,1,86
15154,673,23,5,2,94
15155,673,23,6,1,93
15156,673,23,6,2,91
15157,674,23,1,1,81
15158,674,23,1,2,81
15159,674,23,2,1,90
15160,674,23,2,2,84
15161,674,23,3,1,97
15162,674,23,3,2,99
15163,674,23,4,1,79
15164,674,23,4,2,75
15165,674,23,5,1,79
15166,674,23,5,2,82
15167,674,23,6,1,76
15168,674,23,6,2,84
15169,674,23,1,1,82
15170,674,23,1,2,81
15171,674,23,2,1,90
15172,674,23,2,2,85
15173,674,23,3,1,98
15174,674,23,3,2,102
15175,674,23,4,1,79
15176,674,23,4,2,76
15177,674,23,5,1,78
15178,674,23,5,2,82
15179,674,23,6,1,77
15180,674,23,6,2,85
15181,675,23,1,1,96
15182,675,23,1,2,92
15183,675,23,2,1,94
15184,675,23,2,2,91
15185,675,23,3,1,86
15186,675,23,3,2,86
15187,675,23,4,1,94
15188,675,23,4,2,95
15189,675,23,5,1,106
15190,675,23,5,2,91
15191,675,23,6,1,108
15192,675,23,6,2,100
15193,675,23,1,1,104
15194,675,23,1,2,99
15195,675,23,2,1,97
15196,675,23,2,2,94
15197,675,23,3,1,87
15198,675,23,3,2,90
15199,675,23,4,1,95
15200,675,23,4,2,99
15201,675,23,5,1,104
15202,675,23,5,2,93
15203,675,23,6,1,108
15204,675,23,6,2,103
15205,676,23,1,1,71
15206,676,23,1,2,92
15207,676,23,2,1,70
15208,676,23,2,2,91
15209,676,23,3,1,71
15210,676,23,3,2,77
15211,676,23,4,1,96
15212,676,23,4,2,102
15213,676,23,5,1,93
15214,676,23,5,2,96
15215,676,23,6,1,88
15216,676,23,6,2,89
15217,676,23,1,1,70
15218,676,23,1,2,89
15219,676,23,2,1,70
15220,676,23,2,2,92
15221,676,23,3,1,73
15222,676,23,3,2,77
15223,676,23,4,1,97
15224,676,23,4,2,100
15225,676,23,5,1,97
15226,676,23,5,2,96
15227,676,23,6,1,89
15228,676,23,6,2,89
15229,677,23,1,1,64
15230,677,23,1,2,76
15231,677,23,2,1,63
15232,677,23,2,2,74
15233,677,23,3,1,78
15234,677,23,3,2,76
15235,677,23,4,1,92
15236,677,23,4,2,89
15237,677,23,5,1,87
15238,677,23,5,2,91
15239,677,23,6,1,88
15240,677,23,6,2,86
15241,677,23,1,1,64
15242,677,23,1,2,77
15243,677,23,2,1,63
15244,677,23,2,2,75
15245,677,23,3,1,78
15246,677,23,3,2,77
15247,677,23,4,1,92
15248,677,23,4,2,89
15249,677,23,5,1,87
15250,677,23,5,2,91
15251,677,23,6,1,88
15252,677,23,6,2,86
15253,678,23,1,1,74
15254,678,23,1,2,89
15255,678,23,2,1,83
15256,678,23,2,2,92
15257,678,23,3,1,94
15258,678,23,3,2,93
15259,678,23,4,1,96
15260,678,23,4,2,93
15261,678,23,5,1,98
15262,678,23,5,2,89
15263,678,23,6,1,99
15264,678,23,6,2,87
15265,678,23,1,1,76
15266,678,23,1,2,92
15267,678,23,2,1,83
15268,678,23,2,2,97
15269,678,23,3,1,93
15270,678,23,3,2,94
15271,678,23,4,1,98
15272,678,23,4,2,96
15273,678,23,5,1,98
15274,678,23,5,2,90
15275,678,23,6,1,100
15276,678,23,6,2,87
15277,679,23,1,1,77
15278,679,23,1,2,87
15279,679,23,2,1,73
15280,679,23,2,2,88
15281,679,23,3,1,69
15282,679,23,3,2,81
15283,679,23,4,1,58
15284,679,23,4,2,61
15285,679,23,5,1,49
15286,679,23,5,2,73
15287,679,23,6,1,57
15288,679,23,6,2,75
15289,679,23,1,1,79
15290,679,23,1,2,92
15291,679,23,2,1,75
15292,679,23,2,2,90
15293,679,23,3,1,71
15294,679,23,3,2,84
15295,679,23,4,1,60
15296,679,23,4,2,63
15297,679,23,5,1,51
15298,679,23,5,2,76
15299,679,23,6,1,58
15300,679,23,6,2,76
15301,680,23,1,1,74
15302,680,23,1,2,87
15303,680,23,2,1,76
15304,680,23,2,2,91
15305,680,23,3,1,88
15306,680,23,3,2,79
15307,680,23,4,1,82
15308,680,23,4,2,69
15309,680,23,5,1,76
15310,680,23,5,2,74
15311,680,23,6,1,82
15312,680,23,6,2,80
15313,680,23,1,1,73
15314,680,23,1,2,90
15315,680,23,2,1,76
15316,680,23,2,2,96
15317,680,23,3,1,85
15318,680,23,3,2,82
15319,680,23,4,1,82
15320,680,23,4,2,72
15321,680,23,5,1,77
15322,680,23,5,2,78
15323,680,23,6,1,83
15324,680,23,6,2,81
15325,681,23,1,1,117
15326,681,23,1,2,119
15327,681,23,2,1,105
15328,681,23,2,2,115
15329,681,23,3,1,108
15330,681,23,3,2,115
15331,681,23,4,1,105
15332,681,23,4,2,119
15333,681,23,5,1,113
15334,681,23,5,2,125
15335,681,23,6,1,105
15336,681,23,6,2,117
15337,681,23,1,1,135
15338,681,23,1,2,140
15339,681,23,2,1,107
15340,681,23,2,2,117
15341,681,23,3,1,113
15342,681,23,3,2,118
15343,681,23,4,1,106
15344,681,23,4,2,120
15345,681,23,5,1,112
15346,681,23,5,2,123
15347,681,23,6,1,106
15348,681,23,6,2,118
15349,682,23,1,1,119
15350,682,23,1,2,106
15351,682,23,2,1,116
15352,682,23,2,2,109
15353,682,23,3,1,117
15354,682,23,3,2,113
15355,682,23,4,1,116
15356,682,23,4,2,119
15357,682,23,5,1,110
15358,682,23,5,2,108
15359,682,23,6,1,110
15360,682,23,6,2,109
15361,682,23,1,1,121
15362,682,23,1,2,111
15363,682,23,2,1,115
15364,682,23,2,2,111
15365,682,23,3,1,116
15366,682,23,3,2,114
15367,682,23,4,1,113
15368,682,23,4,2,118
15369,682,23,5,1,108
15370,682,23,5,2,108
15371,682,23,6,1,109
15372,682,23,6,2,109
15373,683,23,1,1,91
15374,683,23,1,2,112
15375,683,23,2,1,78
15376,683,23,2,2,105
15377,683,23,3,1,94
15378,683,23,3,2,100
15379,683,23,4,1,97
15380,683,23,4,2,100
15381,683,23,5,1,96
15382,683,23,5,2,106
15383,683,23,6,1,96
15384,683,23,6,2,102
15385,683,23,1,1,90
15386,683,23,1,2,110
15387,683,23,2,1,81
15388,683,23,2,2,107
15389,683,23,3,1,96
15390,683,23,3,2,103
15391,683,23,4,1,101
15392,683,23,4,2,106
15393,683,23,5,1,105
15394,683,23,5,2,116
15395,683,23,6,1,99
15396,683,23,6,2,107
15397,684,23,1,1,105
15398,684,23,1,2,109
15399,684,23,2,1,92
15400,684,23,2,2,99
15401,684,23,3,1,79
15402,684,23,3,2,93
15403,684,23,4,1,81
15404,684,23,4,2,96
15405,684,23,5,1,83
15406,684,23,5,2,95
15407,684,23,6,1,107
15408,684,23,6,2,126
15409,684,23,1,1,109
15410,684,23,1,2,118
15411,684,23,2,1,96
15412,684,23,2,2,103
15413,684,23,3,1,80
15414,684,23,3,2,94
15415,684,23,4,1,84
15416,684,23,4,2,97
15417,684,23,5,1,85
15418,684,23,5,2,97
15419,684,23,6,1,114
15420,684,23,6,2,127
15421,685,23,1,1,116
15422,685,23,1,2,118
15423,685,23,2,1,115
15424,685,23,2,2,125
15425,685,23,3,1,102
15426,685,23,3,2,119
15427,685,23,4,1,109
15428,685,23,4,2,128
15429,685,23,5,1,103
15430,685,23,5,2,118
15431,685,23,6,1,103
15432,685,23,6,2,115
15433,685,23,1,1,120
15434,685,23,1,2,124
15435,685,23,2,1,114
15436,685,23,2,2,124
15437,685,23,3,1,100
15438,685,23,3,2,117
15439,685,23,4,1,111
15440,685,23,4,2,130
15441,685,23,5,1,107
15442,685,23,5,2,118
15443,685,23,6,1,105
15444,685,23,6,2,116
15445,686,23,1,1,68
15446,686,23,1,2,94
15447,686,23,2,1,64
15448,686,23,2,2,93
15449,686,23,3,1,79
15450,686,23,3,2,81
15451,686,23,4,1,86
15452,686,23,4,2,88
15453,686,23,5,1,79
15454,686,23,5,2,88
15455,686,23,6,1,77
15456,686,23,6,2,76
15457,686,23,1,1,69
15458,686,23,1,2,92
15459,686,23,2,1,67
15460,686,23,2,2,94
15461,686,23,3,1,79
15462,686,23,3,2,80
15463,686,23,4,1,88
15464,686,23,4,2,90
15465,686,23,5,1,81
15466,686,23,5,2,89
15467,686,23,6,1,79
15468,686,23,6,2,79
15469,687,23,1,1,72
15470,687,23,1,2,97
15471,687,23,2,1,80
15472,687,23,2,2,94
15473,687,23,3,1,81
15474,687,23,3,2,86
15475,687,23,4,1,91
15476,687,23,4,2,89
15477,687,23,5,1,84
15478,687,23,5,2,88
15479,687,23,6,1,82
15480,687,23,6,2,88
15481,687,23,1,1,69
15482,687,23,1,2,92
15483,687,23,2,1,79
15484,687,23,2,2,92
15485,687,23,3,1,78
15486,687,23,3,2,84
15487,687,23,4,1,88
15488,687,23,4,2,87
15489,687,23,5,1,71
15490,687,23,5,2,74
15491,687,23,6,1,79
15492,687,23,6,2,84
15493,688,23,1,1,63
15494,688,23,1,2,98
15495,688,23,2,1,70
15496,688,23,2,2,101
15497,688,23,3,1,70
15498,688,23,3,2,85
15499,688,23,4,1,72
15500,688,23,4,2,72
15501,688,23,5,1,57
15502,688,23,5,2,73
15503,688,23,6,1,72
15504,688,23,6,2,78
15505,688,23,1,1,66
15506,688,23,1,2,103
15507,688,23,2,1,70
15508,688,23,2,2,102
15509,688,23,3,1,70
15510,688,23,3,2,85
15511,688,23,4,1,74
15512,688,23,4,2,72
15513,688,23,5,1,56
15514,688,23,5,2,76
15515,688,23,6,1,74
15516,688,23,6,2,81
15517,689,23,1,1,84
15518,689,23,1,2,81
15519,689,23,2,1,86
15520,689,23,2,2,86
15521,689,23,3,1,98
15522,689,23,3,2,88
15523,689,23,4,1,100
15524,689,23,4,2,105
15525,689,23,5,1,93
15526,689,23,5,2,96
15527,689,23,6,1,103
15528,689,23,6,2,105
15529,689,23,1,1,81
15530,689,23,1,2,83
15531,689,23,2,1,81
15532,689,23,2,2,86
15533,689,23,3,1,93
15534,689,23,3,2,86
15535,689,23,4,1,94
15536,689,23,4,2,95
15537,689,23,5,1,80
15538,689,23,5,2,82
15539,689,23,6,1,102
15540,689,23,6,2,104
15541,690,23,1,1,112
15542,690,23,1,2,126
15543,690,23,2,1,100
15544,690,23,2,2,119
15545,690,23,3,1,87
15546,690,23,3,2,118
15547,690,23,4,1,97
15548,690,23,4,2,131
15549,690,23,5,1,99
15550,690,23,5,2,118
15551,690,23,6,1,106
15552,690,23,6,2,121
15553,690,23,1,1,111
15554,690,23,1,2,127
15555,690,23,2,1,101
15556,690,23,2,2,121
15557,690,23,3,1,85
15558,690,23,3,2,113
15559,690,23,4,1,96
15560,690,23,4,2,128
15561,690,23,5,1,103
15562,690,23,5,2,116
15563,690,23,6,1,104
15564,690,23,6,2,113
15565,691,23,1,1,91
15566,691,23,1,2,111
15567,691,23,2,1,86
15568,691,23,2,2,108
15569,691,23,3,1,104
15570,691,23,3,2,110
15571,691,23,4,1,100
15572,691,23,4,2,104
15573,691,23,5,1,100
15574,691,23,5,2,104
15575,691,23,6,1,103
15576,691,23,6,2,110
15577,691,23,1,1,91
15578,691,23,1,2,111
15579,691,23,2,1,86
15580,691,23,2,2,108
15581,691,23,3,1,104
15582,691,23,3,2,110
15583,691,23,4,1,100
15584,691,23,4,2,104
15585,691,23,5,1,100
15586,691,23,5,2,104
15587,691,23,6,1,103
15588,691,23,6,2,110
15589,692,23,1,1,105
15590,692,23,1,2,113
15591,692,23,2,1,91
15592,692,23,2,2,111
15593,692,23,3,1,96
15594,692,23,3,2,104
15595,692,23,4,1,100
15596,692,23,4,2,105
15597,692,23,5,1,102
15598,692,23,5,2,112
15599,692,23,6,1,105
15600,692,23,6,2,108
15601,692,23,1,1,103
15602,692,23,1,2,112
15603,692,23,2,1,89
15604,692,23,2,2,110
15605,692,23,3,1,95
15606,692,23,3,2,103
15607,692,23,4,1,97
15608,692,23,4,2,103
15609,692,23,5,1,100
15610,692,23,5,2,110
15611,692,23,6,1,102
15612,692,23,6,2,105
15613,693,23,1,1,62
15614,693,23,1,2,81
15615,693,23,2,1,66
15616,693,23,2,2,90
15617,693,23,3,1,75
15618,693,23,3,2,87
15619,693,23,4,1,72
15620,693,23,4,2,59
15621,693,23,5,1,59
15622,693,23,5,2,74
15623,693,23,6,1,69
15624,693,23,6,2,76
15625,693,23,1,1,59
15626,693,23,1,2,77
15627,693,23,2,1,65
15628,693,23,2,2,108
15629,693,23,3,1,76
15630,693,23,3,2,86
15631,693,23,4,1,72
15632,693,23,4,2,62
15633,693,23,5,1,60
15634,693,23,5,2,74
15635,693,23,6,1,71
15636,693,23,6,2,77
15637,694,23,1,1,64
15638,694,23,1,2,80
15639,694,23,2,1,63
15640,694,23,2,2,75
15641,694,23,3,1,64
15642,694,23,3,2,63
15643,694,23,4,1,75
15644,694,23,4,2,70
15645,694,23,5,1,72
15646,694,23,5,2,74
15647,694,23,6,1,80
15648,694,23,6,2,78
15649,694,23,1,1,64
15650,694,23,1,2,79
15651,694,23,2,1,62
15652,694,23,2,2,74
15653,694,23,3,1,65
15654,694,23,3,2,64
15655,694,23,4,1,75
15656,694,23,4,2,70
15657,694,23,5,1,71
15658,694,23,5,2,73
15659,694,23,6,1,78
15660,694,23,6,2,77
15661,695,23,1,1,82
15662,695,23,1,2,104
15663,695,23,2,1,81
15664,695,23,2,2,120
15665,695,23,3,1,94
15666,695,23,3,2,102
15667,695,23,4,1,80
15668,695,23,4,2,85
15669,695,23,5,1,82
15670,695,23,5,2,97
15671,695,23,6,1,86
15672,695,23,6,2,96
15673,695,23,1,1,81
15674,695,23,1,2,102
15675,695,23,2,1,78
15676,695,23,2,2,113
15677,695,23,3,1,96
15678,695,23,3,2,100
15679,695,23,4,1,85
15680,695,23,4,2,87
15681,695,23,5,1,85
15682,695,23,5,2,99
15683,695,23,6,1,86
15684,695,23,6,2,96
15685,696,23,1,1,87
15686,696,23,1,2,94
15687,696,23,2,1,86
15688,696,23,2,2,97
15689,696,23,3,1,94
15690,696,23,3,2,100
15691,696,23,4,1,76
15692,696,23,4,2,85
15693,696,23,5,1,81
15694,696,23,5,2,98
15695,696,23,6,1,79
15696,696,23,6,2,91
15697,696,23,1,1,91
15698,696,23,1,2,100
15699,696,23,2,1,89
15700,696,23,2,2,102
15701,696,23,3,1,103
15702,696,23,3,2,116
15703,696,23,4,1,78
15704,696,23,4,2,87
15705,696,23,5,1,85
15706,696,23,5,2,100
15707,696,23,6,1,84
15708,696,23,6,2,97
15709,697,23,1,1,61
15710,697,23,1,2,67
15711,697,23,2,1,73
15712,697,23,2,2,102
15713,697,23,3,1,83
15714,697,23,3,2,77
15715,697,23,4,1,88
15716,697,23,4,2,79
15717,697,23,5,1,71
15718,697,23,5,2,71
15719,697,23,6,1,79
15720,697,23,6,2,78
15721,697,23,1,1,63
15722,697,23,1,2,68
15723,697,23,2,1,72
15724,697,23,2,2,98
15725,697,23,3,1,81
15726,697,23,3,2,78
15727,697,23,4,1,85
15728,697,23,4,2,78
15729,697,23,5,1,74
15730,697,23,5,2,75
15731,697,23,6,1,82
15732,697,23,6,2,81
15733,698,23,1,1,106
15734,698,23,1,2,115
15735,698,23,2,1,100
15736,698,23,2,2,113
15737,698,23,3,1,111
15738,698,23,3,2,110
15739,698,23,4,1,97
15740,698,23,4,2,96
15741,698,23,5,1,98
15742,698,23,5,2,100
15743,698,23,6,1,105
15744,698,23,6,2,108
15745,698,23,1,1,106
15746,698,23,1,2,114
15747,698,23,2,1,100
15748,698,23,2,2,110
15749,698,23,3,1,111
15750,698,23,3,2,110
15751,698,23,4,1,96
15752,698,23,4,2,98
15753,698,23,5,1,95
15754,698,23,5,2,100
15755,698,23,6,1,100
15756,698,23,6,2,104
15757,699,23,1,1,72
15758,699,23,1,2,81
15759,699,23,2,1,73
15760,699,23,2,2,89
15761,699,23,3,1,71
15762,699,23,3,2,74
15763,699,23,4,1,84
15764,699,23,4,2,85
15765,699,23,5,1,92
15766,699,23,5,2,89
15767,699,23,6,1,86
15768,699,23,6,2,80
15769,699,23,1,1,78
15770,699,23,1,2,89
15771,699,23,2,1,81
15772,699,23,2,2,97
15773,699,23,3,1,81
15774,699,23,3,2,86
15775,699,23,4,1,84
15776,699,23,4,2,86
15777,699,23,5,1,89
15778,699,23,5,2,89
15779,699,23,6,1,81
15780,699,23,6,2,76
15781,700,23,1,1,105
15782,700,23,1,2,104
15783,700,23,2,1,111
15784,700,23,2,2,111
15785,700,23,3,1,117
15786,700,23,3,2,116
15787,700,23,4,1,103
15788,700,23,4,2,105
15789,700,23,5,1,106
15790,700,23,5,2,115
15791,700,23,6,1,104
15792,700,23,6,2,110
15793,700,23,1,1,103
15794,700,23,1,2,103
15795,700,23,2,1,108
15796,700,23,2,2,108
15797,700,23,3,1,116
15798,700,23,3,2,114
15799,700,23,4,1,100
15800,700,23,4,2,102
15801,700,23,5,1,105
15802,700,23,5,2,114
15803,700,23,6,1,102
15804,700,23,6,2,107
15805,701,23,1,1,72
15806,701,23,1,2,73
15807,701,23,2,1,71
15808,701,23,2,2,75
15809,701,23,3,1,78
15810,701,23,3,2,72
15811,701,23,4,1,85
15812,701,23,4,2,82
15813,701,23,5,1,77
15814,701,23,5,2,88
15815,701,23,6,1,87
15816,701,23,6,2,92
15817,701,23,1,1,82
15818,701,23,1,2,86
15819,701,23,2,1,81
15820,701,23,2,2,89
15821,701,23,3,1,91
15822,701,23,3,2,84
15823,701,23,4,1,89
15824,701,23,4,2,88
15825,701,23,5,1,84
15826,701,23,5,2,92
15827,701,23,6,1,92
15828,701,23,6,2,94
15829,702,23,1,1,84
15830,702,23,1,2,96
15831,702,23,2,1,88
15832,702,23,2,2,93
15833,702,23,3,1,115
15834,702,23,3,2,94
15835,702,23,4,1,106
15836,702,23,4,2,89
15837,702,23,5,1,118
15838,702,23,5,2,95
15839,702,23,6,1,125
15840,702,23,6,2,104
15841,702,23,1,1,91
15842,702,23,1,2,107
15843,702,23,2,1,87
15844,702,23,2,2,97
15845,702,23,3,1,115
15846,702,23,3,2,98
15847,702,23,4,1,108
15848,702,23,4,2,93
15849,702,23,5,1,119
15850,702,23,5,2,99
15851,702,23,6,1,123
15852,702,23,6,2,105
15853,703,23,1,1,106
15854,703,23,1,2,114
15855,703,23,2,1,97
15856,703,23,2,2,101
15857,703,23,3,1,84
15858,703,23,3,2,102
15859,703,23,4,1,93
15860,703,23,4,2,113
15861,703,23,5,1,89
15862,703,23,5,2,98
15863,703,23,6,1,98
15864,703,23,6,2,105
15865,703,23,1,1,106
15866,703,23,1,2,111
15867,703,23,2,1,96
15868,703,23,2,2,102
15869,703,23,3,1,84
15870,703,23,3,2,102
15871,703,23,4,1,90
15872,703,23,4,2,107
15873,703,23,5,1,94
15874,703,23,5,2,102
15875,703,23,6,1,100
15876,703,23,6,2,105
15877,704,23,1,1,70
15878,704,23,1,2,88
15879,704,23,2,1,67
15880,704,23,2,2,81
15881,704,23,3,1,95
15882,704,23,3,2,89
15883,704,23,4,1,89
15884,704,23,4,2,84
15885,704,23,5,1,100
15886,704,23,5,2,93
15887,704,23,6,1,105
15888,704,23,6,2,91
15889,704,23,1,1,68
15890,704,23,1,2,85
15891,704,23,2,1,73
15892,704,23,2,2,87
15893,704,23,3,1,91
15894,704,23,3,2,88
15895,704,23,4,1,86
15896,704,23,4,2,86
15897,704,23,5,1,96
15898,704,23,5,2,94
15899,704,23,6,1,101
15900,704,23,6,2,90
15901,705,23,1,1,66
15902,705,23,1,2,78
15903,705,23,2,1,78
15904,705,23,2,2,96
15905,705,23,3,1,77
15906,705,23,3,2,75
15907,705,23,4,1,87
15908,705,23,4,2,87
15909,705,23,5,1,79
15910,705,23,5,2,87
15911,705,23,6,1,75
15912,705,23,6,2,81
15913,705,23,1,1,64
15914,705,23,1,2,83
15915,705,23,2,1,75
15916,705,23,2,2,96
15917,705,23,3,1,77
15918,705,23,3,2,79
15919,705,23,4,1,85
15920,705,23,4,2,88
15921,705,23,5,1,80
15922,705,23,5,2,92
15923,705,23,6,1,86
15924,705,23,6,2,85
15925,706,23,1,1,87
15926,706,23,1,2,96
15927,706,23,2,1,77
15928,706,23,2,2,91
15929,706,23,3,1,64
15930,706,23,3,2,79
15931,706,23,4,1,81
15932,706,23,4,2,99
15933,706,23,5,1,86
15934,706,23,5,2,89
15935,706,23,6,1,77
15936,706,23,6,2,74
15937,706,23,1,1,87
15938,706,23,1,2,101
15939,706,23,2,1,85
15940,706,23,2,2,104
15941,706,23,3,1,69
15942,706,23,3,2,89
15943,706,23,4,1,81
15944,706,23,4,2,100
15945,706,23,5,1,91
15946,706,23,5,2,95
15947,706,23,6,1,85
15948,706,23,6,2,84
15949,707,23,1,1,130
15950,707,23,1,2,156
15951,707,23,2,1,109
15952,707,23,2,2,125
15953,707,23,3,1,118
15954,707,23,3,2,134
15955,707,23,4,1,112
15956,707,23,4,2,121
15957,707,23,5,1,105
15958,707,23,5,2,123
15959,707,23,6,1,104
15960,707,23,6,2,115
15961,707,23,1,1,122
15962,707,23,1,2,148
15963,707,23,2,1,100
15964,707,23,2,2,119
15965,707,23,3,1,117
15966,707,23,3,2,132
15967,707,23,4,1,117
15968,707,23,4,2,122
15969,707,23,5,1,111
15970,707,23,5,2,126
15971,707,23,6,1,106
15972,707,23,6,2,119
15973,708,23,1,1,119
15974,708,23,1,2,130
15975,708,23,2,1,100
15976,708,23,2,2,106
15977,708,23,3,1,90
15978,708,23,3,2,102
15979,708,23,4,1,93
15980,708,23,4,2,99
15981,708,23,5,1,99
15982,708,23,5,2,100
15983,708,23,6,1,107
15984,708,23,6,2,112
15985,708,23,1,1,122
15986,708,23,1,2,131
15987,708,23,2,1,109
15988,708,23,2,2,119
15989,708,23,3,1,92
15990,708,23,3,2,106
15991,708,23,4,1,96
15992,708,23,4,2,102
15993,708,23,5,1,99
15994,708,23,5,2,99
15995,708,23,6,1,107
15996,708,23,6,2,111
15997,709,23,1,1,91
15998,709,23,1,2,90
15999,709,23,2,1,102
16000,709,23,2,2,109
16001,709,23,3,1,105
16002,709,23,3,2,106
16003,709,23,4,1,85
16004,709,23,4,2,89
16005,709,23,5,1,86
16006,709,23,5,2,96
16007,709,23,6,1,84
16008,709,23,6,2,96
16009,709,23,1,1,100
16010,709,23,1,2,100
16011,709,23,2,1,102
16012,709,23,2,2,110
16013,709,23,3,1,114
16014,709,23,3,2,115
16015,709,23,4,1,98
16016,709,23,4,2,104
16017,709,23,5,1,93
16018,709,23,5,2,104
16019,709,23,6,1,93
16020,709,23,6,2,105
16021,710,23,1,1,89
16022,710,23,1,2,90
16023,710,23,2,1,82
16024,710,23,2,2,84
16025,710,23,3,1,67
16026,710,23,3,2,78
16027,710,23,4,1,80
16028,710,23,4,2,99
16029,710,23,5,1,81
16030,710,23,5,2,83
16031,710,23,6,1,106
16032,710,23,6,2,89
16033,710,23,1,1,98
16034,710,23,1,2,101
16035,710,23,2,1,88
16036,710,23,2,2,93
16037,710,23,3,1,69
16038,710,23,3,2,80
16039,710,23,4,1,86
16040,710,23,4,2,105
16041,710,23,5,1,85
16042,710,23,5,2,89
16043,710,23,6,1,101
16044,710,23,6,2,91
16045,711,23,1,1,52
16046,711,23,1,2,64
16047,711,23,2,1,67
16048,711,23,2,2,84
16049,711,23,3,1,74
16050,711,23,3,2,87
16051,711,23,4,1,82
16052,711,23,4,2,87
16053,711,23,5,1,78
16054,711,23,5,2,101
16055,711,23,6,1,103
16056,711,23,6,2,112
16057,711,23,1,1,53
16058,711,23,1,2,69
16059,711,23,2,1,65
16060,711,23,2,2,87
16061,711,23,3,1,73
16062,711,23,3,2,89
16063,711,23,4,1,83
16064,711,23,4,2,91
16065,711,23,5,1,78
16066,711,23,5,2,101
16067,711,23,6,1,101
16068,711,23,6,2,109
16069,712,23,1,1,100
16070,712,23,1,2,103
16071,712,23,2,1,93
16072,712,23,2,2,94
16073,712,23,3,1,74
16074,712,23,3,2,82
16075,712,23,4,1,78
16076,712,23,4,2,98
16077,712,23,5,1,93
16078,712,23,5,2,95
16079,712,23,6,1,94
16080,712,23,6,2,91
16081,712,23,1,1,101
16082,712,23,1,2,110
16083,712,23,2,1,95
16084,712,23,2,2,100
16085,712,23,3,1,78
16086,712,23,3,2,91
16087,712,23,4,1,83
16088,712,23,4,2,104
16089,712,23,5,1,95
16090,712,23,5,2,99
16091,712,23,6,1,96
16092,712,23,6,2,92
16093,713,23,1,1,67
16094,713,23,1,2,71
16095,713,23,2,1,71
16096,713,23,2,2,81
16097,713,23,3,1,83
16098,713,23,3,2,96
16099,713,23,4,1,73
16100,713,23,4,2,64
16101,713,23,5,1,60
16102,713,23,5,2,70
16103,713,23,6,1,54
16104,713,23,6,2,68
16105,713,23,1,1,67
16106,713,23,1,2,70
16107,713,23,2,1,70
16108,713,23,2,2,80
16109,713,23,3,1,83
16110,713,23,3,2,94
16111,713,23,4,1,73
16112,713,23,4,2,65
16113,713,23,5,1,60
16114,713,23,5,2,70
16115,713,23,6,1,57
16116,713,23,6,2,71
16117,714,23,1,1,64
16118,714,23,1,2,81
16119,714,23,2,1,68
16120,714,23,2,2,92
16121,714,23,3,1,90
16122,714,23,3,2,98
16123,714,23,4,1,99
16124,714,23,4,2,108
16125,714,23,5,1,105
16126,714,23,5,2,122
16127,714,23,6,1,106
16128,714,23,6,2,117
16129,714,23,1,1,64
16130,714,23,1,2,85
16131,714,23,2,1,68
16132,714,23,2,2,94
16133,714,23,3,1,92
16134,714,23,3,2,100
16135,714,23,4,1,103
16136,714,23,4,2,109
16137,714,23,5,1,104
16138,714,23,5,2,115
16139,714,23,6,1,105
16140,714,23,6,2,115
16141,715,23,1,1,116
16142,715,23,1,2,118
16143,715,23,2,1,101
16144,715,23,2,2,106
16145,715,23,3,1,110
16146,715,23,3,2,115
16147,715,23,4,1,89
16148,715,23,4,2,93
16149,715,23,5,1,100
16150,715,23,5,2,110
16151,715,23,6,1,96
16152,715,23,6,2,106
16153,715,23,1,1,115
16154,715,23,1,2,117
16155,715,23,2,1,101
16156,715,23,2,2,106
16157,715,23,3,1,110
16158,715,23,3,2,114
16159,715,23,4,1,89
16160,715,23,4,2,93
16161,715,23,5,1,100
16162,715,23,5,2,110
16163,715,23,6,1,96
16164,715,23,6,2,106
16165,716,23,1,1,109
16166,716,23,1,2,103
16167,716,23,2,1,121
16168,716,23,2,2,125
16169,716,23,3,1,112
16170,716,23,3,2,124
16171,716,23,4,1,106
16172,716,23,4,2,119
16173,716,23,5,1,95
16174,716,23,5,2,113
16175,716,23,6,1,94
16176,716,23,6,2,109
16177,716,23,1,1,109
16178,716,23,1,2,103
16179,716,23,2,1,121
16180,716,23,2,2,125
16181,716,23,3,1,112
16182,716,23,3,2,124
16183,716,23,4,1,106
16184,716,23,4,2,119
16185,716,23,5,1,95
16186,716,23,5,2,113
16187,716,23,6,1,94
16188,716,23,6,2,109
16189,717,23,1,1,79
16190,717,23,1,2,90
16191,717,23,2,1,76
16192,717,23,2,2,92
16193,717,23,3,1,91
16194,717,23,3,2,109
16195,717,23,4,1,76
16196,717,23,4,2,94
16197,717,23,5,1,91
16198,717,23,5,2,104
16199,717,23,6,1,90
16200,717,23,6,2,94
16201,717,23,1,1,80
16202,717,23,1,2,91
16203,717,23,2,1,78
16204,717,23,2,2,93
16205,717,23,3,1,91
16206,717,23,3,2,110
16207,717,23,4,1,79
16208,717,23,4,2,98
16209,717,23,5,1,92
16210,717,23,5,2,105
16211,717,23,6,1,91
16212,717,23,6,2,93
16213,718,23,1,1,88
16214,718,23,1,2,109
16215,718,23,2,1,71
16216,718,23,2,2,96
16217,718,23,3,1,72
16218,718,23,3,2,94
16219,718,23,4,1,85
16220,718,23,4,2,109
16221,718,23,5,1,101
16222,718,23,5,2,115
16223,718,23,6,1,98
16224,718,23,6,2,105
16225,718,23,1,1,90
16226,718,23,1,2,120
16227,718,23,2,1,75
16228,718,23,2,2,114
16229,718,23,3,1,71
16230,718,23,3,2,103
16231,718,23,4,1,86
16232,718,23,4,2,112
16233,718,23,5,1,104
16234,718,23,5,2,116
16235,718,23,6,1,101
16236,718,23,6,2,106
16237,719,23,1,1,103
16238,719,23,1,2,108
16239,719,23,2,1,93
16240,719,23,2,2,99
16241,719,23,3,1,90
16242,719,23,3,2,103
16243,719,23,4,1,98
16244,719,23,4,2,120
16245,719,23,5,1,105
16246,719,23,5,2,112
16247,719,23,6,1,95
16248,719,23,6,2,113
16249,719,23,1,1,99
16250,719,23,1,2,107
16251,719,23,2,1,93
16252,719,23,2,2,102
16253,719,23,3,1,93
16254,719,23,3,2,108
16255,719,23,4,1,105
16256,719,23,4,2,125
16257,719,23,5,1,106
16258,719,23,5,2,112
16259,719,23,6,1,102
16260,719,23,6,2,116
16261,720,23,1,1,82
16262,720,23,1,2,93
16263,720,23,2,1,81
16264,720,23,2,2,97
16265,720,23,3,1,79
16266,720,23,3,2,105
16267,720,23,4,1,74
16268,720,23,4,2,97
16269,720,23,5,1,86
16270,720,23,5,2,91
16271,720,23,6,1,83
16272,720,23,6,2,83
16273,720,23,1,1,82
16274,720,23,1,2,93
16275,720,23,2,1,80
16276,720,23,2,2,97
16277,720,23,3,1,79
16278,720,23,3,2,105
16279,720,23,4,1,74
16280,720,23,4,2,97
16281,720,23,5,1,86
16282,720,23,5,2,92
16283,720,23,6,1,83
16284,720,23,6,2,85
16285,721,23,1,1,61
16286,721,23,1,2,69
16287,721,23,2,1,76
16288,721,23,2,2,66
16289,721,23,3,1,83
16290,721,23,3,2,60
16291,721,23,4,1,86
16292,721,23,4,2,70
16293,721,23,5,1,89
16294,721,23,5,2,71
16295,721,23,6,1,92
16296,721,23,6,2,70
16297,721,23,1,1,61
16298,721,23,1,2,69
16299,721,23,2,1,76
16300,721,23,2,2,66
16301,721,23,3,1,83
16302,721,23,3,2,60
16303,721,23,4,1,86
16304,721,23,4,2,70
16305,721,23,5,1,89
16306,721,23,5,2,71
16307,721,23,6,1,92
16308,721,23,6,2,70
16309,722,23,1,1,90
16310,722,23,1,2,100
16311,722,23,2,1,73
16312,722,23,2,2,86
16313,722,23,3,1,81
16314,722,23,3,2,77
16315,722,23,4,1,77
16316,722,23,4,2,92
16317,722,23,5,1,88
16318,722,23,5,2,92
16319,722,23,6,1,93
16320,722,23,6,2,98
16321,722,23,1,1,87
16322,722,23,1,2,98
16323,722,23,2,1,73
16324,722,23,2,2,91
16325,722,23,3,1,79
16326,722,23,3,2,82
16327,722,23,4,1,81
16328,722,23,4,2,94
16329,722,23,5,1,117
16330,722,23,5,2,98
16331,722,23,6,1,96
16332,722,23,6,2,93
16333,723,23,1,1,58
16334,723,23,1,2,81
16335,723,23,2,1,66
16336,723,23,2,2,82
16337,723,23,3,1,69
16338,723,23,3,2,70
16339,723,23,4,1,69
16340,723,23,4,2,68
16341,723,23,5,1,67
16342,723,23,5,2,68
16343,723,23,6,1,74
16344,723,23,6,2,75
16345,723,23,1,1,57
16346,723,23,1,2,77
16347,723,23,2,1,67
16348,723,23,2,2,82
16349,723,23,3,1,69
16350,723,23,3,2,69
16351,723,23,4,1,71
16352,723,23,4,2,71
16353,723,23,5,1,74
16354,723,23,5,2,77
16355,723,23,6,1,78
16356,723,23,6,2,77
16357,724,23,1,1,61
16358,724,23,1,2,72
16359,724,23,2,1,73
16360,724,23,2,2,94
16361,724,23,3,1,70
16362,724,23,3,2,75
16363,724,23,4,1,76
16364,724,23,4,2,74
16365,724,23,5,1,83
16366,724,23,5,2,89
16367,724,23,6,1,90
16368,724,23,6,2,83
16369,724,23,1,1,65
16370,724,23,1,2,79
16371,724,23,2,1,72
16372,724,23,2,2,97
16373,724,23,3,1,74
16374,724,23,3,2,78
16375,724,23,4,1,84
16376,724,23,4,2,78
16377,724,23,5,1,92
16378,724,23,5,2,95
16379,724,23,6,1,95
16380,724,23,6,2,88
16381,725,23,1,1,78
16382,725,23,1,2,92
16383,725,23,2,1,78
16384,725,23,2,2,88
16385,725,23,3,1,66
16386,725,23,3,2,68
16387,725,23,4,1,59
16388,725,23,4,2,65
16389,725,23,5,1,66
16390,725,23,5,2,68
16391,725,23,6,1,83
16392,725,23,6,2,75
16393,725,23,1,1,76
16394,725,23,1,2,85
16395,725,23,2,1,81
16396,725,23,2,2,88
16397,725,23,3,1,69
16398,725,23,3,2,74
16399,725,23,4,1,64
16400,725,23,4,2,69
16401,725,23,5,1,71
16402,725,23,5,2,73
16403,725,23,6,1,83
16404,725,23,6,2,77
16405,726,23,1,1,142
16406,726,23,1,2,146
16407,726,23,2,1,127
16408,726,23,2,2,123
16409,726,23,3,1,115
16410,726,23,3,2,127
16411,726,23,4,1,118
16412,726,23,4,2,139
16413,726,23,5,1,124
16414,726,23,5,2,134
16415,726,23,6,1,94
16416,726,23,6,2,113
16417,726,23,1,1,136
16418,726,23,1,2,140
16419,726,23,2,1,126
16420,726,23,2,2,125
16421,726,23,3,1,125
16422,726,23,3,2,133
16423,726,23,4,1,112
16424,726,23,4,2,129
16425,726,23,5,1,119
16426,726,23,5,2,133
16427,726,23,6,1,96
16428,726,23,6,2,113
16429,727,23,1,1,68
16430,727,23,1,2,102
16431,727,23,2,1,101
16432,727,23,2,2,128
16433,727,23,3,1,83
16434,727,23,3,2,91
16435,727,23,4,1,79
16436,727,23,4,2,83
16437,727,23,5,1,76
16438,727,23,5,2,89
16439,727,23,6,1,91
16440,727,23,6,2,107
16441,727,23,1,1,65
16442,727,23,1,2,105
16443,727,23,2,1,85
16444,727,23,2,2,121
16445,727,23,3,1,79
16446,727,23,3,2,90
16447,727,23,4,1,76
16448,727,23,4,2,82
16449,727,23,5,1,75
16450,727,23,5,2,90
16451,727,23,6,1,87
16452,727,23,6,2,100
16453,728,23,1,1,83
16454,728,23,1,2,106
16455,728,23,2,1,86
16456,728,23,2,2,98
16457,728,23,3,1,97
16458,728,23,3,2,91
16459,728,23,4,1,94
16460,728,23,4,2,92
16461,728,23,5,1,98
16462,728,23,5,2,86
16463,728,23,6,1,93
16464,728,23,6,2,89
16465,728,23,1,1,77
16466,728,23,1,2,94
16467,728,23,2,1,84
16468,728,23,2,2,105
16469,728,23,3,1,95
16470,728,23,3,2,93
16471,728,23,4,1,100
16472,728,23,4,2,104
16473,728,23,5,1,103
16474,728,23,5,2,93
16475,728,23,6,1,95
16476,728,23,6,2,89
16477,729,23,1,1,96
16478,729,23,1,2,107
16479,729,23,2,1,88
16480,729,23,2,2,108
16481,729,23,3,1,83
16482,729,23,3,2,95
16483,729,23,4,1,74
16484,729,23,4,2,89
16485,729,23,5,1,70
16486,729,23,5,2,70
16487,729,23,6,1,71
16488,729,23,6,2,71
16489,729,23,1,1,94
16490,729,23,1,2,107
16491,729,23,2,1,88
16492,729,23,2,2,108
16493,729,23,3,1,84
16494,729,23,3,2,96
16495,729,23,4,1,79
16496,729,23,4,2,91
16497,729,23,5,1,73
16498,729,23,5,2,74
16499,729,23,6,1,73
16500,729,23,6,2,73
16501,730,23,1,1,105
16502,730,23,1,2,123
16503,730,23,2,1,119
16504,730,23,2,2,133
16505,730,23,3,1,130
16506,730,23,3,2,137
16507,730,23,4,1,124
16508,730,23,4,2,145
16509,730,23,5,1,134
16510,730,23,5,2,142
16511,730,23,6,1,135
16512,730,23,6,2,123
16513,730,23,1,1,105
16514,730,23,1,2,123
16515,730,23,2,1,119
16516,730,23,2,2,133
16517,730,23,3,1,130
16518,730,23,3,2,137
16519,730,23,4,1,124
16520,730,23,4,2,145
16521,730,23,5,1,134
16522,730,23,5,2,142
16523,730,23,6,1,135
16524,730,23,6,2,123
16525,731,23,1,1,132
16526,731,23,1,2,138
16527,731,23,2,1,126
16528,731,23,2,2,129
16529,731,23,3,1,124
16530,731,23,3,2,134
16531,731,23,4,1,112
16532,731,23,4,2,128
16533,731,23,5,1,108
16534,731,23,5,2,131
16535,731,23,6,1,97
16536,731,23,6,2,113
16537,732,24,1,1,107
16538,732,24,1,2,101
16539,732,24,2,1,105
16540,732,24,2,2,100
16541,732,24,3,1,106
16542,732,24,3,2,102
16543,732,24,4,1,104
16544,732,24,4,2,103
16545,732,24,5,1,103
16546,732,24,5,2,102
16547,732,24,6,1,103
16548,732,24,6,2,103
16549,732,24,1,1,107
16550,732,24,1,2,101
16551,732,24,2,1,104
16552,732,24,2,2,101
16553,732,24,3,1,105
16554,732,24,3,2,102
16555,732,24,4,1,104
16556,732,24,4,2,104
16557,732,24,5,1,103
16558,732,24,5,2,103
16559,732,24,6,1,103
16560,732,24,6,2,103
16561,733,24,1,1,78
16562,733,24,1,2,97
16563,733,24,2,1,90
16564,733,24,2,2,93
16565,733,24,3,1,88
16566,733,24,3,2,91
16567,733,24,4,1,92
16568,733,24,4,2,89
16569,733,24,5,1,89
16570,733,24,5,2,89
16571,733,24,6,1,88
16572,733,24,6,2,89
16573,733,24,1,1,78
16574,733,24,1,2,97
16575,733,24,2,1,90
16576,733,24,2,2,94
16577,733,24,3,1,88
16578,733,24,3,2,91
16579,733,24,4,1,93
16580,733,24,4,2,90
16581,733,24,5,1,90
16582,733,24,5,2,90
16583,733,24,6,1,88
16584,733,24,6,2,90
16585,734,24,1,1,96
16586,734,24,1,2,98
16587,734,24,2,1,96
16588,734,24,2,2,101
16589,734,24,3,1,94
16590,734,24,3,2,98
16591,734,24,4,1,95
16592,734,24,4,2,93
16593,734,24,5,1,98
16594,734,24,5,2,99
16595,734,24,6,1,94
16596,734,24,6,2,96
16597,734,24,1,1,96
16598,734,24,1,2,98
16599,734,24,2,1,96
16600,734,24,2,2,101
16601,734,24,3,1,94
16602,734,24,3,2,98
16603,734,24,4,1,95
16604,734,24,4,2,93
16605,734,24,5,1,98
16606,734,24,5,2,99
16607,734,24,6,1,94
16608,734,24,6,2,96
16609,735,24,1,1,92
16610,735,24,1,2,98
16611,735,24,2,1,93
16612,735,24,2,2,97
16613,735,24,3,1,93
16614,735,24,3,2,95
16615,735,24,4,1,96
16616,735,24,4,2,94
16617,735,24,5,1,96
16618,735,24,5,2,97
16619,735,24,6,1,93
16620,735,24,6,2,93
16621,735,24,1,1,92
16622,735,24,1,2,97
16623,735,24,2,1,93
16624,735,24,2,2,97
16625,735,24,3,1,93
16626,735,24,3,2,95
16627,735,24,4,1,97
16628,735,24,4,2,95
16629,735,24,5,1,96
16630,735,24,5,2,98
16631,735,24,6,1,94
16632,735,24,6,2,94
16633,736,24,1,1,106
16634,736,24,1,2,109
16635,736,24,2,1,98
16636,736,24,2,2,106
16637,736,24,3,1,97
16638,736,24,3,2,101
16639,736,24,4,1,98
16640,736,24,4,2,95
16641,736,24,5,1,100
16642,736,24,5,2,102
16643,736,24,6,1,96
16644,736,24,6,2,98
16645,736,24,1,1,106
16646,736,24,1,2,109
16647,736,24,2,1,98
16648,736,24,2,2,106
16649,736,24,3,1,97
16650,736,24,3,2,101
16651,736,24,4,1,98
16652,736,24,4,2,95
16653,736,24,5,1,100
16654,736,24,5,2,102
16655,736,24,6,1,96
16656,736,24,6,2,98
16657,737,24,1,1,81
16658,737,24,1,2,96
16659,737,24,2,1,98
16660,737,24,2,2,99
16661,737,24,3,1,95
16662,737,24,3,2,100
16663,737,24,4,1,100
16664,737,24,4,2,96
16665,737,24,5,1,100
16666,737,24,5,2,94
16667,737,24,6,1,98
16668,737,24,6,2,99
16669,737,24,1,1,78
16670,737,24,1,2,93
16671,737,24,2,1,96
16672,737,24,2,2,97
16673,737,24,3,1,92
16674,737,24,3,2,96
16675,737,24,4,1,96
16676,737,24,4,2,84
16677,737,24,5,1,99
16678,737,24,5,2,97
16679,737,24,6,1,94
16680,737,24,6,2,95
16681,738,24,1,1,104
16682,738,24,1,2,129
16683,738,24,2,1,93
16684,738,24,2,2,106
16685,738,24,3,1,97
16686,738,24,3,2,106
16687,738,24,4,1,99
16688,738,24,4,2,101
16689,738,24,5,1,106
16690,738,24,5,2,109
16691,738,24,6,1,98
16692,738,24,6,2,100
16693,738,24,1,1,104
16694,738,24,1,2,129
16695,738,24,2,1,93
16696,738,24,2,2,106
16697,738,24,3,1,97
16698,738,24,3,2,106
16699,738,24,4,1,99
16700,738,24,4,2,101
16701,738,24,5,1,106
16702,738,24,5,2,109
16703,738,24,6,1,98
16704,738,24,6,2,100
16705,739,24,1,1,108
16706,739,24,1,2,114
16707,739,24,2,1,101
16708,739,24,2,2,107
16709,739,24,3,1,95
16710,739,24,3,2,98
16711,739,24,4,1,104
16712,739,24,4,2,105
16713,739,24,5,1,120
16714,739,24,5,2,117
16715,739,24,6,1,113
16716,739,24,6,2,116
16717,739,24,1,1,108
16718,739,24,1,2,114
16719,739,24,2,1,100
16720,739,24,2,2,106
16721,739,24,3,1,95
16722,739,24,3,2,98
16723,739,24,4,1,103
16724,739,24,4,2,104
16725,739,24,5,1,119
16726,739,24,5,2,116
16727,739,24,6,1,112
16728,739,24,6,2,115
16729,740,24,1,1,101
16730,740,24,1,2,112
16731,740,24,2,1,98
16732,740,24,2,2,102
16733,740,24,3,1,101
16734,740,24,3,2,105
16735,740,24,4,1,103
16736,740,24,4,2,102
16737,740,24,5,1,104
16738,740,24,5,2,100
16739,740,24,6,1,88
16740,740,24,6,2,88
16741,740,24,1,1,99
16742,740,24,1,2,109
16743,740,24,2,1,97
16744,740,24,2,2,102
16745,740,24,3,1,97
16746,740,24,3,2,101
16747,740,24,4,1,102
16748,740,24,4,2,102
16749,740,24,5,1,102
16750,740,24,5,2,99
16751,740,24,6,1,89
16752,740,24,6,2,89
16753,741,24,1,1,112
16754,741,24,1,2,125
16755,741,24,2,1,104
16756,741,24,2,2,112
16757,741,24,3,1,98
16758,741,24,3,2,101
16759,741,24,4,1,102
16760,741,24,4,2,103
16761,741,24,5,1,97
16762,741,24,5,2,102
16763,741,24,6,1,104
16764,741,24,6,2,105
16765,741,24,1,1,112
16766,741,24,1,2,125
16767,741,24,2,1,104
16768,741,24,2,2,112
16769,741,24,3,1,98
16770,741,24,3,2,101
16771,741,24,4,1,102
16772,741,24,4,2,103
16773,741,24,5,1,97
16774,741,24,5,2,102
16775,741,24,6,1,104
16776,741,24,6,2,105
16777,742,24,1,1,73
16778,742,24,1,2,77
16779,742,24,2,1,77
16780,742,24,2,2,83
16781,742,24,3,1,81
16782,742,24,3,2,84
16783,742,24,4,1,82
16784,742,24,4,2,90
16785,742,24,5,1,86
16786,742,24,5,2,83
16787,742,24,6,1,78
16788,742,24,6,2,84
16789,742,24,1,1,73
16790,742,24,1,2,77
16791,742,24,2,1,77
16792,742,24,2,2,83
16793,742,24,3,1,81
16794,742,24,3,2,84
16795,742,24,4,1,82
16796,742,24,4,2,90
16797,742,24,5,1,86
16798,742,24,5,2,83
16799,742,24,6,1,78
16800,742,24,6,2,84
16801,743,24,1,1,96
16802,743,24,1,2,110
16803,743,24,2,1,91
16804,743,24,2,2,103
16805,743,24,3,1,91
16806,743,24,3,2,96
16807,743,24,4,1,96
16808,743,24,4,2,103
16809,743,24,5,1,97
16810,743,24,5,2,102
16811,743,24,6,1,105
16812,743,24,6,2,110
16813,743,24,1,1,96
16814,743,24,1,2,110
16815,743,24,2,1,91
16816,743,24,2,2,103
16817,743,24,3,1,91
16818,743,24,3,2,96
16819,743,24,4,1,96
16820,743,24,4,2,103
16821,743,24,5,1,97
16822,743,24,5,2,102
16823,743,24,6,1,105
16824,743,24,6,2,110
16825,744,24,1,1,145
16826,744,24,1,2,154
16827,744,24,2,1,117
16828,744,24,2,2,129
16829,744,24,3,1,115
16830,744,24,3,2,113
16831,744,24,4,1,108
16832,744,24,4,2,113
16833,744,24,5,1,106
16834,744,24,5,2,97
16835,744,24,6,1,84
16836,744,24,6,2,88
16837,744,24,1,1,124
16838,744,24,1,2,135
16839,744,24,2,1,104
16840,744,24,2,2,116
16841,744,24,3,1,106
16842,744,24,3,2,105
16843,744,24,4,1,103
16844,744,24,4,2,109
16845,744,24,5,1,100
16846,744,24,5,2,92
16847,744,24,6,1,82
16848,744,24,6,2,86
16849,745,24,1,1,83
16850,745,24,1,2,85
16851,745,24,2,1,95
16852,745,24,2,2,109
16853,745,24,3,1,86
16854,745,24,3,2,96
16855,745,24,4,1,85
16856,745,24,4,2,85
16857,745,24,5,1,82
16858,745,24,5,2,82
16859,745,24,6,1,81
16860,745,24,6,2,84
16861,745,24,1,1,83
16862,745,24,1,2,85
16863,745,24,2,1,95
16864,745,24,2,2,109
16865,745,24,3,1,86
16866,745,24,3,2,96
16867,745,24,4,1,85
16868,745,24,4,2,85
16869,745,24,5,1,82
16870,745,24,5,2,82
16871,745,24,6,1,81
16872,745,24,6,2,84
16873,746,24,1,1,74
16874,746,24,1,2,89
16875,746,24,2,1,88
16876,746,24,2,2,100
16877,746,24,3,1,82
16878,746,24,3,2,88
16879,746,24,4,1,94
16880,746,24,4,2,95
16881,746,24,5,1,90
16882,746,24,5,2,92
16883,746,24,6,1,84
16884,746,24,6,2,85
16885,746,24,1,1,74
16886,746,24,1,2,89
16887,746,24,2,1,88
16888,746,24,2,2,100
16889,746,24,3,1,82
16890,746,24,3,2,88
16891,746,24,4,1,94
16892,746,24,4,2,95
16893,746,24,5,1,90
16894,746,24,5,2,92
16895,746,24,6,1,84
16896,746,24,6,2,85
16897,747,24,1,1,91
16898,747,24,1,2,93
16899,747,24,2,1,93
16900,747,24,2,2,97
16901,747,24,3,1,98
16902,747,24,3,2,102
16903,747,24,4,1,94
16904,747,24,4,2,99
16905,747,24,5,1,94
16906,747,24,5,2,99
16907,747,24,6,1,85
16908,747,24,6,2,96
16909,747,24,1,1,91
16910,747,24,1,2,93
16911,747,24,2,1,93
16912,747,24,2,2,97
16913,747,24,3,1,98
16914,747,24,3,2,102
16915,747,24,4,1,94
16916,747,24,4,2,99
16917,747,24,5,1,94
16918,747,24,5,2,99
16919,747,24,6,1,85
16920,747,24,6,2,96
16921,748,24,1,1,105
16922,748,24,1,2,109
16923,748,24,2,1,109
16924,748,24,2,2,119
16925,748,24,3,1,99
16926,748,24,3,2,109
16927,748,24,4,1,100
16928,748,24,4,2,106
16929,748,24,5,1,99
16930,748,24,5,2,107
16931,748,24,6,1,118
16932,748,24,6,2,122
16933,748,24,1,1,105
16934,748,24,1,2,109
16935,748,24,2,1,109
16936,748,24,2,2,119
16937,748,24,3,1,99
16938,748,24,3,2,109
16939,748,24,4,1,100
16940,748,24,4,2,106
16941,748,24,5,1,99
16942,748,24,5,2,107
16943,748,24,6,1,118
16944,748,24,6,2,122
16945,749,24,1,1,106
16946,749,24,1,2,105
16947,749,24,2,1,91
16948,749,24,2,2,96
16949,749,24,3,1,89
16950,749,24,3,2,97
16951,749,24,4,1,91
16952,749,24,4,2,96
16953,749,24,5,1,91
16954,749,24,5,2,99
16955,749,24,6,1,92
16956,749,24,6,2,92
16957,749,24,1,1,106
16958,749,24,1,2,105
16959,749,24,2,1,91
16960,749,24,2,2,96
16961,749,24,3,1,89
16962,749,24,3,2,97
16963,749,24,4,1,91
16964,749,24,4,2,96
16965,749,24,5,1,91
16966,749,24,5,2,99
16967,749,24,6,1,92
16968,749,24,6,2,92
16969,750,24,1,1,87
16970,750,24,1,2,95
16971,750,24,2,1,85
16972,750,24,2,2,96
16973,750,24,3,1,92
16974,750,24,3,2,101
16975,750,24,4,1,97
16976,750,24,4,2,93
16977,750,24,5,1,94
16978,750,24,5,2,97
16979,750,24,6,1,104
16980,750,24,6,2,115
16981,750,24,1,1,87
16982,750,24,1,2,95
16983,750,24,2,1,85
16984,750,24,2,2,96
16985,750,24,3,1,92
16986,750,24,3,2,101
16987,750,24,4,1,97
16988,750,24,4,2,93
16989,750,24,5,1,94
16990,750,24,5,2,97
16991,750,24,6,1,104
16992,750,24,6,2,115
16993,751,24,1,1,91
16994,751,24,1,2,94
16995,751,24,2,1,104
16996,751,24,2,2,110
16997,751,24,3,1,94
16998,751,24,3,2,102
16999,751,24,4,1,85
17000,751,24,4,2,83
17001,751,24,5,1,101
17002,751,24,5,2,103
17003,751,24,6,1,98
17004,751,24,6,2,105
17005,751,24,1,1,91
17006,751,24,1,2,94
17007,751,24,2,1,104
17008,751,24,2,2,110
17009,751,24,3,1,94
17010,751,24,3,2,102
17011,751,24,4,1,85
17012,751,24,4,2,83
17013,751,24,5,1,101
17014,751,24,5,2,103
17015,751,24,6,1,98
17016,751,24,6,2,105
17017,752,24,1,1,85
17018,752,24,1,2,86
17019,752,24,2,1,92
17020,752,24,2,2,99
17021,752,24,3,1,97
17022,752,24,3,2,104
17023,752,24,4,1,93
17024,752,24,4,2,95
17025,752,24,5,1,87
17026,752,24,5,2,82
17027,752,24,6,1,84
17028,752,24,6,2,87
17029,752,24,1,1,85
17030,752,24,1,2,86
17031,752,24,2,1,92
17032,752,24,2,2,99
17033,752,24,3,1,97
17034,752,24,3,2,104
17035,752,24,4,1,93
17036,752,24,4,2,95
17037,752,24,5,1,87
17038,752,24,5,2,82
17039,752,24,6,1,84
17040,752,24,6,2,87
17041,753,24,1,1,91
17042,753,24,1,2,102
17043,753,24,2,1,91
17044,753,24,2,2,105
17045,753,24,3,1,86
17046,753,24,3,2,88
17047,753,24,4,1,104
17048,753,24,4,2,103
17049,753,24,5,1,82
17050,753,24,5,2,87
17051,753,24,6,1,104
17052,753,24,6,2,105
17053,753,24,1,1,91
17054,753,24,1,2,102
17055,753,24,2,1,91
17056,753,24,2,2,105
17057,753,24,3,1,86
17058,753,24,3,2,88
17059,753,24,4,1,104
17060,753,24,4,2,103
17061,753,24,5,1,82
17062,753,24,5,2,87
17063,753,24,6,1,104
17064,753,24,6,2,105
17065,754,24,1,1,135
17066,754,24,1,2,143
17067,754,24,2,1,111
17068,754,24,2,2,116
17069,754,24,3,1,101
17070,754,24,3,2,102
17071,754,24,4,1,105
17072,754,24,4,2,106
17073,754,24,5,1,102
17074,754,24,5,2,101
17075,754,24,6,1,107
17076,754,24,6,2,108
17077,755,25,1,1,128
17078,755,25,1,2,133
17079,755,25,2,1,129
17080,755,25,2,2,137
17081,755,25,3,1,130
17082,755,25,3,2,138
17083,755,25,4,1,125
17084,755,25,4,2,133
17085,755,25,5,1,119
17086,755,25,5,2,134
17087,755,25,6,1,118
17088,755,25,6,2,134
17089,755,25,1,1,115
17090,755,25,1,2,118
17091,755,25,2,1,118
17092,755,25,2,2,122
17093,755,25,3,1,116
17094,755,25,3,2,120
17095,755,25,4,1,116
17096,755,25,4,2,120
17097,755,25,5,1,113
17098,755,25,5,2,119
17099,755,25,6,1,112
17100,755,25,6,2,119
17101,756,25,1,1,120
17102,756,25,1,2,130
17103,756,25,2,1,124
17104,756,25,2,2,133
17105,756,25,3,1,126
17106,756,25,3,2,135
17107,756,25,4,1,120
17108,756,25,4,2,126
17109,756,25,5,1,116
17110,756,25,5,2,131
17111,756,25,6,1,117
17112,756,25,6,2,134
17113,756,25,1,1,110
17114,756,25,1,2,116
17115,756,25,2,1,115
17116,756,25,2,2,120
17117,756,25,3,1,115
17118,756,25,3,2,120
17119,756,25,4,1,112
17120,756,25,4,2,115
17121,756,25,5,1,112
17122,756,25,5,2,117
17123,756,25,6,1,112
17124,756,25,6,2,118
17125,757,25,1,1,101
17126,757,25,1,2,108
17127,757,25,2,1,97
17128,757,25,2,2,105
17129,757,25,3,1,105
17130,757,25,3,2,114
17131,757,25,4,1,97
17132,757,25,4,2,104
17133,757,25,5,1,99
17134,757,25,5,2,113
17135,757,25,6,1,108
17136,757,25,6,2,123
17137,757,25,1,1,91
17138,757,25,1,2,94
17139,757,25,2,1,86
17140,757,25,2,2,89
17141,757,25,3,1,89
17142,757,25,3,2,92
17143,757,25,4,1,88
17144,757,25,4,2,92
17145,757,25,5,1,93
17146,757,25,5,2,97
17147,757,25,6,1,100
17148,757,25,6,2,106
17149,758,25,1,1,95
17150,758,25,1,2,96
17151,758,25,2,1,106
17152,758,25,2,2,114
17153,758,25,3,1,105
17154,758,25,3,2,114
17155,758,25,4,1,97
17156,758,25,4,2,98
17157,758,25,5,1,101
17158,758,25,5,2,103
17159,758,25,6,1,93
17160,758,25,6,2,97
17161,758,25,1,1,95
17162,758,25,1,2,96
17163,758,25,2,1,106
17164,758,25,2,2,114
17165,758,25,3,1,105
17166,758,25,3,2,114
17167,758,25,4,1,97
17168,758,25,4,2,98
17169,758,25,5,1,101
17170,758,25,5,2,103
17171,758,25,6,1,93
17172,758,25,6,2,97
17173,759,25,1,1,130
17174,759,25,1,2,125
17175,759,25,2,1,125
17176,759,25,2,2,117
17177,759,25,3,1,127
17178,759,25,3,2,124
17179,759,25,4,1,116
17180,759,25,4,2,111
17181,759,25,5,1,111
17182,759,25,5,2,115
17183,759,25,6,1,111
17184,759,25,6,2,117
17185,759,25,1,1,130
17186,759,25,1,2,125
17187,759,25,2,1,125
17188,759,25,2,2,117
17189,759,25,3,1,127
17190,759,25,3,2,124
17191,759,25,4,1,116
17192,759,25,4,2,111
17193,759,25,5,1,111
17194,759,25,5,2,115
17195,759,25,6,1,111
17196,759,25,6,2,117
17197,760,25,1,1,86
17198,760,25,1,2,87
17199,760,25,2,1,80
17200,760,25,2,2,77
17201,760,25,3,1,92
17202,760,25,3,2,89
17203,760,25,4,1,97
17204,760,25,4,2,95
17205,760,25,5,1,96
17206,760,25,5,2,97
17207,760,25,6,1,100
17208,760,25,6,2,104
17209,760,25,1,1,86
17210,760,25,1,2,87
17211,760,25,2,1,80
17212,760,25,2,2,77
17213,760,25,3,1,92
17214,760,25,3,2,89
17215,760,25,4,1,97
17216,760,25,4,2,95
17217,760,25,5,1,96
17218,760,25,5,2,97
17219,760,25,6,1,100
17220,760,25,6,2,104
17221,761,26,1,1,96
17222,761,26,1,2,93
17223,761,26,2,1,102
17224,761,26,2,2,100
17225,761,26,3,1,105
17226,761,26,3,2,106
17227,761,26,4,1,106
17228,761,26,4,2,108
17229,761,26,5,1,103
17230,761,26,5,2,106
17231,761,26,6,1,106
17232,761,26,6,2,107
17233,761,26,1,1,100
17234,761,26,1,2,101
17235,761,26,2,1,100
17236,761,26,2,2,100
17237,761,26,3,1,100
17238,761,26,3,2,100
17239,761,26,4,1,100
17240,761,26,4,2,100
17241,761,26,5,1,100
17242,761,26,5,2,100
17243,761,26,6,1,100
17244,761,26,6,2,100
17245,762,27,1,1,138
17246,762,27,1,2,142
17247,762,27,2,1,152
17248,762,27,2,2,157
17249,762,27,3,1,147
17250,762,27,3,2,154
17251,762,27,4,1,144
17252,762,27,4,2,155
17253,762,27,5,1,143
17254,762,27,5,2,160
17255,762,27,6,1,141
17256,762,27,6,2,158
17257,763,27,1,1,115
17258,763,27,1,2,116
17259,763,27,2,1,119
17260,763,27,2,2,120
17261,763,27,3,1,118
17262,763,27,3,2,119
17263,763,27,4,1,116
17264,763,27,4,2,118
17265,763,27,5,1,116
17266,763,27,5,2,119
17267,763,27,6,1,117
17268,763,27,6,2,122
17269,764,27,1,1,104
17270,764,27,1,2,120
17271,764,27,2,1,104
17272,764,27,2,2,124
17273,764,27,3,1,111
17274,764,27,3,2,129
17275,764,27,4,1,110
17276,764,27,4,2,123
17277,764,27,5,1,114
17278,764,27,5,2,129
17279,764,27,6,1,110
17280,764,27,6,2,123
17281,765,27,1,1,93
17282,765,27,1,2,106
17283,765,27,2,1,84
17284,765,27,2,2,97
17285,765,27,3,1,95
17286,765,27,3,2,107
17287,765,27,4,1,91
17288,765,27,4,2,98
17289,765,27,5,1,88
17290,765,27,5,2,95
17291,765,27,6,1,89
17292,765,27,6,2,96
17293,766,27,1,1,106
17294,766,27,1,2,107
17295,766,27,2,1,114
17296,766,27,2,2,113
17297,766,27,3,1,93
17298,766,27,3,2,88
17299,766,27,4,1,107
17300,766,27,4,2,98
17301,766,27,5,1,109
17302,766,27,5,2,107
17303,766,27,6,1,118
17304,766,27,6,2,116
17305,766,27,1,1,81
17306,766,27,1,2,80
17307,766,27,2,1,90
17308,766,27,2,2,87
17309,766,27,3,1,79
17310,766,27,3,2,73
17311,766,27,4,1,85
17312,766,27,4,2,78
17313,766,27,5,1,82
17314,766,27,5,2,77
17315,766,27,6,1,92
17316,766,27,6,2,84
17317,767,27,1,1,103
17318,767,27,1,2,102
17319,767,27,2,1,97
17320,767,27,2,2,96
17321,767,27,3,1,108
17322,767,27,3,2,117
17323,767,27,4,1,113
17324,767,27,4,2,128
17325,767,27,5,1,112
17326,767,27,5,2,131
17327,767,27,6,1,117
17328,767,27,6,2,129
17329,767,27,1,1,91
17330,767,27,1,2,88
17331,767,27,2,1,84
17332,767,27,2,2,82
17333,767,27,3,1,94
17334,767,27,3,2,99
17335,767,27,4,1,98
17336,767,27,4,2,107
17337,767,27,5,1,93
17338,767,27,5,2,102
17339,767,27,6,1,96
17340,767,27,6,2,101
17341,768,28,1,1,124
17342,768,28,1,2,119
17343,768,28,2,1,118
17344,768,28,2,2,109
17345,768,28,3,1,124
17346,768,28,3,2,110
17347,768,28,4,1,124
17348,768,28,4,2,109
17349,768,28,5,1,124
17350,768,28,5,2,112
17351,768,28,6,1,126
17352,768,28,6,2,109
17353,768,28,1,1,123
17354,768,28,1,2,118
17355,768,28,2,1,117
17356,768,28,2,2,109
17357,768,28,3,1,123
17358,768,28,3,2,109
17359,768,28,4,1,124
17360,768,28,4,2,108
17361,768,28,5,1,123
17362,768,28,5,2,111
17363,768,28,6,1,126
17364,768,28,6,2,108
17365,392,28,1,1,120
17366,392,28,1,2,141
17367,392,28,2,1,120
17368,392,28,2,2,129
17369,392,28,3,1,118
17370,392,28,3,2,119
17371,392,28,4,1,120
17372,392,28,4,2,119
17373,392,28,5,1,125
17374,392,28,5,2,125
17375,392,28,6,1,129
17376,392,28,6,2,122
17377,392,28,1,1,117
17378,392,28,1,2,133
17379,392,28,2,1,117
17380,392,28,2,2,123
17381,392,28,3,1,115
17382,392,28,3,2,113
17383,392,28,4,1,117
17384,392,28,4,2,115
17385,392,28,5,1,122
17386,392,28,5,2,121
17387,392,28,6,1,128
17388,392,28,6,2,120
17389,769,28,1,1,123
17390,769,28,1,2,170
17391,769,28,2,1,124
17392,769,28,2,2,149
17393,769,28,3,1,132
17394,769,28,3,2,140
17395,769,28,4,1,128
17396,769,28,4,2,130
17397,769,28,5,1,123
17398,769,28,5,2,128
17399,769,28,6,1,119
17400,769,28,6,2,120
17401,769,28,1,1,121
17402,769,28,1,2,166
17403,769,28,2,1,123
17404,769,28,2,2,146
17405,769,28,3,1,130
17406,769,28,3,2,137
17407,769,28,4,1,127
17408,769,28,4,2,127
17409,769,28,5,1,122
17410,769,28,5,2,126
17411,769,28,6,1,118
17412,769,28,6,2,118
17413,770,28,1,1,115
17414,770,28,1,2,127
17415,770,28,2,1,117
17416,770,28,2,2,121
17417,770,28,3,1,111
17418,770,28,3,2,115
17419,770,28,4,1,113
17420,770,28,4,2,114
17421,770,28,5,1,120
17422,770,28,5,2,121
17423,770,28,6,1,129
17424,770,28,6,2,129
17425,770,28,1,1,114
17426,770,28,1,2,124
17427,770,28,2,1,117
17428,770,28,2,2,122
17429,770,28,3,1,111
17430,770,28,3,2,116
17431,770,28,4,1,113
17432,770,28,4,2,115
17433,770,28,5,1,119
17434,770,28,5,2,121
17435,770,28,6,1,128
17436,770,28,6,2,130
17437,771,28,1,1,119
17438,771,28,1,2,98
17439,771,28,2,1,122
17440,771,28,2,2,103
17441,771,28,3,1,120
17442,771,28,3,2,104
17443,771,28,4,1,125
17444,771,28,4,2,120
17445,771,28,5,1,130
17446,771,28,5,2,129
17447,771,28,6,1,139
17448,771,28,6,2,130
17449,771,28,1,1,111
17450,771,28,1,2,92
17451,771,28,2,1,112
17452,771,28,2,2,98
17453,771,28,3,1,111
17454,771,28,3,2,98
17455,771,28,4,1,116
17456,771,28,4,2,111
17457,771,28,5,1,121
17458,771,28,5,2,118
17459,771,28,6,1,129
17460,771,28,6,2,120
17461,772,28,1,1,118
17462,772,28,1,2,84
17463,772,28,2,1,126
17464,772,28,2,2,112
17465,772,28,3,1,125
17466,772,28,3,2,117
17467,772,28,4,1,125
17468,772,28,4,2,115
17469,772,28,5,1,123
17470,772,28,5,2,119
17471,772,28,6,1,121
17472,772,28,6,2,127
17473,772,28,1,1,118
17474,772,28,1,2,84
17475,772,28,2,1,126
17476,772,28,2,2,112
17477,772,28,3,1,125
17478,772,28,3,2,117
17479,772,28,4,1,125
17480,772,28,4,2,115
17481,772,28,5,1,123
17482,772,28,5,2,119
17483,772,28,6,1,121
17484,772,28,6,2,127
17485,773,28,1,1,107
17486,773,28,1,2,116
17487,773,28,2,1,106
17488,773,28,2,2,105
17489,773,28,3,1,98
17490,773,28,3,2,96
17491,773,28,4,1,100
17492,773,28,4,2,100
17493,773,28,5,1,106
17494,773,28,5,2,114
17495,773,28,6,1,115
17496,773,28,6,2,119
17497,773,28,1,1,107
17498,773,28,1,2,116
17499,773,28,2,1,106
17500,773,28,2,2,105
17501,773,28,3,1,98
17502,773,28,3,2,96
17503,773,28,4,1,100
17504,773,28,4,2,100
17505,773,28,5,1,106
17506,773,28,5,2,114
17507,773,28,6,1,115
17508,773,28,6,2,119
17509,774,28,1,1,116
17510,774,28,1,2,132
17511,774,28,2,1,121
17512,774,28,2,2,149
17513,774,28,3,1,124
17514,774,28,3,2,154
17515,774,28,4,1,124
17516,774,28,4,2,154
17517,774,28,5,1,124
17518,774,28,5,2,145
17519,774,28,6,1,121
17520,774,28,6,2,147
17521,774,28,1,1,110
17522,774,28,1,2,123
17523,774,28,2,1,115
17524,774,28,2,2,140
17525,774,28,3,1,114
17526,774,28,3,2,142
17527,774,28,4,1,117
17528,774,28,4,2,147
17529,774,28,5,1,117
17530,774,28,5,2,139
17531,774,28,6,1,114
17532,774,28,6,2,138
17533,775,28,1,1,112
17534,775,28,1,2,94
17535,775,28,2,1,106
17536,775,28,2,2,110
17537,775,28,3,1,108
17538,775,28,3,2,121
17539,775,28,4,1,105
17540,775,28,4,2,113
17541,775,28,5,1,105
17542,775,28,5,2,111
17543,775,28,6,1,102
17544,775,28,6,2,118
17545,775,28,1,1,107
17546,775,28,1,2,91
17547,775,28,2,1,98
17548,775,28,2,2,105
17549,775,28,3,1,101
17550,775,28,3,2,115
17551,775,28,4,1,97
17552,775,28,4,2,107
17553,775,28,5,1,99
17554,775,28,5,2,107
17555,775,28,6,1,96
17556,775,28,6,2,112
17557,776,28,1,1,91
17558,776,28,1,2,87
17559,776,28,2,1,104
17560,776,28,2,2,96
17561,776,28,3,1,109
17562,776,28,3,2,103
17563,776,28,4,1,112
17564,776,28,4,2,103
17565,776,28,5,1,115
17566,776,28,5,2,111
17567,776,28,6,1,119
17568,776,28,6,2,115
17569,776,28,1,1,91
17570,776,28,1,2,87
17571,776,28,2,1,104
17572,776,28,2,2,96
17573,776,28,3,1,109
17574,776,28,3,2,103
17575,776,28,4,1,112
17576,776,28,4,2,103
17577,776,28,5,1,115
17578,776,28,5,2,111
17579,776,28,6,1,119
17580,776,28,6,2,115
17581,777,28,1,1,101
17582,777,28,1,2,132
17583,777,28,2,1,107
17584,777,28,2,2,127
17585,777,28,3,1,116
17586,777,28,3,2,121
17587,777,28,4,1,119
17588,777,28,4,2,116
17589,777,28,5,1,121
17590,777,28,5,2,125
17591,777,28,6,1,122
17592,777,28,6,2,123
17593,777,28,1,1,99
17594,777,28,1,2,130
17595,777,28,2,1,105
17596,777,28,2,2,124
17597,777,28,3,1,112
17598,777,28,3,2,118
17599,777,28,4,1,114
17600,777,28,4,2,112
17601,777,28,5,1,116
17602,777,28,5,2,120
17603,777,28,6,1,115
17604,777,28,6,2,116
17605,778,28,1,1,101
17606,778,28,1,2,87
17607,778,28,2,1,109
17608,778,28,2,2,97
17609,778,28,3,1,112
17610,778,28,3,2,99
17611,778,28,4,1,117
17612,778,28,4,2,113
17613,778,28,5,1,117
17614,778,28,5,2,122
17615,778,28,6,1,121
17616,778,28,6,2,125
17617,778,28,1,1,101
17618,778,28,1,2,87
17619,778,28,2,1,109
17620,778,28,2,2,97
17621,778,28,3,1,112
17622,778,28,3,2,99
17623,778,28,4,1,117
17624,778,28,4,2,113
17625,778,28,5,1,117
17626,778,28,5,2,122
17627,778,28,6,1,121
17628,778,28,6,2,125
17629,779,28,1,1,87
17630,779,28,1,2,56
17631,779,28,2,1,99
17632,779,28,2,2,74
17633,779,28,3,1,114
17634,779,28,3,2,100
17635,779,28,4,1,115
17636,779,28,4,2,99
17637,779,28,5,1,109
17638,779,28,5,2,101
17639,779,28,6,1,104
17640,779,28,6,2,114
17641,779,28,1,1,87
17642,779,28,1,2,56
17643,779,28,2,1,99
17644,779,28,2,2,74
17645,779,28,3,1,114
17646,779,28,3,2,100
17647,779,28,4,1,115
17648,779,28,4,2,99
17649,779,28,5,1,109
17650,779,28,5,2,101
17651,779,28,6,1,104
17652,779,28,6,2,114
17653,780,28,1,1,110
17654,780,28,1,2,74
17655,780,28,2,1,109
17656,780,28,2,2,86
17657,780,28,3,1,116
17658,780,28,3,2,92
17659,780,28,4,1,112
17660,780,28,4,2,91
17661,780,28,5,1,113
17662,780,28,5,2,100
17663,780,28,6,1,113
17664,780,28,6,2,98
17665,780,28,1,1,105
17666,780,28,1,2,72
17667,780,28,2,1,106
17668,780,28,2,2,84
17669,780,28,3,1,111
17670,780,28,3,2,90
17671,780,28,4,1,109
17672,780,28,4,2,89
17673,780,28,5,1,110
17674,780,28,5,2,98
17675,780,28,6,1,110
17676,780,28,6,2,97
17677,781,28,1,1,82
17678,781,28,1,2,94
17679,781,28,2,1,91
17680,781,28,2,2,119
17681,781,28,3,1,96
17682,781,28,3,2,124
17683,781,28,4,1,102
17684,781,28,4,2,124
17685,781,28,5,1,110
17686,781,28,5,2,127
17687,781,28,6,1,106
17688,781,28,6,2,132
17689,781,28,1,1,74
17690,781,28,1,2,89
17691,781,28,2,1,79
17692,781,28,2,2,107
17693,781,28,3,1,87
17694,781,28,3,2,118
17695,781,28,4,1,93
17696,781,28,4,2,119
17697,781,28,5,1,102
17698,781,28,5,2,125
17699,781,28,6,1,98
17700,781,28,6,2,127
17701,782,28,1,1,93
17702,782,28,1,2,70
17703,782,28,2,1,106
17704,782,28,2,2,83
17705,782,28,3,1,106
17706,782,28,3,2,94
17707,782,28,4,1,107
17708,782,28,4,2,110
17709,782,28,5,1,109
17710,782,28,5,2,121
17711,782,28,6,1,114
17712,782,28,6,2,121
17713,782,28,1,1,93
17714,782,28,1,2,70
17715,782,28,2,1,106
17716,782,28,2,2,83
17717,782,28,3,1,106
17718,782,28,3,2,94
17719,782,28,4,1,107
17720,782,28,4,2,110
17721,782,28,5,1,109
17722,782,28,5,2,121
17723,782,28,6,1,114
17724,782,28,6,2,121
17725,783,28,1,1,102
17726,783,28,1,2,76
17727,783,28,2,1,108
17728,783,28,2,2,87
17729,783,28,3,1,100
17730,783,28,3,2,93
17731,783,28,4,1,100
17732,783,28,4,2,114
17733,783,28,5,1,104
17734,783,28,5,2,113
17735,783,28,6,1,112
17736,783,28,6,2,126
17737,783,28,1,1,99
17738,783,28,1,2,75
17739,783,28,2,1,105
17740,783,28,2,2,83
17741,783,28,3,1,97
17742,783,28,3,2,90
17743,783,28,4,1,98
17744,783,28,4,2,110
17745,783,28,5,1,101
17746,783,28,5,2,110
17747,783,28,6,1,111
17748,783,28,6,2,123
17749,784,28,1,1,98
17750,784,28,1,2,79
17751,784,28,2,1,102
17752,784,28,2,2,99
17753,784,28,3,1,108
17754,784,28,3,2,114
17755,784,28,4,1,108
17756,784,28,4,2,110
17757,784,28,5,1,105
17758,784,28,5,2,108
17759,784,28,6,1,100
17760,784,28,6,2,110
17761,784,28,1,1,98
17762,784,28,1,2,79
17763,784,28,2,1,102
17764,784,28,2,2,99
17765,784,28,3,1,108
17766,784,28,3,2,114
17767,784,28,4,1,108
17768,784,28,4,2,110
17769,784,28,5,1,105
17770,784,28,5,2,108
17771,784,28,6,1,100
17772,784,28,6,2,110
17773,785,28,1,1,112
17774,785,28,1,2,98
17775,785,28,2,1,111
17776,785,28,2,2,105
17777,785,28,3,1,105
17778,785,28,3,2,97
17779,785,28,4,1,111
17780,785,28,4,2,104
17781,785,28,5,1,114
17782,785,28,5,2,120
17783,785,28,6,1,117
17784,785,28,6,2,119
17785,785,28,1,1,110
17786,785,28,1,2,96
17787,785,28,2,1,109
17788,785,28,2,2,102
17789,785,28,3,1,102
17790,785,28,3,2,95
17791,785,28,4,1,107
17792,785,28,4,2,100
17793,785,28,5,1,110
17794,785,28,5,2,115
17795,785,28,6,1,113
17796,785,28,6,2,116
17797,786,28,1,1,108
17798,786,28,1,2,90
17799,786,28,2,1,115
17800,786,28,2,2,116
17801,786,28,3,1,112
17802,786,28,3,2,120
17803,786,28,4,1,109
17804,786,28,4,2,124
17805,786,28,5,1,111
17806,786,28,5,2,121
17807,786,28,6,1,116
17808,786,28,6,2,134
17809,786,28,1,1,108
17810,786,28,1,2,90
17811,786,28,2,1,115
17812,786,28,2,2,116
17813,786,28,3,1,112
17814,786,28,3,2,120
17815,786,28,4,1,109
17816,786,28,4,2,124
17817,786,28,5,1,111
17818,786,28,5,2,121
17819,786,28,6,1,116
17820,786,28,6,2,134
17821,787,28,1,1,97
17822,787,28,1,2,116
17823,787,28,2,1,98
17824,787,28,2,2,111
17825,787,28,3,1,101
17826,787,28,3,2,115
17827,787,28,4,1,100
17828,787,28,4,2,109
17829,787,28,5,1,102
17830,787,28,5,2,111
17831,787,28,6,1,103
17832,787,28,6,2,113
17833,787,28,1,1,97
17834,787,28,1,2,116
17835,787,28,2,1,98
17836,787,28,2,2,111
17837,787,28,3,1,101
17838,787,28,3,2,115
17839,787,28,4,1,100
17840,787,28,4,2,109
17841,787,28,5,1,102
17842,787,28,5,2,111
17843,787,28,6,1,103
17844,787,28,6,2,113
17845,788,28,1,1,92
17846,788,28,1,2,67
17847,788,28,2,1,98
17848,788,28,2,2,91
17849,788,28,3,1,97
17850,788,28,3,2,95
17851,788,28,4,1,92
17852,788,28,4,2,95
17853,788,28,5,1,92
17854,788,28,5,2,95
17855,788,28,6,1,90
17856,788,28,6,2,131
17857,788,28,1,1,92
17858,788,28,1,2,67
17859,788,28,2,1,98
17860,788,28,2,2,91
17861,788,28,3,1,97
17862,788,28,3,2,95
17863,788,28,4,1,92
17864,788,28,4,2,95
17865,788,28,5,1,92
17866,788,28,5,2,95
17867,788,28,6,1,90
17868,788,28,6,2,131
17869,789,28,1,1,74
17870,789,28,1,2,49
17871,789,28,2,1,78
17872,789,28,2,2,64
17873,789,28,3,1,85
17874,789,28,3,2,77
17875,789,28,4,1,107
17876,789,28,4,2,84
17877,789,28,5,1,102
17878,789,28,5,2,94
17879,789,28,6,1,107
17880,789,28,6,2,106
17881,789,28,1,1,74
17882,789,28,1,2,49
17883,789,28,2,1,78
17884,789,28,2,2,64
17885,789,28,3,1,85
17886,789,28,3,2,77
17887,789,28,4,1,107
17888,789,28,4,2,84
17889,789,28,5,1,102
17890,789,28,5,2,94
17891,789,28,6,1,107
17892,789,28,6,2,106
17893,790,28,1,1,83
17894,790,28,1,2,61
17895,790,28,2,1,86
17896,790,28,2,2,77
17897,790,28,3,1,88
17898,790,28,3,2,87
17899,790,28,4,1,84
17900,790,28,4,2,90
17901,790,28,5,1,84
17902,790,28,5,2,85
17903,790,28,6,1,81
17904,790,28,6,2,97
17905,790,28,1,1,78
17906,790,28,1,2,61
17907,790,28,2,1,77
17908,790,28,2,2,70
17909,790,28,3,1,77
17910,790,28,3,2,77
17911,790,28,4,1,75
17912,790,28,4,2,82
17913,790,28,5,1,75
17914,790,28,5,2,78
17915,790,28,6,1,73
17916,790,28,6,2,88
17917,791,28,1,1,76
17918,791,28,1,2,45
17919,791,28,2,1,85
17920,791,28,2,2,57
17921,791,28,3,1,81
17922,791,28,3,2,61
17923,791,28,4,1,100
17924,791,28,4,2,69
17925,791,28,5,1,102
17926,791,28,5,2,83
17927,791,28,6,1,111
17928,791,28,6,2,86
17929,791,28,1,1,74
17930,791,28,1,2,45
17931,791,28,2,1,82
17932,791,28,2,2,56
17933,791,28,3,1,78
17934,791,28,3,2,60
17935,791,28,4,1,101
17936,791,28,4,2,69
17937,791,28,5,1,102
17938,791,28,5,2,84
17939,791,28,6,1,111
17940,791,28,6,2,86
17941,792,28,1,1,107
17942,792,28,1,2,93
17943,792,28,2,1,109
17944,792,28,2,2,94
17945,792,28,3,1,105
17946,792,28,3,2,90
17947,792,28,4,1,110
17948,792,28,4,2,102
17949,792,28,5,1,113
17950,792,28,5,2,109
17951,792,28,6,1,122
17952,792,28,6,2,114
17953,792,28,1,1,104
17954,792,28,1,2,88
17955,792,28,2,1,105
17956,792,28,2,2,89
17957,792,28,3,1,101
17958,792,28,3,2,85
17959,792,28,4,1,106
17960,792,28,4,2,98
17961,792,28,5,1,109
17962,792,28,5,2,104
17963,792,28,6,1,118
17964,792,28,6,2,112
17965,793,28,1,1,96
17966,793,28,1,2,76
17967,793,28,2,1,110
17968,793,28,2,2,98
17969,793,28,3,1,120
17970,793,28,3,2,106
17971,793,28,4,1,117
17972,793,28,4,2,107
17973,793,28,5,1,110
17974,793,28,5,2,104
17975,793,28,6,1,108
17976,793,28,6,2,105
17977,793,28,1,1,96
17978,793,28,1,2,76
17979,793,28,2,1,110
17980,793,28,2,2,98
17981,793,28,3,1,120
17982,793,28,3,2,106
17983,793,28,4,1,117
17984,793,28,4,2,107
17985,793,28,5,1,110
17986,793,28,5,2,104
17987,793,28,6,1,108
17988,793,28,6,2,105
17989,794,28,1,1,102
17990,794,28,1,2,106
17991,794,28,2,1,106
17992,794,28,2,2,114
17993,794,28,3,1,112
17994,794,28,3,2,131
17995,794,28,4,1,109
17996,794,28,4,2,132
17997,794,28,5,1,111
17998,794,28,5,2,131
17999,794,28,6,1,110
18000,794,28,6,2,128
18001,794,28,1,1,102
18002,794,28,1,2,106
18003,794,28,2,1,106
18004,794,28,2,2,114
18005,794,28,3,1,112
18006,794,28,3,2,131
18007,794,28,4,1,109
18008,794,28,4,2,132
18009,794,28,5,1,111
18010,794,28,5,2,131
18011,794,28,6,1,110
18012,794,28,6,2,128
18013,795,28,1,1,99
18014,795,28,1,2,84
18015,795,28,2,1,97
18016,795,28,2,2,105
18017,795,28,3,1,102
18018,795,28,3,2,114
18019,795,28,4,1,105
18020,795,28,4,2,111
18021,795,28,5,1,105
18022,795,28,5,2,118
18023,795,28,6,1,101
18024,795,28,6,2,117
18025,795,28,1,1,94
18026,795,28,1,2,82
18027,795,28,2,1,93
18028,795,28,2,2,102
18029,795,28,3,1,97
18030,795,28,3,2,109
18031,795,28,4,1,98
18032,795,28,4,2,105
18033,795,28,5,1,98
18034,795,28,5,2,110
18035,795,28,6,1,94
18036,795,28,6,2,109
18037,796,28,1,1,83
18038,796,28,1,2,65
18039,796,28,2,1,88
18040,796,28,2,2,82
18041,796,28,3,1,91
18042,796,28,3,2,89
18043,796,28,4,1,95
18044,796,28,4,2,96
18045,796,28,5,1,96
18046,796,28,5,2,97
18047,796,28,6,1,98
18048,796,28,6,2,106
18049,796,28,1,1,83
18050,796,28,1,2,65
18051,796,28,2,1,88
18052,796,28,2,2,82
18053,796,28,3,1,91
18054,796,28,3,2,89
18055,796,28,4,1,95
18056,796,28,4,2,96
18057,796,28,5,1,96
18058,796,28,5,2,97
18059,796,28,6,1,98
18060,796,28,6,2,106
18061,797,28,1,1,86
18062,797,28,1,2,83
18063,797,28,2,1,95
18064,797,28,2,2,92
18065,797,28,3,1,99
18066,797,28,3,2,95
18067,797,28,4,1,97
18068,797,28,4,2,94
18069,797,28,5,1,98
18070,797,28,5,2,95
18071,797,28,6,1,102
18072,797,28,6,2,108
18073,797,28,1,1,86
18074,797,28,1,2,83
18075,797,28,2,1,95
18076,797,28,2,2,92
18077,797,28,3,1,99
18078,797,28,3,2,95
18079,797,28,4,1,97
18080,797,28,4,2,94
18081,797,28,5,1,98
18082,797,28,5,2,95
18083,797,28,6,1,102
18084,797,28,6,2,108
18085,798,28,1,1,96
18086,798,28,1,2,92
18087,798,28,2,1,96
18088,798,28,2,2,96
18089,798,28,3,1,100
18090,798,28,3,2,100
18091,798,28,4,1,107
18092,798,28,4,2,99
18093,798,28,5,1,108
18094,798,28,5,2,108
18095,798,28,6,1,110
18096,798,28,6,2,104
18097,798,28,1,1,90
18098,798,28,1,2,88
18099,798,28,2,1,88
18100,798,28,2,2,91
18101,798,28,3,1,93
18102,798,28,3,2,99
18103,798,28,4,1,100
18104,798,28,4,2,97
18105,798,28,5,1,103
18106,798,28,5,2,105
18107,798,28,6,1,103
18108,798,28,6,2,102
18109,799,28,1,1,79
18110,799,28,1,2,63
18111,799,28,2,1,85
18112,799,28,2,2,81
18113,799,28,3,1,92
18114,799,28,3,2,92
18115,799,28,4,1,93
18116,799,28,4,2,93
18117,799,28,5,1,95
18118,799,28,5,2,100
18119,799,28,6,1,100
18120,799,28,6,2,99
18121,799,28,1,1,78
18122,799,28,1,2,63
18123,799,28,2,1,84
18124,799,28,2,2,81
18125,799,28,3,1,91
18126,799,28,3,2,92
18127,799,28,4,1,92
18128,799,28,4,2,93
18129,799,28,5,1,94
18130,799,28,5,2,99
18131,799,28,6,1,100
18132,799,28,6,2,98
18133,800,28,1,1,97
18134,800,28,1,2,77
18135,800,28,2,1,98
18136,800,28,2,2,93
18137,800,28,3,1,103
18138,800,28,3,2,94
18139,800,28,4,1,99
18140,800,28,4,2,87
18141,800,28,5,1,102
18142,800,28,5,2,93
18143,800,28,6,1,102
18144,800,28,6,2,96
18145,800,28,1,1,93
18146,800,28,1,2,74
18147,800,28,2,1,96
18148,800,28,2,2,90
18149,800,28,3,1,100
18150,800,28,3,2,91
18151,800,28,4,1,96
18152,800,28,4,2,85
18153,800,28,5,1,99
18154,800,28,5,2,90
18155,800,28,6,1,98
18156,800,28,6,2,91
18157,801,28,1,1,77
18158,801,28,1,2,45
18159,801,28,2,1,72
18160,801,28,2,2,51
18161,801,28,3,1,79
18162,801,28,3,2,65
18163,801,28,4,1,93
18164,801,28,4,2,71
18165,801,28,5,1,93
18166,801,28,5,2,74
18167,801,28,6,1,102
18168,801,28,6,2,74
18169,801,28,1,1,77
18170,801,28,1,2,45
18171,801,28,2,1,72
18172,801,28,2,2,51
18173,801,28,3,1,79
18174,801,28,3,2,65
18175,801,28,4,1,93
18176,801,28,4,2,71
18177,801,28,5,1,93
18178,801,28,5,2,74
18179,801,28,6,1,102
18180,801,28,6,2,74
18181,802,28,1,1,84
18182,802,28,1,2,56
18183,802,28,2,1,100
18184,802,28,2,2,81
18185,802,28,3,1,101
18186,802,28,3,2,86
18187,802,28,4,1,101
18188,802,28,4,2,88
18189,802,28,5,1,97
18190,802,28,5,2,85
18191,802,28,6,1,91
18192,802,28,6,2,95
18193,802,28,1,1,84
18194,802,28,1,2,56
18195,802,28,2,1,100
18196,802,28,2,2,81
18197,802,28,3,1,101
18198,802,28,3,2,86
18199,802,28,4,1,101
18200,802,28,4,2,88
18201,802,28,5,1,97
18202,802,28,5,2,85
18203,802,28,6,1,91
18204,802,28,6,2,95
18205,803,28,1,1,80
18206,803,28,1,2,53
18207,803,28,2,1,96
18208,803,28,2,2,68
18209,803,28,3,1,103
18210,803,28,3,2,82
18211,803,28,4,1,104
18212,803,28,4,2,94
18213,803,28,5,1,103
18214,803,28,5,2,96
18215,803,28,6,1,102
18216,803,28,6,2,98
18217,803,28,1,1,74
18218,803,28,1,2,49
18219,803,28,2,1,83
18220,803,28,2,2,59
18221,803,28,3,1,83
18222,803,28,3,2,70
18223,803,28,4,1,88
18224,803,28,4,2,84
18225,803,28,5,1,85
18226,803,28,5,2,80
18227,803,28,6,1,81
18228,803,28,6,2,78
18229,804,28,1,1,88
18230,804,28,1,2,84
18231,804,28,2,1,87
18232,804,28,2,2,83
18233,804,28,3,1,83
18234,804,28,3,2,82
18235,804,28,4,1,103
18236,804,28,4,2,90
18237,804,28,5,1,101
18238,804,28,5,2,92
18239,804,28,6,1,105
18240,804,28,6,2,105
18241,804,28,1,1,86
18242,804,28,1,2,81
18243,804,28,2,1,85
18244,804,28,2,2,80
18245,804,28,3,1,81
18246,804,28,3,2,79
18247,804,28,4,1,102
18248,804,28,4,2,87
18249,804,28,5,1,100
18250,804,28,5,2,90
18251,804,28,6,1,104
18252,804,28,6,2,103
18253,805,28,1,1,58
18254,805,28,1,2,52
18255,805,28,2,1,95
18256,805,28,2,2,78
18257,805,28,3,1,107
18258,805,28,3,2,95
18259,805,28,4,1,117
18260,805,28,4,2,97
18261,805,28,5,1,114
18262,805,28,5,2,106
18263,805,28,6,1,111
18264,805,28,6,2,105
18265,805,28,1,1,53
18266,805,28,1,2,47
18267,805,28,2,1,84
18268,805,28,2,2,70
18269,805,28,3,1,97
18270,805,28,3,2,87
18271,805,28,4,1,107
18272,805,28,4,2,89
18273,805,28,5,1,103
18274,805,28,5,2,98
18275,805,28,6,1,100
18276,805,28,6,2,97
18277,806,28,1,1,94
18278,806,28,1,2,73
18279,806,28,2,1,114
18280,806,28,2,2,94
18281,806,28,3,1,108
18282,806,28,3,2,93
18283,806,28,4,1,103
18284,806,28,4,2,95
18285,806,28,5,1,107
18286,806,28,5,2,99
18287,806,28,6,1,111
18288,806,28,6,2,108
18289,806,28,1,1,94
18290,806,28,1,2,73
18291,806,28,2,1,114
18292,806,28,2,2,94
18293,806,28,3,1,108
18294,806,28,3,2,93
18295,806,28,4,1,103
18296,806,28,4,2,95
18297,806,28,5,1,107
18298,806,28,5,2,99
18299,806,28,6,1,111
18300,806,28,6,2,108
18301,807,28,1,1,102
18302,807,28,1,2,92
18303,807,28,2,1,99
18304,807,28,2,2,92
18305,807,28,3,1,94
18306,807,28,3,2,90
18307,807,28,4,1,97
18308,807,28,4,2,90
18309,807,28,5,1,100
18310,807,28,5,2,94
18311,807,28,6,1,103
18312,807,28,6,2,98
18313,807,28,1,1,102
18314,807,28,1,2,92
18315,807,28,2,1,99
18316,807,28,2,2,92
18317,807,28,3,1,94
18318,807,28,3,2,90
18319,807,28,4,1,97
18320,807,28,4,2,90
18321,807,28,5,1,100
18322,807,28,5,2,94
18323,807,28,6,1,103
18324,807,28,6,2,98
18325,808,28,1,1,82
18326,808,28,1,2,58
18327,808,28,2,1,84
18328,808,28,2,2,69
18329,808,28,3,1,84
18330,808,28,3,2,74
18331,808,28,4,1,84
18332,808,28,4,2,80
18333,808,28,5,1,99
18334,808,28,5,2,91
18335,808,28,6,1,103
18336,808,28,6,2,99
18337,808,28,1,1,82
18338,808,28,1,2,58
18339,808,28,2,1,84
18340,808,28,2,2,69
18341,808,28,3,1,84
18342,808,28,3,2,74
18343,808,28,4,1,84
18344,808,28,4,2,80
18345,808,28,5,1,99
18346,808,28,5,2,91
18347,808,28,6,1,103
18348,808,28,6,2,99
18349,809,28,1,1,83
18350,809,28,1,2,79
18351,809,28,2,1,82
18352,809,28,2,2,86
18353,809,28,3,1,80
18354,809,28,3,2,89
18355,809,28,4,1,80
18356,809,28,4,2,86
18357,809,28,5,1,87
18358,809,28,5,2,88
18359,809,28,6,1,87
18360,809,28,6,2,113
18361,809,28,1,1,82
18362,809,28,1,2,78
18363,809,28,2,1,80
18364,809,28,2,2,83
18365,809,28,3,1,77
18366,809,28,3,2,86
18367,809,28,4,1,77
18368,809,28,4,2,84
18369,809,28,5,1,85
18370,809,28,5,2,86
18371,809,28,6,1,84
18372,809,28,6,2,107
18373,810,28,1,1,76
18374,810,28,1,2,60
18375,810,28,2,1,95
18376,810,28,2,2,67
18377,810,28,3,1,94
18378,810,28,3,2,68
18379,810,28,4,1,103
18380,810,28,4,2,90
18381,810,28,5,1,105
18382,810,28,5,2,96
18383,810,28,6,1,97
18384,810,28,6,2,99
18385,810,28,1,1,75
18386,810,28,1,2,60
18387,810,28,2,1,94
18388,810,28,2,2,66
18389,810,28,3,1,93
18390,810,28,3,2,67
18391,810,28,4,1,100
18392,810,28,4,2,89
18393,810,28,5,1,103
18394,810,28,5,2,95
18395,810,28,6,1,95
18396,810,28,6,2,98
18397,811,28,1,1,54
18398,811,28,1,2,59
18399,811,28,2,1,63
18400,811,28,2,2,72
18401,811,28,3,1,53
18402,811,28,3,2,64
18403,811,28,4,1,62
18404,811,28,4,2,93
18405,811,28,5,1,64
18406,811,28,5,2,81
18407,811,28,6,1,63
18408,811,28,6,2,78
18409,811,28,1,1,54
18410,811,28,1,2,59
18411,811,28,2,1,63
18412,811,28,2,2,72
18413,811,28,3,1,53
18414,811,28,3,2,64
18415,811,28,4,1,62
18416,811,28,4,2,93
18417,811,28,5,1,64
18418,811,28,5,2,81
18419,811,28,6,1,63
18420,811,28,6,2,78
18421,73,28,1,1,79
18422,73,28,1,2,48
18423,73,28,2,1,84
18424,73,28,2,2,52
18425,73,28,3,1,87
18426,73,28,3,2,63
18427,73,28,4,1,96
18428,73,28,4,2,73
18429,73,28,5,1,92
18430,73,28,5,2,81
18431,73,28,6,1,94
18432,73,28,6,2,90
18433,73,28,1,1,79
18434,73,28,1,2,48
18435,73,28,2,1,84
18436,73,28,2,2,52
18437,73,28,3,1,87
18438,73,28,3,2,63
18439,73,28,4,1,96
18440,73,28,4,2,73
18441,73,28,5,1,92
18442,73,28,5,2,81
18443,73,28,6,1,94
18444,73,28,6,2,90
18445,812,28,1,1,73
18446,812,28,1,2,71
18447,812,28,2,1,80
18448,812,28,2,2,107
18449,812,28,3,1,78
18450,812,28,3,2,117
18451,812,28,4,1,92
18452,812,28,4,2,122
18453,812,28,5,1,92
18454,812,28,5,2,111
18455,812,28,6,1,83
18456,812,28,6,2,132
18457,812,28,1,1,69
18458,812,28,1,2,69
18459,812,28,2,1,75
18460,812,28,2,2,100
18461,812,28,3,1,73
18462,812,28,3,2,110
18463,812,28,4,1,88
18464,812,28,4,2,115
18465,812,28,5,1,87
18466,812,28,5,2,105
18467,812,28,6,1,79
18468,812,28,6,2,126
18469,813,28,1,1,79
18470,813,28,1,2,64
18471,813,28,2,1,94
18472,813,28,2,2,90
18473,813,28,3,1,97
18474,813,28,3,2,95
18475,813,28,4,1,101
18476,813,28,4,2,104
18477,813,28,5,1,98
18478,813,28,5,2,106
18479,813,28,6,1,99
18480,813,28,6,2,117
18481,813,28,1,1,77
18482,813,28,1,2,64
18483,813,28,2,1,91
18484,813,28,2,2,89
18485,813,28,3,1,94
18486,813,28,3,2,94
18487,813,28,4,1,99
18488,813,28,4,2,104
18489,813,28,5,1,97
18490,813,28,5,2,105
18491,813,28,6,1,96
18492,813,28,6,2,114
18493,814,28,1,1,72
18494,814,28,1,2,62
18495,814,28,2,1,69
18496,814,28,2,2,64
18497,814,28,3,1,71
18498,814,28,3,2,70
18499,814,28,4,1,78
18500,814,28,4,2,67
18501,814,28,5,1,80
18502,814,28,5,2,64
18503,814,28,6,1,85
18504,814,28,6,2,72
18505,814,28,1,1,72
18506,814,28,1,2,62
18507,814,28,2,1,69
18508,814,28,2,2,64
18509,814,28,3,1,71
18510,814,28,3,2,70
18511,814,28,4,1,78
18512,814,28,4,2,67
18513,814,28,5,1,80
18514,814,28,5,2,64
18515,814,28,6,1,85
18516,814,28,6,2,72
18517,815,28,1,1,72
18518,815,28,1,2,65
18519,815,28,2,1,71
18520,815,28,2,2,79
18521,815,28,3,1,70
18522,815,28,3,2,84
18523,815,28,4,1,73
18524,815,28,4,2,85
18525,815,28,5,1,79
18526,815,28,5,2,89
18527,815,28,6,1,80
18528,815,28,6,2,110
18529,815,28,1,1,71
18530,815,28,1,2,65
18531,815,28,2,1,70
18532,815,28,2,2,77
18533,815,28,3,1,69
18534,815,28,3,2,82
18535,815,28,4,1,72
18536,815,28,4,2,84
18537,815,28,5,1,78
18538,815,28,5,2,87
18539,815,28,6,1,79
18540,815,28,6,2,107
18541,816,28,1,1,69
18542,816,28,1,2,43
18543,816,28,2,1,92
18544,816,28,2,2,52
18545,816,28,3,1,98
18546,816,28,3,2,59
18547,816,28,4,1,95
18548,816,28,4,2,71
18549,816,28,5,1,90
18550,816,28,5,2,73
18551,816,28,6,1,90
18552,816,28,6,2,69
18553,816,28,1,1,66
18554,816,28,1,2,41
18555,816,28,2,1,88
18556,816,28,2,2,51
18557,816,28,3,1,95
18558,816,28,3,2,58
18559,816,28,4,1,93
18560,816,28,4,2,72
18561,816,28,5,1,87
18562,816,28,5,2,72
18563,816,28,6,1,86
18564,816,28,6,2,69
18565,817,28,1,1,75
18566,817,28,1,2,38
18567,817,28,2,1,78
18568,817,28,2,2,42
18569,817,28,3,1,77
18570,817,28,3,2,47
18571,817,28,4,1,77
18572,817,28,4,2,55
18573,817,28,5,1,74
18574,817,28,5,2,54
18575,817,28,6,1,70
18576,817,28,6,2,60
18577,817,28,1,1,68
18578,817,28,1,2,35
18579,817,28,2,1,68
18580,817,28,2,2,37
18581,817,28,3,1,69
18582,817,28,3,2,41
18583,817,28,4,1,70
18584,817,28,4,2,53
18585,817,28,5,1,70
18586,817,28,5,2,56
18587,817,28,6,1,66
18588,817,28,6,2,61
18589,818,28,1,1,73
18590,818,28,1,2,51
18591,818,28,2,1,73
18592,818,28,2,2,56
18593,818,28,3,1,73
18594,818,28,3,2,64
18595,818,28,4,1,74
18596,818,28,4,2,75
18597,818,28,5,1,75
18598,818,28,5,2,76
18599,818,28,6,1,71
18600,818,28,6,2,97
18601,818,28,1,1,73
18602,818,28,1,2,53
18603,818,28,2,1,72
18604,818,28,2,2,55
18605,818,28,3,1,72
18606,818,28,3,2,63
18607,818,28,4,1,72
18608,818,28,4,2,73
18609,818,28,5,1,73
18610,818,28,5,2,74
18611,818,28,6,1,69
18612,818,28,6,2,93
18613,819,28,1,1,56
18614,819,28,1,2,45
18615,819,28,2,1,55
18616,819,28,2,2,55
18617,819,28,3,1,58
18618,819,28,3,2,66
18619,819,28,4,1,80
18620,819,28,4,2,76
18621,819,28,5,1,83
18622,819,28,5,2,88
18623,819,28,6,1,83
18624,819,28,6,2,91
18625,819,28,1,1,56
18626,819,28,1,2,45
18627,819,28,2,1,55
18628,819,28,2,2,55
18629,819,28,3,1,58
18630,819,28,3,2,66
18631,819,28,4,1,80
18632,819,28,4,2,76
18633,819,28,5,1,83
18634,819,28,5,2,88
18635,819,28,6,1,83
18636,819,28,6,2,91
18637,820,28,1,1,107
18638,820,28,1,2,142
18639,820,28,2,1,125
18640,820,28,2,2,190
18641,820,28,3,1,126
18642,820,28,3,2,201
18643,820,28,4,1,122
18644,820,28,4,2,173
18645,820,28,5,1,116
18646,820,28,5,2,147
18647,820,28,6,1,111
18648,820,28,6,2,146
18649,820,28,1,1,107
18650,820,28,1,2,142
18651,820,28,2,1,125
18652,820,28,2,2,190
18653,820,28,3,1,126
18654,820,28,3,2,201
18655,820,28,4,1,122
18656,820,28,4,2,173
18657,820,28,5,1,116
18658,820,28,5,2,147
18659,820,28,6,1,111
18660,820,28,6,2,146
18661,821,28,1,1,81
18662,821,28,1,2,62
18663,821,28,2,1,82
18664,821,28,2,2,72
18665,821,28,3,1,86
18666,821,28,3,2,79
18667,821,28,4,1,104
18668,821,28,4,2,89
18669,821,28,5,1,104
18670,821,28,5,2,92
18671,821,28,6,1,103
18672,821,28,6,2,105
18673,821,28,1,1,81
18674,821,28,1,2,62
18675,821,28,2,1,82
18676,821,28,2,2,72
18677,821,28,3,1,86
18678,821,28,3,2,79
18679,821,28,4,1,104
18680,821,28,4,2,89
18681,821,28,5,1,104
18682,821,28,5,2,92
18683,821,28,6,1,103
18684,821,28,6,2,105
18685,822,28,1,1,84
18686,822,28,1,2,84
18687,822,28,2,1,106
18688,822,28,2,2,150
18689,822,28,3,1,103
18690,822,28,3,2,155
18691,822,28,4,1,104
18692,822,28,4,2,129
18693,822,28,5,1,104
18694,822,28,5,2,111
18695,822,28,6,1,95
18696,822,28,6,2,116
18697,822,28,1,1,84
18698,822,28,1,2,84
18699,822,28,2,1,106
18700,822,28,2,2,150
18701,822,28,3,1,103
18702,822,28,3,2,155
18703,822,28,4,1,104
18704,822,28,4,2,129
18705,822,28,5,1,104
18706,822,28,5,2,111
18707,822,28,6,1,95
18708,822,28,6,2,116
18709,823,28,1,1,80
18710,823,28,1,2,52
18711,823,28,2,1,83
18712,823,28,2,2,59
18713,823,28,3,1,88
18714,823,28,3,2,77
18715,823,28,4,1,83
18716,823,28,4,2,82
18717,823,28,5,1,85
18718,823,28,5,2,82
18719,823,28,6,1,82
18720,823,28,6,2,100
18721,823,28,1,1,80
18722,823,28,1,2,52
18723,823,28,2,1,83
18724,823,28,2,2,59
18725,823,28,3,1,88
18726,823,28,3,2,77
18727,823,28,4,1,83
18728,823,28,4,2,82
18729,823,28,5,1,85
18730,823,28,5,2,82
18731,823,28,6,1,82
18732,823,28,6,2,100
18733,824,28,1,1,98
18734,824,28,1,2,84
18735,824,28,2,1,102
18736,824,28,2,2,110
18737,824,28,3,1,112
18738,824,28,3,2,124
18739,824,28,4,1,110
18740,824,28,4,2,117
18741,824,28,5,1,105
18742,824,28,5,2,110
18743,824,28,6,1,106
18744,824,28,6,2,108
18745,824,28,1,1,98
18746,824,28,1,2,84
18747,824,28,2,1,102
18748,824,28,2,2,110
18749,824,28,3,1,112
18750,824,28,3,2,124
18751,824,28,4,1,110
18752,824,28,4,2,117
18753,824,28,5,1,105
18754,824,28,5,2,110
18755,824,28,6,1,106
18756,824,28,6,2,108
18757,417,28,1,1,82
18758,417,28,1,2,54
18759,417,28,2,1,93
18760,417,28,2,2,63
18761,417,28,3,1,87
18762,417,28,3,2,63
18763,417,28,4,1,86
18764,417,28,4,2,67
18765,417,28,5,1,89
18766,417,28,5,2,84
18767,417,28,6,1,107
18768,417,28,6,2,114
18769,417,28,1,1,82
18770,417,28,1,2,54
18771,417,28,2,1,93
18772,417,28,2,2,63
18773,417,28,3,1,87
18774,417,28,3,2,63
18775,417,28,4,1,86
18776,417,28,4,2,67
18777,417,28,5,1,89
18778,417,28,5,2,84
18779,417,28,6,1,107
18780,417,28,6,2,114
18781,825,28,1,1,70
18782,825,28,1,2,58
18783,825,28,2,1,75
18784,825,28,2,2,83
18785,825,28,3,1,85
18786,825,28,3,2,100
18787,825,28,4,1,91
18788,825,28,4,2,106
18789,825,28,5,1,93
18790,825,28,5,2,103
18791,825,28,6,1,90
18792,825,28,6,2,100
18793,825,28,1,1,70
18794,825,28,1,2,58
18795,825,28,2,1,75
18796,825,28,2,2,83
18797,825,28,3,1,85
18798,825,28,3,2,100
18799,825,28,4,1,91
18800,825,28,4,2,106
18801,825,28,5,1,93
18802,825,28,5,2,103
18803,825,28,6,1,90
18804,825,28,6,2,100
18805,398,28,1,1,73
18806,398,28,1,2,70
18807,398,28,2,1,74
18808,398,28,2,2,79
18809,398,28,3,1,72
18810,398,28,3,2,84
18811,398,28,4,1,82
18812,398,28,4,2,91
18813,398,28,5,1,88
18814,398,28,5,2,89
18815,398,28,6,1,89
18816,398,28,6,2,96
18817,398,28,1,1,70
18818,398,28,1,2,68
18819,398,28,2,1,71
18820,398,28,2,2,75
18821,398,28,3,1,71
18822,398,28,3,2,81
18823,398,28,4,1,81
18824,398,28,4,2,89
18825,398,28,5,1,87
18826,398,28,5,2,88
18827,398,28,6,1,87
18828,398,28,6,2,95
18829,826,28,1,1,80
18830,826,28,1,2,73
18831,826,28,2,1,86
18832,826,28,2,2,81
18833,826,28,3,1,77
18834,826,28,3,2,73
18835,826,28,4,1,79
18836,826,28,4,2,77
18837,826,28,5,1,82
18838,826,28,5,2,80
18839,826,28,6,1,85
18840,826,28,6,2,80
18841,826,28,1,1,75
18842,826,28,1,2,68
18843,826,28,2,1,77
18844,826,28,2,2,73
18845,826,28,3,1,70
18846,826,28,3,2,71
18847,826,28,4,1,73
18848,826,28,4,2,76
18849,826,28,5,1,76
18850,826,28,5,2,75
18851,826,28,6,1,76
18852,826,28,6,2,75
18853,827,28,1,1,84
18854,827,28,1,2,98
18855,827,28,2,1,98
18856,827,28,2,2,132
18857,827,28,3,1,108
18858,827,28,3,2,155
18859,827,28,4,1,100
18860,827,28,4,2,141
18861,827,28,5,1,100
18862,827,28,5,2,131
18863,827,28,6,1,92
18864,827,28,6,2,143
18865,827,28,1,1,84
18866,827,28,1,2,98
18867,827,28,2,1,98
18868,827,28,2,2,132
18869,827,28,3,1,108
18870,827,28,3,2,155
18871,827,28,4,1,100
18872,827,28,4,2,141
18873,827,28,5,1,100
18874,827,28,5,2,131
18875,827,28,6,1,92
18876,827,28,6,2,143
18877,828,28,1,1,77
18878,828,28,1,2,64
18879,828,28,2,1,82
18880,828,28,2,2,71
18881,828,28,3,1,85
18882,828,28,3,2,67
18883,828,28,4,1,88
18884,828,28,4,2,70
18885,828,28,5,1,104
18886,828,28,5,2,75
18887,828,28,6,1,108
18888,828,28,6,2,100
18889,828,28,1,1,77
18890,828,28,1,2,64
18891,828,28,2,1,82
18892,828,28,2,2,71
18893,828,28,3,1,85
18894,828,28,3,2,67
18895,828,28,4,1,88
18896,828,28,4,2,70
18897,828,28,5,1,104
18898,828,28,5,2,75
18899,828,28,6,1,108
18900,828,28,6,2,100
18901,829,28,1,1,59
18902,829,28,1,2,63
18903,829,28,2,1,55
18904,829,28,2,2,53
18905,829,28,3,1,59
18906,829,28,3,2,53
18907,829,28,4,1,59
18908,829,28,4,2,69
18909,829,28,5,1,64
18910,829,28,5,2,73
18911,829,28,6,1,60
18912,829,28,6,2,66
18913,829,28,1,1,59
18914,829,28,1,2,63
18915,829,28,2,1,55
18916,829,28,2,2,53
18917,829,28,3,1,59
18918,829,28,3,2,53
18919,829,28,4,1,59
18920,829,28,4,2,69
18921,829,28,5,1,64
18922,829,28,5,2,73
18923,829,28,6,1,60
18924,829,28,6,2,66
18925,830,28,1,1,56
18926,830,28,1,2,63
18927,830,28,2,1,54
18928,830,28,2,2,64
18929,830,28,3,1,53
18930,830,28,3,2,65
18931,830,28,4,1,59
18932,830,28,4,2,70
18933,830,28,5,1,67
18934,830,28,5,2,74
18935,830,28,6,1,70
18936,830,28,6,2,77
18937,830,28,1,1,56
18938,830,28,1,2,63
18939,830,28,2,1,54
18940,830,28,2,2,64
18941,830,28,3,1,53
18942,830,28,3,2,65
18943,830,28,4,1,59
18944,830,28,4,2,70
18945,830,28,5,1,67
18946,830,28,5,2,74
18947,830,28,6,1,70
18948,830,28,6,2,77
18949,831,28,1,1,60
18950,831,28,1,2,54
18951,831,28,2,1,73
18952,831,28,2,2,87
18953,831,28,3,1,71
18954,831,28,3,2,80
18955,831,28,4,1,71
18956,831,28,4,2,82
18957,831,28,5,1,75
18958,831,28,5,2,76
18959,831,28,6,1,71
18960,831,28,6,2,80
18961,831,28,1,1,60
18962,831,28,1,2,54
18963,831,28,2,1,73
18964,831,28,2,2,87
18965,831,28,3,1,71
18966,831,28,3,2,80
18967,831,28,4,1,71
18968,831,28,4,2,82
18969,831,28,5,1,75
18970,831,28,5,2,76
18971,831,28,6,1,71
18972,831,28,6,2,80
18973,832,28,1,1,81
18974,832,28,1,2,105
18975,832,28,2,1,81
18976,832,28,2,2,92
18977,832,28,3,1,92
18978,832,28,3,2,110
18979,832,28,4,1,91
18980,832,28,4,2,114
18981,832,28,5,1,91
18982,832,28,5,2,101
18983,832,28,6,1,84
18984,832,28,6,2,94
18985,832,28,1,1,81
18986,832,28,1,2,105
18987,832,28,2,1,81
18988,832,28,2,2,92
18989,832,28,3,1,92
18990,832,28,3,2,110
18991,832,28,4,1,91
18992,832,28,4,2,114
18993,832,28,5,1,91
18994,832,28,5,2,101
18995,832,28,6,1,84
18996,832,28,6,2,94
18997,833,28,1,1,65
18998,833,28,1,2,58
18999,833,28,2,1,79
19000,833,28,2,2,103
19001,833,28,3,1,76
19002,833,28,3,2,112
19003,833,28,4,1,76
19004,833,28,4,2,106
19005,833,28,5,1,78
19006,833,28,5,2,96
19007,833,28,6,1,80
19008,833,28,6,2,120
19009,833,28,1,1,64
19010,833,28,1,2,101
19011,833,28,2,1,66
19012,833,28,2,2,92
19013,833,28,3,1,69
19014,833,28,3,2,107
19015,833,28,4,1,69
19016,833,28,4,2,100
19017,833,28,5,1,72
19018,833,28,5,2,92
19019,833,28,6,1,73
19020,833,28,6,2,111
19021,834,28,1,1,92
19022,834,28,1,2,68
19023,834,28,2,1,106
19024,834,28,2,2,112
19025,834,28,3,1,105
19026,834,28,3,2,107
19027,834,28,4,1,110
19028,834,28,4,2,105
19029,834,28,5,1,115
19030,834,28,5,2,111
19031,834,28,6,1,109
19032,834,28,6,2,134
19033,834,28,1,1,92
19034,834,28,1,2,68
19035,834,28,2,1,106
19036,834,28,2,2,112
19037,834,28,3,1,105
19038,834,28,3,2,107
19039,834,28,4,1,110
19040,834,28,4,2,105
19041,834,28,5,1,115
19042,834,28,5,2,111
19043,834,28,6,1,109
19044,834,28,6,2,134
19045,835,28,1,1,70
19046,835,28,1,2,70
19047,835,28,2,1,77
19048,835,28,2,2,88
19049,835,28,3,1,74
19050,835,28,3,2,87
19051,835,28,4,1,74
19052,835,28,4,2,79
19053,835,28,5,1,75
19054,835,28,5,2,76
19055,835,28,6,1,77
19056,835,28,6,2,85
19057,835,28,1,1,70
19058,835,28,1,2,70
19059,835,28,2,1,77
19060,835,28,2,2,88
19061,835,28,3,1,74
19062,835,28,3,2,87
19063,835,28,4,1,74
19064,835,28,4,2,79
19065,835,28,5,1,75
19066,835,28,5,2,76
19067,835,28,6,1,77
19068,835,28,6,2,85
19069,836,28,1,1,49
19070,836,28,1,2,45
19071,836,28,2,1,45
19072,836,28,2,2,54
19073,836,28,3,1,51
19074,836,28,3,2,70
19075,836,28,4,1,75
19076,836,28,4,2,102
19077,836,28,5,1,79
19078,836,28,5,2,92
19079,836,28,6,1,81
19080,836,28,6,2,120
19081,836,28,1,1,48
19082,836,28,1,2,43
19083,836,28,2,1,43
19084,836,28,2,2,51
19085,836,28,3,1,50
19086,836,28,3,2,68
19087,836,28,4,1,73
19088,836,28,4,2,98
19089,836,28,5,1,77
19090,836,28,5,2,89
19091,836,28,6,1,79
19092,836,28,6,2,118
19093,837,28,1,1,34
19094,837,28,1,2,37
19095,837,28,2,1,38
19096,837,28,2,2,39
19097,837,28,3,1,53
19098,837,28,3,2,64
19099,837,28,4,1,55
19100,837,28,4,2,66
19101,837,28,5,1,61
19102,837,28,5,2,67
19103,837,28,6,1,64
19104,837,28,6,2,87
19105,837,28,1,1,34
19106,837,28,1,2,37
19107,837,28,2,1,38
19108,837,28,2,2,39
19109,837,28,3,1,53
19110,837,28,3,2,64
19111,837,28,4,1,55
19112,837,28,4,2,66
19113,837,28,5,1,61
19114,837,28,5,2,67
19115,837,28,6,1,64
19116,837,28,6,2,87
19117,838,28,1,1,45
19118,838,28,1,2,36
19119,838,28,2,1,40
19120,838,28,2,2,32
19121,838,28,3,1,42
19122,838,28,3,2,38
19123,838,28,4,1,48
19124,838,28,4,2,52
19125,838,28,5,1,55
19126,838,28,5,2,61
19127,838,28,6,1,50
19128,838,28,6,2,53
19129,838,28,1,1,45
19130,838,28,1,2,36
19131,838,28,2,1,40
19132,838,28,2,2,32
19133,838,28,3,1,42
19134,838,28,3,2,38
19135,838,28,4,1,48
19136,838,28,4,2,52
19137,838,28,5,1,55
19138,838,28,5,2,61
19139,838,28,6,1,50
19140,838,28,6,2,53
19141,839,28,1,1,52
19142,839,28,1,2,47
19143,839,28,2,1,58
19144,839,28,2,2,63
19145,839,28,3,1,67
19146,839,28,3,2,75
19147,839,28,4,1,78
19148,839,28,4,2,74
19149,839,28,5,1,84
19150,839,28,5,2,70
19151,839,28,6,1,87
19152,839,28,6,2,71
19153,839,28,1,1,52
19154,839,28,1,2,46
19155,839,28,2,1,58
19156,839,28,2,2,62
19157,839,28,3,1,67
19158,839,28,3,2,73
19159,839,28,4,1,77
19160,839,28,4,2,73
19161,839,28,5,1,83
19162,839,28,5,2,69
19163,839,28,6,1,86
19164,839,28,6,2,69
19165,840,28,1,1,61
19166,840,28,1,2,52
19167,840,28,2,1,76
19168,840,28,2,2,75
19169,840,28,3,1,73
19170,840,28,3,2,82
19171,840,28,4,1,77
19172,840,28,4,2,76
19173,840,28,5,1,70
19174,840,28,5,2,58
19175,840,28,6,1,60
19176,840,28,6,2,54
19177,840,28,1,1,61
19178,840,28,1,2,52
19179,840,28,2,1,76
19180,840,28,2,2,75
19181,840,28,3,1,73
19182,840,28,3,2,82
19183,840,28,4,1,77
19184,840,28,4,2,76
19185,840,28,5,1,70
19186,840,28,5,2,58
19187,840,28,6,1,60
19188,840,28,6,2,54
19189,841,28,1,1,67
19190,841,28,1,2,66
19191,841,28,2,1,73
19192,841,28,2,2,76
19193,841,28,3,1,80
19194,841,28,3,2,80
19195,841,28,4,1,88
19196,841,28,4,2,70
19197,841,28,5,1,84
19198,841,28,5,2,74
19199,841,28,6,1,87
19200,841,28,6,2,72
19201,841,28,1,1,67
19202,841,28,1,2,66
19203,841,28,2,1,73
19204,841,28,2,2,76
19205,841,28,3,1,80
19206,841,28,3,2,80
19207,841,28,4,1,88
19208,841,28,4,2,70
19209,841,28,5,1,84
19210,841,28,5,2,74
19211,841,28,6,1,87
19212,841,28,6,2,72
19213,842,28,1,1,59
19214,842,28,1,2,47
19215,842,28,2,1,69
19216,842,28,2,2,46
19217,842,28,3,1,60
19218,842,28,3,2,46
19219,842,28,4,1,56
19220,842,28,4,2,44
19221,842,28,5,1,66
19222,842,28,5,2,47
19223,842,28,6,1,64
19224,842,28,6,2,44
19225,842,28,1,1,59
19226,842,28,1,2,47
19227,842,28,2,1,69
19228,842,28,2,2,46
19229,842,28,3,1,60
19230,842,28,3,2,46
19231,842,28,4,1,56
19232,842,28,4,2,44
19233,842,28,5,1,66
19234,842,28,5,2,47
19235,842,28,6,1,64
19236,842,28,6,2,44
19237,843,28,1,1,58
19238,843,28,1,2,41
19239,843,28,2,1,61
19240,843,28,2,2,40
19241,843,28,3,1,64
19242,843,28,3,2,55
19243,843,28,4,1,79
19244,843,28,4,2,62
19245,843,28,5,1,79
19246,843,28,5,2,68
19247,843,28,6,1,76
19248,843,28,6,2,63
19249,843,28,1,1,58
19250,843,28,1,2,41
19251,843,28,2,1,61
19252,843,28,2,2,40
19253,843,28,3,1,64
19254,843,28,3,2,55
19255,843,28,4,1,79
19256,843,28,4,2,62
19257,843,28,5,1,79
19258,843,28,5,2,68
19259,843,28,6,1,76
19260,843,28,6,2,63
19261,844,28,1,1,90
19262,844,28,1,2,85
19263,844,28,2,1,94
19264,844,28,2,2,133
19265,844,28,3,1,96
19266,844,28,3,2,140
19267,844,28,4,1,117
19268,844,28,4,2,121
19269,844,28,5,1,109
19270,844,28,5,2,124
19271,844,28,6,1,113
19272,844,28,6,2,132
19273,844,28,1,1,90
19274,844,28,1,2,85
19275,844,28,2,1,94
19276,844,28,2,2,133
19277,844,28,3,1,96
19278,844,28,3,2,140
19279,844,28,4,1,117
19280,844,28,4,2,121
19281,844,28,5,1,109
19282,844,28,5,2,124
19283,844,28,6,1,113
19284,844,28,6,2,132
19285,845,28,1,1,51
19286,845,28,1,2,56
19287,845,28,2,1,46
19288,845,28,2,2,62
19289,845,28,3,1,44
19290,845,28,3,2,69
19291,845,28,4,1,53
19292,845,28,4,2,60
19293,845,28,5,1,58
19294,845,28,5,2,59
19295,845,28,6,1,56
19296,845,28,6,2,61
19297,845,28,1,1,51
19298,845,28,1,2,56
19299,845,28,2,1,46
19300,845,28,2,2,62
19301,845,28,3,1,44
19302,845,28,3,2,69
19303,845,28,4,1,53
19304,845,28,4,2,60
19305,845,28,5,1,58
19306,845,28,5,2,59
19307,845,28,6,1,56
19308,845,28,6,2,61
19309,846,28,1,1,73
19310,846,28,1,2,53
19311,846,28,2,1,83
19312,846,28,2,2,66
19313,846,28,3,1,86
19314,846,28,3,2,64
19315,846,28,4,1,82
19316,846,28,4,2,68
19317,846,28,5,1,74
19318,846,28,5,2,68
19319,846,28,6,1,79
19320,846,28,6,2,67
19321,846,28,1,1,73
19322,846,28,1,2,53
19323,846,28,2,1,83
19324,846,28,2,2,66
19325,846,28,3,1,86
19326,846,28,3,2,64
19327,846,28,4,1,82
19328,846,28,4,2,68
19329,846,28,5,1,74
19330,846,28,5,2,68
19331,846,28,6,1,79
19332,846,28,6,2,67
19333,847,28,1,1,65
19334,847,28,1,2,61
19335,847,28,2,1,68
19336,847,28,2,2,78
19337,847,28,3,1,79
19338,847,28,3,2,101
19339,847,28,4,1,100
19340,847,28,4,2,100
19341,847,28,5,1,89
19342,847,28,5,2,87
19343,847,28,6,1,87
19344,847,28,6,2,88
19345,847,28,1,1,65
19346,847,28,1,2,61
19347,847,28,2,1,68
19348,847,28,2,2,78
19349,847,28,3,1,79
19350,847,28,3,2,101
19351,847,28,4,1,100
19352,847,28,4,2,100
19353,847,28,5,1,89
19354,847,28,5,2,87
19355,847,28,6,1,87
19356,847,28,6,2,88
19357,848,28,1,1,61
19358,848,28,1,2,57
19359,848,28,2,1,56
19360,848,28,2,2,53
19361,848,28,3,1,53
19362,848,28,3,2,57
19363,848,28,4,1,57
19364,848,28,4,2,67
19365,848,28,5,1,65
19366,848,28,5,2,99
19367,848,28,6,1,65
19368,848,28,6,2,114
19369,848,28,1,1,61
19370,848,28,1,2,57
19371,848,28,2,1,56
19372,848,28,2,2,53
19373,848,28,3,1,53
19374,848,28,3,2,57
19375,848,28,4,1,57
19376,848,28,4,2,67
19377,848,28,5,1,65
19378,848,28,5,2,99
19379,848,28,6,1,65
19380,848,28,6,2,114
19381,849,28,1,1,74
19382,849,28,1,2,60
19383,849,28,2,1,81
19384,849,28,2,2,114
19385,849,28,3,1,64
19386,849,28,3,2,94
19387,849,28,4,1,84
19388,849,28,4,2,111
19389,849,28,5,1,87
19390,849,28,5,2,109
19391,849,28,6,1,84
19392,849,28,6,2,123
19393,849,28,1,1,74
19394,849,28,1,2,60
19395,849,28,2,1,81
19396,849,28,2,2,114
19397,849,28,3,1,64
19398,849,28,3,2,94
19399,849,28,4,1,84
19400,849,28,4,2,111
19401,849,28,5,1,87
19402,849,28,5,2,109
19403,849,28,6,1,84
19404,849,28,6,2,123
19405,850,28,1,1,58
19406,850,28,1,2,53
19407,850,28,2,1,66
19408,850,28,2,2,90
19409,850,28,3,1,68
19410,850,28,3,2,85
19411,850,28,4,1,69
19412,850,28,4,2,85
19413,850,28,5,1,65
19414,850,28,5,2,71
19415,850,28,6,1,62
19416,850,28,6,2,72
19417,850,28,1,1,58
19418,850,28,1,2,56
19419,850,28,2,1,65
19420,850,28,2,2,87
19421,850,28,3,1,67
19422,850,28,3,2,83
19423,850,28,4,1,68
19424,850,28,4,2,82
19425,850,28,5,1,65
19426,850,28,5,2,70
19427,850,28,6,1,62
19428,850,28,6,2,70
19429,851,28,1,1,50
19430,851,28,1,2,53
19431,851,28,2,1,48
19432,851,28,2,2,62
19433,851,28,3,1,47
19434,851,28,3,2,65
19435,851,28,4,1,56
19436,851,28,4,2,73
19437,851,28,5,1,70
19438,851,28,5,2,84
19439,851,28,6,1,73
19440,851,28,6,2,100
19441,851,28,1,1,50
19442,851,28,1,2,53
19443,851,28,2,1,48
19444,851,28,2,2,62
19445,851,28,3,1,47
19446,851,28,3,2,65
19447,851,28,4,1,56
19448,851,28,4,2,73
19449,851,28,5,1,70
19450,851,28,5,2,84
19451,851,28,6,1,73
19452,851,28,6,2,100
19453,852,28,1,1,32
19454,852,28,1,2,33
19455,852,28,2,1,35
19456,852,28,2,2,40
19457,852,28,3,1,43
19458,852,28,3,2,53
19459,852,28,4,1,59
19460,852,28,4,2,95
19461,852,28,5,1,56
19462,852,28,5,2,93
19463,852,28,6,1,48
19464,852,28,6,2,72
19465,852,28,1,1,32
19466,852,28,1,2,33
19467,852,28,2,1,35
19468,852,28,2,2,40
19469,852,28,3,1,43
19470,852,28,3,2,53
19471,852,28,4,1,59
19472,852,28,4,2,95
19473,852,28,5,1,56
19474,852,28,5,2,93
19475,852,28,6,1,48
19476,852,28,6,2,72
19477,853,28,1,1,42
19478,853,28,1,2,50
19479,853,28,2,1,48
19480,853,28,2,2,53
19481,853,28,3,1,49
19482,853,28,3,2,55
19483,853,28,4,1,49
19484,853,28,4,2,56
19485,853,28,5,1,66
19486,853,28,5,2,72
19487,853,28,6,1,72
19488,853,28,6,2,72
19489,853,28,1,1,41
19490,853,28,1,2,49
19491,853,28,2,1,47
19492,853,28,2,2,52
19493,853,28,3,1,48
19494,853,28,3,2,54
19495,853,28,4,1,48
19496,853,28,4,2,55
19497,853,28,5,1,64
19498,853,28,5,2,69
19499,853,28,6,1,70
19500,853,28,6,2,69
19501,854,28,1,1,77
19502,854,28,1,2,43
19503,854,28,2,1,78
19504,854,28,2,2,53
19505,854,28,3,1,77
19506,854,28,3,2,51
19507,854,28,4,1,61
19508,854,28,4,2,42
19509,854,28,5,1,59
19510,854,28,5,2,41
19511,854,28,6,1,51
19512,854,28,6,2,36
19513,854,28,1,1,77
19514,854,28,1,2,43
19515,854,28,2,1,78
19516,854,28,2,2,53
19517,854,28,3,1,77
19518,854,28,3,2,51
19519,854,28,4,1,61
19520,854,28,4,2,42
19521,854,28,5,1,59
19522,854,28,5,2,41
19523,854,28,6,1,51
19524,854,28,6,2,36
19525,855,28,1,1,67
19526,855,28,1,2,55
19527,855,28,2,1,92
19528,855,28,2,2,97
19529,855,28,3,1,89
19530,855,28,3,2,94
19531,855,28,4,1,85
19532,855,28,4,2,87
19533,855,28,5,1,94
19534,855,28,5,2,97
19535,855,28,6,1,88
19536,855,28,6,2,108
19537,855,28,1,1,67
19538,855,28,1,2,55
19539,855,28,2,1,92
19540,855,28,2,2,97
19541,855,28,3,1,89
19542,855,28,3,2,94
19543,855,28,4,1,85
19544,855,28,4,2,87
19545,855,28,5,1,94
19546,855,28,5,2,97
19547,855,28,6,1,88
19548,855,28,6,2,108
19549,856,28,1,1,69
19550,856,28,1,2,51
19551,856,28,2,1,67
19552,856,28,2,2,36
19553,856,28,3,1,68
19554,856,28,3,2,32
19555,856,28,4,1,78
19556,856,28,4,2,64
19557,856,28,5,1,97
19558,856,28,5,2,67
19559,856,28,6,1,109
19560,856,28,6,2,47
19561,857,28,1,1,86
19562,857,28,1,2,65
19563,857,28,2,1,109
19564,857,28,2,2,120
19565,857,28,3,1,106
19566,857,28,3,2,107
19567,857,28,4,1,111
19568,857,28,4,2,100
19569,857,28,5,1,109
19570,857,28,5,2,97
19571,857,28,6,1,118
19572,857,28,6,2,108
19573,858,29,1,1,102
19574,858,29,1,2,105
19575,858,29,2,1,106
19576,858,29,2,2,107
19577,858,29,3,1,105
19578,858,29,3,2,108
19579,858,29,4,1,100
19580,858,29,4,2,103
19581,858,29,5,1,97
19582,858,29,5,2,100
19583,858,29,6,1,96
19584,858,29,6,2,103
19585,859,29,1,1,101
19586,859,29,1,2,102
19587,859,29,2,1,101
19588,859,29,2,2,101
19589,859,29,3,1,102
19590,859,29,3,2,102
19591,859,29,4,1,101
19592,859,29,4,2,102
19593,859,29,5,1,101
19594,859,29,5,2,102
19595,859,29,6,1,101
19596,859,29,6,2,102
19597,860,30,1,1,99
19598,860,30,1,2,85
19599,860,30,2,1,104
19600,860,30,2,2,82
19601,860,30,3,1,104
19602,860,30,3,2,78
19603,860,30,4,1,100
19604,860,30,4,2,75
19605,860,30,5,1,99
19606,860,30,5,2,76
19607,860,30,6,1,98
19608,860,30,6,2,80
19609,860,30,1,1,106
19610,860,30,1,2,100
19611,860,30,2,1,109
19612,860,30,2,2,99
19613,860,30,3,1,108
19614,860,30,3,2,94
19615,860,30,4,1,106
19616,860,30,4,2,92
19617,860,30,5,1,106
19618,860,30,5,2,93
19619,860,30,6,1,104
19620,860,30,6,2,96
19621,861,30,1,1,108
19622,861,30,1,2,78
19623,861,30,2,1,104
19624,861,30,2,2,80
19625,861,30,3,1,107
19626,861,30,3,2,82
19627,861,30,4,1,109
19628,861,30,4,2,98
19629,861,30,5,1,111
19630,861,30,5,2,97
19631,861,30,6,1,109
19632,861,30,6,2,100
19633,861,30,1,1,102
19634,861,30,1,2,69
19635,861,30,2,1,99
19636,861,30,2,2,72
19637,861,30,3,1,101
19638,861,30,3,2,76
19639,861,30,4,1,104
19640,861,30,4,2,89
19641,861,30,5,1,107
19642,861,30,5,2,91
19643,861,30,6,1,106
19644,861,30,6,2,96
19645,862,30,1,1,99
19646,862,30,1,2,185
19647,862,30,2,1,105
19648,862,30,2,2,168
19649,862,30,3,1,102
19650,862,30,3,2,170
19651,862,30,4,1,106
19652,862,30,4,2,155
19653,862,30,5,1,96
19654,862,30,5,2,139
19655,862,30,6,1,101
19656,862,30,6,2,139
19657,862,30,1,1,92
19658,862,30,1,2,173
19659,862,30,2,1,96
19660,862,30,2,2,158
19661,862,30,3,1,95
19662,862,30,3,2,161
19663,862,30,4,1,98
19664,862,30,4,2,150
19665,862,30,5,1,90
19666,862,30,5,2,134
19667,862,30,6,1,95
19668,862,30,6,2,133
19669,863,30,1,1,128
19670,863,30,1,2,199
19671,863,30,2,1,136
19672,863,30,2,2,200
19673,863,30,3,1,128
19674,863,30,3,2,190
19675,863,30,4,1,121
19676,863,30,4,2,168
19677,863,30,5,1,122
19678,863,30,5,2,155
19679,863,30,6,1,121
19680,863,30,6,2,145
19681,864,30,1,1,111
19682,864,30,1,2,137
19683,864,30,2,1,115
19684,864,30,2,2,149
19685,864,30,3,1,108
19686,864,30,3,2,131
19687,864,30,4,1,111
19688,864,30,4,2,125
19689,864,30,5,1,106
19690,864,30,5,2,117
19691,864,30,6,1,107
19692,864,30,6,2,114
19693,864,30,1,1,111
19694,864,30,1,2,137
19695,864,30,2,1,115
19696,864,30,2,2,149
19697,864,30,3,1,108
19698,864,30,3,2,131
19699,864,30,4,1,111
19700,864,30,4,2,125
19701,864,30,5,1,106
19702,864,30,5,2,117
19703,864,30,6,1,107
19704,864,30,6,2,114
19705,865,30,1,1,107
19706,865,30,1,2,188
19707,865,30,2,1,115
19708,865,30,2,2,185
19709,865,30,3,1,110
19710,865,30,3,2,176
19711,865,30,4,1,108
19712,865,30,4,2,166
19713,865,30,5,1,106
19714,865,30,5,2,147
19715,865,30,6,1,106
19716,865,30,6,2,134
19717,865,30,1,1,107
19718,865,30,1,2,184
19719,865,30,2,1,114
19720,865,30,2,2,182
19721,865,30,3,1,108
19722,865,30,3,2,174
19723,865,30,4,1,106
19724,865,30,4,2,164
19725,865,30,5,1,104
19726,865,30,5,2,145
19727,865,30,6,1,103
19728,865,30,6,2,130
19729,866,30,1,1,100
19730,866,30,1,2,73
19731,866,30,2,1,96
19732,866,30,2,2,85
19733,866,30,3,1,103
19734,866,30,3,2,111
19735,866,30,4,1,107
19736,866,30,4,2,126
19737,866,30,5,1,103
19738,866,30,5,2,121
19739,866,30,6,1,100
19740,866,30,6,2,110
19741,866,30,1,1,95
19742,866,30,1,2,84
19743,866,30,2,1,92
19744,866,30,2,2,96
19745,866,30,3,1,99
19746,866,30,3,2,117
19747,866,30,4,1,102
19748,866,30,4,2,128
19749,866,30,5,1,98
19750,866,30,5,2,121
19751,866,30,6,1,96
19752,866,30,6,2,109
19753,867,30,1,1,99
19754,867,30,1,2,82
19755,867,30,2,1,100
19756,867,30,2,2,86
19757,867,30,3,1,103
19758,867,30,3,2,98
19759,867,30,4,1,102
19760,867,30,4,2,106
19761,867,30,5,1,105
19762,867,30,5,2,113
19763,867,30,6,1,103
19764,867,30,6,2,106
19765,867,30,1,1,100
19766,867,30,1,2,104
19767,867,30,2,1,101
19768,867,30,2,2,107
19769,867,30,3,1,100
19770,867,30,3,2,108
19771,867,30,4,1,99
19772,867,30,4,2,114
19773,867,30,5,1,99
19774,867,30,5,2,115
19775,867,30,6,1,97
19776,867,30,6,2,106
19777,868,30,1,1,101
19778,868,30,1,2,73
19779,868,30,2,1,96
19780,868,30,2,2,68
19781,868,30,3,1,98
19782,868,30,3,2,77
19783,868,30,4,1,104
19784,868,30,4,2,83
19785,868,30,5,1,106
19786,868,30,5,2,80
19787,868,30,6,1,106
19788,868,30,6,2,89
19789,868,30,1,1,93
19790,868,30,1,2,77
19791,868,30,2,1,98
19792,868,30,2,2,102
19793,868,30,3,1,94
19794,868,30,3,2,95
19795,868,30,4,1,98
19796,868,30,4,2,93
19797,868,30,5,1,99
19798,868,30,5,2,84
19799,868,30,6,1,97
19800,868,30,6,2,87
19801,869,30,1,1,99
19802,869,30,1,2,58
19803,869,30,2,1,99
19804,869,30,2,2,80
19805,869,30,3,1,109
19806,869,30,3,2,103
19807,869,30,4,1,112
19808,869,30,4,2,110
19809,869,30,5,1,103
19810,869,30,5,2,107
19811,869,30,6,1,101
19812,869,30,6,2,103
19813,869,30,1,1,95
19814,869,30,1,2,79
19815,869,30,2,1,100
19816,869,30,2,2,91
19817,869,30,3,1,105
19818,869,30,3,2,108
19819,869,30,4,1,105
19820,869,30,4,2,108
19821,869,30,5,1,100
19822,869,30,5,2,109
19823,869,30,6,1,94
19824,869,30,6,2,100
19825,870,30,1,1,104
19826,870,30,1,2,62
19827,870,30,2,1,95
19828,870,30,2,2,65
19829,870,30,3,1,104
19830,870,30,3,2,73
19831,870,30,4,1,104
19832,870,30,4,2,85
19833,870,30,5,1,101
19834,870,30,5,2,90
19835,870,30,6,1,103
19836,870,30,6,2,99
19837,870,30,1,1,101
19838,870,30,1,2,72
19839,870,30,2,1,96
19840,870,30,2,2,70
19841,870,30,3,1,99
19842,870,30,3,2,69
19843,870,30,4,1,100
19844,870,30,4,2,83
19845,870,30,5,1,101
19846,870,30,5,2,94
19847,870,30,6,1,101
19848,870,30,6,2,100
19849,871,30,1,1,102
19850,871,30,1,2,167
19851,871,30,2,1,108
19852,871,30,2,2,172
19853,871,30,3,1,108
19854,871,30,3,2,168
19855,871,30,4,1,104
19856,871,30,4,2,151
19857,871,30,5,1,105
19858,871,30,5,2,138
19859,871,30,6,1,105
19860,871,30,6,2,130
19861,871,30,1,1,99
19862,871,30,1,2,163
19863,871,30,2,1,104
19864,871,30,2,2,166
19865,871,30,3,1,104
19866,871,30,3,2,161
19867,871,30,4,1,100
19868,871,30,4,2,145
19869,871,30,5,1,101
19870,871,30,5,2,134
19871,871,30,6,1,103
19872,871,30,6,2,127
19873,872,30,1,1,98
19874,872,30,1,2,91
19875,872,30,2,1,95
19876,872,30,2,2,76
19877,872,30,3,1,94
19878,872,30,3,2,85
19879,872,30,4,1,97
19880,872,30,4,2,106
19881,872,30,5,1,99
19882,872,30,5,2,111
19883,872,30,6,1,98
19884,872,30,6,2,103
19885,872,30,1,1,98
19886,872,30,1,2,91
19887,872,30,2,1,95
19888,872,30,2,2,76
19889,872,30,3,1,94
19890,872,30,3,2,85
19891,872,30,4,1,97
19892,872,30,4,2,106
19893,872,30,5,1,99
19894,872,30,5,2,111
19895,872,30,6,1,98
19896,872,30,6,2,103
19897,873,30,1,1,110
19898,873,30,1,2,167
19899,873,30,2,1,110
19900,873,30,2,2,164
19901,873,30,3,1,109
19902,873,30,3,2,158
19903,873,30,4,1,108
19904,873,30,4,2,148
19905,873,30,5,1,102
19906,873,30,5,2,129
19907,873,30,6,1,100
19908,873,30,6,2,120
19909,873,30,1,1,103
19910,873,30,1,2,142
19911,873,30,2,1,103
19912,873,30,2,2,140
19913,873,30,3,1,102
19914,873,30,3,2,136
19915,873,30,4,1,99
19916,873,30,4,2,126
19917,873,30,5,1,96
19918,873,30,5,2,115
19919,873,30,6,1,94
19920,873,30,6,2,107
19921,874,30,1,1,109
19922,874,30,1,2,180
19923,874,30,2,1,109
19924,874,30,2,2,177
19925,874,30,3,1,111
19926,874,30,3,2,168
19927,874,30,4,1,109
19928,874,30,4,2,154
19929,874,30,5,1,111
19930,874,30,5,2,142
19931,874,30,6,1,113
19932,874,30,6,2,135
19933,874,30,1,1,100
19934,874,30,1,2,150
19935,874,30,2,1,100
19936,874,30,2,2,144
19937,874,30,3,1,102
19938,874,30,3,2,145
19939,874,30,4,1,103
19940,874,30,4,2,140
19941,874,30,5,1,100
19942,874,30,5,2,127
19943,874,30,6,1,102
19944,874,30,6,2,122
19945,875,30,1,1,63
19946,875,30,1,2,72
19947,875,30,2,1,78
19948,875,30,2,2,106
19949,875,30,3,1,84
19950,875,30,3,2,139
19951,875,30,4,1,96
19952,875,30,4,2,165
19953,875,30,5,1,87
19954,875,30,5,2,145
19955,875,30,6,1,93
19956,875,30,6,2,136
19957,875,30,1,1,63
19958,875,30,1,2,72
19959,875,30,2,1,78
19960,875,30,2,2,106
19961,875,30,3,1,84
19962,875,30,3,2,139
19963,875,30,4,1,96
19964,875,30,4,2,165
19965,875,30,5,1,87
19966,875,30,5,2,145
19967,875,30,6,1,93
19968,875,30,6,2,136
19969,876,30,1,1,103
19970,876,30,1,2,70
19971,876,30,2,1,105
19972,876,30,2,2,76
19973,876,30,3,1,104
19974,876,30,3,2,80
19975,876,30,4,1,104
19976,876,30,4,2,79
19977,876,30,5,1,105
19978,876,30,5,2,85
19979,876,30,6,1,105
19980,876,30,6,2,90
19981,876,30,1,1,104
19982,876,30,1,2,87
19983,876,30,2,1,106
19984,876,30,2,2,90
19985,876,30,3,1,104
19986,876,30,3,2,90
19987,876,30,4,1,105
19988,876,30,4,2,90
19989,876,30,5,1,105
19990,876,30,5,2,93
19991,876,30,6,1,104
19992,876,30,6,2,97
19993,877,30,1,1,91
19994,877,30,1,2,55
19995,877,30,2,1,90
19996,877,30,2,2,49
19997,877,30,3,1,96
19998,877,30,3,2,61
19999,877,30,4,1,95
20000,877,30,4,2,67
20001,877,30,5,1,99
20002,877,30,5,2,75
20003,877,30,6,1,100
20004,877,30,6,2,79
20005,877,30,1,1,93
20006,877,30,1,2,73
20007,877,30,2,1,91
20008,877,30,2,2,75
20009,877,30,3,1,95
20010,877,30,3,2,81
20011,877,30,4,1,93
20012,877,30,4,2,78
20013,877,30,5,1,93
20014,877,30,5,2,79
20015,877,30,6,1,98
20016,877,30,6,2,76
20017,878,30,1,1,105
20018,878,30,1,2,62
20019,878,30,2,1,102
20020,878,30,2,2,50
20021,878,30,3,1,103
20022,878,30,3,2,51
20023,878,30,4,1,108
20024,878,30,4,2,82
20025,878,30,5,1,110
20026,878,30,5,2,98
20027,878,30,6,1,108
20028,878,30,6,2,101
20029,879,30,1,1,112
20030,879,30,1,2,145
20031,879,30,2,1,119
20032,879,30,2,2,148
20033,879,30,3,1,118
20034,879,30,3,2,141
20035,879,30,4,1,117
20036,879,30,4,2,131
20037,879,30,5,1,113
20038,879,30,5,2,125
20039,879,30,6,1,112
20040,879,30,6,2,121
20041,880,30,1,1,112
20042,880,30,1,2,69
20043,880,30,2,1,107
20044,880,30,2,2,57
20045,880,30,3,1,103
20046,880,30,3,2,54
20047,880,30,4,1,111
20048,880,30,4,2,64
20049,880,30,5,1,122
20050,880,30,5,2,101
20051,880,30,6,1,117
20052,880,30,6,2,97
20053,881,30,1,1,102
20054,881,30,1,2,62
20055,881,30,2,1,88
20056,881,30,2,2,52
20057,881,30,3,1,96
20058,881,30,3,2,50
20059,881,30,4,1,98
20060,881,30,4,2,49
20061,881,30,5,1,99
20062,881,30,5,2,60
20063,881,30,6,1,100
20064,881,30,6,2,71
20065,881,30,1,1,99
20066,881,30,1,2,58
20067,881,30,2,1,84
20068,881,30,2,2,48
20069,881,30,3,1,94
20070,881,30,3,2,47
20071,881,30,4,1,95
20072,881,30,4,2,45
20073,881,30,5,1,96
20074,881,30,5,2,57
20075,881,30,6,1,96
20076,881,30,6,2,65
20077,882,30,1,1,101
20078,882,30,1,2,98
20079,882,30,2,1,103
20080,882,30,2,2,102
20081,882,30,3,1,104
20082,882,30,3,2,96
20083,882,30,4,1,92
20084,882,30,4,2,64
20085,882,30,5,1,98
20086,882,30,5,2,70
20087,882,30,6,1,94
20088,882,30,6,2,65
20089,883,30,1,1,93
20090,883,30,1,2,78
20091,883,30,2,1,94
20092,883,30,2,2,89
20093,883,30,3,1,99
20094,883,30,3,2,114
20095,883,30,4,1,108
20096,883,30,4,2,132
20097,883,30,5,1,102
20098,883,30,5,2,116
20099,883,30,6,1,107
20100,883,30,6,2,116
20101,884,30,1,1,105
20102,884,30,1,2,78
20103,884,30,2,1,102
20104,884,30,2,2,73
20105,884,30,3,1,104
20106,884,30,3,2,91
20107,884,30,4,1,104
20108,884,30,4,2,100
20109,884,30,5,1,104
20110,884,30,5,2,100
20111,884,30,6,1,100
20112,884,30,6,2,96
20113,884,30,1,1,103
20114,884,30,1,2,89
20115,884,30,2,1,101
20116,884,30,2,2,86
20117,884,30,3,1,102
20118,884,30,3,2,96
20119,884,30,4,1,102
20120,884,30,4,2,104
20121,884,30,5,1,100
20122,884,30,5,2,103
20123,884,30,6,1,97
20124,884,30,6,2,97
20125,885,30,1,1,117
20126,885,30,1,2,191
20127,885,30,2,1,128
20128,885,30,2,2,189
20129,885,30,3,1,118
20130,885,30,3,2,175
20131,885,30,4,1,115
20132,885,30,4,2,156
20133,885,30,5,1,112
20134,885,30,5,2,142
20135,885,30,6,1,110
20136,885,30,6,2,133
20137,886,30,1,1,109
20138,886,30,1,2,70
20139,886,30,2,1,101
20140,886,30,2,2,60
20141,886,30,3,1,102
20142,886,30,3,2,55
20143,886,30,4,1,100
20144,886,30,4,2,49
20145,886,30,5,1,104
20146,886,30,5,2,51
20147,886,30,6,1,109
20148,886,30,6,2,87
20149,887,30,1,1,100
20150,887,30,1,2,126
20151,887,30,2,1,109
20152,887,30,2,2,151
20153,887,30,3,1,105
20154,887,30,3,2,148
20155,887,30,4,1,99
20156,887,30,4,2,136
20157,887,30,5,1,102
20158,887,30,5,2,121
20159,887,30,6,1,102
20160,887,30,6,2,121
20161,887,30,1,1,94
20162,887,30,1,2,98
20163,887,30,2,1,98
20164,887,30,2,2,117
20165,887,30,3,1,99
20166,887,30,3,2,116
20167,887,30,4,1,94
20168,887,30,4,2,107
20169,887,30,5,1,95
20170,887,30,5,2,94
20171,887,30,6,1,96
20172,887,30,6,2,99
20173,888,30,1,1,103
20174,888,30,1,2,62
20175,888,30,2,1,97
20176,888,30,2,2,62
20177,888,30,3,1,99
20178,888,30,3,2,69
20179,888,30,4,1,104
20180,888,30,4,2,71
20181,888,30,5,1,101
20182,888,30,5,2,74
20183,888,30,6,1,104
20184,888,30,6,2,87
20185,888,30,1,1,103
20186,888,30,1,2,75
20187,888,30,2,1,98
20188,888,30,2,2,70
20189,888,30,3,1,100
20190,888,30,3,2,76
20191,888,30,4,1,103
20192,888,30,4,2,77
20193,888,30,5,1,100
20194,888,30,5,2,79
20195,888,30,6,1,102
20196,888,30,6,2,90
20197,889,30,1,1,115
20198,889,30,1,2,166
20199,889,30,2,1,121
20200,889,30,2,2,175
20201,889,30,3,1,116
20202,889,30,3,2,181
20203,889,30,4,1,115
20204,889,30,4,2,173
20205,889,30,5,1,112
20206,889,30,5,2,155
20207,889,30,6,1,113
20208,889,30,6,2,142
20209,889,30,1,1,110
20210,889,30,1,2,166
20211,889,30,2,1,119
20212,889,30,2,2,176
20213,889,30,3,1,112
20214,889,30,3,2,177
20215,889,30,4,1,111
20216,889,30,4,2,169
20217,889,30,5,1,108
20218,889,30,5,2,150
20219,889,30,6,1,109
20220,889,30,6,2,139
20221,890,30,1,1,89
20222,890,30,1,2,46
20223,890,30,2,1,82
20224,890,30,2,2,36
20225,890,30,3,1,91
20226,890,30,3,2,39
20227,890,30,4,1,93
20228,890,30,4,2,52
20229,890,30,5,1,98
20230,890,30,5,2,65
20231,890,30,6,1,97
20232,890,30,6,2,74
20233,890,30,1,1,88
20234,890,30,1,2,53
20235,890,30,2,1,83
20236,890,30,2,2,47
20237,890,30,3,1,88
20238,890,30,3,2,47
20239,890,30,4,1,91
20240,890,30,4,2,57
20241,890,30,5,1,94
20242,890,30,5,2,62
20243,890,30,6,1,92
20244,890,30,6,2,68
20245,891,30,1,1,95
20246,891,30,1,2,43
20247,891,30,2,1,103
20248,891,30,2,2,51
20249,891,30,3,1,102
20250,891,30,3,2,72
20251,891,30,4,1,106
20252,891,30,4,2,95
20253,891,30,5,1,98
20254,891,30,5,2,105
20255,891,30,6,1,93
20256,891,30,6,2,103
20257,891,30,1,1,85
20258,891,30,1,2,38
20259,891,30,2,1,95
20260,891,30,2,2,46
20261,891,30,3,1,90
20262,891,30,3,2,61
20263,891,30,4,1,94
20264,891,30,4,2,78
20265,891,30,5,1,87
20266,891,30,5,2,87
20267,891,30,6,1,83
20268,891,30,6,2,86
20269,892,30,1,1,102
20270,892,30,1,2,122
20271,892,30,2,1,105
20272,892,30,2,2,123
20273,892,30,3,1,103
20274,892,30,3,2,132
20275,892,30,4,1,106
20276,892,30,4,2,135
20277,892,30,5,1,100
20278,892,30,5,2,119
20279,892,30,6,1,101
20280,892,30,6,2,110
20281,892,30,1,1,102
20282,892,30,1,2,129
20283,892,30,2,1,102
20284,892,30,2,2,125
20285,892,30,3,1,102
20286,892,30,3,2,135
20287,892,30,4,1,103
20288,892,30,4,2,135
20289,892,30,5,1,98
20290,892,30,5,2,120
20291,892,30,6,1,98
20292,892,30,6,2,111
20293,893,30,1,1,114
20294,893,30,1,2,97
20295,893,30,2,1,112
20296,893,30,2,2,91
20297,893,30,3,1,114
20298,893,30,3,2,105
20299,893,30,4,1,117
20300,893,30,4,2,125
20301,893,30,5,1,118
20302,893,30,5,2,130
20303,893,30,6,1,118
20304,893,30,6,2,119
20305,894,30,1,1,105
20306,894,30,1,2,78
20307,894,30,2,1,102
20308,894,30,2,2,76
20309,894,30,3,1,101
20310,894,30,3,2,80
20311,894,30,4,1,100
20312,894,30,4,2,81
20313,894,30,5,1,109
20314,894,30,5,2,94
20315,894,30,6,1,112
20316,894,30,6,2,103
20317,894,30,1,1,103
20318,894,30,1,2,75
20319,894,30,2,1,99
20320,894,30,2,2,77
20321,894,30,3,1,98
20322,894,30,3,2,79
20323,894,30,4,1,96
20324,894,30,4,2,76
20325,894,30,5,1,105
20326,894,30,5,2,88
20327,894,30,6,1,107
20328,894,30,6,2,96
20329,895,30,1,1,111
20330,895,30,1,2,70
20331,895,30,2,1,107
20332,895,30,2,2,55
20333,895,30,3,1,106
20334,895,30,3,2,50
20335,895,30,4,1,104
20336,895,30,4,2,74
20337,895,30,5,1,107
20338,895,30,5,2,80
20339,895,30,6,1,114
20340,895,30,6,2,101
20341,896,30,1,1,104
20342,896,30,1,2,91
20343,896,30,2,1,104
20344,896,30,2,2,82
20345,896,30,3,1,104
20346,896,30,3,2,76
20347,896,30,4,1,102
20348,896,30,4,2,76
20349,896,30,5,1,104
20350,896,30,5,2,86
20351,896,30,6,1,106
20352,896,30,6,2,95
20353,896,30,1,1,103
20354,896,30,1,2,90
20355,896,30,2,1,103
20356,896,30,2,2,83
20357,896,30,3,1,103
20358,896,30,3,2,79
20359,896,30,4,1,102
20360,896,30,4,2,81
20361,896,30,5,1,105
20362,896,30,5,2,93
20363,896,30,6,1,106
20364,896,30,6,2,99
20365,897,30,1,1,94
20366,897,30,1,2,52
20367,897,30,2,1,97
20368,897,30,2,2,62
20369,897,30,3,1,93
20370,897,30,3,2,55
20371,897,30,4,1,100
20372,897,30,4,2,54
20373,897,30,5,1,113
20374,897,30,5,2,113
20375,897,30,6,1,102
20376,897,30,6,2,96
20377,897,30,1,1,97
20378,897,30,1,2,74
20379,897,30,2,1,100
20380,897,30,2,2,84
20381,897,30,3,1,98
20382,897,30,3,2,73
20383,897,30,4,1,100
20384,897,30,4,2,68
20385,897,30,5,1,112
20386,897,30,5,2,111
20387,897,30,6,1,102
20388,897,30,6,2,97
20389,898,30,1,1,98
20390,898,30,1,2,69
20391,898,30,2,1,87
20392,898,30,2,2,58
20393,898,30,3,1,95
20394,898,30,3,2,56
20395,898,30,4,1,93
20396,898,30,4,2,51
20397,898,30,5,1,103
20398,898,30,5,2,77
20399,898,30,6,1,115
20400,898,30,6,2,109
20401,898,30,1,1,97
20402,898,30,1,2,85
20403,898,30,2,1,87
20404,898,30,2,2,71
20405,898,30,3,1,94
20406,898,30,3,2,68
20407,898,30,4,1,94
20408,898,30,4,2,71
20409,898,30,5,1,101
20410,898,30,5,2,86
20411,898,30,6,1,109
20412,898,30,6,2,107
20413,899,30,1,1,108
20414,899,30,1,2,163
20415,899,30,2,1,111
20416,899,30,2,2,159
20417,899,30,3,1,108
20418,899,30,3,2,158
20419,899,30,4,1,104
20420,899,30,4,2,145
20421,899,30,5,1,104
20422,899,30,5,2,130
20423,899,30,6,1,102
20424,899,30,6,2,118
20425,899,30,1,1,108
20426,899,30,1,2,163
20427,899,30,2,1,111
20428,899,30,2,2,159
20429,899,30,3,1,108
20430,899,30,3,2,158
20431,899,30,4,1,104
20432,899,30,4,2,145
20433,899,30,5,1,104
20434,899,30,5,2,130
20435,899,30,6,1,102
20436,899,30,6,2,118
20437,900,30,1,1,113
20438,900,30,1,2,101
20439,900,30,2,1,108
20440,900,30,2,2,104
20441,900,30,3,1,108
20442,900,30,3,2,99
20443,900,30,4,1,105
20444,900,30,4,2,102
20445,900,30,5,1,104
20446,900,30,5,2,109
20447,900,30,6,1,107
20448,900,30,6,2,109
20449,900,30,1,1,109
20450,900,30,1,2,94
20451,900,30,2,1,103
20452,900,30,2,2,92
20453,900,30,3,1,103
20454,900,30,3,2,86
20455,900,30,4,1,101
20456,900,30,4,2,87
20457,900,30,5,1,100
20458,900,30,5,2,97
20459,900,30,6,1,103
20460,900,30,6,2,100
20461,901,30,1,1,102
20462,901,30,1,2,94
20463,901,30,2,1,104
20464,901,30,2,2,90
20465,901,30,3,1,105
20466,901,30,3,2,94
20467,901,30,4,1,108
20468,901,30,4,2,99
20469,901,30,5,1,107
20470,901,30,5,2,103
20471,901,30,6,1,109
20472,901,30,6,2,107
20473,901,30,1,1,102
20474,901,30,1,2,101
20475,901,30,2,1,102
20476,901,30,2,2,101
20477,901,30,3,1,102
20478,901,30,3,2,100
20479,901,30,4,1,104
20480,901,30,4,2,104
20481,901,30,5,1,104
20482,901,30,5,2,107
20483,901,30,6,1,105
20484,901,30,6,2,106
20485,902,30,1,1,107
20486,902,30,1,2,169
20487,902,30,2,1,110
20488,902,30,2,2,172
20489,902,30,3,1,104
20490,902,30,3,2,161
20491,902,30,4,1,99
20492,902,30,4,2,152
20493,902,30,5,1,102
20494,902,30,5,2,142
20495,902,30,6,1,106
20496,902,30,6,2,134
20497,902,30,1,1,101
20498,902,30,1,2,145
20499,902,30,2,1,104
20500,902,30,2,2,152
20501,902,30,3,1,101
20502,902,30,3,2,144
20503,902,30,4,1,99
20504,902,30,4,2,143
20505,902,30,5,1,98
20506,902,30,5,2,130
20507,902,30,6,1,101
20508,902,30,6,2,121
20509,903,30,1,1,101
20510,903,30,1,2,50
20511,903,30,2,1,84
20512,903,30,2,2,37
20513,903,30,3,1,86
20514,903,30,3,2,41
20515,903,30,4,1,92
20516,903,30,4,2,53
20517,903,30,5,1,95
20518,903,30,5,2,56
20519,903,30,6,1,92
20520,903,30,6,2,65
20521,903,30,1,1,96
20522,903,30,1,2,78
20523,903,30,2,1,84
20524,903,30,2,2,74
20525,903,30,3,1,85
20526,903,30,3,2,71
20527,903,30,4,1,88
20528,903,30,4,2,70
20529,903,30,5,1,88
20530,903,30,5,2,75
20531,903,30,6,1,86
20532,903,30,6,2,77
20533,904,30,1,1,111
20534,904,30,1,2,82
20535,904,30,2,1,107
20536,904,30,2,2,69
20537,904,30,3,1,111
20538,904,30,3,2,69
20539,904,30,4,1,109
20540,904,30,4,2,79
20541,904,30,5,1,110
20542,904,30,5,2,81
20543,904,30,6,1,106
20544,904,30,6,2,83
20545,905,30,1,1,114
20546,905,30,1,2,82
20547,905,30,2,1,109
20548,905,30,2,2,83
20549,905,30,3,1,112
20550,905,30,3,2,74
20551,905,30,4,1,112
20552,905,30,4,2,88
20553,905,30,5,1,115
20554,905,30,5,2,100
20555,905,30,6,1,111
20556,905,30,6,2,100
20557,906,30,1,1,91
20558,906,30,1,2,88
20559,906,30,2,1,93
20560,906,30,2,2,105
20561,906,30,3,1,98
20562,906,30,3,2,128
20563,906,30,4,1,103
20564,906,30,4,2,130
20565,906,30,5,1,99
20566,906,30,5,2,120
20567,906,30,6,1,104
20568,906,30,6,2,116
20569,906,30,1,1,88
20570,906,30,1,2,102
20571,906,30,2,1,88
20572,906,30,2,2,104
20573,906,30,3,1,89
20574,906,30,3,2,114
20575,906,30,4,1,93
20576,906,30,4,2,112
20577,906,30,5,1,92
20578,906,30,5,2,108
20579,906,30,6,1,95
20580,906,30,6,2,108
20581,907,31,1,1,105
20582,907,31,1,2,72
20583,907,31,2,1,109
20584,907,31,2,2,78
20585,907,31,3,1,113
20586,907,31,3,2,89
20587,907,31,4,1,111
20588,907,31,4,2,93
20589,907,31,5,1,112
20590,907,31,5,2,99
20591,907,31,6,1,116
20592,907,31,6,2,105
20593,907,31,1,1,108
20594,907,31,1,2,87
20595,907,31,2,1,110
20596,907,31,2,2,91
20597,907,31,3,1,112
20598,907,31,3,2,98
20599,907,31,4,1,111
20600,907,31,4,2,101
20601,907,31,5,1,110
20602,907,31,5,2,104
20603,907,31,6,1,113
20604,907,31,6,2,106
20605,908,31,1,1,99
20606,908,31,1,2,100
20607,908,31,2,1,98
20608,908,31,2,2,94
20609,908,31,3,1,100
20610,908,31,3,2,95
20611,908,31,4,1,100
20612,908,31,4,2,97
20613,908,31,5,1,103
20614,908,31,5,2,98
20615,908,31,6,1,105
20616,908,31,6,2,102
20617,908,31,1,1,102
20618,908,31,1,2,112
20619,908,31,2,1,99
20620,908,31,2,2,103
20621,908,31,3,1,100
20622,908,31,3,2,102
20623,908,31,4,1,100
20624,908,31,4,2,101
20625,908,31,5,1,102
20626,908,31,5,2,101
20627,908,31,6,1,103
20628,908,31,6,2,102
20629,909,31,1,1,108
20630,909,31,1,2,91
20631,909,31,2,1,106
20632,909,31,2,2,92
20633,909,31,3,1,105
20634,909,31,3,2,95
20635,909,31,4,1,104
20636,909,31,4,2,97
20637,909,31,5,1,107
20638,909,31,5,2,99
20639,909,31,6,1,100
20640,909,31,6,2,95
20641,909,31,1,1,107
20642,909,31,1,2,97
20643,909,31,2,1,107
20644,909,31,2,2,98
20645,909,31,3,1,107
20646,909,31,3,2,101
20647,909,31,4,1,105
20648,909,31,4,2,100
20649,909,31,5,1,108
20650,909,31,5,2,104
20651,909,31,6,1,102
20652,909,31,6,2,100
20653,910,31,1,1,108
20654,910,31,1,2,105
20655,910,31,2,1,110
20656,910,31,2,2,99
20657,910,31,3,1,105
20658,910,31,3,2,93
20659,910,31,4,1,101
20660,910,31,4,2,96
20661,910,31,5,1,99
20662,910,31,5,2,98
20663,910,31,6,1,97
20664,910,31,6,2,99
20665,910,31,1,1,109
20666,910,31,1,2,115
20667,910,31,2,1,108
20668,910,31,2,2,110
20669,910,31,3,1,104
20670,910,31,3,2,104
20671,910,31,4,1,103
20672,910,31,4,2,105
20673,910,31,5,1,99
20674,910,31,5,2,103
20675,910,31,6,1,98
20676,910,31,6,2,104
20677,911,32,1,1,116
20678,911,32,1,2,117
20679,911,32,2,1,119
20680,911,32,2,2,122
20681,911,32,3,1,120
20682,911,32,3,2,126
20683,911,32,4,1,120
20684,911,32,4,2,126
20685,911,32,5,1,119
20686,911,32,5,2,124
20687,911,32,6,1,117
20688,911,32,6,2,124
20689,911,32,1,1,110
20690,911,32,1,2,111
20691,911,32,2,1,112
20692,911,32,2,2,115
20693,911,32,3,1,113
20694,911,32,3,2,116
20695,911,32,4,1,113
20696,911,32,4,2,115
20697,911,32,5,1,113
20698,911,32,5,2,115
20699,911,32,6,1,113
20700,911,32,6,2,117
20701,912,32,1,1,124
20702,912,32,1,2,114
20703,912,32,2,1,127
20704,912,32,2,2,116
20705,912,32,3,1,120
20706,912,32,3,2,123
20707,912,32,4,1,118
20708,912,32,4,2,122
20709,912,32,5,1,119
20710,912,32,5,2,123
20711,912,32,6,1,114
20712,912,32,6,2,118
20713,912,32,1,1,117
20714,912,32,1,2,109
20715,912,32,2,1,118
20716,912,32,2,2,107
20717,912,32,3,1,110
20718,912,32,3,2,109
20719,912,32,4,1,110
20720,912,32,4,2,110
20721,912,32,5,1,113
20722,912,32,5,2,113
20723,912,32,6,1,111
20724,912,32,6,2,110
20725,913,32,1,1,127
20726,913,32,1,2,117
20727,913,32,2,1,118
20728,913,32,2,2,117
20729,913,32,3,1,126
20730,913,32,3,2,120
20731,913,32,4,1,122
20732,913,32,4,2,119
20733,913,32,5,1,118
20734,913,32,5,2,120
20735,913,32,6,1,119
20736,913,32,6,2,117
20737,913,32,1,1,124
20738,913,32,1,2,114
20739,913,32,2,1,117
20740,913,32,2,2,115
20741,913,32,3,1,123
20742,913,32,3,2,116
20743,913,32,4,1,119
20744,913,32,4,2,115
20745,913,32,5,1,116
20746,913,32,5,2,117
20747,913,32,6,1,116
20748,913,32,6,2,114
20749,69,32,1,1,123
20750,69,32,1,2,136
20751,69,32,2,1,119
20752,69,32,2,2,121
20753,69,32,3,1,117
20754,69,32,3,2,130
20755,69,32,4,1,116
20756,69,32,4,2,135
20757,69,32,5,1,109
20758,69,32,5,2,138
20759,69,32,6,1,106
20760,69,32,6,2,135
20761,69,32,1,1,110
20762,69,32,1,2,120
20763,69,32,2,1,111
20764,69,32,2,2,114
20765,69,32,3,1,104
20766,69,32,3,2,115
20767,69,32,4,1,104
20768,69,32,4,2,117
20769,69,32,5,1,101
20770,69,32,5,2,122
20771,69,32,6,1,97
20772,69,32,6,2,117
20773,914,32,1,1,107
20774,914,32,1,2,108
20775,914,32,2,1,104
20776,914,32,2,2,100
20777,914,32,3,1,97
20778,914,32,3,2,104
20779,914,32,4,1,106
20780,914,32,4,2,119
20781,914,32,5,1,113
20782,914,32,5,2,127
20783,914,32,6,1,111
20784,914,32,6,2,121
20785,914,32,1,1,99
20786,914,32,1,2,98
20787,914,32,2,1,97
20788,914,32,2,2,92
20789,914,32,3,1,89
20790,914,32,3,2,92
20791,914,32,4,1,97
20792,914,32,4,2,105
20793,914,32,5,1,104
20794,914,32,5,2,112
20795,914,32,6,1,103
20796,914,32,6,2,107
20797,915,32,1,1,140
20798,915,32,1,2,231
20799,915,32,2,1,145
20800,915,32,2,2,170
20801,915,32,3,1,118
20802,915,32,3,2,133
20803,915,32,4,1,115
20804,915,32,4,2,126
20805,915,32,5,1,112
20806,915,32,5,2,116
20807,915,32,6,1,107
20808,915,32,6,2,113
20809,915,32,1,1,133
20810,915,32,1,2,214
20811,915,32,2,1,135
20812,915,32,2,2,156
20813,915,32,3,1,108
20814,915,32,3,2,121
20815,915,32,4,1,105
20816,915,32,4,2,114
20817,915,32,5,1,101
20818,915,32,5,2,102
20819,915,32,6,1,100
20820,915,32,6,2,102
20821,916,32,1,1,100
20822,916,32,1,2,95
20823,916,32,2,1,102
20824,916,32,2,2,110
20825,916,32,3,1,94
20826,916,32,3,2,101
20827,916,32,4,1,100
20828,916,32,4,2,109
20829,916,32,5,1,99
20830,916,32,5,2,105
20831,916,32,6,1,100
20832,916,32,6,2,107
20833,916,32,1,1,87
20834,916,32,1,2,82
20835,916,32,2,1,88
20836,916,32,2,2,92
20837,916,32,3,1,83
20838,916,32,3,2,86
20839,916,32,4,1,88
20840,916,32,4,2,92
20841,916,32,5,1,90
20842,916,32,5,2,91
20843,916,32,6,1,92
20844,916,32,6,2,92
20845,917,32,1,1,105
20846,917,32,1,2,105
20847,917,32,2,1,99
20848,917,32,2,2,101
20849,917,32,3,1,92
20850,917,32,3,2,105
20851,917,32,4,1,100
20852,917,32,4,2,111
20853,917,32,5,1,102
20854,917,32,5,2,132
20855,917,32,6,1,100
20856,917,32,6,2,118
20857,917,32,1,1,88
20858,917,32,1,2,87
20859,917,32,2,1,82
20860,917,32,2,2,81
20861,917,32,3,1,81
20862,917,32,3,2,88
20863,917,32,4,1,88
20864,917,32,4,2,95
20865,917,32,5,1,92
20866,917,32,5,2,108
20867,917,32,6,1,88
20868,917,32,6,2,94
20869,918,32,1,1,94
20870,918,32,1,2,96
20871,918,32,2,1,86
20872,918,32,2,2,92
20873,918,32,3,1,105
20874,918,32,3,2,111
20875,918,32,4,1,101
20876,918,32,4,2,108
20877,918,32,5,1,99
20878,918,32,5,2,104
20879,918,32,6,1,100
20880,918,32,6,2,103
20881,918,32,1,1,79
20882,918,32,1,2,78
20883,918,32,2,1,72
20884,918,32,2,2,75
20885,918,32,3,1,92
20886,918,32,3,2,91
20887,918,32,4,1,87
20888,918,32,4,2,88
20889,918,32,5,1,87
20890,918,32,5,2,86
20891,918,32,6,1,89
20892,918,32,6,2,85
20893,919,32,1,1,103
20894,919,32,1,2,107
20895,919,32,2,1,102
20896,919,32,2,2,100
20897,919,32,3,1,87
20898,919,32,3,2,93
20899,919,32,4,1,89
20900,919,32,4,2,94
20901,919,32,5,1,111
20902,919,32,5,2,111
20903,919,32,6,1,103
20904,919,32,6,2,101
20905,919,32,1,1,81
20906,919,32,1,2,79
20907,919,32,2,1,74
20908,919,32,2,2,69
20909,919,32,3,1,68
20910,919,32,3,2,61
20911,919,32,4,1,73
20912,919,32,4,2,68
20913,919,32,5,1,94
20914,919,32,5,2,86
20915,919,32,6,1,85
20916,919,32,6,2,73
20917,920,32,1,1,87
20918,920,32,1,2,78
20919,920,32,2,1,80
20920,920,32,2,2,114
20921,920,32,3,1,93
20922,920,32,3,2,105
20923,920,32,4,1,96
20924,920,32,4,2,107
20925,920,32,5,1,99
20926,920,32,5,2,106
20927,920,32,6,1,97
20928,920,32,6,2,110
20929,920,32,1,1,75
20930,920,32,1,2,72
20931,920,32,2,1,71
20932,920,32,2,2,90
20933,920,32,3,1,75
20934,920,32,3,2,77
20935,920,32,4,1,77
20936,920,32,4,2,82
20937,920,32,5,1,78
20938,920,32,5,2,74
20939,920,32,6,1,81
20940,920,32,6,2,84
20941,921,32,1,1,89
20942,921,32,1,2,94
20943,921,32,2,1,88
20944,921,32,2,2,93
20945,921,32,3,1,85
20946,921,32,3,2,93
20947,921,32,4,1,97
20948,921,32,4,2,100
20949,921,32,5,1,91
20950,921,32,5,2,97
20951,921,32,6,1,90
20952,921,32,6,2,95
20953,921,32,1,1,79
20954,921,32,1,2,83
20955,921,32,2,1,81
20956,921,32,2,2,84
20957,921,32,3,1,79
20958,921,32,3,2,82
20959,921,32,4,1,86
20960,921,32,4,2,85
20961,921,32,5,1,82
20962,921,32,5,2,77
20963,921,32,6,1,84
20964,921,32,6,2,83
20965,922,32,1,1,86
20966,922,32,1,2,88
20967,922,32,2,1,85
20968,922,32,2,2,92
20969,922,32,3,1,84
20970,922,32,3,2,86
20971,922,32,4,1,92
20972,922,32,4,2,97
20973,922,32,5,1,96
20974,922,32,5,2,101
20975,922,32,6,1,96
20976,922,32,6,2,101
20977,922,32,1,1,84
20978,922,32,1,2,87
20979,922,32,2,1,83
20980,922,32,2,2,89
20981,922,32,3,1,82
20982,922,32,3,2,82
20983,922,32,4,1,91
20984,922,32,4,2,94
20985,922,32,5,1,93
20986,922,32,5,2,96
20987,922,32,6,1,93
20988,922,32,6,2,96
20989,923,32,1,1,98
20990,923,32,1,2,99
20991,923,32,2,1,110
20992,923,32,2,2,102
20993,923,32,3,1,102
20994,923,32,3,2,99
20995,923,32,4,1,110
20996,923,32,4,2,108
20997,923,32,5,1,107
20998,923,32,5,2,105
20999,923,32,6,1,107
21000,923,32,6,2,105
21001,923,32,1,1,88
21002,923,32,1,2,90
21003,923,32,2,1,99
21004,923,32,2,2,91
21005,923,32,3,1,93
21006,923,32,3,2,90
21007,923,32,4,1,98
21008,923,32,4,2,93
21009,923,32,5,1,86
21010,923,32,5,2,74
21011,923,32,6,1,98
21012,923,32,6,2,91
21013,924,32,1,1,113
21014,924,32,1,2,118
21015,924,32,2,1,121
21016,924,32,2,2,125
21017,924,32,3,1,119
21018,924,32,3,2,125
21019,924,32,4,1,112
21020,924,32,4,2,120
21021,924,32,5,1,120
21022,924,32,5,2,127
21023,924,32,6,1,115
21024,924,32,6,2,123
21025,925,32,1,1,114
21026,925,32,1,2,116
21027,925,32,2,1,107
21028,925,32,2,2,113
21029,925,32,3,1,113
21030,925,32,3,2,118
21031,925,32,4,1,114
21032,925,32,4,2,119
21033,925,32,5,1,111
21034,925,32,5,2,108
21035,925,32,6,1,111
21036,925,32,6,2,112
21037,926,32,1,1,124
21038,926,32,1,2,117
21039,926,32,2,1,116
21040,926,32,2,2,112
21041,926,32,3,1,99
21042,926,32,3,2,105
21043,926,32,4,1,106
21044,926,32,4,2,123
21045,926,32,5,1,111
21046,926,32,5,2,122
21047,926,32,6,1,100
21048,926,32,6,2,112
21049,927,32,1,1,121
21050,927,32,1,2,101
21051,927,32,2,1,118
21052,927,32,2,2,115
21053,927,32,3,1,99
21054,927,32,3,2,106
21055,927,32,4,1,113
21056,927,32,4,2,115
21057,927,32,5,1,106
21058,927,32,5,2,106
21059,927,32,6,1,101
21060,927,32,6,2,109
21061,928,32,1,1,135
21062,928,32,1,2,129
21063,928,32,2,1,135
21064,928,32,2,2,127
21065,928,32,3,1,141
21066,928,32,3,2,160
21067,928,32,4,1,134
21068,928,32,4,2,151
21069,928,32,5,1,139
21070,928,32,5,2,149
21071,928,32,6,1,139
21072,928,32,6,2,147
21073,929,32,1,1,163
21074,929,32,1,2,247
21075,929,32,2,1,151
21076,929,32,2,2,171
21077,929,32,3,1,123
21078,929,32,3,2,137
21079,929,32,4,1,118
21080,929,32,4,2,137
21081,929,32,5,1,119
21082,929,32,5,2,121
21083,929,32,6,1,123
21084,929,32,6,2,127
21085,930,32,1,1,84
21086,930,32,1,2,84
21087,930,32,2,1,74
21088,930,32,2,2,75
21089,930,32,3,1,78
21090,930,32,3,2,78
21091,930,32,4,1,88
21092,930,32,4,2,95
21093,930,32,5,1,83
21094,930,32,5,2,87
21095,930,32,6,1,85
21096,930,32,6,2,99
21097,931,33,1,1,172
21098,931,33,1,2,111
21099,931,33,2,1,166
21100,931,33,2,2,113
21101,931,33,3,1,154
21102,931,33,3,2,112
21103,931,33,4,1,144
21104,931,33,4,2,100
21105,931,33,5,1,133
21106,931,33,5,2,100
21107,931,33,6,1,131
21108,931,33,6,2,100
21109,931,33,1,1,144
21110,931,33,1,2,102
21111,931,33,2,1,139
21112,931,33,2,2,105
21113,931,33,3,1,134
21114,931,33,3,2,106
21115,931,33,4,1,129
21116,931,33,4,2,101
21117,931,33,5,1,122
21118,931,33,5,2,100
21119,931,33,6,1,121
21120,931,33,6,2,103
21121,932,33,1,1,122
21122,932,33,1,2,114
21123,932,33,2,1,127
21124,932,33,2,2,110
21125,932,33,3,1,121
21126,932,33,3,2,106
21127,932,33,4,1,118
21128,932,33,4,2,101
21129,932,33,5,1,117
21130,932,33,5,2,90
21131,932,33,6,1,117
21132,932,33,6,2,88
21133,932,33,1,1,110
21134,932,33,1,2,106
21135,932,33,2,1,112
21136,932,33,2,2,100
21137,932,33,3,1,111
21138,932,33,3,2,99
21139,932,33,4,1,109
21140,932,33,4,2,94
21141,932,33,5,1,109
21142,932,33,5,2,87
21143,932,33,6,1,109
21144,932,33,6,2,86
21145,933,33,1,1,142
21146,933,33,1,2,117
21147,933,33,2,1,151
21148,933,33,2,2,120
21149,933,33,3,1,136
21150,933,33,3,2,116
21151,933,33,4,1,128
21152,933,33,4,2,104
21153,933,33,5,1,123
21154,933,33,5,2,101
21155,933,33,6,1,117
21156,933,33,6,2,99
21157,933,33,1,1,117
21158,933,33,1,2,100
21159,933,33,2,1,121
21160,933,33,2,2,100
21161,933,33,3,1,115
21162,933,33,3,2,95
21163,933,33,4,1,111
21164,933,33,4,2,91
21165,933,33,5,1,109
21166,933,33,5,2,91
21167,933,33,6,1,106
21168,933,33,6,2,89
21169,934,33,1,1,127
21170,934,33,1,2,156
21171,934,33,2,1,136
21172,934,33,2,2,162
21173,934,33,3,1,137
21174,934,33,3,2,159
21175,934,33,4,1,131
21176,934,33,4,2,149
21177,934,33,5,1,126
21178,934,33,5,2,138
21179,934,33,6,1,122
21180,934,33,6,2,144
21181,934,33,1,1,102
21182,934,33,1,2,142
21183,934,33,2,1,109
21184,934,33,2,2,145
21185,934,33,3,1,115
21186,934,33,3,2,146
21187,934,33,4,1,115
21188,934,33,4,2,139
21189,934,33,5,1,111
21190,934,33,5,2,132
21191,934,33,6,1,109
21192,934,33,6,2,136
21193,935,33,1,1,126
21194,935,33,1,2,217
21195,935,33,2,1,142
21196,935,33,2,2,232
21197,935,33,3,1,131
21198,935,33,3,2,218
21199,935,33,4,1,131
21200,935,33,4,2,224
21201,935,33,5,1,124
21202,935,33,5,2,201
21203,935,33,6,1,117
21204,935,33,6,2,171
21205,935,33,1,1,119
21206,935,33,1,2,223
21207,935,33,2,1,131
21208,935,33,2,2,237
21209,935,33,3,1,119
21210,935,33,3,2,214
21211,935,33,4,1,120
21212,935,33,4,2,214
21213,935,33,5,1,114
21214,935,33,5,2,193
21215,935,33,6,1,108
21216,935,33,6,2,166
21217,936,33,1,1,130
21218,936,33,1,2,101
21219,936,33,2,1,140
21220,936,33,2,2,103
21221,936,33,3,1,147
21222,936,33,3,2,99
21223,936,33,4,1,136
21224,936,33,4,2,96
21225,936,33,5,1,132
21226,936,33,5,2,91
21227,936,33,6,1,128
21228,936,33,6,2,90
21229,936,33,1,1,111
21230,936,33,1,2,102
21231,936,33,2,1,111
21232,936,33,2,2,98
21233,936,33,3,1,121
21234,936,33,3,2,102
21235,936,33,4,1,112
21236,936,33,4,2,97
21237,936,33,5,1,109
21238,936,33,5,2,91
21239,936,33,6,1,107
21240,936,33,6,2,91
21241,937,33,1,1,131
21242,937,33,1,2,97
21243,937,33,2,1,127
21244,937,33,2,2,97
21245,937,33,3,1,131
21246,937,33,3,2,105
21247,937,33,4,1,127
21248,937,33,4,2,99
21249,937,33,5,1,121
21250,937,33,5,2,94
21251,937,33,6,1,120
21252,937,33,6,2,97
21253,937,33,1,1,117
21254,937,33,1,2,89
21255,937,33,2,1,118
21256,937,33,2,2,93
21257,937,33,3,1,125
21258,937,33,3,2,103
21259,937,33,4,1,121
21260,937,33,4,2,98
21261,937,33,5,1,117
21262,937,33,5,2,94
21263,937,33,6,1,116
21264,937,33,6,2,94
21265,938,33,1,1,159
21266,938,33,1,2,103
21267,938,33,2,1,161
21268,938,33,2,2,113
21269,938,33,3,1,153
21270,938,33,3,2,113
21271,938,33,4,1,145
21272,938,33,4,2,106
21273,938,33,5,1,137
21274,938,33,5,2,100
21275,938,33,6,1,130
21276,938,33,6,2,99
21277,938,33,1,1,124
21278,938,33,1,2,86
21279,938,33,2,1,121
21280,938,33,2,2,90
21281,938,33,3,1,125
21282,938,33,3,2,98
21283,938,33,4,1,132
21284,938,33,4,2,108
21285,938,33,5,1,129
21286,938,33,5,2,103
21287,938,33,6,1,112
21288,938,33,6,2,94
21289,939,33,1,1,131
21290,939,33,1,2,105
21291,939,33,2,1,130
21292,939,33,2,2,104
21293,939,33,3,1,130
21294,939,33,3,2,99
21295,939,33,4,1,125
21296,939,33,4,2,98
21297,939,33,5,1,115
21298,939,33,5,2,97
21299,939,33,6,1,123
21300,939,33,6,2,101
21301,939,33,1,1,94
21302,939,33,1,2,83
21303,939,33,2,1,92
21304,939,33,2,2,79
21305,939,33,3,1,98
21306,939,33,3,2,91
21307,939,33,4,1,105
21308,939,33,4,2,116
21309,939,33,5,1,103
21310,939,33,5,2,117
21311,939,33,6,1,107
21312,939,33,6,2,114
21313,940,33,1,1,142
21314,940,33,1,2,117
21315,940,33,2,1,145
21316,940,33,2,2,111
21317,940,33,3,1,131
21318,940,33,3,2,115
21319,940,33,4,1,122
21320,940,33,4,2,102
21321,940,33,5,1,119
21322,940,33,5,2,112
21323,940,33,6,1,117
21324,940,33,6,2,107
21325,940,33,1,1,124
21326,940,33,1,2,120
21327,940,33,2,1,121
21328,940,33,2,2,117
21329,940,33,3,1,112
21330,940,33,3,2,111
21331,940,33,4,1,107
21332,940,33,4,2,102
21333,940,33,5,1,107
21334,940,33,5,2,107
21335,940,33,6,1,106
21336,940,33,6,2,106
21337,941,33,1,1,101
21338,941,33,1,2,184
21339,941,33,2,1,113
21340,941,33,2,2,177
21341,941,33,3,1,103
21342,941,33,3,2,158
21343,941,33,4,1,96
21344,941,33,4,2,146
21345,941,33,5,1,100
21346,941,33,5,2,153
21347,941,33,6,1,96
21348,941,33,6,2,145
21349,941,33,1,1,89
21350,941,33,1,2,169
21351,941,33,2,1,100
21352,941,33,2,2,166
21353,941,33,3,1,93
21354,941,33,3,2,147
21355,941,33,4,1,84
21356,941,33,4,2,127
21357,941,33,5,1,95
21358,941,33,5,2,146
21359,941,33,6,1,93
21360,941,33,6,2,141
21361,942,33,1,1,130
21362,942,33,1,2,87
21363,942,33,2,1,121
21364,942,33,2,2,84
21365,942,33,3,1,119
21366,942,33,3,2,88
21367,942,33,4,1,121
21368,942,33,4,2,79
21369,942,33,5,1,120
21370,942,33,5,2,83
21371,942,33,6,1,100
21372,942,33,6,2,74
21373,942,33,1,1,94
21374,942,33,1,2,81
21375,942,33,2,1,91
21376,942,33,2,2,80
21377,942,33,3,1,98
21378,942,33,3,2,91
21379,942,33,4,1,102
21380,942,33,4,2,86
21381,942,33,5,1,96
21382,942,33,5,2,84
21383,942,33,6,1,88
21384,942,33,6,2,85
21385,943,33,1,1,115
21386,943,33,1,2,87
21387,943,33,2,1,129
21388,943,33,2,2,106
21389,943,33,3,1,130
21390,943,33,3,2,116
21391,943,33,4,1,124
21392,943,33,4,2,112
21393,943,33,5,1,122
21394,943,33,5,2,106
21395,943,33,6,1,122
21396,943,33,6,2,107
21397,943,33,1,1,84
21398,943,33,1,2,69
21399,943,33,2,1,96
21400,943,33,2,2,82
21401,943,33,3,1,101
21402,943,33,3,2,91
21403,943,33,4,1,100
21404,943,33,4,2,90
21405,943,33,5,1,101
21406,943,33,5,2,87
21407,943,33,6,1,104
21408,943,33,6,2,97
21409,944,33,1,1,116
21410,944,33,1,2,100
21411,944,33,2,1,131
21412,944,33,2,2,126
21413,944,33,3,1,127
21414,944,33,3,2,122
21415,944,33,4,1,133
21416,944,33,4,2,116
21417,944,33,5,1,123
21418,944,33,5,2,109
21419,944,33,6,1,136
21420,944,33,6,2,124
21421,944,33,1,1,93
21422,944,33,1,2,80
21423,944,33,2,1,105
21424,944,33,2,2,100
21425,944,33,3,1,103
21426,944,33,3,2,99
21427,944,33,4,1,115
21428,944,33,4,2,100
21429,944,33,5,1,113
21430,944,33,5,2,100
21431,944,33,6,1,123
21432,944,33,6,2,111
21433,945,33,1,1,108
21434,945,33,1,2,84
21435,945,33,2,1,101
21436,945,33,2,2,88
21437,945,33,3,1,99
21438,945,33,3,2,88
21439,945,33,4,1,93
21440,945,33,4,2,82
21441,945,33,5,1,94
21442,945,33,5,2,84
21443,945,33,6,1,93
21444,945,33,6,2,93
21445,945,33,1,1,92
21446,945,33,1,2,84
21447,945,33,2,1,84
21448,945,33,2,2,80
21449,945,33,3,1,83
21450,945,33,3,2,80
21451,945,33,4,1,80
21452,945,33,4,2,76
21453,945,33,5,1,81
21454,945,33,5,2,81
21455,945,33,6,1,81
21456,945,33,6,2,83
21457,946,33,1,1,112
21458,946,33,1,2,100
21459,946,33,2,1,115
21460,946,33,2,2,93
21461,946,33,3,1,106
21462,946,33,3,2,92
21463,946,33,4,1,107
21464,946,33,4,2,97
21465,946,33,5,1,110
21466,946,33,5,2,100
21467,946,33,6,1,112
21468,946,33,6,2,110
21469,946,33,1,1,89
21470,946,33,1,2,81
21471,946,33,2,1,91
21472,946,33,2,2,81
21473,946,33,3,1,89
21474,946,33,3,2,87
21475,946,33,4,1,95
21476,946,33,4,2,95
21477,946,33,5,1,103
21478,946,33,5,2,101
21479,946,33,6,1,106
21480,946,33,6,2,110
21481,947,33,1,1,95
21482,947,33,1,2,82
21483,947,33,2,1,108
21484,947,33,2,2,104
21485,947,33,3,1,113
21486,947,33,3,2,109
21487,947,33,4,1,110
21488,947,33,4,2,100
21489,947,33,5,1,121
21490,947,33,5,2,102
21491,947,33,6,1,118
21492,947,33,6,2,107
21493,947,33,1,1,83
21494,947,33,1,2,73
21495,947,33,2,1,96
21496,947,33,2,2,96
21497,947,33,3,1,103
21498,947,33,3,2,103
21499,947,33,4,1,103
21500,947,33,4,2,96
21501,947,33,5,1,116
21502,947,33,5,2,102
21503,947,33,6,1,116
21504,947,33,6,2,107
21505,948,33,1,1,103
21506,948,33,1,2,91
21507,948,33,2,1,103
21508,948,33,2,2,88
21509,948,33,3,1,114
21510,948,33,3,2,104
21511,948,33,4,1,117
21512,948,33,4,2,111
21513,948,33,5,1,107
21514,948,33,5,2,102
21515,948,33,6,1,115
21516,948,33,6,2,111
21517,948,33,1,1,90
21518,948,33,1,2,81
21519,948,33,2,1,89
21520,948,33,2,2,78
21521,948,33,3,1,102
21522,948,33,3,2,97
21523,948,33,4,1,108
21524,948,33,4,2,106
21525,948,33,5,1,103
21526,948,33,5,2,100
21527,948,33,6,1,110
21528,948,33,6,2,106
21529,949,33,1,1,84
21530,949,33,1,2,68
21531,949,33,2,1,91
21532,949,33,2,2,69
21533,949,33,3,1,89
21534,949,33,3,2,77
21535,949,33,4,1,91
21536,949,33,4,2,81
21537,949,33,5,1,91
21538,949,33,5,2,76
21539,949,33,6,1,107
21540,949,33,6,2,86
21541,949,33,1,1,66
21542,949,33,1,2,57
21543,949,33,2,1,72
21544,949,33,2,2,58
21545,949,33,3,1,71
21546,949,33,3,2,65
21547,949,33,4,1,80
21548,949,33,4,2,76
21549,949,33,5,1,71
21550,949,33,5,2,62
21551,949,33,6,1,88
21552,949,33,6,2,75
21553,950,33,1,1,106
21554,950,33,1,2,91
21555,950,33,2,1,108
21556,950,33,2,2,102
21557,950,33,3,1,106
21558,950,33,3,2,106
21559,950,33,4,1,107
21560,950,33,4,2,98
21561,950,33,5,1,99
21562,950,33,5,2,84
21563,950,33,6,1,103
21564,950,33,6,2,85
21565,950,33,1,1,75
21566,950,33,1,2,72
21567,950,33,2,1,84
21568,950,33,2,2,93
21569,950,33,3,1,91
21570,950,33,3,2,99
21571,950,33,4,1,100
21572,950,33,4,2,106
21573,950,33,5,1,109
21574,950,33,5,2,105
21575,950,33,6,1,100
21576,950,33,6,2,95
21577,951,33,1,1,86
21578,951,33,1,2,103
21579,951,33,2,1,86
21580,951,33,2,2,95
21581,951,33,3,1,92
21582,951,33,3,2,104
21583,951,33,4,1,97
21584,951,33,4,2,108
21585,951,33,5,1,101
21586,951,33,5,2,107
21587,951,33,6,1,81
21588,951,33,6,2,96
21589,951,33,1,1,74
21590,951,33,1,2,91
21591,951,33,2,1,74
21592,951,33,2,2,84
21593,951,33,3,1,79
21594,951,33,3,2,91
21595,951,33,4,1,83
21596,951,33,4,2,94
21597,951,33,5,1,87
21598,951,33,5,2,95
21599,951,33,6,1,70
21600,951,33,6,2,84
21601,952,33,1,1,126
21602,952,33,1,2,147
21603,952,33,2,1,114
21604,952,33,2,2,133
21605,952,33,3,1,116
21606,952,33,3,2,143
21607,952,33,4,1,127
21608,952,33,4,2,159
21609,952,33,5,1,126
21610,952,33,5,2,158
21611,952,33,6,1,115
21612,952,33,6,2,147
21613,952,33,1,1,101
21614,952,33,1,2,163
21615,952,33,2,1,96
21616,952,33,2,2,139
21617,952,33,3,1,101
21618,952,33,3,2,148
21619,952,33,4,1,99
21620,952,33,4,2,145
21621,952,33,5,1,102
21622,952,33,5,2,157
21623,952,33,6,1,94
21624,952,33,6,2,144
21625,953,33,1,1,95
21626,953,33,1,2,109
21627,953,33,2,1,94
21628,953,33,2,2,91
21629,953,33,3,1,117
21630,953,33,3,2,121
21631,953,33,4,1,112
21632,953,33,4,2,107
21633,953,33,5,1,110
21634,953,33,5,2,124
21635,953,33,6,1,111
21636,953,33,6,2,115
21637,954,33,1,1,104
21638,954,33,1,2,75
21639,954,33,2,1,111
21640,954,33,2,2,102
21641,954,33,3,1,106
21642,954,33,3,2,84
21643,954,33,4,1,106
21644,954,33,4,2,78
21645,954,33,5,1,108
21646,954,33,5,2,78
21647,954,33,6,1,104
21648,954,33,6,2,81
21649,954,33,1,1,93
21650,954,33,1,2,70
21651,954,33,2,1,95
21652,954,33,2,2,83
21653,954,33,3,1,94
21654,954,33,3,2,78
21655,954,33,4,1,99
21656,954,33,4,2,84
21657,954,33,5,1,106
21658,954,33,5,2,95
21659,954,33,6,1,101
21660,954,33,6,2,92
21661,955,33,1,1,121
21662,955,33,1,2,96
21663,955,33,2,1,112
21664,955,33,2,2,94
21665,955,33,3,1,117
21666,955,33,3,2,96
21667,955,33,4,1,107
21668,955,33,4,2,95
21669,955,33,5,1,108
21670,955,33,5,2,91
21671,955,33,6,1,106
21672,955,33,6,2,98
21673,955,33,1,1,103
21674,955,33,1,2,85
21675,955,33,2,1,93
21676,955,33,2,2,79
21677,955,33,3,1,97
21678,955,33,3,2,81
21679,955,33,4,1,88
21680,955,33,4,2,84
21681,955,33,5,1,97
21682,955,33,5,2,99
21683,955,33,6,1,101
21684,955,33,6,2,108
21685,956,33,1,1,95
21686,956,33,1,2,70
21687,956,33,2,1,100
21688,956,33,2,2,60
21689,956,33,3,1,93
21690,956,33,3,2,58
21691,956,33,4,1,99
21692,956,33,4,2,56
21693,956,33,5,1,99
21694,956,33,5,2,58
21695,956,33,6,1,101
21696,956,33,6,2,73
21697,956,33,1,1,69
21698,956,33,1,2,56
21699,956,33,2,1,70
21700,956,33,2,2,47
21701,956,33,3,1,69
21702,956,33,3,2,46
21703,956,33,4,1,82
21704,956,33,4,2,54
21705,956,33,5,1,95
21706,956,33,5,2,66
21707,956,33,6,1,97
21708,956,33,6,2,83
21709,957,33,1,1,86
21710,957,33,1,2,67
21711,957,33,2,1,109
21712,957,33,2,2,86
21713,957,33,3,1,111
21714,957,33,3,2,101
21715,957,33,4,1,115
21716,957,33,4,2,104
21717,957,33,5,1,117
21718,957,33,5,2,98
21719,957,33,6,1,114
21720,957,33,6,2,99
21721,957,33,1,1,71
21722,957,33,1,2,86
21723,957,33,2,1,94
21724,957,33,2,2,103
21725,957,33,3,1,101
21726,957,33,3,2,121
21727,957,33,4,1,98
21728,957,33,4,2,117
21729,957,33,5,1,99
21730,957,33,5,2,113
21731,957,33,6,1,96
21732,957,33,6,2,116
21733,958,33,1,1,97
21734,958,33,1,2,72
21735,958,33,2,1,99
21736,958,33,2,2,85
21737,958,33,3,1,107
21738,958,33,3,2,89
21739,958,33,4,1,102
21740,958,33,4,2,82
21741,958,33,5,1,104
21742,958,33,5,2,82
21743,958,33,6,1,118
21744,958,33,6,2,85
21745,958,33,1,1,82
21746,958,33,1,2,65
21747,958,33,2,1,85
21748,958,33,2,2,77
21749,958,33,3,1,108
21750,958,33,3,2,98
21751,958,33,4,1,102
21752,958,33,4,2,87
21753,958,33,5,1,104
21754,958,33,5,2,87
21755,958,33,6,1,107
21756,958,33,6,2,81
21757,959,33,1,1,114
21758,959,33,1,2,110
21759,959,33,2,1,125
21760,959,33,2,2,129
21761,959,33,3,1,135
21762,959,33,3,2,131
21763,959,33,4,1,128
21764,959,33,4,2,117
21765,959,33,5,1,127
21766,959,33,5,2,107
21767,959,33,6,1,118
21768,959,33,6,2,95
21769,959,33,1,1,88
21770,959,33,1,2,93
21771,959,33,2,1,104
21772,959,33,2,2,115
21773,959,33,3,1,112
21774,959,33,3,2,114
21775,959,33,4,1,109
21776,959,33,4,2,108
21777,959,33,5,1,102
21778,959,33,5,2,93
21779,959,33,6,1,103
21780,959,33,6,2,92
21781,960,33,1,1,125
21782,960,33,1,2,99
21783,960,33,2,1,130
21784,960,33,2,2,116
21785,960,33,3,1,122
21786,960,33,3,2,110
21787,960,33,4,1,113
21788,960,33,4,2,87
21789,960,33,5,1,108
21790,960,33,5,2,92
21791,960,33,6,1,114
21792,960,33,6,2,88
21793,960,33,1,1,112
21794,960,33,1,2,122
21795,960,33,2,1,107
21796,960,33,2,2,104
21797,960,33,3,1,113
21798,960,33,3,2,111
21799,960,33,4,1,107
21800,960,33,4,2,97
21801,960,33,5,1,105
21802,960,33,5,2,110
21803,960,33,6,1,106
21804,960,33,6,2,105
21805,961,33,1,1,114
21806,961,33,1,2,101
21807,961,33,2,1,112
21808,961,33,2,2,110
21809,961,33,3,1,109
21810,961,33,3,2,125
21811,961,33,4,1,102
21812,961,33,4,2,137
21813,961,33,5,1,102
21814,961,33,5,2,136
21815,961,33,6,1,99
21816,961,33,6,2,115
21817,961,33,1,1,97
21818,961,33,1,2,90
21819,961,33,2,1,90
21820,961,33,2,2,89
21821,961,33,3,1,91
21822,961,33,3,2,108
21823,961,33,4,1,91
21824,961,33,4,2,129
21825,961,33,5,1,86
21826,961,33,5,2,117
21827,961,33,6,1,87
21828,961,33,6,2,106
21829,962,33,1,1,124
21830,962,33,1,2,91
21831,962,33,2,1,114
21832,962,33,2,2,91
21833,962,33,3,1,108
21834,962,33,3,2,94
21835,962,33,4,1,100
21836,962,33,4,2,71
21837,962,33,5,1,89
21838,962,33,5,2,64
21839,962,33,6,1,111
21840,962,33,6,2,75
21841,962,33,1,1,85
21842,962,33,1,2,74
21843,962,33,2,1,79
21844,962,33,2,2,68
21845,962,33,3,1,76
21846,962,33,3,2,69
21847,962,33,4,1,83
21848,962,33,4,2,61
21849,962,33,5,1,77
21850,962,33,5,2,62
21851,962,33,6,1,91
21852,962,33,6,2,70
21853,963,33,1,1,144
21854,963,33,1,2,105
21855,963,33,2,1,139
21856,963,33,2,2,85
21857,963,33,3,1,123
21858,963,33,3,2,76
21859,963,33,4,1,118
21860,963,33,4,2,81
21861,963,33,5,1,118
21862,963,33,5,2,95
21863,963,33,6,1,110
21864,963,33,6,2,78
21865,963,33,1,1,108
21866,963,33,1,2,87
21867,963,33,2,1,91
21868,963,33,2,2,61
21869,963,33,3,1,77
21870,963,33,3,2,60
21871,963,33,4,1,84
21872,963,33,4,2,79
21873,963,33,5,1,100
21874,963,33,5,2,118
21875,963,33,6,1,99
21876,963,33,6,2,93
21877,964,33,1,1,131
21878,964,33,1,2,74
21879,964,33,2,1,133
21880,964,33,2,2,77
21881,964,33,3,1,120
21882,964,33,3,2,68
21883,964,33,4,1,109
21884,964,33,4,2,73
21885,964,33,5,1,103
21886,964,33,5,2,69
21887,964,33,6,1,106
21888,964,33,6,2,72
21889,964,33,1,1,125
21890,964,33,1,2,78
21891,964,33,2,1,125
21892,964,33,2,2,90
21893,964,33,3,1,112
21894,964,33,3,2,74
21895,964,33,4,1,101
21896,964,33,4,2,79
21897,964,33,5,1,99
21898,964,33,5,2,74
21899,964,33,6,1,101
21900,964,33,6,2,83
21901,965,33,1,1,101
21902,965,33,1,2,87
21903,965,33,2,1,89
21904,965,33,2,2,82
21905,965,33,3,1,111
21906,965,33,3,2,101
21907,965,33,4,1,106
21908,965,33,4,2,80
21909,965,33,5,1,109
21910,965,33,5,2,82
21911,965,33,6,1,124
21912,965,33,6,2,97
21913,965,33,1,1,86
21914,965,33,1,2,75
21915,965,33,2,1,82
21916,965,33,2,2,75
21917,965,33,3,1,102
21918,965,33,3,2,93
21919,965,33,4,1,101
21920,965,33,4,2,75
21921,965,33,5,1,97
21922,965,33,5,2,74
21923,965,33,6,1,113
21924,965,33,6,2,88
21925,966,33,1,1,101
21926,966,33,1,2,91
21927,966,33,2,1,114
21928,966,33,2,2,119
21929,966,33,3,1,114
21930,966,33,3,2,97
21931,966,33,4,1,110
21932,966,33,4,2,98
21933,966,33,5,1,103
21934,966,33,5,2,92
21935,966,33,6,1,85
21936,966,33,6,2,84
21937,966,33,1,1,95
21938,966,33,1,2,95
21939,966,33,2,1,98
21940,966,33,2,2,106
21941,966,33,3,1,101
21942,966,33,3,2,93
21943,966,33,4,1,95
21944,966,33,4,2,87
21945,966,33,5,1,94
21946,966,33,5,2,87
21947,966,33,6,1,91
21948,966,33,6,2,90
21949,967,33,1,1,112
21950,967,33,1,2,115
21951,967,33,2,1,126
21952,967,33,2,2,138
21953,967,33,3,1,104
21954,967,33,3,2,116
21955,967,33,4,1,102
21956,967,33,4,2,94
21957,967,33,5,1,99
21958,967,33,5,2,104
21959,967,33,6,1,94
21960,967,33,6,2,97
21961,967,33,1,1,104
21962,967,33,1,2,131
21963,967,33,2,1,110
21964,967,33,2,2,139
21965,967,33,3,1,93
21966,967,33,3,2,113
21967,967,33,4,1,98
21968,967,33,4,2,103
21969,967,33,5,1,94
21970,967,33,5,2,109
21971,967,33,6,1,97
21972,967,33,6,2,102
21973,968,33,1,1,87
21974,968,33,1,2,53
21975,968,33,2,1,78
21976,968,33,2,2,53
21977,968,33,3,1,93
21978,968,33,3,2,70
21979,968,33,4,1,121
21980,968,33,4,2,88
21981,968,33,5,1,111
21982,968,33,5,2,90
21983,968,33,6,1,122
21984,968,33,6,2,76
21985,968,33,1,1,76
21986,968,33,1,2,52
21987,968,33,2,1,69
21988,968,33,2,2,51
21989,968,33,3,1,87
21990,968,33,3,2,69
21991,968,33,4,1,119
21992,968,33,4,2,88
21993,968,33,5,1,108
21994,968,33,5,2,88
21995,968,33,6,1,113
21996,968,33,6,2,72
21997,969,33,1,1,76
21998,969,33,1,2,55
21999,969,33,2,1,54
22000,969,33,2,2,33
22001,969,33,3,1,58
22002,969,33,3,2,30
22003,969,33,4,1,59
22004,969,33,4,2,30
22005,969,33,5,1,77
22006,969,33,5,2,47
22007,969,33,6,1,91
22008,969,33,6,2,57
22009,969,33,1,1,70
22010,969,33,1,2,53
22011,969,33,2,1,60
22012,969,33,2,2,47
22013,969,33,3,1,57
22014,969,33,3,2,33
22015,969,33,4,1,58
22016,969,33,4,2,31
22017,969,33,5,1,73
22018,969,33,5,2,48
22019,969,33,6,1,81
22020,969,33,6,2,54
22021,970,33,1,1,83
22022,970,33,1,2,90
22023,970,33,2,1,81
22024,970,33,2,2,81
22025,970,33,3,1,74
22026,970,33,3,2,74
22027,970,33,4,1,77
22028,970,33,4,2,72
22029,970,33,5,1,78
22030,970,33,5,2,66
22031,970,33,6,1,73
22032,970,33,6,2,67
22033,970,33,1,1,75
22034,970,33,1,2,97
22035,970,33,2,1,64
22036,970,33,2,2,87
22037,970,33,3,1,62
22038,970,33,3,2,77
22039,970,33,4,1,64
22040,970,33,4,2,71
22041,970,33,5,1,66
22042,970,33,5,2,73
22043,970,33,6,1,69
22044,970,33,6,2,97
22045,971,33,1,1,69
22046,971,33,1,2,80
22047,971,33,2,1,79
22048,971,33,2,2,69
22049,971,33,3,1,71
22050,971,33,3,2,60
22051,971,33,4,1,83
22052,971,33,4,2,78
22053,971,33,5,1,83
22054,971,33,5,2,90
22055,971,33,6,1,87
22056,971,33,6,2,82
22057,971,33,1,1,52
22058,971,33,1,2,56
22059,971,33,2,1,58
22060,971,33,2,2,50
22061,971,33,3,1,66
22062,971,33,3,2,64
22063,971,33,4,1,80
22064,971,33,4,2,92
22065,971,33,5,1,82
22066,971,33,5,2,102
22067,971,33,6,1,86
22068,971,33,6,2,107
22069,972,33,1,1,81
22070,972,33,1,2,114
22071,972,33,2,1,81
22072,972,33,2,2,95
22073,972,33,3,1,75
22074,972,33,3,2,75
22075,972,33,4,1,73
22076,972,33,4,2,75
22077,972,33,5,1,80
22078,972,33,5,2,96
22079,972,33,6,1,90
22080,972,33,6,2,106
22081,972,33,1,1,69
22082,972,33,1,2,97
22083,972,33,2,1,68
22084,972,33,2,2,82
22085,972,33,3,1,60
22086,972,33,3,2,67
22087,972,33,4,1,70
22088,972,33,4,2,91
22089,972,33,5,1,83
22090,972,33,5,2,122
22091,972,33,6,1,88
22092,972,33,6,2,118
22093,973,33,1,1,153
22094,973,33,1,2,82
22095,973,33,2,1,127
22096,973,33,2,2,76
22097,973,33,3,1,112
22098,973,33,3,2,69
22099,973,33,4,1,114
22100,973,33,4,2,65
22101,973,33,5,1,124
22102,973,33,5,2,75
22103,973,33,6,1,118
22104,973,33,6,2,74
22105,973,33,1,1,109
22106,973,33,1,2,69
22107,973,33,2,1,98
22108,973,33,2,2,63
22109,973,33,3,1,89
22110,973,33,3,2,59
22111,973,33,4,1,104
22112,973,33,4,2,64
22113,973,33,5,1,111
22114,973,33,5,2,69
22115,973,33,6,1,104
22116,973,33,6,2,64
22117,974,33,1,1,128
22118,974,33,1,2,83
22119,974,33,2,1,137
22120,974,33,2,2,94
22121,974,33,3,1,121
22122,974,33,3,2,91
22123,974,33,4,1,136
22124,974,33,4,2,96
22125,974,33,5,1,137
22126,974,33,5,2,88
22127,974,33,6,1,132
22128,974,33,6,2,99
22129,974,33,1,1,101
22130,974,33,1,2,72
22131,974,33,2,1,106
22132,974,33,2,2,75
22133,974,33,3,1,98
22134,974,33,3,2,80
22135,974,33,4,1,117
22136,974,33,4,2,122
22137,974,33,5,1,117
22138,974,33,5,2,131
22139,974,33,6,1,115
22140,974,33,6,2,106
22141,975,33,1,1,57
22142,975,33,1,2,62
22143,975,33,2,1,61
22144,975,33,2,2,54
22145,975,33,3,1,76
22146,975,33,3,2,67
22147,975,33,4,1,78
22148,975,33,4,2,62
22149,975,33,5,1,77
22150,975,33,5,2,71
22151,975,33,6,1,79
22152,975,33,6,2,74
22153,975,33,1,1,49
22154,975,33,1,2,61
22155,975,33,2,1,59
22156,975,33,2,2,59
22157,975,33,3,1,62
22158,975,33,3,2,62
22159,975,33,4,1,68
22160,975,33,4,2,66
22161,975,33,5,1,68
22162,975,33,5,2,68
22163,975,33,6,1,74
22164,975,33,6,2,79
22165,976,33,1,1,121
22166,976,33,1,2,121
22167,976,33,2,1,111
22168,976,33,2,2,108
22169,976,33,3,1,127
22170,976,33,3,2,110
22171,976,33,4,1,132
22172,976,33,4,2,132
22173,976,33,5,1,141
22174,976,33,5,2,146
22175,976,33,6,1,135
22176,976,33,6,2,115
22177,976,33,1,1,106
22178,976,33,1,2,109
22179,976,33,2,1,91
22180,976,33,2,2,88
22181,976,33,3,1,111
22182,976,33,3,2,98
22183,976,33,4,1,119
22184,976,33,4,2,147
22185,976,33,5,1,127
22186,976,33,5,2,149
22187,976,33,6,1,125
22188,976,33,6,2,123
22189,977,33,1,1,68
22190,977,33,1,2,85
22191,977,33,2,1,78
22192,977,33,2,2,122
22193,977,33,3,1,84
22194,977,33,3,2,112
22195,977,33,4,1,84
22196,977,33,4,2,97
22197,977,33,5,1,94
22198,977,33,5,2,120
22199,977,33,6,1,99
22200,977,33,6,2,127
22201,977,33,1,1,62
22202,977,33,1,2,73
22203,977,33,2,1,72
22204,977,33,2,2,108
22205,977,33,3,1,73
22206,977,33,3,2,96
22207,977,33,4,1,76
22208,977,33,4,2,88
22209,977,33,5,1,86
22210,977,33,5,2,112
22211,977,33,6,1,93
22212,977,33,6,2,118
22213,978,33,1,1,98
22214,978,33,1,2,102
22215,978,33,2,1,117
22216,978,33,2,2,168
22217,978,33,3,1,103
22218,978,33,3,2,145
22219,978,33,4,1,106
22220,978,33,4,2,140
22221,978,33,5,1,91
22222,978,33,5,2,104
22223,978,33,6,1,102
22224,978,33,6,2,115
22225,978,33,1,1,86
22226,978,33,1,2,128
22227,978,33,2,1,116
22228,978,33,2,2,223
22229,978,33,3,1,94
22230,978,33,3,2,153
22231,978,33,4,1,90
22232,978,33,4,2,141
22233,978,33,5,1,82
22234,978,33,5,2,120
22235,978,33,6,1,93
22236,978,33,6,2,128
22237,979,33,1,1,66
22238,979,33,1,2,45
22239,979,33,2,1,81
22240,979,33,2,2,46
22241,979,33,3,1,89
22242,979,33,3,2,61
22243,979,33,4,1,103
22244,979,33,4,2,72
22245,979,33,5,1,103
22246,979,33,5,2,67
22247,979,33,6,1,112
22248,979,33,6,2,84
22249,979,33,1,1,54
22250,979,33,1,2,47
22251,979,33,2,1,67
22252,979,33,2,2,44
22253,979,33,3,1,72
22254,979,33,3,2,52
22255,979,33,4,1,84
22256,979,33,4,2,62
22257,979,33,5,1,92
22258,979,33,5,2,64
22259,979,33,6,1,100
22260,979,33,6,2,77
22261,980,33,1,1,105
22262,980,33,1,2,154
22263,980,33,2,1,108
22264,980,33,2,2,129
22265,980,33,3,1,117
22266,980,33,3,2,151
22267,980,33,4,1,123
22268,980,33,4,2,147
22269,980,33,5,1,111
22270,980,33,5,2,143
22271,980,33,6,1,111
22272,980,33,6,2,147
22273,981,33,1,1,93
22274,981,33,1,2,106
22275,981,33,2,1,105
22276,981,33,2,2,94
22277,981,33,3,1,117
22278,981,33,3,2,98
22279,981,33,4,1,112
22280,981,33,4,2,79
22281,981,33,5,1,129
22282,981,33,5,2,68
22283,981,33,6,1,113
22284,981,33,6,2,61
22285,981,33,1,1,81
22286,981,33,1,2,96
22287,981,33,2,1,93
22288,981,33,2,2,86
22289,981,33,3,1,104
22290,981,33,3,2,89
22291,981,33,4,1,102
22292,981,33,4,2,79
22293,981,33,5,1,120
22294,981,33,5,2,75
22295,981,33,6,1,112
22296,981,33,6,2,68
22297,982,33,1,1,76
22298,982,33,1,2,57
22299,982,33,2,1,93
22300,982,33,2,2,80
22301,982,33,3,1,110
22302,982,33,3,2,103
22303,982,33,4,1,111
22304,982,33,4,2,108
22305,982,33,5,1,110
22306,982,33,5,2,102
22307,982,33,6,1,125
22308,982,33,6,2,117
22309,982,33,1,1,68
22310,982,33,1,2,53
22311,982,33,2,1,82
22312,982,33,2,2,71
22313,982,33,3,1,99
22314,982,33,3,2,93
22315,982,33,4,1,93
22316,982,33,4,2,91
22317,982,33,5,1,76
22318,982,33,5,2,71
22319,982,33,6,1,111
22320,982,33,6,2,105
22321,983,33,1,1,130
22322,983,33,1,2,101
22323,983,33,2,1,125
22324,983,33,2,2,104
22325,983,33,3,1,135
22326,983,33,3,2,98
22327,983,33,4,1,121
22328,983,33,4,2,89
22329,983,33,5,1,124
22330,983,33,5,2,84
22331,983,33,6,1,118
22332,983,33,6,2,78
22333,984,33,1,1,145
22334,984,33,1,2,140
22335,984,33,2,1,153
22336,984,33,2,2,162
22337,984,33,3,1,128
22338,984,33,3,2,137
22339,984,33,4,1,115
22340,984,33,4,2,121
22341,984,33,5,1,114
22342,984,33,5,2,106
22343,984,33,6,1,118
22344,984,33,6,2,105
22345,985,33,1,1,102
22346,985,33,1,2,114
22347,985,33,2,1,100
22348,985,33,2,2,109
22349,985,33,3,1,97
22350,985,33,3,2,103
22351,985,33,4,1,98
22352,985,33,4,2,100
22353,985,33,5,1,102
22354,985,33,5,2,104
22355,985,33,6,1,101
22356,985,33,6,2,104
22357,986,33,1,1,141
22358,986,33,1,2,94
22359,986,33,2,1,130
22360,986,33,2,2,91
22361,986,33,3,1,124
22362,986,33,3,2,84
22363,986,33,4,1,122
22364,986,33,4,2,75
22365,986,33,5,1,119
22366,986,33,5,2,74
22367,986,33,6,1,116
22368,986,33,6,2,72
22369,987,33,1,1,147
22370,987,33,1,2,96
22371,987,33,2,1,135
22372,987,33,2,2,101
22373,987,33,3,1,122
22374,987,33,3,2,84
22375,987,33,4,1,116
22376,987,33,4,2,68
22377,987,33,5,1,114
22378,987,33,5,2,67
22379,987,33,6,1,112
22380,987,33,6,2,58
22381,988,33,1,1,106
22382,988,33,1,2,122
22383,988,33,2,1,118
22384,988,33,2,2,124
22385,988,33,3,1,115
22386,988,33,3,2,114
22387,988,33,4,1,110
22388,988,33,4,2,109
22389,988,33,5,1,109
22390,988,33,5,2,103
22391,988,33,6,1,99
22392,988,33,6,2,103
22393,988,33,1,1,98
22394,988,33,1,2,108
22395,988,33,2,1,103
22396,988,33,2,2,114
22397,988,33,3,1,103
22398,988,33,3,2,101
22399,988,33,4,1,102
22400,988,33,4,2,102
22401,988,33,5,1,100
22402,988,33,5,2,100
22403,988,33,6,1,90
22404,988,33,6,2,98
22405,989,33,1,1,140
22406,989,33,1,2,108
22407,989,33,2,1,136
22408,989,33,2,2,99
22409,989,33,3,1,115
22410,989,33,3,2,80
22411,989,33,4,1,108
22412,989,33,4,2,79
22413,989,33,5,1,104
22414,989,33,5,2,77
22415,989,33,6,1,101
22416,989,33,6,2,79
22417,990,33,1,1,112
22418,990,33,1,2,127
22419,990,33,2,1,106
22420,990,33,2,2,125
22421,990,33,3,1,99
22422,990,33,3,2,110
22423,990,33,4,1,109
22424,990,33,4,2,117
22425,990,33,5,1,107
22426,990,33,5,2,135
22427,990,33,6,1,102
22428,990,33,6,2,131
22429,990,33,1,1,112
22430,990,33,1,2,127
22431,990,33,2,1,106
22432,990,33,2,2,125
22433,990,33,3,1,99
22434,990,33,3,2,110
22435,990,33,4,1,109
22436,990,33,4,2,117
22437,990,33,5,1,107
22438,990,33,5,2,135
22439,990,33,6,1,102
22440,990,33,6,2,131
22441,991,33,1,1,133
22442,991,33,1,2,138
22443,991,33,2,1,127
22444,991,33,2,2,115
22445,991,33,3,1,115
22446,991,33,3,2,109
22447,991,33,4,1,113
22448,991,33,4,2,100
22449,991,33,5,1,104
22450,991,33,5,2,89
22451,991,33,6,1,103
22452,991,33,6,2,84
22453,992,33,1,1,110
22454,992,33,1,2,82
22455,992,33,2,1,123
22456,992,33,2,2,85
22457,992,33,3,1,127
22458,992,33,3,2,94
22459,992,33,4,1,113
22460,992,33,4,2,82
22461,992,33,5,1,115
22462,992,33,5,2,74
22463,992,33,6,1,119
22464,992,33,6,2,85
22465,992,33,1,1,82
22466,992,33,1,2,71
22467,992,33,2,1,92
22468,992,33,2,2,68
22469,992,33,3,1,100
22470,992,33,3,2,79
22471,992,33,4,1,98
22472,992,33,4,2,82
22473,992,33,5,1,105
22474,992,33,5,2,73
22475,992,33,6,1,113
22476,992,33,6,2,82
22477,993,33,1,1,123
22478,993,33,1,2,90
22479,993,33,2,1,127
22480,993,33,2,2,107
22481,993,33,3,1,145
22482,993,33,3,2,126
22483,993,33,4,1,127
22484,993,33,4,2,103
22485,993,33,5,1,116
22486,993,33,5,2,94
22487,993,33,6,1,136
22488,993,33,6,2,110
22489,993,33,1,1,110
22490,993,33,1,2,85
22491,993,33,2,1,111
22492,993,33,2,2,96
22493,993,33,3,1,129
22494,993,33,3,2,113
22495,993,33,4,1,116
22496,993,33,4,2,94
22497,993,33,5,1,107
22498,993,33,5,2,87
22499,993,33,6,1,123
22500,993,33,6,2,102
22501,994,33,1,1,115
22502,994,33,1,2,63
22503,994,33,2,1,108
22504,994,33,2,2,62
22505,994,33,3,1,107
22506,994,33,3,2,58
22507,994,33,4,1,122
22508,994,33,4,2,66
22509,994,33,5,1,119
22510,994,33,5,2,64
22511,994,33,6,1,123
22512,994,33,6,2,85
22513,994,33,1,1,87
22514,994,33,1,2,56
22515,994,33,2,1,77
22516,994,33,2,2,50
22517,994,33,3,1,91
22518,994,33,3,2,85
22519,994,33,4,1,113
22520,994,33,4,2,117
22521,994,33,5,1,104
22522,994,33,5,2,87
22523,994,33,6,1,111
22524,994,33,6,2,100
22525,995,33,1,1,107
22526,995,33,1,2,102
22527,995,33,2,1,96
22528,995,33,2,2,86
22529,995,33,3,1,90
22530,995,33,3,2,76
22531,995,33,4,1,86
22532,995,33,4,2,74
22533,995,33,5,1,83
22534,995,33,5,2,70
22535,995,33,6,1,81
22536,995,33,6,2,66
22537,995,33,1,1,76
22538,995,33,1,2,79
22539,995,33,2,1,70
22540,995,33,2,2,66
22541,995,33,3,1,67
22542,995,33,3,2,64
22543,995,33,4,1,71
22544,995,33,4,2,70
22545,995,33,5,1,66
22546,995,33,5,2,66
22547,995,33,6,1,64
22548,995,33,6,2,63
22549,996,33,1,1,118
22550,996,33,1,2,110
22551,996,33,2,1,126
22552,996,33,2,2,119
22553,996,33,3,1,117
22554,996,33,3,2,128
22555,996,33,4,1,118
22556,996,33,4,2,111
22557,996,33,5,1,114
22558,996,33,5,2,117
22559,996,33,6,1,120
22560,996,33,6,2,103
22561,997,33,1,1,95
22562,997,33,1,2,84
22563,997,33,2,1,97
22564,997,33,2,2,80
22565,997,33,3,1,99
22566,997,33,3,2,88
22567,997,33,4,1,110
22568,997,33,4,2,100
22569,997,33,5,1,118
22570,997,33,5,2,98
22571,997,33,6,1,116
22572,997,33,6,2,105
22573,997,33,1,1,77
22574,997,33,1,2,73
22575,997,33,2,1,72
22576,997,33,2,2,61
22577,997,33,3,1,89
22578,997,33,3,2,101
22579,997,33,4,1,110
22580,997,33,4,2,153
22581,997,33,5,1,115
22582,997,33,5,2,142
22583,997,33,6,1,110
22584,997,33,6,2,128
22585,998,33,1,1,64
22586,998,33,1,2,91
22587,998,33,2,1,84
22588,998,33,2,2,90
22589,998,33,3,1,84
22590,998,33,3,2,90
22591,998,33,4,1,123
22592,998,33,4,2,115
22593,998,33,5,1,106
22594,998,33,5,2,96
22595,998,33,6,1,104
22596,998,33,6,2,97
22597,998,33,1,1,53
22598,998,33,1,2,76
22599,998,33,2,1,63
22600,998,33,2,2,68
22601,998,33,3,1,68
22602,998,33,3,2,73
22603,998,33,4,1,101
22604,998,33,4,2,102
22605,998,33,5,1,92
22606,998,33,5,2,89
22607,998,33,6,1,91
22608,998,33,6,2,86
22609,999,34,1,1,121
22610,999,34,1,2,108
22611,999,34,2,1,125
22612,999,34,2,2,108
22613,999,34,3,1,122
22614,999,34,3,2,110
22615,999,34,4,1,118
22616,999,34,4,2,110
22617,999,34,5,1,115
22618,999,34,5,2,107
22619,999,34,6,1,113
22620,999,34,6,2,108
22621,999,34,1,1,119
22622,999,34,1,2,108
22623,999,34,2,1,122
22624,999,34,2,2,108
22625,999,34,3,1,119
22626,999,34,3,2,110
22627,999,34,4,1,117
22628,999,34,4,2,110
22629,999,34,5,1,116
22630,999,34,5,2,110
22631,999,34,6,1,114
22632,999,34,6,2,112
22633,1000,34,1,1,120
22634,1000,34,1,2,112
22635,1000,34,2,1,125
22636,1000,34,2,2,110
22637,1000,34,3,1,123
22638,1000,34,3,2,109
22639,1000,34,4,1,117
22640,1000,34,4,2,107
22641,1000,34,5,1,115
22642,1000,34,5,2,105
22643,1000,34,6,1,115
22644,1000,34,6,2,107
22645,1000,34,1,1,120
22646,1000,34,1,2,113
22647,1000,34,2,1,123
22648,1000,34,2,2,110
22649,1000,34,3,1,121
22650,1000,34,3,2,110
22651,1000,34,4,1,117
22652,1000,34,4,2,108
22653,1000,34,5,1,115
22654,1000,34,5,2,106
22655,1000,34,6,1,114
22656,1000,34,6,2,107
22657,1001,34,1,1,122
22658,1001,34,1,2,123
22659,1001,34,2,1,125
22660,1001,34,2,2,120
22661,1001,34,3,1,120
22662,1001,34,3,2,113
22663,1001,34,4,1,115
22664,1001,34,4,2,109
22665,1001,34,5,1,119
22666,1001,34,5,2,109
22667,1001,34,6,1,121
22668,1001,34,6,2,117
22669,1001,34,1,1,114
22670,1001,34,1,2,118
22671,1001,34,2,1,116
22672,1001,34,2,2,116
22673,1001,34,3,1,113
22674,1001,34,3,2,112
22675,1001,34,4,1,111
22676,1001,34,4,2,108
22677,1001,34,5,1,114
22678,1001,34,5,2,107
22679,1001,34,6,1,116
22680,1001,34,6,2,113
22681,1002,34,1,1,91
22682,1002,34,1,2,88
22683,1002,34,2,1,103
22684,1002,34,2,2,109
22685,1002,34,3,1,92
22686,1002,34,3,2,101
22687,1002,34,4,1,80
22688,1002,34,4,2,89
22689,1002,34,5,1,83
22690,1002,34,5,2,94
22691,1002,34,6,1,85
22692,1002,34,6,2,87
22693,1002,34,1,1,87
22694,1002,34,1,2,85
22695,1002,34,2,1,97
22696,1002,34,2,2,104
22697,1002,34,3,1,93
22698,1002,34,3,2,101
22699,1002,34,4,1,91
22700,1002,34,4,2,95
22701,1002,34,5,1,88
22702,1002,34,5,2,95
22703,1002,34,6,1,91
22704,1002,34,6,2,89
22705,1003,34,1,1,100
22706,1003,34,1,2,105
22707,1003,34,2,1,105
22708,1003,34,2,2,112
22709,1003,34,3,1,101
22710,1003,34,3,2,104
22711,1003,34,4,1,103
22712,1003,34,4,2,103
22713,1003,34,5,1,105
22714,1003,34,5,2,102
22715,1003,34,6,1,105
22716,1003,34,6,2,101
22717,1003,34,1,1,92
22718,1003,34,1,2,101
22719,1003,34,2,1,94
22720,1003,34,2,2,106
22721,1003,34,3,1,91
22722,1003,34,3,2,96
22723,1003,34,4,1,98
22724,1003,34,4,2,101
22725,1003,34,5,1,97
22726,1003,34,5,2,99
22727,1003,34,6,1,98
22728,1003,34,6,2,98
22729,1004,34,1,1,107
22730,1004,34,1,2,85
22731,1004,34,2,1,106
22732,1004,34,2,2,88
22733,1004,34,3,1,106
22734,1004,34,3,2,93
22735,1004,34,4,1,106
22736,1004,34,4,2,95
22737,1004,34,5,1,106
22738,1004,34,5,2,97
22739,1004,34,6,1,108
22740,1004,34,6,2,102
22741,1005,34,1,1,98
22742,1005,34,1,2,92
22743,1005,34,2,1,101
22744,1005,34,2,2,90
22745,1005,34,3,1,109
22746,1005,34,3,2,105
22747,1005,34,4,1,94
22748,1005,34,4,2,100
22749,1005,34,5,1,93
22750,1005,34,5,2,99
22751,1005,34,6,1,92
22752,1005,34,6,2,96
22753,1005,34,1,1,99
22754,1005,34,1,2,91
22755,1005,34,2,1,99
22756,1005,34,2,2,87
22757,1005,34,3,1,104
22758,1005,34,3,2,103
22759,1005,34,4,1,94
22760,1005,34,4,2,101
22761,1005,34,5,1,94
22762,1005,34,5,2,98
22763,1005,34,6,1,94
22764,1005,34,6,2,95
22765,1006,34,1,1,104
22766,1006,34,1,2,111
22767,1006,34,2,1,102
22768,1006,34,2,2,106
22769,1006,34,3,1,107
22770,1006,34,3,2,108
22771,1006,34,4,1,107
22772,1006,34,4,2,103
22773,1006,34,5,1,106
22774,1006,34,5,2,101
22775,1006,34,6,1,106
22776,1006,34,6,2,104
22777,1006,34,1,1,99
22778,1006,34,1,2,110
22779,1006,34,2,1,100
22780,1006,34,2,2,107
22781,1006,34,3,1,102
22782,1006,34,3,2,107
22783,1006,34,4,1,105
22784,1006,34,4,2,102
22785,1006,34,5,1,106
22786,1006,34,5,2,103
22787,1006,34,6,1,104
22788,1006,34,6,2,102
22789,1007,34,1,1,67
22790,1007,34,1,2,68
22791,1007,34,2,1,69
22792,1007,34,2,2,85
22793,1007,34,3,1,74
22794,1007,34,3,2,81
22795,1007,34,4,1,80
22796,1007,34,4,2,85
22797,1007,34,5,1,82
22798,1007,34,5,2,85
22799,1007,34,6,1,91
22800,1007,34,6,2,99
22801,1007,34,1,1,61
22802,1007,34,1,2,61
22803,1007,34,2,1,60
22804,1007,34,2,2,72
22805,1007,34,3,1,67
22806,1007,34,3,2,72
22807,1007,34,4,1,74
22808,1007,34,4,2,77
22809,1007,34,5,1,77
22810,1007,34,5,2,80
22811,1007,34,6,1,87
22812,1007,34,6,2,95
22813,1008,34,1,1,83
22814,1008,34,1,2,88
22815,1008,34,2,1,87
22816,1008,34,2,2,85
22817,1008,34,3,1,95
22818,1008,34,3,2,95
22819,1008,34,4,1,95
22820,1008,34,4,2,94
22821,1008,34,5,1,102
22822,1008,34,5,2,103
22823,1008,34,6,1,98
22824,1008,34,6,2,97
22825,1008,34,1,1,84
22826,1008,34,1,2,89
22827,1008,34,2,1,86
22828,1008,34,2,2,86
22829,1008,34,3,1,94
22830,1008,34,3,2,95
22831,1008,34,4,1,94
22832,1008,34,4,2,94
22833,1008,34,5,1,100
22834,1008,34,5,2,102
22835,1008,34,6,1,96
22836,1008,34,6,2,95
22837,1009,34,1,1,99
22838,1009,34,1,2,114
22839,1009,34,2,1,100
22840,1009,34,2,2,110
22841,1009,34,3,1,102
22842,1009,34,3,2,109
22843,1009,34,4,1,103
22844,1009,34,4,2,106
22845,1009,34,5,1,102
22846,1009,34,5,2,103
22847,1009,34,6,1,98
22848,1009,34,6,2,96
22849,1009,34,1,1,99
22850,1009,34,1,2,114
22851,1009,34,2,1,100
22852,1009,34,2,2,110
22853,1009,34,3,1,102
22854,1009,34,3,2,109
22855,1009,34,4,1,103
22856,1009,34,4,2,106
22857,1009,34,5,1,102
22858,1009,34,5,2,103
22859,1009,34,6,1,98
22860,1009,34,6,2,96
22861,1010,34,1,1,121
22862,1010,34,1,2,125
22863,1010,34,2,1,117
22864,1010,34,2,2,119
22865,1010,34,3,1,116
22866,1010,34,3,2,120
22867,1010,34,4,1,120
22868,1010,34,4,2,119
22869,1010,34,5,1,120
22870,1010,34,5,2,113
22871,1010,34,6,1,110
22872,1010,34,6,2,103
22873,1011,34,1,1,101
22874,1011,34,1,2,101
22875,1011,34,2,1,106
22876,1011,34,2,2,100
22877,1011,34,3,1,118
22878,1011,34,3,2,112
22879,1011,34,4,1,114
22880,1011,34,4,2,108
22881,1011,34,5,1,114
22882,1011,34,5,2,108
22883,1011,34,6,1,115
22884,1011,34,6,2,105
22885,1011,34,1,1,101
22886,1011,34,1,2,101
22887,1011,34,2,1,106
22888,1011,34,2,2,100
22889,1011,34,3,1,118
22890,1011,34,3,2,112
22891,1011,34,4,1,114
22892,1011,34,4,2,108
22893,1011,34,5,1,114
22894,1011,34,5,2,108
22895,1011,34,6,1,115
22896,1011,34,6,2,105
22897,1012,34,1,1,125
22898,1012,34,1,2,116
22899,1012,34,2,1,126
22900,1012,34,2,2,118
22901,1012,34,3,1,125
22902,1012,34,3,2,114
22903,1012,34,4,1,125
22904,1012,34,4,2,117
22905,1012,34,5,1,121
22906,1012,34,5,2,114
22907,1012,34,6,1,119
22908,1012,34,6,2,117
22909,1013,34,1,1,121
22910,1013,34,1,2,126
22911,1013,34,2,1,117
22912,1013,34,2,2,119
22913,1013,34,3,1,118
22914,1013,34,3,2,119
22915,1013,34,4,1,118
22916,1013,34,4,2,114
22917,1013,34,5,1,116
22918,1013,34,5,2,110
22919,1013,34,6,1,113
22920,1013,34,6,2,105
22921,1013,34,1,1,121
22922,1013,34,1,2,128
22923,1013,34,2,1,117
22924,1013,34,2,2,121
22925,1013,34,3,1,117
22926,1013,34,3,2,119
22927,1013,34,4,1,117
22928,1013,34,4,2,113
22929,1013,34,5,1,115
22930,1013,34,5,2,110
22931,1013,34,6,1,112
22932,1013,34,6,2,105
22933,1014,34,1,1,126
22934,1014,34,1,2,110
22935,1014,34,2,1,126
22936,1014,34,2,2,112
22937,1014,34,3,1,121
22938,1014,34,3,2,113
22939,1014,34,4,1,123
22940,1014,34,4,2,113
22941,1014,34,5,1,121
22942,1014,34,5,2,112
22943,1014,34,6,1,121
22944,1014,34,6,2,119
22945,1015,35,1,1,124
22946,1015,35,1,2,123
22947,1015,35,2,1,128
22948,1015,35,2,2,125
22949,1015,35,3,1,123
22950,1015,35,3,2,124
22951,1015,35,4,1,121
22952,1015,35,4,2,121
22953,1015,35,5,1,118
22954,1015,35,5,2,120
22955,1015,35,6,1,118
22956,1015,35,6,2,120
22957,1015,35,1,1,124
22958,1015,35,1,2,124
22959,1015,35,2,1,127
22960,1015,35,2,2,124
22961,1015,35,3,1,121
22962,1015,35,3,2,123
22963,1015,35,4,1,119
22964,1015,35,4,2,120
22965,1015,35,5,1,117
22966,1015,35,5,2,119
22967,1015,35,6,1,115
22968,1015,35,6,2,119
22969,1016,35,1,1,120
22970,1016,35,1,2,103
22971,1016,35,2,1,125
22972,1016,35,2,2,110
22973,1016,35,3,1,122
22974,1016,35,3,2,107
22975,1016,35,4,1,117
22976,1016,35,4,2,108
22977,1016,35,5,1,116
22978,1016,35,5,2,108
22979,1016,35,6,1,116
22980,1016,35,6,2,108
22981,1016,35,1,1,116
22982,1016,35,1,2,103
22983,1016,35,2,1,115
22984,1016,35,2,2,107
22985,1016,35,3,1,118
22986,1016,35,3,2,109
22987,1016,35,4,1,117
22988,1016,35,4,2,110
22989,1016,35,5,1,115
22990,1016,35,5,2,110
22991,1016,35,6,1,115
22992,1016,35,6,2,110
22993,1017,35,1,1,119
22994,1017,35,1,2,109
22995,1017,35,2,1,122
22996,1017,35,2,2,117
22997,1017,35,3,1,118
22998,1017,35,3,2,115
22999,1017,35,4,1,118
23000,1017,35,4,2,114
23001,1017,35,5,1,116
23002,1017,35,5,2,113
23003,1017,35,6,1,113
23004,1017,35,6,2,110
23005,1017,35,1,1,119
23006,1017,35,1,2,110
23007,1017,35,2,1,120
23008,1017,35,2,2,116
23009,1017,35,3,1,117
23010,1017,35,3,2,114
23011,1017,35,4,1,117
23012,1017,35,4,2,114
23013,1017,35,5,1,117
23014,1017,35,5,2,114
23015,1017,35,6,1,119
23016,1017,35,6,2,117
23017,1018,35,1,1,92
23018,1018,35,1,2,112
23019,1018,35,2,1,109
23020,1018,35,2,2,121
23021,1018,35,3,1,122
23022,1018,35,3,2,126
23023,1018,35,4,1,110
23024,1018,35,4,2,120
23025,1018,35,5,1,110
23026,1018,35,5,2,121
23027,1018,35,6,1,109
23028,1018,35,6,2,115
23029,1018,35,1,1,91
23030,1018,35,1,2,111
23031,1018,35,2,1,107
23032,1018,35,2,2,119
23033,1018,35,3,1,119
23034,1018,35,3,2,124
23035,1018,35,4,1,108
23036,1018,35,4,2,118
23037,1018,35,5,1,107
23038,1018,35,5,2,118
23039,1018,35,6,1,107
23040,1018,35,6,2,112
23041,1019,35,1,1,97
23042,1019,35,1,2,91
23043,1019,35,2,1,104
23044,1019,35,2,2,88
23045,1019,35,3,1,95
23046,1019,35,3,2,92
23047,1019,35,4,1,95
23048,1019,35,4,2,88
23049,1019,35,5,1,104
23050,1019,35,5,2,87
23051,1019,35,6,1,121
23052,1019,35,6,2,108
23053,1019,35,1,1,97
23054,1019,35,1,2,90
23055,1019,35,2,1,104
23056,1019,35,2,2,90
23057,1019,35,3,1,94
23058,1019,35,3,2,91
23059,1019,35,4,1,95
23060,1019,35,4,2,88
23061,1019,35,5,1,104
23062,1019,35,5,2,87
23063,1019,35,6,1,120
23064,1019,35,6,2,107
23065,1020,35,1,1,109
23066,1020,35,1,2,122
23067,1020,35,2,1,109
23068,1020,35,2,2,117
23069,1020,35,3,1,106
23070,1020,35,3,2,113
23071,1020,35,4,1,109
23072,1020,35,4,2,116
23073,1020,35,5,1,106
23074,1020,35,5,2,114
23075,1020,35,6,1,103
23076,1020,35,6,2,108
23077,1020,35,1,1,106
23078,1020,35,1,2,119
23079,1020,35,2,1,107
23080,1020,35,2,2,115
23081,1020,35,3,1,104
23082,1020,35,3,2,111
23083,1020,35,4,1,107
23084,1020,35,4,2,114
23085,1020,35,5,1,105
23086,1020,35,5,2,113
23087,1020,35,6,1,103
23088,1020,35,6,2,108
23089,1021,35,1,1,102
23090,1021,35,1,2,79
23091,1021,35,2,1,106
23092,1021,35,2,2,90
23093,1021,35,3,1,100
23094,1021,35,3,2,77
23095,1021,35,4,1,103
23096,1021,35,4,2,69
23097,1021,35,5,1,97
23098,1021,35,5,2,58
23099,1021,35,6,1,95
23100,1021,35,6,2,66
23101,1021,35,1,1,99
23102,1021,35,1,2,74
23103,1021,35,2,1,105
23104,1021,35,2,2,85
23105,1021,35,3,1,100
23106,1021,35,3,2,76
23107,1021,35,4,1,99
23108,1021,35,4,2,67
23109,1021,35,5,1,98
23110,1021,35,5,2,61
23111,1021,35,6,1,96
23112,1021,35,6,2,71
23113,1022,35,1,1,107
23114,1022,35,1,2,123
23115,1022,35,2,1,115
23116,1022,35,2,2,127
23117,1022,35,3,1,107
23118,1022,35,3,2,117
23119,1022,35,4,1,107
23120,1022,35,4,2,119
23121,1022,35,5,1,102
23122,1022,35,5,2,111
23123,1022,35,6,1,103
23124,1022,35,6,2,113
23125,1022,35,1,1,102
23126,1022,35,1,2,118
23127,1022,35,2,1,110
23128,1022,35,2,2,122
23129,1022,35,3,1,103
23130,1022,35,3,2,113
23131,1022,35,4,1,104
23132,1022,35,4,2,115
23133,1022,35,5,1,100
23134,1022,35,5,2,109
23135,1022,35,6,1,102
23136,1022,35,6,2,110
23137,1023,35,1,1,85
23138,1023,35,1,2,111
23139,1023,35,2,1,91
23140,1023,35,2,2,117
23141,1023,35,3,1,100
23142,1023,35,3,2,111
23143,1023,35,4,1,94
23144,1023,35,4,2,112
23145,1023,35,5,1,96
23146,1023,35,5,2,111
23147,1023,35,6,1,94
23148,1023,35,6,2,106
23149,1023,35,1,1,85
23150,1023,35,1,2,111
23151,1023,35,2,1,92
23152,1023,35,2,2,117
23153,1023,35,3,1,102
23154,1023,35,3,2,112
23155,1023,35,4,1,96
23156,1023,35,4,2,112
23157,1023,35,5,1,96
23158,1023,35,5,2,110
23159,1023,35,6,1,96
23160,1023,35,6,2,107
23161,1024,35,1,1,79
23162,1024,35,1,2,101
23163,1024,35,2,1,74
23164,1024,35,2,2,104
23165,1024,35,3,1,93
23166,1024,35,3,2,105
23167,1024,35,4,1,94
23168,1024,35,4,2,110
23169,1024,35,5,1,87
23170,1024,35,5,2,101
23171,1024,35,6,1,87
23172,1024,35,6,2,102
23173,1024,35,1,1,78
23174,1024,35,1,2,99
23175,1024,35,2,1,75
23176,1024,35,2,2,104
23177,1024,35,3,1,96
23178,1024,35,3,2,110
23179,1024,35,4,1,93
23180,1024,35,4,2,108
23181,1024,35,5,1,88
23182,1024,35,5,2,100
23183,1024,35,6,1,90
23184,1024,35,6,2,103
23185,1025,35,1,1,87
23186,1025,35,1,2,93
23187,1025,35,2,1,81
23188,1025,35,2,2,89
23189,1025,35,3,1,84
23190,1025,35,3,2,85
23191,1025,35,4,1,84
23192,1025,35,4,2,93
23193,1025,35,5,1,82
23194,1025,35,5,2,94
23195,1025,35,6,1,83
23196,1025,35,6,2,93
23197,1025,35,1,1,80
23198,1025,35,1,2,91
23199,1025,35,2,1,78
23200,1025,35,2,2,87
23201,1025,35,3,1,86
23202,1025,35,3,2,87
23203,1025,35,4,1,84
23204,1025,35,4,2,92
23205,1025,35,5,1,84
23206,1025,35,5,2,94
23207,1025,35,6,1,86
23208,1025,35,6,2,94
23209,1026,35,1,1,118
23210,1026,35,1,2,94
23211,1026,35,2,1,111
23212,1026,35,2,2,94
23213,1026,35,3,1,105
23214,1026,35,3,2,94
23215,1026,35,4,1,90
23216,1026,35,4,2,75
23217,1026,35,5,1,96
23218,1026,35,5,2,82
23219,1026,35,6,1,104
23220,1026,35,6,2,88
23221,1026,35,1,1,113
23222,1026,35,1,2,89
23223,1026,35,2,1,105
23224,1026,35,2,2,90
23225,1026,35,3,1,102
23226,1026,35,3,2,93
23227,1026,35,4,1,90
23228,1026,35,4,2,76
23229,1026,35,5,1,94
23230,1026,35,5,2,80
23231,1026,35,6,1,102
23232,1026,35,6,2,87
23233,1027,35,1,1,76
23234,1027,35,1,2,89
23235,1027,35,2,1,92
23236,1027,35,2,2,105
23237,1027,35,3,1,87
23238,1027,35,3,2,95
23239,1027,35,4,1,93
23240,1027,35,4,2,90
23241,1027,35,5,1,92
23242,1027,35,5,2,95
23243,1027,35,6,1,99
23244,1027,35,6,2,96
23245,1027,35,1,1,75
23246,1027,35,1,2,88
23247,1027,35,2,1,92
23248,1027,35,2,2,104
23249,1027,35,3,1,87
23250,1027,35,3,2,95
23251,1027,35,4,1,92
23252,1027,35,4,2,90
23253,1027,35,5,1,92
23254,1027,35,5,2,95
23255,1027,35,6,1,98
23256,1027,35,6,2,96
23257,1028,35,1,1,85
23258,1028,35,1,2,81
23259,1028,35,2,1,98
23260,1028,35,2,2,86
23261,1028,35,3,1,94
23262,1028,35,3,2,83
23263,1028,35,4,1,90
23264,1028,35,4,2,81
23265,1028,35,5,1,89
23266,1028,35,5,2,83
23267,1028,35,6,1,84
23268,1028,35,6,2,76
23269,1028,35,1,1,83
23270,1028,35,1,2,81
23271,1028,35,2,1,91
23272,1028,35,2,2,82
23273,1028,35,3,1,94
23274,1028,35,3,2,85
23275,1028,35,4,1,88
23276,1028,35,4,2,81
23277,1028,35,5,1,88
23278,1028,35,5,2,84
23279,1028,35,6,1,84
23280,1028,35,6,2,78
23281,1029,35,1,1,115
23282,1029,35,1,2,69
23283,1029,35,2,1,98
23284,1029,35,2,2,77
23285,1029,35,3,1,91
23286,1029,35,3,2,78
23287,1029,35,4,1,93
23288,1029,35,4,2,79
23289,1029,35,5,1,106
23290,1029,35,5,2,89
23291,1029,35,6,1,102
23292,1029,35,6,2,90
23293,1029,35,1,1,107
23294,1029,35,1,2,62
23295,1029,35,2,1,90
23296,1029,35,2,2,71
23297,1029,35,3,1,82
23298,1029,35,3,2,69
23299,1029,35,4,1,92
23300,1029,35,4,2,81
23301,1029,35,5,1,105
23302,1029,35,5,2,88
23303,1029,35,6,1,96
23304,1029,35,6,2,84
23305,1030,35,1,1,87
23306,1030,35,1,2,102
23307,1030,35,2,1,88
23308,1030,35,2,2,98
23309,1030,35,3,1,91
23310,1030,35,3,2,101
23311,1030,35,4,1,90
23312,1030,35,4,2,101
23313,1030,35,5,1,89
23314,1030,35,5,2,103
23315,1030,35,6,1,88
23316,1030,35,6,2,97
23317,1030,35,1,1,88
23318,1030,35,1,2,102
23319,1030,35,2,1,86
23320,1030,35,2,2,95
23321,1030,35,3,1,88
23322,1030,35,3,2,97
23323,1030,35,4,1,90
23324,1030,35,4,2,98
23325,1030,35,5,1,89
23326,1030,35,5,2,100
23327,1030,35,6,1,86
23328,1030,35,6,2,93
23329,1031,35,1,1,91
23330,1031,35,1,2,76
23331,1031,35,2,1,91
23332,1031,35,2,2,84
23333,1031,35,3,1,92
23334,1031,35,3,2,76
23335,1031,35,4,1,91
23336,1031,35,4,2,78
23337,1031,35,5,1,89
23338,1031,35,5,2,78
23339,1031,35,6,1,95
23340,1031,35,6,2,89
23341,1031,35,1,1,90
23342,1031,35,1,2,76
23343,1031,35,2,1,90
23344,1031,35,2,2,83
23345,1031,35,3,1,91
23346,1031,35,3,2,76
23347,1031,35,4,1,89
23348,1031,35,4,2,78
23349,1031,35,5,1,88
23350,1031,35,5,2,79
23351,1031,35,6,1,93
23352,1031,35,6,2,88
23353,1032,35,1,1,116
23354,1032,35,1,2,106
23355,1032,35,2,1,114
23356,1032,35,2,2,109
23357,1032,35,3,1,102
23358,1032,35,3,2,93
23359,1032,35,4,1,101
23360,1032,35,4,2,89
23361,1032,35,5,1,105
23362,1032,35,5,2,93
23363,1032,35,6,1,101
23364,1032,35,6,2,91
23365,1032,35,1,1,112
23366,1032,35,1,2,95
23367,1032,35,2,1,110
23368,1032,35,2,2,94
23369,1032,35,3,1,98
23370,1032,35,3,2,87
23371,1032,35,4,1,97
23372,1032,35,4,2,83
23373,1032,35,5,1,103
23374,1032,35,5,2,90
23375,1032,35,6,1,102
23376,1032,35,6,2,95
23377,1033,35,1,1,91
23378,1033,35,1,2,111
23379,1033,35,2,1,104
23380,1033,35,2,2,110
23381,1033,35,3,1,100
23382,1033,35,3,2,106
23383,1033,35,4,1,96
23384,1033,35,4,2,103
23385,1033,35,5,1,97
23386,1033,35,5,2,103
23387,1033,35,6,1,102
23388,1033,35,6,2,106
23389,1033,35,1,1,90
23390,1033,35,1,2,110
23391,1033,35,2,1,103
23392,1033,35,2,2,110
23393,1033,35,3,1,99
23394,1033,35,3,2,105
23395,1033,35,4,1,95
23396,1033,35,4,2,102
23397,1033,35,5,1,96
23398,1033,35,5,2,103
23399,1033,35,6,1,101
23400,1033,35,6,2,105
23401,1034,35,1,1,94
23402,1034,35,1,2,104
23403,1034,35,2,1,93
23404,1034,35,2,2,99
23405,1034,35,3,1,78
23406,1034,35,3,2,88
23407,1034,35,4,1,83
23408,1034,35,4,2,93
23409,1034,35,5,1,91
23410,1034,35,5,2,98
23411,1034,35,6,1,96
23412,1034,35,6,2,105
23413,1034,35,1,1,82
23414,1034,35,1,2,92
23415,1034,35,2,1,90
23416,1034,35,2,2,96
23417,1034,35,3,1,80
23418,1034,35,3,2,86
23419,1034,35,4,1,77
23420,1034,35,4,2,83
23421,1034,35,5,1,89
23422,1034,35,5,2,95
23423,1034,35,6,1,95
23424,1034,35,6,2,101
23425,1035,35,1,1,97
23426,1035,35,1,2,72
23427,1035,35,2,1,103
23428,1035,35,2,2,78
23429,1035,35,3,1,102
23430,1035,35,3,2,78
23431,1035,35,4,1,105
23432,1035,35,4,2,81
23433,1035,35,5,1,99
23434,1035,35,5,2,76
23435,1035,35,6,1,105
23436,1035,35,6,2,87
23437,1035,35,1,1,96
23438,1035,35,1,2,60
23439,1035,35,2,1,99
23440,1035,35,2,2,63
23441,1035,35,3,1,92
23442,1035,35,3,2,65
23443,1035,35,4,1,95
23444,1035,35,4,2,73
23445,1035,35,5,1,92
23446,1035,35,5,2,70
23447,1035,35,6,1,106
23448,1035,35,6,2,88
23449,1036,35,1,1,102
23450,1036,35,1,2,83
23451,1036,35,2,1,96
23452,1036,35,2,2,85
23453,1036,35,3,1,99
23454,1036,35,3,2,82
23455,1036,35,4,1,97
23456,1036,35,4,2,86
23457,1036,35,5,1,102
23458,1036,35,5,2,97
23459,1036,35,6,1,95
23460,1036,35,6,2,91
23461,1036,35,1,1,100
23462,1036,35,1,2,81
23463,1036,35,2,1,91
23464,1036,35,2,2,82
23465,1036,35,3,1,96
23466,1036,35,3,2,80
23467,1036,35,4,1,93
23468,1036,35,4,2,83
23469,1036,35,5,1,100
23470,1036,35,5,2,95
23471,1036,35,6,1,92
23472,1036,35,6,2,89
23473,1037,35,1,1,106
23474,1037,35,1,2,118
23475,1037,35,2,1,109
23476,1037,35,2,2,113
23477,1037,35,3,1,112
23478,1037,35,3,2,109
23479,1037,35,4,1,110
23480,1037,35,4,2,113
23481,1037,35,5,1,107
23482,1037,35,5,2,108
23483,1037,35,6,1,107
23484,1037,35,6,2,110
23485,1037,35,1,1,105
23486,1037,35,1,2,115
23487,1037,35,2,1,106
23488,1037,35,2,2,112
23489,1037,35,3,1,107
23490,1037,35,3,2,105
23491,1037,35,4,1,105
23492,1037,35,4,2,109
23493,1037,35,5,1,101
23494,1037,35,5,2,103
23495,1037,35,6,1,100
23496,1037,35,6,2,103
23497,1038,35,1,1,123
23498,1038,35,1,2,122
23499,1038,35,2,1,125
23500,1038,35,2,2,124
23501,1038,35,3,1,111
23502,1038,35,3,2,113
23503,1038,35,4,1,109
23504,1038,35,4,2,112
23505,1038,35,5,1,114
23506,1038,35,5,2,115
23507,1038,35,6,1,111
23508,1038,35,6,2,111
23509,1038,35,1,1,120
23510,1038,35,1,2,118
23511,1038,35,2,1,120
23512,1038,35,2,2,119
23513,1038,35,3,1,108
23514,1038,35,3,2,110
23515,1038,35,4,1,108
23516,1038,35,4,2,110
23517,1038,35,5,1,112
23518,1038,35,5,2,113
23519,1038,35,6,1,111
23520,1038,35,6,2,110
23521,1039,35,1,1,90
23522,1039,35,1,2,90
23523,1039,35,2,1,99
23524,1039,35,2,2,99
23525,1039,35,3,1,101
23526,1039,35,3,2,95
23527,1039,35,4,1,102
23528,1039,35,4,2,96
23529,1039,35,5,1,101
23530,1039,35,5,2,95
23531,1039,35,6,1,99
23532,1039,35,6,2,92
23533,1039,35,1,1,91
23534,1039,35,1,2,91
23535,1039,35,2,1,97
23536,1039,35,2,2,97
23537,1039,35,3,1,98
23538,1039,35,3,2,92
23539,1039,35,4,1,99
23540,1039,35,4,2,95
23541,1039,35,5,1,100
23542,1039,35,5,2,95
23543,1039,35,6,1,98
23544,1039,35,6,2,91
23545,1040,35,1,1,90
23546,1040,35,1,2,107
23547,1040,35,2,1,100
23548,1040,35,2,2,115
23549,1040,35,3,1,105
23550,1040,35,3,2,110
23551,1040,35,4,1,102
23552,1040,35,4,2,111
23553,1040,35,5,1,107
23554,1040,35,5,2,113
23555,1040,35,6,1,108
23556,1040,35,6,2,116
23557,1040,35,1,1,88
23558,1040,35,1,2,105
23559,1040,35,2,1,97
23560,1040,35,2,2,111
23561,1040,35,3,1,101
23562,1040,35,3,2,105
23563,1040,35,4,1,102
23564,1040,35,4,2,108
23565,1040,35,5,1,105
23566,1040,35,5,2,110
23567,1040,35,6,1,107
23568,1040,35,6,2,114
23569,1041,35,1,1,135
23570,1041,35,1,2,77
23571,1041,35,2,1,129
23572,1041,35,2,2,75
23573,1041,35,3,1,113
23574,1041,35,3,2,82
23575,1041,35,4,1,109
23576,1041,35,4,2,73
23577,1041,35,5,1,109
23578,1041,35,5,2,83
23579,1041,35,6,1,107
23580,1041,35,6,2,83
23581,1041,35,1,1,129
23582,1041,35,1,2,74
23583,1041,35,2,1,123
23584,1041,35,2,2,73
23585,1041,35,3,1,109
23586,1041,35,3,2,80
23587,1041,35,4,1,104
23588,1041,35,4,2,73
23589,1041,35,5,1,104
23590,1041,35,5,2,82
23591,1041,35,6,1,103
23592,1041,35,6,2,84
23593,1042,35,1,1,95
23594,1042,35,1,2,112
23595,1042,35,2,1,102
23596,1042,35,2,2,113
23597,1042,35,3,1,111
23598,1042,35,3,2,120
23599,1042,35,4,1,107
23600,1042,35,4,2,120
23601,1042,35,5,1,109
23602,1042,35,5,2,117
23603,1042,35,6,1,108
23604,1042,35,6,2,114
23605,1042,35,1,1,94
23606,1042,35,1,2,110
23607,1042,35,2,1,99
23608,1042,35,2,2,109
23609,1042,35,3,1,106
23610,1042,35,3,2,114
23611,1042,35,4,1,103
23612,1042,35,4,2,114
23613,1042,35,5,1,105
23614,1042,35,5,2,111
23615,1042,35,6,1,103
23616,1042,35,6,2,109
23617,1043,35,1,1,80
23618,1043,35,1,2,106
23619,1043,35,2,1,86
23620,1043,35,2,2,113
23621,1043,35,3,1,99
23622,1043,35,3,2,112
23623,1043,35,4,1,97
23624,1043,35,4,2,113
23625,1043,35,5,1,96
23626,1043,35,5,2,108
23627,1043,35,6,1,97
23628,1043,35,6,2,106
23629,1043,35,1,1,75
23630,1043,35,1,2,99
23631,1043,35,2,1,80
23632,1043,35,2,2,103
23633,1043,35,3,1,94
23634,1043,35,3,2,107
23635,1043,35,4,1,91
23636,1043,35,4,2,106
23637,1043,35,5,1,92
23638,1043,35,5,2,104
23639,1043,35,6,1,90
23640,1043,35,6,2,98
23641,1044,35,1,1,107
23642,1044,35,1,2,95
23643,1044,35,2,1,111
23644,1044,35,2,2,95
23645,1044,35,3,1,95
23646,1044,35,3,2,84
23647,1044,35,4,1,98
23648,1044,35,4,2,92
23649,1044,35,5,1,99
23650,1044,35,5,2,94
23651,1044,35,6,1,93
23652,1044,35,6,2,91
23653,1044,35,1,1,100
23654,1044,35,1,2,93
23655,1044,35,2,1,100
23656,1044,35,2,2,91
23657,1044,35,3,1,91
23658,1044,35,3,2,84
23659,1044,35,4,1,93
23660,1044,35,4,2,89
23661,1044,35,5,1,92
23662,1044,35,5,2,90
23663,1044,35,6,1,88
23664,1044,35,6,2,88
23665,1045,35,1,1,77
23666,1045,35,1,2,95
23667,1045,35,2,1,80
23668,1045,35,2,2,98
23669,1045,35,3,1,95
23670,1045,35,3,2,103
23671,1045,35,4,1,97
23672,1045,35,4,2,111
23673,1045,35,5,1,98
23674,1045,35,5,2,111
23675,1045,35,6,1,95
23676,1045,35,6,2,104
23677,1045,35,1,1,71
23678,1045,35,1,2,88
23679,1045,35,2,1,78
23680,1045,35,2,2,95
23681,1045,35,3,1,94
23682,1045,35,3,2,102
23683,1045,35,4,1,94
23684,1045,35,4,2,107
23685,1045,35,5,1,96
23686,1045,35,5,2,109
23687,1045,35,6,1,94
23688,1045,35,6,2,103
23689,1046,35,1,1,118
23690,1046,35,1,2,81
23691,1046,35,2,1,89
23692,1046,35,2,2,74
23693,1046,35,3,1,101
23694,1046,35,3,2,77
23695,1046,35,4,1,97
23696,1046,35,4,2,79
23697,1046,35,5,1,101
23698,1046,35,5,2,81
23699,1046,35,6,1,98
23700,1046,35,6,2,80
23701,1046,35,1,1,115
23702,1046,35,1,2,80
23703,1046,35,2,1,86
23704,1046,35,2,2,71
23705,1046,35,3,1,94
23706,1046,35,3,2,73
23707,1046,35,4,1,96
23708,1046,35,4,2,80
23709,1046,35,5,1,99
23710,1046,35,5,2,81
23711,1046,35,6,1,98
23712,1046,35,6,2,82
23713,1047,35,1,1,90
23714,1047,35,1,2,104
23715,1047,35,2,1,105
23716,1047,35,2,2,117
23717,1047,35,3,1,109
23718,1047,35,3,2,115
23719,1047,35,4,1,107
23720,1047,35,4,2,117
23721,1047,35,5,1,111
23722,1047,35,5,2,116
23723,1047,35,6,1,108
23724,1047,35,6,2,112
23725,1047,35,1,1,89
23726,1047,35,1,2,103
23727,1047,35,2,1,102
23728,1047,35,2,2,112
23729,1047,35,3,1,104
23730,1047,35,3,2,108
23731,1047,35,4,1,102
23732,1047,35,4,2,110
23733,1047,35,5,1,107
23734,1047,35,5,2,111
23735,1047,35,6,1,102
23736,1047,35,6,2,104
23737,1048,35,1,1,83
23738,1048,35,1,2,85
23739,1048,35,2,1,80
23740,1048,35,2,2,85
23741,1048,35,3,1,103
23742,1048,35,3,2,104
23743,1048,35,4,1,94
23744,1048,35,4,2,95
23745,1048,35,5,1,86
23746,1048,35,5,2,67
23747,1048,35,6,1,85
23748,1048,35,6,2,73
23749,1048,35,1,1,85
23750,1048,35,1,2,77
23751,1048,35,2,1,79
23752,1048,35,2,2,76
23753,1048,35,3,1,106
23754,1048,35,3,2,104
23755,1048,35,4,1,91
23756,1048,35,4,2,89
23757,1048,35,5,1,88
23758,1048,35,5,2,67
23759,1048,35,6,1,86
23760,1048,35,6,2,72
23761,1049,35,1,1,61
23762,1049,35,1,2,80
23763,1049,35,2,1,89
23764,1049,35,2,2,106
23765,1049,35,3,1,93
23766,1049,35,3,2,103
23767,1049,35,4,1,95
23768,1049,35,4,2,106
23769,1049,35,5,1,94
23770,1049,35,5,2,100
23771,1049,35,6,1,102
23772,1049,35,6,2,111
23773,1049,35,1,1,62
23774,1049,35,1,2,81
23775,1049,35,2,1,86
23776,1049,35,2,2,103
23777,1049,35,3,1,94
23778,1049,35,3,2,103
23779,1049,35,4,1,90
23780,1049,35,4,2,100
23781,1049,35,5,1,91
23782,1049,35,5,2,98
23783,1049,35,6,1,98
23784,1049,35,6,2,106
23785,1050,36,1,1,120
23786,1050,36,1,2,115
23787,1050,36,2,1,122
23788,1050,36,2,2,121
23789,1050,36,3,1,124
23790,1050,36,3,2,122
23791,1050,36,4,1,123
23792,1050,36,4,2,121
23793,1050,36,5,1,122
23794,1050,36,5,2,124
23795,1050,36,6,1,122
23796,1050,36,6,2,123
23797,1050,36,1,1,116
23798,1050,36,1,2,112
23799,1050,36,2,1,119
23800,1050,36,2,2,117
23801,1050,36,3,1,119
23802,1050,36,3,2,118
23803,1050,36,4,1,117
23804,1050,36,4,2,117
23805,1050,36,5,1,118
23806,1050,36,5,2,122
23807,1050,36,6,1,118
23808,1050,36,6,2,119
23809,1051,36,1,1,108
23810,1051,36,1,2,96
23811,1051,36,2,1,107
23812,1051,36,2,2,96
23813,1051,36,3,1,115
23814,1051,36,3,2,103
23815,1051,36,4,1,116
23816,1051,36,4,2,104
23817,1051,36,5,1,119
23818,1051,36,5,2,105
23819,1051,36,6,1,122
23820,1051,36,6,2,113
23821,1051,36,1,1,106
23822,1051,36,1,2,102
23823,1051,36,2,1,103
23824,1051,36,2,2,101
23825,1051,36,3,1,108
23826,1051,36,3,2,106
23827,1051,36,4,1,109
23828,1051,36,4,2,106
23829,1051,36,5,1,113
23830,1051,36,5,2,107
23831,1051,36,6,1,116
23832,1051,36,6,2,112
23833,1052,36,1,1,112
23834,1052,36,1,2,126
23835,1052,36,2,1,110
23836,1052,36,2,2,122
23837,1052,36,3,1,118
23838,1052,36,3,2,128
23839,1052,36,4,1,121
23840,1052,36,4,2,129
23841,1052,36,5,1,120
23842,1052,36,5,2,124
23843,1052,36,6,1,119
23844,1052,36,6,2,125
23845,1052,36,1,1,109
23846,1052,36,1,2,119
23847,1052,36,2,1,103
23848,1052,36,2,2,116
23849,1052,36,3,1,109
23850,1052,36,3,2,120
23851,1052,36,4,1,112
23852,1052,36,4,2,118
23853,1052,36,5,1,113
23854,1052,36,5,2,117
23855,1052,36,6,1,115
23856,1052,36,6,2,119
23857,1053,36,1,1,87
23858,1053,36,1,2,76
23859,1053,36,2,1,91
23860,1053,36,2,2,92
23861,1053,36,3,1,82
23862,1053,36,3,2,78
23863,1053,36,4,1,94
23864,1053,36,4,2,88
23865,1053,36,5,1,85
23866,1053,36,5,2,84
23867,1053,36,6,1,86
23868,1053,36,6,2,87
23869,1053,36,1,1,87
23870,1053,36,1,2,82
23871,1053,36,2,1,89
23872,1053,36,2,2,93
23873,1053,36,3,1,81
23874,1053,36,3,2,79
23875,1053,36,4,1,90
23876,1053,36,4,2,85
23877,1053,36,5,1,82
23878,1053,36,5,2,80
23879,1053,36,6,1,85
23880,1053,36,6,2,86
23881,1054,36,1,1,85
23882,1054,36,1,2,121
23883,1054,36,2,1,77
23884,1054,36,2,2,94
23885,1054,36,3,1,99
23886,1054,36,3,2,112
23887,1054,36,4,1,86
23888,1054,36,4,2,94
23889,1054,36,5,1,89
23890,1054,36,5,2,99
23891,1054,36,6,1,86
23892,1054,36,6,2,97
23893,1054,36,1,1,80
23894,1054,36,1,2,114
23895,1054,36,2,1,75
23896,1054,36,2,2,97
23897,1054,36,3,1,91
23898,1054,36,3,2,106
23899,1054,36,4,1,80
23900,1054,36,4,2,93
23901,1054,36,5,1,81
23902,1054,36,5,2,93
23903,1054,36,6,1,76
23904,1054,36,6,2,89
23905,1055,36,1,1,113
23906,1055,36,1,2,109
23907,1055,36,2,1,118
23908,1055,36,2,2,98
23909,1055,36,3,1,116
23910,1055,36,3,2,120
23911,1055,36,4,1,123
23912,1055,36,4,2,134
23913,1055,36,5,1,112
23914,1055,36,5,2,123
23915,1055,36,6,1,107
23916,1055,36,6,2,117
23917,1055,36,1,1,107
23918,1055,36,1,2,102
23919,1055,36,2,1,114
23920,1055,36,2,2,95
23921,1055,36,3,1,107
23922,1055,36,3,2,107
23923,1055,36,4,1,111
23924,1055,36,4,2,114
23925,1055,36,5,1,103
23926,1055,36,5,2,108
23927,1055,36,6,1,98
23928,1055,36,6,2,106
23929,1056,36,1,1,104
23930,1056,36,1,2,86
23931,1056,36,2,1,106
23932,1056,36,2,2,88
23933,1056,36,3,1,102
23934,1056,36,3,2,91
23935,1056,36,4,1,105
23936,1056,36,4,2,96
23937,1056,36,5,1,101
23938,1056,36,5,2,101
23939,1056,36,6,1,97
23940,1056,36,6,2,91
23941,1056,36,1,1,98
23942,1056,36,1,2,85
23943,1056,36,2,1,100
23944,1056,36,2,2,86
23945,1056,36,3,1,95
23946,1056,36,3,2,88
23947,1056,36,4,1,93
23948,1056,36,4,2,88
23949,1056,36,5,1,93
23950,1056,36,5,2,94
23951,1056,36,6,1,91
23952,1056,36,6,2,87
23953,1057,36,1,1,108
23954,1057,36,1,2,98
23955,1057,36,2,1,106
23956,1057,36,2,2,102
23957,1057,36,3,1,103
23958,1057,36,3,2,100
23959,1057,36,4,1,102
23960,1057,36,4,2,100
23961,1057,36,5,1,100
23962,1057,36,5,2,102
23963,1057,36,6,1,103
23964,1057,36,6,2,101
23965,1057,36,1,1,105
23966,1057,36,1,2,101
23967,1057,36,2,1,105
23968,1057,36,2,2,103
23969,1057,36,3,1,97
23970,1057,36,3,2,95
23971,1057,36,4,1,94
23972,1057,36,4,2,95
23973,1057,36,5,1,92
23974,1057,36,5,2,90
23975,1057,36,6,1,98
23976,1057,36,6,2,96
23977,1058,36,1,1,83
23978,1058,36,1,2,79
23979,1058,36,2,1,84
23980,1058,36,2,2,89
23981,1058,36,3,1,94
23982,1058,36,3,2,87
23983,1058,36,4,1,97
23984,1058,36,4,2,89
23985,1058,36,5,1,100
23986,1058,36,5,2,107
23987,1058,36,6,1,104
23988,1058,36,6,2,88
23989,1059,36,1,1,92
23990,1059,36,1,2,77
23991,1059,36,2,1,106
23992,1059,36,2,2,85
23993,1059,36,3,1,97
23994,1059,36,3,2,77
23995,1059,36,4,1,99
23996,1059,36,4,2,86
23997,1059,36,5,1,96
23998,1059,36,5,2,85
23999,1059,36,6,1,93
24000,1059,36,6,2,93
24001,1059,36,1,1,96
24002,1059,36,1,2,87
24003,1059,36,2,1,103
24004,1059,36,2,2,86
24005,1059,36,3,1,97
24006,1059,36,3,2,78
24007,1059,36,4,1,104
24008,1059,36,4,2,91
24009,1059,36,5,1,97
24010,1059,36,5,2,91
24011,1059,36,6,1,95
24012,1059,36,6,2,97
24013,1060,36,1,1,109
24014,1060,36,1,2,119
24015,1060,36,2,1,113
24016,1060,36,2,2,118
24017,1060,36,3,1,105
24018,1060,36,3,2,116
24019,1060,36,4,1,113
24020,1060,36,4,2,125
24021,1060,36,5,1,108
24022,1060,36,5,2,119
24023,1060,36,6,1,108
24024,1060,36,6,2,115
24025,1060,36,1,1,108
24026,1060,36,1,2,114
24027,1060,36,2,1,112
24028,1060,36,2,2,114
24029,1060,36,3,1,106
24030,1060,36,3,2,116
24031,1060,36,4,1,108
24032,1060,36,4,2,119
24033,1060,36,5,1,105
24034,1060,36,5,2,115
24035,1060,36,6,1,106
24036,1060,36,6,2,113
24037,1061,36,1,1,112
24038,1061,36,1,2,76
24039,1061,36,2,1,111
24040,1061,36,2,2,74
24041,1061,36,3,1,105
24042,1061,36,3,2,65
24043,1061,36,4,1,100
24044,1061,36,4,2,64
24045,1061,36,5,1,96
24046,1061,36,5,2,61
24047,1061,36,6,1,98
24048,1061,36,6,2,66
24049,1061,36,1,1,97
24050,1061,36,1,2,74
24051,1061,36,2,1,93
24052,1061,36,2,2,70
24053,1061,36,3,1,93
24054,1061,36,3,2,63
24055,1061,36,4,1,92
24056,1061,36,4,2,66
24057,1061,36,5,1,87
24058,1061,36,5,2,64
24059,1061,36,6,1,90
24060,1061,36,6,2,70
24061,1062,36,1,1,109
24062,1062,36,1,2,110
24063,1062,36,2,1,94
24064,1062,36,2,2,105
24065,1062,36,3,1,105
24066,1062,36,3,2,116
24067,1062,36,4,1,103
24068,1062,36,4,2,101
24069,1062,36,5,1,108
24070,1062,36,5,2,108
24071,1062,36,6,1,110
24072,1062,36,6,2,107
24073,1063,36,1,1,104
24074,1063,36,1,2,98
24075,1063,36,2,1,105
24076,1063,36,2,2,103
24077,1063,36,3,1,108
24078,1063,36,3,2,96
24079,1063,36,4,1,105
24080,1063,36,4,2,96
24081,1063,36,5,1,96
24082,1063,36,5,2,91
24083,1063,36,6,1,105
24084,1063,36,6,2,96
24085,1063,36,1,1,104
24086,1063,36,1,2,98
24087,1063,36,2,1,105
24088,1063,36,2,2,103
24089,1063,36,3,1,108
24090,1063,36,3,2,96
24091,1063,36,4,1,105
24092,1063,36,4,2,96
24093,1063,36,5,1,96
24094,1063,36,5,2,91
24095,1063,36,6,1,105
24096,1063,36,6,2,96
24097,1064,37,1,1,116
24098,1064,37,1,2,125
24099,1064,37,2,1,122
24100,1064,37,2,2,132
24101,1064,37,3,1,125
24102,1064,37,3,2,135
24103,1064,37,4,1,123
24104,1064,37,4,2,131
24105,1064,37,5,1,123
24106,1064,37,5,2,127
24107,1064,37,6,1,119
24108,1064,37,6,2,121
24109,1065,37,1,1,108
24110,1065,37,1,2,117
24111,1065,37,2,1,113
24112,1065,37,2,2,120
24113,1065,37,3,1,117
24114,1065,37,3,2,122
24115,1065,37,4,1,117
24116,1065,37,4,2,119
24117,1065,37,5,1,118
24118,1065,37,5,2,116
24119,1065,37,6,1,124
24120,1065,37,6,2,129
24121,1066,37,1,1,124
24122,1066,37,1,2,96
24123,1066,37,2,1,116
24124,1066,37,2,2,96
24125,1066,37,3,1,117
24126,1066,37,3,2,108
24127,1066,37,4,1,116
24128,1066,37,4,2,114
24129,1066,37,5,1,118
24130,1066,37,5,2,115
24131,1066,37,6,1,115
24132,1066,37,6,2,107
24133,1067,37,1,1,106
24134,1067,37,1,2,83
24135,1067,37,2,1,104
24136,1067,37,2,2,87
24137,1067,37,3,1,102
24138,1067,37,3,2,92
24139,1067,37,4,1,103
24140,1067,37,4,2,99
24141,1067,37,5,1,104
24142,1067,37,5,2,102
24143,1067,37,6,1,105
24144,1067,37,6,2,100
24145,1068,38,1,1,182
24146,1068,38,1,2,138
24147,1068,38,2,1,188
24148,1068,38,2,2,128
24149,1068,38,3,1,168
24150,1068,38,3,2,104
24151,1068,38,4,1,152
24152,1068,38,4,2,117
24153,1068,38,5,1,145
24154,1068,38,5,2,118
24155,1068,38,6,1,137
24156,1068,38,6,2,114
24157,1068,38,1,1,147
24158,1068,38,1,2,117
24159,1068,38,2,1,153
24160,1068,38,2,2,117
24161,1068,38,3,1,144
24162,1068,38,3,2,105
24163,1068,38,4,1,137
24164,1068,38,4,2,116
24165,1068,38,5,1,132
24166,1068,38,5,2,117
24167,1068,38,6,1,129
24168,1068,38,6,2,114
24169,1069,38,1,1,155
24170,1069,38,1,2,298
24171,1069,38,2,1,172
24172,1069,38,2,2,319
24173,1069,38,3,1,166
24174,1069,38,3,2,315
24175,1069,38,4,1,159
24176,1069,38,4,2,255
24177,1069,38,5,1,147
24178,1069,38,5,2,213
24179,1069,38,6,1,133
24180,1069,38,6,2,215
24181,1069,38,1,1,133
24182,1069,38,1,2,245
24183,1069,38,2,1,149
24184,1069,38,2,2,270
24185,1069,38,3,1,144
24186,1069,38,3,2,265
24187,1069,38,4,1,144
24188,1069,38,4,2,224
24189,1069,38,5,1,137
24190,1069,38,5,2,194
24191,1069,38,6,1,128
24192,1069,38,6,2,197
24193,1070,38,1,1,110
24194,1070,38,1,2,180
24195,1070,38,2,1,108
24196,1070,38,2,2,188
24197,1070,38,3,1,114
24198,1070,38,3,2,175
24199,1070,38,4,1,119
24200,1070,38,4,2,164
24201,1070,38,5,1,127
24202,1070,38,5,2,157
24203,1070,38,6,1,124
24204,1070,38,6,2,139
24205,1070,38,1,1,94
24206,1070,38,1,2,156
24207,1070,38,2,1,90
24208,1070,38,2,2,158
24209,1070,38,3,1,95
24210,1070,38,3,2,146
24211,1070,38,4,1,99
24212,1070,38,4,2,135
24213,1070,38,5,1,103
24214,1070,38,5,2,128
24215,1070,38,6,1,101
24216,1070,38,6,2,121
24217,1071,38,1,1,74
24218,1071,38,1,2,85
24219,1071,38,2,1,78
24220,1071,38,2,2,76
24221,1071,38,3,1,83
24222,1071,38,3,2,77
24223,1071,38,4,1,93
24224,1071,38,4,2,95
24225,1071,38,5,1,89
24226,1071,38,5,2,93
24227,1071,38,6,1,81
24228,1071,38,6,2,85
24229,1071,38,1,1,70
24230,1071,38,1,2,80
24231,1071,38,2,1,65
24232,1071,38,2,2,76
24233,1071,38,3,1,81
24234,1071,38,3,2,91
24235,1071,38,4,1,94
24236,1071,38,4,2,101
24237,1071,38,5,1,88
24238,1071,38,5,2,95
24239,1071,38,6,1,92
24240,1071,38,6,2,95
24241,1072,38,1,1,113
24242,1072,38,1,2,80
24243,1072,38,2,1,117
24244,1072,38,2,2,100
24245,1072,38,3,1,101
24246,1072,38,3,2,87
24247,1072,38,4,1,109
24248,1072,38,4,2,119
24249,1072,38,5,1,123
24250,1072,38,5,2,132
24251,1072,38,6,1,107
24252,1072,38,6,2,122
24253,1072,38,1,1,88
24254,1072,38,1,2,66
24255,1072,38,2,1,93
24256,1072,38,2,2,93
24257,1072,38,3,1,90
24258,1072,38,3,2,81
24259,1072,38,4,1,93
24260,1072,38,4,2,102
24261,1072,38,5,1,105
24262,1072,38,5,2,115
24263,1072,38,6,1,103
24264,1072,38,6,2,118
24265,1073,38,1,1,127
24266,1073,38,1,2,84
24267,1073,38,2,1,131
24268,1073,38,2,2,88
24269,1073,38,3,1,126
24270,1073,38,3,2,78
24271,1073,38,4,1,116
24272,1073,38,4,2,86
24273,1073,38,5,1,105
24274,1073,38,5,2,84
24275,1073,38,6,1,103
24276,1073,38,6,2,78
24277,1073,38,1,1,92
24278,1073,38,1,2,66
24279,1073,38,2,1,93
24280,1073,38,2,2,67
24281,1073,38,3,1,92
24282,1073,38,3,2,67
24283,1073,38,4,1,97
24284,1073,38,4,2,80
24285,1073,38,5,1,104
24286,1073,38,5,2,94
24287,1073,38,6,1,106
24288,1073,38,6,2,93
24289,1074,38,1,1,122
24290,1074,38,1,2,92
24291,1074,38,2,1,119
24292,1074,38,2,2,87
24293,1074,38,3,1,120
24294,1074,38,3,2,80
24295,1074,38,4,1,114
24296,1074,38,4,2,85
24297,1074,38,5,1,114
24298,1074,38,5,2,95
24299,1074,38,6,1,115
24300,1074,38,6,2,96
24301,1074,38,1,1,99
24302,1074,38,1,2,76
24303,1074,38,2,1,94
24304,1074,38,2,2,84
24305,1074,38,3,1,90
24306,1074,38,3,2,74
24307,1074,38,4,1,96
24308,1074,38,4,2,84
24309,1074,38,5,1,98
24310,1074,38,5,2,93
24311,1074,38,6,1,100
24312,1074,38,6,2,92
24313,1075,38,1,1,93
24314,1075,38,1,2,84
24315,1075,38,2,1,103
24316,1075,38,2,2,92
24317,1075,38,3,1,106
24318,1075,38,3,2,82
24319,1075,38,4,1,120
24320,1075,38,4,2,111
24321,1075,38,5,1,135
24322,1075,38,5,2,114
24323,1075,38,6,1,119
24324,1075,38,6,2,101
24325,1075,38,1,1,73
24326,1075,38,1,2,62
24327,1075,38,2,1,76
24328,1075,38,2,2,62
24329,1075,38,3,1,75
24330,1075,38,3,2,58
24331,1075,38,4,1,92
24332,1075,38,4,2,82
24333,1075,38,5,1,109
24334,1075,38,5,2,89
24335,1075,38,6,1,109
24336,1075,38,6,2,94
24337,1076,39,1,1,121
24338,1076,39,1,2,100
24339,1076,39,2,1,123
24340,1076,39,2,2,112
24341,1076,39,3,1,125
24342,1076,39,3,2,87
24343,1076,39,4,1,129
24344,1076,39,4,2,78
24345,1076,39,5,1,123
24346,1076,39,5,2,78
24347,1076,39,6,1,126
24348,1076,39,6,2,88
24349,1076,39,1,1,121
24350,1076,39,1,2,100
24351,1076,39,2,1,123
24352,1076,39,2,2,112
24353,1076,39,3,1,125
24354,1076,39,3,2,87
24355,1076,39,4,1,129
24356,1076,39,4,2,78
24357,1076,39,5,1,123
24358,1076,39,5,2,78
24359,1076,39,6,1,126
24360,1076,39,6,2,88
24361,1077,39,1,1,105
24362,1077,39,1,2,86
24363,1077,39,2,1,104
24364,1077,39,2,2,104
24365,1077,39,3,1,102
24366,1077,39,3,2,80
24367,1077,39,4,1,86
24368,1077,39,4,2,58
24369,1077,39,5,1,75
24370,1077,39,5,2,52
24371,1077,39,6,1,77
24372,1077,39,6,2,52
24373,1077,39,1,1,105
24374,1077,39,1,2,86
24375,1077,39,2,1,104
24376,1077,39,2,2,104
24377,1077,39,3,1,102
24378,1077,39,3,2,80
24379,1077,39,4,1,86
24380,1077,39,4,2,58
24381,1077,39,5,1,75
24382,1077,39,5,2,52
24383,1077,39,6,1,77
24384,1077,39,6,2,52
24385,1078,39,1,1,115
24386,1078,39,1,2,125
24387,1078,39,2,1,124
24388,1078,39,2,2,126
24389,1078,39,3,1,117
24390,1078,39,3,2,109
24391,1078,39,4,1,115
24392,1078,39,4,2,104
24393,1078,39,5,1,103
24394,1078,39,5,2,81
24395,1078,39,6,1,113
24396,1078,39,6,2,86
24397,1078,39,1,1,115
24398,1078,39,1,2,125
24399,1078,39,2,1,124
24400,1078,39,2,2,126
24401,1078,39,3,1,117
24402,1078,39,3,2,109
24403,1078,39,4,1,115
24404,1078,39,4,2,104
24405,1078,39,5,1,103
24406,1078,39,5,2,81
24407,1078,39,6,1,113
24408,1078,39,6,2,86
24409,1079,39,1,1,105
24410,1079,39,1,2,89
24411,1079,39,2,1,112
24412,1079,39,2,2,99
24413,1079,39,3,1,107
24414,1079,39,3,2,76
24415,1079,39,4,1,97
24416,1079,39,4,2,61
24417,1079,39,5,1,88
24418,1079,39,5,2,53
24419,1079,39,6,1,87
24420,1079,39,6,2,55
24421,1079,39,1,1,105
24422,1079,39,1,2,89
24423,1079,39,2,1,112
24424,1079,39,2,2,99
24425,1079,39,3,1,107
24426,1079,39,3,2,76
24427,1079,39,4,1,97
24428,1079,39,4,2,61
24429,1079,39,5,1,88
24430,1079,39,5,2,53
24431,1079,39,6,1,87
24432,1079,39,6,2,55
24433,1080,39,1,1,99
24434,1080,39,1,2,84
24435,1080,39,2,1,100
24436,1080,39,2,2,95
24437,1080,39,3,1,100
24438,1080,39,3,2,78
24439,1080,39,4,1,93
24440,1080,39,4,2,63
24441,1080,39,5,1,92
24442,1080,39,5,2,89
24443,1080,39,6,1,102
24444,1080,39,6,2,119
24445,1080,39,1,1,99
24446,1080,39,1,2,84
24447,1080,39,2,1,100
24448,1080,39,2,2,95
24449,1080,39,3,1,100
24450,1080,39,3,2,78
24451,1080,39,4,1,93
24452,1080,39,4,2,63
24453,1080,39,5,1,92
24454,1080,39,5,2,89
24455,1080,39,6,1,102
24456,1080,39,6,2,119
24457,1081,39,1,1,106
24458,1081,39,1,2,70
24459,1081,39,2,1,106
24460,1081,39,2,2,81
24461,1081,39,3,1,93
24462,1081,39,3,2,64
24463,1081,39,4,1,103
24464,1081,39,4,2,63
24465,1081,39,5,1,91
24466,1081,39,5,2,53
24467,1081,39,6,1,86
24468,1081,39,6,2,53
24469,1081,39,1,1,106
24470,1081,39,1,2,70
24471,1081,39,2,1,106
24472,1081,39,2,2,81
24473,1081,39,3,1,93
24474,1081,39,3,2,64
24475,1081,39,4,1,103
24476,1081,39,4,2,63
24477,1081,39,5,1,91
24478,1081,39,5,2,53
24479,1081,39,6,1,86
24480,1081,39,6,2,53
24481,1082,39,1,1,104
24482,1082,39,1,2,82
24483,1082,39,2,1,107
24484,1082,39,2,2,118
24485,1082,39,3,1,106
24486,1082,39,3,2,92
24487,1082,39,4,1,116
24488,1082,39,4,2,73
24489,1082,39,5,1,107
24490,1082,39,5,2,65
24491,1082,39,6,1,110
24492,1082,39,6,2,84
24493,1082,39,1,1,104
24494,1082,39,1,2,82
24495,1082,39,2,1,107
24496,1082,39,2,2,118
24497,1082,39,3,1,106
24498,1082,39,3,2,92
24499,1082,39,4,1,116
24500,1082,39,4,2,73
24501,1082,39,5,1,107
24502,1082,39,5,2,65
24503,1082,39,6,1,110
24504,1082,39,6,2,84
24505,1083,39,1,1,120
24506,1083,39,1,2,80
24507,1083,39,2,1,122
24508,1083,39,2,2,82
24509,1083,39,3,1,125
24510,1083,39,3,2,78
24511,1083,39,4,1,111
24512,1083,39,4,2,59
24513,1083,39,5,1,106
24514,1083,39,5,2,59
24515,1083,39,6,1,99
24516,1083,39,6,2,61
24517,1083,39,1,1,120
24518,1083,39,1,2,80
24519,1083,39,2,1,122
24520,1083,39,2,2,82
24521,1083,39,3,1,125
24522,1083,39,3,2,78
24523,1083,39,4,1,111
24524,1083,39,4,2,59
24525,1083,39,5,1,106
24526,1083,39,5,2,59
24527,1083,39,6,1,99
24528,1083,39,6,2,61
24529,1084,39,1,1,110
24530,1084,39,1,2,91
24531,1084,39,2,1,117
24532,1084,39,2,2,71
24533,1084,39,3,1,103
24534,1084,39,3,2,68
24535,1084,39,4,1,90
24536,1084,39,4,2,61
24537,1084,39,5,1,92
24538,1084,39,5,2,60
24539,1084,39,6,1,76
24540,1084,39,6,2,47
24541,1084,39,1,1,110
24542,1084,39,1,2,91
24543,1084,39,2,1,117
24544,1084,39,2,2,71
24545,1084,39,3,1,103
24546,1084,39,3,2,68
24547,1084,39,4,1,90
24548,1084,39,4,2,61
24549,1084,39,5,1,92
24550,1084,39,5,2,60
24551,1084,39,6,1,76
24552,1084,39,6,2,47
24553,1085,39,1,1,96
24554,1085,39,1,2,90
24555,1085,39,2,1,95
24556,1085,39,2,2,104
24557,1085,39,3,1,86
24558,1085,39,3,2,74
24559,1085,39,4,1,78
24560,1085,39,4,2,57
24561,1085,39,5,1,78
24562,1085,39,5,2,52
24563,1085,39,6,1,72
24564,1085,39,6,2,47
24565,1085,39,1,1,96
24566,1085,39,1,2,90
24567,1085,39,2,1,95
24568,1085,39,2,2,104
24569,1085,39,3,1,86
24570,1085,39,3,2,74
24571,1085,39,4,1,78
24572,1085,39,4,2,57
24573,1085,39,5,1,78
24574,1085,39,5,2,52
24575,1085,39,6,1,72
24576,1085,39,6,2,47
24577,1086,39,1,1,65
24578,1086,39,1,2,74
24579,1086,39,2,1,55
24580,1086,39,2,2,72
24581,1086,39,3,1,54
24582,1086,39,3,2,68
24583,1086,39,4,1,50
24584,1086,39,4,2,55
24585,1086,39,5,1,38
24586,1086,39,5,2,47
24587,1086,39,6,1,31
24588,1086,39,6,2,42
24589,1086,39,1,1,65
24590,1086,39,1,2,74
24591,1086,39,2,1,55
24592,1086,39,2,2,72
24593,1086,39,3,1,54
24594,1086,39,3,2,68
24595,1086,39,4,1,50
24596,1086,39,4,2,55
24597,1086,39,5,1,38
24598,1086,39,5,2,47
24599,1086,39,6,1,31
24600,1086,39,6,2,42
24601,1087,39,1,1,114
24602,1087,39,1,2,115
24603,1087,39,2,1,114
24604,1087,39,2,2,110
24605,1087,39,3,1,120
24606,1087,39,3,2,146
24607,1087,39,4,1,127
24608,1087,39,4,2,174
24609,1087,39,5,1,137
24610,1087,39,5,2,180
24611,1087,39,6,1,139
24612,1087,39,6,2,177
24613,1087,39,1,1,114
24614,1087,39,1,2,115
24615,1087,39,2,1,114
24616,1087,39,2,2,110
24617,1087,39,3,1,120
24618,1087,39,3,2,146
24619,1087,39,4,1,127
24620,1087,39,4,2,174
24621,1087,39,5,1,137
24622,1087,39,5,2,180
24623,1087,39,6,1,139
24624,1087,39,6,2,177
24625,1088,39,1,1,112
24626,1088,39,1,2,92
24627,1088,39,2,1,113
24628,1088,39,2,2,111
24629,1088,39,3,1,117
24630,1088,39,3,2,87
24631,1088,39,4,1,127
24632,1088,39,4,2,109
24633,1088,39,5,1,128
24634,1088,39,5,2,161
24635,1088,39,6,1,145
24636,1088,39,6,2,156
24637,1088,39,1,1,112
24638,1088,39,1,2,92
24639,1088,39,2,1,113
24640,1088,39,2,2,111
24641,1088,39,3,1,117
24642,1088,39,3,2,87
24643,1088,39,4,1,127
24644,1088,39,4,2,109
24645,1088,39,5,1,128
24646,1088,39,5,2,161
24647,1088,39,6,1,145
24648,1088,39,6,2,156
24649,1089,39,1,1,82
24650,1089,39,1,2,67
24651,1089,39,2,1,80
24652,1089,39,2,2,79
24653,1089,39,3,1,77
24654,1089,39,3,2,83
24655,1089,39,4,1,78
24656,1089,39,4,2,59
24657,1089,39,5,1,77
24658,1089,39,5,2,57
24659,1089,39,6,1,88
24660,1089,39,6,2,55
24661,1089,39,1,1,82
24662,1089,39,1,2,67
24663,1089,39,2,1,80
24664,1089,39,2,2,79
24665,1089,39,3,1,77
24666,1089,39,3,2,83
24667,1089,39,4,1,78
24668,1089,39,4,2,59
24669,1089,39,5,1,77
24670,1089,39,5,2,57
24671,1089,39,6,1,88
24672,1089,39,6,2,55
24673,1090,39,1,1,89
24674,1090,39,1,2,92
24675,1090,39,2,1,82
24676,1090,39,2,2,85
24677,1090,39,3,1,79
24678,1090,39,3,2,80
24679,1090,39,4,1,72
24680,1090,39,4,2,55
24681,1090,39,5,1,73
24682,1090,39,5,2,56
24683,1090,39,6,1,62
24684,1090,39,6,2,51
24685,1090,39,1,1,89
24686,1090,39,1,2,92
24687,1090,39,2,1,82
24688,1090,39,2,2,85
24689,1090,39,3,1,79
24690,1090,39,3,2,80
24691,1090,39,4,1,72
24692,1090,39,4,2,55
24693,1090,39,5,1,73
24694,1090,39,5,2,56
24695,1090,39,6,1,62
24696,1090,39,6,2,51
24697,1091,39,1,1,105
24698,1091,39,1,2,85
24699,1091,39,2,1,108
24700,1091,39,2,2,102
24701,1091,39,3,1,112
24702,1091,39,3,2,79
24703,1091,39,4,1,117
24704,1091,39,4,2,68
24705,1091,39,5,1,99
24706,1091,39,5,2,60
24707,1091,39,6,1,104
24708,1091,39,6,2,64
24709,1091,39,1,1,105
24710,1091,39,1,2,85
24711,1091,39,2,1,108
24712,1091,39,2,2,102
24713,1091,39,3,1,112
24714,1091,39,3,2,79
24715,1091,39,4,1,117
24716,1091,39,4,2,68
24717,1091,39,5,1,99
24718,1091,39,5,2,60
24719,1091,39,6,1,104
24720,1091,39,6,2,64
24721,1092,39,1,1,89
24722,1092,39,1,2,93
24723,1092,39,2,1,90
24724,1092,39,2,2,95
24725,1092,39,3,1,89
24726,1092,39,3,2,78
24727,1092,39,4,1,92
24728,1092,39,4,2,66
24729,1092,39,5,1,105
24730,1092,39,5,2,65
24731,1092,39,6,1,112
24732,1092,39,6,2,62
24733,1092,39,1,1,89
24734,1092,39,1,2,93
24735,1092,39,2,1,90
24736,1092,39,2,2,95
24737,1092,39,3,1,89
24738,1092,39,3,2,78
24739,1092,39,4,1,92
24740,1092,39,4,2,66
24741,1092,39,5,1,105
24742,1092,39,5,2,65
24743,1092,39,6,1,112
24744,1092,39,6,2,62
24745,1093,39,1,1,98
24746,1093,39,1,2,73
24747,1093,39,2,1,103
24748,1093,39,2,2,69
24749,1093,39,3,1,92
24750,1093,39,3,2,64
24751,1093,39,4,1,74
24752,1093,39,4,2,50
24753,1093,39,5,1,76
24754,1093,39,5,2,48
24755,1093,39,6,1,63
24756,1093,39,6,2,39
24757,1093,39,1,1,98
24758,1093,39,1,2,73
24759,1093,39,2,1,103
24760,1093,39,2,2,69
24761,1093,39,3,1,92
24762,1093,39,3,2,64
24763,1093,39,4,1,74
24764,1093,39,4,2,50
24765,1093,39,5,1,76
24766,1093,39,5,2,48
24767,1093,39,6,1,63
24768,1093,39,6,2,39
24769,1094,39,1,1,86
24770,1094,39,1,2,62
24771,1094,39,2,1,74
24772,1094,39,2,2,68
24773,1094,39,3,1,76
24774,1094,39,3,2,64
24775,1094,39,4,1,66
24776,1094,39,4,2,49
24777,1094,39,5,1,56
24778,1094,39,5,2,54
24779,1094,39,6,1,59
24780,1094,39,6,2,52
24781,1094,39,1,1,86
24782,1094,39,1,2,62
24783,1094,39,2,1,74
24784,1094,39,2,2,68
24785,1094,39,3,1,76
24786,1094,39,3,2,64
24787,1094,39,4,1,66
24788,1094,39,4,2,49
24789,1094,39,5,1,56
24790,1094,39,5,2,54
24791,1094,39,6,1,59
24792,1094,39,6,2,52
24793,1095,39,1,1,106
24794,1095,39,1,2,80
24795,1095,39,2,1,116
24796,1095,39,2,2,103
24797,1095,39,3,1,118
24798,1095,39,3,2,73
24799,1095,39,4,1,121
24800,1095,39,4,2,63
24801,1095,39,5,1,109
24802,1095,39,5,2,60
24803,1095,39,6,1,114
24804,1095,39,6,2,78
24805,1095,39,1,1,106
24806,1095,39,1,2,80
24807,1095,39,2,1,116
24808,1095,39,2,2,103
24809,1095,39,3,1,118
24810,1095,39,3,2,73
24811,1095,39,4,1,121
24812,1095,39,4,2,63
24813,1095,39,5,1,109
24814,1095,39,5,2,60
24815,1095,39,6,1,114
24816,1095,39,6,2,78
24817,1096,39,1,1,94
24818,1096,39,1,2,128
24819,1096,39,2,1,82
24820,1096,39,2,2,77
24821,1096,39,3,1,70
24822,1096,39,3,2,76
24823,1096,39,4,1,67
24824,1096,39,4,2,81
24825,1096,39,5,1,60
24826,1096,39,5,2,57
24827,1096,39,6,1,49
24828,1096,39,6,2,48
24829,1096,39,1,1,94
24830,1096,39,1,2,128
24831,1096,39,2,1,82
24832,1096,39,2,2,77
24833,1096,39,3,1,70
24834,1096,39,3,2,76
24835,1096,39,4,1,67
24836,1096,39,4,2,81
24837,1096,39,5,1,60
24838,1096,39,5,2,57
24839,1096,39,6,1,49
24840,1096,39,6,2,48
24841,1097,39,1,1,110
24842,1097,39,1,2,80
24843,1097,39,2,1,109
24844,1097,39,2,2,103
24845,1097,39,3,1,119
24846,1097,39,3,2,76
24847,1097,39,4,1,131
24848,1097,39,4,2,67
24849,1097,39,5,1,123
24850,1097,39,5,2,67
24851,1097,39,6,1,117
24852,1097,39,6,2,69
24853,1097,39,1,1,110
24854,1097,39,1,2,80
24855,1097,39,2,1,109
24856,1097,39,2,2,103
24857,1097,39,3,1,119
24858,1097,39,3,2,76
24859,1097,39,4,1,131
24860,1097,39,4,2,67
24861,1097,39,5,1,123
24862,1097,39,5,2,67
24863,1097,39,6,1,117
24864,1097,39,6,2,69
24865,1098,39,1,1,83
24866,1098,39,1,2,55
24867,1098,39,2,1,74
24868,1098,39,2,2,72
24869,1098,39,3,1,75
24870,1098,39,3,2,66
24871,1098,39,4,1,75
24872,1098,39,4,2,53
24873,1098,39,5,1,70
24874,1098,39,5,2,51
24875,1098,39,6,1,67
24876,1098,39,6,2,51
24877,1098,39,1,1,83
24878,1098,39,1,2,55
24879,1098,39,2,1,74
24880,1098,39,2,2,72
24881,1098,39,3,1,75
24882,1098,39,3,2,66
24883,1098,39,4,1,75
24884,1098,39,4,2,53
24885,1098,39,5,1,70
24886,1098,39,5,2,51
24887,1098,39,6,1,67
24888,1098,39,6,2,51
24889,1099,39,1,1,105
24890,1099,39,1,2,96
24891,1099,39,2,1,112
24892,1099,39,2,2,121
24893,1099,39,3,1,119
24894,1099,39,3,2,82
24895,1099,39,4,1,132
24896,1099,39,4,2,74
24897,1099,39,5,1,117
24898,1099,39,5,2,69
24899,1099,39,6,1,110
24900,1099,39,6,2,67
24901,1099,39,1,1,105
24902,1099,39,1,2,96
24903,1099,39,2,1,112
24904,1099,39,2,2,121
24905,1099,39,3,1,119
24906,1099,39,3,2,82
24907,1099,39,4,1,132
24908,1099,39,4,2,74
24909,1099,39,5,1,117
24910,1099,39,5,2,69
24911,1099,39,6,1,110
24912,1099,39,6,2,67
24913,1100,39,1,1,85
24914,1100,39,1,2,84
24915,1100,39,2,1,74
24916,1100,39,2,2,82
24917,1100,39,3,1,72
24918,1100,39,3,2,74
24919,1100,39,4,1,67
24920,1100,39,4,2,62
24921,1100,39,5,1,71
24922,1100,39,5,2,59
24923,1100,39,6,1,74
24924,1100,39,6,2,60
24925,1100,39,1,1,85
24926,1100,39,1,2,84
24927,1100,39,2,1,74
24928,1100,39,2,2,82
24929,1100,39,3,1,72
24930,1100,39,3,2,74
24931,1100,39,4,1,67
24932,1100,39,4,2,62
24933,1100,39,5,1,71
24934,1100,39,5,2,59
24935,1100,39,6,1,74
24936,1100,39,6,2,60
24937,1101,39,1,1,92
24938,1101,39,1,2,54
24939,1101,39,2,1,94
24940,1101,39,2,2,61
24941,1101,39,3,1,83
24942,1101,39,3,2,59
24943,1101,39,4,1,59
24944,1101,39,4,2,39
24945,1101,39,5,1,59
24946,1101,39,5,2,37
24947,1101,39,6,1,52
24948,1101,39,6,2,32
24949,1101,39,1,1,92
24950,1101,39,1,2,54
24951,1101,39,2,1,94
24952,1101,39,2,2,61
24953,1101,39,3,1,83
24954,1101,39,3,2,59
24955,1101,39,4,1,59
24956,1101,39,4,2,39
24957,1101,39,5,1,59
24958,1101,39,5,2,37
24959,1101,39,6,1,52
24960,1101,39,6,2,32
24961,70,40,1,1,120
24962,70,40,1,2,128
24963,70,40,2,1,119
24964,70,40,2,2,121
24965,70,40,3,1,120
24966,70,40,3,2,130
24967,70,40,4,1,119
24968,70,40,4,2,143
24969,70,40,5,1,119
24970,70,40,5,2,147
24971,70,40,6,1,118
24972,70,40,6,2,157
24973,70,40,1,1,116
24974,70,40,1,2,119
24975,70,40,2,1,115
24976,70,40,2,2,114
24977,70,40,3,1,116
24978,70,40,3,2,120
24979,70,40,4,1,114
24980,70,40,4,2,128
24981,70,40,5,1,114
24982,70,40,5,2,130
24983,70,40,6,1,113
24984,70,40,6,2,138
24985,1102,40,1,1,129
24986,1102,40,1,2,93
24987,1102,40,2,1,129
24988,1102,40,2,2,93
24989,1102,40,3,1,121
24990,1102,40,3,2,85
24991,1102,40,4,1,122
24992,1102,40,4,2,81
24993,1102,40,5,1,121
24994,1102,40,5,2,87
24995,1102,40,6,1,118
24996,1102,40,6,2,100
24997,1102,40,1,1,121
24998,1102,40,1,2,92
24999,1102,40,2,1,122
25000,1102,40,2,2,91
25001,1102,40,3,1,116
25002,1102,40,3,2,84
25003,1102,40,4,1,116
25004,1102,40,4,2,78
25005,1102,40,5,1,116
25006,1102,40,5,2,82
25007,1102,40,6,1,113
25008,1102,40,6,2,95
25009,1103,40,1,1,112
25010,1103,40,1,2,91
25011,1103,40,2,1,109
25012,1103,40,2,2,97
25013,1103,40,3,1,108
25014,1103,40,3,2,100
25015,1103,40,4,1,112
25016,1103,40,4,2,115
25017,1103,40,5,1,112
25018,1103,40,5,2,114
25019,1103,40,6,1,112
25020,1103,40,6,2,115
25021,1103,40,1,1,105
25022,1103,40,1,2,92
25023,1103,40,2,1,103
25024,1103,40,2,2,96
25025,1103,40,3,1,102
25026,1103,40,3,2,96
25027,1103,40,4,1,105
25028,1103,40,4,2,108
25029,1103,40,5,1,105
25030,1103,40,5,2,107
25031,1103,40,6,1,105
25032,1103,40,6,2,112
25033,1104,40,1,1,118
25034,1104,40,1,2,105
25035,1104,40,2,1,120
25036,1104,40,2,2,99
25037,1104,40,3,1,119
25038,1104,40,3,2,96
25039,1104,40,4,1,116
25040,1104,40,4,2,94
25041,1104,40,5,1,114
25042,1104,40,5,2,95
25043,1104,40,6,1,110
25044,1104,40,6,2,94
25045,1104,40,1,1,117
25046,1104,40,1,2,99
25047,1104,40,2,1,119
25048,1104,40,2,2,97
25049,1104,40,3,1,117
25050,1104,40,3,2,92
25051,1104,40,4,1,115
25052,1104,40,4,2,88
25053,1104,40,5,1,113
25054,1104,40,5,2,89
25055,1104,40,6,1,109
25056,1104,40,6,2,88
25057,1105,40,1,1,113
25058,1105,40,1,2,91
25059,1105,40,2,1,108
25060,1105,40,2,2,92
25061,1105,40,3,1,105
25062,1105,40,3,2,90
25063,1105,40,4,1,107
25064,1105,40,4,2,80
25065,1105,40,5,1,104
25066,1105,40,5,2,74
25067,1105,40,6,1,105
25068,1105,40,6,2,83
25069,1105,40,1,1,113
25070,1105,40,1,2,91
25071,1105,40,2,1,108
25072,1105,40,2,2,91
25073,1105,40,3,1,105
25074,1105,40,3,2,87
25075,1105,40,4,1,107
25076,1105,40,4,2,77
25077,1105,40,5,1,103
25078,1105,40,5,2,70
25079,1105,40,6,1,104
25080,1105,40,6,2,76
25081,1106,40,1,1,121
25082,1106,40,1,2,108
25083,1106,40,2,1,126
25084,1106,40,2,2,112
25085,1106,40,3,1,124
25086,1106,40,3,2,124
25087,1106,40,4,1,118
25088,1106,40,4,2,124
25089,1106,40,5,1,112
25090,1106,40,5,2,106
25091,1106,40,6,1,103
25092,1106,40,6,2,94
25093,1106,40,1,1,106
25094,1106,40,1,2,97
25095,1106,40,2,1,113
25096,1106,40,2,2,100
25097,1106,40,3,1,116
25098,1106,40,3,2,107
25099,1106,40,4,1,113
25100,1106,40,4,2,105
25101,1106,40,5,1,111
25102,1106,40,5,2,97
25103,1106,40,6,1,105
25104,1106,40,6,2,85
25105,1107,40,1,1,119
25106,1107,40,1,2,100
25107,1107,40,2,1,111
25108,1107,40,2,2,95
25109,1107,40,3,1,106
25110,1107,40,3,2,90
25111,1107,40,4,1,107
25112,1107,40,4,2,80
25113,1107,40,5,1,107
25114,1107,40,5,2,89
25115,1107,40,6,1,109
25116,1107,40,6,2,100
25117,1107,40,1,1,110
25118,1107,40,1,2,96
25119,1107,40,2,1,104
25120,1107,40,2,2,91
25121,1107,40,3,1,99
25122,1107,40,3,2,86
25123,1107,40,4,1,101
25124,1107,40,4,2,79
25125,1107,40,5,1,101
25126,1107,40,5,2,86
25127,1107,40,6,1,103
25128,1107,40,6,2,100
25129,1108,40,1,1,116
25130,1108,40,1,2,112
25131,1108,40,2,1,114
25132,1108,40,2,2,101
25133,1108,40,3,1,115
25134,1108,40,3,2,98
25135,1108,40,4,1,107
25136,1108,40,4,2,88
25137,1108,40,5,1,103
25138,1108,40,5,2,72
25139,1108,40,6,1,99
25140,1108,40,6,2,62
25141,1108,40,1,1,88
25142,1108,40,1,2,96
25143,1108,40,2,1,88
25144,1108,40,2,2,86
25145,1108,40,3,1,91
25146,1108,40,3,2,83
25147,1108,40,4,1,89
25148,1108,40,4,2,76
25149,1108,40,5,1,90
25150,1108,40,5,2,69
25151,1108,40,6,1,93
25152,1108,40,6,2,63
25153,1109,40,1,1,93
25154,1109,40,1,2,88
25155,1109,40,2,1,91
25156,1109,40,2,2,84
25157,1109,40,3,1,91
25158,1109,40,3,2,76
25159,1109,40,4,1,94
25160,1109,40,4,2,78
25161,1109,40,5,1,99
25162,1109,40,5,2,77
25163,1109,40,6,1,103
25164,1109,40,6,2,80
25165,1109,40,1,1,89
25166,1109,40,1,2,87
25167,1109,40,2,1,88
25168,1109,40,2,2,82
25169,1109,40,3,1,89
25170,1109,40,3,2,74
25171,1109,40,4,1,92
25172,1109,40,4,2,75
25173,1109,40,5,1,97
25174,1109,40,5,2,74
25175,1109,40,6,1,101
25176,1109,40,6,2,77
25177,1110,40,1,1,129
25178,1110,40,1,2,99
25179,1110,40,2,1,125
25180,1110,40,2,2,97
25181,1110,40,3,1,120
25182,1110,40,3,2,96
25183,1110,40,4,1,114
25184,1110,40,4,2,81
25185,1110,40,5,1,112
25186,1110,40,5,2,71
25187,1110,40,6,1,109
25188,1110,40,6,2,72
25189,1110,40,1,1,115
25190,1110,40,1,2,109
25191,1110,40,2,1,113
25192,1110,40,2,2,104
25193,1110,40,3,1,113
25194,1110,40,3,2,99
25195,1110,40,4,1,107
25196,1110,40,4,2,84
25197,1110,40,5,1,108
25198,1110,40,5,2,90
25199,1110,40,6,1,105
25200,1110,40,6,2,82
25201,1111,40,1,1,128
25202,1111,40,1,2,98
25203,1111,40,2,1,128
25204,1111,40,2,2,100
25205,1111,40,3,1,129
25206,1111,40,3,2,96
25207,1111,40,4,1,126
25208,1111,40,4,2,82
25209,1111,40,5,1,121
25210,1111,40,5,2,75
25211,1111,40,6,1,117
25212,1111,40,6,2,66
25213,1111,40,1,1,108
25214,1111,40,1,2,95
25215,1111,40,2,1,108
25216,1111,40,2,2,94
25217,1111,40,3,1,111
25218,1111,40,3,2,92
25219,1111,40,4,1,113
25220,1111,40,4,2,83
25221,1111,40,5,1,107
25222,1111,40,5,2,73
25223,1111,40,6,1,108
25224,1111,40,6,2,64
25225,1112,40,1,1,108
25226,1112,40,1,2,91
25227,1112,40,2,1,107
25228,1112,40,2,2,88
25229,1112,40,3,1,111
25230,1112,40,3,2,86
25231,1112,40,4,1,112
25232,1112,40,4,2,78
25233,1112,40,5,1,111
25234,1112,40,5,2,82
25235,1112,40,6,1,108
25236,1112,40,6,2,75
25237,1112,40,1,1,92
25238,1112,40,1,2,86
25239,1112,40,2,1,93
25240,1112,40,2,2,83
25241,1112,40,3,1,95
25242,1112,40,3,2,82
25243,1112,40,4,1,99
25244,1112,40,4,2,76
25245,1112,40,5,1,99
25246,1112,40,5,2,75
25247,1112,40,6,1,99
25248,1112,40,6,2,69
25249,1113,40,1,1,138
25250,1113,40,1,2,95
25251,1113,40,2,1,134
25252,1113,40,2,2,91
25253,1113,40,3,1,129
25254,1113,40,3,2,95
25255,1113,40,4,1,132
25256,1113,40,4,2,123
25257,1113,40,5,1,129
25258,1113,40,5,2,117
25259,1113,40,6,1,120
25260,1113,40,6,2,117
25261,1113,40,1,1,117
25262,1113,40,1,2,92
25263,1113,40,2,1,114
25264,1113,40,2,2,88
25265,1113,40,3,1,109
25266,1113,40,3,2,82
25267,1113,40,4,1,111
25268,1113,40,4,2,86
25269,1113,40,5,1,106
25270,1113,40,5,2,76
25271,1113,40,6,1,102
25272,1113,40,6,2,82
25273,1114,40,1,1,63
25274,1114,40,1,2,136
25275,1114,40,2,1,89
25276,1114,40,2,2,236
25277,1114,40,3,1,98
25278,1114,40,3,2,266
25279,1114,40,4,1,106
25280,1114,40,4,2,296
25281,1114,40,5,1,105
25282,1114,40,5,2,233
25283,1114,40,6,1,108
25284,1114,40,6,2,218
25285,1114,40,1,1,54
25286,1114,40,1,2,99
25287,1114,40,2,1,69
25288,1114,40,2,2,144
25289,1114,40,3,1,75
25290,1114,40,3,2,154
25291,1114,40,4,1,76
25292,1114,40,4,2,163
25293,1114,40,5,1,77
25294,1114,40,5,2,125
25295,1114,40,6,1,80
25296,1114,40,6,2,119
25297,1115,40,1,1,132
25298,1115,40,1,2,105
25299,1115,40,2,1,129
25300,1115,40,2,2,126
25301,1115,40,3,1,127
25302,1115,40,3,2,143
25303,1115,40,4,1,120
25304,1115,40,4,2,154
25305,1115,40,5,1,112
25306,1115,40,5,2,137
25307,1115,40,6,1,103
25308,1115,40,6,2,127
25309,1115,40,1,1,107
25310,1115,40,1,2,94
25311,1115,40,2,1,104
25312,1115,40,2,2,97
25313,1115,40,3,1,106
25314,1115,40,3,2,103
25315,1115,40,4,1,104
25316,1115,40,4,2,112
25317,1115,40,5,1,100
25318,1115,40,5,2,102
25319,1115,40,6,1,95
25320,1115,40,6,2,95
25321,1116,40,1,1,124
25322,1116,40,1,2,102
25323,1116,40,2,1,125
25324,1116,40,2,2,99
25325,1116,40,3,1,128
25326,1116,40,3,2,98
25327,1116,40,4,1,119
25328,1116,40,4,2,84
25329,1116,40,5,1,113
25330,1116,40,5,2,68
25331,1116,40,6,1,108
25332,1116,40,6,2,54
25333,1116,40,1,1,74
25334,1116,40,1,2,77
25335,1116,40,2,1,75
25336,1116,40,2,2,76
25337,1116,40,3,1,78
25338,1116,40,3,2,75
25339,1116,40,4,1,75
25340,1116,40,4,2,67
25341,1116,40,5,1,74
25342,1116,40,5,2,58
25343,1116,40,6,1,78
25344,1116,40,6,2,51
25345,1117,40,1,1,145
25346,1117,40,1,2,100
25347,1117,40,2,1,135
25348,1117,40,2,2,94
25349,1117,40,3,1,121
25350,1117,40,3,2,79
25351,1117,40,4,1,115
25352,1117,40,4,2,66
25353,1117,40,5,1,116
25354,1117,40,5,2,85
25355,1117,40,6,1,111
25356,1117,40,6,2,94
25357,1117,40,1,1,94
25358,1117,40,1,2,85
25359,1117,40,2,1,91
25360,1117,40,2,2,80
25361,1117,40,3,1,89
25362,1117,40,3,2,79
25363,1117,40,4,1,91
25364,1117,40,4,2,65
25365,1117,40,5,1,90
25366,1117,40,5,2,71
25367,1117,40,6,1,88
25368,1117,40,6,2,67
25369,1118,40,1,1,156
25370,1118,40,1,2,100
25371,1118,40,2,1,141
25372,1118,40,2,2,96
25373,1118,40,3,1,138
25374,1118,40,3,2,83
25375,1118,40,4,1,130
25376,1118,40,4,2,69
25377,1118,40,5,1,127
25378,1118,40,5,2,63
25379,1118,40,6,1,119
25380,1118,40,6,2,56
25381,1118,40,1,1,156
25382,1118,40,1,2,100
25383,1118,40,2,1,141
25384,1118,40,2,2,96
25385,1118,40,3,1,138
25386,1118,40,3,2,83
25387,1118,40,4,1,130
25388,1118,40,4,2,69
25389,1118,40,5,1,127
25390,1118,40,5,2,63
25391,1118,40,6,1,119
25392,1118,40,6,2,56
25393,1119,40,1,1,80
25394,1119,40,1,2,84
25395,1119,40,2,1,79
25396,1119,40,2,2,80
25397,1119,40,3,1,73
25398,1119,40,3,2,72
25399,1119,40,4,1,79
25400,1119,40,4,2,60
25401,1119,40,5,1,77
25402,1119,40,5,2,51
25403,1119,40,6,1,75
25404,1119,40,6,2,45
25405,1119,40,1,1,80
25406,1119,40,1,2,84
25407,1119,40,2,1,79
25408,1119,40,2,2,80
25409,1119,40,3,1,73
25410,1119,40,3,2,72
25411,1119,40,4,1,79
25412,1119,40,4,2,60
25413,1119,40,5,1,77
25414,1119,40,5,2,51
25415,1119,40,6,1,75
25416,1119,40,6,2,45
25417,1120,40,1,1,136
25418,1120,40,1,2,98
25419,1120,40,2,1,129
25420,1120,40,2,2,93
25421,1120,40,3,1,127
25422,1120,40,3,2,85
25423,1120,40,4,1,121
25424,1120,40,4,2,103
25425,1120,40,5,1,128
25426,1120,40,5,2,144
25427,1120,40,6,1,127
25428,1120,40,6,2,147
25429,1120,40,1,1,131
25430,1120,40,1,2,95
25431,1120,40,2,1,124
25432,1120,40,2,2,91
25433,1120,40,3,1,124
25434,1120,40,3,2,81
25435,1120,40,4,1,117
25436,1120,40,4,2,82
25437,1120,40,5,1,120
25438,1120,40,5,2,113
25439,1120,40,6,1,119
25440,1120,40,6,2,121
25441,1121,40,1,1,60
25442,1121,40,1,2,85
25443,1121,40,2,1,56
25444,1121,40,2,2,76
25445,1121,40,3,1,56
25446,1121,40,3,2,66
25447,1121,40,4,1,80
25448,1121,40,4,2,112
25449,1121,40,5,1,84
25450,1121,40,5,2,118
25451,1121,40,6,1,89
25452,1121,40,6,2,104
25453,1121,40,1,1,56
25454,1121,40,1,2,81
25455,1121,40,2,1,52
25456,1121,40,2,2,73
25457,1121,40,3,1,57
25458,1121,40,3,2,70
25459,1121,40,4,1,72
25460,1121,40,4,2,91
25461,1121,40,5,1,74
25462,1121,40,5,2,88
25463,1121,40,6,1,77
25464,1121,40,6,2,76
25465,1122,40,1,1,115
25466,1122,40,1,2,102
25467,1122,40,2,1,119
25468,1122,40,2,2,122
25469,1122,40,3,1,117
25470,1122,40,3,2,122
25471,1122,40,4,1,122
25472,1122,40,4,2,127
25473,1122,40,5,1,118
25474,1122,40,5,2,103
25475,1122,40,6,1,111
25476,1122,40,6,2,92
25477,1122,40,1,1,115
25478,1122,40,1,2,102
25479,1122,40,2,1,119
25480,1122,40,2,2,122
25481,1122,40,3,1,117
25482,1122,40,3,2,122
25483,1122,40,4,1,122
25484,1122,40,4,2,127
25485,1122,40,5,1,118
25486,1122,40,5,2,103
25487,1122,40,6,1,111
25488,1122,40,6,2,92
25489,1123,40,1,1,38
25490,1123,40,1,2,95
25491,1123,40,2,1,30
25492,1123,40,2,2,86
25493,1123,40,3,1,68
25494,1123,40,3,2,88
25495,1123,40,4,1,88
25496,1123,40,4,2,124
25497,1123,40,5,1,160
25498,1123,40,5,2,377
25499,1123,40,6,1,164
25500,1123,40,6,2,364
25501,1123,40,1,1,47
25502,1123,40,1,2,80
25503,1123,40,2,1,45
25504,1123,40,2,2,70
25505,1123,40,3,1,54
25506,1123,40,3,2,68
25507,1123,40,4,1,60
25508,1123,40,4,2,68
25509,1123,40,5,1,81
25510,1123,40,5,2,133
25511,1123,40,6,1,98
25512,1123,40,6,2,154
25513,1124,40,1,1,120
25514,1124,40,1,2,90
25515,1124,40,2,1,115
25516,1124,40,2,2,86
25517,1124,40,3,1,110
25518,1124,40,3,2,88
25519,1124,40,4,1,108
25520,1124,40,4,2,65
25521,1124,40,5,1,105
25522,1124,40,5,2,54
25523,1124,40,6,1,98
25524,1124,40,6,2,47
25525,1124,40,1,1,111
25526,1124,40,1,2,87
25527,1124,40,2,1,106
25528,1124,40,2,2,82
25529,1124,40,3,1,102
25530,1124,40,3,2,83
25531,1124,40,4,1,98
25532,1124,40,4,2,62
25533,1124,40,5,1,95
25534,1124,40,5,2,53
25535,1124,40,6,1,90
25536,1124,40,6,2,45
25537,1125,40,1,1,147
25538,1125,40,1,2,114
25539,1125,40,2,1,143
25540,1125,40,2,2,108
25541,1125,40,3,1,135
25542,1125,40,3,2,104
25543,1125,40,4,1,135
25544,1125,40,4,2,111
25545,1125,40,5,1,130
25546,1125,40,5,2,105
25547,1125,40,6,1,121
25548,1125,40,6,2,91
25549,1125,40,1,1,134
25550,1125,40,1,2,98
25551,1125,40,2,1,127
25552,1125,40,2,2,94
25553,1125,40,3,1,121
25554,1125,40,3,2,85
25555,1125,40,4,1,122
25556,1125,40,4,2,81
25557,1125,40,5,1,121
25558,1125,40,5,2,80
25559,1125,40,6,1,115
25560,1125,40,6,2,79
25561,1126,40,1,1,113
25562,1126,40,1,2,255
25563,1126,40,2,1,109
25564,1126,40,2,2,222
25565,1126,40,3,1,107
25566,1126,40,3,2,239
25567,1126,40,4,1,96
25568,1126,40,4,2,179
25569,1126,40,5,1,100
25570,1126,40,5,2,168
25571,1126,40,6,1,92
25572,1126,40,6,2,124
25573,1126,40,1,1,113
25574,1126,40,1,2,255
25575,1126,40,2,1,109
25576,1126,40,2,2,222
25577,1126,40,3,1,107
25578,1126,40,3,2,239
25579,1126,40,4,1,96
25580,1126,40,4,2,179
25581,1126,40,5,1,100
25582,1126,40,5,2,168
25583,1126,40,6,1,92
25584,1126,40,6,2,124
25585,1127,40,1,1,114
25586,1127,40,1,2,96
25587,1127,40,2,1,106
25588,1127,40,2,2,91
25589,1127,40,3,1,106
25590,1127,40,3,2,88
25591,1127,40,4,1,101
25592,1127,40,4,2,74
25593,1127,40,5,1,100
25594,1127,40,5,2,84
25595,1127,40,6,1,103
25596,1127,40,6,2,93
25597,1127,40,1,1,93
25598,1127,40,1,2,93
25599,1127,40,2,1,89
25600,1127,40,2,2,91
25601,1127,40,3,1,90
25602,1127,40,3,2,89
25603,1127,40,4,1,88
25604,1127,40,4,2,92
25605,1127,40,5,1,89
25606,1127,40,5,2,102
25607,1127,40,6,1,90
25608,1127,40,6,2,95
25609,1128,40,1,1,92
25610,1128,40,1,2,84
25611,1128,40,2,1,82
25612,1128,40,2,2,76
25613,1128,40,3,1,86
25614,1128,40,3,2,75
25615,1128,40,4,1,84
25616,1128,40,4,2,64
25617,1128,40,5,1,81
25618,1128,40,5,2,53
25619,1128,40,6,1,79
25620,1128,40,6,2,44
25621,1128,40,1,1,92
25622,1128,40,1,2,84
25623,1128,40,2,1,82
25624,1128,40,2,2,76
25625,1128,40,3,1,86
25626,1128,40,3,2,75
25627,1128,40,4,1,84
25628,1128,40,4,2,64
25629,1128,40,5,1,81
25630,1128,40,5,2,53
25631,1128,40,6,1,79
25632,1128,40,6,2,44
25633,1129,40,1,1,59
25634,1129,40,1,2,79
25635,1129,40,2,1,58
25636,1129,40,2,2,71
25637,1129,40,3,1,55
25638,1129,40,3,2,68
25639,1129,40,4,1,66
25640,1129,40,4,2,118
25641,1129,40,5,1,80
25642,1129,40,5,2,140
25643,1129,40,6,1,89
25644,1129,40,6,2,106
25645,1129,40,1,1,59
25646,1129,40,1,2,79
25647,1129,40,2,1,58
25648,1129,40,2,2,71
25649,1129,40,3,1,55
25650,1129,40,3,2,68
25651,1129,40,4,1,66
25652,1129,40,4,2,118
25653,1129,40,5,1,80
25654,1129,40,5,2,140
25655,1129,40,6,1,89
25656,1129,40,6,2,106
25657,1130,40,1,1,95
25658,1130,40,1,2,82
25659,1130,40,2,1,91
25660,1130,40,2,2,80
25661,1130,40,3,1,95
25662,1130,40,3,2,81
25663,1130,40,4,1,101
25664,1130,40,4,2,99
25665,1130,40,5,1,98
25666,1130,40,5,2,88
25667,1130,40,6,1,104
25668,1130,40,6,2,111
25669,1130,40,1,1,95
25670,1130,40,1,2,82
25671,1130,40,2,1,91
25672,1130,40,2,2,80
25673,1130,40,3,1,95
25674,1130,40,3,2,81
25675,1130,40,4,1,101
25676,1130,40,4,2,99
25677,1130,40,5,1,98
25678,1130,40,5,2,88
25679,1130,40,6,1,104
25680,1130,40,6,2,111
25681,1131,40,1,1,81
25682,1131,40,1,2,86
25683,1131,40,2,1,81
25684,1131,40,2,2,79
25685,1131,40,3,1,78
25686,1131,40,3,2,69
25687,1131,40,4,1,76
25688,1131,40,4,2,56
25689,1131,40,5,1,80
25690,1131,40,5,2,45
25691,1131,40,6,1,83
25692,1131,40,6,2,43
25693,1131,40,1,1,81
25694,1131,40,1,2,86
25695,1131,40,2,1,81
25696,1131,40,2,2,79
25697,1131,40,3,1,78
25698,1131,40,3,2,69
25699,1131,40,4,1,76
25700,1131,40,4,2,56
25701,1131,40,5,1,80
25702,1131,40,5,2,45
25703,1131,40,6,1,83
25704,1131,40,6,2,43
25705,1132,40,1,1,128
25706,1132,40,1,2,85
25707,1132,40,2,1,130
25708,1132,40,2,2,87
25709,1132,40,3,1,129
25710,1132,40,3,2,79
25711,1132,40,4,1,126
25712,1132,40,4,2,84
25713,1132,40,5,1,141
25714,1132,40,5,2,160
25715,1132,40,6,1,138
25716,1132,40,6,2,162
25717,1132,40,1,1,128
25718,1132,40,1,2,85
25719,1132,40,2,1,130
25720,1132,40,2,2,87
25721,1132,40,3,1,129
25722,1132,40,3,2,79
25723,1132,40,4,1,126
25724,1132,40,4,2,84
25725,1132,40,5,1,141
25726,1132,40,5,2,160
25727,1132,40,6,1,138
25728,1132,40,6,2,162
25729,1133,40,1,1,126
25730,1133,40,1,2,90
25731,1133,40,2,1,120
25732,1133,40,2,2,87
25733,1133,40,3,1,130
25734,1133,40,3,2,111
25735,1133,40,4,1,124
25736,1133,40,4,2,116
25737,1133,40,5,1,121
25738,1133,40,5,2,122
25739,1133,40,6,1,117
25740,1133,40,6,2,127
25741,1133,40,1,1,126
25742,1133,40,1,2,90
25743,1133,40,2,1,120
25744,1133,40,2,2,87
25745,1133,40,3,1,130
25746,1133,40,3,2,111
25747,1133,40,4,1,124
25748,1133,40,4,2,116
25749,1133,40,5,1,121
25750,1133,40,5,2,122
25751,1133,40,6,1,117
25752,1133,40,6,2,127
25753,1134,40,1,1,141
25754,1134,40,1,2,96
25755,1134,40,2,1,129
25756,1134,40,2,2,93
25757,1134,40,3,1,122
25758,1134,40,3,2,80
25759,1134,40,4,1,128
25760,1134,40,4,2,68
25761,1134,40,5,1,127
25762,1134,40,5,2,80
25763,1134,40,6,1,135
25764,1134,40,6,2,129
25765,1134,40,1,1,141
25766,1134,40,1,2,96
25767,1134,40,2,1,129
25768,1134,40,2,2,93
25769,1134,40,3,1,122
25770,1134,40,3,2,80
25771,1134,40,4,1,128
25772,1134,40,4,2,68
25773,1134,40,5,1,127
25774,1134,40,5,2,80
25775,1134,40,6,1,135
25776,1134,40,6,2,129
25777,1135,40,1,1,85
25778,1135,40,1,2,79
25779,1135,40,2,1,90
25780,1135,40,2,2,76
25781,1135,40,3,1,89
25782,1135,40,3,2,66
25783,1135,40,4,1,89
25784,1135,40,4,2,54
25785,1135,40,5,1,98
25786,1135,40,5,2,49
25787,1135,40,6,1,100
25788,1135,40,6,2,59
25789,1135,40,1,1,85
25790,1135,40,1,2,79
25791,1135,40,2,1,90
25792,1135,40,2,2,76
25793,1135,40,3,1,89
25794,1135,40,3,2,66
25795,1135,40,4,1,89
25796,1135,40,4,2,54
25797,1135,40,5,1,98
25798,1135,40,5,2,49
25799,1135,40,6,1,100
25800,1135,40,6,2,59
25801,1136,40,1,1,119
25802,1136,40,1,2,87
25803,1136,40,2,1,111
25804,1136,40,2,2,85
25805,1136,40,3,1,101
25806,1136,40,3,2,74
25807,1136,40,4,1,96
25808,1136,40,4,2,68
25809,1136,40,5,1,109
25810,1136,40,5,2,143
25811,1136,40,6,1,115
25812,1136,40,6,2,154
25813,1136,40,1,1,104
25814,1136,40,1,2,82
25815,1136,40,2,1,97
25816,1136,40,2,2,80
25817,1136,40,3,1,89
25818,1136,40,3,2,70
25819,1136,40,4,1,89
25820,1136,40,4,2,63
25821,1136,40,5,1,98
25822,1136,40,5,2,103
25823,1136,40,6,1,105
25824,1136,40,6,2,112
25825,1137,40,1,1,91
25826,1137,40,1,2,79
25827,1137,40,2,1,87
25828,1137,40,2,2,77
25829,1137,40,3,1,83
25830,1137,40,3,2,66
25831,1137,40,4,1,82
25832,1137,40,4,2,58
25833,1137,40,5,1,79
25834,1137,40,5,2,49
25835,1137,40,6,1,80
25836,1137,40,6,2,46
25837,1137,40,1,1,91
25838,1137,40,1,2,79
25839,1137,40,2,1,87
25840,1137,40,2,2,77
25841,1137,40,3,1,83
25842,1137,40,3,2,66
25843,1137,40,4,1,82
25844,1137,40,4,2,58
25845,1137,40,5,1,79
25846,1137,40,5,2,49
25847,1137,40,6,1,80
25848,1137,40,6,2,46
25849,1138,40,1,1,57
25850,1138,40,1,2,83
25851,1138,40,2,1,53
25852,1138,40,2,2,74
25853,1138,40,3,1,69
25854,1138,40,3,2,146
25855,1138,40,4,1,102
25856,1138,40,4,2,257
25857,1138,40,5,1,120
25858,1138,40,5,2,282
25859,1138,40,6,1,114
25860,1138,40,6,2,225
25861,1138,40,1,1,57
25862,1138,40,1,2,83
25863,1138,40,2,1,53
25864,1138,40,2,2,74
25865,1138,40,3,1,69
25866,1138,40,3,2,146
25867,1138,40,4,1,102
25868,1138,40,4,2,257
25869,1138,40,5,1,120
25870,1138,40,5,2,282
25871,1138,40,6,1,114
25872,1138,40,6,2,225
25873,920,40,1,1,54
25874,920,40,1,2,75
25875,920,40,2,1,50
25876,920,40,2,2,66
25877,920,40,3,1,47
25878,920,40,3,2,58
25879,920,40,4,1,45
25880,920,40,4,2,47
25881,920,40,5,1,74
25882,920,40,5,2,93
25883,920,40,6,1,111
25884,920,40,6,2,152
25885,920,40,1,1,52
25886,920,40,1,2,70
25887,920,40,2,1,50
25888,920,40,2,2,64
25889,920,40,3,1,47
25890,920,40,3,2,58
25891,920,40,4,1,51
25892,920,40,4,2,71
25893,920,40,5,1,71
25894,920,40,5,2,93
25895,920,40,6,1,95
25896,920,40,6,2,125
25897,1139,40,1,1,129
25898,1139,40,1,2,98
25899,1139,40,2,1,131
25900,1139,40,2,2,96
25901,1139,40,3,1,121
25902,1139,40,3,2,84
25903,1139,40,4,1,121
25904,1139,40,4,2,71
25905,1139,40,5,1,122
25906,1139,40,5,2,81
25907,1139,40,6,1,105
25908,1139,40,6,2,65
25909,1139,40,1,1,129
25910,1139,40,1,2,98
25911,1139,40,2,1,131
25912,1139,40,2,2,96
25913,1139,40,3,1,121
25914,1139,40,3,2,84
25915,1139,40,4,1,121
25916,1139,40,4,2,71
25917,1139,40,5,1,122
25918,1139,40,5,2,81
25919,1139,40,6,1,105
25920,1139,40,6,2,65
25921,1140,40,1,1,122
25922,1140,40,1,2,92
25923,1140,40,2,1,117
25924,1140,40,2,2,88
25925,1140,40,3,1,113
25926,1140,40,3,2,78
25927,1140,40,4,1,113
25928,1140,40,4,2,64
25929,1140,40,5,1,108
25930,1140,40,5,2,59
25931,1140,40,6,1,110
25932,1140,40,6,2,70
25933,1140,40,1,1,122
25934,1140,40,1,2,92
25935,1140,40,2,1,117
25936,1140,40,2,2,88
25937,1140,40,3,1,113
25938,1140,40,3,2,78
25939,1140,40,4,1,113
25940,1140,40,4,2,64
25941,1140,40,5,1,108
25942,1140,40,5,2,59
25943,1140,40,6,1,110
25944,1140,40,6,2,70
25945,1141,40,1,1,94
25946,1141,40,1,2,86
25947,1141,40,2,1,94
25948,1141,40,2,2,83
25949,1141,40,3,1,96
25950,1141,40,3,2,79
25951,1141,40,4,1,96
25952,1141,40,4,2,81
25953,1141,40,5,1,103
25954,1141,40,5,2,97
25955,1141,40,6,1,109
25956,1141,40,6,2,100
25957,1141,40,1,1,94
25958,1141,40,1,2,86
25959,1141,40,2,1,94
25960,1141,40,2,2,83
25961,1141,40,3,1,96
25962,1141,40,3,2,79
25963,1141,40,4,1,96
25964,1141,40,4,2,81
25965,1141,40,5,1,103
25966,1141,40,5,2,97
25967,1141,40,6,1,109
25968,1141,40,6,2,100
25969,1142,40,1,1,96
25970,1142,40,1,2,88
25971,1142,40,2,1,97
25972,1142,40,2,2,83
25973,1142,40,3,1,98
25974,1142,40,3,2,76
25975,1142,40,4,1,108
25976,1142,40,4,2,97
25977,1142,40,5,1,116
25978,1142,40,5,2,127
25979,1142,40,6,1,114
25980,1142,40,6,2,122
25981,1142,40,1,1,96
25982,1142,40,1,2,88
25983,1142,40,2,1,97
25984,1142,40,2,2,83
25985,1142,40,3,1,98
25986,1142,40,3,2,76
25987,1142,40,4,1,108
25988,1142,40,4,2,97
25989,1142,40,5,1,116
25990,1142,40,5,2,127
25991,1142,40,6,1,114
25992,1142,40,6,2,122
25993,1143,40,1,1,140
25994,1143,40,1,2,96
25995,1143,40,2,1,130
25996,1143,40,2,2,94
25997,1143,40,3,1,127
25998,1143,40,3,2,88
25999,1143,40,4,1,122
26000,1143,40,4,2,77
26001,1143,40,5,1,122
26002,1143,40,5,2,83
26003,1143,40,6,1,115
26004,1143,40,6,2,82
26005,1143,40,1,1,140
26006,1143,40,1,2,96
26007,1143,40,2,1,130
26008,1143,40,2,2,94
26009,1143,40,3,1,127
26010,1143,40,3,2,88
26011,1143,40,4,1,122
26012,1143,40,4,2,77
26013,1143,40,5,1,122
26014,1143,40,5,2,83
26015,1143,40,6,1,115
26016,1143,40,6,2,82
26017,1144,40,1,1,134
26018,1144,40,1,2,101
26019,1144,40,2,1,125
26020,1144,40,2,2,94
26021,1144,40,3,1,123
26022,1144,40,3,2,83
26023,1144,40,4,1,113
26024,1144,40,4,2,72
26025,1144,40,5,1,107
26026,1144,40,5,2,64
26027,1144,40,6,1,97
26028,1144,40,6,2,66
26029,1144,40,1,1,121
26030,1144,40,1,2,95
26031,1144,40,2,1,114
26032,1144,40,2,2,89
26033,1144,40,3,1,112
26034,1144,40,3,2,80
26035,1144,40,4,1,105
26036,1144,40,4,2,74
26037,1144,40,5,1,101
26038,1144,40,5,2,66
26039,1144,40,6,1,98
26040,1144,40,6,2,75
26041,1145,40,1,1,141
26042,1145,40,1,2,93
26043,1145,40,2,1,131
26044,1145,40,2,2,91
26045,1145,40,3,1,123
26046,1145,40,3,2,79
26047,1145,40,4,1,116
26048,1145,40,4,2,67
26049,1145,40,5,1,118
26050,1145,40,5,2,66
26051,1145,40,6,1,113
26052,1145,40,6,2,63
26053,1145,40,1,1,106
26054,1145,40,1,2,80
26055,1145,40,2,1,101
26056,1145,40,2,2,80
26057,1145,40,3,1,97
26058,1145,40,3,2,74
26059,1145,40,4,1,89
26060,1145,40,4,2,60
26061,1145,40,5,1,90
26062,1145,40,5,2,56
26063,1145,40,6,1,88
26064,1145,40,6,2,52
26065,1146,40,1,1,112
26066,1146,40,1,2,97
26067,1146,40,2,1,110
26068,1146,40,2,2,91
26069,1146,40,3,1,107
26070,1146,40,3,2,82
26071,1146,40,4,1,105
26072,1146,40,4,2,70
26073,1146,40,5,1,101
26074,1146,40,5,2,67
26075,1146,40,6,1,103
26076,1146,40,6,2,86
26077,1146,40,1,1,108
26078,1146,40,1,2,92
26079,1146,40,2,1,106
26080,1146,40,2,2,87
26081,1146,40,3,1,104
26082,1146,40,3,2,77
26083,1146,40,4,1,100
26084,1146,40,4,2,66
26085,1146,40,5,1,103
26086,1146,40,5,2,79
26087,1146,40,6,1,104
26088,1146,40,6,2,85
26089,1147,40,1,1,131
26090,1147,40,1,2,92
26091,1147,40,2,1,126
26092,1147,40,2,2,90
26093,1147,40,3,1,127
26094,1147,40,3,2,89
26095,1147,40,4,1,130
26096,1147,40,4,2,101
26097,1147,40,5,1,129
26098,1147,40,5,2,100
26099,1147,40,6,1,120
26100,1147,40,6,2,90
26101,1147,40,1,1,101
26102,1147,40,1,2,86
26103,1147,40,2,1,100
26104,1147,40,2,2,83
26105,1147,40,3,1,103
26106,1147,40,3,2,79
26107,1147,40,4,1,108
26108,1147,40,4,2,82
26109,1147,40,5,1,106
26110,1147,40,5,2,77
26111,1147,40,6,1,107
26112,1147,40,6,2,84
26113,1148,40,1,1,122
26114,1148,40,1,2,99
26115,1148,40,2,1,120
26116,1148,40,2,2,118
26117,1148,40,3,1,132
26118,1148,40,3,2,191
26119,1148,40,4,1,130
26120,1148,40,4,2,232
26121,1148,40,5,1,128
26122,1148,40,5,2,216
26123,1148,40,6,1,124
26124,1148,40,6,2,170
26125,1148,40,1,1,105
26126,1148,40,1,2,91
26127,1148,40,2,1,103
26128,1148,40,2,2,99
26129,1148,40,3,1,111
26130,1148,40,3,2,140
26131,1148,40,4,1,107
26132,1148,40,4,2,159
26133,1148,40,5,1,105
26134,1148,40,5,2,147
26135,1148,40,6,1,104
26136,1148,40,6,2,123
26137,1149,40,1,1,98
26138,1149,40,1,2,238
26139,1149,40,2,1,143
26140,1149,40,2,2,405
26141,1149,40,3,1,138
26142,1149,40,3,2,379
26143,1149,40,4,1,127
26144,1149,40,4,2,325
26145,1149,40,5,1,121
26146,1149,40,5,2,249
26147,1149,40,6,1,119
26148,1149,40,6,2,196
26149,1149,40,1,1,98
26150,1149,40,1,2,238
26151,1149,40,2,1,143
26152,1149,40,2,2,405
26153,1149,40,3,1,138
26154,1149,40,3,2,379
26155,1149,40,4,1,127
26156,1149,40,4,2,325
26157,1149,40,5,1,121
26158,1149,40,5,2,249
26159,1149,40,6,1,119
26160,1149,40,6,2,196
26161,1150,40,1,1,124
26162,1150,40,1,2,91
26163,1150,40,2,1,126
26164,1150,40,2,2,127
26165,1150,40,3,1,131
26166,1150,40,3,2,146
26167,1150,40,4,1,137
26168,1150,40,4,2,187
26169,1150,40,5,1,133
26170,1150,40,5,2,158
26171,1150,40,6,1,124
26172,1150,40,6,2,139
26173,1150,40,1,1,100
26174,1150,40,1,2,115
26175,1150,40,2,1,102
26176,1150,40,2,2,128
26177,1150,40,3,1,108
26178,1150,40,3,2,144
26179,1150,40,4,1,113
26180,1150,40,4,2,162
26181,1150,40,5,1,112
26182,1150,40,5,2,152
26183,1150,40,6,1,109
26184,1150,40,6,2,140
26185,1151,40,1,1,113
26186,1151,40,1,2,90
26187,1151,40,2,1,106
26188,1151,40,2,2,91
26189,1151,40,3,1,104
26190,1151,40,3,2,95
26191,1151,40,4,1,109
26192,1151,40,4,2,84
26193,1151,40,5,1,105
26194,1151,40,5,2,68
26195,1151,40,6,1,102
26196,1151,40,6,2,60
26197,1151,40,1,1,113
26198,1151,40,1,2,90
26199,1151,40,2,1,106
26200,1151,40,2,2,91
26201,1151,40,3,1,104
26202,1151,40,3,2,95
26203,1151,40,4,1,109
26204,1151,40,4,2,84
26205,1151,40,5,1,105
26206,1151,40,5,2,68
26207,1151,40,6,1,102
26208,1151,40,6,2,60
26209,1152,40,1,1,141
26210,1152,40,1,2,93
26211,1152,40,2,1,134
26212,1152,40,2,2,93
26213,1152,40,3,1,128
26214,1152,40,3,2,84
26215,1152,40,4,1,121
26216,1152,40,4,2,69
26217,1152,40,5,1,121
26218,1152,40,5,2,80
26219,1152,40,6,1,118
26220,1152,40,6,2,92
26221,1152,40,1,1,141
26222,1152,40,1,2,93
26223,1152,40,2,1,134
26224,1152,40,2,2,93
26225,1152,40,3,1,128
26226,1152,40,3,2,84
26227,1152,40,4,1,121
26228,1152,40,4,2,69
26229,1152,40,5,1,121
26230,1152,40,5,2,80
26231,1152,40,6,1,118
26232,1152,40,6,2,92
26233,1153,40,1,1,139
26234,1153,40,1,2,330
26235,1153,40,2,1,137
26236,1153,40,2,2,333
26237,1153,40,3,1,115
26238,1153,40,3,2,260
26239,1153,40,4,1,106
26240,1153,40,4,2,181
26241,1153,40,5,1,111
26242,1153,40,5,2,173
26243,1153,40,6,1,97
26244,1153,40,6,2,123
26245,1153,40,1,1,139
26246,1153,40,1,2,330
26247,1153,40,2,1,137
26248,1153,40,2,2,333
26249,1153,40,3,1,115
26250,1153,40,3,2,260
26251,1153,40,4,1,106
26252,1153,40,4,2,181
26253,1153,40,5,1,111
26254,1153,40,5,2,173
26255,1153,40,6,1,97
26256,1153,40,6,2,123
26257,1154,40,1,1,117
26258,1154,40,1,2,91
26259,1154,40,2,1,118
26260,1154,40,2,2,92
26261,1154,40,3,1,128
26262,1154,40,3,2,94
26263,1154,40,4,1,134
26264,1154,40,4,2,111
26265,1154,40,5,1,131
26266,1154,40,5,2,127
26267,1154,40,6,1,124
26268,1154,40,6,2,113
26269,1154,40,1,1,117
26270,1154,40,1,2,91
26271,1154,40,2,1,118
26272,1154,40,2,2,92
26273,1154,40,3,1,128
26274,1154,40,3,2,94
26275,1154,40,4,1,134
26276,1154,40,4,2,111
26277,1154,40,5,1,131
26278,1154,40,5,2,127
26279,1154,40,6,1,124
26280,1154,40,6,2,113
26281,1155,40,1,1,122
26282,1155,40,1,2,96
26283,1155,40,2,1,119
26284,1155,40,2,2,116
26285,1155,40,3,1,122
26286,1155,40,3,2,122
26287,1155,40,4,1,109
26288,1155,40,4,2,113
26289,1155,40,5,1,111
26290,1155,40,5,2,120
26291,1155,40,6,1,110
26292,1155,40,6,2,123
26293,1155,40,1,1,104
26294,1155,40,1,2,88
26295,1155,40,2,1,100
26296,1155,40,2,2,99
26297,1155,40,3,1,105
26298,1155,40,3,2,104
26299,1155,40,4,1,94
26300,1155,40,4,2,98
26301,1155,40,5,1,95
26302,1155,40,5,2,105
26303,1155,40,6,1,99
26304,1155,40,6,2,110
26305,1156,40,1,1,73
26306,1156,40,1,2,83
26307,1156,40,2,1,72
26308,1156,40,2,2,80
26309,1156,40,3,1,82
26310,1156,40,3,2,128
26311,1156,40,4,1,91
26312,1156,40,4,2,148
26313,1156,40,5,1,96
26314,1156,40,5,2,158
26315,1156,40,6,1,95
26316,1156,40,6,2,136
26317,1156,40,1,1,73
26318,1156,40,1,2,83
26319,1156,40,2,1,72
26320,1156,40,2,2,80
26321,1156,40,3,1,82
26322,1156,40,3,2,128
26323,1156,40,4,1,91
26324,1156,40,4,2,148
26325,1156,40,5,1,96
26326,1156,40,5,2,158
26327,1156,40,6,1,95
26328,1156,40,6,2,136
26329,1157,40,1,1,126
26330,1157,40,1,2,93
26331,1157,40,2,1,120
26332,1157,40,2,2,92
26333,1157,40,3,1,111
26334,1157,40,3,2,84
26335,1157,40,4,1,110
26336,1157,40,4,2,69
26337,1157,40,5,1,103
26338,1157,40,5,2,58
26339,1157,40,6,1,94
26340,1157,40,6,2,48
26341,1157,40,1,1,126
26342,1157,40,1,2,93
26343,1157,40,2,1,120
26344,1157,40,2,2,92
26345,1157,40,3,1,111
26346,1157,40,3,2,84
26347,1157,40,4,1,110
26348,1157,40,4,2,69
26349,1157,40,5,1,103
26350,1157,40,5,2,58
26351,1157,40,6,1,94
26352,1157,40,6,2,48
26353,1158,40,1,1,148
26354,1158,40,1,2,92
26355,1158,40,2,1,139
26356,1158,40,2,2,92
26357,1158,40,3,1,133
26358,1158,40,3,2,80
26359,1158,40,4,1,124
26360,1158,40,4,2,63
26361,1158,40,5,1,123
26362,1158,40,5,2,68
26363,1158,40,6,1,118
26364,1158,40,6,2,83
26365,1158,40,1,1,148
26366,1158,40,1,2,92
26367,1158,40,2,1,139
26368,1158,40,2,2,92
26369,1158,40,3,1,133
26370,1158,40,3,2,80
26371,1158,40,4,1,124
26372,1158,40,4,2,63
26373,1158,40,5,1,123
26374,1158,40,5,2,68
26375,1158,40,6,1,118
26376,1158,40,6,2,83
26377,85,40,1,1,133
26378,85,40,1,2,220
26379,85,40,2,1,132
26380,85,40,2,2,259
26381,85,40,3,1,132
26382,85,40,3,2,245
26383,85,40,4,1,136
26384,85,40,4,2,284
26385,85,40,5,1,130
26386,85,40,5,2,230
26387,85,40,6,1,124
26388,85,40,6,2,184
26389,85,40,1,1,133
26390,85,40,1,2,220
26391,85,40,2,1,132
26392,85,40,2,2,259
26393,85,40,3,1,132
26394,85,40,3,2,245
26395,85,40,4,1,136
26396,85,40,4,2,284
26397,85,40,5,1,130
26398,85,40,5,2,230
26399,85,40,6,1,124
26400,85,40,6,2,184
26401,1159,40,1,1,97
26402,1159,40,1,2,86
26403,1159,40,2,1,102
26404,1159,40,2,2,133
26405,1159,40,3,1,104
26406,1159,40,3,2,145
26407,1159,40,4,1,98
26408,1159,40,4,2,111
26409,1159,40,5,1,93
26410,1159,40,5,2,100
26411,1159,40,6,1,89
26412,1159,40,6,2,83
26413,1159,40,1,1,79
26414,1159,40,1,2,81
26415,1159,40,2,1,82
26416,1159,40,2,2,109
26417,1159,40,3,1,87
26418,1159,40,3,2,136
26419,1159,40,4,1,80
26420,1159,40,4,2,104
26421,1159,40,5,1,83
26422,1159,40,5,2,109
26423,1159,40,6,1,83
26424,1159,40,6,2,93
26425,1160,40,1,1,102
26426,1160,40,1,2,101
26427,1160,40,2,1,101
26428,1160,40,2,2,98
26429,1160,40,3,1,106
26430,1160,40,3,2,91
26431,1160,40,4,1,101
26432,1160,40,4,2,78
26433,1160,40,5,1,97
26434,1160,40,5,2,68
26435,1160,40,6,1,98
26436,1160,40,6,2,70
26437,1160,40,1,1,102
26438,1160,40,1,2,101
26439,1160,40,2,1,101
26440,1160,40,2,2,98
26441,1160,40,3,1,106
26442,1160,40,3,2,91
26443,1160,40,4,1,101
26444,1160,40,4,2,78
26445,1160,40,5,1,97
26446,1160,40,5,2,68
26447,1160,40,6,1,98
26448,1160,40,6,2,70
26449,1161,40,1,1,113
26450,1161,40,1,2,93
26451,1161,40,2,1,111
26452,1161,40,2,2,94
26453,1161,40,3,1,109
26454,1161,40,3,2,86
26455,1161,40,4,1,107
26456,1161,40,4,2,72
26457,1161,40,5,1,102
26458,1161,40,5,2,63
26459,1161,40,6,1,98
26460,1161,40,6,2,54
26461,1161,40,1,1,113
26462,1161,40,1,2,93
26463,1161,40,2,1,111
26464,1161,40,2,2,94
26465,1161,40,3,1,109
26466,1161,40,3,2,86
26467,1161,40,4,1,107
26468,1161,40,4,2,72
26469,1161,40,5,1,102
26470,1161,40,5,2,63
26471,1161,40,6,1,98
26472,1161,40,6,2,54
26473,1162,40,1,1,133
26474,1162,40,1,2,95
26475,1162,40,2,1,132
26476,1162,40,2,2,94
26477,1162,40,3,1,125
26478,1162,40,3,2,85
26479,1162,40,4,1,126
26480,1162,40,4,2,104
26481,1162,40,5,1,123
26482,1162,40,5,2,126
26483,1162,40,6,1,115
26484,1162,40,6,2,110
26485,1162,40,1,1,93
26486,1162,40,1,2,80
26487,1162,40,2,1,95
26488,1162,40,2,2,78
26489,1162,40,3,1,99
26490,1162,40,3,2,73
26491,1162,40,4,1,95
26492,1162,40,4,2,76
26493,1162,40,5,1,91
26494,1162,40,5,2,81
26495,1162,40,6,1,86
26496,1162,40,6,2,69
26497,1163,40,1,1,127
26498,1163,40,1,2,92
26499,1163,40,2,1,127
26500,1163,40,2,2,94
26501,1163,40,3,1,125
26502,1163,40,3,2,89
26503,1163,40,4,1,121
26504,1163,40,4,2,78
26505,1163,40,5,1,123
26506,1163,40,5,2,89
26507,1163,40,6,1,114
26508,1163,40,6,2,78
26509,1163,40,1,1,127
26510,1163,40,1,2,92
26511,1163,40,2,1,127
26512,1163,40,2,2,94
26513,1163,40,3,1,125
26514,1163,40,3,2,89
26515,1163,40,4,1,121
26516,1163,40,4,2,78
26517,1163,40,5,1,123
26518,1163,40,5,2,89
26519,1163,40,6,1,114
26520,1163,40,6,2,78
26521,1164,40,1,1,129
26522,1164,40,1,2,121
26523,1164,40,2,1,124
26524,1164,40,2,2,111
26525,1164,40,3,1,119
26526,1164,40,3,2,105
26527,1164,40,4,1,118
26528,1164,40,4,2,139
26529,1164,40,5,1,119
26530,1164,40,5,2,145
26531,1164,40,6,1,119
26532,1164,40,6,2,148
26533,1164,40,1,1,116
26534,1164,40,1,2,102
26535,1164,40,2,1,114
26536,1164,40,2,2,103
26537,1164,40,3,1,115
26538,1164,40,3,2,115
26539,1164,40,4,1,112
26540,1164,40,4,2,128
26541,1164,40,5,1,111
26542,1164,40,5,2,121
26543,1164,40,6,1,113
26544,1164,40,6,2,135
26545,1165,40,1,1,124
26546,1165,40,1,2,92
26547,1165,40,2,1,119
26548,1165,40,2,2,90
26549,1165,40,3,1,107
26550,1165,40,3,2,76
26551,1165,40,4,1,98
26552,1165,40,4,2,59
26553,1165,40,5,1,96
26554,1165,40,5,2,57
26555,1165,40,6,1,98
26556,1165,40,6,2,55
26557,1165,40,1,1,90
26558,1165,40,1,2,96
26559,1165,40,2,1,87
26560,1165,40,2,2,89
26561,1165,40,3,1,85
26562,1165,40,3,2,95
26563,1165,40,4,1,85
26564,1165,40,4,2,76
26565,1165,40,5,1,83
26566,1165,40,5,2,60
26567,1165,40,6,1,88
26568,1165,40,6,2,54
26569,1166,40,1,1,96
26570,1166,40,1,2,87
26571,1166,40,2,1,98
26572,1166,40,2,2,95
26573,1166,40,3,1,100
26574,1166,40,3,2,94
26575,1166,40,4,1,98
26576,1166,40,4,2,84
26577,1166,40,5,1,101
26578,1166,40,5,2,99
26579,1166,40,6,1,102
26580,1166,40,6,2,110
26581,1166,40,1,1,96
26582,1166,40,1,2,87
26583,1166,40,2,1,98
26584,1166,40,2,2,95
26585,1166,40,3,1,100
26586,1166,40,3,2,94
26587,1166,40,4,1,98
26588,1166,40,4,2,84
26589,1166,40,5,1,101
26590,1166,40,5,2,99
26591,1166,40,6,1,102
26592,1166,40,6,2,110
26593,1167,40,1,1,113
26594,1167,40,1,2,88
26595,1167,40,2,1,111
26596,1167,40,2,2,86
26597,1167,40,3,1,109
26598,1167,40,3,2,87
26599,1167,40,4,1,109
26600,1167,40,4,2,98
26601,1167,40,5,1,108
26602,1167,40,5,2,93
26603,1167,40,6,1,103
26604,1167,40,6,2,86
26605,1167,40,1,1,113
26606,1167,40,1,2,88
26607,1167,40,2,1,111
26608,1167,40,2,2,86
26609,1167,40,3,1,109
26610,1167,40,3,2,87
26611,1167,40,4,1,109
26612,1167,40,4,2,98
26613,1167,40,5,1,108
26614,1167,40,5,2,93
26615,1167,40,6,1,103
26616,1167,40,6,2,86
26617,1168,40,1,1,110
26618,1168,40,1,2,90
26619,1168,40,2,1,105
26620,1168,40,2,2,89
26621,1168,40,3,1,98
26622,1168,40,3,2,89
26623,1168,40,4,1,95
26624,1168,40,4,2,68
26625,1168,40,5,1,105
26626,1168,40,5,2,132
26627,1168,40,6,1,117
26628,1168,40,6,2,175
26629,1168,40,1,1,96
26630,1168,40,1,2,94
26631,1168,40,2,1,96
26632,1168,40,2,2,101
26633,1168,40,3,1,90
26634,1168,40,3,2,100
26635,1168,40,4,1,90
26636,1168,40,4,2,81
26637,1168,40,5,1,95
26638,1168,40,5,2,118
26639,1168,40,6,1,107
26640,1168,40,6,2,151
26641,1169,40,1,1,113
26642,1169,40,1,2,93
26643,1169,40,2,1,111
26644,1169,40,2,2,89
26645,1169,40,3,1,111
26646,1169,40,3,2,96
26647,1169,40,4,1,106
26648,1169,40,4,2,79
26649,1169,40,5,1,109
26650,1169,40,5,2,80
26651,1169,40,6,1,109
26652,1169,40,6,2,78
26653,1169,40,1,1,100
26654,1169,40,1,2,92
26655,1169,40,2,1,99
26656,1169,40,2,2,86
26657,1169,40,3,1,100
26658,1169,40,3,2,88
26659,1169,40,4,1,96
26660,1169,40,4,2,72
26661,1169,40,5,1,96
26662,1169,40,5,2,67
26663,1169,40,6,1,101
26664,1169,40,6,2,65
26665,1170,40,1,1,138
26666,1170,40,1,2,89
26667,1170,40,2,1,137
26668,1170,40,2,2,93
26669,1170,40,3,1,132
26670,1170,40,3,2,84
26671,1170,40,4,1,137
26672,1170,40,4,2,107
26673,1170,40,5,1,142
26674,1170,40,5,2,158
26675,1170,40,6,1,137
26676,1170,40,6,2,151
26677,1170,40,1,1,137
26678,1170,40,1,2,88
26679,1170,40,2,1,137
26680,1170,40,2,2,92
26681,1170,40,3,1,131
26682,1170,40,3,2,82
26683,1170,40,4,1,134
26684,1170,40,4,2,98
26685,1170,40,5,1,137
26686,1170,40,5,2,139
26687,1170,40,6,1,132
26688,1170,40,6,2,132
26689,1171,40,1,1,133
26690,1171,40,1,2,126
26691,1171,40,2,1,121
26692,1171,40,2,2,98
26693,1171,40,3,1,119
26694,1171,40,3,2,88
26695,1171,40,4,1,112
26696,1171,40,4,2,72
26697,1171,40,5,1,115
26698,1171,40,5,2,109
26699,1171,40,6,1,114
26700,1171,40,6,2,139
26701,1171,40,1,1,100
26702,1171,40,1,2,136
26703,1171,40,2,1,100
26704,1171,40,2,2,133
26705,1171,40,3,1,101
26706,1171,40,3,2,129
26707,1171,40,4,1,98
26708,1171,40,4,2,112
26709,1171,40,5,1,101
26710,1171,40,5,2,126
26711,1171,40,6,1,100
26712,1171,40,6,2,129
26713,1172,40,1,1,98
26714,1172,40,1,2,78
26715,1172,40,2,1,99
26716,1172,40,2,2,79
26717,1172,40,3,1,102
26718,1172,40,3,2,77
26719,1172,40,4,1,101
26720,1172,40,4,2,70
26721,1172,40,5,1,102
26722,1172,40,5,2,59
26723,1172,40,6,1,96
26724,1172,40,6,2,48
26725,1172,40,1,1,98
26726,1172,40,1,2,78
26727,1172,40,2,1,99
26728,1172,40,2,2,79
26729,1172,40,3,1,102
26730,1172,40,3,2,77
26731,1172,40,4,1,101
26732,1172,40,4,2,70
26733,1172,40,5,1,102
26734,1172,40,5,2,59
26735,1172,40,6,1,96
26736,1172,40,6,2,48
26737,1173,40,1,1,115
26738,1173,40,1,2,107
26739,1173,40,2,1,107
26740,1173,40,2,2,102
26741,1173,40,3,1,98
26742,1173,40,3,2,92
26743,1173,40,4,1,99
26744,1173,40,4,2,80
26745,1173,40,5,1,96
26746,1173,40,5,2,74
26747,1173,40,6,1,95
26748,1173,40,6,2,68
26749,1173,40,1,1,110
26750,1173,40,1,2,97
26751,1173,40,2,1,103
26752,1173,40,2,2,93
26753,1173,40,3,1,96
26754,1173,40,3,2,84
26755,1173,40,4,1,98
26756,1173,40,4,2,76
26757,1173,40,5,1,100
26758,1173,40,5,2,84
26759,1173,40,6,1,99
26760,1173,40,6,2,78
26761,1174,40,1,1,126
26762,1174,40,1,2,92
26763,1174,40,2,1,119
26764,1174,40,2,2,89
26765,1174,40,3,1,110
26766,1174,40,3,2,77
26767,1174,40,4,1,109
26768,1174,40,4,2,68
26769,1174,40,5,1,106
26770,1174,40,5,2,68
26771,1174,40,6,1,102
26772,1174,40,6,2,62
26773,1174,40,1,1,83
26774,1174,40,1,2,80
26775,1174,40,2,1,84
26776,1174,40,2,2,83
26777,1174,40,3,1,81
26778,1174,40,3,2,81
26779,1174,40,4,1,84
26780,1174,40,4,2,78
26781,1174,40,5,1,81
26782,1174,40,5,2,72
26783,1174,40,6,1,81
26784,1174,40,6,2,68
26785,1175,40,1,1,132
26786,1175,40,1,2,100
26787,1175,40,2,1,127
26788,1175,40,2,2,95
26789,1175,40,3,1,131
26790,1175,40,3,2,94
26791,1175,40,4,1,132
26792,1175,40,4,2,118
26793,1175,40,5,1,131
26794,1175,40,5,2,112
26795,1175,40,6,1,127
26796,1175,40,6,2,121
26797,1175,40,1,1,132
26798,1175,40,1,2,100
26799,1175,40,2,1,127
26800,1175,40,2,2,95
26801,1175,40,3,1,131
26802,1175,40,3,2,94
26803,1175,40,4,1,132
26804,1175,40,4,2,118
26805,1175,40,5,1,131
26806,1175,40,5,2,112
26807,1175,40,6,1,127
26808,1175,40,6,2,121
26809,1176,40,1,1,74
26810,1176,40,1,2,82
26811,1176,40,2,1,74
26812,1176,40,2,2,82
26813,1176,40,3,1,75
26814,1176,40,3,2,80
26815,1176,40,4,1,81
26816,1176,40,4,2,76
26817,1176,40,5,1,79
26818,1176,40,5,2,71
26819,1176,40,6,1,83
26820,1176,40,6,2,61
26821,1176,40,1,1,71
26822,1176,40,1,2,82
26823,1176,40,2,1,70
26824,1176,40,2,2,81
26825,1176,40,3,1,76
26826,1176,40,3,2,83
26827,1176,40,4,1,81
26828,1176,40,4,2,77
26829,1176,40,5,1,79
26830,1176,40,5,2,69
26831,1176,40,6,1,83
26832,1176,40,6,2,58
26833,1177,40,1,1,123
26834,1177,40,1,2,90
26835,1177,40,2,1,113
26836,1177,40,2,2,87
26837,1177,40,3,1,110
26838,1177,40,3,2,91
26839,1177,40,4,1,113
26840,1177,40,4,2,111
26841,1177,40,5,1,120
26842,1177,40,5,2,126
26843,1177,40,6,1,113
26844,1177,40,6,2,112
26845,1177,40,1,1,83
26846,1177,40,1,2,80
26847,1177,40,2,1,83
26848,1177,40,2,2,79
26849,1177,40,3,1,84
26850,1177,40,3,2,78
26851,1177,40,4,1,82
26852,1177,40,4,2,79
26853,1177,40,5,1,85
26854,1177,40,5,2,86
26855,1177,40,6,1,87
26856,1177,40,6,2,88
26857,1178,40,1,1,115
26858,1178,40,1,2,92
26859,1178,40,2,1,110
26860,1178,40,2,2,89
26861,1178,40,3,1,107
26862,1178,40,3,2,85
26863,1178,40,4,1,121
26864,1178,40,4,2,155
26865,1178,40,5,1,124
26866,1178,40,5,2,160
26867,1178,40,6,1,112
26868,1178,40,6,2,123
26869,1178,40,1,1,110
26870,1178,40,1,2,142
26871,1178,40,2,1,105
26872,1178,40,2,2,123
26873,1178,40,3,1,106
26874,1178,40,3,2,117
26875,1178,40,4,1,114
26876,1178,40,4,2,144
26877,1178,40,5,1,118
26878,1178,40,5,2,155
26879,1178,40,6,1,108
26880,1178,40,6,2,118
26881,1179,40,1,1,131
26882,1179,40,1,2,93
26883,1179,40,2,1,127
26884,1179,40,2,2,93
26885,1179,40,3,1,129
26886,1179,40,3,2,81
26887,1179,40,4,1,130
26888,1179,40,4,2,93
26889,1179,40,5,1,122
26890,1179,40,5,2,84
26891,1179,40,6,1,113
26892,1179,40,6,2,78
26893,1179,40,1,1,131
26894,1179,40,1,2,93
26895,1179,40,2,1,127
26896,1179,40,2,2,93
26897,1179,40,3,1,129
26898,1179,40,3,2,81
26899,1179,40,4,1,130
26900,1179,40,4,2,93
26901,1179,40,5,1,122
26902,1179,40,5,2,84
26903,1179,40,6,1,113
26904,1179,40,6,2,78
26905,1180,40,1,1,112
26906,1180,40,1,2,95
26907,1180,40,2,1,110
26908,1180,40,2,2,91
26909,1180,40,3,1,111
26910,1180,40,3,2,97
26911,1180,40,4,1,121
26912,1180,40,4,2,184
26913,1180,40,5,1,123
26914,1180,40,5,2,172
26915,1180,40,6,1,122
26916,1180,40,6,2,159
26917,1180,40,1,1,112
26918,1180,40,1,2,95
26919,1180,40,2,1,110
26920,1180,40,2,2,91
26921,1180,40,3,1,111
26922,1180,40,3,2,97
26923,1180,40,4,1,121
26924,1180,40,4,2,184
26925,1180,40,5,1,123
26926,1180,40,5,2,172
26927,1180,40,6,1,122
26928,1180,40,6,2,159
26929,1181,40,1,1,79
26930,1181,40,1,2,90
26931,1181,40,2,1,82
26932,1181,40,2,2,91
26933,1181,40,3,1,77
26934,1181,40,3,2,85
26935,1181,40,4,1,75
26936,1181,40,4,2,78
26937,1181,40,5,1,82
26938,1181,40,5,2,111
26939,1181,40,6,1,91
26940,1181,40,6,2,111
26941,1181,40,1,1,79
26942,1181,40,1,2,90
26943,1181,40,2,1,82
26944,1181,40,2,2,91
26945,1181,40,3,1,77
26946,1181,40,3,2,85
26947,1181,40,4,1,75
26948,1181,40,4,2,78
26949,1181,40,5,1,82
26950,1181,40,5,2,111
26951,1181,40,6,1,91
26952,1181,40,6,2,111
26953,1182,40,1,1,136
26954,1182,40,1,2,113
26955,1182,40,2,1,132
26956,1182,40,2,2,96
26957,1182,40,3,1,124
26958,1182,40,3,2,83
26959,1182,40,4,1,121
26960,1182,40,4,2,91
26961,1182,40,5,1,127
26962,1182,40,5,2,119
26963,1182,40,6,1,119
26964,1182,40,6,2,123
26965,1182,40,1,1,136
26966,1182,40,1,2,113
26967,1182,40,2,1,132
26968,1182,40,2,2,96
26969,1182,40,3,1,124
26970,1182,40,3,2,83
26971,1182,40,4,1,121
26972,1182,40,4,2,91
26973,1182,40,5,1,127
26974,1182,40,5,2,119
26975,1182,40,6,1,119
26976,1182,40,6,2,123
26977,1183,40,1,1,138
26978,1183,40,1,2,104
26979,1183,40,2,1,123
26980,1183,40,2,2,96
26981,1183,40,3,1,117
26982,1183,40,3,2,83
26983,1183,40,4,1,122
26984,1183,40,4,2,79
26985,1183,40,5,1,127
26986,1183,40,5,2,134
26987,1183,40,6,1,138
26988,1183,40,6,2,176
26989,1183,40,1,1,138
26990,1183,40,1,2,104
26991,1183,40,2,1,123
26992,1183,40,2,2,96
26993,1183,40,3,1,117
26994,1183,40,3,2,83
26995,1183,40,4,1,122
26996,1183,40,4,2,79
26997,1183,40,5,1,127
26998,1183,40,5,2,134
26999,1183,40,6,1,138
27000,1183,40,6,2,176
27001,1184,40,1,1,104
27002,1184,40,1,2,104
27003,1184,40,2,1,97
27004,1184,40,2,2,97
27005,1184,40,3,1,112
27006,1184,40,3,2,95
27007,1184,40,4,1,115
27008,1184,40,4,2,85
27009,1184,40,5,1,109
27010,1184,40,5,2,75
27011,1184,40,6,1,105
27012,1184,40,6,2,62
27013,1184,40,1,1,104
27014,1184,40,1,2,104
27015,1184,40,2,1,97
27016,1184,40,2,2,97
27017,1184,40,3,1,112
27018,1184,40,3,2,95
27019,1184,40,4,1,115
27020,1184,40,4,2,85
27021,1184,40,5,1,109
27022,1184,40,5,2,75
27023,1184,40,6,1,105
27024,1184,40,6,2,62
27025,1185,40,1,1,112
27026,1185,40,1,2,114
27027,1185,40,2,1,106
27028,1185,40,2,2,104
27029,1185,40,3,1,112
27030,1185,40,3,2,102
27031,1185,40,4,1,116
27032,1185,40,4,2,83
27033,1185,40,5,1,116
27034,1185,40,5,2,91
27035,1185,40,6,1,108
27036,1185,40,6,2,101
27037,1185,40,1,1,112
27038,1185,40,1,2,114
27039,1185,40,2,1,106
27040,1185,40,2,2,104
27041,1185,40,3,1,112
27042,1185,40,3,2,102
27043,1185,40,4,1,116
27044,1185,40,4,2,83
27045,1185,40,5,1,116
27046,1185,40,5,2,91
27047,1185,40,6,1,108
27048,1185,40,6,2,101
27049,1186,40,1,1,101
27050,1186,40,1,2,83
27051,1186,40,2,1,95
27052,1186,40,2,2,81
27053,1186,40,3,1,101
27054,1186,40,3,2,77
27055,1186,40,4,1,111
27056,1186,40,4,2,76
27057,1186,40,5,1,113
27058,1186,40,5,2,87
27059,1186,40,6,1,115
27060,1186,40,6,2,100
27061,1186,40,1,1,101
27062,1186,40,1,2,83
27063,1186,40,2,1,95
27064,1186,40,2,2,81
27065,1186,40,3,1,101
27066,1186,40,3,2,77
27067,1186,40,4,1,111
27068,1186,40,4,2,76
27069,1186,40,5,1,113
27070,1186,40,5,2,87
27071,1186,40,6,1,115
27072,1186,40,6,2,100
27073,1187,40,1,1,122
27074,1187,40,1,2,95
27075,1187,40,2,1,119
27076,1187,40,2,2,91
27077,1187,40,3,1,118
27078,1187,40,3,2,87
27079,1187,40,4,1,117
27080,1187,40,4,2,81
27081,1187,40,5,1,112
27082,1187,40,5,2,75
27083,1187,40,6,1,105
27084,1187,40,6,2,71
27085,1188,40,1,1,146
27086,1188,40,1,2,99
27087,1188,40,2,1,140
27088,1188,40,2,2,100
27089,1188,40,3,1,135
27090,1188,40,3,2,89
27091,1188,40,4,1,129
27092,1188,40,4,2,71
27093,1188,40,5,1,128
27094,1188,40,5,2,66
27095,1188,40,6,1,113
27096,1188,40,6,2,54
27097,1189,40,1,1,116
27098,1189,40,1,2,93
27099,1189,40,2,1,120
27100,1189,40,2,2,130
27101,1189,40,3,1,117
27102,1189,40,3,2,135
27103,1189,40,4,1,116
27104,1189,40,4,2,163
27105,1189,40,5,1,117
27106,1189,40,5,2,171
27107,1189,40,6,1,115
27108,1189,40,6,2,156
27109,1190,40,1,1,75
27110,1190,40,1,2,81
27111,1190,40,2,1,80
27112,1190,40,2,2,86
27113,1190,40,3,1,87
27114,1190,40,3,2,90
27115,1190,40,4,1,89
27116,1190,40,4,2,81
27117,1190,40,5,1,93
27118,1190,40,5,2,91
27119,1190,40,6,1,99
27120,1190,40,6,2,113
27121,1191,40,1,1,126
27122,1191,40,1,2,96
27123,1191,40,2,1,124
27124,1191,40,2,2,93
27125,1191,40,3,1,117
27126,1191,40,3,2,79
27127,1191,40,4,1,111
27128,1191,40,4,2,65
27129,1191,40,5,1,103
27130,1191,40,5,2,60
27131,1191,40,6,1,104
27132,1191,40,6,2,82
27133,1192,40,1,1,129
27134,1192,40,1,2,96
27135,1192,40,2,1,127
27136,1192,40,2,2,95
27137,1192,40,3,1,128
27138,1192,40,3,2,85
27139,1192,40,4,1,120
27140,1192,40,4,2,65
27141,1192,40,5,1,113
27142,1192,40,5,2,52
27143,1192,40,6,1,105
27144,1192,40,6,2,47
27145,1193,40,1,1,133
27146,1193,40,1,2,92
27147,1193,40,2,1,124
27148,1193,40,2,2,93
27149,1193,40,3,1,117
27150,1193,40,3,2,83
27151,1193,40,4,1,116
27152,1193,40,4,2,70
27153,1193,40,5,1,116
27154,1193,40,5,2,64
27155,1193,40,6,1,110
27156,1193,40,6,2,71
27157,1194,41,1,1,117
27158,1194,41,1,2,168
27159,1194,41,2,1,120
27160,1194,41,2,2,161
27161,1194,41,3,1,121
27162,1194,41,3,2,161
27163,1194,41,4,1,118
27164,1194,41,4,2,145
27165,1194,41,5,1,109
27166,1194,41,5,2,128
27167,1194,41,6,1,106
27168,1194,41,6,2,109
27169,1194,41,1,1,116
27170,1194,41,1,2,161
27171,1194,41,2,1,118
27172,1194,41,2,2,154
27173,1194,41,3,1,119
27174,1194,41,3,2,153
27175,1194,41,4,1,117
27176,1194,41,4,2,138
27177,1194,41,5,1,109
27178,1194,41,5,2,123
27179,1194,41,6,1,105
27180,1194,41,6,2,106
27181,1195,41,1,1,109
27182,1195,41,1,2,87
27183,1195,41,2,1,111
27184,1195,41,2,2,84
27185,1195,41,3,1,107
27186,1195,41,3,2,89
27187,1195,41,4,1,107
27188,1195,41,4,2,96
27189,1195,41,5,1,106
27190,1195,41,5,2,90
27191,1195,41,6,1,103
27192,1195,41,6,2,81
27193,1195,41,1,1,109
27194,1195,41,1,2,87
27195,1195,41,2,1,111
27196,1195,41,2,2,84
27197,1195,41,3,1,107
27198,1195,41,3,2,89
27199,1195,41,4,1,107
27200,1195,41,4,2,96
27201,1195,41,5,1,106
27202,1195,41,5,2,90
27203,1195,41,6,1,103
27204,1195,41,6,2,81
27205,1196,41,1,1,106
27206,1196,41,1,2,76
27207,1196,41,2,1,105
27208,1196,41,2,2,76
27209,1196,41,3,1,107
27210,1196,41,3,2,73
27211,1196,41,4,1,111
27212,1196,41,4,2,71
27213,1196,41,5,1,110
27214,1196,41,5,2,74
27215,1196,41,6,1,106
27216,1196,41,6,2,76
27217,1196,41,1,1,106
27218,1196,41,1,2,77
27219,1196,41,2,1,105
27220,1196,41,2,2,77
27221,1196,41,3,1,107
27222,1196,41,3,2,74
27223,1196,41,4,1,111
27224,1196,41,4,2,71
27225,1196,41,5,1,109
27226,1196,41,5,2,75
27227,1196,41,6,1,106
27228,1196,41,6,2,79
27229,1197,41,1,1,117
27230,1197,41,1,2,227
27231,1197,41,2,1,116
27232,1197,41,2,2,216
27233,1197,41,3,1,117
27234,1197,41,3,2,201
27235,1197,41,4,1,114
27236,1197,41,4,2,177
27237,1197,41,5,1,107
27238,1197,41,5,2,145
27239,1197,41,6,1,98
27240,1197,41,6,2,115
27241,1197,41,1,1,119
27242,1197,41,1,2,199
27243,1197,41,2,1,115
27244,1197,41,2,2,187
27245,1197,41,3,1,116
27246,1197,41,3,2,172
27247,1197,41,4,1,114
27248,1197,41,4,2,150
27249,1197,41,5,1,106
27250,1197,41,5,2,125
27251,1197,41,6,1,99
27252,1197,41,6,2,103
27253,1198,41,1,1,115
27254,1198,41,1,2,101
27255,1198,41,2,1,113
27256,1198,41,2,2,102
27257,1198,41,3,1,115
27258,1198,41,3,2,108
27259,1198,41,4,1,113
27260,1198,41,4,2,109
27261,1198,41,5,1,110
27262,1198,41,5,2,105
27263,1198,41,6,1,107
27264,1198,41,6,2,103
27265,1198,41,1,1,115
27266,1198,41,1,2,99
27267,1198,41,2,1,113
27268,1198,41,2,2,101
27269,1198,41,3,1,115
27270,1198,41,3,2,106
27271,1198,41,4,1,113
27272,1198,41,4,2,108
27273,1198,41,5,1,109
27274,1198,41,5,2,104
27275,1198,41,6,1,106
27276,1198,41,6,2,102
27277,1199,41,1,1,127
27278,1199,41,1,2,147
27279,1199,41,2,1,118
27280,1199,41,2,2,153
27281,1199,41,3,1,119
27282,1199,41,3,2,147
27283,1199,41,4,1,116
27284,1199,41,4,2,129
27285,1199,41,5,1,110
27286,1199,41,5,2,117
27287,1199,41,6,1,103
27288,1199,41,6,2,103
27289,1199,41,1,1,128
27290,1199,41,1,2,143
27291,1199,41,2,1,120
27292,1199,41,2,2,148
27293,1199,41,3,1,121
27294,1199,41,3,2,141
27295,1199,41,4,1,119
27296,1199,41,4,2,124
27297,1199,41,5,1,111
27298,1199,41,5,2,112
27299,1199,41,6,1,104
27300,1199,41,6,2,98
27301,1200,41,1,1,121
27302,1200,41,1,2,179
27303,1200,41,2,1,124
27304,1200,41,2,2,173
27305,1200,41,3,1,116
27306,1200,41,3,2,172
27307,1200,41,4,1,103
27308,1200,41,4,2,152
27309,1200,41,5,1,95
27310,1200,41,5,2,128
27311,1200,41,6,1,111
27312,1200,41,6,2,152
27313,1200,41,1,1,114
27314,1200,41,1,2,168
27315,1200,41,2,1,117
27316,1200,41,2,2,162
27317,1200,41,3,1,109
27318,1200,41,3,2,159
27319,1200,41,4,1,99
27320,1200,41,4,2,145
27321,1200,41,5,1,93
27322,1200,41,5,2,125
27323,1200,41,6,1,106
27324,1200,41,6,2,146
27325,1201,41,1,1,123
27326,1201,41,1,2,140
27327,1201,41,2,1,120
27328,1201,41,2,2,145
27329,1201,41,3,1,120
27330,1201,41,3,2,125
27331,1201,41,4,1,121
27332,1201,41,4,2,148
27333,1201,41,5,1,114
27334,1201,41,5,2,140
27335,1201,41,6,1,115
27336,1201,41,6,2,148
27337,1201,41,1,1,120
27338,1201,41,1,2,131
27339,1201,41,2,1,117
27340,1201,41,2,2,137
27341,1201,41,3,1,119
27342,1201,41,3,2,128
27343,1201,41,4,1,118
27344,1201,41,4,2,150
27345,1201,41,5,1,111
27346,1201,41,5,2,143
27347,1201,41,6,1,112
27348,1201,41,6,2,148
27349,1202,41,1,1,111
27350,1202,41,1,2,129
27351,1202,41,2,1,111
27352,1202,41,2,2,133
27353,1202,41,3,1,113
27354,1202,41,3,2,118
27355,1202,41,4,1,115
27356,1202,41,4,2,119
27357,1202,41,5,1,112
27358,1202,41,5,2,123
27359,1202,41,6,1,109
27360,1202,41,6,2,113
27361,1202,41,1,1,111
27362,1202,41,1,2,128
27363,1202,41,2,1,111
27364,1202,41,2,2,132
27365,1202,41,3,1,113
27366,1202,41,3,2,117
27367,1202,41,4,1,115
27368,1202,41,4,2,118
27369,1202,41,5,1,112
27370,1202,41,5,2,122
27371,1202,41,6,1,109
27372,1202,41,6,2,112
27373,1203,41,1,1,97
27374,1203,41,1,2,115
27375,1203,41,2,1,95
27376,1203,41,2,2,110
27377,1203,41,3,1,99
27378,1203,41,3,2,100
27379,1203,41,4,1,108
27380,1203,41,4,2,101
27381,1203,41,5,1,115
27382,1203,41,5,2,115
27383,1203,41,6,1,110
27384,1203,41,6,2,108
27385,1203,41,1,1,97
27386,1203,41,1,2,133
27387,1203,41,2,1,97
27388,1203,41,2,2,125
27389,1203,41,3,1,100
27390,1203,41,3,2,115
27391,1203,41,4,1,110
27392,1203,41,4,2,131
27393,1203,41,5,1,114
27394,1203,41,5,2,132
27395,1203,41,6,1,111
27396,1203,41,6,2,129
27397,1204,41,1,1,92
27398,1204,41,1,2,72
27399,1204,41,2,1,88
27400,1204,41,2,2,71
27401,1204,41,3,1,91
27402,1204,41,3,2,57
27403,1204,41,4,1,89
27404,1204,41,4,2,75
27405,1204,41,5,1,92
27406,1204,41,5,2,86
27407,1204,41,6,1,91
27408,1204,41,6,2,81
27409,1204,41,1,1,112
27410,1204,41,1,2,96
27411,1204,41,2,1,107
27412,1204,41,2,2,89
27413,1204,41,3,1,103
27414,1204,41,3,2,75
27415,1204,41,4,1,98
27416,1204,41,4,2,84
27417,1204,41,5,1,96
27418,1204,41,5,2,94
27419,1204,41,6,1,92
27420,1204,41,6,2,81
27421,1205,41,1,1,100
27422,1205,41,1,2,61
27423,1205,41,2,1,99
27424,1205,41,2,2,60
27425,1205,41,3,1,98
27426,1205,41,3,2,55
27427,1205,41,4,1,96
27428,1205,41,4,2,54
27429,1205,41,5,1,96
27430,1205,41,5,2,56
27431,1205,41,6,1,94
27432,1205,41,6,2,66
27433,1205,41,1,1,100
27434,1205,41,1,2,61
27435,1205,41,2,1,99
27436,1205,41,2,2,60
27437,1205,41,3,1,98
27438,1205,41,3,2,55
27439,1205,41,4,1,96
27440,1205,41,4,2,54
27441,1205,41,5,1,96
27442,1205,41,5,2,56
27443,1205,41,6,1,94
27444,1205,41,6,2,66
27445,1206,41,1,1,102
27446,1206,41,1,2,202
27447,1206,41,2,1,95
27448,1206,41,2,2,181
27449,1206,41,3,1,105
27450,1206,41,3,2,150
27451,1206,41,4,1,114
27452,1206,41,4,2,129
27453,1206,41,5,1,111
27454,1206,41,5,2,126
27455,1206,41,6,1,106
27456,1206,41,6,2,110
27457,1206,41,1,1,100
27458,1206,41,1,2,179
27459,1206,41,2,1,94
27460,1206,41,2,2,159
27461,1206,41,3,1,103
27462,1206,41,3,2,134
27463,1206,41,4,1,109
27464,1206,41,4,2,112
27465,1206,41,5,1,107
27466,1206,41,5,2,109
27467,1206,41,6,1,103
27468,1206,41,6,2,97
27469,1153,41,1,1,112
27470,1153,41,1,2,43
27471,1153,41,2,1,105
27472,1153,41,2,2,42
27473,1153,41,3,1,108
27474,1153,41,3,2,40
27475,1153,41,4,1,110
27476,1153,41,4,2,42
27477,1153,41,5,1,107
27478,1153,41,5,2,41
27479,1153,41,6,1,106
27480,1153,41,6,2,61
27481,1153,41,1,1,112
27482,1153,41,1,2,43
27483,1153,41,2,1,105
27484,1153,41,2,2,42
27485,1153,41,3,1,108
27486,1153,41,3,2,40
27487,1153,41,4,1,110
27488,1153,41,4,2,42
27489,1153,41,5,1,107
27490,1153,41,5,2,41
27491,1153,41,6,1,106
27492,1153,41,6,2,61
27493,1207,41,1,1,102
27494,1207,41,1,2,38
27495,1207,41,2,1,98
27496,1207,41,2,2,33
27497,1207,41,3,1,97
27498,1207,41,3,2,30
27499,1207,41,4,1,99
27500,1207,41,4,2,27
27501,1207,41,5,1,96
27502,1207,41,5,2,24
27503,1207,41,6,1,99
27504,1207,41,6,2,32
27505,1207,41,1,1,102
27506,1207,41,1,2,38
27507,1207,41,2,1,98
27508,1207,41,2,2,33
27509,1207,41,3,1,97
27510,1207,41,3,2,30
27511,1207,41,4,1,99
27512,1207,41,4,2,27
27513,1207,41,5,1,96
27514,1207,41,5,2,24
27515,1207,41,6,1,99
27516,1207,41,6,2,32
27517,1208,41,1,1,105
27518,1208,41,1,2,133
27519,1208,41,2,1,109
27520,1208,41,2,2,123
27521,1208,41,3,1,112
27522,1208,41,3,2,103
27523,1208,41,4,1,111
27524,1208,41,4,2,106
27525,1208,41,5,1,109
27526,1208,41,5,2,95
27527,1208,41,6,1,109
27528,1208,41,6,2,85
27529,1208,41,1,1,95
27530,1208,41,1,2,101
27531,1208,41,2,1,102
27532,1208,41,2,2,93
27533,1208,41,3,1,106
27534,1208,41,3,2,77
27535,1208,41,4,1,99
27536,1208,41,4,2,71
27537,1208,41,5,1,102
27538,1208,41,5,2,76
27539,1208,41,6,1,104
27540,1208,41,6,2,72
27541,1209,41,1,1,91
27542,1209,41,1,2,41
27543,1209,41,2,1,85
27544,1209,41,2,2,36
27545,1209,41,3,1,94
27546,1209,41,3,2,41
27547,1209,41,4,1,98
27548,1209,41,4,2,60
27549,1209,41,5,1,98
27550,1209,41,5,2,64
27551,1209,41,6,1,97
27552,1209,41,6,2,76
27553,1209,41,1,1,91
27554,1209,41,1,2,41
27555,1209,41,2,1,85
27556,1209,41,2,2,36
27557,1209,41,3,1,94
27558,1209,41,3,2,41
27559,1209,41,4,1,98
27560,1209,41,4,2,60
27561,1209,41,5,1,98
27562,1209,41,5,2,64
27563,1209,41,6,1,97
27564,1209,41,6,2,76
27565,1210,41,1,1,104
27566,1210,41,1,2,164
27567,1210,41,2,1,96
27568,1210,41,2,2,167
27569,1210,41,3,1,99
27570,1210,41,3,2,149
27571,1210,41,4,1,98
27572,1210,41,4,2,137
27573,1210,41,5,1,99
27574,1210,41,5,2,122
27575,1210,41,6,1,94
27576,1210,41,6,2,105
27577,1210,41,1,1,92
27578,1210,41,1,2,127
27579,1210,41,2,1,87
27580,1210,41,2,2,130
27581,1210,41,3,1,89
27582,1210,41,3,2,113
27583,1210,41,4,1,88
27584,1210,41,4,2,97
27585,1210,41,5,1,89
27586,1210,41,5,2,92
27587,1210,41,6,1,87
27588,1210,41,6,2,84
27589,1211,41,1,1,98
27590,1211,41,1,2,52
27591,1211,41,2,1,95
27592,1211,41,2,2,50
27593,1211,41,3,1,96
27594,1211,41,3,2,54
27595,1211,41,4,1,93
27596,1211,41,4,2,55
27597,1211,41,5,1,96
27598,1211,41,5,2,52
27599,1211,41,6,1,94
27600,1211,41,6,2,55
27601,1211,41,1,1,98
27602,1211,41,1,2,52
27603,1211,41,2,1,95
27604,1211,41,2,2,50
27605,1211,41,3,1,96
27606,1211,41,3,2,54
27607,1211,41,4,1,93
27608,1211,41,4,2,55
27609,1211,41,5,1,96
27610,1211,41,5,2,52
27611,1211,41,6,1,94
27612,1211,41,6,2,55
27613,1212,41,1,1,126
27614,1212,41,1,2,182
27615,1212,41,2,1,124
27616,1212,41,2,2,180
27617,1212,41,3,1,118
27618,1212,41,3,2,168
27619,1212,41,4,1,118
27620,1212,41,4,2,161
27621,1212,41,5,1,112
27622,1212,41,5,2,144
27623,1212,41,6,1,109
27624,1212,41,6,2,133
27625,1212,41,1,1,124
27626,1212,41,1,2,171
27627,1212,41,2,1,121
27628,1212,41,2,2,165
27629,1212,41,3,1,117
27630,1212,41,3,2,154
27631,1212,41,4,1,117
27632,1212,41,4,2,149
27633,1212,41,5,1,113
27634,1212,41,5,2,138
27635,1212,41,6,1,109
27636,1212,41,6,2,125
27637,1213,41,1,1,99
27638,1213,41,1,2,145
27639,1213,41,2,1,102
27640,1213,41,2,2,151
27641,1213,41,3,1,104
27642,1213,41,3,2,132
27643,1213,41,4,1,108
27644,1213,41,4,2,132
27645,1213,41,5,1,105
27646,1213,41,5,2,122
27647,1213,41,6,1,100
27648,1213,41,6,2,103
27649,1213,41,1,1,99
27650,1213,41,1,2,145
27651,1213,41,2,1,102
27652,1213,41,2,2,151
27653,1213,41,3,1,104
27654,1213,41,3,2,132
27655,1213,41,4,1,108
27656,1213,41,4,2,132
27657,1213,41,5,1,105
27658,1213,41,5,2,122
27659,1213,41,6,1,100
27660,1213,41,6,2,103
27661,1214,41,1,1,108
27662,1214,41,1,2,37
27663,1214,41,2,1,99
27664,1214,41,2,2,34
27665,1214,41,3,1,99
27666,1214,41,3,2,41
27667,1214,41,4,1,101
27668,1214,41,4,2,50
27669,1214,41,5,1,106
27670,1214,41,5,2,69
27671,1214,41,6,1,103
27672,1214,41,6,2,73
27673,1214,41,1,1,108
27674,1214,41,1,2,37
27675,1214,41,2,1,99
27676,1214,41,2,2,34
27677,1214,41,3,1,99
27678,1214,41,3,2,41
27679,1214,41,4,1,101
27680,1214,41,4,2,50
27681,1214,41,5,1,106
27682,1214,41,5,2,69
27683,1214,41,6,1,103
27684,1214,41,6,2,73
27685,1215,41,1,1,77
27686,1215,41,1,2,35
27687,1215,41,2,1,90
27688,1215,41,2,2,34
27689,1215,41,3,1,84
27690,1215,41,3,2,33
27691,1215,41,4,1,100
27692,1215,41,4,2,29
27693,1215,41,5,1,101
27694,1215,41,5,2,34
27695,1215,41,6,1,104
27696,1215,41,6,2,41
27697,1215,41,1,1,77
27698,1215,41,1,2,35
27699,1215,41,2,1,90
27700,1215,41,2,2,34
27701,1215,41,3,1,84
27702,1215,41,3,2,33
27703,1215,41,4,1,100
27704,1215,41,4,2,29
27705,1215,41,5,1,101
27706,1215,41,5,2,34
27707,1215,41,6,1,104
27708,1215,41,6,2,41
27709,1216,41,1,1,105
27710,1216,41,1,2,66
27711,1216,41,2,1,113
27712,1216,41,2,2,64
27713,1216,41,3,1,113
27714,1216,41,3,2,66
27715,1216,41,4,1,110
27716,1216,41,4,2,62
27717,1216,41,5,1,106
27718,1216,41,5,2,64
27719,1216,41,6,1,106
27720,1216,41,6,2,67
27721,1216,41,1,1,99
27722,1216,41,1,2,59
27723,1216,41,2,1,108
27724,1216,41,2,2,59
27725,1216,41,3,1,105
27726,1216,41,3,2,59
27727,1216,41,4,1,101
27728,1216,41,4,2,56
27729,1216,41,5,1,99
27730,1216,41,5,2,59
27731,1216,41,6,1,101
27732,1216,41,6,2,67
27733,1217,41,1,1,117
27734,1217,41,1,2,127
27735,1217,41,2,1,114
27736,1217,41,2,2,112
27737,1217,41,3,1,115
27738,1217,41,3,2,81
27739,1217,41,4,1,120
27740,1217,41,4,2,94
27741,1217,41,5,1,116
27742,1217,41,5,2,105
27743,1217,41,6,1,114
27744,1217,41,6,2,83
27745,1217,41,1,1,113
27746,1217,41,1,2,115
27747,1217,41,2,1,111
27748,1217,41,2,2,100
27749,1217,41,3,1,113
27750,1217,41,3,2,77
27751,1217,41,4,1,116
27752,1217,41,4,2,95
27753,1217,41,5,1,114
27754,1217,41,5,2,99
27755,1217,41,6,1,112
27756,1217,41,6,2,81
27757,1218,41,1,1,103
27758,1218,41,1,2,41
27759,1218,41,2,1,98
27760,1218,41,2,2,45
27761,1218,41,3,1,96
27762,1218,41,3,2,49
27763,1218,41,4,1,93
27764,1218,41,4,2,51
27765,1218,41,5,1,93
27766,1218,41,5,2,45
27767,1218,41,6,1,90
27768,1218,41,6,2,50
27769,1218,41,1,1,101
27770,1218,41,1,2,39
27771,1218,41,2,1,96
27772,1218,41,2,2,44
27773,1218,41,3,1,93
27774,1218,41,3,2,46
27775,1218,41,4,1,90
27776,1218,41,4,2,48
27777,1218,41,5,1,91
27778,1218,41,5,2,43
27779,1218,41,6,1,90
27780,1218,41,6,2,51
27781,1219,41,1,1,86
27782,1219,41,1,2,132
27783,1219,41,2,1,85
27784,1219,41,2,2,136
27785,1219,41,3,1,83
27786,1219,41,3,2,141
27787,1219,41,4,1,93
27788,1219,41,4,2,153
27789,1219,41,5,1,91
27790,1219,41,5,2,136
27791,1219,41,6,1,94
27792,1219,41,6,2,134
27793,1219,41,1,1,82
27794,1219,41,1,2,124
27795,1219,41,2,1,81
27796,1219,41,2,2,126
27797,1219,41,3,1,77
27798,1219,41,3,2,124
27799,1219,41,4,1,87
27800,1219,41,4,2,138
27801,1219,41,5,1,85
27802,1219,41,5,2,123
27803,1219,41,6,1,89
27804,1219,41,6,2,123
27805,1220,41,1,1,81
27806,1220,41,1,2,61
27807,1220,41,2,1,97
27808,1220,41,2,2,131
27809,1220,41,3,1,100
27810,1220,41,3,2,147
27811,1220,41,4,1,102
27812,1220,41,4,2,157
27813,1220,41,5,1,103
27814,1220,41,5,2,155
27815,1220,41,6,1,99
27816,1220,41,6,2,147
27817,1220,41,1,1,80
27818,1220,41,1,2,60
27819,1220,41,2,1,94
27820,1220,41,2,2,122
27821,1220,41,3,1,96
27822,1220,41,3,2,135
27823,1220,41,4,1,97
27824,1220,41,4,2,141
27825,1220,41,5,1,99
27826,1220,41,5,2,147
27827,1220,41,6,1,95
27828,1220,41,6,2,139
27829,1221,41,1,1,69
27830,1221,41,1,2,42
27831,1221,41,2,1,65
27832,1221,41,2,2,45
27833,1221,41,3,1,75
27834,1221,41,3,2,44
27835,1221,41,4,1,81
27836,1221,41,4,2,48
27837,1221,41,5,1,84
27838,1221,41,5,2,52
27839,1221,41,6,1,88
27840,1221,41,6,2,57
27841,1221,41,1,1,69
27842,1221,41,1,2,42
27843,1221,41,2,1,65
27844,1221,41,2,2,45
27845,1221,41,3,1,75
27846,1221,41,3,2,44
27847,1221,41,4,1,81
27848,1221,41,4,2,48
27849,1221,41,5,1,84
27850,1221,41,5,2,52
27851,1221,41,6,1,88
27852,1221,41,6,2,57
27853,1222,41,1,1,100
27854,1222,41,1,2,47
27855,1222,41,2,1,95
27856,1222,41,2,2,44
27857,1222,41,3,1,104
27858,1222,41,3,2,75
27859,1222,41,4,1,102
27860,1222,41,4,2,118
27861,1222,41,5,1,105
27862,1222,41,5,2,112
27863,1222,41,6,1,102
27864,1222,41,6,2,107
27865,1222,41,1,1,94
27866,1222,41,1,2,45
27867,1222,41,2,1,92
27868,1222,41,2,2,41
27869,1222,41,3,1,98
27870,1222,41,3,2,70
27871,1222,41,4,1,94
27872,1222,41,4,2,101
27873,1222,41,5,1,97
27874,1222,41,5,2,99
27875,1222,41,6,1,99
27876,1222,41,6,2,96
27877,1223,41,1,1,123
27878,1223,41,1,2,113
27879,1223,41,2,1,116
27880,1223,41,2,2,131
27881,1223,41,3,1,114
27882,1223,41,3,2,126
27883,1223,41,4,1,112
27884,1223,41,4,2,105
27885,1223,41,5,1,105
27886,1223,41,5,2,92
27887,1223,41,6,1,100
27888,1223,41,6,2,86
27889,1223,41,1,1,123
27890,1223,41,1,2,113
27891,1223,41,2,1,116
27892,1223,41,2,2,131
27893,1223,41,3,1,114
27894,1223,41,3,2,127
27895,1223,41,4,1,112
27896,1223,41,4,2,105
27897,1223,41,5,1,105
27898,1223,41,5,2,92
27899,1223,41,6,1,100
27900,1223,41,6,2,87
27901,1224,41,1,1,115
27902,1224,41,1,2,35
27903,1224,41,2,1,116
27904,1224,41,2,2,33
27905,1224,41,3,1,111
27906,1224,41,3,2,43
27907,1224,41,4,1,117
27908,1224,41,4,2,69
27909,1224,41,5,1,120
27910,1224,41,5,2,80
27911,1224,41,6,1,124
27912,1224,41,6,2,117
27913,1224,41,1,1,114
27914,1224,41,1,2,35
27915,1224,41,2,1,114
27916,1224,41,2,2,33
27917,1224,41,3,1,110
27918,1224,41,3,2,42
27919,1224,41,4,1,116
27920,1224,41,4,2,70
27921,1224,41,5,1,121
27922,1224,41,5,2,86
27923,1224,41,6,1,123
27924,1224,41,6,2,119
27925,1225,41,1,1,88
27926,1225,41,1,2,34
27927,1225,41,2,1,87
27928,1225,41,2,2,34
27929,1225,41,3,1,90
27930,1225,41,3,2,35
27931,1225,41,4,1,87
27932,1225,41,4,2,38
27933,1225,41,5,1,93
27934,1225,41,5,2,47
27935,1225,41,6,1,95
27936,1225,41,6,2,69
27937,1225,41,1,1,88
27938,1225,41,1,2,34
27939,1225,41,2,1,87
27940,1225,41,2,2,34
27941,1225,41,3,1,90
27942,1225,41,3,2,35
27943,1225,41,4,1,87
27944,1225,41,4,2,38
27945,1225,41,5,1,93
27946,1225,41,5,2,47
27947,1225,41,6,1,95
27948,1225,41,6,2,69
27949,1226,41,1,1,95
27950,1226,41,1,2,34
27951,1226,41,2,1,92
27952,1226,41,2,2,31
27953,1226,41,3,1,97
27954,1226,41,3,2,31
27955,1226,41,4,1,100
27956,1226,41,4,2,28
27957,1226,41,5,1,96
27958,1226,41,5,2,26
27959,1226,41,6,1,106
27960,1226,41,6,2,65
27961,1226,41,1,1,96
27962,1226,41,1,2,36
27963,1226,41,2,1,93
27964,1226,41,2,2,33
27965,1226,41,3,1,95
27966,1226,41,3,2,32
27967,1226,41,4,1,99
27968,1226,41,4,2,30
27969,1226,41,5,1,99
27970,1226,41,5,2,40
27971,1226,41,6,1,107
27972,1226,41,6,2,70
27973,1227,41,1,1,111
27974,1227,41,1,2,100
27975,1227,41,2,1,106
27976,1227,41,2,2,98
27977,1227,41,3,1,105
27978,1227,41,3,2,82
27979,1227,41,4,1,101
27980,1227,41,4,2,81
27981,1227,41,5,1,102
27982,1227,41,5,2,85
27983,1227,41,6,1,105
27984,1227,41,6,2,98
27985,1227,41,1,1,107
27986,1227,41,1,2,90
27987,1227,41,2,1,103
27988,1227,41,2,2,89
27989,1227,41,3,1,103
27990,1227,41,3,2,81
27991,1227,41,4,1,100
27992,1227,41,4,2,80
27993,1227,41,5,1,100
27994,1227,41,5,2,84
27995,1227,41,6,1,102
27996,1227,41,6,2,96
27997,1228,41,1,1,90
27998,1228,41,1,2,106
27999,1228,41,2,1,94
28000,1228,41,2,2,90
28001,1228,41,3,1,102
28002,1228,41,3,2,91
28003,1228,41,4,1,109
28004,1228,41,4,2,100
28005,1228,41,5,1,113
28006,1228,41,5,2,126
28007,1228,41,6,1,108
28008,1228,41,6,2,111
28009,1228,41,1,1,81
28010,1228,41,1,2,79
28011,1228,41,2,1,86
28012,1228,41,2,2,72
28013,1228,41,3,1,94
28014,1228,41,3,2,79
28015,1228,41,4,1,97
28016,1228,41,4,2,80
28017,1228,41,5,1,100
28018,1228,41,5,2,90
28019,1228,41,6,1,100
28020,1228,41,6,2,98
28021,1229,41,1,1,101
28022,1229,41,1,2,63
28023,1229,41,2,1,102
28024,1229,41,2,2,72
28025,1229,41,3,1,102
28026,1229,41,3,2,70
28027,1229,41,4,1,103
28028,1229,41,4,2,71
28029,1229,41,5,1,101
28030,1229,41,5,2,74
28031,1229,41,6,1,100
28032,1229,41,6,2,78
28033,1229,41,1,1,101
28034,1229,41,1,2,63
28035,1229,41,2,1,102
28036,1229,41,2,2,72
28037,1229,41,3,1,102
28038,1229,41,3,2,70
28039,1229,41,4,1,103
28040,1229,41,4,2,71
28041,1229,41,5,1,101
28042,1229,41,5,2,74
28043,1229,41,6,1,100
28044,1229,41,6,2,78
28045,1230,41,1,1,123
28046,1230,41,1,2,146
28047,1230,41,2,1,122
28048,1230,41,2,2,147
28049,1230,41,3,1,120
28050,1230,41,3,2,140
28051,1230,41,4,1,116
28052,1230,41,4,2,150
28053,1230,41,5,1,107
28054,1230,41,5,2,151
28055,1230,41,6,1,108
28056,1230,41,6,2,128
28057,1230,41,1,1,117
28058,1230,41,1,2,141
28059,1230,41,2,1,116
28060,1230,41,2,2,145
28061,1230,41,3,1,114
28062,1230,41,3,2,140
28063,1230,41,4,1,111
28064,1230,41,4,2,155
28065,1230,41,5,1,103
28066,1230,41,5,2,159
28067,1230,41,6,1,103
28068,1230,41,6,2,133
28069,1231,41,1,1,107
28070,1231,41,1,2,214
28071,1231,41,2,1,111
28072,1231,41,2,2,216
28073,1231,41,3,1,115
28074,1231,41,3,2,228
28075,1231,41,4,1,117
28076,1231,41,4,2,222
28077,1231,41,5,1,110
28078,1231,41,5,2,199
28079,1231,41,6,1,115
28080,1231,41,6,2,169
28081,1231,41,1,1,107
28082,1231,41,1,2,214
28083,1231,41,2,1,111
28084,1231,41,2,2,216
28085,1231,41,3,1,115
28086,1231,41,3,2,228
28087,1231,41,4,1,117
28088,1231,41,4,2,222
28089,1231,41,5,1,110
28090,1231,41,5,2,199
28091,1231,41,6,1,115
28092,1231,41,6,2,169
28093,1232,41,1,1,73
28094,1232,41,1,2,43
28095,1232,41,2,1,73
28096,1232,41,2,2,41
28097,1232,41,3,1,81
28098,1232,41,3,2,49
28099,1232,41,4,1,83
28100,1232,41,4,2,46
28101,1232,41,5,1,88
28102,1232,41,5,2,50
28103,1232,41,6,1,95
28104,1232,41,6,2,65
28105,1232,41,1,1,73
28106,1232,41,1,2,43
28107,1232,41,2,1,73
28108,1232,41,2,2,41
28109,1232,41,3,1,81
28110,1232,41,3,2,49
28111,1232,41,4,1,83
28112,1232,41,4,2,46
28113,1232,41,5,1,88
28114,1232,41,5,2,50
28115,1232,41,6,1,95
28116,1232,41,6,2,65
28117,1233,41,1,1,87
28118,1233,41,1,2,61
28119,1233,41,2,1,84
28120,1233,41,2,2,49
28121,1233,41,3,1,88
28122,1233,41,3,2,80
28123,1233,41,4,1,89
28124,1233,41,4,2,111
28125,1233,41,5,1,87
28126,1233,41,5,2,114
28127,1233,41,6,1,83
28128,1233,41,6,2,106
28129,1233,41,1,1,89
28130,1233,41,1,2,62
28131,1233,41,2,1,84
28132,1233,41,2,2,53
28133,1233,41,3,1,89
28134,1233,41,3,2,84
28135,1233,41,4,1,88
28136,1233,41,4,2,113
28137,1233,41,5,1,84
28138,1233,41,5,2,109
28139,1233,41,6,1,80
28140,1233,41,6,2,100
28141,1234,41,1,1,102
28142,1234,41,1,2,76
28143,1234,41,2,1,95
28144,1234,41,2,2,76
28145,1234,41,3,1,100
28146,1234,41,3,2,83
28147,1234,41,4,1,100
28148,1234,41,4,2,86
28149,1234,41,5,1,106
28150,1234,41,5,2,96
28151,1234,41,6,1,108
28152,1234,41,6,2,102
28153,1234,41,1,1,100
28154,1234,41,1,2,74
28155,1234,41,2,1,93
28156,1234,41,2,2,75
28157,1234,41,3,1,98
28158,1234,41,3,2,82
28159,1234,41,4,1,98
28160,1234,41,4,2,84
28161,1234,41,5,1,105
28162,1234,41,5,2,95
28163,1234,41,6,1,107
28164,1234,41,6,2,104
28165,1235,41,1,1,94
28166,1235,41,1,2,75
28167,1235,41,2,1,93
28168,1235,41,2,2,88
28169,1235,41,3,1,97
28170,1235,41,3,2,98
28171,1235,41,4,1,101
28172,1235,41,4,2,93
28173,1235,41,5,1,105
28174,1235,41,5,2,99
28175,1235,41,6,1,105
28176,1235,41,6,2,96
28177,1235,41,1,1,94
28178,1235,41,1,2,75
28179,1235,41,2,1,93
28180,1235,41,2,2,88
28181,1235,41,3,1,97
28182,1235,41,3,2,98
28183,1235,41,4,1,101
28184,1235,41,4,2,93
28185,1235,41,5,1,105
28186,1235,41,5,2,99
28187,1235,41,6,1,105
28188,1235,41,6,2,96
28189,1236,41,1,1,81
28190,1236,41,1,2,33
28191,1236,41,2,1,77
28192,1236,41,2,2,31
28193,1236,41,3,1,84
28194,1236,41,3,2,33
28195,1236,41,4,1,92
28196,1236,41,4,2,47
28197,1236,41,5,1,92
28198,1236,41,5,2,59
28199,1236,41,6,1,93
28200,1236,41,6,2,68
28201,1236,41,1,1,81
28202,1236,41,1,2,33
28203,1236,41,2,1,77
28204,1236,41,2,2,31
28205,1236,41,3,1,84
28206,1236,41,3,2,33
28207,1236,41,4,1,92
28208,1236,41,4,2,47
28209,1236,41,5,1,92
28210,1236,41,5,2,59
28211,1236,41,6,1,93
28212,1236,41,6,2,68
28213,1237,41,1,1,120
28214,1237,41,1,2,229
28215,1237,41,2,1,124
28216,1237,41,2,2,249
28217,1237,41,3,1,123
28218,1237,41,3,2,262
28219,1237,41,4,1,116
28220,1237,41,4,2,243
28221,1237,41,5,1,111
28222,1237,41,5,2,211
28223,1237,41,6,1,109
28224,1237,41,6,2,196
28225,1237,41,1,1,118
28226,1237,41,1,2,221
28227,1237,41,2,1,120
28228,1237,41,2,2,239
28229,1237,41,3,1,119
28230,1237,41,3,2,252
28231,1237,41,4,1,113
28232,1237,41,4,2,236
28233,1237,41,5,1,109
28234,1237,41,5,2,209
28235,1237,41,6,1,107
28236,1237,41,6,2,193
28237,1238,41,1,1,120
28238,1238,41,1,2,34
28239,1238,41,2,1,110
28240,1238,41,2,2,33
28241,1238,41,3,1,107
28242,1238,41,3,2,33
28243,1238,41,4,1,99
28244,1238,41,4,2,29
28245,1238,41,5,1,103
28246,1238,41,5,2,28
28247,1238,41,6,1,98
28248,1238,41,6,2,34
28249,1238,41,1,1,112
28250,1238,41,1,2,40
28251,1238,41,2,1,102
28252,1238,41,2,2,42
28253,1238,41,3,1,99
28254,1238,41,3,2,42
28255,1238,41,4,1,93
28256,1238,41,4,2,37
28257,1238,41,5,1,96
28258,1238,41,5,2,35
28259,1238,41,6,1,92
28260,1238,41,6,2,40
28261,1239,41,1,1,88
28262,1239,41,1,2,94
28263,1239,41,2,1,85
28264,1239,41,2,2,99
28265,1239,41,3,1,102
28266,1239,41,3,2,142
28267,1239,41,4,1,112
28268,1239,41,4,2,144
28269,1239,41,5,1,111
28270,1239,41,5,2,138
28271,1239,41,6,1,105
28272,1239,41,6,2,122
28273,1239,41,1,1,62
28274,1239,41,1,2,67
28275,1239,41,2,1,76
28276,1239,41,2,2,109
28277,1239,41,3,1,86
28278,1239,41,3,2,142
28279,1239,41,4,1,92
28280,1239,41,4,2,157
28281,1239,41,5,1,93
28282,1239,41,5,2,143
28283,1239,41,6,1,88
28284,1239,41,6,2,114
28285,1240,41,1,1,91
28286,1240,41,1,2,44
28287,1240,41,2,1,83
28288,1240,41,2,2,26
28289,1240,41,3,1,109
28290,1240,41,3,2,111
28291,1240,41,4,1,116
28292,1240,41,4,2,192
28293,1240,41,5,1,116
28294,1240,41,5,2,185
28295,1240,41,6,1,115
28296,1240,41,6,2,169
28297,1240,41,1,1,78
28298,1240,41,1,2,36
28299,1240,41,2,1,76
28300,1240,41,2,2,28
28301,1240,41,3,1,86
28302,1240,41,3,2,65
28303,1240,41,4,1,90
28304,1240,41,4,2,98
28305,1240,41,5,1,97
28306,1240,41,5,2,119
28307,1240,41,6,1,96
28308,1240,41,6,2,110
28309,1241,41,1,1,96
28310,1241,41,1,2,90
28311,1241,41,2,1,96
28312,1241,41,2,2,89
28313,1241,41,3,1,102
28314,1241,41,3,2,84
28315,1241,41,4,1,102
28316,1241,41,4,2,93
28317,1241,41,5,1,101
28318,1241,41,5,2,82
28319,1241,41,6,1,101
28320,1241,41,6,2,64
28321,1241,41,1,1,82
28322,1241,41,1,2,83
28323,1241,41,2,1,83
28324,1241,41,2,2,90
28325,1241,41,3,1,87
28326,1241,41,3,2,78
28327,1241,41,4,1,91
28328,1241,41,4,2,94
28329,1241,41,5,1,95
28330,1241,41,5,2,83
28331,1241,41,6,1,95
28332,1241,41,6,2,69
28333,1242,41,1,1,69
28334,1242,41,1,2,41
28335,1242,41,2,1,75
28336,1242,41,2,2,41
28337,1242,41,3,1,77
28338,1242,41,3,2,46
28339,1242,41,4,1,96
28340,1242,41,4,2,60
28341,1242,41,5,1,98
28342,1242,41,5,2,85
28343,1242,41,6,1,97
28344,1242,41,6,2,79
28345,1242,41,1,1,64
28346,1242,41,1,2,37
28347,1242,41,2,1,68
28348,1242,41,2,2,37
28349,1242,41,3,1,69
28350,1242,41,3,2,40
28351,1242,41,4,1,85
28352,1242,41,4,2,50
28353,1242,41,5,1,88
28354,1242,41,5,2,74
28355,1242,41,6,1,91
28356,1242,41,6,2,72
28357,1243,41,1,1,90
28358,1243,41,1,2,119
28359,1243,41,2,1,87
28360,1243,41,2,2,111
28361,1243,41,3,1,88
28362,1243,41,3,2,107
28363,1243,41,4,1,88
28364,1243,41,4,2,90
28365,1243,41,5,1,96
28366,1243,41,5,2,94
28367,1243,41,6,1,104
28368,1243,41,6,2,120
28369,1243,41,1,1,79
28370,1243,41,1,2,104
28371,1243,41,2,1,79
28372,1243,41,2,2,99
28373,1243,41,3,1,79
28374,1243,41,3,2,94
28375,1243,41,4,1,74
28376,1243,41,4,2,73
28377,1243,41,5,1,88
28378,1243,41,5,2,103
28379,1243,41,6,1,101
28380,1243,41,6,2,140
28381,1244,41,1,1,98
28382,1244,41,1,2,41
28383,1244,41,2,1,105
28384,1244,41,2,2,85
28385,1244,41,3,1,107
28386,1244,41,3,2,137
28387,1244,41,4,1,101
28388,1244,41,4,2,138
28389,1244,41,5,1,100
28390,1244,41,5,2,132
28391,1244,41,6,1,102
28392,1244,41,6,2,136
28393,1244,41,1,1,98
28394,1244,41,1,2,41
28395,1244,41,2,1,105
28396,1244,41,2,2,85
28397,1244,41,3,1,107
28398,1244,41,3,2,137
28399,1244,41,4,1,101
28400,1244,41,4,2,138
28401,1244,41,5,1,100
28402,1244,41,5,2,132
28403,1244,41,6,1,102
28404,1244,41,6,2,136
28405,1245,41,1,1,105
28406,1245,41,1,2,66
28407,1245,41,2,1,105
28408,1245,41,2,2,68
28409,1245,41,3,1,108
28410,1245,41,3,2,69
28411,1245,41,4,1,113
28412,1245,41,4,2,69
28413,1245,41,5,1,109
28414,1245,41,5,2,67
28415,1245,41,6,1,104
28416,1245,41,6,2,62
28417,1245,41,1,1,103
28418,1245,41,1,2,63
28419,1245,41,2,1,104
28420,1245,41,2,2,65
28421,1245,41,3,1,106
28422,1245,41,3,2,65
28423,1245,41,4,1,111
28424,1245,41,4,2,66
28425,1245,41,5,1,107
28426,1245,41,5,2,66
28427,1245,41,6,1,103
28428,1245,41,6,2,60
28429,1246,41,1,1,118
28430,1246,41,1,2,143
28431,1246,41,2,1,108
28432,1246,41,2,2,130
28433,1246,41,3,1,105
28434,1246,41,3,2,129
28435,1246,41,4,1,101
28436,1246,41,4,2,111
28437,1246,41,5,1,100
28438,1246,41,5,2,98
28439,1246,41,6,1,101
28440,1246,41,6,2,94
28441,1246,41,1,1,118
28442,1246,41,1,2,143
28443,1246,41,2,1,108
28444,1246,41,2,2,130
28445,1246,41,3,1,105
28446,1246,41,3,2,129
28447,1246,41,4,1,101
28448,1246,41,4,2,111
28449,1246,41,5,1,100
28450,1246,41,5,2,98
28451,1246,41,6,1,101
28452,1246,41,6,2,94
28453,1247,41,1,1,128
28454,1247,41,1,2,160
28455,1247,41,2,1,120
28456,1247,41,2,2,136
28457,1247,41,3,1,125
28458,1247,41,3,2,161
28459,1247,41,4,1,120
28460,1247,41,4,2,170
28461,1247,41,5,1,114
28462,1247,41,5,2,177
28463,1247,41,6,1,114
28464,1247,41,6,2,141
28465,1247,41,1,1,124
28466,1247,41,1,2,151
28467,1247,41,2,1,115
28468,1247,41,2,2,127
28469,1247,41,3,1,120
28470,1247,41,3,2,152
28471,1247,41,4,1,115
28472,1247,41,4,2,159
28473,1247,41,5,1,110
28474,1247,41,5,2,167
28475,1247,41,6,1,111
28476,1247,41,6,2,138
28477,1248,41,1,1,69
28478,1248,41,1,2,29
28479,1248,41,2,1,73
28480,1248,41,2,2,28
28481,1248,41,3,1,73
28482,1248,41,3,2,31
28483,1248,41,4,1,92
28484,1248,41,4,2,72
28485,1248,41,5,1,103
28486,1248,41,5,2,106
28487,1248,41,6,1,106
28488,1248,41,6,2,112
28489,1248,41,1,1,69
28490,1248,41,1,2,29
28491,1248,41,2,1,73
28492,1248,41,2,2,28
28493,1248,41,3,1,73
28494,1248,41,3,2,31
28495,1248,41,4,1,92
28496,1248,41,4,2,72
28497,1248,41,5,1,103
28498,1248,41,5,2,106
28499,1248,41,6,1,106
28500,1248,41,6,2,112
28501,1249,41,1,1,72
28502,1249,41,1,2,29
28503,1249,41,2,1,74
28504,1249,41,2,2,29
28505,1249,41,3,1,74
28506,1249,41,3,2,33
28507,1249,41,4,1,87
28508,1249,41,4,2,35
28509,1249,41,5,1,99
28510,1249,41,5,2,34
28511,1249,41,6,1,95
28512,1249,41,6,2,28
28513,1249,41,1,1,72
28514,1249,41,1,2,29
28515,1249,41,2,1,74
28516,1249,41,2,2,29
28517,1249,41,3,1,74
28518,1249,41,3,2,33
28519,1249,41,4,1,87
28520,1249,41,4,2,35
28521,1249,41,5,1,99
28522,1249,41,5,2,34
28523,1249,41,6,1,95
28524,1249,41,6,2,28
28525,1250,41,1,1,104
28526,1250,41,1,2,89
28527,1250,41,2,1,102
28528,1250,41,2,2,86
28529,1250,41,3,1,109
28530,1250,41,3,2,85
28531,1250,41,4,1,111
28532,1250,41,4,2,125
28533,1250,41,5,1,113
28534,1250,41,5,2,123
28535,1250,41,6,1,113
28536,1250,41,6,2,117
28537,1250,41,1,1,104
28538,1250,41,1,2,89
28539,1250,41,2,1,102
28540,1250,41,2,2,86
28541,1250,41,3,1,109
28542,1250,41,3,2,85
28543,1250,41,4,1,111
28544,1250,41,4,2,125
28545,1250,41,5,1,113
28546,1250,41,5,2,123
28547,1250,41,6,1,113
28548,1250,41,6,2,117
28549,1251,41,1,1,137
28550,1251,41,1,2,210
28551,1251,41,2,1,133
28552,1251,41,2,2,222
28553,1251,41,3,1,132
28554,1251,41,3,2,215
28555,1251,41,4,1,128
28556,1251,41,4,2,204
28557,1251,41,5,1,124
28558,1251,41,5,2,191
28559,1251,41,6,1,125
28560,1251,41,6,2,187
28561,1251,41,1,1,135
28562,1251,41,1,2,209
28563,1251,41,2,1,131
28564,1251,41,2,2,221
28565,1251,41,3,1,130
28566,1251,41,3,2,215
28567,1251,41,4,1,126
28568,1251,41,4,2,203
28569,1251,41,5,1,123
28570,1251,41,5,2,193
28571,1251,41,6,1,123
28572,1251,41,6,2,190
28573,1252,41,1,1,134
28574,1252,41,1,2,46
28575,1252,41,2,1,123
28576,1252,41,2,2,43
28577,1252,41,3,1,120
28578,1252,41,3,2,41
28579,1252,41,4,1,110
28580,1252,41,4,2,39
28581,1252,41,5,1,103
28582,1252,41,5,2,40
28583,1252,41,6,1,104
28584,1252,41,6,2,51
28585,1252,41,1,1,134
28586,1252,41,1,2,46
28587,1252,41,2,1,123
28588,1252,41,2,2,43
28589,1252,41,3,1,120
28590,1252,41,3,2,41
28591,1252,41,4,1,110
28592,1252,41,4,2,39
28593,1252,41,5,1,103
28594,1252,41,5,2,40
28595,1252,41,6,1,104
28596,1252,41,6,2,51
28597,1253,41,1,1,102
28598,1253,41,1,2,74
28599,1253,41,2,1,106
28600,1253,41,2,2,66
28601,1253,41,3,1,98
28602,1253,41,3,2,59
28603,1253,41,4,1,94
28604,1253,41,4,2,63
28605,1253,41,5,1,93
28606,1253,41,5,2,56
28607,1253,41,6,1,87
28608,1253,41,6,2,50
28609,1253,41,1,1,93
28610,1253,41,1,2,68
28611,1253,41,2,1,95
28612,1253,41,2,2,59
28613,1253,41,3,1,87
28614,1253,41,3,2,54
28615,1253,41,4,1,82
28616,1253,41,4,2,58
28617,1253,41,5,1,82
28618,1253,41,5,2,55
28619,1253,41,6,1,79
28620,1253,41,6,2,50
28621,1254,41,1,1,128
28622,1254,41,1,2,176
28623,1254,41,2,1,124
28624,1254,41,2,2,163
28625,1254,41,3,1,114
28626,1254,41,3,2,136
28627,1254,41,4,1,114
28628,1254,41,4,2,145
28629,1254,41,5,1,114
28630,1254,41,5,2,140
28631,1254,41,6,1,122
28632,1254,41,6,2,154
28633,1254,41,1,1,128
28634,1254,41,1,2,176
28635,1254,41,2,1,124
28636,1254,41,2,2,163
28637,1254,41,3,1,114
28638,1254,41,3,2,136
28639,1254,41,4,1,114
28640,1254,41,4,2,145
28641,1254,41,5,1,114
28642,1254,41,5,2,140
28643,1254,41,6,1,122
28644,1254,41,6,2,154
28645,1255,41,1,1,110
28646,1255,41,1,2,29
28647,1255,41,2,1,101
28648,1255,41,2,2,27
28649,1255,41,3,1,105
28650,1255,41,3,2,27
28651,1255,41,4,1,104
28652,1255,41,4,2,31
28653,1255,41,5,1,100
28654,1255,41,5,2,44
28655,1255,41,6,1,102
28656,1255,41,6,2,77
28657,1255,41,1,1,91
28658,1255,41,1,2,27
28659,1255,41,2,1,84
28660,1255,41,2,2,27
28661,1255,41,3,1,89
28662,1255,41,3,2,26
28663,1255,41,4,1,89
28664,1255,41,4,2,29
28665,1255,41,5,1,86
28666,1255,41,5,2,38
28667,1255,41,6,1,88
28668,1255,41,6,2,66
28669,1256,41,1,1,113
28670,1256,41,1,2,78
28671,1256,41,2,1,108
28672,1256,41,2,2,91
28673,1256,41,3,1,105
28674,1256,41,3,2,103
28675,1256,41,4,1,106
28676,1256,41,4,2,100
28677,1256,41,5,1,109
28678,1256,41,5,2,99
28679,1256,41,6,1,109
28680,1256,41,6,2,103
28681,1256,41,1,1,113
28682,1256,41,1,2,78
28683,1256,41,2,1,108
28684,1256,41,2,2,91
28685,1256,41,3,1,105
28686,1256,41,3,2,103
28687,1256,41,4,1,106
28688,1256,41,4,2,100
28689,1256,41,5,1,109
28690,1256,41,5,2,99
28691,1256,41,6,1,109
28692,1256,41,6,2,103
28693,1257,41,1,1,103
28694,1257,41,1,2,72
28695,1257,41,2,1,101
28696,1257,41,2,2,82
28697,1257,41,3,1,100
28698,1257,41,3,2,74
28699,1257,41,4,1,104
28700,1257,41,4,2,99
28701,1257,41,5,1,101
28702,1257,41,5,2,111
28703,1257,41,6,1,100
28704,1257,41,6,2,113
28705,1257,41,1,1,103
28706,1257,41,1,2,72
28707,1257,41,2,1,101
28708,1257,41,2,2,82
28709,1257,41,3,1,100
28710,1257,41,3,2,74
28711,1257,41,4,1,104
28712,1257,41,4,2,99
28713,1257,41,5,1,101
28714,1257,41,5,2,111
28715,1257,41,6,1,100
28716,1257,41,6,2,113
28717,1258,41,1,1,87
28718,1258,41,1,2,60
28719,1258,41,2,1,88
28720,1258,41,2,2,58
28721,1258,41,3,1,91
28722,1258,41,3,2,63
28723,1258,41,4,1,87
28724,1258,41,4,2,55
28725,1258,41,5,1,88
28726,1258,41,5,2,50
28727,1258,41,6,1,88
28728,1258,41,6,2,46
28729,1258,41,1,1,87
28730,1258,41,1,2,60
28731,1258,41,2,1,88
28732,1258,41,2,2,58
28733,1258,41,3,1,91
28734,1258,41,3,2,63
28735,1258,41,4,1,87
28736,1258,41,4,2,55
28737,1258,41,5,1,88
28738,1258,41,5,2,50
28739,1258,41,6,1,88
28740,1258,41,6,2,46
28741,1259,41,1,1,90
28742,1259,41,1,2,37
28743,1259,41,2,1,98
28744,1259,41,2,2,37
28745,1259,41,3,1,97
28746,1259,41,3,2,45
28747,1259,41,4,1,108
28748,1259,41,4,2,38
28749,1259,41,5,1,111
28750,1259,41,5,2,63
28751,1259,41,6,1,109
28752,1259,41,6,2,65
28753,1259,41,1,1,90
28754,1259,41,1,2,37
28755,1259,41,2,1,98
28756,1259,41,2,2,37
28757,1259,41,3,1,97
28758,1259,41,3,2,45
28759,1259,41,4,1,107
28760,1259,41,4,2,38
28761,1259,41,5,1,109
28762,1259,41,5,2,62
28763,1259,41,6,1,107
28764,1259,41,6,2,63
28765,1260,41,1,1,79
28766,1260,41,1,2,63
28767,1260,41,2,1,85
28768,1260,41,2,2,70
28769,1260,41,3,1,93
28770,1260,41,3,2,63
28771,1260,41,4,1,103
28772,1260,41,4,2,80
28773,1260,41,5,1,112
28774,1260,41,5,2,129
28775,1260,41,6,1,109
28776,1260,41,6,2,139
28777,1260,41,1,1,76
28778,1260,41,1,2,56
28779,1260,41,2,1,83
28780,1260,41,2,2,60
28781,1260,41,3,1,90
28782,1260,41,3,2,68
28783,1260,41,4,1,101
28784,1260,41,4,2,90
28785,1260,41,5,1,109
28786,1260,41,5,2,127
28787,1260,41,6,1,106
28788,1260,41,6,2,133
28789,1261,41,1,1,103
28790,1261,41,1,2,47
28791,1261,41,2,1,98
28792,1261,41,2,2,51
28793,1261,41,3,1,101
28794,1261,41,3,2,52
28795,1261,41,4,1,99
28796,1261,41,4,2,58
28797,1261,41,5,1,91
28798,1261,41,5,2,45
28799,1261,41,6,1,92
28800,1261,41,6,2,59
28801,1261,41,1,1,103
28802,1261,41,1,2,47
28803,1261,41,2,1,98
28804,1261,41,2,2,51
28805,1261,41,3,1,101
28806,1261,41,3,2,52
28807,1261,41,4,1,99
28808,1261,41,4,2,58
28809,1261,41,5,1,91
28810,1261,41,5,2,45
28811,1261,41,6,1,92
28812,1261,41,6,2,59
28813,1262,41,1,1,69
28814,1262,41,1,2,31
28815,1262,41,2,1,67
28816,1262,41,2,2,29
28817,1262,41,3,1,79
28818,1262,41,3,2,67
28819,1262,41,4,1,96
28820,1262,41,4,2,112
28821,1262,41,5,1,98
28822,1262,41,5,2,86
28823,1262,41,6,1,100
28824,1262,41,6,2,93
28825,1262,41,1,1,69
28826,1262,41,1,2,35
28827,1262,41,2,1,67
28828,1262,41,2,2,31
28829,1262,41,3,1,78
28830,1262,41,3,2,61
28831,1262,41,4,1,94
28832,1262,41,4,2,96
28833,1262,41,5,1,98
28834,1262,41,5,2,74
28835,1262,41,6,1,101
28836,1262,41,6,2,82
28837,1263,41,1,1,99
28838,1263,41,1,2,50
28839,1263,41,2,1,94
28840,1263,41,2,2,53
28841,1263,41,3,1,89
28842,1263,41,3,2,56
28843,1263,41,4,1,94
28844,1263,41,4,2,67
28845,1263,41,5,1,97
28846,1263,41,5,2,72
28847,1263,41,6,1,103
28848,1263,41,6,2,102
28849,1263,41,1,1,99
28850,1263,41,1,2,50
28851,1263,41,2,1,94
28852,1263,41,2,2,53
28853,1263,41,3,1,89
28854,1263,41,3,2,56
28855,1263,41,4,1,94
28856,1263,41,4,2,67
28857,1263,41,5,1,97
28858,1263,41,5,2,72
28859,1263,41,6,1,103
28860,1263,41,6,2,102
28861,1264,41,1,1,70
28862,1264,41,1,2,58
28863,1264,41,2,1,82
28864,1264,41,2,2,52
28865,1264,41,3,1,84
28866,1264,41,3,2,57
28867,1264,41,4,1,93
28868,1264,41,4,2,62
28869,1264,41,5,1,102
28870,1264,41,5,2,87
28871,1264,41,6,1,100
28872,1264,41,6,2,83
28873,1264,41,1,1,70
28874,1264,41,1,2,58
28875,1264,41,2,1,82
28876,1264,41,2,2,52
28877,1264,41,3,1,84
28878,1264,41,3,2,57
28879,1264,41,4,1,93
28880,1264,41,4,2,62
28881,1264,41,5,1,102
28882,1264,41,5,2,87
28883,1264,41,6,1,100
28884,1264,41,6,2,83
28885,1265,41,1,1,104
28886,1265,41,1,2,38
28887,1265,41,2,1,106
28888,1265,41,2,2,45
28889,1265,41,3,1,100
28890,1265,41,3,2,51
28891,1265,41,4,1,97
28892,1265,41,4,2,44
28893,1265,41,5,1,100
28894,1265,41,5,2,41
28895,1265,41,6,1,98
28896,1265,41,6,2,40
28897,1265,41,1,1,101
28898,1265,41,1,2,36
28899,1265,41,2,1,104
28900,1265,41,2,2,43
28901,1265,41,3,1,98
28902,1265,41,3,2,49
28903,1265,41,4,1,94
28904,1265,41,4,2,42
28905,1265,41,5,1,97
28906,1265,41,5,2,39
28907,1265,41,6,1,95
28908,1265,41,6,2,38
28909,1266,41,1,1,95
28910,1266,41,1,2,52
28911,1266,41,2,1,89
28912,1266,41,2,2,53
28913,1266,41,3,1,89
28914,1266,41,3,2,63
28915,1266,41,4,1,93
28916,1266,41,4,2,79
28917,1266,41,5,1,87
28918,1266,41,5,2,80
28919,1266,41,6,1,89
28920,1266,41,6,2,71
28921,1266,41,1,1,90
28922,1266,41,1,2,64
28923,1266,41,2,1,84
28924,1266,41,2,2,64
28925,1266,41,3,1,84
28926,1266,41,3,2,76
28927,1266,41,4,1,86
28928,1266,41,4,2,87
28929,1266,41,5,1,83
28930,1266,41,5,2,90
28931,1266,41,6,1,84
28932,1266,41,6,2,81
28933,1267,41,1,1,95
28934,1267,41,1,2,84
28935,1267,41,2,1,78
28936,1267,41,2,2,83
28937,1267,41,3,1,93
28938,1267,41,3,2,94
28939,1267,41,4,1,101
28940,1267,41,4,2,93
28941,1267,41,5,1,104
28942,1267,41,5,2,86
28943,1267,41,6,1,106
28944,1267,41,6,2,99
28945,1267,41,1,1,90
28946,1267,41,1,2,72
28947,1267,41,2,1,76
28948,1267,41,2,2,72
28949,1267,41,3,1,90
28950,1267,41,3,2,82
28951,1267,41,4,1,95
28952,1267,41,4,2,80
28953,1267,41,5,1,100
28954,1267,41,5,2,76
28955,1267,41,6,1,103
28956,1267,41,6,2,92
28957,1268,41,1,1,55
28958,1268,41,1,2,37
28959,1268,41,2,1,51
28960,1268,41,2,2,24
28961,1268,41,3,1,58
28962,1268,41,3,2,24
28963,1268,41,4,1,65
28964,1268,41,4,2,21
28965,1268,41,5,1,84
28966,1268,41,5,2,48
28967,1268,41,6,1,89
28968,1268,41,6,2,59
28969,1268,41,1,1,55
28970,1268,41,1,2,37
28971,1268,41,2,1,51
28972,1268,41,2,2,24
28973,1268,41,3,1,58
28974,1268,41,3,2,24
28975,1268,41,4,1,65
28976,1268,41,4,2,21
28977,1268,41,5,1,84
28978,1268,41,5,2,48
28979,1268,41,6,1,89
28980,1268,41,6,2,59
28981,1269,41,1,1,109
28982,1269,41,1,2,76
28983,1269,41,2,1,113
28984,1269,41,2,2,69
28985,1269,41,3,1,117
28986,1269,41,3,2,74
28987,1269,41,4,1,112
28988,1269,41,4,2,91
28989,1269,41,5,1,104
28990,1269,41,5,2,98
28991,1269,41,6,1,99
28992,1269,41,6,2,97
28993,1269,41,1,1,99
28994,1269,41,1,2,70
28995,1269,41,2,1,102
28996,1269,41,2,2,65
28997,1269,41,3,1,106
28998,1269,41,3,2,68
28999,1269,41,4,1,100
29000,1269,41,4,2,86
29001,1269,41,5,1,90
29002,1269,41,5,2,87
29003,1269,41,6,1,89
29004,1269,41,6,2,90
29005,1270,41,1,1,95
29006,1270,41,1,2,109
29007,1270,41,2,1,93
29008,1270,41,2,2,99
29009,1270,41,3,1,97
29010,1270,41,3,2,94
29011,1270,41,4,1,101
29012,1270,41,4,2,101
29013,1270,41,5,1,98
29014,1270,41,5,2,95
29015,1270,41,6,1,105
29016,1270,41,6,2,91
29017,1270,41,1,1,91
29018,1270,41,1,2,103
29019,1270,41,2,1,88
29020,1270,41,2,2,92
29021,1270,41,3,1,92
29022,1270,41,3,2,88
29023,1270,41,4,1,95
29024,1270,41,4,2,92
29025,1270,41,5,1,94
29026,1270,41,5,2,94
29027,1270,41,6,1,101
29028,1270,41,6,2,86
29029,1271,41,1,1,86
29030,1271,41,1,2,93
29031,1271,41,2,1,92
29032,1271,41,2,2,110
29033,1271,41,3,1,97
29034,1271,41,3,2,148
29035,1271,41,4,1,94
29036,1271,41,4,2,145
29037,1271,41,5,1,88
29038,1271,41,5,2,135
29039,1271,41,6,1,85
29040,1271,41,6,2,117
29041,1271,41,1,1,87
29042,1271,41,1,2,101
29043,1271,41,2,1,92
29044,1271,41,2,2,113
29045,1271,41,3,1,96
29046,1271,41,3,2,148
29047,1271,41,4,1,90
29048,1271,41,4,2,137
29049,1271,41,5,1,86
29050,1271,41,5,2,130
29051,1271,41,6,1,82
29052,1271,41,6,2,112
29053,1272,41,1,1,80
29054,1272,41,1,2,56
29055,1272,41,2,1,77
29056,1272,41,2,2,52
29057,1272,41,3,1,78
29058,1272,41,3,2,55
29059,1272,41,4,1,82
29060,1272,41,4,2,69
29061,1272,41,5,1,89
29062,1272,41,5,2,89
29063,1272,41,6,1,87
29064,1272,41,6,2,92
29065,1272,41,1,1,79
29066,1272,41,1,2,55
29067,1272,41,2,1,76
29068,1272,41,2,2,53
29069,1272,41,3,1,78
29070,1272,41,3,2,57
29071,1272,41,4,1,81
29072,1272,41,4,2,70
29073,1272,41,5,1,88
29074,1272,41,5,2,91
29075,1272,41,6,1,87
29076,1272,41,6,2,92
29077,1273,41,1,1,114
29078,1273,41,1,2,179
29079,1273,41,2,1,101
29080,1273,41,2,2,193
29081,1273,41,3,1,94
29082,1273,41,3,2,175
29083,1273,41,4,1,94
29084,1273,41,4,2,167
29085,1273,41,5,1,96
29086,1273,41,5,2,148
29087,1273,41,6,1,94
29088,1273,41,6,2,126
29089,1273,41,1,1,102
29090,1273,41,1,2,148
29091,1273,41,2,1,93
29092,1273,41,2,2,163
29093,1273,41,3,1,87
29094,1273,41,3,2,146
29095,1273,41,4,1,84
29096,1273,41,4,2,133
29097,1273,41,5,1,89
29098,1273,41,5,2,123
29099,1273,41,6,1,90
29100,1273,41,6,2,112
29101,1274,41,1,1,74
29102,1274,41,1,2,64
29103,1274,41,2,1,71
29104,1274,41,2,2,52
29105,1274,41,3,1,77
29106,1274,41,3,2,57
29107,1274,41,4,1,81
29108,1274,41,4,2,76
29109,1274,41,5,1,78
29110,1274,41,5,2,55
29111,1274,41,6,1,83
29112,1274,41,6,2,69
29113,1274,41,1,1,63
29114,1274,41,1,2,56
29115,1274,41,2,1,64
29116,1274,41,2,2,48
29117,1274,41,3,1,66
29118,1274,41,3,2,50
29119,1274,41,4,1,70
29120,1274,41,4,2,64
29121,1274,41,5,1,71
29122,1274,41,5,2,52
29123,1274,41,6,1,75
29124,1274,41,6,2,67
29125,1275,41,1,1,94
29126,1275,41,1,2,44
29127,1275,41,2,1,91
29128,1275,41,2,2,42
29129,1275,41,3,1,101
29130,1275,41,3,2,58
29131,1275,41,4,1,102
29132,1275,41,4,2,63
29133,1275,41,5,1,102
29134,1275,41,5,2,65
29135,1275,41,6,1,110
29136,1275,41,6,2,120
29137,1275,41,1,1,94
29138,1275,41,1,2,44
29139,1275,41,2,1,91
29140,1275,41,2,2,42
29141,1275,41,3,1,101
29142,1275,41,3,2,58
29143,1275,41,4,1,102
29144,1275,41,4,2,63
29145,1275,41,5,1,102
29146,1275,41,5,2,65
29147,1275,41,6,1,110
29148,1275,41,6,2,120
29149,1276,41,1,1,71
29150,1276,41,1,2,44
29151,1276,41,2,1,70
29152,1276,41,2,2,42
29153,1276,41,3,1,84
29154,1276,41,3,2,51
29155,1276,41,4,1,97
29156,1276,41,4,2,80
29157,1276,41,5,1,97
29158,1276,41,5,2,93
29159,1276,41,6,1,97
29160,1276,41,6,2,84
29161,1276,41,1,1,71
29162,1276,41,1,2,43
29163,1276,41,2,1,67
29164,1276,41,2,2,42
29165,1276,41,3,1,82
29166,1276,41,3,2,48
29167,1276,41,4,1,95
29168,1276,41,4,2,75
29169,1276,41,5,1,96
29170,1276,41,5,2,91
29171,1276,41,6,1,96
29172,1276,41,6,2,84
29173,1277,41,1,1,76
29174,1277,41,1,2,54
29175,1277,41,2,1,84
29176,1277,41,2,2,58
29177,1277,41,3,1,85
29178,1277,41,3,2,72
29179,1277,41,4,1,95
29180,1277,41,4,2,129
29181,1277,41,5,1,95
29182,1277,41,5,2,128
29183,1277,41,6,1,95
29184,1277,41,6,2,126
29185,1277,41,1,1,73
29186,1277,41,1,2,55
29187,1277,41,2,1,81
29188,1277,41,2,2,55
29189,1277,41,3,1,82
29190,1277,41,3,2,71
29191,1277,41,4,1,92
29192,1277,41,4,2,123
29193,1277,41,5,1,92
29194,1277,41,5,2,123
29195,1277,41,6,1,92
29196,1277,41,6,2,121
29197,1278,41,1,1,99
29198,1278,41,1,2,87
29199,1278,41,2,1,98
29200,1278,41,2,2,82
29201,1278,41,3,1,98
29202,1278,41,3,2,84
29203,1278,41,4,1,100
29204,1278,41,4,2,85
29205,1278,41,5,1,100
29206,1278,41,5,2,88
29207,1278,41,6,1,99
29208,1278,41,6,2,84
29209,1278,41,1,1,99
29210,1278,41,1,2,87
29211,1278,41,2,1,98
29212,1278,41,2,2,82
29213,1278,41,3,1,98
29214,1278,41,3,2,84
29215,1278,41,4,1,100
29216,1278,41,4,2,85
29217,1278,41,5,1,100
29218,1278,41,5,2,88
29219,1278,41,6,1,99
29220,1278,41,6,2,84
29221,1279,41,1,1,91
29222,1279,41,1,2,138
29223,1279,41,2,1,92
29224,1279,41,2,2,116
29225,1279,41,3,1,100
29226,1279,41,3,2,114
29227,1279,41,4,1,97
29228,1279,41,4,2,110
29229,1279,41,5,1,102
29230,1279,41,5,2,114
29231,1279,41,6,1,104
29232,1279,41,6,2,126
29233,1279,41,1,1,91
29234,1279,41,1,2,138
29235,1279,41,2,1,92
29236,1279,41,2,2,116
29237,1279,41,3,1,100
29238,1279,41,3,2,114
29239,1279,41,4,1,97
29240,1279,41,4,2,110
29241,1279,41,5,1,102
29242,1279,41,5,2,114
29243,1279,41,6,1,104
29244,1279,41,6,2,126
29245,1280,41,1,1,70
29246,1280,41,1,2,26
29247,1280,41,2,1,71
29248,1280,41,2,2,27
29249,1280,41,3,1,79
29250,1280,41,3,2,27
29251,1280,41,4,1,80
29252,1280,41,4,2,26
29253,1280,41,5,1,89
29254,1280,41,5,2,26
29255,1280,41,6,1,90
29256,1280,41,6,2,32
29257,1280,41,1,1,70
29258,1280,41,1,2,26
29259,1280,41,2,1,71
29260,1280,41,2,2,27
29261,1280,41,3,1,79
29262,1280,41,3,2,27
29263,1280,41,4,1,80
29264,1280,41,4,2,26
29265,1280,41,5,1,89
29266,1280,41,5,2,26
29267,1280,41,6,1,90
29268,1280,41,6,2,32
29269,1281,41,1,1,74
29270,1281,41,1,2,80
29271,1281,41,2,1,88
29272,1281,41,2,2,119
29273,1281,41,3,1,97
29274,1281,41,3,2,129
29275,1281,41,4,1,97
29276,1281,41,4,2,124
29277,1281,41,5,1,95
29278,1281,41,5,2,115
29279,1281,41,6,1,93
29280,1281,41,6,2,153
29281,1281,41,1,1,68
29282,1281,41,1,2,80
29283,1281,41,2,1,79
29284,1281,41,2,2,113
29285,1281,41,3,1,86
29286,1281,41,3,2,121
29287,1281,41,4,1,83
29288,1281,41,4,2,111
29289,1281,41,5,1,83
29290,1281,41,5,2,108
29291,1281,41,6,1,82
29292,1281,41,6,2,134
29293,1282,41,1,1,69
29294,1282,41,1,2,33
29295,1282,41,2,1,74
29296,1282,41,2,2,32
29297,1282,41,3,1,72
29298,1282,41,3,2,29
29299,1282,41,4,1,80
29300,1282,41,4,2,46
29301,1282,41,5,1,88
29302,1282,41,5,2,58
29303,1282,41,6,1,92
29304,1282,41,6,2,63
29305,1282,41,1,1,69
29306,1282,41,1,2,33
29307,1282,41,2,1,74
29308,1282,41,2,2,32
29309,1282,41,3,1,72
29310,1282,41,3,2,29
29311,1282,41,4,1,80
29312,1282,41,4,2,46
29313,1282,41,5,1,88
29314,1282,41,5,2,58
29315,1282,41,6,1,92
29316,1282,41,6,2,63
29317,1283,41,1,1,118
29318,1283,41,1,2,124
29319,1283,41,2,1,121
29320,1283,41,2,2,119
29321,1283,41,3,1,109
29322,1283,41,3,2,92
29323,1283,41,4,1,111
29324,1283,41,4,2,99
29325,1283,41,5,1,111
29326,1283,41,5,2,83
29327,1283,41,6,1,102
29328,1283,41,6,2,75
29329,1283,41,1,1,118
29330,1283,41,1,2,124
29331,1283,41,2,1,121
29332,1283,41,2,2,119
29333,1283,41,3,1,109
29334,1283,41,3,2,92
29335,1283,41,4,1,111
29336,1283,41,4,2,99
29337,1283,41,5,1,111
29338,1283,41,5,2,83
29339,1283,41,6,1,102
29340,1283,41,6,2,75
29341,1284,41,1,1,92
29342,1284,41,1,2,35
29343,1284,41,2,1,87
29344,1284,41,2,2,39
29345,1284,41,3,1,84
29346,1284,41,3,2,37
29347,1284,41,4,1,77
29348,1284,41,4,2,40
29349,1284,41,5,1,81
29350,1284,41,5,2,40
29351,1284,41,6,1,81
29352,1284,41,6,2,50
29353,1284,41,1,1,92
29354,1284,41,1,2,35
29355,1284,41,2,1,87
29356,1284,41,2,2,39
29357,1284,41,3,1,84
29358,1284,41,3,2,37
29359,1284,41,4,1,77
29360,1284,41,4,2,40
29361,1284,41,5,1,81
29362,1284,41,5,2,40
29363,1284,41,6,1,81
29364,1284,41,6,2,50
29365,1285,41,1,1,72
29366,1285,41,1,2,35
29367,1285,41,2,1,67
29368,1285,41,2,2,38
29369,1285,41,3,1,76
29370,1285,41,3,2,43
29371,1285,41,4,1,92
29372,1285,41,4,2,41
29373,1285,41,5,1,98
29374,1285,41,5,2,57
29375,1285,41,6,1,103
29376,1285,41,6,2,78
29377,1285,41,1,1,72
29378,1285,41,1,2,35
29379,1285,41,2,1,67
29380,1285,41,2,2,38
29381,1285,41,3,1,76
29382,1285,41,3,2,43
29383,1285,41,4,1,92
29384,1285,41,4,2,41
29385,1285,41,5,1,98
29386,1285,41,5,2,57
29387,1285,41,6,1,103
29388,1285,41,6,2,78
29389,1286,41,1,1,73
29390,1286,41,1,2,31
29391,1286,41,2,1,70
29392,1286,41,2,2,27
29393,1286,41,3,1,73
29394,1286,41,3,2,27
29395,1286,41,4,1,81
29396,1286,41,4,2,24
29397,1286,41,5,1,87
29398,1286,41,5,2,21
29399,1286,41,6,1,84
29400,1286,41,6,2,21
29401,1286,41,1,1,73
29402,1286,41,1,2,31
29403,1286,41,2,1,70
29404,1286,41,2,2,27
29405,1286,41,3,1,73
29406,1286,41,3,2,27
29407,1286,41,4,1,81
29408,1286,41,4,2,24
29409,1286,41,5,1,87
29410,1286,41,5,2,21
29411,1286,41,6,1,84
29412,1286,41,6,2,21
29413,1287,41,1,1,77
29414,1287,41,1,2,30
29415,1287,41,2,1,84
29416,1287,41,2,2,28
29417,1287,41,3,1,78
29418,1287,41,3,2,27
29419,1287,41,4,1,89
29420,1287,41,4,2,23
29421,1287,41,5,1,93
29422,1287,41,5,2,26
29423,1287,41,6,1,102
29424,1287,41,6,2,75
29425,1287,41,1,1,77
29426,1287,41,1,2,30
29427,1287,41,2,1,84
29428,1287,41,2,2,28
29429,1287,41,3,1,78
29430,1287,41,3,2,27
29431,1287,41,4,1,89
29432,1287,41,4,2,23
29433,1287,41,5,1,93
29434,1287,41,5,2,26
29435,1287,41,6,1,102
29436,1287,41,6,2,75
29437,1288,41,1,1,93
29438,1288,41,1,2,52
29439,1288,41,2,1,97
29440,1288,41,2,2,47
29441,1288,41,3,1,92
29442,1288,41,3,2,46
29443,1288,41,4,1,99
29444,1288,41,4,2,53
29445,1288,41,5,1,102
29446,1288,41,5,2,56
29447,1288,41,6,1,101
29448,1288,41,6,2,55
29449,1288,41,1,1,93
29450,1288,41,1,2,52
29451,1288,41,2,1,97
29452,1288,41,2,2,47
29453,1288,41,3,1,92
29454,1288,41,3,2,46
29455,1288,41,4,1,99
29456,1288,41,4,2,53
29457,1288,41,5,1,102
29458,1288,41,5,2,56
29459,1288,41,6,1,101
29460,1288,41,6,2,55
29461,1289,41,1,1,109
29462,1289,41,1,2,92
29463,1289,41,2,1,110
29464,1289,41,2,2,95
29465,1289,41,3,1,103
29466,1289,41,3,2,94
29467,1289,41,4,1,106
29468,1289,41,4,2,115
29469,1289,41,5,1,106
29470,1289,41,5,2,113
29471,1289,41,6,1,106
29472,1289,41,6,2,142
29473,1289,41,1,1,105
29474,1289,41,1,2,81
29475,1289,41,2,1,106
29476,1289,41,2,2,83
29477,1289,41,3,1,99
29478,1289,41,3,2,82
29479,1289,41,4,1,101
29480,1289,41,4,2,99
29481,1289,41,5,1,102
29482,1289,41,5,2,97
29483,1289,41,6,1,103
29484,1289,41,6,2,132
29485,1290,41,1,1,70
29486,1290,41,1,2,48
29487,1290,41,2,1,74
29488,1290,41,2,2,59
29489,1290,41,3,1,82
29490,1290,41,3,2,78
29491,1290,41,4,1,95
29492,1290,41,4,2,63
29493,1290,41,5,1,101
29494,1290,41,5,2,81
29495,1290,41,6,1,108
29496,1290,41,6,2,97
29497,1290,41,1,1,63
29498,1290,41,1,2,43
29499,1290,41,2,1,69
29500,1290,41,2,2,55
29501,1290,41,3,1,74
29502,1290,41,3,2,70
29503,1290,41,4,1,88
29504,1290,41,4,2,58
29505,1290,41,5,1,94
29506,1290,41,5,2,72
29507,1290,41,6,1,104
29508,1290,41,6,2,89
29509,1291,41,1,1,75
29510,1291,41,1,2,36
29511,1291,41,2,1,75
29512,1291,41,2,2,36
29513,1291,41,3,1,69
29514,1291,41,3,2,53
29515,1291,41,4,1,71
29516,1291,41,4,2,63
29517,1291,41,5,1,76
29518,1291,41,5,2,60
29519,1291,41,6,1,76
29520,1291,41,6,2,69
29521,1291,41,1,1,71
29522,1291,41,1,2,34
29523,1291,41,2,1,73
29524,1291,41,2,2,32
29525,1291,41,3,1,72
29526,1291,41,3,2,37
29527,1291,41,4,1,74
29528,1291,41,4,2,53
29529,1291,41,5,1,78
29530,1291,41,5,2,45
29531,1291,41,6,1,91
29532,1291,41,6,2,90
29533,1292,41,1,1,95
29534,1292,41,1,2,116
29535,1292,41,2,1,97
29536,1292,41,2,2,111
29537,1292,41,3,1,103
29538,1292,41,3,2,113
29539,1292,41,4,1,114
29540,1292,41,4,2,141
29541,1292,41,5,1,121
29542,1292,41,5,2,178
29543,1292,41,6,1,116
29544,1292,41,6,2,140
29545,1292,41,1,1,95
29546,1292,41,1,2,116
29547,1292,41,2,1,97
29548,1292,41,2,2,111
29549,1292,41,3,1,103
29550,1292,41,3,2,113
29551,1292,41,4,1,114
29552,1292,41,4,2,141
29553,1292,41,5,1,121
29554,1292,41,5,2,178
29555,1292,41,6,1,116
29556,1292,41,6,2,140
29557,1293,41,1,1,110
29558,1293,41,1,2,165
29559,1293,41,2,1,100
29560,1293,41,2,2,194
29561,1293,41,3,1,93
29562,1293,41,3,2,174
29563,1293,41,4,1,90
29564,1293,41,4,2,152
29565,1293,41,5,1,85
29566,1293,41,5,2,138
29567,1293,41,6,1,88
29568,1293,41,6,2,114
29569,1293,41,1,1,109
29570,1293,41,1,2,162
29571,1293,41,2,1,99
29572,1293,41,2,2,189
29573,1293,41,3,1,93
29574,1293,41,3,2,168
29575,1293,41,4,1,88
29576,1293,41,4,2,145
29577,1293,41,5,1,84
29578,1293,41,5,2,132
29579,1293,41,6,1,87
29580,1293,41,6,2,111
29581,1294,41,1,1,89
29582,1294,41,1,2,69
29583,1294,41,2,1,89
29584,1294,41,2,2,60
29585,1294,41,3,1,83
29586,1294,41,3,2,52
29587,1294,41,4,1,81
29588,1294,41,4,2,52
29589,1294,41,5,1,98
29590,1294,41,5,2,72
29591,1294,41,6,1,107
29592,1294,41,6,2,113
29593,1294,41,1,1,77
29594,1294,41,1,2,56
29595,1294,41,2,1,81
29596,1294,41,2,2,52
29597,1294,41,3,1,74
29598,1294,41,3,2,47
29599,1294,41,4,1,72
29600,1294,41,4,2,48
29601,1294,41,5,1,86
29602,1294,41,5,2,61
29603,1294,41,6,1,96
29604,1294,41,6,2,99
29605,1295,41,1,1,106
29606,1295,41,1,2,81
29607,1295,41,2,1,108
29608,1295,41,2,2,66
29609,1295,41,3,1,109
29610,1295,41,3,2,54
29611,1295,41,4,1,107
29612,1295,41,4,2,57
29613,1295,41,5,1,116
29614,1295,41,5,2,69
29615,1295,41,6,1,115
29616,1295,41,6,2,80
29617,1295,41,1,1,106
29618,1295,41,1,2,81
29619,1295,41,2,1,108
29620,1295,41,2,2,66
29621,1295,41,3,1,109
29622,1295,41,3,2,54
29623,1295,41,4,1,107
29624,1295,41,4,2,57
29625,1295,41,5,1,116
29626,1295,41,5,2,69
29627,1295,41,6,1,115
29628,1295,41,6,2,80
29629,1296,41,1,1,75
29630,1296,41,1,2,28
29631,1296,41,2,1,72
29632,1296,41,2,2,23
29633,1296,41,3,1,79
29634,1296,41,3,2,24
29635,1296,41,4,1,87
29636,1296,41,4,2,27
29637,1296,41,5,1,89
29638,1296,41,5,2,44
29639,1296,41,6,1,100
29640,1296,41,6,2,84
29641,1296,41,1,1,75
29642,1296,41,1,2,28
29643,1296,41,2,1,72
29644,1296,41,2,2,23
29645,1296,41,3,1,79
29646,1296,41,3,2,24
29647,1296,41,4,1,87
29648,1296,41,4,2,27
29649,1296,41,5,1,89
29650,1296,41,5,2,44
29651,1296,41,6,1,100
29652,1296,41,6,2,84
29653,1297,41,1,1,68
29654,1297,41,1,2,49
29655,1297,41,2,1,73
29656,1297,41,2,2,54
29657,1297,41,3,1,79
29658,1297,41,3,2,63
29659,1297,41,4,1,92
29660,1297,41,4,2,115
29661,1297,41,5,1,94
29662,1297,41,5,2,138
29663,1297,41,6,1,85
29664,1297,41,6,2,117
29665,1297,41,1,1,66
29666,1297,41,1,2,48
29667,1297,41,2,1,69
29668,1297,41,2,2,52
29669,1297,41,3,1,75
29670,1297,41,3,2,62
29671,1297,41,4,1,87
29672,1297,41,4,2,110
29673,1297,41,5,1,90
29674,1297,41,5,2,136
29675,1297,41,6,1,82
29676,1297,41,6,2,114
29677,1298,41,1,1,129
29678,1298,41,1,2,85
29679,1298,41,2,1,119
29680,1298,41,2,2,118
29681,1298,41,3,1,124
29682,1298,41,3,2,177
29683,1298,41,4,1,123
29684,1298,41,4,2,175
29685,1298,41,5,1,109
29686,1298,41,5,2,173
29687,1298,41,6,1,104
29688,1298,41,6,2,144
29689,1298,41,1,1,116
29690,1298,41,1,2,81
29691,1298,41,2,1,109
29692,1298,41,2,2,117
29693,1298,41,3,1,114
29694,1298,41,3,2,173
29695,1298,41,4,1,116
29696,1298,41,4,2,173
29697,1298,41,5,1,103
29698,1298,41,5,2,167
29699,1298,41,6,1,97
29700,1298,41,6,2,135
29701,1299,41,1,1,122
29702,1299,41,1,2,69
29703,1299,41,2,1,116
29704,1299,41,2,2,64
29705,1299,41,3,1,121
29706,1299,41,3,2,55
29707,1299,41,4,1,120
29708,1299,41,4,2,77
29709,1299,41,5,1,115
29710,1299,41,5,2,123
29711,1299,41,6,1,113
29712,1299,41,6,2,114
29713,1299,41,1,1,122
29714,1299,41,1,2,69
29715,1299,41,2,1,116
29716,1299,41,2,2,64
29717,1299,41,3,1,121
29718,1299,41,3,2,55
29719,1299,41,4,1,120
29720,1299,41,4,2,77
29721,1299,41,5,1,115
29722,1299,41,5,2,123
29723,1299,41,6,1,113
29724,1299,41,6,2,114
29725,1300,41,1,1,113
29726,1300,41,1,2,69
29727,1300,41,2,1,109
29728,1300,41,2,2,80
29729,1300,41,3,1,111
29730,1300,41,3,2,93
29731,1300,41,4,1,107
29732,1300,41,4,2,85
29733,1300,41,5,1,109
29734,1300,41,5,2,79
29735,1300,41,6,1,112
29736,1300,41,6,2,93
29737,1300,41,1,1,111
29738,1300,41,1,2,68
29739,1300,41,2,1,106
29740,1300,41,2,2,78
29741,1300,41,3,1,108
29742,1300,41,3,2,90
29743,1300,41,4,1,104
29744,1300,41,4,2,83
29745,1300,41,5,1,106
29746,1300,41,5,2,78
29747,1300,41,6,1,110
29748,1300,41,6,2,92
29749,1301,41,1,1,70
29750,1301,41,1,2,38
29751,1301,41,2,1,74
29752,1301,41,2,2,39
29753,1301,41,3,1,79
29754,1301,41,3,2,43
29755,1301,41,4,1,95
29756,1301,41,4,2,61
29757,1301,41,5,1,103
29758,1301,41,5,2,87
29759,1301,41,6,1,99
29760,1301,41,6,2,75
29761,1301,41,1,1,70
29762,1301,41,1,2,38
29763,1301,41,2,1,74
29764,1301,41,2,2,39
29765,1301,41,3,1,79
29766,1301,41,3,2,43
29767,1301,41,4,1,95
29768,1301,41,4,2,61
29769,1301,41,5,1,103
29770,1301,41,5,2,87
29771,1301,41,6,1,99
29772,1301,41,6,2,75
29773,1302,41,1,1,110
29774,1302,41,1,2,37
29775,1302,41,2,1,111
29776,1302,41,2,2,35
29777,1302,41,3,1,113
29778,1302,41,3,2,34
29779,1302,41,4,1,109
29780,1302,41,4,2,36
29781,1302,41,5,1,112
29782,1302,41,5,2,43
29783,1302,41,6,1,113
29784,1302,41,6,2,89
29785,1302,41,1,1,114
29786,1302,41,1,2,36
29787,1302,41,2,1,111
29788,1302,41,2,2,39
29789,1302,41,3,1,104
29790,1302,41,3,2,37
29791,1302,41,4,1,89
29792,1302,41,4,2,36
29793,1302,41,5,1,99
29794,1302,41,5,2,45
29795,1302,41,6,1,103
29796,1302,41,6,2,73
29797,1303,41,1,1,83
29798,1303,41,1,2,27
29799,1303,41,2,1,64
29800,1303,41,2,2,24
29801,1303,41,3,1,82
29802,1303,41,3,2,24
29803,1303,41,4,1,92
29804,1303,41,4,2,31
29805,1303,41,5,1,102
29806,1303,41,5,2,70
29807,1303,41,6,1,102
29808,1303,41,6,2,72
29809,1303,41,1,1,83
29810,1303,41,1,2,27
29811,1303,41,2,1,64
29812,1303,41,2,2,24
29813,1303,41,3,1,82
29814,1303,41,3,2,24
29815,1303,41,4,1,92
29816,1303,41,4,2,31
29817,1303,41,5,1,102
29818,1303,41,5,2,70
29819,1303,41,6,1,102
29820,1303,41,6,2,72
29821,1304,41,1,1,97
29822,1304,41,1,2,29
29823,1304,41,2,1,84
29824,1304,41,2,2,28
29825,1304,41,3,1,78
29826,1304,41,3,2,29
29827,1304,41,4,1,76
29828,1304,41,4,2,40
29829,1304,41,5,1,95
29830,1304,41,5,2,82
29831,1304,41,6,1,128
29832,1304,41,6,2,181
29833,1304,41,1,1,97
29834,1304,41,1,2,29
29835,1304,41,2,1,84
29836,1304,41,2,2,28
29837,1304,41,3,1,78
29838,1304,41,3,2,29
29839,1304,41,4,1,76
29840,1304,41,4,2,40
29841,1304,41,5,1,95
29842,1304,41,5,2,82
29843,1304,41,6,1,128
29844,1304,41,6,2,181
29845,1305,41,1,1,84
29846,1305,41,1,2,41
29847,1305,41,2,1,85
29848,1305,41,2,2,32
29849,1305,41,3,1,88
29850,1305,41,3,2,45
29851,1305,41,4,1,88
29852,1305,41,4,2,38
29853,1305,41,5,1,88
29854,1305,41,5,2,40
29855,1305,41,6,1,90
29856,1305,41,6,2,61
29857,1305,41,1,1,84
29858,1305,41,1,2,41
29859,1305,41,2,1,85
29860,1305,41,2,2,32
29861,1305,41,3,1,88
29862,1305,41,3,2,45
29863,1305,41,4,1,88
29864,1305,41,4,2,38
29865,1305,41,5,1,88
29866,1305,41,5,2,40
29867,1305,41,6,1,90
29868,1305,41,6,2,61
29869,1306,41,1,1,77
29870,1306,41,1,2,37
29871,1306,41,2,1,83
29872,1306,41,2,2,33
29873,1306,41,3,1,71
29874,1306,41,3,2,30
29875,1306,41,4,1,86
29876,1306,41,4,2,31
29877,1306,41,5,1,92
29878,1306,41,5,2,36
29879,1306,41,6,1,91
29880,1306,41,6,2,58
29881,1306,41,1,1,77
29882,1306,41,1,2,39
29883,1306,41,2,1,82
29884,1306,41,2,2,34
29885,1306,41,3,1,70
29886,1306,41,3,2,32
29887,1306,41,4,1,85
29888,1306,41,4,2,36
29889,1306,41,5,1,92
29890,1306,41,5,2,38
29891,1306,41,6,1,91
29892,1306,41,6,2,60
29893,1307,41,1,1,78
29894,1307,41,1,2,43
29895,1307,41,2,1,74
29896,1307,41,2,2,60
29897,1307,41,3,1,90
29898,1307,41,3,2,76
29899,1307,41,4,1,100
29900,1307,41,4,2,67
29901,1307,41,5,1,107
29902,1307,41,5,2,110
29903,1307,41,6,1,105
29904,1307,41,6,2,115
29905,1307,41,1,1,75
29906,1307,41,1,2,43
29907,1307,41,2,1,70
29908,1307,41,2,2,58
29909,1307,41,3,1,86
29910,1307,41,3,2,72
29911,1307,41,4,1,94
29912,1307,41,4,2,64
29913,1307,41,5,1,101
29914,1307,41,5,2,105
29915,1307,41,6,1,98
29916,1307,41,6,2,114
29917,1308,41,1,1,63
29918,1308,41,1,2,51
29919,1308,41,2,1,59
29920,1308,41,2,2,44
29921,1308,41,3,1,82
29922,1308,41,3,2,58
29923,1308,41,4,1,97
29924,1308,41,4,2,68
29925,1308,41,5,1,106
29926,1308,41,5,2,92
29927,1308,41,6,1,98
29928,1308,41,6,2,100
29929,1308,41,1,1,63
29930,1308,41,1,2,51
29931,1308,41,2,1,59
29932,1308,41,2,2,44
29933,1308,41,3,1,82
29934,1308,41,3,2,58
29935,1308,41,4,1,97
29936,1308,41,4,2,68
29937,1308,41,5,1,106
29938,1308,41,5,2,92
29939,1308,41,6,1,98
29940,1308,41,6,2,100
29941,1309,41,1,1,76
29942,1309,41,1,2,38
29943,1309,41,2,1,75
29944,1309,41,2,2,32
29945,1309,41,3,1,68
29946,1309,41,3,2,30
29947,1309,41,4,1,79
29948,1309,41,4,2,26
29949,1309,41,5,1,91
29950,1309,41,5,2,30
29951,1309,41,6,1,98
29952,1309,41,6,2,47
29953,1309,41,1,1,76
29954,1309,41,1,2,38
29955,1309,41,2,1,75
29956,1309,41,2,2,32
29957,1309,41,3,1,68
29958,1309,41,3,2,30
29959,1309,41,4,1,79
29960,1309,41,4,2,26
29961,1309,41,5,1,91
29962,1309,41,5,2,30
29963,1309,41,6,1,98
29964,1309,41,6,2,47
29965,1310,41,1,1,109
29966,1310,41,1,2,102
29967,1310,41,2,1,109
29968,1310,41,2,2,96
29969,1310,41,3,1,119
29970,1310,41,3,2,95
29971,1310,41,4,1,112
29972,1310,41,4,2,109
29973,1310,41,5,1,101
29974,1310,41,5,2,105
29975,1310,41,6,1,100
29976,1310,41,6,2,85
29977,1310,41,1,1,106
29978,1310,41,1,2,99
29979,1310,41,2,1,107
29980,1310,41,2,2,94
29981,1310,41,3,1,117
29982,1310,41,3,2,93
29983,1310,41,4,1,106
29984,1310,41,4,2,103
29985,1310,41,5,1,96
29986,1310,41,5,2,99
29987,1310,41,6,1,95
29988,1310,41,6,2,80
29989,111,41,1,1,136
29990,111,41,1,2,192
29991,111,41,2,1,137
29992,111,41,2,2,182
29993,111,41,3,1,123
29994,111,41,3,2,171
29995,111,41,4,1,120
29996,111,41,4,2,153
29997,111,41,5,1,115
29998,111,41,5,2,147
29999,111,41,6,1,116
30000,111,41,6,2,134
30001,111,41,1,1,125
30002,111,41,1,2,178
30003,111,41,2,1,126
30004,111,41,2,2,170
30005,111,41,3,1,114
30006,111,41,3,2,161
30007,111,41,4,1,110
30008,111,41,4,2,144
30009,111,41,5,1,105
30010,111,41,5,2,138
30011,111,41,6,1,107
30012,111,41,6,2,127
30013,1311,41,1,1,79
30014,1311,41,1,2,85
30015,1311,41,2,1,77
30016,1311,41,2,2,79
30017,1311,41,3,1,87
30018,1311,41,3,2,77
30019,1311,41,4,1,82
30020,1311,41,4,2,76
30021,1311,41,5,1,85
30022,1311,41,5,2,90
30023,1311,41,6,1,91
30024,1311,41,6,2,82
30025,1311,41,1,1,78
30026,1311,41,1,2,84
30027,1311,41,2,1,75
30028,1311,41,2,2,77
30029,1311,41,3,1,86
30030,1311,41,3,2,76
30031,1311,41,4,1,81
30032,1311,41,4,2,75
30033,1311,41,5,1,84
30034,1311,41,5,2,89
30035,1311,41,6,1,90
30036,1311,41,6,2,80
30037,1312,41,1,1,81
30038,1312,41,1,2,43
30039,1312,41,2,1,79
30040,1312,41,2,2,39
30041,1312,41,3,1,84
30042,1312,41,3,2,40
30043,1312,41,4,1,89
30044,1312,41,4,2,46
30045,1312,41,5,1,105
30046,1312,41,5,2,98
30047,1312,41,6,1,105
30048,1312,41,6,2,108
30049,1312,41,1,1,78
30050,1312,41,1,2,42
30051,1312,41,2,1,77
30052,1312,41,2,2,38
30053,1312,41,3,1,83
30054,1312,41,3,2,42
30055,1312,41,4,1,86
30056,1312,41,4,2,51
30057,1312,41,5,1,102
30058,1312,41,5,2,98
30059,1312,41,6,1,102
30060,1312,41,6,2,107
30061,1313,41,1,1,95
30062,1313,41,1,2,84
30063,1313,41,2,1,94
30064,1313,41,2,2,89
30065,1313,41,3,1,100
30066,1313,41,3,2,80
30067,1313,41,4,1,104
30068,1313,41,4,2,105
30069,1313,41,5,1,109
30070,1313,41,5,2,111
30071,1313,41,6,1,104
30072,1313,41,6,2,81
30073,1313,41,1,1,95
30074,1313,41,1,2,84
30075,1313,41,2,1,94
30076,1313,41,2,2,89
30077,1313,41,3,1,100
30078,1313,41,3,2,80
30079,1313,41,4,1,104
30080,1313,41,4,2,105
30081,1313,41,5,1,109
30082,1313,41,5,2,111
30083,1313,41,6,1,104
30084,1313,41,6,2,81
30085,1314,41,1,1,100
30086,1314,41,1,2,143
30087,1314,41,2,1,100
30088,1314,41,2,2,88
30089,1314,41,3,1,103
30090,1314,41,3,2,63
30091,1314,41,4,1,102
30092,1314,41,4,2,127
30093,1314,41,5,1,103
30094,1314,41,5,2,144
30095,1314,41,6,1,99
30096,1314,41,6,2,153
30097,1314,41,1,1,100
30098,1314,41,1,2,143
30099,1314,41,2,1,100
30100,1314,41,2,2,88
30101,1314,41,3,1,103
30102,1314,41,3,2,63
30103,1314,41,4,1,102
30104,1314,41,4,2,127
30105,1314,41,5,1,103
30106,1314,41,5,2,144
30107,1314,41,6,1,99
30108,1314,41,6,2,153
30109,1315,41,1,1,95
30110,1315,41,1,2,48
30111,1315,41,2,1,92
30112,1315,41,2,2,46
30113,1315,41,3,1,93
30114,1315,41,3,2,49
30115,1315,41,4,1,89
30116,1315,41,4,2,49
30117,1315,41,5,1,86
30118,1315,41,5,2,51
30119,1315,41,6,1,85
30120,1315,41,6,2,52
30121,1315,41,1,1,95
30122,1315,41,1,2,48
30123,1315,41,2,1,92
30124,1315,41,2,2,46
30125,1315,41,3,1,93
30126,1315,41,3,2,49
30127,1315,41,4,1,89
30128,1315,41,4,2,49
30129,1315,41,5,1,86
30130,1315,41,5,2,51
30131,1315,41,6,1,85
30132,1315,41,6,2,52
30133,1316,41,1,1,94
30134,1316,41,1,2,56
30135,1316,41,2,1,90
30136,1316,41,2,2,49
30137,1316,41,3,1,95
30138,1316,41,3,2,43
30139,1316,41,4,1,96
30140,1316,41,4,2,35
30141,1316,41,5,1,86
30142,1316,41,5,2,41
30143,1316,41,6,1,96
30144,1316,41,6,2,51
30145,1316,41,1,1,94
30146,1316,41,1,2,56
30147,1316,41,2,1,90
30148,1316,41,2,2,49
30149,1316,41,3,1,95
30150,1316,41,3,2,43
30151,1316,41,4,1,96
30152,1316,41,4,2,35
30153,1316,41,5,1,86
30154,1316,41,5,2,41
30155,1316,41,6,1,96
30156,1316,41,6,2,51
30157,1317,41,1,1,93
30158,1317,41,1,2,36
30159,1317,41,2,1,92
30160,1317,41,2,2,36
30161,1317,41,3,1,98
30162,1317,41,3,2,39
30163,1317,41,4,1,90
30164,1317,41,4,2,29
30165,1317,41,5,1,94
30166,1317,41,5,2,30
30167,1317,41,6,1,100
30168,1317,41,6,2,32
30169,1317,41,1,1,93
30170,1317,41,1,2,36
30171,1317,41,2,1,92
30172,1317,41,2,2,36
30173,1317,41,3,1,98
30174,1317,41,3,2,39
30175,1317,41,4,1,90
30176,1317,41,4,2,29
30177,1317,41,5,1,94
30178,1317,41,5,2,30
30179,1317,41,6,1,100
30180,1317,41,6,2,32
30181,1318,41,1,1,98
30182,1318,41,1,2,101
30183,1318,41,2,1,105
30184,1318,41,2,2,97
30185,1318,41,3,1,101
30186,1318,41,3,2,112
30187,1318,41,4,1,101
30188,1318,41,4,2,114
30189,1318,41,5,1,109
30190,1318,41,5,2,113
30191,1318,41,6,1,104
30192,1318,41,6,2,104
30193,1318,41,1,1,98
30194,1318,41,1,2,101
30195,1318,41,2,1,105
30196,1318,41,2,2,97
30197,1318,41,3,1,101
30198,1318,41,3,2,112
30199,1318,41,4,1,101
30200,1318,41,4,2,114
30201,1318,41,5,1,109
30202,1318,41,5,2,113
30203,1318,41,6,1,104
30204,1318,41,6,2,104
30205,1319,41,1,1,67
30206,1319,41,1,2,73
30207,1319,41,2,1,69
30208,1319,41,2,2,72
30209,1319,41,3,1,75
30210,1319,41,3,2,93
30211,1319,41,4,1,92
30212,1319,41,4,2,130
30213,1319,41,5,1,99
30214,1319,41,5,2,132
30215,1319,41,6,1,95
30216,1319,41,6,2,125
30217,1319,41,1,1,67
30218,1319,41,1,2,73
30219,1319,41,2,1,69
30220,1319,41,2,2,72
30221,1319,41,3,1,75
30222,1319,41,3,2,93
30223,1319,41,4,1,92
30224,1319,41,4,2,130
30225,1319,41,5,1,99
30226,1319,41,5,2,132
30227,1319,41,6,1,95
30228,1319,41,6,2,125
30229,1320,41,1,1,89
30230,1320,41,1,2,77
30231,1320,41,2,1,102
30232,1320,41,2,2,64
30233,1320,41,3,1,105
30234,1320,41,3,2,65
30235,1320,41,4,1,119
30236,1320,41,4,2,107
30237,1320,41,5,1,127
30238,1320,41,5,2,126
30239,1320,41,6,1,126
30240,1320,41,6,2,132
30241,1320,41,1,1,89
30242,1320,41,1,2,77
30243,1320,41,2,1,102
30244,1320,41,2,2,64
30245,1320,41,3,1,105
30246,1320,41,3,2,65
30247,1320,41,4,1,119
30248,1320,41,4,2,107
30249,1320,41,5,1,127
30250,1320,41,5,2,126
30251,1320,41,6,1,126
30252,1320,41,6,2,132
30253,1321,41,1,1,107
30254,1321,41,1,2,82
30255,1321,41,2,1,103
30256,1321,41,2,2,103
30257,1321,41,3,1,105
30258,1321,41,3,2,112
30259,1321,41,4,1,101
30260,1321,41,4,2,106
30261,1321,41,5,1,103
30262,1321,41,5,2,104
30263,1321,41,6,1,103
30264,1321,41,6,2,116
30265,1321,41,1,1,107
30266,1321,41,1,2,78
30267,1321,41,2,1,102
30268,1321,41,2,2,98
30269,1321,41,3,1,104
30270,1321,41,3,2,108
30271,1321,41,4,1,100
30272,1321,41,4,2,102
30273,1321,41,5,1,101
30274,1321,41,5,2,99
30275,1321,41,6,1,101
30276,1321,41,6,2,110
30277,1322,41,1,1,86
30278,1322,41,1,2,40
30279,1322,41,2,1,84
30280,1322,41,2,2,40
30281,1322,41,3,1,95
30282,1322,41,3,2,55
30283,1322,41,4,1,96
30284,1322,41,4,2,49
30285,1322,41,5,1,105
30286,1322,41,5,2,48
30287,1322,41,6,1,110
30288,1322,41,6,2,69
30289,1322,41,1,1,86
30290,1322,41,1,2,40
30291,1322,41,2,1,84
30292,1322,41,2,2,40
30293,1322,41,3,1,95
30294,1322,41,3,2,55
30295,1322,41,4,1,96
30296,1322,41,4,2,49
30297,1322,41,5,1,105
30298,1322,41,5,2,48
30299,1322,41,6,1,110
30300,1322,41,6,2,69
30301,1323,41,1,1,113
30302,1323,41,1,2,43
30303,1323,41,2,1,114
30304,1323,41,2,2,39
30305,1323,41,3,1,106
30306,1323,41,3,2,41
30307,1323,41,4,1,108
30308,1323,41,4,2,35
30309,1323,41,5,1,103
30310,1323,41,5,2,24
30311,1323,41,6,1,104
30312,1323,41,6,2,26
30313,1323,41,1,1,113
30314,1323,41,1,2,43
30315,1323,41,2,1,114
30316,1323,41,2,2,39
30317,1323,41,3,1,106
30318,1323,41,3,2,41
30319,1323,41,4,1,108
30320,1323,41,4,2,35
30321,1323,41,5,1,103
30322,1323,41,5,2,24
30323,1323,41,6,1,104
30324,1323,41,6,2,26
30325,1324,41,1,1,125
30326,1324,41,1,2,144
30327,1324,41,2,1,114
30328,1324,41,2,2,131
30329,1324,41,3,1,114
30330,1324,41,3,2,113
30331,1324,41,4,1,119
30332,1324,41,4,2,106
30333,1324,41,5,1,110
30334,1324,41,5,2,94
30335,1324,41,6,1,102
30336,1324,41,6,2,88
30337,1325,41,1,1,118
30338,1325,41,1,2,192
30339,1325,41,2,1,116
30340,1325,41,2,2,186
30341,1325,41,3,1,120
30342,1325,41,3,2,168
30343,1325,41,4,1,119
30344,1325,41,4,2,155
30345,1325,41,5,1,109
30346,1325,41,5,2,138
30347,1325,41,6,1,97
30348,1325,41,6,2,108
30349,1326,41,1,1,99
30350,1326,41,1,2,100
30351,1326,41,2,1,108
30352,1326,41,2,2,99
30353,1326,41,3,1,97
30354,1326,41,3,2,87
30355,1326,41,4,1,97
30356,1326,41,4,2,90
30357,1326,41,5,1,98
30358,1326,41,5,2,111
30359,1326,41,6,1,98
30360,1326,41,6,2,138
30361,1326,41,1,1,103
30362,1326,41,1,2,86
30363,1326,41,2,1,107
30364,1326,41,2,2,85
30365,1326,41,3,1,98
30366,1326,41,3,2,78
30367,1326,41,4,1,100
30368,1326,41,4,2,86
30369,1326,41,5,1,101
30370,1326,41,5,2,111
30371,1326,41,6,1,102
30372,1326,41,6,2,136
30373,1327,41,1,1,107
30374,1327,41,1,2,78
30375,1327,41,2,1,92
30376,1327,41,2,2,69
30377,1327,41,3,1,108
30378,1327,41,3,2,80
30379,1327,41,4,1,109
30380,1327,41,4,2,83
30381,1327,41,5,1,110
30382,1327,41,5,2,92
30383,1327,41,6,1,110
30384,1327,41,6,2,93
30385,1327,41,1,1,106
30386,1327,41,1,2,78
30387,1327,41,2,1,92
30388,1327,41,2,2,69
30389,1327,41,3,1,107
30390,1327,41,3,2,79
30391,1327,41,4,1,108
30392,1327,41,4,2,82
30393,1327,41,5,1,109
30394,1327,41,5,2,91
30395,1327,41,6,1,110
30396,1327,41,6,2,92
30397,1328,41,1,1,106
30398,1328,41,1,2,138
30399,1328,41,2,1,111
30400,1328,41,2,2,126
30401,1328,41,3,1,111
30402,1328,41,3,2,110
30403,1328,41,4,1,109
30404,1328,41,4,2,102
30405,1328,41,5,1,115
30406,1328,41,5,2,97
30407,1328,41,6,1,115
30408,1328,41,6,2,97
30409,1328,41,1,1,101
30410,1328,41,1,2,119
30411,1328,41,2,1,107
30412,1328,41,2,2,110
30413,1328,41,3,1,108
30414,1328,41,3,2,98
30415,1328,41,4,1,106
30416,1328,41,4,2,91
30417,1328,41,5,1,112
30418,1328,41,5,2,87
30419,1328,41,6,1,115
30420,1328,41,6,2,91
30421,1329,41,1,1,120
30422,1329,41,1,2,210
30423,1329,41,2,1,122
30424,1329,41,2,2,206
30425,1329,41,3,1,113
30426,1329,41,3,2,209
30427,1329,41,4,1,113
30428,1329,41,4,2,189
30429,1329,41,5,1,114
30430,1329,41,5,2,177
30431,1329,41,6,1,117
30432,1329,41,6,2,179
30433,1329,41,1,1,112
30434,1329,41,1,2,191
30435,1329,41,2,1,115
30436,1329,41,2,2,188
30437,1329,41,3,1,107
30438,1329,41,3,2,190
30439,1329,41,4,1,108
30440,1329,41,4,2,178
30441,1329,41,5,1,110
30442,1329,41,5,2,171
30443,1329,41,6,1,114
30444,1329,41,6,2,174
30445,1330,41,1,1,108
30446,1330,41,1,2,139
30447,1330,41,2,1,107
30448,1330,41,2,2,150
30449,1330,41,3,1,110
30450,1330,41,3,2,151
30451,1330,41,4,1,112
30452,1330,41,4,2,146
30453,1330,41,5,1,106
30454,1330,41,5,2,135
30455,1330,41,6,1,103
30456,1330,41,6,2,123
30457,1330,41,1,1,105
30458,1330,41,1,2,136
30459,1330,41,2,1,102
30460,1330,41,2,2,145
30461,1330,41,3,1,105
30462,1330,41,3,2,140
30463,1330,41,4,1,107
30464,1330,41,4,2,133
30465,1330,41,5,1,103
30466,1330,41,5,2,125
30467,1330,41,6,1,101
30468,1330,41,6,2,118
30469,1331,41,1,1,93
30470,1331,41,1,2,101
30471,1331,41,2,1,95
30472,1331,41,2,2,97
30473,1331,41,3,1,99
30474,1331,41,3,2,88
30475,1331,41,4,1,108
30476,1331,41,4,2,95
30477,1331,41,5,1,109
30478,1331,41,5,2,92
30479,1331,41,6,1,106
30480,1331,41,6,2,84
30481,1331,41,1,1,89
30482,1331,41,1,2,81
30483,1331,41,2,1,90
30484,1331,41,2,2,78
30485,1331,41,3,1,96
30486,1331,41,3,2,77
30487,1331,41,4,1,105
30488,1331,41,4,2,91
30489,1331,41,5,1,106
30490,1331,41,5,2,88
30491,1331,41,6,1,103
30492,1331,41,6,2,80
30493,1332,41,1,1,105
30494,1332,41,1,2,42
30495,1332,41,2,1,101
30496,1332,41,2,2,41
30497,1332,41,3,1,110
30498,1332,41,3,2,68
30499,1332,41,4,1,121
30500,1332,41,4,2,119
30501,1332,41,5,1,120
30502,1332,41,5,2,143
30503,1332,41,6,1,116
30504,1332,41,6,2,146
30505,1332,41,1,1,99
30506,1332,41,1,2,62
30507,1332,41,2,1,99
30508,1332,41,2,2,65
30509,1332,41,3,1,109
30510,1332,41,3,2,85
30511,1332,41,4,1,118
30512,1332,41,4,2,130
30513,1332,41,5,1,112
30514,1332,41,5,2,141
30515,1332,41,6,1,111
30516,1332,41,6,2,142
30517,1333,41,1,1,129
30518,1333,41,1,2,226
30519,1333,41,2,1,125
30520,1333,41,2,2,199
30521,1333,41,3,1,122
30522,1333,41,3,2,183
30523,1333,41,4,1,119
30524,1333,41,4,2,170
30525,1333,41,5,1,119
30526,1333,41,5,2,148
30527,1333,41,6,1,115
30528,1333,41,6,2,133
30529,1333,41,1,1,121
30530,1333,41,1,2,181
30531,1333,41,2,1,119
30532,1333,41,2,2,157
30533,1333,41,3,1,117
30534,1333,41,3,2,148
30535,1333,41,4,1,114
30536,1333,41,4,2,140
30537,1333,41,5,1,115
30538,1333,41,5,2,127
30539,1333,41,6,1,113
30540,1333,41,6,2,118
30541,1334,41,1,1,110
30542,1334,41,1,2,70
30543,1334,41,2,1,105
30544,1334,41,2,2,71
30545,1334,41,3,1,108
30546,1334,41,3,2,79
30547,1334,41,4,1,102
30548,1334,41,4,2,79
30549,1334,41,5,1,100
30550,1334,41,5,2,85
30551,1334,41,6,1,100
30552,1334,41,6,2,90
30553,1334,41,1,1,107
30554,1334,41,1,2,67
30555,1334,41,2,1,103
30556,1334,41,2,2,67
30557,1334,41,3,1,105
30558,1334,41,3,2,75
30559,1334,41,4,1,98
30560,1334,41,4,2,73
30561,1334,41,5,1,98
30562,1334,41,5,2,79
30563,1334,41,6,1,98
30564,1334,41,6,2,85
30565,1335,41,1,1,130
30566,1335,41,1,2,161
30567,1335,41,2,1,129
30568,1335,41,2,2,159
30569,1335,41,3,1,122
30570,1335,41,3,2,158
30571,1335,41,4,1,117
30572,1335,41,4,2,138
30573,1335,41,5,1,111
30574,1335,41,5,2,125
30575,1335,41,6,1,111
30576,1335,41,6,2,124
30577,1335,41,1,1,127
30578,1335,41,1,2,148
30579,1335,41,2,1,127
30580,1335,41,2,2,146
30581,1335,41,3,1,119
30582,1335,41,3,2,145
30583,1335,41,4,1,114
30584,1335,41,4,2,126
30585,1335,41,5,1,108
30586,1335,41,5,2,116
30587,1335,41,6,1,108
30588,1335,41,6,2,116
30589,1336,41,1,1,83
30590,1336,41,1,2,67
30591,1336,41,2,1,91
30592,1336,41,2,2,64
30593,1336,41,3,1,97
30594,1336,41,3,2,62
30595,1336,41,4,1,109
30596,1336,41,4,2,69
30597,1336,41,5,1,109
30598,1336,41,5,2,69
30599,1336,41,6,1,105
30600,1336,41,6,2,64
30601,1336,41,1,1,80
30602,1336,41,1,2,57
30603,1336,41,2,1,86
30604,1336,41,2,2,55
30605,1336,41,3,1,93
30606,1336,41,3,2,55
30607,1336,41,4,1,103
30608,1336,41,4,2,60
30609,1336,41,5,1,104
30610,1336,41,5,2,63
30611,1336,41,6,1,101
30612,1336,41,6,2,60
30613,1337,41,1,1,104
30614,1337,41,1,2,97
30615,1337,41,2,1,111
30616,1337,41,2,2,99
30617,1337,41,3,1,107
30618,1337,41,3,2,103
30619,1337,41,4,1,112
30620,1337,41,4,2,108
30621,1337,41,5,1,110
30622,1337,41,5,2,107
30623,1337,41,6,1,107
30624,1337,41,6,2,90
30625,1337,41,1,1,98
30626,1337,41,1,2,72
30627,1337,41,2,1,102
30628,1337,41,2,2,71
30629,1337,41,3,1,99
30630,1337,41,3,2,71
30631,1337,41,4,1,103
30632,1337,41,4,2,75
30633,1337,41,5,1,103
30634,1337,41,5,2,76
30635,1337,41,6,1,101
30636,1337,41,6,2,67
30637,1338,41,1,1,124
30638,1338,41,1,2,144
30639,1338,41,2,1,123
30640,1338,41,2,2,146
30641,1338,41,3,1,120
30642,1338,41,3,2,132
30643,1338,41,4,1,122
30644,1338,41,4,2,125
30645,1338,41,5,1,123
30646,1338,41,5,2,141
30647,1338,41,6,1,124
30648,1338,41,6,2,142
30649,1338,41,1,1,124
30650,1338,41,1,2,159
30651,1338,41,2,1,121
30652,1338,41,2,2,157
30653,1338,41,3,1,118
30654,1338,41,3,2,144
30655,1338,41,4,1,118
30656,1338,41,4,2,136
30657,1338,41,5,1,120
30658,1338,41,5,2,147
30659,1338,41,6,1,118
30660,1338,41,6,2,142
30661,1339,41,1,1,108
30662,1339,41,1,2,90
30663,1339,41,2,1,104
30664,1339,41,2,2,98
30665,1339,41,3,1,106
30666,1339,41,3,2,119
30667,1339,41,4,1,108
30668,1339,41,4,2,122
30669,1339,41,5,1,111
30670,1339,41,5,2,136
30671,1339,41,6,1,112
30672,1339,41,6,2,154
30673,1339,41,1,1,104
30674,1339,41,1,2,87
30675,1339,41,2,1,101
30676,1339,41,2,2,97
30677,1339,41,3,1,102
30678,1339,41,3,2,115
30679,1339,41,4,1,103
30680,1339,41,4,2,118
30681,1339,41,5,1,108
30682,1339,41,5,2,132
30683,1339,41,6,1,109
30684,1339,41,6,2,150
30685,1340,41,1,1,101
30686,1340,41,1,2,76
30687,1340,41,2,1,107
30688,1340,41,2,2,75
30689,1340,41,3,1,106
30690,1340,41,3,2,70
30691,1340,41,4,1,109
30692,1340,41,4,2,79
30693,1340,41,5,1,113
30694,1340,41,5,2,77
30695,1340,41,6,1,112
30696,1340,41,6,2,72
30697,1340,41,1,1,105
30698,1340,41,1,2,106
30699,1340,41,2,1,114
30700,1340,41,2,2,104
30701,1340,41,3,1,111
30702,1340,41,3,2,102
30703,1340,41,4,1,114
30704,1340,41,4,2,107
30705,1340,41,5,1,117
30706,1340,41,5,2,106
30707,1340,41,6,1,115
30708,1340,41,6,2,98
30709,1341,41,1,1,107
30710,1341,41,1,2,125
30711,1341,41,2,1,118
30712,1341,41,2,2,108
30713,1341,41,3,1,112
30714,1341,41,3,2,105
30715,1341,41,4,1,120
30716,1341,41,4,2,151
30717,1341,41,5,1,115
30718,1341,41,5,2,134
30719,1341,41,6,1,111
30720,1341,41,6,2,137
30721,1341,41,1,1,99
30722,1341,41,1,2,100
30723,1341,41,2,1,109
30724,1341,41,2,2,93
30725,1341,41,3,1,104
30726,1341,41,3,2,95
30727,1341,41,4,1,109
30728,1341,41,4,2,125
30729,1341,41,5,1,106
30730,1341,41,5,2,115
30731,1341,41,6,1,105
30732,1341,41,6,2,121
30733,1342,41,1,1,90
30734,1342,41,1,2,104
30735,1342,41,2,1,92
30736,1342,41,2,2,107
30737,1342,41,3,1,98
30738,1342,41,3,2,96
30739,1342,41,4,1,82
30740,1342,41,4,2,79
30741,1342,41,5,1,63
30742,1342,41,5,2,60
30743,1342,41,6,1,58
30744,1342,41,6,2,56
30745,1342,41,1,1,88
30746,1342,41,1,2,101
30747,1342,41,2,1,95
30748,1342,41,2,2,117
30749,1342,41,3,1,106
30750,1342,41,3,2,135
30751,1342,41,4,1,89
30752,1342,41,4,2,104
30753,1342,41,5,1,75
30754,1342,41,5,2,91
30755,1342,41,6,1,71
30756,1342,41,6,2,85
30757,1343,41,1,1,121
30758,1343,41,1,2,164
30759,1343,41,2,1,123
30760,1343,41,2,2,171
30761,1343,41,3,1,120
30762,1343,41,3,2,175
30763,1343,41,4,1,115
30764,1343,41,4,2,165
30765,1343,41,5,1,110
30766,1343,41,5,2,153
30767,1343,41,6,1,113
30768,1343,41,6,2,155
30769,1343,41,1,1,120
30770,1343,41,1,2,168
30771,1343,41,2,1,121
30772,1343,41,2,2,179
30773,1343,41,3,1,118
30774,1343,41,3,2,176
30775,1343,41,4,1,114
30776,1343,41,4,2,167
30777,1343,41,5,1,109
30778,1343,41,5,2,162
30779,1343,41,6,1,111
30780,1343,41,6,2,160
30781,1344,41,1,1,104
30782,1344,41,1,2,138
30783,1344,41,2,1,109
30784,1344,41,2,2,160
30785,1344,41,3,1,109
30786,1344,41,3,2,150
30787,1344,41,4,1,114
30788,1344,41,4,2,168
30789,1344,41,5,1,115
30790,1344,41,5,2,160
30791,1344,41,6,1,107
30792,1344,41,6,2,138
30793,1344,41,1,1,100
30794,1344,41,1,2,135
30795,1344,41,2,1,105
30796,1344,41,2,2,158
30797,1344,41,3,1,105
30798,1344,41,3,2,152
30799,1344,41,4,1,109
30800,1344,41,4,2,171
30801,1344,41,5,1,111
30802,1344,41,5,2,167
30803,1344,41,6,1,105
30804,1344,41,6,2,143
30805,1345,41,1,1,106
30806,1345,41,1,2,39
30807,1345,41,2,1,97
30808,1345,41,2,2,46
30809,1345,41,3,1,107
30810,1345,41,3,2,77
30811,1345,41,4,1,116
30812,1345,41,4,2,139
30813,1345,41,5,1,119
30814,1345,41,5,2,151
30815,1345,41,6,1,118
30816,1345,41,6,2,149
30817,1345,41,1,1,107
30818,1345,41,1,2,37
30819,1345,41,2,1,99
30820,1345,41,2,2,42
30821,1345,41,3,1,107
30822,1345,41,3,2,69
30823,1345,41,4,1,115
30824,1345,41,4,2,126
30825,1345,41,5,1,119
30826,1345,41,5,2,146
30827,1345,41,6,1,117
30828,1345,41,6,2,142
30829,1346,41,1,1,108
30830,1346,41,1,2,172
30831,1346,41,2,1,105
30832,1346,41,2,2,176
30833,1346,41,3,1,111
30834,1346,41,3,2,168
30835,1346,41,4,1,113
30836,1346,41,4,2,151
30837,1346,41,5,1,108
30838,1346,41,5,2,141
30839,1346,41,6,1,102
30840,1346,41,6,2,122
30841,1346,41,1,1,107
30842,1346,41,1,2,160
30843,1346,41,2,1,106
30844,1346,41,2,2,162
30845,1346,41,3,1,111
30846,1346,41,3,2,155
30847,1346,41,4,1,110
30848,1346,41,4,2,136
30849,1346,41,5,1,107
30850,1346,41,5,2,131
30851,1346,41,6,1,102
30852,1346,41,6,2,115
30853,1347,41,1,1,96
30854,1347,41,1,2,101
30855,1347,41,2,1,92
30856,1347,41,2,2,98
30857,1347,41,3,1,93
30858,1347,41,3,2,86
30859,1347,41,4,1,105
30860,1347,41,4,2,117
30861,1347,41,5,1,109
30862,1347,41,5,2,114
30863,1347,41,6,1,102
30864,1347,41,6,2,100
30865,1347,41,1,1,99
30866,1347,41,1,2,107
30867,1347,41,2,1,98
30868,1347,41,2,2,104
30869,1347,41,3,1,96
30870,1347,41,3,2,96
30871,1347,41,4,1,106
30872,1347,41,4,2,117
30873,1347,41,5,1,109
30874,1347,41,5,2,117
30875,1347,41,6,1,104
30876,1347,41,6,2,106
30877,1348,41,1,1,101
30878,1348,41,1,2,151
30879,1348,41,2,1,93
30880,1348,41,2,2,125
30881,1348,41,3,1,103
30882,1348,41,3,2,105
30883,1348,41,4,1,114
30884,1348,41,4,2,98
30885,1348,41,5,1,112
30886,1348,41,5,2,100
30887,1348,41,6,1,108
30888,1348,41,6,2,97
30889,1348,41,1,1,96
30890,1348,41,1,2,131
30891,1348,41,2,1,89
30892,1348,41,2,2,108
30893,1348,41,3,1,99
30894,1348,41,3,2,94
30895,1348,41,4,1,108
30896,1348,41,4,2,86
30897,1348,41,5,1,108
30898,1348,41,5,2,91
30899,1348,41,6,1,106
30900,1348,41,6,2,95
30901,1349,41,1,1,85
30902,1349,41,1,2,107
30903,1349,41,2,1,84
30904,1349,41,2,2,100
30905,1349,41,3,1,94
30906,1349,41,3,2,86
30907,1349,41,4,1,101
30908,1349,41,4,2,91
30909,1349,41,5,1,105
30910,1349,41,5,2,97
30911,1349,41,6,1,102
30912,1349,41,6,2,89
30913,1349,41,1,1,83
30914,1349,41,1,2,90
30915,1349,41,2,1,82
30916,1349,41,2,2,84
30917,1349,41,3,1,93
30918,1349,41,3,2,72
30919,1349,41,4,1,100
30920,1349,41,4,2,76
30921,1349,41,5,1,104
30922,1349,41,5,2,78
30923,1349,41,6,1,104
30924,1349,41,6,2,83
30925,1350,41,1,1,116
30926,1350,41,1,2,83
30927,1350,41,2,1,109
30928,1350,41,2,2,84
30929,1350,41,3,1,113
30930,1350,41,3,2,81
30931,1350,41,4,1,106
30932,1350,41,4,2,73
30933,1350,41,5,1,99
30934,1350,41,5,2,69
30935,1350,41,6,1,97
30936,1350,41,6,2,73
30937,1350,41,1,1,111
30938,1350,41,1,2,77
30939,1350,41,2,1,105
30940,1350,41,2,2,78
30941,1350,41,3,1,109
30942,1350,41,3,2,75
30943,1350,41,4,1,101
30944,1350,41,4,2,67
30945,1350,41,5,1,95
30946,1350,41,5,2,63
30947,1350,41,6,1,93
30948,1350,41,6,2,67
30949,1351,41,1,1,109
30950,1351,41,1,2,194
30951,1351,41,2,1,108
30952,1351,41,2,2,181
30953,1351,41,3,1,102
30954,1351,41,3,2,169
30955,1351,41,4,1,106
30956,1351,41,4,2,157
30957,1351,41,5,1,98
30958,1351,41,5,2,126
30959,1351,41,6,1,92
30960,1351,41,6,2,103
30961,1351,41,1,1,116
30962,1351,41,1,2,169
30963,1351,41,2,1,112
30964,1351,41,2,2,155
30965,1351,41,3,1,106
30966,1351,41,3,2,151
30967,1351,41,4,1,107
30968,1351,41,4,2,126
30969,1351,41,5,1,100
30970,1351,41,5,2,106
30971,1351,41,6,1,98
30972,1351,41,6,2,100
30973,1352,41,1,1,136
30974,1352,41,1,2,225
30975,1352,41,2,1,127
30976,1352,41,2,2,211
30977,1352,41,3,1,120
30978,1352,41,3,2,193
30979,1352,41,4,1,122
30980,1352,41,4,2,203
30981,1352,41,5,1,123
30982,1352,41,5,2,180
30983,1352,41,6,1,120
30984,1352,41,6,2,163
30985,1352,41,1,1,133
30986,1352,41,1,2,212
30987,1352,41,2,1,124
30988,1352,41,2,2,199
30989,1352,41,3,1,118
30990,1352,41,3,2,181
30991,1352,41,4,1,121
30992,1352,41,4,2,191
30993,1352,41,5,1,121
30994,1352,41,5,2,171
30995,1352,41,6,1,119
30996,1352,41,6,2,155
30997,1353,41,1,1,101
30998,1353,41,1,2,106
30999,1353,41,2,1,105
31000,1353,41,2,2,102
31001,1353,41,3,1,104
31002,1353,41,3,2,121
31003,1353,41,4,1,106
31004,1353,41,4,2,113
31005,1353,41,5,1,104
31006,1353,41,5,2,109
31007,1353,41,6,1,106
31008,1353,41,6,2,95
31009,1353,41,1,1,93
31010,1353,41,1,2,96
31011,1353,41,2,1,98
31012,1353,41,2,2,97
31013,1353,41,3,1,96
31014,1353,41,3,2,114
31015,1353,41,4,1,98
31016,1353,41,4,2,103
31017,1353,41,5,1,97
31018,1353,41,5,2,102
31019,1353,41,6,1,102
31020,1353,41,6,2,99
31021,1354,41,1,1,116
31022,1354,41,1,2,152
31023,1354,41,2,1,125
31024,1354,41,2,2,150
31025,1354,41,3,1,120
31026,1354,41,3,2,147
31027,1354,41,4,1,122
31028,1354,41,4,2,150
31029,1354,41,5,1,121
31030,1354,41,5,2,144
31031,1354,41,6,1,118
31032,1354,41,6,2,134
31033,1354,41,1,1,116
31034,1354,41,1,2,152
31035,1354,41,2,1,125
31036,1354,41,2,2,150
31037,1354,41,3,1,120
31038,1354,41,3,2,147
31039,1354,41,4,1,122
31040,1354,41,4,2,150
31041,1354,41,5,1,121
31042,1354,41,5,2,144
31043,1354,41,6,1,118
31044,1354,41,6,2,134
31045,1355,41,1,1,94
31046,1355,41,1,2,40
31047,1355,41,2,1,91
31048,1355,41,2,2,40
31049,1355,41,3,1,92
31050,1355,41,3,2,41
31051,1355,41,4,1,94
31052,1355,41,4,2,40
31053,1355,41,5,1,101
31054,1355,41,5,2,45
31055,1355,41,6,1,101
31056,1355,41,6,2,54
31057,1355,41,1,1,94
31058,1355,41,1,2,40
31059,1355,41,2,1,91
31060,1355,41,2,2,40
31061,1355,41,3,1,92
31062,1355,41,3,2,41
31063,1355,41,4,1,94
31064,1355,41,4,2,40
31065,1355,41,5,1,101
31066,1355,41,5,2,45
31067,1355,41,6,1,101
31068,1355,41,6,2,54
31069,1356,41,1,1,96
31070,1356,41,1,2,105
31071,1356,41,2,1,92
31072,1356,41,2,2,108
31073,1356,41,3,1,102
31074,1356,41,3,2,106
31075,1356,41,4,1,103
31076,1356,41,4,2,113
31077,1356,41,5,1,109
31078,1356,41,5,2,128
31079,1356,41,6,1,105
31080,1356,41,6,2,118
31081,1356,41,1,1,86
31082,1356,41,1,2,94
31083,1356,41,2,1,84
31084,1356,41,2,2,93
31085,1356,41,3,1,93
31086,1356,41,3,2,100
31087,1356,41,4,1,92
31088,1356,41,4,2,110
31089,1356,41,5,1,98
31090,1356,41,5,2,120
31091,1356,41,6,1,97
31092,1356,41,6,2,112
31093,1357,41,1,1,92
31094,1357,41,1,2,143
31095,1357,41,2,1,92
31096,1357,41,2,2,120
31097,1357,41,3,1,97
31098,1357,41,3,2,107
31099,1357,41,4,1,101
31100,1357,41,4,2,89
31101,1357,41,5,1,100
31102,1357,41,5,2,76
31103,1357,41,6,1,99
31104,1357,41,6,2,62
31105,1357,41,1,1,81
31106,1357,41,1,2,83
31107,1357,41,2,1,82
31108,1357,41,2,2,70
31109,1357,41,3,1,91
31110,1357,41,3,2,61
31111,1357,41,4,1,94
31112,1357,41,4,2,53
31113,1357,41,5,1,98
31114,1357,41,5,2,51
31115,1357,41,6,1,96
31116,1357,41,6,2,45
31117,1358,41,1,1,111
31118,1358,41,1,2,164
31119,1358,41,2,1,110
31120,1358,41,2,2,193
31121,1358,41,3,1,117
31122,1358,41,3,2,173
31123,1358,41,4,1,117
31124,1358,41,4,2,154
31125,1358,41,5,1,111
31126,1358,41,5,2,134
31127,1358,41,6,1,105
31128,1358,41,6,2,113
31129,1358,41,1,1,108
31130,1358,41,1,2,151
31131,1358,41,2,1,107
31132,1358,41,2,2,175
31133,1358,41,3,1,114
31134,1358,41,3,2,159
31135,1358,41,4,1,114
31136,1358,41,4,2,142
31137,1358,41,5,1,107
31138,1358,41,5,2,124
31139,1358,41,6,1,102
31140,1358,41,6,2,103
31141,1359,41,1,1,78
31142,1359,41,1,2,32
31143,1359,41,2,1,82
31144,1359,41,2,2,30
31145,1359,41,3,1,84
31146,1359,41,3,2,31
31147,1359,41,4,1,94
31148,1359,41,4,2,28
31149,1359,41,5,1,105
31150,1359,41,5,2,25
31151,1359,41,6,1,102
31152,1359,41,6,2,28
31153,1359,41,1,1,73
31154,1359,41,1,2,37
31155,1359,41,2,1,78
31156,1359,41,2,2,35
31157,1359,41,3,1,79
31158,1359,41,3,2,38
31159,1359,41,4,1,88
31160,1359,41,4,2,34
31161,1359,41,5,1,98
31162,1359,41,5,2,32
31163,1359,41,6,1,99
31164,1359,41,6,2,41
31165,1360,41,1,1,93
31166,1360,41,1,2,66
31167,1360,41,2,1,88
31168,1360,41,2,2,63
31169,1360,41,3,1,99
31170,1360,41,3,2,80
31171,1360,41,4,1,105
31172,1360,41,4,2,82
31173,1360,41,5,1,111
31174,1360,41,5,2,109
31175,1360,41,6,1,111
31176,1360,41,6,2,126
31177,1360,41,1,1,87
31178,1360,41,1,2,59
31179,1360,41,2,1,83
31180,1360,41,2,2,56
31181,1360,41,3,1,91
31182,1360,41,3,2,72
31183,1360,41,4,1,96
31184,1360,41,4,2,78
31185,1360,41,5,1,105
31186,1360,41,5,2,108
31187,1360,41,6,1,104
31188,1360,41,6,2,121
31189,1361,41,1,1,79
31190,1361,41,1,2,33
31191,1361,41,2,1,81
31192,1361,41,2,2,32
31193,1361,41,3,1,75
31194,1361,41,3,2,31
31195,1361,41,4,1,98
31196,1361,41,4,2,48
31197,1361,41,5,1,104
31198,1361,41,5,2,65
31199,1361,41,6,1,105
31200,1361,41,6,2,102
31201,1361,41,1,1,79
31202,1361,41,1,2,32
31203,1361,41,2,1,81
31204,1361,41,2,2,32
31205,1361,41,3,1,75
31206,1361,41,3,2,31
31207,1361,41,4,1,96
31208,1361,41,4,2,45
31209,1361,41,5,1,101
31210,1361,41,5,2,60
31211,1361,41,6,1,104
31212,1361,41,6,2,98
31213,1362,41,1,1,94
31214,1362,41,1,2,81
31215,1362,41,2,1,97
31216,1362,41,2,2,74
31217,1362,41,3,1,92
31218,1362,41,3,2,72
31219,1362,41,4,1,98
31220,1362,41,4,2,70
31221,1362,41,5,1,103
31222,1362,41,5,2,79
31223,1362,41,6,1,101
31224,1362,41,6,2,73
31225,1362,41,1,1,94
31226,1362,41,1,2,81
31227,1362,41,2,1,97
31228,1362,41,2,2,74
31229,1362,41,3,1,92
31230,1362,41,3,2,72
31231,1362,41,4,1,98
31232,1362,41,4,2,70
31233,1362,41,5,1,103
31234,1362,41,5,2,79
31235,1362,41,6,1,101
31236,1362,41,6,2,73
31237,1363,41,1,1,102
31238,1363,41,1,2,85
31239,1363,41,2,1,105
31240,1363,41,2,2,77
31241,1363,41,3,1,100
31242,1363,41,3,2,80
31243,1363,41,4,1,100
31244,1363,41,4,2,80
31245,1363,41,5,1,99
31246,1363,41,5,2,79
31247,1363,41,6,1,99
31248,1363,41,6,2,71
31249,1363,41,1,1,102
31250,1363,41,1,2,85
31251,1363,41,2,1,105
31252,1363,41,2,2,77
31253,1363,41,3,1,100
31254,1363,41,3,2,80
31255,1363,41,4,1,100
31256,1363,41,4,2,80
31257,1363,41,5,1,99
31258,1363,41,5,2,79
31259,1363,41,6,1,99
31260,1363,41,6,2,71
31261,1364,41,1,1,98
31262,1364,41,1,2,119
31263,1364,41,2,1,105
31264,1364,41,2,2,113
31265,1364,41,3,1,113
31266,1364,41,3,2,79
31267,1364,41,4,1,123
31268,1364,41,4,2,96
31269,1364,41,5,1,122
31270,1364,41,5,2,98
31271,1364,41,6,1,120
31272,1364,41,6,2,88
31273,1364,41,1,1,98
31274,1364,41,1,2,119
31275,1364,41,2,1,105
31276,1364,41,2,2,113
31277,1364,41,3,1,113
31278,1364,41,3,2,79
31279,1364,41,4,1,122
31280,1364,41,4,2,96
31281,1364,41,5,1,122
31282,1364,41,5,2,98
31283,1364,41,6,1,119
31284,1364,41,6,2,87
31285,1365,41,1,1,97
31286,1365,41,1,2,109
31287,1365,41,2,1,93
31288,1365,41,2,2,113
31289,1365,41,3,1,101
31290,1365,41,3,2,107
31291,1365,41,4,1,108
31292,1365,41,4,2,126
31293,1365,41,5,1,108
31294,1365,41,5,2,118
31295,1365,41,6,1,104
31296,1365,41,6,2,106
31297,1365,41,1,1,96
31298,1365,41,1,2,116
31299,1365,41,2,1,92
31300,1365,41,2,2,126
31301,1365,41,3,1,98
31302,1365,41,3,2,119
31303,1365,41,4,1,101
31304,1365,41,4,2,130
31305,1365,41,5,1,105
31306,1365,41,5,2,127
31307,1365,41,6,1,102
31308,1365,41,6,2,113
31309,1121,41,1,1,97
31310,1121,41,1,2,71
31311,1121,41,2,1,95
31312,1121,41,2,2,77
31313,1121,41,3,1,97
31314,1121,41,3,2,75
31315,1121,41,4,1,100
31316,1121,41,4,2,69
31317,1121,41,5,1,100
31318,1121,41,5,2,67
31319,1121,41,6,1,99
31320,1121,41,6,2,54
31321,1121,41,1,1,97
31322,1121,41,1,2,71
31323,1121,41,2,1,95
31324,1121,41,2,2,77
31325,1121,41,3,1,97
31326,1121,41,3,2,75
31327,1121,41,4,1,100
31328,1121,41,4,2,69
31329,1121,41,5,1,100
31330,1121,41,5,2,67
31331,1121,41,6,1,99
31332,1121,41,6,2,54
31333,1366,41,1,1,77
31334,1366,41,1,2,39
31335,1366,41,2,1,92
31336,1366,41,2,2,35
31337,1366,41,3,1,89
31338,1366,41,3,2,35
31339,1366,41,4,1,104
31340,1366,41,4,2,35
31341,1366,41,5,1,107
31342,1366,41,5,2,49
31343,1366,41,6,1,110
31344,1366,41,6,2,67
31345,1366,41,1,1,77
31346,1366,41,1,2,39
31347,1366,41,2,1,92
31348,1366,41,2,2,35
31349,1366,41,3,1,89
31350,1366,41,3,2,35
31351,1366,41,4,1,104
31352,1366,41,4,2,35
31353,1366,41,5,1,107
31354,1366,41,5,2,49
31355,1366,41,6,1,110
31356,1366,41,6,2,67
31357,1367,41,1,1,96
31358,1367,41,1,2,115
31359,1367,41,2,1,100
31360,1367,41,2,2,115
31361,1367,41,3,1,107
31362,1367,41,3,2,100
31363,1367,41,4,1,112
31364,1367,41,4,2,115
31365,1367,41,5,1,114
31366,1367,41,5,2,117
31367,1367,41,6,1,110
31368,1367,41,6,2,102
31369,1367,41,1,1,90
31370,1367,41,1,2,100
31371,1367,41,2,1,96
31372,1367,41,2,2,106
31373,1367,41,3,1,102
31374,1367,41,3,2,107
31375,1367,41,4,1,107
31376,1367,41,4,2,121
31377,1367,41,5,1,111
31378,1367,41,5,2,129
31379,1367,41,6,1,105
31380,1367,41,6,2,116
31381,1368,41,1,1,94
31382,1368,41,1,2,52
31383,1368,41,2,1,90
31384,1368,41,2,2,47
31385,1368,41,3,1,90
31386,1368,41,3,2,43
31387,1368,41,4,1,89
31388,1368,41,4,2,40
31389,1368,41,5,1,89
31390,1368,41,5,2,35
31391,1368,41,6,1,85
31392,1368,41,6,2,34
31393,1368,41,1,1,91
31394,1368,41,1,2,50
31395,1368,41,2,1,88
31396,1368,41,2,2,45
31397,1368,41,3,1,89
31398,1368,41,3,2,46
31399,1368,41,4,1,89
31400,1368,41,4,2,42
31401,1368,41,5,1,90
31402,1368,41,5,2,37
31403,1368,41,6,1,85
31404,1368,41,6,2,35
31405,1369,41,1,1,98
31406,1369,41,1,2,134
31407,1369,41,2,1,105
31408,1369,41,2,2,140
31409,1369,41,3,1,105
31410,1369,41,3,2,140
31411,1369,41,4,1,109
31412,1369,41,4,2,119
31413,1369,41,5,1,114
31414,1369,41,5,2,125
31415,1369,41,6,1,112
31416,1369,41,6,2,117
31417,1369,41,1,1,98
31418,1369,41,1,2,134
31419,1369,41,2,1,105
31420,1369,41,2,2,140
31421,1369,41,3,1,105
31422,1369,41,3,2,140
31423,1369,41,4,1,109
31424,1369,41,4,2,119
31425,1369,41,5,1,114
31426,1369,41,5,2,125
31427,1369,41,6,1,112
31428,1369,41,6,2,117
31429,1370,41,1,1,87
31430,1370,41,1,2,58
31431,1370,41,2,1,85
31432,1370,41,2,2,65
31433,1370,41,3,1,95
31434,1370,41,3,2,88
31435,1370,41,4,1,110
31436,1370,41,4,2,95
31437,1370,41,5,1,112
31438,1370,41,5,2,90
31439,1370,41,6,1,109
31440,1370,41,6,2,86
31441,1370,41,1,1,87
31442,1370,41,1,2,57
31443,1370,41,2,1,85
31444,1370,41,2,2,63
31445,1370,41,3,1,92
31446,1370,41,3,2,80
31447,1370,41,4,1,107
31448,1370,41,4,2,87
31449,1370,41,5,1,111
31450,1370,41,5,2,100
31451,1370,41,6,1,108
31452,1370,41,6,2,96
31453,1371,41,1,1,113
31454,1371,41,1,2,61
31455,1371,41,2,1,110
31456,1371,41,2,2,61
31457,1371,41,3,1,115
31458,1371,41,3,2,69
31459,1371,41,4,1,113
31460,1371,41,4,2,68
31461,1371,41,5,1,110
31462,1371,41,5,2,69
31463,1371,41,6,1,103
31464,1371,41,6,2,76
31465,1371,41,1,1,113
31466,1371,41,1,2,61
31467,1371,41,2,1,110
31468,1371,41,2,2,61
31469,1371,41,3,1,115
31470,1371,41,3,2,69
31471,1371,41,4,1,113
31472,1371,41,4,2,68
31473,1371,41,5,1,110
31474,1371,41,5,2,69
31475,1371,41,6,1,103
31476,1371,41,6,2,76
31477,1372,41,1,1,85
31478,1372,41,1,2,68
31479,1372,41,2,1,90
31480,1372,41,2,2,65
31481,1372,41,3,1,96
31482,1372,41,3,2,59
31483,1372,41,4,1,99
31484,1372,41,4,2,76
31485,1372,41,5,1,101
31486,1372,41,5,2,87
31487,1372,41,6,1,100
31488,1372,41,6,2,98
31489,1372,41,1,1,82
31490,1372,41,1,2,65
31491,1372,41,2,1,87
31492,1372,41,2,2,62
31493,1372,41,3,1,93
31494,1372,41,3,2,58
31495,1372,41,4,1,95
31496,1372,41,4,2,76
31497,1372,41,5,1,99
31498,1372,41,5,2,88
31499,1372,41,6,1,98
31500,1372,41,6,2,98
31501,1373,41,1,1,95
31502,1373,41,1,2,109
31503,1373,41,2,1,94
31504,1373,41,2,2,110
31505,1373,41,3,1,97
31506,1373,41,3,2,99
31507,1373,41,4,1,101
31508,1373,41,4,2,109
31509,1373,41,5,1,99
31510,1373,41,5,2,98
31511,1373,41,6,1,97
31512,1373,41,6,2,88
31513,1373,41,1,1,99
31514,1373,41,1,2,134
31515,1373,41,2,1,95
31516,1373,41,2,2,131
31517,1373,41,3,1,99
31518,1373,41,3,2,128
31519,1373,41,4,1,103
31520,1373,41,4,2,137
31521,1373,41,5,1,100
31522,1373,41,5,2,124
31523,1373,41,6,1,98
31524,1373,41,6,2,106
31525,1374,41,1,1,101
31526,1374,41,1,2,122
31527,1374,41,2,1,94
31528,1374,41,2,2,100
31529,1374,41,3,1,99
31530,1374,41,3,2,87
31531,1374,41,4,1,104
31532,1374,41,4,2,92
31533,1374,41,5,1,103
31534,1374,41,5,2,82
31535,1374,41,6,1,100
31536,1374,41,6,2,74
31537,1374,41,1,1,97
31538,1374,41,1,2,97
31539,1374,41,2,1,92
31540,1374,41,2,2,81
31541,1374,41,3,1,97
31542,1374,41,3,2,71
31543,1374,41,4,1,101
31544,1374,41,4,2,76
31545,1374,41,5,1,103
31546,1374,41,5,2,79
31547,1374,41,6,1,100
31548,1374,41,6,2,67
31549,1375,41,1,1,109
31550,1375,41,1,2,47
31551,1375,41,2,1,104
31552,1375,41,2,2,61
31553,1375,41,3,1,104
31554,1375,41,3,2,64
31555,1375,41,4,1,102
31556,1375,41,4,2,68
31557,1375,41,5,1,109
31558,1375,41,5,2,81
31559,1375,41,6,1,113
31560,1375,41,6,2,105
31561,1375,41,1,1,105
31562,1375,41,1,2,47
31563,1375,41,2,1,100
31564,1375,41,2,2,60
31565,1375,41,3,1,98
31566,1375,41,3,2,62
31567,1375,41,4,1,96
31568,1375,41,4,2,65
31569,1375,41,5,1,104
31570,1375,41,5,2,78
31571,1375,41,6,1,108
31572,1375,41,6,2,101
31573,1376,41,1,1,74
31574,1376,41,1,2,83
31575,1376,41,2,1,81
31576,1376,41,2,2,86
31577,1376,41,3,1,99
31578,1376,41,3,2,94
31579,1376,41,4,1,98
31580,1376,41,4,2,91
31581,1376,41,5,1,97
31582,1376,41,5,2,83
31583,1376,41,6,1,96
31584,1376,41,6,2,84
31585,1376,41,1,1,70
31586,1376,41,1,2,74
31587,1376,41,2,1,75
31588,1376,41,2,2,79
31589,1376,41,3,1,89
31590,1376,41,3,2,87
31591,1376,41,4,1,89
31592,1376,41,4,2,85
31593,1376,41,5,1,91
31594,1376,41,5,2,76
31595,1376,41,6,1,90
31596,1376,41,6,2,82
31597,1377,41,1,1,122
31598,1377,41,1,2,63
31599,1377,41,2,1,111
31600,1377,41,2,2,58
31601,1377,41,3,1,108
31602,1377,41,3,2,68
31603,1377,41,4,1,111
31604,1377,41,4,2,66
31605,1377,41,5,1,124
31606,1377,41,5,2,62
31607,1377,41,6,1,114
31608,1377,41,6,2,70
31609,1377,41,1,1,118
31610,1377,41,1,2,57
31611,1377,41,2,1,108
31612,1377,41,2,2,52
31613,1377,41,3,1,104
31614,1377,41,3,2,60
31615,1377,41,4,1,107
31616,1377,41,4,2,59
31617,1377,41,5,1,118
31618,1377,41,5,2,56
31619,1377,41,6,1,111
31620,1377,41,6,2,70
31621,1378,41,1,1,89
31622,1378,41,1,2,102
31623,1378,41,2,1,85
31624,1378,41,2,2,99
31625,1378,41,3,1,91
31626,1378,41,3,2,111
31627,1378,41,4,1,100
31628,1378,41,4,2,83
31629,1378,41,5,1,109
31630,1378,41,5,2,103
31631,1378,41,6,1,111
31632,1378,41,6,2,116
31633,1378,41,1,1,89
31634,1378,41,1,2,102
31635,1378,41,2,1,85
31636,1378,41,2,2,99
31637,1378,41,3,1,91
31638,1378,41,3,2,111
31639,1378,41,4,1,100
31640,1378,41,4,2,83
31641,1378,41,5,1,109
31642,1378,41,5,2,103
31643,1378,41,6,1,111
31644,1378,41,6,2,116
31645,1379,41,1,1,99
31646,1379,41,1,2,94
31647,1379,41,2,1,96
31648,1379,41,2,2,89
31649,1379,41,3,1,102
31650,1379,41,3,2,90
31651,1379,41,4,1,108
31652,1379,41,4,2,130
31653,1379,41,5,1,111
31654,1379,41,5,2,144
31655,1379,41,6,1,108
31656,1379,41,6,2,143
31657,1379,41,1,1,94
31658,1379,41,1,2,87
31659,1379,41,2,1,92
31660,1379,41,2,2,84
31661,1379,41,3,1,99
31662,1379,41,3,2,86
31663,1379,41,4,1,105
31664,1379,41,4,2,123
31665,1379,41,5,1,107
31666,1379,41,5,2,137
31667,1379,41,6,1,106
31668,1379,41,6,2,140
31669,1380,41,1,1,69
31670,1380,41,1,2,74
31671,1380,41,2,1,65
31672,1380,41,2,2,86
31673,1380,41,3,1,86
31674,1380,41,3,2,123
31675,1380,41,4,1,95
31676,1380,41,4,2,138
31677,1380,41,5,1,104
31678,1380,41,5,2,156
31679,1380,41,6,1,107
31680,1380,41,6,2,171
31681,1380,41,1,1,69
31682,1380,41,1,2,80
31683,1380,41,2,1,63
31684,1380,41,2,2,91
31685,1380,41,3,1,83
31686,1380,41,3,2,127
31687,1380,41,4,1,92
31688,1380,41,4,2,134
31689,1380,41,5,1,101
31690,1380,41,5,2,147
31691,1380,41,6,1,104
31692,1380,41,6,2,162
31693,1381,41,1,1,116
31694,1381,41,1,2,124
31695,1381,41,2,1,109
31696,1381,41,2,2,138
31697,1381,41,3,1,111
31698,1381,41,3,2,128
31699,1381,41,4,1,112
31700,1381,41,4,2,110
31701,1381,41,5,1,108
31702,1381,41,5,2,110
31703,1381,41,6,1,99
31704,1381,41,6,2,99
31705,1381,41,1,1,103
31706,1381,41,1,2,102
31707,1381,41,2,1,98
31708,1381,41,2,2,119
31709,1381,41,3,1,99
31710,1381,41,3,2,105
31711,1381,41,4,1,101
31712,1381,41,4,2,93
31713,1381,41,5,1,97
31714,1381,41,5,2,89
31715,1381,41,6,1,95
31716,1381,41,6,2,84
31717,1382,41,1,1,58
31718,1382,41,1,2,32
31719,1382,41,2,1,57
31720,1382,41,2,2,32
31721,1382,41,3,1,57
31722,1382,41,3,2,29
31723,1382,41,4,1,75
31724,1382,41,4,2,69
31725,1382,41,5,1,84
31726,1382,41,5,2,92
31727,1382,41,6,1,86
31728,1382,41,6,2,99
31729,1382,41,1,1,62
31730,1382,41,1,2,34
31731,1382,41,2,1,64
31732,1382,41,2,2,34
31733,1382,41,3,1,63
31734,1382,41,3,2,31
31735,1382,41,4,1,79
31736,1382,41,4,2,64
31737,1382,41,5,1,86
31738,1382,41,5,2,81
31739,1382,41,6,1,89
31740,1382,41,6,2,90
31741,1383,41,1,1,86
31742,1383,41,1,2,98
31743,1383,41,2,1,86
31744,1383,41,2,2,95
31745,1383,41,3,1,96
31746,1383,41,3,2,101
31747,1383,41,4,1,103
31748,1383,41,4,2,119
31749,1383,41,5,1,100
31750,1383,41,5,2,125
31751,1383,41,6,1,98
31752,1383,41,6,2,121
31753,1383,41,1,1,79
31754,1383,41,1,2,82
31755,1383,41,2,1,77
31756,1383,41,2,2,82
31757,1383,41,3,1,89
31758,1383,41,3,2,97
31759,1383,41,4,1,95
31760,1383,41,4,2,117
31761,1383,41,5,1,96
31762,1383,41,5,2,134
31763,1383,41,6,1,98
31764,1383,41,6,2,127
31765,1384,41,1,1,106
31766,1384,41,1,2,114
31767,1384,41,2,1,96
31768,1384,41,2,2,138
31769,1384,41,3,1,99
31770,1384,41,3,2,124
31771,1384,41,4,1,98
31772,1384,41,4,2,115
31773,1384,41,5,1,98
31774,1384,41,5,2,110
31775,1384,41,6,1,100
31776,1384,41,6,2,98
31777,1384,41,1,1,104
31778,1384,41,1,2,110
31779,1384,41,2,1,94
31780,1384,41,2,2,133
31781,1384,41,3,1,97
31782,1384,41,3,2,118
31783,1384,41,4,1,96
31784,1384,41,4,2,109
31785,1384,41,5,1,96
31786,1384,41,5,2,104
31787,1384,41,6,1,98
31788,1384,41,6,2,93
31789,1385,41,1,1,98
31790,1385,41,1,2,109
31791,1385,41,2,1,107
31792,1385,41,2,2,100
31793,1385,41,3,1,106
31794,1385,41,3,2,88
31795,1385,41,4,1,109
31796,1385,41,4,2,91
31797,1385,41,5,1,116
31798,1385,41,5,2,89
31799,1385,41,6,1,115
31800,1385,41,6,2,83
31801,1385,41,1,1,98
31802,1385,41,1,2,109
31803,1385,41,2,1,107
31804,1385,41,2,2,100
31805,1385,41,3,1,106
31806,1385,41,3,2,88
31807,1385,41,4,1,109
31808,1385,41,4,2,91
31809,1385,41,5,1,116
31810,1385,41,5,2,89
31811,1385,41,6,1,115
31812,1385,41,6,2,83
31813,1386,41,1,1,84
31814,1386,41,1,2,61
31815,1386,41,2,1,81
31816,1386,41,2,2,63
31817,1386,41,3,1,93
31818,1386,41,3,2,72
31819,1386,41,4,1,107
31820,1386,41,4,2,94
31821,1386,41,5,1,106
31822,1386,41,5,2,72
31823,1386,41,6,1,104
31824,1386,41,6,2,60
31825,1386,41,1,1,84
31826,1386,41,1,2,61
31827,1386,41,2,1,81
31828,1386,41,2,2,63
31829,1386,41,3,1,93
31830,1386,41,3,2,72
31831,1386,41,4,1,107
31832,1386,41,4,2,94
31833,1386,41,5,1,106
31834,1386,41,5,2,72
31835,1386,41,6,1,104
31836,1386,41,6,2,60
31837,1387,41,1,1,138
31838,1387,41,1,2,320
31839,1387,41,2,1,134
31840,1387,41,2,2,308
31841,1387,41,3,1,124
31842,1387,41,3,2,274
31843,1387,41,4,1,114
31844,1387,41,4,2,231
31845,1387,41,5,1,107
31846,1387,41,5,2,201
31847,1387,41,6,1,107
31848,1387,41,6,2,161
31849,1387,41,1,1,128
31850,1387,41,1,2,286
31851,1387,41,2,1,123
31852,1387,41,2,2,274
31853,1387,41,3,1,116
31854,1387,41,3,2,250
31855,1387,41,4,1,108
31856,1387,41,4,2,213
31857,1387,41,5,1,103
31858,1387,41,5,2,190
31859,1387,41,6,1,102
31860,1387,41,6,2,156
31861,1388,41,1,1,96
31862,1388,41,1,2,122
31863,1388,41,2,1,92
31864,1388,41,2,2,126
31865,1388,41,3,1,93
31866,1388,41,3,2,144
31867,1388,41,4,1,91
31868,1388,41,4,2,134
31869,1388,41,5,1,96
31870,1388,41,5,2,147
31871,1388,41,6,1,108
31872,1388,41,6,2,162
31873,1388,41,1,1,96
31874,1388,41,1,2,122
31875,1388,41,2,1,92
31876,1388,41,2,2,125
31877,1388,41,3,1,92
31878,1388,41,3,2,143
31879,1388,41,4,1,91
31880,1388,41,4,2,133
31881,1388,41,5,1,96
31882,1388,41,5,2,146
31883,1388,41,6,1,108
31884,1388,41,6,2,161
31885,1389,41,1,1,99
31886,1389,41,1,2,31
31887,1389,41,2,1,94
31888,1389,41,2,2,32
31889,1389,41,3,1,99
31890,1389,41,3,2,44
31891,1389,41,4,1,100
31892,1389,41,4,2,54
31893,1389,41,5,1,102
31894,1389,41,5,2,65
31895,1389,41,6,1,99
31896,1389,41,6,2,84
31897,1389,41,1,1,99
31898,1389,41,1,2,31
31899,1389,41,2,1,94
31900,1389,41,2,2,32
31901,1389,41,3,1,99
31902,1389,41,3,2,44
31903,1389,41,4,1,100
31904,1389,41,4,2,54
31905,1389,41,5,1,102
31906,1389,41,5,2,65
31907,1389,41,6,1,99
31908,1389,41,6,2,84
31909,1390,41,1,1,110
31910,1390,41,1,2,55
31911,1390,41,2,1,104
31912,1390,41,2,2,54
31913,1390,41,3,1,106
31914,1390,41,3,2,60
31915,1390,41,4,1,104
31916,1390,41,4,2,49
31917,1390,41,5,1,101
31918,1390,41,5,2,44
31919,1390,41,6,1,97
31920,1390,41,6,2,45
31921,1390,41,1,1,110
31922,1390,41,1,2,55
31923,1390,41,2,1,104
31924,1390,41,2,2,54
31925,1390,41,3,1,106
31926,1390,41,3,2,60
31927,1390,41,4,1,104
31928,1390,41,4,2,49
31929,1390,41,5,1,101
31930,1390,41,5,2,44
31931,1390,41,6,1,97
31932,1390,41,6,2,45
31933,1391,41,1,1,65
31934,1391,41,1,2,63
31935,1391,41,2,1,72
31936,1391,41,2,2,70
31937,1391,41,3,1,93
31938,1391,41,3,2,135
31939,1391,41,4,1,98
31940,1391,41,4,2,168
31941,1391,41,5,1,96
31942,1391,41,5,2,166
31943,1391,41,6,1,96
31944,1391,41,6,2,159
31945,1391,41,1,1,67
31946,1391,41,1,2,59
31947,1391,41,2,1,74
31948,1391,41,2,2,63
31949,1391,41,3,1,87
31950,1391,41,3,2,105
31951,1391,41,4,1,83
31952,1391,41,4,2,119
31953,1391,41,5,1,83
31954,1391,41,5,2,115
31955,1391,41,6,1,84
31956,1391,41,6,2,115
31957,1392,41,1,1,103
31958,1392,41,1,2,165
31959,1392,41,2,1,113
31960,1392,41,2,2,202
31961,1392,41,3,1,106
31962,1392,41,3,2,166
31963,1392,41,4,1,106
31964,1392,41,4,2,157
31965,1392,41,5,1,104
31966,1392,41,5,2,132
31967,1392,41,6,1,102
31968,1392,41,6,2,137
31969,1392,41,1,1,96
31970,1392,41,1,2,148
31971,1392,41,2,1,105
31972,1392,41,2,2,174
31973,1392,41,3,1,101
31974,1392,41,3,2,153
31975,1392,41,4,1,101
31976,1392,41,4,2,154
31977,1392,41,5,1,101
31978,1392,41,5,2,137
31979,1392,41,6,1,101
31980,1392,41,6,2,144
31981,1393,41,1,1,97
31982,1393,41,1,2,43
31983,1393,41,2,1,90
31984,1393,41,2,2,39
31985,1393,41,3,1,92
31986,1393,41,3,2,45
31987,1393,41,4,1,89
31988,1393,41,4,2,45
31989,1393,41,5,1,94
31990,1393,41,5,2,49
31991,1393,41,6,1,93
31992,1393,41,6,2,60
31993,1393,41,1,1,93
31994,1393,41,1,2,43
31995,1393,41,2,1,87
31996,1393,41,2,2,39
31997,1393,41,3,1,88
31998,1393,41,3,2,45
31999,1393,41,4,1,85
32000,1393,41,4,2,44
32001,1393,41,5,1,89
32002,1393,41,5,2,48
32003,1393,41,6,1,89
32004,1393,41,6,2,58
32005,1394,41,1,1,95
32006,1394,41,1,2,90
32007,1394,41,2,1,102
32008,1394,41,2,2,78
32009,1394,41,3,1,103
32010,1394,41,3,2,69
32011,1394,41,4,1,107
32012,1394,41,4,2,74
32013,1394,41,5,1,118
32014,1394,41,5,2,88
32015,1394,41,6,1,118
32016,1394,41,6,2,91
32017,1394,41,1,1,95
32018,1394,41,1,2,90
32019,1394,41,2,1,102
32020,1394,41,2,2,78
32021,1394,41,3,1,103
32022,1394,41,3,2,69
32023,1394,41,4,1,107
32024,1394,41,4,2,74
32025,1394,41,5,1,118
32026,1394,41,5,2,88
32027,1394,41,6,1,118
32028,1394,41,6,2,91
32029,1395,41,1,1,102
32030,1395,41,1,2,141
32031,1395,41,2,1,105
32032,1395,41,2,2,131
32033,1395,41,3,1,107
32034,1395,41,3,2,125
32035,1395,41,4,1,109
32036,1395,41,4,2,129
32037,1395,41,5,1,108
32038,1395,41,5,2,118
32039,1395,41,6,1,104
32040,1395,41,6,2,108
32041,1395,41,1,1,102
32042,1395,41,1,2,141
32043,1395,41,2,1,105
32044,1395,41,2,2,131
32045,1395,41,3,1,107
32046,1395,41,3,2,125
32047,1395,41,4,1,109
32048,1395,41,4,2,129
32049,1395,41,5,1,108
32050,1395,41,5,2,118
32051,1395,41,6,1,104
32052,1395,41,6,2,108
32053,1396,41,1,1,106
32054,1396,41,1,2,47
32055,1396,41,2,1,100
32056,1396,41,2,2,54
32057,1396,41,3,1,96
32058,1396,41,3,2,55
32059,1396,41,4,1,95
32060,1396,41,4,2,62
32061,1396,41,5,1,95
32062,1396,41,5,2,59
32063,1396,41,6,1,95
32064,1396,41,6,2,58
32065,1396,41,1,1,106
32066,1396,41,1,2,47
32067,1396,41,2,1,100
32068,1396,41,2,2,54
32069,1396,41,3,1,96
32070,1396,41,3,2,55
32071,1396,41,4,1,95
32072,1396,41,4,2,62
32073,1396,41,5,1,95
32074,1396,41,5,2,59
32075,1396,41,6,1,95
32076,1396,41,6,2,58
32077,1397,41,1,1,102
32078,1397,41,1,2,124
32079,1397,41,2,1,104
32080,1397,41,2,2,115
32081,1397,41,3,1,106
32082,1397,41,3,2,104
32083,1397,41,4,1,110
32084,1397,41,4,2,113
32085,1397,41,5,1,113
32086,1397,41,5,2,114
32087,1397,41,6,1,107
32088,1397,41,6,2,109
32089,1397,41,1,1,96
32090,1397,41,1,2,113
32091,1397,41,2,1,98
32092,1397,41,2,2,105
32093,1397,41,3,1,100
32094,1397,41,3,2,98
32095,1397,41,4,1,102
32096,1397,41,4,2,111
32097,1397,41,5,1,108
32098,1397,41,5,2,114
32099,1397,41,6,1,104
32100,1397,41,6,2,115
32101,1398,41,1,1,100
32102,1398,41,1,2,99
32103,1398,41,2,1,111
32104,1398,41,2,2,92
32105,1398,41,3,1,106
32106,1398,41,3,2,102
32107,1398,41,4,1,112
32108,1398,41,4,2,107
32109,1398,41,5,1,110
32110,1398,41,5,2,111
32111,1398,41,6,1,107
32112,1398,41,6,2,167
32113,1398,41,1,1,99
32114,1398,41,1,2,97
32115,1398,41,2,1,110
32116,1398,41,2,2,90
32117,1398,41,3,1,103
32118,1398,41,3,2,96
32119,1398,41,4,1,107
32120,1398,41,4,2,98
32121,1398,41,5,1,107
32122,1398,41,5,2,105
32123,1398,41,6,1,104
32124,1398,41,6,2,163
32125,1399,41,1,1,95
32126,1399,41,1,2,85
32127,1399,41,2,1,93
32128,1399,41,2,2,70
32129,1399,41,3,1,100
32130,1399,41,3,2,72
32131,1399,41,4,1,96
32132,1399,41,4,2,76
32133,1399,41,5,1,98
32134,1399,41,5,2,88
32135,1399,41,6,1,104
32136,1399,41,6,2,99
32137,1399,41,1,1,88
32138,1399,41,1,2,70
32139,1399,41,2,1,86
32140,1399,41,2,2,57
32141,1399,41,3,1,92
32142,1399,41,3,2,61
32143,1399,41,4,1,89
32144,1399,41,4,2,67
32145,1399,41,5,1,92
32146,1399,41,5,2,76
32147,1399,41,6,1,99
32148,1399,41,6,2,88
32149,1400,41,1,1,102
32150,1400,41,1,2,92
32151,1400,41,2,1,97
32152,1400,41,2,2,74
32153,1400,41,3,1,95
32154,1400,41,3,2,66
32155,1400,41,4,1,97
32156,1400,41,4,2,61
32157,1400,41,5,1,97
32158,1400,41,5,2,64
32159,1400,41,6,1,95
32160,1400,41,6,2,59
32161,1400,41,1,1,91
32162,1400,41,1,2,87
32163,1400,41,2,1,91
32164,1400,41,2,2,91
32165,1400,41,3,1,93
32166,1400,41,3,2,106
32167,1400,41,4,1,93
32168,1400,41,4,2,102
32169,1400,41,5,1,95
32170,1400,41,5,2,100
32171,1400,41,6,1,92
32172,1400,41,6,2,87
32173,1401,41,1,1,102
32174,1401,41,1,2,124
32175,1401,41,2,1,103
32176,1401,41,2,2,125
32177,1401,41,3,1,109
32178,1401,41,3,2,115
32179,1401,41,4,1,113
32180,1401,41,4,2,133
32181,1401,41,5,1,111
32182,1401,41,5,2,149
32183,1401,41,6,1,110
32184,1401,41,6,2,144
32185,1401,41,1,1,101
32186,1401,41,1,2,122
32187,1401,41,2,1,103
32188,1401,41,2,2,124
32189,1401,41,3,1,108
32190,1401,41,3,2,114
32191,1401,41,4,1,112
32192,1401,41,4,2,130
32193,1401,41,5,1,110
32194,1401,41,5,2,147
32195,1401,41,6,1,109
32196,1401,41,6,2,144
32197,1402,41,1,1,107
32198,1402,41,1,2,85
32199,1402,41,2,1,111
32200,1402,41,2,2,78
32201,1402,41,3,1,104
32202,1402,41,3,2,84
32203,1402,41,4,1,109
32204,1402,41,4,2,102
32205,1402,41,5,1,109
32206,1402,41,5,2,87
32207,1402,41,6,1,107
32208,1402,41,6,2,85
32209,1402,41,1,1,107
32210,1402,41,1,2,85
32211,1402,41,2,1,111
32212,1402,41,2,2,78
32213,1402,41,3,1,104
32214,1402,41,3,2,84
32215,1402,41,4,1,109
32216,1402,41,4,2,102
32217,1402,41,5,1,109
32218,1402,41,5,2,87
32219,1402,41,6,1,107
32220,1402,41,6,2,85
32221,1403,41,1,1,79
32222,1403,41,1,2,33
32223,1403,41,2,1,74
32224,1403,41,2,2,29
32225,1403,41,3,1,85
32226,1403,41,3,2,26
32227,1403,41,4,1,93
32228,1403,41,4,2,30
32229,1403,41,5,1,100
32230,1403,41,5,2,48
32231,1403,41,6,1,101
32232,1403,41,6,2,64
32233,1403,41,1,1,79
32234,1403,41,1,2,32
32235,1403,41,2,1,72
32236,1403,41,2,2,28
32237,1403,41,3,1,78
32238,1403,41,3,2,25
32239,1403,41,4,1,91
32240,1403,41,4,2,29
32241,1403,41,5,1,100
32242,1403,41,5,2,41
32243,1403,41,6,1,102
32244,1403,41,6,2,66
