Country_Name,Type,NetworkAccessType,NetworkType,YearQuarter,MeasureValue,Unit,Year,Quarter
Australia,Subscriptions,Total,Fixed broadband,2018-Q2,8158000.0,Subscriptions,2018,Q2
Australia,Subscriptions,Total,Fixed broadband,2018-Q4,8423457.0,Subscriptions,2018,Q4
Australia,Subscriptions,Total,Fixed broadband,2019-Q2,8702310.0,Subscriptions,2019,Q2
Australia,Subscriptions,Total,Fixed broadband,2019-Q4,8802600.0,Subscriptions,2019,Q4
Australia,Subscriptions,Total,Fixed broadband,2020-Q2,8975817.0,Subscriptions,2020,Q2
Australia,Subscriptions,Total,Fixed broadband,2020-Q4,9099619.0,Subscriptions,2020,Q4
Australia,Subscriptions,Total,Fixed broadband,2021-Q2,9084679.0,Subscriptions,2021,Q2
Australia,Subscriptions,Total,Fixed broadband,2021-Q4,9164660.0,Subscriptions,2021,Q4
Australia,Subscriptions,Total,Fixed broadband,2022-Q2,9214010.0,Subscriptions,2022,Q2
Australia,Subscriptions,Total,Fixed broadband,2022-Q4,9535408.0,Subscriptions,2022,Q4
Australia,Subscriptions,Total,Fixed broadband,2023-Q2,9574071.0,Subscriptions,2023,Q2
Australia,Subscriptions,Total,Fixed broadband,2023-Q4,9688366.0,Subscriptions,2023,Q4
Australia,Subscriptions,Total,Fixed broadband,2024-Q2,9746664.0,Subscriptions,2024,Q2
Australia,Subscriptions,Total,Fixed broadband,2024-Q4,9788261.0,Subscriptions,2024,Q4
Austria,Subscriptions,Total,Fixed broadband,2018-Q2,2499500.0,Subscriptions,2018,Q2
Austria,Subscriptions,Total,Fixed broadband,2018-Q4,2521379.0,Subscriptions,2018,Q4
Austria,Subscriptions,Total,Fixed broadband,2019-Q2,2513699.0,Subscriptions,2019,Q2
Austria,Subscriptions,Total,Fixed broadband,2019-Q4,2519721.0,Subscriptions,2019,Q4
Austria,Subscriptions,Total,Fixed broadband,2020-Q2,2534344.0,Subscriptions,2020,Q2
Austria,Subscriptions,Total,Fixed broadband,2020-Q4,2554710.0,Subscriptions,2020,Q4
Austria,Subscriptions,Total,Fixed broadband,2021-Q2,2572511.0,Subscriptions,2021,Q2
Austria,Subscriptions,Total,Fixed broadband,2021-Q4,2623354.0,Subscriptions,2021,Q4
Austria,Subscriptions,Total,Fixed broadband,2022-Q2,2617967.0,Subscriptions,2022,Q2
Austria,Subscriptions,Total,Fixed broadband,2022-Q4,2653098.0,Subscriptions,2022,Q4
Austria,Subscriptions,Total,Fixed broadband,2023-Q2,2662806.0,Subscriptions,2023,Q2
Austria,Subscriptions,Total,Fixed broadband,2023-Q4,2695801.0,Subscriptions,2023,Q4
Austria,Subscriptions,Total,Fixed broadband,2024-Q2,2710461.0,Subscriptions,2024,Q2
Austria,Subscriptions,Total,Fixed broadband,2024-Q4,2759082.0,Subscriptions,2024,Q4
Belgium,Subscriptions,Total,Fixed broadband,2018-Q2,4411325.0,Subscriptions,2018,Q2
Belgium,Subscriptions,Total,Fixed broadband,2018-Q4,4502950.0,Subscriptions,2018,Q4
Belgium,Subscriptions,Total,Fixed broadband,2019-Q2,4542618.0,Subscriptions,2019,Q2
Belgium,Subscriptions,Total,Fixed broadband,2019-Q4,4593034.0,Subscriptions,2019,Q4
Belgium,Subscriptions,Total,Fixed broadband,2020-Q2,4687064.0,Subscriptions,2020,Q2
Belgium,Subscriptions,Total,Fixed broadband,2020-Q4,4765850.0,Subscriptions,2020,Q4
Belgium,Subscriptions,Total,Fixed broadband,2021-Q2,4788742.0,Subscriptions,2021,Q2
Belgium,Subscriptions,Total,Fixed broadband,2021-Q4,4977986.0,Subscriptions,2021,Q4
Belgium,Subscriptions,Total,Fixed broadband,2022-Q2,5017114.0,Subscriptions,2022,Q2
Belgium,Subscriptions,Total,Fixed broadband,2022-Q4,5071841.0,Subscriptions,2022,Q4
Belgium,Subscriptions,Total,Fixed broadband,2023-Q2,5077755.0,Subscriptions,2023,Q2
Belgium,Subscriptions,Total,Fixed broadband,2023-Q4,5118844.0,Subscriptions,2023,Q4
Belgium,Subscriptions,Total,Fixed broadband,2024-Q2,5141540.0,Subscriptions,2024,Q2
Belgium,Subscriptions,Total,Fixed broadband,2024-Q4,5192308.0,Subscriptions,2024,Q4
Canada,Subscriptions,Total,Fixed broadband,2018-Q2,14120762.0,Subscriptions,2018,Q2
Canada,Subscriptions,Total,Fixed broadband,2018-Q4,14445606.0,Subscriptions,2018,Q4
Canada,Subscriptions,Total,Fixed broadband,2019-Q2,14666325.0,Subscriptions,2019,Q2
Canada,Subscriptions,Total,Fixed broadband,2019-Q4,15142174.0,Subscriptions,2019,Q4
Canada,Subscriptions,Total,Fixed broadband,2020-Q2,15369144.0,Subscriptions,2020,Q2
Canada,Subscriptions,Total,Fixed broadband,2020-Q4,15572220.0,Subscriptions,2020,Q4
Canada,Subscriptions,Total,Fixed broadband,2021-Q2,15867971.0,Subscriptions,2021,Q2
Canada,Subscriptions,Total,Fixed broadband,2021-Q4,16051704.0,Subscriptions,2021,Q4
Canada,Subscriptions,Total,Fixed broadband,2022-Q2,16194286.0,Subscriptions,2022,Q2
Canada,Subscriptions,Total,Fixed broadband,2022-Q4,16374500.0,Subscriptions,2022,Q4
Canada,Subscriptions,Total,Fixed broadband,2023-Q2,16607921.0,Subscriptions,2023,Q2
Canada,Subscriptions,Total,Fixed broadband,2023-Q4,16711621.0,Subscriptions,2023,Q4
Canada,Subscriptions,Total,Fixed broadband,2024-Q2,16876076.0,Subscriptions,2024,Q2
Canada,Subscriptions,Total,Fixed broadband,2024-Q4,17045769.0,Subscriptions,2024,Q4
Chile,Subscriptions,Total,Fixed broadband,2018-Q2,3149589.0,Subscriptions,2018,Q2
Chile,Subscriptions,Total,Fixed broadband,2018-Q4,3250888.0,Subscriptions,2018,Q4
Chile,Subscriptions,Total,Fixed broadband,2019-Q2,3395050.0,Subscriptions,2019,Q2
Chile,Subscriptions,Total,Fixed broadband,2019-Q4,3429668.0,Subscriptions,2019,Q4
Chile,Subscriptions,Total,Fixed broadband,2020-Q2,3583136.0,Subscriptions,2020,Q2
Chile,Subscriptions,Total,Fixed broadband,2020-Q4,3763826.0,Subscriptions,2020,Q4
Chile,Subscriptions,Total,Fixed broadband,2021-Q2,4085587.0,Subscriptions,2021,Q2
Chile,Subscriptions,Total,Fixed broadband,2021-Q4,4283686.0,Subscriptions,2021,Q4
Chile,Subscriptions,Total,Fixed broadband,2022-Q2,4415640.0,Subscriptions,2022,Q2
Chile,Subscriptions,Total,Fixed broadband,2022-Q4,4453599.0,Subscriptions,2022,Q4
Chile,Subscriptions,Total,Fixed broadband,2023-Q2,4455863.0,Subscriptions,2023,Q2
Chile,Subscriptions,Total,Fixed broadband,2023-Q4,4520631.0,Subscriptions,2023,Q4
Chile,Subscriptions,Total,Fixed broadband,2024-Q2,4606717.0,Subscriptions,2024,Q2
Chile,Subscriptions,Total,Fixed broadband,2024-Q4,4690504.0,Subscriptions,2024,Q4
Colombia,Subscriptions,Total,Fixed broadband,2018-Q2,6568058.0,Subscriptions,2018,Q2
Colombia,Subscriptions,Total,Fixed broadband,2018-Q4,6722184.0,Subscriptions,2018,Q4
Colombia,Subscriptions,Total,Fixed broadband,2019-Q2,6902265.0,Subscriptions,2019,Q2
Colombia,Subscriptions,Total,Fixed broadband,2019-Q4,6974507.0,Subscriptions,2019,Q4
Colombia,Subscriptions,Total,Fixed broadband,2020-Q2,7482769.0,Subscriptions,2020,Q2
Colombia,Subscriptions,Total,Fixed broadband,2020-Q4,7826617.0,Subscriptions,2020,Q4
Colombia,Subscriptions,Total,Fixed broadband,2021-Q2,8291996.0,Subscriptions,2021,Q2
Colombia,Subscriptions,Total,Fixed broadband,2021-Q4,8454845.0,Subscriptions,2021,Q4
Colombia,Subscriptions,Total,Fixed broadband,2022-Q2,8670740.0,Subscriptions,2022,Q2
Colombia,Subscriptions,Total,Fixed broadband,2022-Q4,8846422.0,Subscriptions,2022,Q4
Colombia,Subscriptions,Total,Fixed broadband,2023-Q2,8949987.0,Subscriptions,2023,Q2
Colombia,Subscriptions,Total,Fixed broadband,2023-Q4,8914133.0,Subscriptions,2023,Q4
Colombia,Subscriptions,Total,Fixed broadband,2024-Q2,8961513.0,Subscriptions,2024,Q2
Colombia,Subscriptions,Total,Fixed broadband,2024-Q4,9202178.0,Subscriptions,2024,Q4
Costa Rica,Subscriptions,Total,Fixed broadband,2018-Q2,805477.0,Subscriptions,2018,Q2
Costa Rica,Subscriptions,Total,Fixed broadband,2018-Q4,834784.0,Subscriptions,2018,Q4
Costa Rica,Subscriptions,Total,Fixed broadband,2019-Q2,871494.0,Subscriptions,2019,Q2
Costa Rica,Subscriptions,Total,Fixed broadband,2019-Q4,904734.0,Subscriptions,2019,Q4
Costa Rica,Subscriptions,Total,Fixed broadband,2020-Q2,950278.0,Subscriptions,2020,Q2
Costa Rica,Subscriptions,Total,Fixed broadband,2020-Q4,992725.0,Subscriptions,2020,Q4
Costa Rica,Subscriptions,Total,Fixed broadband,2021-Q2,1024865.0,Subscriptions,2021,Q2
Costa Rica,Subscriptions,Total,Fixed broadband,2021-Q4,1058766.0,Subscriptions,2021,Q4
Costa Rica,Subscriptions,Total,Fixed broadband,2022-Q2,1080825.0,Subscriptions,2022,Q2
Costa Rica,Subscriptions,Total,Fixed broadband,2022-Q4,1105670.0,Subscriptions,2022,Q4
Costa Rica,Subscriptions,Total,Fixed broadband,2023-Q2,1134411.0,Subscriptions,2023,Q2
Costa Rica,Subscriptions,Total,Fixed broadband,2023-Q4,1149924.0,Subscriptions,2023,Q4
Costa Rica,Subscriptions,Total,Fixed broadband,2024-Q2,1174214.0,Subscriptions,2024,Q2
Costa Rica,Subscriptions,Total,Fixed broadband,2024-Q4,1194638.0,Subscriptions,2024,Q4
Czechia,Subscriptions,Total,Fixed broadband,2018-Q2,3198822.0,Subscriptions,2018,Q2
Czechia,Subscriptions,Total,Fixed broadband,2018-Q4,3214401.0,Subscriptions,2018,Q4
Czechia,Subscriptions,Total,Fixed broadband,2019-Q2,3277807.0,Subscriptions,2019,Q2
Czechia,Subscriptions,Total,Fixed broadband,2019-Q4,3728437.0,Subscriptions,2019,Q4
Czechia,Subscriptions,Total,Fixed broadband,2020-Q2,3825616.0,Subscriptions,2020,Q2
Czechia,Subscriptions,Total,Fixed broadband,2020-Q4,3835701.0,Subscriptions,2020,Q4
Czechia,Subscriptions,Total,Fixed broadband,2021-Q2,3916601.0,Subscriptions,2021,Q2
Czechia,Subscriptions,Total,Fixed broadband,2021-Q4,3938671.0,Subscriptions,2021,Q4
Czechia,Subscriptions,Total,Fixed broadband,2022-Q2,4003602.0,Subscriptions,2022,Q2
Czechia,Subscriptions,Total,Fixed broadband,2022-Q4,4022055.0,Subscriptions,2022,Q4
Czechia,Subscriptions,Total,Fixed broadband,2023-Q2,4084105.0,Subscriptions,2023,Q2
Czechia,Subscriptions,Total,Fixed broadband,2023-Q4,4088706.0,Subscriptions,2023,Q4
Czechia,Subscriptions,Total,Fixed broadband,2024-Q2,4161749.0,Subscriptions,2024,Q2
Czechia,Subscriptions,Total,Fixed broadband,2024-Q4,4165747.0,Subscriptions,2024,Q4
Denmark,Subscriptions,Total,Fixed broadband,2018-Q2,2530584.0,Subscriptions,2018,Q2
Denmark,Subscriptions,Total,Fixed broadband,2018-Q4,2535513.0,Subscriptions,2018,Q4
Denmark,Subscriptions,Total,Fixed broadband,2019-Q2,2549148.0,Subscriptions,2019,Q2
Denmark,Subscriptions,Total,Fixed broadband,2019-Q4,2537430.0,Subscriptions,2019,Q4
Denmark,Subscriptions,Total,Fixed broadband,2020-Q2,2571736.0,Subscriptions,2020,Q2
Denmark,Subscriptions,Total,Fixed broadband,2020-Q4,2578110.0,Subscriptions,2020,Q4
Denmark,Subscriptions,Total,Fixed broadband,2021-Q2,2600000.0,Subscriptions,2021,Q2
Denmark,Subscriptions,Total,Fixed broadband,2021-Q4,2613852.0,Subscriptions,2021,Q4
Denmark,Subscriptions,Total,Fixed broadband,2022-Q2,2637733.0,Subscriptions,2022,Q2
Denmark,Subscriptions,Total,Fixed broadband,2022-Q4,2645902.0,Subscriptions,2022,Q4
Denmark,Subscriptions,Total,Fixed broadband,2023-Q2,2646625.0,Subscriptions,2023,Q2
Denmark,Subscriptions,Total,Fixed broadband,2023-Q4,2619274.0,Subscriptions,2023,Q4
Denmark,Subscriptions,Total,Fixed broadband,2024-Q2,2593797.0,Subscriptions,2024,Q2
Denmark,Subscriptions,Total,Fixed broadband,2024-Q4,2545344.0,Subscriptions,2024,Q4
Estonia,Subscriptions,Total,Fixed broadband,2018-Q2,414322.0,Subscriptions,2018,Q2
Estonia,Subscriptions,Total,Fixed broadband,2018-Q4,421640.0,Subscriptions,2018,Q4
Estonia,Subscriptions,Total,Fixed broadband,2019-Q2,423633.0,Subscriptions,2019,Q2
Estonia,Subscriptions,Total,Fixed broadband,2019-Q4,431251.0,Subscriptions,2019,Q4
Estonia,Subscriptions,Total,Fixed broadband,2020-Q2,429924.0,Subscriptions,2020,Q2
Estonia,Subscriptions,Total,Fixed broadband,2020-Q4,435026.0,Subscriptions,2020,Q4
Estonia,Subscriptions,Total,Fixed broadband,2021-Q2,469368.0,Subscriptions,2021,Q2
Estonia,Subscriptions,Total,Fixed broadband,2021-Q4,474170.0,Subscriptions,2021,Q4
Estonia,Subscriptions,Total,Fixed broadband,2022-Q2,491715.0,Subscriptions,2022,Q2
Estonia,Subscriptions,Total,Fixed broadband,2022-Q4,494173.0,Subscriptions,2022,Q4
Estonia,Subscriptions,Total,Fixed broadband,2023-Q2,517547.0,Subscriptions,2023,Q2
Estonia,Subscriptions,Total,Fixed broadband,2023-Q4,516147.0,Subscriptions,2023,Q4
Estonia,Subscriptions,Total,Fixed broadband,2024-Q2,517798.0,Subscriptions,2024,Q2
Estonia,Subscriptions,Total,Fixed broadband,2024-Q4,515499.0,Subscriptions,2024,Q4
Finland,Subscriptions,Total,Fixed broadband,2018-Q2,1708000.0,Subscriptions,2018,Q2
Finland,Subscriptions,Total,Fixed broadband,2018-Q4,1737000.0,Subscriptions,2018,Q4
Finland,Subscriptions,Total,Fixed broadband,2019-Q2,1762000.0,Subscriptions,2019,Q2
Finland,Subscriptions,Total,Fixed broadband,2019-Q4,1797000.0,Subscriptions,2019,Q4
Finland,Subscriptions,Total,Fixed broadband,2020-Q2,1801000.0,Subscriptions,2020,Q2
Finland,Subscriptions,Total,Fixed broadband,2020-Q4,1846000.0,Subscriptions,2020,Q4
Finland,Subscriptions,Total,Fixed broadband,2021-Q2,1845000.0,Subscriptions,2021,Q2
Finland,Subscriptions,Total,Fixed broadband,2021-Q4,1864000.0,Subscriptions,2021,Q4
Finland,Subscriptions,Total,Fixed broadband,2022-Q2,1879000.0,Subscriptions,2022,Q2
Finland,Subscriptions,Total,Fixed broadband,2022-Q4,1912000.0,Subscriptions,2022,Q4
Finland,Subscriptions,Total,Fixed broadband,2023-Q2,1941000.0,Subscriptions,2023,Q2
Finland,Subscriptions,Total,Fixed broadband,2023-Q4,1979000.0,Subscriptions,2023,Q4
Finland,Subscriptions,Total,Fixed broadband,2024-Q2,1998000.0,Subscriptions,2024,Q2
Finland,Subscriptions,Total,Fixed broadband,2024-Q4,2049000.0,Subscriptions,2024,Q4
France,Subscriptions,Total,Fixed broadband,2018-Q2,28745000.0,Subscriptions,2018,Q2
France,Subscriptions,Total,Fixed broadband,2018-Q4,29160000.0,Subscriptions,2018,Q4
France,Subscriptions,Total,Fixed broadband,2019-Q2,29446000.0,Subscriptions,2019,Q2
France,Subscriptions,Total,Fixed broadband,2019-Q4,29855000.0,Subscriptions,2019,Q4
France,Subscriptions,Total,Fixed broadband,2020-Q2,30153000.0,Subscriptions,2020,Q2
France,Subscriptions,Total,Fixed broadband,2020-Q4,30650000.0,Subscriptions,2020,Q4
France,Subscriptions,Total,Fixed broadband,2021-Q2,31042000.0,Subscriptions,2021,Q2
France,Subscriptions,Total,Fixed broadband,2021-Q4,31510000.0,Subscriptions,2021,Q4
France,Subscriptions,Total,Fixed broadband,2022-Q2,31774000.0,Subscriptions,2022,Q2
France,Subscriptions,Total,Fixed broadband,2022-Q4,31977000.0,Subscriptions,2022,Q4
France,Subscriptions,Total,Fixed broadband,2023-Q2,32154000.0,Subscriptions,2023,Q2
France,Subscriptions,Total,Fixed broadband,2023-Q4,32331000.0,Subscriptions,2023,Q4
France,Subscriptions,Total,Fixed broadband,2024-Q2,32418000.0,Subscriptions,2024,Q2
France,Subscriptions,Total,Fixed broadband,2024-Q4,32558000.0,Subscriptions,2024,Q4
Germany,Subscriptions,Total,Fixed broadband,2018-Q2,33627629.0,Subscriptions,2018,Q2
Germany,Subscriptions,Total,Fixed broadband,2018-Q4,34152033.0,Subscriptions,2018,Q4
Germany,Subscriptions,Total,Fixed broadband,2019-Q2,34576580.0,Subscriptions,2019,Q2
Germany,Subscriptions,Total,Fixed broadband,2019-Q4,35191417.0,Subscriptions,2019,Q4
Germany,Subscriptions,Total,Fixed broadband,2020-Q2,35586878.0,Subscriptions,2020,Q2
Germany,Subscriptions,Total,Fixed broadband,2020-Q4,36215303.0,Subscriptions,2020,Q4
Germany,Subscriptions,Total,Fixed broadband,2021-Q2,36541992.0,Subscriptions,2021,Q2
Germany,Subscriptions,Total,Fixed broadband,2021-Q4,36880564.0,Subscriptions,2021,Q4
Germany,Subscriptions,Total,Fixed broadband,2022-Q2,36906608.0,Subscriptions,2022,Q2
Germany,Subscriptions,Total,Fixed broadband,2022-Q4,37518124.0,Subscriptions,2022,Q4
Germany,Subscriptions,Total,Fixed broadband,2023-Q2,38082223.0,Subscriptions,2023,Q2
Germany,Subscriptions,Total,Fixed broadband,2023-Q4,38368429.0,Subscriptions,2023,Q4
Germany,Subscriptions,Total,Fixed broadband,2024-Q2,38453863.0,Subscriptions,2024,Q2
Germany,Subscriptions,Total,Fixed broadband,2024-Q4,38561677.0,Subscriptions,2024,Q4
Greece,Subscriptions,Total,Fixed broadband,2018-Q2,3884827.0,Subscriptions,2018,Q2
Greece,Subscriptions,Total,Fixed broadband,2018-Q4,3964602.0,Subscriptions,2018,Q4
Greece,Subscriptions,Total,Fixed broadband,2019-Q2,4026952.0,Subscriptions,2019,Q2
Greece,Subscriptions,Total,Fixed broadband,2019-Q4,4105561.0,Subscriptions,2019,Q4
Greece,Subscriptions,Total,Fixed broadband,2020-Q2,4200145.0,Subscriptions,2020,Q2
Greece,Subscriptions,Total,Fixed broadband,2020-Q4,4270473.0,Subscriptions,2020,Q4
Greece,Subscriptions,Total,Fixed broadband,2021-Q2,4338095.0,Subscriptions,2021,Q2
Greece,Subscriptions,Total,Fixed broadband,2021-Q4,4429370.0,Subscriptions,2021,Q4
Greece,Subscriptions,Total,Fixed broadband,2022-Q2,4463358.0,Subscriptions,2022,Q2
Greece,Subscriptions,Total,Fixed broadband,2022-Q4,4485315.0,Subscriptions,2022,Q4
Greece,Subscriptions,Total,Fixed broadband,2023-Q2,4503575.0,Subscriptions,2023,Q2
Greece,Subscriptions,Total,Fixed broadband,2023-Q4,4513239.0,Subscriptions,2023,Q4
Greece,Subscriptions,Total,Fixed broadband,2024-Q2,4511799.0,Subscriptions,2024,Q2
Greece,Subscriptions,Total,Fixed broadband,2024-Q4,4489909.0,Subscriptions,2024,Q4
Hungary,Subscriptions,Total,Fixed broadband,2018-Q2,3000192.0,Subscriptions,2018,Q2
Hungary,Subscriptions,Total,Fixed broadband,2018-Q4,3079549.0,Subscriptions,2018,Q4
Hungary,Subscriptions,Total,Fixed broadband,2019-Q2,3143314.0,Subscriptions,2019,Q2
Hungary,Subscriptions,Total,Fixed broadband,2019-Q4,3189689.0,Subscriptions,2019,Q4
Hungary,Subscriptions,Total,Fixed broadband,2020-Q2,3207240.0,Subscriptions,2020,Q2
Hungary,Subscriptions,Total,Fixed broadband,2020-Q4,3265308.0,Subscriptions,2020,Q4
Hungary,Subscriptions,Total,Fixed broadband,2021-Q2,3313510.0,Subscriptions,2021,Q2
Hungary,Subscriptions,Total,Fixed broadband,2021-Q4,3382136.0,Subscriptions,2021,Q4
Hungary,Subscriptions,Total,Fixed broadband,2022-Q2,3437217.0,Subscriptions,2022,Q2
Hungary,Subscriptions,Total,Fixed broadband,2022-Q4,3473439.0,Subscriptions,2022,Q4
Hungary,Subscriptions,Total,Fixed broadband,2023-Q2,3497193.0,Subscriptions,2023,Q2
Hungary,Subscriptions,Total,Fixed broadband,2023-Q4,3554820.0,Subscriptions,2023,Q4
Hungary,Subscriptions,Total,Fixed broadband,2024-Q2,3585639.0,Subscriptions,2024,Q2
Hungary,Subscriptions,Total,Fixed broadband,2024-Q4,3625979.0,Subscriptions,2024,Q4
Iceland,Subscriptions,Total,Fixed broadband,2018-Q2,136120.0,Subscriptions,2018,Q2
Iceland,Subscriptions,Total,Fixed broadband,2018-Q4,137989.0,Subscriptions,2018,Q4
Iceland,Subscriptions,Total,Fixed broadband,2019-Q2,138613.0,Subscriptions,2019,Q2
Iceland,Subscriptions,Total,Fixed broadband,2019-Q4,139241.0,Subscriptions,2019,Q4
Iceland,Subscriptions,Total,Fixed broadband,2020-Q2,139812.0,Subscriptions,2020,Q2
Iceland,Subscriptions,Total,Fixed broadband,2020-Q4,139768.0,Subscriptions,2020,Q4
Iceland,Subscriptions,Total,Fixed broadband,2021-Q2,139045.0,Subscriptions,2021,Q2
Iceland,Subscriptions,Total,Fixed broadband,2021-Q4,140639.0,Subscriptions,2021,Q4
Iceland,Subscriptions,Total,Fixed broadband,2022-Q2,140757.0,Subscriptions,2022,Q2
Iceland,Subscriptions,Total,Fixed broadband,2022-Q4,142334.0,Subscriptions,2022,Q4
Iceland,Subscriptions,Total,Fixed broadband,2023-Q2,141474.0,Subscriptions,2023,Q2
Iceland,Subscriptions,Total,Fixed broadband,2023-Q4,145042.0,Subscriptions,2023,Q4
Iceland,Subscriptions,Total,Fixed broadband,2024-Q2,146216.0,Subscriptions,2024,Q2
Iceland,Subscriptions,Total,Fixed broadband,2024-Q4,147619.0,Subscriptions,2024,Q4
Ireland,Subscriptions,Total,Fixed broadband,2018-Q2,1413261.0,Subscriptions,2018,Q2
Ireland,Subscriptions,Total,Fixed broadband,2018-Q4,1430160.0,Subscriptions,2018,Q4
Ireland,Subscriptions,Total,Fixed broadband,2019-Q2,1445435.0,Subscriptions,2019,Q2
Ireland,Subscriptions,Total,Fixed broadband,2019-Q4,1462549.0,Subscriptions,2019,Q4
Ireland,Subscriptions,Total,Fixed broadband,2020-Q2,1494431.0,Subscriptions,2020,Q2
Ireland,Subscriptions,Total,Fixed broadband,2020-Q4,1516473.0,Subscriptions,2020,Q4
Ireland,Subscriptions,Total,Fixed broadband,2021-Q2,1554993.0,Subscriptions,2021,Q2
Ireland,Subscriptions,Total,Fixed broadband,2021-Q4,1576997.0,Subscriptions,2021,Q4
Ireland,Subscriptions,Total,Fixed broadband,2022-Q2,1595096.0,Subscriptions,2022,Q2
Ireland,Subscriptions,Total,Fixed broadband,2022-Q4,1611509.0,Subscriptions,2022,Q4
Ireland,Subscriptions,Total,Fixed broadband,2023-Q2,1620723.0,Subscriptions,2023,Q2
Ireland,Subscriptions,Total,Fixed broadband,2023-Q4,1657246.0,Subscriptions,2023,Q4
Ireland,Subscriptions,Total,Fixed broadband,2024-Q2,1672278.0,Subscriptions,2024,Q2
Ireland,Subscriptions,Total,Fixed broadband,2024-Q4,1697495.0,Subscriptions,2024,Q4
Israel,Subscriptions,Total,Fixed broadband,2018-Q2,2419784.0,Subscriptions,2018,Q2
Israel,Subscriptions,Total,Fixed broadband,2018-Q4,2434574.0,Subscriptions,2018,Q4
Israel,Subscriptions,Total,Fixed broadband,2019-Q2,2447739.0,Subscriptions,2019,Q2
Israel,Subscriptions,Total,Fixed broadband,2019-Q4,2480952.0,Subscriptions,2019,Q4
Israel,Subscriptions,Total,Fixed broadband,2020-Q2,2541661.0,Subscriptions,2020,Q2
Israel,Subscriptions,Total,Fixed broadband,2020-Q4,2602079.0,Subscriptions,2020,Q4
Israel,Subscriptions,Total,Fixed broadband,2021-Q2,2616138.0,Subscriptions,2021,Q2
Israel,Subscriptions,Total,Fixed broadband,2021-Q4,2637453.0,Subscriptions,2021,Q4
Israel,Subscriptions,Total,Fixed broadband,2022-Q2,2650000.0,Subscriptions,2022,Q2
Israel,Subscriptions,Total,Fixed broadband,2022-Q4,2650475.0,Subscriptions,2022,Q4
Israel,Subscriptions,Total,Fixed broadband,2023-Q2,2669000.0,Subscriptions,2023,Q2
Israel,Subscriptions,Total,Fixed broadband,2023-Q4,2724663.0,Subscriptions,2023,Q4
Israel,Subscriptions,Total,Fixed broadband,2024-Q2,2732072.0,Subscriptions,2024,Q2
Israel,Subscriptions,Total,Fixed broadband,2024-Q4,2739481.0,Subscriptions,2024,Q4
Italy,Subscriptions,Total,Fixed broadband,2018-Q2,16870485.0,Subscriptions,2018,Q2
Italy,Subscriptions,Total,Fixed broadband,2018-Q4,17153118.0,Subscriptions,2018,Q4
Italy,Subscriptions,Total,Fixed broadband,2019-Q2,17268657.0,Subscriptions,2019,Q2
Italy,Subscriptions,Total,Fixed broadband,2019-Q4,17712647.0,Subscriptions,2019,Q4
Italy,Subscriptions,Total,Fixed broadband,2020-Q2,18014981.0,Subscriptions,2020,Q2
Italy,Subscriptions,Total,Fixed broadband,2020-Q4,18253952.0,Subscriptions,2020,Q4
Italy,Subscriptions,Total,Fixed broadband,2021-Q2,18623083.0,Subscriptions,2021,Q2
Italy,Subscriptions,Total,Fixed broadband,2021-Q4,18817908.0,Subscriptions,2021,Q4
Italy,Subscriptions,Total,Fixed broadband,2022-Q2,18892144.0,Subscriptions,2022,Q2
Italy,Subscriptions,Total,Fixed broadband,2022-Q4,18964445.0,Subscriptions,2022,Q4
Italy,Subscriptions,Total,Fixed broadband,2023-Q2,19008180.0,Subscriptions,2023,Q2
Italy,Subscriptions,Total,Fixed broadband,2023-Q4,19022805.0,Subscriptions,2023,Q4
Italy,Subscriptions,Total,Fixed broadband,2024-Q2,19161673.0,Subscriptions,2024,Q2
Italy,Subscriptions,Total,Fixed broadband,2024-Q4,18859621.0,Subscriptions,2024,Q4
Japan,Subscriptions,Total,Fixed broadband,2018-Q2,39927147.0,Subscriptions,2018,Q2
Japan,Subscriptions,Total,Fixed broadband,2018-Q4,40260507.0,Subscriptions,2018,Q4
Japan,Subscriptions,Total,Fixed broadband,2019-Q2,40758516.0,Subscriptions,2019,Q2
Japan,Subscriptions,Total,Fixed broadband,2019-Q4,41250866.0,Subscriptions,2019,Q4
Japan,Subscriptions,Total,Fixed broadband,2020-Q2,42302002.0,Subscriptions,2020,Q2
Japan,Subscriptions,Total,Fixed broadband,2020-Q4,43072020.0,Subscriptions,2020,Q4
Japan,Subscriptions,Total,Fixed broadband,2021-Q2,43890623.0,Subscriptions,2021,Q2
Japan,Subscriptions,Total,Fixed broadband,2021-Q4,44530991.0,Subscriptions,2021,Q4
Japan,Subscriptions,Total,Fixed broadband,2022-Q2,45180480.0,Subscriptions,2022,Q2
Japan,Subscriptions,Total,Fixed broadband,2022-Q4,46012429.0,Subscriptions,2022,Q4
Japan,Subscriptions,Total,Fixed broadband,2023-Q2,50273192.0,Subscriptions,2023,Q2
Japan,Subscriptions,Total,Fixed broadband,2023-Q4,50785202.0,Subscriptions,2023,Q4
Japan,Subscriptions,Total,Fixed broadband,2024-Q2,51187303.0,Subscriptions,2024,Q2
Japan,Subscriptions,Total,Fixed broadband,2024-Q4,51622119.0,Subscriptions,2024,Q4
Korea,Subscriptions,Total,Fixed broadband,2018-Q2,21107545.0,Subscriptions,2018,Q2
Korea,Subscriptions,Total,Fixed broadband,2018-Q4,21285858.0,Subscriptions,2018,Q4
Korea,Subscriptions,Total,Fixed broadband,2019-Q2,21622143.0,Subscriptions,2019,Q2
Korea,Subscriptions,Total,Fixed broadband,2019-Q4,21906228.0,Subscriptions,2019,Q4
Korea,Subscriptions,Total,Fixed broadband,2020-Q2,22020805.0,Subscriptions,2020,Q2
Korea,Subscriptions,Total,Fixed broadband,2020-Q4,22327182.0,Subscriptions,2020,Q4
Korea,Subscriptions,Total,Fixed broadband,2021-Q2,22670159.0,Subscriptions,2021,Q2
Korea,Subscriptions,Total,Fixed broadband,2021-Q4,22944268.0,Subscriptions,2021,Q4
Korea,Subscriptions,Total,Fixed broadband,2022-Q2,23264220.0,Subscriptions,2022,Q2
Korea,Subscriptions,Total,Fixed broadband,2022-Q4,23537333.0,Subscriptions,2022,Q4
Korea,Subscriptions,Total,Fixed broadband,2023-Q2,23847678.0,Subscriptions,2023,Q2
Korea,Subscriptions,Total,Fixed broadband,2023-Q4,24098164.0,Subscriptions,2023,Q4
Korea,Subscriptions,Total,Fixed broadband,2024-Q2,24462158.0,Subscriptions,2024,Q2
Korea,Subscriptions,Total,Fixed broadband,2024-Q4,24721782.0,Subscriptions,2024,Q4
Latvia,Subscriptions,Total,Fixed broadband,2018-Q2,525150.0,Subscriptions,2018,Q2
Latvia,Subscriptions,Total,Fixed broadband,2018-Q4,525995.0,Subscriptions,2018,Q4
Latvia,Subscriptions,Total,Fixed broadband,2019-Q2,515396.0,Subscriptions,2019,Q2
Latvia,Subscriptions,Total,Fixed broadband,2019-Q4,508924.0,Subscriptions,2019,Q4
Latvia,Subscriptions,Total,Fixed broadband,2020-Q2,492482.0,Subscriptions,2020,Q2
Latvia,Subscriptions,Total,Fixed broadband,2020-Q4,490569.0,Subscriptions,2020,Q4
Latvia,Subscriptions,Total,Fixed broadband,2021-Q2,487963.0,Subscriptions,2021,Q2
Latvia,Subscriptions,Total,Fixed broadband,2021-Q4,489803.0,Subscriptions,2021,Q4
Latvia,Subscriptions,Total,Fixed broadband,2022-Q2,488664.0,Subscriptions,2022,Q2
Latvia,Subscriptions,Total,Fixed broadband,2022-Q4,488874.0,Subscriptions,2022,Q4
Latvia,Subscriptions,Total,Fixed broadband,2023-Q2,488883.0,Subscriptions,2023,Q2
Latvia,Subscriptions,Total,Fixed broadband,2023-Q4,489326.0,Subscriptions,2023,Q4
Latvia,Subscriptions,Total,Fixed broadband,2024-Q2,485952.0,Subscriptions,2024,Q2
Latvia,Subscriptions,Total,Fixed broadband,2024-Q4,482188.0,Subscriptions,2024,Q4
Lithuania,Subscriptions,Total,Fixed broadband,2018-Q2,789527.0,Subscriptions,2018,Q2
Lithuania,Subscriptions,Total,Fixed broadband,2018-Q4,784113.0,Subscriptions,2018,Q4
Lithuania,Subscriptions,Total,Fixed broadband,2019-Q2,787190.0,Subscriptions,2019,Q2
Lithuania,Subscriptions,Total,Fixed broadband,2019-Q4,785888.0,Subscriptions,2019,Q4
Lithuania,Subscriptions,Total,Fixed broadband,2020-Q2,786714.0,Subscriptions,2020,Q2
Lithuania,Subscriptions,Total,Fixed broadband,2020-Q4,792790.0,Subscriptions,2020,Q4
Lithuania,Subscriptions,Total,Fixed broadband,2021-Q2,796730.0,Subscriptions,2021,Q2
Lithuania,Subscriptions,Total,Fixed broadband,2021-Q4,795041.0,Subscriptions,2021,Q4
Lithuania,Subscriptions,Total,Fixed broadband,2022-Q2,799007.0,Subscriptions,2022,Q2
Lithuania,Subscriptions,Total,Fixed broadband,2022-Q4,801135.0,Subscriptions,2022,Q4
Lithuania,Subscriptions,Total,Fixed broadband,2023-Q2,798108.0,Subscriptions,2023,Q2
Lithuania,Subscriptions,Total,Fixed broadband,2023-Q4,798117.0,Subscriptions,2023,Q4
Lithuania,Subscriptions,Total,Fixed broadband,2024-Q2,795701.0,Subscriptions,2024,Q2
Lithuania,Subscriptions,Total,Fixed broadband,2024-Q4,796148.0,Subscriptions,2024,Q4
Luxembourg,Subscriptions,Total,Fixed broadband,2018-Q2,220300.0,Subscriptions,2018,Q2
Luxembourg,Subscriptions,Total,Fixed broadband,2018-Q4,224200.0,Subscriptions,2018,Q4
Luxembourg,Subscriptions,Total,Fixed broadband,2019-Q2,227150.0,Subscriptions,2019,Q2
Luxembourg,Subscriptions,Total,Fixed broadband,2019-Q4,230100.0,Subscriptions,2019,Q4
Luxembourg,Subscriptions,Total,Fixed broadband,2020-Q2,230300.0,Subscriptions,2020,Q2
Luxembourg,Subscriptions,Total,Fixed broadband,2020-Q4,235200.0,Subscriptions,2020,Q4
Luxembourg,Subscriptions,Total,Fixed broadband,2021-Q2,241200.0,Subscriptions,2021,Q2
Luxembourg,Subscriptions,Total,Fixed broadband,2021-Q4,243100.0,Subscriptions,2021,Q4
Luxembourg,Subscriptions,Total,Fixed broadband,2022-Q2,250300.0,Subscriptions,2022,Q2
Luxembourg,Subscriptions,Total,Fixed broadband,2022-Q4,250400.0,Subscriptions,2022,Q4
Luxembourg,Subscriptions,Total,Fixed broadband,2023-Q2,252800.0,Subscriptions,2023,Q2
Luxembourg,Subscriptions,Total,Fixed broadband,2023-Q4,255300.0,Subscriptions,2023,Q4
Luxembourg,Subscriptions,Total,Fixed broadband,2024-Q2,260500.0,Subscriptions,2024,Q2
Luxembourg,Subscriptions,Total,Fixed broadband,2024-Q4,271400.0,Subscriptions,2024,Q4
Mexico,Subscriptions,Total,Fixed broadband,2018-Q2,17731287.0,Subscriptions,2018,Q2
Mexico,Subscriptions,Total,Fixed broadband,2018-Q4,18358920.0,Subscriptions,2018,Q4
Mexico,Subscriptions,Total,Fixed broadband,2019-Q2,18793826.0,Subscriptions,2019,Q2
Mexico,Subscriptions,Total,Fixed broadband,2019-Q4,19353056.0,Subscriptions,2019,Q4
Mexico,Subscriptions,Total,Fixed broadband,2020-Q2,20896087.0,Subscriptions,2020,Q2
Mexico,Subscriptions,Total,Fixed broadband,2020-Q4,22509439.0,Subscriptions,2020,Q4
Mexico,Subscriptions,Total,Fixed broadband,2021-Q2,23882196.0,Subscriptions,2021,Q2
Mexico,Subscriptions,Total,Fixed broadband,2021-Q4,24853552.0,Subscriptions,2021,Q4
Mexico,Subscriptions,Total,Fixed broadband,2022-Q2,25457182.0,Subscriptions,2022,Q2
Mexico,Subscriptions,Total,Fixed broadband,2022-Q4,26504735.0,Subscriptions,2022,Q4
Mexico,Subscriptions,Total,Fixed broadband,2023-Q2,26948713.0,Subscriptions,2023,Q2
Mexico,Subscriptions,Total,Fixed broadband,2023-Q4,26932530.0,Subscriptions,2023,Q4
Mexico,Subscriptions,Total,Fixed broadband,2024-Q2,28339272.0,Subscriptions,2024,Q2
Mexico,Subscriptions,Total,Fixed broadband,2024-Q4,29003240.0,Subscriptions,2024,Q4
Netherlands,Subscriptions,Total,Fixed broadband,2018-Q2,7371000.0,Subscriptions,2018,Q2
Netherlands,Subscriptions,Total,Fixed broadband,2018-Q4,7406000.0,Subscriptions,2018,Q4
Netherlands,Subscriptions,Total,Fixed broadband,2019-Q2,7431746.0,Subscriptions,2019,Q2
Netherlands,Subscriptions,Total,Fixed broadband,2019-Q4,7458573.0,Subscriptions,2019,Q4
Netherlands,Subscriptions,Total,Fixed broadband,2020-Q2,7476259.0,Subscriptions,2020,Q2
Netherlands,Subscriptions,Total,Fixed broadband,2020-Q4,7525000.0,Subscriptions,2020,Q4
Netherlands,Subscriptions,Total,Fixed broadband,2021-Q2,7573000.0,Subscriptions,2021,Q2
Netherlands,Subscriptions,Total,Fixed broadband,2021-Q4,7589853.0,Subscriptions,2021,Q4
Netherlands,Subscriptions,Total,Fixed broadband,2022-Q2,7774473.0,Subscriptions,2022,Q2
Netherlands,Subscriptions,Total,Fixed broadband,2022-Q4,7800000.0,Subscriptions,2022,Q4
Netherlands,Subscriptions,Total,Fixed broadband,2023-Q2,7818000.0,Subscriptions,2023,Q2
Netherlands,Subscriptions,Total,Fixed broadband,2023-Q4,7836000.0,Subscriptions,2023,Q4
Netherlands,Subscriptions,Total,Fixed broadband,2024-Q2,7808000.0,Subscriptions,2024,Q2
Netherlands,Subscriptions,Total,Fixed broadband,2024-Q4,7834000.0,Subscriptions,2024,Q4
New Zealand,Subscriptions,Total,Fixed broadband,2018-Q2,1647635.0,Subscriptions,2018,Q2
New Zealand,Subscriptions,Total,Fixed broadband,2018-Q4,1662090.0,Subscriptions,2018,Q4
New Zealand,Subscriptions,Total,Fixed broadband,2019-Q2,1697534.0,Subscriptions,2019,Q2
New Zealand,Subscriptions,Total,Fixed broadband,2019-Q4,1715231.0,Subscriptions,2019,Q4
New Zealand,Subscriptions,Total,Fixed broadband,2020-Q2,1764984.0,Subscriptions,2020,Q2
New Zealand,Subscriptions,Total,Fixed broadband,2020-Q4,1770549.0,Subscriptions,2020,Q4
New Zealand,Subscriptions,Total,Fixed broadband,2021-Q2,1806118.0,Subscriptions,2021,Q2
New Zealand,Subscriptions,Total,Fixed broadband,2021-Q4,1832539.0,Subscriptions,2021,Q4
New Zealand,Subscriptions,Total,Fixed broadband,2022-Q2,1863050.0,Subscriptions,2022,Q2
New Zealand,Subscriptions,Total,Fixed broadband,2022-Q4,1898112.0,Subscriptions,2022,Q4
New Zealand,Subscriptions,Total,Fixed broadband,2023-Q2,1950666.0,Subscriptions,2023,Q2
New Zealand,Subscriptions,Total,Fixed broadband,2023-Q4,1967103.0,Subscriptions,2023,Q4
New Zealand,Subscriptions,Total,Fixed broadband,2024-Q2,1983817.0,Subscriptions,2024,Q2
New Zealand,Subscriptions,Total,Fixed broadband,2024-Q4,2002231.0,Subscriptions,2024,Q4
Norway,Subscriptions,Total,Fixed broadband,2018-Q2,2176223.0,Subscriptions,2018,Q2
Norway,Subscriptions,Total,Fixed broadband,2018-Q4,2284318.0,Subscriptions,2018,Q4
Norway,Subscriptions,Total,Fixed broadband,2019-Q2,2224590.0,Subscriptions,2019,Q2
Norway,Subscriptions,Total,Fixed broadband,2019-Q4,2334674.0,Subscriptions,2019,Q4
Norway,Subscriptions,Total,Fixed broadband,2020-Q2,2302340.0,Subscriptions,2020,Q2
Norway,Subscriptions,Total,Fixed broadband,2020-Q4,2386926.0,Subscriptions,2020,Q4
Norway,Subscriptions,Total,Fixed broadband,2021-Q2,2398795.0,Subscriptions,2021,Q2
Norway,Subscriptions,Total,Fixed broadband,2021-Q4,2430354.0,Subscriptions,2021,Q4
Norway,Subscriptions,Total,Fixed broadband,2022-Q2,2449644.0,Subscriptions,2022,Q2
Norway,Subscriptions,Total,Fixed broadband,2022-Q4,2485329.0,Subscriptions,2022,Q4
Norway,Subscriptions,Total,Fixed broadband,2023-Q2,2505722.0,Subscriptions,2023,Q2
Norway,Subscriptions,Total,Fixed broadband,2023-Q4,2544220.0,Subscriptions,2023,Q4
Norway,Subscriptions,Total,Fixed broadband,2024-Q2,2561807.0,Subscriptions,2024,Q2
Norway,Subscriptions,Total,Fixed broadband,2024-Q4,2591638.0,Subscriptions,2024,Q4
Poland,Subscriptions,Total,Fixed broadband,2018-Q2,7084085.0,Subscriptions,2018,Q2
Poland,Subscriptions,Total,Fixed broadband,2018-Q4,7761110.0,Subscriptions,2018,Q4
Poland,Subscriptions,Total,Fixed broadband,2019-Q2,7569796.0,Subscriptions,2019,Q2
Poland,Subscriptions,Total,Fixed broadband,2019-Q4,7799937.0,Subscriptions,2019,Q4
Poland,Subscriptions,Total,Fixed broadband,2020-Q2,7901577.0,Subscriptions,2020,Q2
Poland,Subscriptions,Total,Fixed broadband,2020-Q4,8366549.0,Subscriptions,2020,Q4
Poland,Subscriptions,Total,Fixed broadband,2021-Q2,8481149.0,Subscriptions,2021,Q2
Poland,Subscriptions,Total,Fixed broadband,2021-Q4,8667297.0,Subscriptions,2021,Q4
Poland,Subscriptions,Total,Fixed broadband,2022-Q2,8613405.0,Subscriptions,2022,Q2
Poland,Subscriptions,Total,Fixed broadband,2022-Q4,9183514.0,Subscriptions,2022,Q4
Poland,Subscriptions,Total,Fixed broadband,2023-Q2,9133906.0,Subscriptions,2023,Q2
Poland,Subscriptions,Total,Fixed broadband,2023-Q4,9489107.0,Subscriptions,2023,Q4
Poland,Subscriptions,Total,Fixed broadband,2024-Q2,9310395.0,Subscriptions,2024,Q2
Poland,Subscriptions,Total,Fixed broadband,2024-Q4,9708613.0,Subscriptions,2024,Q4
Portugal,Subscriptions,Total,Fixed broadband,2018-Q2,3669956.0,Subscriptions,2018,Q2
Portugal,Subscriptions,Total,Fixed broadband,2018-Q4,3784693.0,Subscriptions,2018,Q4
Portugal,Subscriptions,Total,Fixed broadband,2019-Q2,3867961.0,Subscriptions,2019,Q2
Portugal,Subscriptions,Total,Fixed broadband,2019-Q4,3967716.0,Subscriptions,2019,Q4
Portugal,Subscriptions,Total,Fixed broadband,2020-Q2,4057600.0,Subscriptions,2020,Q2
Portugal,Subscriptions,Total,Fixed broadband,2020-Q4,4160812.0,Subscriptions,2020,Q4
Portugal,Subscriptions,Total,Fixed broadband,2021-Q2,4230589.0,Subscriptions,2021,Q2
Portugal,Subscriptions,Total,Fixed broadband,2021-Q4,4313761.0,Subscriptions,2021,Q4
Portugal,Subscriptions,Total,Fixed broadband,2022-Q2,4383832.0,Subscriptions,2022,Q2
Portugal,Subscriptions,Total,Fixed broadband,2022-Q4,4472779.0,Subscriptions,2022,Q4
Portugal,Subscriptions,Total,Fixed broadband,2023-Q2,4529856.0,Subscriptions,2023,Q2
Portugal,Subscriptions,Total,Fixed broadband,2023-Q4,4601070.0,Subscriptions,2023,Q4
Portugal,Subscriptions,Total,Fixed broadband,2024-Q2,4550709.0,Subscriptions,2024,Q2
Portugal,Subscriptions,Total,Fixed broadband,2024-Q4,4614717.0,Subscriptions,2024,Q4
Slovak Republic,Subscriptions,Total,Fixed broadband,2018-Q2,1470414.0,Subscriptions,2018,Q2
Slovak Republic,Subscriptions,Total,Fixed broadband,2018-Q4,1515761.0,Subscriptions,2018,Q4
Slovak Republic,Subscriptions,Total,Fixed broadband,2019-Q2,1554139.0,Subscriptions,2019,Q2
Slovak Republic,Subscriptions,Total,Fixed broadband,2019-Q4,1604630.0,Subscriptions,2019,Q4
Slovak Republic,Subscriptions,Total,Fixed broadband,2020-Q2,1677927.0,Subscriptions,2020,Q2
Slovak Republic,Subscriptions,Total,Fixed broadband,2020-Q4,1749671.0,Subscriptions,2020,Q4
Slovak Republic,Subscriptions,Total,Fixed broadband,2021-Q2,1794556.0,Subscriptions,2021,Q2
Slovak Republic,Subscriptions,Total,Fixed broadband,2021-Q4,1834951.0,Subscriptions,2021,Q4
Slovak Republic,Subscriptions,Total,Fixed broadband,2022-Q2,1869705.0,Subscriptions,2022,Q2
Slovak Republic,Subscriptions,Total,Fixed broadband,2022-Q4,1909488.0,Subscriptions,2022,Q4
Slovak Republic,Subscriptions,Total,Fixed broadband,2023-Q2,1910819.0,Subscriptions,2023,Q2
Slovak Republic,Subscriptions,Total,Fixed broadband,2023-Q4,1916587.0,Subscriptions,2023,Q4
Slovak Republic,Subscriptions,Total,Fixed broadband,2024-Q2,1938312.0,Subscriptions,2024,Q2
Slovak Republic,Subscriptions,Total,Fixed broadband,2024-Q4,1971337.0,Subscriptions,2024,Q4
Slovenia,Subscriptions,Total,Fixed broadband,2018-Q2,598651.0,Subscriptions,2018,Q2
Slovenia,Subscriptions,Total,Fixed broadband,2018-Q4,605720.0,Subscriptions,2018,Q4
Slovenia,Subscriptions,Total,Fixed broadband,2019-Q2,611032.0,Subscriptions,2019,Q2
Slovenia,Subscriptions,Total,Fixed broadband,2019-Q4,620513.0,Subscriptions,2019,Q4
Slovenia,Subscriptions,Total,Fixed broadband,2020-Q2,629237.0,Subscriptions,2020,Q2
Slovenia,Subscriptions,Total,Fixed broadband,2020-Q4,644488.0,Subscriptions,2020,Q4
Slovenia,Subscriptions,Total,Fixed broadband,2021-Q2,654759.0,Subscriptions,2021,Q2
Slovenia,Subscriptions,Total,Fixed broadband,2021-Q4,659240.0,Subscriptions,2021,Q4
Slovenia,Subscriptions,Total,Fixed broadband,2022-Q2,663839.0,Subscriptions,2022,Q2
Slovenia,Subscriptions,Total,Fixed broadband,2022-Q4,669009.0,Subscriptions,2022,Q4
Slovenia,Subscriptions,Total,Fixed broadband,2023-Q2,671131.0,Subscriptions,2023,Q2
Slovenia,Subscriptions,Total,Fixed broadband,2023-Q4,710079.0,Subscriptions,2023,Q4
Slovenia,Subscriptions,Total,Fixed broadband,2024-Q2,715610.0,Subscriptions,2024,Q2
Slovenia,Subscriptions,Total,Fixed broadband,2024-Q4,721663.0,Subscriptions,2024,Q4
Spain,Subscriptions,Total,Fixed broadband,2018-Q2,14681303.0,Subscriptions,2018,Q2
Spain,Subscriptions,Total,Fixed broadband,2018-Q4,14956581.0,Subscriptions,2018,Q4
Spain,Subscriptions,Total,Fixed broadband,2019-Q2,15093355.0,Subscriptions,2019,Q2
Spain,Subscriptions,Total,Fixed broadband,2019-Q4,15333713.0,Subscriptions,2019,Q4
Spain,Subscriptions,Total,Fixed broadband,2020-Q2,15540600.0,Subscriptions,2020,Q2
Spain,Subscriptions,Total,Fixed broadband,2020-Q4,15875082.0,Subscriptions,2020,Q4
Spain,Subscriptions,Total,Fixed broadband,2021-Q2,16167798.0,Subscriptions,2021,Q2
Spain,Subscriptions,Total,Fixed broadband,2021-Q4,16392286.0,Subscriptions,2021,Q4
Spain,Subscriptions,Total,Fixed broadband,2022-Q2,16657115.0,Subscriptions,2022,Q2
Spain,Subscriptions,Total,Fixed broadband,2022-Q4,16929202.0,Subscriptions,2022,Q4
Spain,Subscriptions,Total,Fixed broadband,2023-Q2,17326324.0,Subscriptions,2023,Q2
Spain,Subscriptions,Total,Fixed broadband,2023-Q4,17830207.0,Subscriptions,2023,Q4
Spain,Subscriptions,Total,Fixed broadband,2024-Q2,18404828.0,Subscriptions,2024,Q2
Spain,Subscriptions,Total,Fixed broadband,2024-Q4,19022765.0,Subscriptions,2024,Q4
Sweden,Subscriptions,Total,Fixed broadband,2018-Q2,3902609.0,Subscriptions,2018,Q2
Sweden,Subscriptions,Total,Fixed broadband,2018-Q4,3973622.0,Subscriptions,2018,Q4
Sweden,Subscriptions,Total,Fixed broadband,2019-Q2,3994475.0,Subscriptions,2019,Q2
Sweden,Subscriptions,Total,Fixed broadband,2019-Q4,4038725.0,Subscriptions,2019,Q4
Sweden,Subscriptions,Total,Fixed broadband,2020-Q2,4101078.0,Subscriptions,2020,Q2
Sweden,Subscriptions,Total,Fixed broadband,2020-Q4,4179574.0,Subscriptions,2020,Q4
Sweden,Subscriptions,Total,Fixed broadband,2021-Q2,4195823.0,Subscriptions,2021,Q2
Sweden,Subscriptions,Total,Fixed broadband,2021-Q4,4253442.0,Subscriptions,2021,Q4
Sweden,Subscriptions,Total,Fixed broadband,2022-Q2,4262322.0,Subscriptions,2022,Q2
Sweden,Subscriptions,Total,Fixed broadband,2022-Q4,4258836.0,Subscriptions,2022,Q4
Sweden,Subscriptions,Total,Fixed broadband,2023-Q2,4224014.0,Subscriptions,2023,Q2
Sweden,Subscriptions,Total,Fixed broadband,2023-Q4,4586259.0,Subscriptions,2023,Q4
Sweden,Subscriptions,Total,Fixed broadband,2024-Q2,4594798.0,Subscriptions,2024,Q2
Sweden,Subscriptions,Total,Fixed broadband,2024-Q4,4654608.0,Subscriptions,2024,Q4
Switzerland,Subscriptions,Total,Fixed broadband,2018-Q2,3947477.0,Subscriptions,2018,Q2
Switzerland,Subscriptions,Total,Fixed broadband,2018-Q4,3928570.0,Subscriptions,2018,Q4
Switzerland,Subscriptions,Total,Fixed broadband,2019-Q2,4011459.0,Subscriptions,2019,Q2
Switzerland,Subscriptions,Total,Fixed broadband,2019-Q4,4094346.0,Subscriptions,2019,Q4
Switzerland,Subscriptions,Total,Fixed broadband,2020-Q2,4096211.0,Subscriptions,2020,Q2
Switzerland,Subscriptions,Total,Fixed broadband,2020-Q4,4098072.0,Subscriptions,2020,Q4
Switzerland,Subscriptions,Total,Fixed broadband,2021-Q2,4178070.0,Subscriptions,2021,Q2
Switzerland,Subscriptions,Total,Fixed broadband,2021-Q4,4258064.0,Subscriptions,2021,Q4
Switzerland,Subscriptions,Total,Fixed broadband,2022-Q2,4199079.0,Subscriptions,2022,Q2
Switzerland,Subscriptions,Total,Fixed broadband,2022-Q4,4220425.0,Subscriptions,2022,Q4
Switzerland,Subscriptions,Total,Fixed broadband,2023-Q2,4121127.0,Subscriptions,2023,Q2
Switzerland,Subscriptions,Total,Fixed broadband,2023-Q4,4171786.0,Subscriptions,2023,Q4
Switzerland,Subscriptions,Total,Fixed broadband,2024-Q2,4168030.0,Subscriptions,2024,Q2
Switzerland,Subscriptions,Total,Fixed broadband,2024-Q4,4182982.0,Subscriptions,2024,Q4
Türkiye,Subscriptions,Total,Fixed broadband,2018-Q2,12658303.0,Subscriptions,2018,Q2
Türkiye,Subscriptions,Total,Fixed broadband,2018-Q4,13407226.0,Subscriptions,2018,Q4
Türkiye,Subscriptions,Total,Fixed broadband,2019-Q2,13758657.0,Subscriptions,2019,Q2
Türkiye,Subscriptions,Total,Fixed broadband,2019-Q4,14231978.0,Subscriptions,2019,Q4
Türkiye,Subscriptions,Total,Fixed broadband,2020-Q2,15273337.0,Subscriptions,2020,Q2
Türkiye,Subscriptions,Total,Fixed broadband,2020-Q4,16734853.0,Subscriptions,2020,Q4
Türkiye,Subscriptions,Total,Fixed broadband,2021-Q2,17363064.0,Subscriptions,2021,Q2
Türkiye,Subscriptions,Total,Fixed broadband,2021-Q4,18135736.0,Subscriptions,2021,Q4
Türkiye,Subscriptions,Total,Fixed broadband,2022-Q2,18507527.0,Subscriptions,2022,Q2
Türkiye,Subscriptions,Total,Fixed broadband,2022-Q4,18998803.0,Subscriptions,2022,Q4
Türkiye,Subscriptions,Total,Fixed broadband,2023-Q2,19212835.0,Subscriptions,2023,Q2
Türkiye,Subscriptions,Total,Fixed broadband,2023-Q4,19600230.0,Subscriptions,2023,Q4
Türkiye,Subscriptions,Total,Fixed broadband,2024-Q2,19915746.0,Subscriptions,2024,Q2
Türkiye,Subscriptions,Total,Fixed broadband,2024-Q4,20496630.0,Subscriptions,2024,Q4
United Kingdom,Subscriptions,Total,Fixed broadband,2018-Q2,26367952.0,Subscriptions,2018,Q2
United Kingdom,Subscriptions,Total,Fixed broadband,2018-Q4,26595970.0,Subscriptions,2018,Q4
United Kingdom,Subscriptions,Total,Fixed broadband,2019-Q2,26755899.0,Subscriptions,2019,Q2
United Kingdom,Subscriptions,Total,Fixed broadband,2019-Q4,26907746.0,Subscriptions,2019,Q4
United Kingdom,Subscriptions,Total,Fixed broadband,2020-Q2,27093199.0,Subscriptions,2020,Q2
United Kingdom,Subscriptions,Total,Fixed broadband,2020-Q4,27402269.0,Subscriptions,2020,Q4
United Kingdom,Subscriptions,Total,Fixed broadband,2021-Q2,27544574.0,Subscriptions,2021,Q2
United Kingdom,Subscriptions,Total,Fixed broadband,2021-Q4,27755032.0,Subscriptions,2021,Q4
United Kingdom,Subscriptions,Total,Fixed broadband,2022-Q2,28091955.0,Subscriptions,2022,Q2
United Kingdom,Subscriptions,Total,Fixed broadband,2022-Q4,28149470.0,Subscriptions,2022,Q4
United Kingdom,Subscriptions,Total,Fixed broadband,2023-Q2,28340506.0,Subscriptions,2023,Q2
United Kingdom,Subscriptions,Total,Fixed broadband,2023-Q4,28460311.0,Subscriptions,2023,Q4
United Kingdom,Subscriptions,Total,Fixed broadband,2024-Q2,29070110.0,Subscriptions,2024,Q2
United Kingdom,Subscriptions,Total,Fixed broadband,2024-Q4,29256620.0,Subscriptions,2024,Q4
United States,Subscriptions,Total,Fixed broadband,2018-Q2,109206000.0,Subscriptions,2018,Q2
United States,Subscriptions,Total,Fixed broadband,2018-Q4,110865000.0,Subscriptions,2018,Q4
United States,Subscriptions,Total,Fixed broadband,2019-Q2,112681000.0,Subscriptions,2019,Q2
United States,Subscriptions,Total,Fixed broadband,2019-Q4,114269000.0,Subscriptions,2019,Q4
United States,Subscriptions,Total,Fixed broadband,2020-Q2,118051000.0,Subscriptions,2020,Q2
United States,Subscriptions,Total,Fixed broadband,2020-Q4,120531000.0,Subscriptions,2020,Q4
United States,Subscriptions,Total,Fixed broadband,2021-Q2,123373000.0,Subscriptions,2021,Q2
United States,Subscriptions,Total,Fixed broadband,2021-Q4,125760000.0,Subscriptions,2021,Q4
United States,Subscriptions,Total,Fixed broadband,2022-Q2,126362000.0,Subscriptions,2022,Q2
United States,Subscriptions,Total,Fixed broadband,2022-Q4,128085000.0,Subscriptions,2022,Q4
United States,Subscriptions,Total,Fixed broadband,2023-Q2,130704000.0,Subscriptions,2023,Q2
United States,Subscriptions,Total,Fixed broadband,2023-Q4,131048000.0,Subscriptions,2023,Q4
United States,Subscriptions,Total,Fixed broadband,2024-Q2,132228000.0,Subscriptions,2024,Q2
United States,Subscriptions,Total,Fixed broadband,2024-Q4,134447000.0,Subscriptions,2024,Q4
OECD,Subscriptions,Total,Fixed broadband,2018-Q2,412744301.0,Subscriptions,2018,Q2
OECD,Subscriptions,Total,Fixed broadband,2018-Q4,420308081.0,Subscriptions,2018,Q4
OECD,Subscriptions,Total,Fixed broadband,2019-Q2,426055503.0,Subscriptions,2019,Q2
OECD,Subscriptions,Total,Fixed broadband,2019-Q4,433409456.0,Subscriptions,2019,Q4
OECD,Subscriptions,Total,Fixed broadband,2020-Q2,444242715.0,Subscriptions,2020,Q2
OECD,Subscriptions,Total,Fixed broadband,2020-Q4,455035805.0,Subscriptions,2020,Q4
OECD,Subscriptions,Total,Fixed broadband,2021-Q2,464446342.0,Subscriptions,2021,Q2
OECD,Subscriptions,Total,Fixed broadband,2021-Q4,472620071.0,Subscriptions,2021,Q4
OECD,Subscriptions,Total,Fixed broadband,2022-Q2,477219611.0,Subscriptions,2022,Q2
OECD,Subscriptions,Total,Fixed broadband,2022-Q4,484592182.0,Subscriptions,2022,Q4
OECD,Subscriptions,Total,Fixed broadband,2023-Q2,494386739.0,Subscriptions,2023,Q2
OECD,Subscriptions,Total,Fixed broadband,2023-Q4,498439289.0,Subscriptions,2023,Q4
OECD,Subscriptions,Total,Fixed broadband,2024-Q2,503951117.0,Subscriptions,2024,Q2
OECD,Subscriptions,Total,Fixed broadband,2024-Q4,510229792.0,Subscriptions,2024,Q4
Brazil,Subscriptions,Total,Fixed broadband,2018-Q2,30409751.0,Subscriptions,2018,Q2
Brazil,Subscriptions,Total,Fixed broadband,2018-Q4,31233004.0,Subscriptions,2018,Q4
Brazil,Subscriptions,Total,Fixed broadband,2019-Q2,32381287.0,Subscriptions,2019,Q2
Brazil,Subscriptions,Total,Fixed broadband,2019-Q4,32906998.0,Subscriptions,2019,Q4
Brazil,Subscriptions,Total,Fixed broadband,2020-Q2,34319021.0,Subscriptions,2020,Q2
Brazil,Subscriptions,Total,Fixed broadband,2020-Q4,36344670.0,Subscriptions,2020,Q4
Brazil,Subscriptions,Total,Fixed broadband,2021-Q2,38368991.0,Subscriptions,2021,Q2
Brazil,Subscriptions,Total,Fixed broadband,2021-Q4,40654357.0,Subscriptions,2021,Q4
Brazil,Subscriptions,Total,Fixed broadband,2022-Q2,42041187.0,Subscriptions,2022,Q2
Brazil,Subscriptions,Total,Fixed broadband,2022-Q4,44066443.0,Subscriptions,2022,Q4
Brazil,Subscriptions,Total,Fixed broadband,2023-Q2,45804837.0,Subscriptions,2023,Q2
Brazil,Subscriptions,Total,Fixed broadband,2023-Q4,47336126.0,Subscriptions,2023,Q4
Brazil,Subscriptions,Total,Fixed broadband,2024-Q2,49196275.0,Subscriptions,2024,Q2
Brazil,Subscriptions,Total,Fixed broadband,2024-Q4,51252720.0,Subscriptions,2024,Q4
Bulgaria,Subscriptions,Total,Fixed broadband,2018-Q2,1844474.0,Subscriptions,2018,Q2
Bulgaria,Subscriptions,Total,Fixed broadband,2018-Q4,1903946.0,Subscriptions,2018,Q4
Bulgaria,Subscriptions,Total,Fixed broadband,2019-Q2,1920053.0,Subscriptions,2019,Q2
Bulgaria,Subscriptions,Total,Fixed broadband,2019-Q4,2014772.0,Subscriptions,2019,Q4
Bulgaria,Subscriptions,Total,Fixed broadband,2020-Q2,2049621.0,Subscriptions,2020,Q2
Bulgaria,Subscriptions,Total,Fixed broadband,2020-Q4,2115061.0,Subscriptions,2020,Q4
Bulgaria,Subscriptions,Total,Fixed broadband,2021-Q2,2165558.0,Subscriptions,2021,Q2
Bulgaria,Subscriptions,Total,Fixed broadband,2021-Q4,2253587.0,Subscriptions,2021,Q4
Bulgaria,Subscriptions,Total,Fixed broadband,2022-Q2,2294632.0,Subscriptions,2022,Q2
Bulgaria,Subscriptions,Total,Fixed broadband,2022-Q4,2386786.0,Subscriptions,2022,Q4
Bulgaria,Subscriptions,Total,Fixed broadband,2023-Q2,2447420.0,Subscriptions,2023,Q2
Bulgaria,Subscriptions,Total,Fixed broadband,2023-Q4,2516049.0,Subscriptions,2023,Q4
Bulgaria,Subscriptions,Total,Fixed broadband,2024-Q2,2566160.0,Subscriptions,2024,Q2
Bulgaria,Subscriptions,Total,Fixed broadband,2024-Q4,2642982.0,Subscriptions,2024,Q4
Croatia,Subscriptions,Total,Fixed broadband,2018-Q4,1128326.0,Subscriptions,2018,Q4
Croatia,Subscriptions,Total,Fixed broadband,2019-Q4,1154941.0,Subscriptions,2019,Q4
Croatia,Subscriptions,Total,Fixed broadband,2020-Q4,1031042.0,Subscriptions,2020,Q4
Croatia,Subscriptions,Total,Fixed broadband,2021-Q4,1048568.0,Subscriptions,2021,Q4
Croatia,Subscriptions,Total,Fixed broadband,2022-Q4,1080710.0,Subscriptions,2022,Q4
Croatia,Subscriptions,Total,Fixed broadband,2023-Q2,1092076.0,Subscriptions,2023,Q2
Croatia,Subscriptions,Total,Fixed broadband,2023-Q4,1109235.0,Subscriptions,2023,Q4
Croatia,Subscriptions,Total,Fixed broadband,2024-Q2,1135438.0,Subscriptions,2024,Q2
Croatia,Subscriptions,Total,Fixed broadband,2024-Q4,1393005.0,Subscriptions,2024,Q4
Peru,Subscriptions,Total,Fixed broadband,2018-Q4,2586183.0,Subscriptions,2018,Q4
Peru,Subscriptions,Total,Fixed broadband,2019-Q4,2405657.0,Subscriptions,2019,Q4
Peru,Subscriptions,Total,Fixed broadband,2020-Q4,2776447.0,Subscriptions,2020,Q4
Peru,Subscriptions,Total,Fixed broadband,2021-Q4,3085622.0,Subscriptions,2021,Q4
Peru,Subscriptions,Total,Fixed broadband,2022-Q4,3278077.0,Subscriptions,2022,Q4
Peru,Subscriptions,Total,Fixed broadband,2023-Q4,3540297.0,Subscriptions,2023,Q4
Peru,Subscriptions,Total,Fixed broadband,2024-Q4,4069739.0,Subscriptions,2024,Q4
Romania,Subscriptions,Total,Fixed broadband,2018-Q2,4932011.0,Subscriptions,2018,Q2
Romania,Subscriptions,Total,Fixed broadband,2018-Q4,5089610.0,Subscriptions,2018,Q4
Romania,Subscriptions,Total,Fixed broadband,2019-Q2,5133452.0,Subscriptions,2019,Q2
Romania,Subscriptions,Total,Fixed broadband,2019-Q4,5277226.0,Subscriptions,2019,Q4
Romania,Subscriptions,Total,Fixed broadband,2020-Q2,5453847.0,Subscriptions,2020,Q2
Romania,Subscriptions,Total,Fixed broadband,2020-Q4,5684724.0,Subscriptions,2020,Q4
Romania,Subscriptions,Total,Fixed broadband,2021-Q2,5852232.0,Subscriptions,2021,Q2
Romania,Subscriptions,Total,Fixed broadband,2021-Q4,6100697.0,Subscriptions,2021,Q4
Romania,Subscriptions,Total,Fixed broadband,2022-Q2,6184017.0,Subscriptions,2022,Q2
Romania,Subscriptions,Total,Fixed broadband,2022-Q4,6325162.0,Subscriptions,2022,Q4
Romania,Subscriptions,Total,Fixed broadband,2023-Q2,6445559.0,Subscriptions,2023,Q2
Romania,Subscriptions,Total,Fixed broadband,2023-Q4,6587807.0,Subscriptions,2023,Q4
Romania,Subscriptions,Total,Fixed broadband,2024-Q2,6690182.0,Subscriptions,2024,Q2
Romania,Subscriptions,Total,Fixed broadband,2024-Q4,6807323.0,Subscriptions,2024,Q4
Thailand,Subscriptions,Total,Fixed broadband,2018-Q4,9189000.0,Subscriptions,2018,Q4
Thailand,Subscriptions,Total,Fixed broadband,2019-Q4,10108819.0,Subscriptions,2019,Q4
Thailand,Subscriptions,Total,Fixed broadband,2020-Q4,11478265.0,Subscriptions,2020,Q4
Thailand,Subscriptions,Total,Fixed broadband,2021-Q4,12420940.0,Subscriptions,2021,Q4
Thailand,Subscriptions,Total,Fixed broadband,2022-Q4,12562708.0,Subscriptions,2022,Q4
Thailand,Subscriptions,Total,Fixed broadband,2023-Q4,10403267.0,Subscriptions,2023,Q4
Thailand,Subscriptions,Total,Fixed broadband,2024-Q2,10488767.0,Subscriptions,2024,Q2
Thailand,Subscriptions,Total,Fixed broadband,2024-Q4,10669252.0,Subscriptions,2024,Q4
Australia,Subscriptions,Total,Mobile broadband,2018-Q2,33542000.0,Subscriptions,2018,Q2
Australia,Subscriptions,Total,Mobile broadband,2018-Q4,32268000.0,Subscriptions,2018,Q4
Australia,Subscriptions,Total,Mobile broadband,2019-Q2,32762000.0,Subscriptions,2019,Q2
Australia,Subscriptions,Total,Mobile broadband,2019-Q4,32745000.0,Subscriptions,2019,Q4
Australia,Subscriptions,Total,Mobile broadband,2020-Q2,32246000.0,Subscriptions,2020,Q2
Australia,Subscriptions,Total,Mobile broadband,2020-Q4,31640000.0,Subscriptions,2020,Q4
Australia,Subscriptions,Total,Mobile broadband,2021-Q2,31669000.0,Subscriptions,2021,Q2
Australia,Subscriptions,Total,Mobile broadband,2021-Q4,31627000.0,Subscriptions,2021,Q4
Australia,Subscriptions,Total,Mobile broadband,2022-Q2,32394000.0,Subscriptions,2022,Q2
Australia,Subscriptions,Total,Mobile broadband,2022-Q4,33074000.0,Subscriptions,2022,Q4
Australia,Subscriptions,Total,Mobile broadband,2023-Q2,33434000.0,Subscriptions,2023,Q2
Australia,Subscriptions,Total,Mobile broadband,2023-Q4,33949000.0,Subscriptions,2023,Q4
Australia,Subscriptions,Total,Mobile broadband,2024-Q2,34300000.0,Subscriptions,2024,Q2
Australia,Subscriptions,Total,Mobile broadband,2024-Q4,34468000.0,Subscriptions,2024,Q4
Austria,Subscriptions,Total,Mobile broadband,2018-Q2,7612275.0,Subscriptions,2018,Q2
Austria,Subscriptions,Total,Mobile broadband,2018-Q4,7819399.0,Subscriptions,2018,Q4
Austria,Subscriptions,Total,Mobile broadband,2019-Q2,9650240.0,Subscriptions,2019,Q2
Austria,Subscriptions,Total,Mobile broadband,2019-Q4,9928642.0,Subscriptions,2019,Q4
Austria,Subscriptions,Total,Mobile broadband,2020-Q2,9878491.0,Subscriptions,2020,Q2
Austria,Subscriptions,Total,Mobile broadband,2020-Q4,10149627.0,Subscriptions,2020,Q4
Austria,Subscriptions,Total,Mobile broadband,2021-Q2,10272723.0,Subscriptions,2021,Q2
Austria,Subscriptions,Total,Mobile broadband,2021-Q4,10597407.0,Subscriptions,2021,Q4
Austria,Subscriptions,Total,Mobile broadband,2022-Q2,10622793.0,Subscriptions,2022,Q2
Austria,Subscriptions,Total,Mobile broadband,2022-Q4,10874679.0,Subscriptions,2022,Q4
Austria,Subscriptions,Total,Mobile broadband,2023-Q2,11375756.0,Subscriptions,2023,Q2
Austria,Subscriptions,Total,Mobile broadband,2023-Q4,11489094.0,Subscriptions,2023,Q4
Austria,Subscriptions,Total,Mobile broadband,2024-Q2,11890948.0,Subscriptions,2024,Q2
Austria,Subscriptions,Total,Mobile broadband,2024-Q4,12047041.0,Subscriptions,2024,Q4
Belgium,Subscriptions,Total,Mobile broadband,2018-Q2,8576619.0,Subscriptions,2018,Q2
Belgium,Subscriptions,Total,Mobile broadband,2018-Q4,8701058.0,Subscriptions,2018,Q4
Belgium,Subscriptions,Total,Mobile broadband,2019-Q2,8948249.0,Subscriptions,2019,Q2
Belgium,Subscriptions,Total,Mobile broadband,2019-Q4,10037211.0,Subscriptions,2019,Q4
Belgium,Subscriptions,Total,Mobile broadband,2020-Q2,10036592.0,Subscriptions,2020,Q2
Belgium,Subscriptions,Total,Mobile broadband,2020-Q4,10337943.0,Subscriptions,2020,Q4
Belgium,Subscriptions,Total,Mobile broadband,2021-Q2,10442461.0,Subscriptions,2021,Q2
Belgium,Subscriptions,Total,Mobile broadband,2021-Q4,10822349.0,Subscriptions,2021,Q4
Belgium,Subscriptions,Total,Mobile broadband,2022-Q2,11040445.0,Subscriptions,2022,Q2
Belgium,Subscriptions,Total,Mobile broadband,2022-Q4,11060512.0,Subscriptions,2022,Q4
Belgium,Subscriptions,Total,Mobile broadband,2023-Q2,11219308.0,Subscriptions,2023,Q2
Belgium,Subscriptions,Total,Mobile broadband,2023-Q4,11402026.0,Subscriptions,2023,Q4
Belgium,Subscriptions,Total,Mobile broadband,2024-Q2,11486986.0,Subscriptions,2024,Q2
Belgium,Subscriptions,Total,Mobile broadband,2024-Q4,11583423.0,Subscriptions,2024,Q4
Canada,Subscriptions,Total,Mobile broadband,2018-Q2,27352453.0,Subscriptions,2018,Q2
Canada,Subscriptions,Total,Mobile broadband,2018-Q4,28322886.0,Subscriptions,2018,Q4
Canada,Subscriptions,Total,Mobile broadband,2019-Q2,29185940.0,Subscriptions,2019,Q2
Canada,Subscriptions,Total,Mobile broadband,2019-Q4,30940723.0,Subscriptions,2019,Q4
Canada,Subscriptions,Total,Mobile broadband,2020-Q2,30482163.0,Subscriptions,2020,Q2
Canada,Subscriptions,Total,Mobile broadband,2020-Q4,29295044.0,Subscriptions,2020,Q4
Canada,Subscriptions,Total,Mobile broadband,2021-Q2,29749812.0,Subscriptions,2021,Q2
Canada,Subscriptions,Total,Mobile broadband,2021-Q4,30857191.0,Subscriptions,2021,Q4
Canada,Subscriptions,Total,Mobile broadband,2022-Q2,31741005.0,Subscriptions,2022,Q2
Canada,Subscriptions,Total,Mobile broadband,2022-Q4,33130696.0,Subscriptions,2022,Q4
Canada,Subscriptions,Total,Mobile broadband,2023-Q2,33136399.0,Subscriptions,2023,Q2
Canada,Subscriptions,Total,Mobile broadband,2023-Q4,34573476.0,Subscriptions,2023,Q4
Canada,Subscriptions,Total,Mobile broadband,2024-Q2,35200592.0,Subscriptions,2024,Q2
Canada,Subscriptions,Total,Mobile broadband,2024-Q4,35957933.0,Subscriptions,2024,Q4
Chile,Subscriptions,Total,Mobile broadband,2018-Q2,17015592.0,Subscriptions,2018,Q2
Chile,Subscriptions,Total,Mobile broadband,2018-Q4,17151624.0,Subscriptions,2018,Q4
Chile,Subscriptions,Total,Mobile broadband,2019-Q2,17673814.0,Subscriptions,2019,Q2
Chile,Subscriptions,Total,Mobile broadband,2019-Q4,18006481.0,Subscriptions,2019,Q4
Chile,Subscriptions,Total,Mobile broadband,2020-Q2,18076642.0,Subscriptions,2020,Q2
Chile,Subscriptions,Total,Mobile broadband,2020-Q4,19363890.0,Subscriptions,2020,Q4
Chile,Subscriptions,Total,Mobile broadband,2021-Q2,20485028.0,Subscriptions,2021,Q2
Chile,Subscriptions,Total,Mobile broadband,2021-Q4,21262803.0,Subscriptions,2021,Q4
Chile,Subscriptions,Total,Mobile broadband,2022-Q2,21357943.0,Subscriptions,2022,Q2
Chile,Subscriptions,Total,Mobile broadband,2022-Q4,21223156.0,Subscriptions,2022,Q4
Chile,Subscriptions,Total,Mobile broadband,2023-Q2,21065007.0,Subscriptions,2023,Q2
Chile,Subscriptions,Total,Mobile broadband,2023-Q4,21226938.0,Subscriptions,2023,Q4
Chile,Subscriptions,Total,Mobile broadband,2024-Q2,21200053.0,Subscriptions,2024,Q2
Chile,Subscriptions,Total,Mobile broadband,2024-Q4,20904532.0,Subscriptions,2024,Q4
Colombia,Subscriptions,Total,Mobile broadband,2018-Q2,23821959.0,Subscriptions,2018,Q2
Colombia,Subscriptions,Total,Mobile broadband,2018-Q4,25778001.0,Subscriptions,2018,Q4
Colombia,Subscriptions,Total,Mobile broadband,2019-Q2,26394771.0,Subscriptions,2019,Q2
Colombia,Subscriptions,Total,Mobile broadband,2019-Q4,29533312.0,Subscriptions,2019,Q4
Colombia,Subscriptions,Total,Mobile broadband,2020-Q2,28208630.0,Subscriptions,2020,Q2
Colombia,Subscriptions,Total,Mobile broadband,2020-Q4,31455015.0,Subscriptions,2020,Q4
Colombia,Subscriptions,Total,Mobile broadband,2021-Q2,32829662.0,Subscriptions,2021,Q2
Colombia,Subscriptions,Total,Mobile broadband,2021-Q4,36767041.0,Subscriptions,2021,Q4
Colombia,Subscriptions,Total,Mobile broadband,2022-Q2,41824817.0,Subscriptions,2022,Q2
Colombia,Subscriptions,Total,Mobile broadband,2022-Q4,44076588.0,Subscriptions,2022,Q4
Colombia,Subscriptions,Total,Mobile broadband,2023-Q2,44485695.0,Subscriptions,2023,Q2
Colombia,Subscriptions,Total,Mobile broadband,2023-Q4,46897837.0,Subscriptions,2023,Q4
Colombia,Subscriptions,Total,Mobile broadband,2024-Q2,47092627.0,Subscriptions,2024,Q2
Colombia,Subscriptions,Total,Mobile broadband,2024-Q4,49160334.0,Subscriptions,2024,Q4
Costa Rica,Subscriptions,Total,Mobile broadband,2018-Q2,5038533.0,Subscriptions,2018,Q2
Costa Rica,Subscriptions,Total,Mobile broadband,2018-Q4,5079356.0,Subscriptions,2018,Q4
Costa Rica,Subscriptions,Total,Mobile broadband,2019-Q2,4521275.0,Subscriptions,2019,Q2
Costa Rica,Subscriptions,Total,Mobile broadband,2019-Q4,4649229.0,Subscriptions,2019,Q4
Costa Rica,Subscriptions,Total,Mobile broadband,2020-Q2,4706623.0,Subscriptions,2020,Q2
Costa Rica,Subscriptions,Total,Mobile broadband,2020-Q4,4736699.0,Subscriptions,2020,Q4
Costa Rica,Subscriptions,Total,Mobile broadband,2021-Q2,4718159.0,Subscriptions,2021,Q2
Costa Rica,Subscriptions,Total,Mobile broadband,2021-Q4,4904938.0,Subscriptions,2021,Q4
Costa Rica,Subscriptions,Total,Mobile broadband,2022-Q2,4860425.0,Subscriptions,2022,Q2
Costa Rica,Subscriptions,Total,Mobile broadband,2022-Q4,5001945.0,Subscriptions,2022,Q4
Costa Rica,Subscriptions,Total,Mobile broadband,2023-Q2,5020809.0,Subscriptions,2023,Q2
Costa Rica,Subscriptions,Total,Mobile broadband,2023-Q4,5183454.0,Subscriptions,2023,Q4
Costa Rica,Subscriptions,Total,Mobile broadband,2024-Q2,5155833.0,Subscriptions,2024,Q2
Costa Rica,Subscriptions,Total,Mobile broadband,2024-Q4,5315598.0,Subscriptions,2024,Q4
Czechia,Subscriptions,Total,Mobile broadband,2018-Q2,9178827.0,Subscriptions,2018,Q2
Czechia,Subscriptions,Total,Mobile broadband,2018-Q4,9383700.0,Subscriptions,2018,Q4
Czechia,Subscriptions,Total,Mobile broadband,2019-Q2,10067532.0,Subscriptions,2019,Q2
Czechia,Subscriptions,Total,Mobile broadband,2019-Q4,9888473.0,Subscriptions,2019,Q4
Czechia,Subscriptions,Total,Mobile broadband,2020-Q2,9828543.0,Subscriptions,2020,Q2
Czechia,Subscriptions,Total,Mobile broadband,2020-Q4,10108773.0,Subscriptions,2020,Q4
Czechia,Subscriptions,Total,Mobile broadband,2021-Q2,10449619.0,Subscriptions,2021,Q2
Czechia,Subscriptions,Total,Mobile broadband,2021-Q4,10433617.0,Subscriptions,2021,Q4
Czechia,Subscriptions,Total,Mobile broadband,2022-Q2,10773363.0,Subscriptions,2022,Q2
Czechia,Subscriptions,Total,Mobile broadband,2022-Q4,11021915.0,Subscriptions,2022,Q4
Czechia,Subscriptions,Total,Mobile broadband,2023-Q2,11100810.0,Subscriptions,2023,Q2
Czechia,Subscriptions,Total,Mobile broadband,2023-Q4,11477321.0,Subscriptions,2023,Q4
Czechia,Subscriptions,Total,Mobile broadband,2024-Q2,11463394.0,Subscriptions,2024,Q2
Czechia,Subscriptions,Total,Mobile broadband,2024-Q4,11574993.0,Subscriptions,2024,Q4
Denmark,Subscriptions,Total,Mobile broadband,2018-Q2,7792760.0,Subscriptions,2018,Q2
Denmark,Subscriptions,Total,Mobile broadband,2018-Q4,8092798.0,Subscriptions,2018,Q4
Denmark,Subscriptions,Total,Mobile broadband,2019-Q2,8022187.0,Subscriptions,2019,Q2
Denmark,Subscriptions,Total,Mobile broadband,2019-Q4,7934129.0,Subscriptions,2019,Q4
Denmark,Subscriptions,Total,Mobile broadband,2020-Q2,7924354.0,Subscriptions,2020,Q2
Denmark,Subscriptions,Total,Mobile broadband,2020-Q4,8032252.0,Subscriptions,2020,Q4
Denmark,Subscriptions,Total,Mobile broadband,2021-Q2,8100000.0,Subscriptions,2021,Q2
Denmark,Subscriptions,Total,Mobile broadband,2021-Q4,8295173.0,Subscriptions,2021,Q4
Denmark,Subscriptions,Total,Mobile broadband,2022-Q2,8523444.0,Subscriptions,2022,Q2
Denmark,Subscriptions,Total,Mobile broadband,2022-Q4,8373241.0,Subscriptions,2022,Q4
Denmark,Subscriptions,Total,Mobile broadband,2023-Q2,8611868.0,Subscriptions,2023,Q2
Denmark,Subscriptions,Total,Mobile broadband,2023-Q4,8717830.0,Subscriptions,2023,Q4
Denmark,Subscriptions,Total,Mobile broadband,2024-Q2,8787845.0,Subscriptions,2024,Q2
Denmark,Subscriptions,Total,Mobile broadband,2024-Q4,8866531.0,Subscriptions,2024,Q4
Estonia,Subscriptions,Total,Mobile broadband,2018-Q2,1919207.0,Subscriptions,2018,Q2
Estonia,Subscriptions,Total,Mobile broadband,2018-Q4,1962917.0,Subscriptions,2018,Q4
Estonia,Subscriptions,Total,Mobile broadband,2019-Q2,2015735.0,Subscriptions,2019,Q2
Estonia,Subscriptions,Total,Mobile broadband,2019-Q4,2317204.0,Subscriptions,2019,Q4
Estonia,Subscriptions,Total,Mobile broadband,2020-Q2,2248506.0,Subscriptions,2020,Q2
Estonia,Subscriptions,Total,Mobile broadband,2020-Q4,2335620.0,Subscriptions,2020,Q4
Estonia,Subscriptions,Total,Mobile broadband,2021-Q2,2301805.0,Subscriptions,2021,Q2
Estonia,Subscriptions,Total,Mobile broadband,2021-Q4,2558008.0,Subscriptions,2021,Q4
Estonia,Subscriptions,Total,Mobile broadband,2022-Q2,2664083.0,Subscriptions,2022,Q2
Estonia,Subscriptions,Total,Mobile broadband,2022-Q4,2718452.0,Subscriptions,2022,Q4
Estonia,Subscriptions,Total,Mobile broadband,2023-Q2,2551162.0,Subscriptions,2023,Q2
Estonia,Subscriptions,Total,Mobile broadband,2023-Q4,2402701.0,Subscriptions,2023,Q4
Estonia,Subscriptions,Total,Mobile broadband,2024-Q2,2360683.0,Subscriptions,2024,Q2
Estonia,Subscriptions,Total,Mobile broadband,2024-Q4,2438091.0,Subscriptions,2024,Q4
Finland,Subscriptions,Total,Mobile broadband,2018-Q2,8460000.0,Subscriptions,2018,Q2
Finland,Subscriptions,Total,Mobile broadband,2018-Q4,8530000.0,Subscriptions,2018,Q4
Finland,Subscriptions,Total,Mobile broadband,2019-Q2,8520000.0,Subscriptions,2019,Q2
Finland,Subscriptions,Total,Mobile broadband,2019-Q4,8570000.0,Subscriptions,2019,Q4
Finland,Subscriptions,Total,Mobile broadband,2020-Q2,8590000.0,Subscriptions,2020,Q2
Finland,Subscriptions,Total,Mobile broadband,2020-Q4,8630000.0,Subscriptions,2020,Q4
Finland,Subscriptions,Total,Mobile broadband,2021-Q2,8610000.0,Subscriptions,2021,Q2
Finland,Subscriptions,Total,Mobile broadband,2021-Q4,8700000.0,Subscriptions,2021,Q4
Finland,Subscriptions,Total,Mobile broadband,2022-Q2,8770000.0,Subscriptions,2022,Q2
Finland,Subscriptions,Total,Mobile broadband,2022-Q4,8890000.0,Subscriptions,2022,Q4
Finland,Subscriptions,Total,Mobile broadband,2023-Q2,8940000.0,Subscriptions,2023,Q2
Finland,Subscriptions,Total,Mobile broadband,2023-Q4,8920000.0,Subscriptions,2023,Q4
Finland,Subscriptions,Total,Mobile broadband,2024-Q2,8890000.0,Subscriptions,2024,Q2
Finland,Subscriptions,Total,Mobile broadband,2024-Q4,8840000.0,Subscriptions,2024,Q4
France,Subscriptions,Total,Mobile broadband,2018-Q2,57360000.0,Subscriptions,2018,Q2
France,Subscriptions,Total,Mobile broadband,2018-Q4,59383000.0,Subscriptions,2018,Q4
France,Subscriptions,Total,Mobile broadband,2019-Q2,61086000.0,Subscriptions,2019,Q2
France,Subscriptions,Total,Mobile broadband,2019-Q4,63182000.0,Subscriptions,2019,Q4
France,Subscriptions,Total,Mobile broadband,2020-Q2,62785000.0,Subscriptions,2020,Q2
France,Subscriptions,Total,Mobile broadband,2020-Q4,64758000.0,Subscriptions,2020,Q4
France,Subscriptions,Total,Mobile broadband,2021-Q2,66556000.0,Subscriptions,2021,Q2
France,Subscriptions,Total,Mobile broadband,2021-Q4,67906000.0,Subscriptions,2021,Q4
France,Subscriptions,Total,Mobile broadband,2022-Q2,68416000.0,Subscriptions,2022,Q2
France,Subscriptions,Total,Mobile broadband,2022-Q4,69501000.0,Subscriptions,2022,Q4
France,Subscriptions,Total,Mobile broadband,2023-Q2,70747000.0,Subscriptions,2023,Q2
France,Subscriptions,Total,Mobile broadband,2023-Q4,72570000.0,Subscriptions,2023,Q4
France,Subscriptions,Total,Mobile broadband,2024-Q2,73097000.0,Subscriptions,2024,Q2
France,Subscriptions,Total,Mobile broadband,2024-Q4,74945000.0,Subscriptions,2024,Q4
Germany,Subscriptions,Total,Mobile broadband,2018-Q2,67007047.0,Subscriptions,2018,Q2
Germany,Subscriptions,Total,Mobile broadband,2018-Q4,68629783.0,Subscriptions,2018,Q4
Germany,Subscriptions,Total,Mobile broadband,2019-Q2,70527905.0,Subscriptions,2019,Q2
Germany,Subscriptions,Total,Mobile broadband,2019-Q4,72258346.0,Subscriptions,2019,Q4
Germany,Subscriptions,Total,Mobile broadband,2020-Q2,72288071.0,Subscriptions,2020,Q2
Germany,Subscriptions,Total,Mobile broadband,2020-Q4,75983000.0,Subscriptions,2020,Q4
Germany,Subscriptions,Total,Mobile broadband,2021-Q2,76981000.0,Subscriptions,2021,Q2
Germany,Subscriptions,Total,Mobile broadband,2021-Q4,78729000.0,Subscriptions,2021,Q4
Germany,Subscriptions,Total,Mobile broadband,2022-Q2,79650000.0,Subscriptions,2022,Q2
Germany,Subscriptions,Total,Mobile broadband,2022-Q4,77204000.0,Subscriptions,2022,Q4
Germany,Subscriptions,Total,Mobile broadband,2023-Q2,79844000.0,Subscriptions,2023,Q2
Germany,Subscriptions,Total,Mobile broadband,2023-Q4,81862000.0,Subscriptions,2023,Q4
Germany,Subscriptions,Total,Mobile broadband,2024-Q2,82438000.0,Subscriptions,2024,Q2
Germany,Subscriptions,Total,Mobile broadband,2024-Q4,84850000.0,Subscriptions,2024,Q4
Greece,Subscriptions,Total,Mobile broadband,2018-Q2,7331868.0,Subscriptions,2018,Q2
Greece,Subscriptions,Total,Mobile broadband,2018-Q4,7902163.0,Subscriptions,2018,Q4
Greece,Subscriptions,Total,Mobile broadband,2019-Q2,8225580.0,Subscriptions,2019,Q2
Greece,Subscriptions,Total,Mobile broadband,2019-Q4,8402343.0,Subscriptions,2019,Q4
Greece,Subscriptions,Total,Mobile broadband,2020-Q2,8415614.0,Subscriptions,2020,Q2
Greece,Subscriptions,Total,Mobile broadband,2020-Q4,8480131.0,Subscriptions,2020,Q4
Greece,Subscriptions,Total,Mobile broadband,2021-Q2,8717866.0,Subscriptions,2021,Q2
Greece,Subscriptions,Total,Mobile broadband,2021-Q4,8985956.0,Subscriptions,2021,Q4
Greece,Subscriptions,Total,Mobile broadband,2022-Q2,9196525.0,Subscriptions,2022,Q2
Greece,Subscriptions,Total,Mobile broadband,2022-Q4,9305403.0,Subscriptions,2022,Q4
Greece,Subscriptions,Total,Mobile broadband,2023-Q2,9524151.0,Subscriptions,2023,Q2
Greece,Subscriptions,Total,Mobile broadband,2023-Q4,9612244.0,Subscriptions,2023,Q4
Greece,Subscriptions,Total,Mobile broadband,2024-Q2,9792858.0,Subscriptions,2024,Q2
Greece,Subscriptions,Total,Mobile broadband,2024-Q4,9775862.0,Subscriptions,2024,Q4
Hungary,Subscriptions,Total,Mobile broadband,2018-Q2,6161058.0,Subscriptions,2018,Q2
Hungary,Subscriptions,Total,Mobile broadband,2018-Q4,6582271.0,Subscriptions,2018,Q4
Hungary,Subscriptions,Total,Mobile broadband,2019-Q2,6797873.0,Subscriptions,2019,Q2
Hungary,Subscriptions,Total,Mobile broadband,2019-Q4,7169126.0,Subscriptions,2019,Q4
Hungary,Subscriptions,Total,Mobile broadband,2020-Q2,7348703.0,Subscriptions,2020,Q2
Hungary,Subscriptions,Total,Mobile broadband,2020-Q4,7355812.0,Subscriptions,2020,Q4
Hungary,Subscriptions,Total,Mobile broadband,2021-Q2,7511572.0,Subscriptions,2021,Q2
Hungary,Subscriptions,Total,Mobile broadband,2021-Q4,7982269.0,Subscriptions,2021,Q4
Hungary,Subscriptions,Total,Mobile broadband,2022-Q2,8208843.0,Subscriptions,2022,Q2
Hungary,Subscriptions,Total,Mobile broadband,2022-Q4,8350282.0,Subscriptions,2022,Q4
Hungary,Subscriptions,Total,Mobile broadband,2023-Q2,8412549.0,Subscriptions,2023,Q2
Hungary,Subscriptions,Total,Mobile broadband,2023-Q4,8473508.0,Subscriptions,2023,Q4
Hungary,Subscriptions,Total,Mobile broadband,2024-Q2,8751899.0,Subscriptions,2024,Q2
Hungary,Subscriptions,Total,Mobile broadband,2024-Q4,8746399.0,Subscriptions,2024,Q4
Iceland,Subscriptions,Total,Mobile broadband,2018-Q2,402935.0,Subscriptions,2018,Q2
Iceland,Subscriptions,Total,Mobile broadband,2018-Q4,407005.0,Subscriptions,2018,Q4
Iceland,Subscriptions,Total,Mobile broadband,2019-Q2,409748.0,Subscriptions,2019,Q2
Iceland,Subscriptions,Total,Mobile broadband,2019-Q4,414004.0,Subscriptions,2019,Q4
Iceland,Subscriptions,Total,Mobile broadband,2020-Q2,408016.0,Subscriptions,2020,Q2
Iceland,Subscriptions,Total,Mobile broadband,2020-Q4,414104.0,Subscriptions,2020,Q4
Iceland,Subscriptions,Total,Mobile broadband,2021-Q2,427620.0,Subscriptions,2021,Q2
Iceland,Subscriptions,Total,Mobile broadband,2021-Q4,436524.0,Subscriptions,2021,Q4
Iceland,Subscriptions,Total,Mobile broadband,2022-Q2,455925.0,Subscriptions,2022,Q2
Iceland,Subscriptions,Total,Mobile broadband,2022-Q4,463640.0,Subscriptions,2022,Q4
Iceland,Subscriptions,Total,Mobile broadband,2023-Q2,482763.0,Subscriptions,2023,Q2
Iceland,Subscriptions,Total,Mobile broadband,2023-Q4,483485.0,Subscriptions,2023,Q4
Iceland,Subscriptions,Total,Mobile broadband,2024-Q2,491276.0,Subscriptions,2024,Q2
Iceland,Subscriptions,Total,Mobile broadband,2024-Q4,496594.0,Subscriptions,2024,Q4
Ireland,Subscriptions,Total,Mobile broadband,2018-Q2,5189729.0,Subscriptions,2018,Q2
Ireland,Subscriptions,Total,Mobile broadband,2018-Q4,5269912.0,Subscriptions,2018,Q4
Ireland,Subscriptions,Total,Mobile broadband,2019-Q2,5306866.0,Subscriptions,2019,Q2
Ireland,Subscriptions,Total,Mobile broadband,2019-Q4,5462804.0,Subscriptions,2019,Q4
Ireland,Subscriptions,Total,Mobile broadband,2020-Q2,5385225.0,Subscriptions,2020,Q2
Ireland,Subscriptions,Total,Mobile broadband,2020-Q4,5564698.0,Subscriptions,2020,Q4
Ireland,Subscriptions,Total,Mobile broadband,2021-Q2,5573009.0,Subscriptions,2021,Q2
Ireland,Subscriptions,Total,Mobile broadband,2021-Q4,5723765.0,Subscriptions,2021,Q4
Ireland,Subscriptions,Total,Mobile broadband,2022-Q2,5854441.0,Subscriptions,2022,Q2
Ireland,Subscriptions,Total,Mobile broadband,2022-Q4,6032600.0,Subscriptions,2022,Q4
Ireland,Subscriptions,Total,Mobile broadband,2023-Q2,6042767.0,Subscriptions,2023,Q2
Ireland,Subscriptions,Total,Mobile broadband,2023-Q4,6140280.0,Subscriptions,2023,Q4
Ireland,Subscriptions,Total,Mobile broadband,2024-Q2,6210681.0,Subscriptions,2024,Q2
Ireland,Subscriptions,Total,Mobile broadband,2024-Q4,6310451.0,Subscriptions,2024,Q4
Israel,Subscriptions,Total,Mobile broadband,2018-Q2,8812000.0,Subscriptions,2018,Q2
Israel,Subscriptions,Total,Mobile broadband,2018-Q4,8878000.0,Subscriptions,2018,Q4
Israel,Subscriptions,Total,Mobile broadband,2019-Q2,11200000.0,Subscriptions,2019,Q2
Israel,Subscriptions,Total,Mobile broadband,2019-Q4,11700000.0,Subscriptions,2019,Q4
Israel,Subscriptions,Total,Mobile broadband,2020-Q2,11989285.0,Subscriptions,2020,Q2
Israel,Subscriptions,Total,Mobile broadband,2020-Q4,12277722.0,Subscriptions,2020,Q4
Israel,Subscriptions,Total,Mobile broadband,2021-Q2,12702147.0,Subscriptions,2021,Q2
Israel,Subscriptions,Total,Mobile broadband,2021-Q4,13100000.0,Subscriptions,2021,Q4
Israel,Subscriptions,Total,Mobile broadband,2022-Q2,13350000.0,Subscriptions,2022,Q2
Israel,Subscriptions,Total,Mobile broadband,2022-Q4,13758317.0,Subscriptions,2022,Q4
Israel,Subscriptions,Total,Mobile broadband,2023-Q2,13976000.0,Subscriptions,2023,Q2
Israel,Subscriptions,Total,Mobile broadband,2023-Q4,14193321.0,Subscriptions,2023,Q4
Israel,Subscriptions,Total,Mobile broadband,2024-Q2,14600000.0,Subscriptions,2024,Q2
Israel,Subscriptions,Total,Mobile broadband,2024-Q4,16651928.0,Subscriptions,2024,Q4
Italy,Subscriptions,Total,Mobile broadband,2018-Q2,54085849.0,Subscriptions,2018,Q2
Italy,Subscriptions,Total,Mobile broadband,2018-Q4,55061173.0,Subscriptions,2018,Q4
Italy,Subscriptions,Total,Mobile broadband,2019-Q2,54179212.0,Subscriptions,2019,Q2
Italy,Subscriptions,Total,Mobile broadband,2019-Q4,56767245.0,Subscriptions,2019,Q4
Italy,Subscriptions,Total,Mobile broadband,2020-Q2,55818309.0,Subscriptions,2020,Q2
Italy,Subscriptions,Total,Mobile broadband,2020-Q4,56334070.0,Subscriptions,2020,Q4
Italy,Subscriptions,Total,Mobile broadband,2021-Q2,56569672.0,Subscriptions,2021,Q2
Italy,Subscriptions,Total,Mobile broadband,2021-Q4,57359101.0,Subscriptions,2021,Q4
Italy,Subscriptions,Total,Mobile broadband,2022-Q2,56544296.0,Subscriptions,2022,Q2
Italy,Subscriptions,Total,Mobile broadband,2022-Q4,56624598.0,Subscriptions,2022,Q4
Italy,Subscriptions,Total,Mobile broadband,2023-Q2,56732012.0,Subscriptions,2023,Q2
Italy,Subscriptions,Total,Mobile broadband,2023-Q4,58574776.0,Subscriptions,2023,Q4
Italy,Subscriptions,Total,Mobile broadband,2024-Q2,58757434.0,Subscriptions,2024,Q2
Italy,Subscriptions,Total,Mobile broadband,2024-Q4,59125758.0,Subscriptions,2024,Q4
Japan,Subscriptions,Total,Mobile broadband,2018-Q2,213109214.0,Subscriptions,2018,Q2
Japan,Subscriptions,Total,Mobile broadband,2018-Q4,217838623.0,Subscriptions,2018,Q4
Japan,Subscriptions,Total,Mobile broadband,2019-Q2,223322244.0,Subscriptions,2019,Q2
Japan,Subscriptions,Total,Mobile broadband,2019-Q4,225656997.0,Subscriptions,2019,Q4
Japan,Subscriptions,Total,Mobile broadband,2020-Q2,230024171.0,Subscriptions,2020,Q2
Japan,Subscriptions,Total,Mobile broadband,2020-Q4,233018364.0,Subscriptions,2020,Q4
Japan,Subscriptions,Total,Mobile broadband,2021-Q2,235958379.0,Subscriptions,2021,Q2
Japan,Subscriptions,Total,Mobile broadband,2021-Q4,239072074.0,Subscriptions,2021,Q4
Japan,Subscriptions,Total,Mobile broadband,2022-Q2,242360665.0,Subscriptions,2022,Q2
Japan,Subscriptions,Total,Mobile broadband,2022-Q4,245489903.0,Subscriptions,2022,Q4
Japan,Subscriptions,Total,Mobile broadband,2023-Q2,249288498.0,Subscriptions,2023,Q2
Japan,Subscriptions,Total,Mobile broadband,2023-Q4,253066662.0,Subscriptions,2023,Q4
Japan,Subscriptions,Total,Mobile broadband,2024-Q2,256612473.0,Subscriptions,2024,Q2
Japan,Subscriptions,Total,Mobile broadband,2024-Q4,260105078.0,Subscriptions,2024,Q4
Korea,Subscriptions,Total,Mobile broadband,2018-Q2,58324798.0,Subscriptions,2018,Q2
Korea,Subscriptions,Total,Mobile broadband,2018-Q4,58139684.0,Subscriptions,2018,Q4
Korea,Subscriptions,Total,Mobile broadband,2019-Q2,58577844.0,Subscriptions,2019,Q2
Korea,Subscriptions,Total,Mobile broadband,2019-Q4,58858580.0,Subscriptions,2019,Q4
Korea,Subscriptions,Total,Mobile broadband,2020-Q2,58410781.0,Subscriptions,2020,Q2
Korea,Subscriptions,Total,Mobile broadband,2020-Q4,59932283.0,Subscriptions,2020,Q4
Korea,Subscriptions,Total,Mobile broadband,2021-Q2,60295602.0,Subscriptions,2021,Q2
Korea,Subscriptions,Total,Mobile broadband,2021-Q4,60721156.0,Subscriptions,2021,Q4
Korea,Subscriptions,Total,Mobile broadband,2022-Q2,61624690.0,Subscriptions,2022,Q2
Korea,Subscriptions,Total,Mobile broadband,2022-Q4,62248223.0,Subscriptions,2022,Q4
Korea,Subscriptions,Total,Mobile broadband,2023-Q2,62937439.0,Subscriptions,2023,Q2
Korea,Subscriptions,Total,Mobile broadband,2023-Q4,63028009.0,Subscriptions,2023,Q4
Korea,Subscriptions,Total,Mobile broadband,2024-Q2,63796818.0,Subscriptions,2024,Q2
Korea,Subscriptions,Total,Mobile broadband,2024-Q4,64852121.0,Subscriptions,2024,Q4
Latvia,Subscriptions,Total,Mobile broadband,2018-Q2,2060054.0,Subscriptions,2018,Q2
Latvia,Subscriptions,Total,Mobile broadband,2018-Q4,2162844.0,Subscriptions,2018,Q4
Latvia,Subscriptions,Total,Mobile broadband,2019-Q2,2087790.0,Subscriptions,2019,Q2
Latvia,Subscriptions,Total,Mobile broadband,2019-Q4,2164253.0,Subscriptions,2019,Q4
Latvia,Subscriptions,Total,Mobile broadband,2020-Q2,2207887.0,Subscriptions,2020,Q2
Latvia,Subscriptions,Total,Mobile broadband,2020-Q4,2266852.0,Subscriptions,2020,Q4
Latvia,Subscriptions,Total,Mobile broadband,2021-Q2,2189776.0,Subscriptions,2021,Q2
Latvia,Subscriptions,Total,Mobile broadband,2021-Q4,2208617.0,Subscriptions,2021,Q4
Latvia,Subscriptions,Total,Mobile broadband,2022-Q2,2294655.0,Subscriptions,2022,Q2
Latvia,Subscriptions,Total,Mobile broadband,2022-Q4,2222363.0,Subscriptions,2022,Q4
Latvia,Subscriptions,Total,Mobile broadband,2023-Q2,2279985.0,Subscriptions,2023,Q2
Latvia,Subscriptions,Total,Mobile broadband,2023-Q4,2273146.0,Subscriptions,2023,Q4
Latvia,Subscriptions,Total,Mobile broadband,2024-Q2,2342732.0,Subscriptions,2024,Q2
Latvia,Subscriptions,Total,Mobile broadband,2024-Q4,2280550.0,Subscriptions,2024,Q4
Lithuania,Subscriptions,Total,Mobile broadband,2018-Q2,2547014.0,Subscriptions,2018,Q2
Lithuania,Subscriptions,Total,Mobile broadband,2018-Q4,2760705.0,Subscriptions,2018,Q4
Lithuania,Subscriptions,Total,Mobile broadband,2019-Q2,2883753.0,Subscriptions,2019,Q2
Lithuania,Subscriptions,Total,Mobile broadband,2019-Q4,3011702.0,Subscriptions,2019,Q4
Lithuania,Subscriptions,Total,Mobile broadband,2020-Q2,3054026.0,Subscriptions,2020,Q2
Lithuania,Subscriptions,Total,Mobile broadband,2020-Q4,3190615.0,Subscriptions,2020,Q4
Lithuania,Subscriptions,Total,Mobile broadband,2021-Q2,3286334.0,Subscriptions,2021,Q2
Lithuania,Subscriptions,Total,Mobile broadband,2021-Q4,3412559.0,Subscriptions,2021,Q4
Lithuania,Subscriptions,Total,Mobile broadband,2022-Q2,3551256.0,Subscriptions,2022,Q2
Lithuania,Subscriptions,Total,Mobile broadband,2022-Q4,3617999.0,Subscriptions,2022,Q4
Lithuania,Subscriptions,Total,Mobile broadband,2023-Q2,3761077.0,Subscriptions,2023,Q2
Lithuania,Subscriptions,Total,Mobile broadband,2023-Q4,3593287.0,Subscriptions,2023,Q4
Lithuania,Subscriptions,Total,Mobile broadband,2024-Q2,3577671.0,Subscriptions,2024,Q2
Lithuania,Subscriptions,Total,Mobile broadband,2024-Q4,3531040.0,Subscriptions,2024,Q4
Luxembourg,Subscriptions,Total,Mobile broadband,2018-Q2,538000.0,Subscriptions,2018,Q2
Luxembourg,Subscriptions,Total,Mobile broadband,2018-Q4,568000.0,Subscriptions,2018,Q4
Luxembourg,Subscriptions,Total,Mobile broadband,2019-Q2,627272.0,Subscriptions,2019,Q2
Luxembourg,Subscriptions,Total,Mobile broadband,2019-Q4,693873.0,Subscriptions,2019,Q4
Luxembourg,Subscriptions,Total,Mobile broadband,2020-Q2,668831.0,Subscriptions,2020,Q2
Luxembourg,Subscriptions,Total,Mobile broadband,2020-Q4,678826.0,Subscriptions,2020,Q4
Luxembourg,Subscriptions,Total,Mobile broadband,2021-Q2,694964.0,Subscriptions,2021,Q2
Luxembourg,Subscriptions,Total,Mobile broadband,2021-Q4,713568.0,Subscriptions,2021,Q4
Luxembourg,Subscriptions,Total,Mobile broadband,2022-Q2,768500.0,Subscriptions,2022,Q2
Luxembourg,Subscriptions,Total,Mobile broadband,2022-Q4,749000.0,Subscriptions,2022,Q4
Luxembourg,Subscriptions,Total,Mobile broadband,2023-Q2,758000.0,Subscriptions,2023,Q2
Luxembourg,Subscriptions,Total,Mobile broadband,2023-Q4,775000.0,Subscriptions,2023,Q4
Luxembourg,Subscriptions,Total,Mobile broadband,2024-Q2,908500.0,Subscriptions,2024,Q2
Luxembourg,Subscriptions,Total,Mobile broadband,2024-Q4,916600.0,Subscriptions,2024,Q4
Mexico,Subscriptions,Total,Mobile broadband,2018-Q2,82690791.0,Subscriptions,2018,Q2
Mexico,Subscriptions,Total,Mobile broadband,2018-Q4,88290830.0,Subscriptions,2018,Q4
Mexico,Subscriptions,Total,Mobile broadband,2019-Q2,92262838.0,Subscriptions,2019,Q2
Mexico,Subscriptions,Total,Mobile broadband,2019-Q4,97456659.0,Subscriptions,2019,Q4
Mexico,Subscriptions,Total,Mobile broadband,2020-Q2,96556571.0,Subscriptions,2020,Q2
Mexico,Subscriptions,Total,Mobile broadband,2020-Q4,101377519.0,Subscriptions,2020,Q4
Mexico,Subscriptions,Total,Mobile broadband,2021-Q2,103225466.0,Subscriptions,2021,Q2
Mexico,Subscriptions,Total,Mobile broadband,2021-Q4,109486812.0,Subscriptions,2021,Q4
Mexico,Subscriptions,Total,Mobile broadband,2022-Q2,113787217.0,Subscriptions,2022,Q2
Mexico,Subscriptions,Total,Mobile broadband,2022-Q4,119899795.0,Subscriptions,2022,Q4
Mexico,Subscriptions,Total,Mobile broadband,2023-Q2,120316769.0,Subscriptions,2023,Q2
Mexico,Subscriptions,Total,Mobile broadband,2023-Q4,126204682.0,Subscriptions,2023,Q4
Mexico,Subscriptions,Total,Mobile broadband,2024-Q2,130208476.0,Subscriptions,2024,Q2
Mexico,Subscriptions,Total,Mobile broadband,2024-Q4,135808948.0,Subscriptions,2024,Q4
Netherlands,Subscriptions,Total,Mobile broadband,2018-Q2,20002000.0,Subscriptions,2018,Q2
Netherlands,Subscriptions,Total,Mobile broadband,2018-Q4,20030000.0,Subscriptions,2018,Q4
Netherlands,Subscriptions,Total,Mobile broadband,2019-Q2,20290000.0,Subscriptions,2019,Q2
Netherlands,Subscriptions,Total,Mobile broadband,2019-Q4,20674734.0,Subscriptions,2019,Q4
Netherlands,Subscriptions,Total,Mobile broadband,2020-Q2,21144200.0,Subscriptions,2020,Q2
Netherlands,Subscriptions,Total,Mobile broadband,2020-Q4,22270000.0,Subscriptions,2020,Q4
Netherlands,Subscriptions,Total,Mobile broadband,2021-Q2,22564531.0,Subscriptions,2021,Q2
Netherlands,Subscriptions,Total,Mobile broadband,2021-Q4,23445552.0,Subscriptions,2021,Q4
Netherlands,Subscriptions,Total,Mobile broadband,2022-Q2,22653000.0,Subscriptions,2022,Q2
Netherlands,Subscriptions,Total,Mobile broadband,2022-Q4,22977000.0,Subscriptions,2022,Q4
Netherlands,Subscriptions,Total,Mobile broadband,2023-Q2,23168000.0,Subscriptions,2023,Q2
Netherlands,Subscriptions,Total,Mobile broadband,2023-Q4,23650000.0,Subscriptions,2023,Q4
Netherlands,Subscriptions,Total,Mobile broadband,2024-Q2,23937000.0,Subscriptions,2024,Q2
Netherlands,Subscriptions,Total,Mobile broadband,2024-Q4,24449000.0,Subscriptions,2024,Q4
New Zealand,Subscriptions,Total,Mobile broadband,2018-Q2,4704792.0,Subscriptions,2018,Q2
New Zealand,Subscriptions,Total,Mobile broadband,2018-Q4,4705470.0,Subscriptions,2018,Q4
New Zealand,Subscriptions,Total,Mobile broadband,2019-Q2,5122428.0,Subscriptions,2019,Q2
New Zealand,Subscriptions,Total,Mobile broadband,2019-Q4,5277118.0,Subscriptions,2019,Q4
New Zealand,Subscriptions,Total,Mobile broadband,2020-Q2,4891429.0,Subscriptions,2020,Q2
New Zealand,Subscriptions,Total,Mobile broadband,2020-Q4,4630840.0,Subscriptions,2020,Q4
New Zealand,Subscriptions,Total,Mobile broadband,2021-Q2,5313395.0,Subscriptions,2021,Q2
New Zealand,Subscriptions,Total,Mobile broadband,2021-Q4,5146703.0,Subscriptions,2021,Q4
New Zealand,Subscriptions,Total,Mobile broadband,2022-Q2,5290320.0,Subscriptions,2022,Q2
New Zealand,Subscriptions,Total,Mobile broadband,2022-Q4,5297058.0,Subscriptions,2022,Q4
New Zealand,Subscriptions,Total,Mobile broadband,2023-Q2,5950221.0,Subscriptions,2023,Q2
New Zealand,Subscriptions,Total,Mobile broadband,2023-Q4,5746001.0,Subscriptions,2023,Q4
New Zealand,Subscriptions,Total,Mobile broadband,2024-Q2,5947245.0,Subscriptions,2024,Q2
New Zealand,Subscriptions,Total,Mobile broadband,2024-Q4,5918475.0,Subscriptions,2024,Q4
Norway,Subscriptions,Total,Mobile broadband,2018-Q2,5286358.0,Subscriptions,2018,Q2
Norway,Subscriptions,Total,Mobile broadband,2018-Q4,5332412.0,Subscriptions,2018,Q4
Norway,Subscriptions,Total,Mobile broadband,2019-Q2,5375576.0,Subscriptions,2019,Q2
Norway,Subscriptions,Total,Mobile broadband,2019-Q4,5440858.0,Subscriptions,2019,Q4
Norway,Subscriptions,Total,Mobile broadband,2020-Q2,5480430.0,Subscriptions,2020,Q2
Norway,Subscriptions,Total,Mobile broadband,2020-Q4,5584800.0,Subscriptions,2020,Q4
Norway,Subscriptions,Total,Mobile broadband,2021-Q2,5640149.0,Subscriptions,2021,Q2
Norway,Subscriptions,Total,Mobile broadband,2021-Q4,5717284.0,Subscriptions,2021,Q4
Norway,Subscriptions,Total,Mobile broadband,2022-Q2,5776498.0,Subscriptions,2022,Q2
Norway,Subscriptions,Total,Mobile broadband,2022-Q4,5809412.0,Subscriptions,2022,Q4
Norway,Subscriptions,Total,Mobile broadband,2023-Q2,5849484.0,Subscriptions,2023,Q2
Norway,Subscriptions,Total,Mobile broadband,2023-Q4,5881037.0,Subscriptions,2023,Q4
Norway,Subscriptions,Total,Mobile broadband,2024-Q2,5905514.0,Subscriptions,2024,Q2
Norway,Subscriptions,Total,Mobile broadband,2024-Q4,5927860.0,Subscriptions,2024,Q4
Poland,Subscriptions,Total,Mobile broadband,2018-Q2,39440565.0,Subscriptions,2018,Q2
Poland,Subscriptions,Total,Mobile broadband,2018-Q4,41634464.0,Subscriptions,2018,Q4
Poland,Subscriptions,Total,Mobile broadband,2019-Q2,42728485.0,Subscriptions,2019,Q2
Poland,Subscriptions,Total,Mobile broadband,2019-Q4,44910862.0,Subscriptions,2019,Q4
Poland,Subscriptions,Total,Mobile broadband,2020-Q2,48432967.0,Subscriptions,2020,Q2
Poland,Subscriptions,Total,Mobile broadband,2020-Q4,47784565.0,Subscriptions,2020,Q4
Poland,Subscriptions,Total,Mobile broadband,2021-Q2,50958301.0,Subscriptions,2021,Q2
Poland,Subscriptions,Total,Mobile broadband,2021-Q4,50094680.0,Subscriptions,2021,Q4
Poland,Subscriptions,Total,Mobile broadband,2022-Q2,52619083.0,Subscriptions,2022,Q2
Poland,Subscriptions,Total,Mobile broadband,2022-Q4,50110885.0,Subscriptions,2022,Q4
Poland,Subscriptions,Total,Mobile broadband,2023-Q2,51000000.0,Subscriptions,2023,Q2
Poland,Subscriptions,Total,Mobile broadband,2023-Q4,50345142.0,Subscriptions,2023,Q4
Poland,Subscriptions,Total,Mobile broadband,2024-Q2,55528249.0,Subscriptions,2024,Q2
Poland,Subscriptions,Total,Mobile broadband,2024-Q4,52245665.0,Subscriptions,2024,Q4
Portugal,Subscriptions,Total,Mobile broadband,2018-Q2,7187211.0,Subscriptions,2018,Q2
Portugal,Subscriptions,Total,Mobile broadband,2018-Q4,7573471.0,Subscriptions,2018,Q4
Portugal,Subscriptions,Total,Mobile broadband,2019-Q2,7802490.0,Subscriptions,2019,Q2
Portugal,Subscriptions,Total,Mobile broadband,2019-Q4,8095113.0,Subscriptions,2019,Q4
Portugal,Subscriptions,Total,Mobile broadband,2020-Q2,7928514.0,Subscriptions,2020,Q2
Portugal,Subscriptions,Total,Mobile broadband,2020-Q4,8242376.0,Subscriptions,2020,Q4
Portugal,Subscriptions,Total,Mobile broadband,2021-Q2,8491367.0,Subscriptions,2021,Q2
Portugal,Subscriptions,Total,Mobile broadband,2021-Q4,9113728.0,Subscriptions,2021,Q4
Portugal,Subscriptions,Total,Mobile broadband,2022-Q2,9505724.0,Subscriptions,2022,Q2
Portugal,Subscriptions,Total,Mobile broadband,2022-Q4,9833783.0,Subscriptions,2022,Q4
Portugal,Subscriptions,Total,Mobile broadband,2023-Q2,10179354.0,Subscriptions,2023,Q2
Portugal,Subscriptions,Total,Mobile broadband,2023-Q4,10456269.0,Subscriptions,2023,Q4
Portugal,Subscriptions,Total,Mobile broadband,2024-Q2,10749721.0,Subscriptions,2024,Q2
Portugal,Subscriptions,Total,Mobile broadband,2024-Q4,10735970.0,Subscriptions,2024,Q4
Slovak Republic,Subscriptions,Total,Mobile broadband,2018-Q2,4788272.0,Subscriptions,2018,Q2
Slovak Republic,Subscriptions,Total,Mobile broadband,2018-Q4,5014752.0,Subscriptions,2018,Q4
Slovak Republic,Subscriptions,Total,Mobile broadband,2019-Q2,4253614.0,Subscriptions,2019,Q2
Slovak Republic,Subscriptions,Total,Mobile broadband,2019-Q4,4359469.0,Subscriptions,2019,Q4
Slovak Republic,Subscriptions,Total,Mobile broadband,2020-Q2,4127746.0,Subscriptions,2020,Q2
Slovak Republic,Subscriptions,Total,Mobile broadband,2020-Q4,4177213.0,Subscriptions,2020,Q4
Slovak Republic,Subscriptions,Total,Mobile broadband,2021-Q2,4259636.0,Subscriptions,2021,Q2
Slovak Republic,Subscriptions,Total,Mobile broadband,2021-Q4,4440008.0,Subscriptions,2021,Q4
Slovak Republic,Subscriptions,Total,Mobile broadband,2022-Q2,4574656.0,Subscriptions,2022,Q2
Slovak Republic,Subscriptions,Total,Mobile broadband,2022-Q4,4428459.0,Subscriptions,2022,Q4
Slovak Republic,Subscriptions,Total,Mobile broadband,2023-Q2,4573001.0,Subscriptions,2023,Q2
Slovak Republic,Subscriptions,Total,Mobile broadband,2023-Q4,4716425.0,Subscriptions,2023,Q4
Slovak Republic,Subscriptions,Total,Mobile broadband,2024-Q2,4977258.0,Subscriptions,2024,Q2
Slovak Republic,Subscriptions,Total,Mobile broadband,2024-Q4,4972303.0,Subscriptions,2024,Q4
Slovenia,Subscriptions,Total,Mobile broadband,2018-Q2,1538892.0,Subscriptions,2018,Q2
Slovenia,Subscriptions,Total,Mobile broadband,2018-Q4,1616511.0,Subscriptions,2018,Q4
Slovenia,Subscriptions,Total,Mobile broadband,2019-Q2,1694159.0,Subscriptions,2019,Q2
Slovenia,Subscriptions,Total,Mobile broadband,2019-Q4,1750072.0,Subscriptions,2019,Q4
Slovenia,Subscriptions,Total,Mobile broadband,2020-Q2,1759412.0,Subscriptions,2020,Q2
Slovenia,Subscriptions,Total,Mobile broadband,2020-Q4,1827948.0,Subscriptions,2020,Q4
Slovenia,Subscriptions,Total,Mobile broadband,2021-Q2,1870450.0,Subscriptions,2021,Q2
Slovenia,Subscriptions,Total,Mobile broadband,2021-Q4,1926768.0,Subscriptions,2021,Q4
Slovenia,Subscriptions,Total,Mobile broadband,2022-Q2,1998092.0,Subscriptions,2022,Q2
Slovenia,Subscriptions,Total,Mobile broadband,2022-Q4,2038868.0,Subscriptions,2022,Q4
Slovenia,Subscriptions,Total,Mobile broadband,2023-Q2,2071481.0,Subscriptions,2023,Q2
Slovenia,Subscriptions,Total,Mobile broadband,2023-Q4,2092929.0,Subscriptions,2023,Q4
Slovenia,Subscriptions,Total,Mobile broadband,2024-Q2,2130103.0,Subscriptions,2024,Q2
Slovenia,Subscriptions,Total,Mobile broadband,2024-Q4,2163004.0,Subscriptions,2024,Q4
Spain,Subscriptions,Total,Mobile broadband,2018-Q2,45133333.0,Subscriptions,2018,Q2
Spain,Subscriptions,Total,Mobile broadband,2018-Q4,45981148.0,Subscriptions,2018,Q4
Spain,Subscriptions,Total,Mobile broadband,2019-Q2,47335156.0,Subscriptions,2019,Q2
Spain,Subscriptions,Total,Mobile broadband,2019-Q4,48109607.0,Subscriptions,2019,Q4
Spain,Subscriptions,Total,Mobile broadband,2020-Q2,48182383.0,Subscriptions,2020,Q2
Spain,Subscriptions,Total,Mobile broadband,2020-Q4,49230580.0,Subscriptions,2020,Q4
Spain,Subscriptions,Total,Mobile broadband,2021-Q2,49799240.0,Subscriptions,2021,Q2
Spain,Subscriptions,Total,Mobile broadband,2021-Q4,50955964.0,Subscriptions,2021,Q4
Spain,Subscriptions,Total,Mobile broadband,2022-Q2,51999048.0,Subscriptions,2022,Q2
Spain,Subscriptions,Total,Mobile broadband,2022-Q4,52700116.0,Subscriptions,2022,Q4
Spain,Subscriptions,Total,Mobile broadband,2023-Q2,53518892.0,Subscriptions,2023,Q2
Spain,Subscriptions,Total,Mobile broadband,2023-Q4,54512263.0,Subscriptions,2023,Q4
Spain,Subscriptions,Total,Mobile broadband,2024-Q2,54800845.0,Subscriptions,2024,Q2
Spain,Subscriptions,Total,Mobile broadband,2024-Q4,55790635.0,Subscriptions,2024,Q4
Sweden,Subscriptions,Total,Mobile broadband,2018-Q2,12267884.0,Subscriptions,2018,Q2
Sweden,Subscriptions,Total,Mobile broadband,2018-Q4,12660775.0,Subscriptions,2018,Q4
Sweden,Subscriptions,Total,Mobile broadband,2019-Q2,12671093.0,Subscriptions,2019,Q2
Sweden,Subscriptions,Total,Mobile broadband,2019-Q4,12925266.0,Subscriptions,2019,Q4
Sweden,Subscriptions,Total,Mobile broadband,2020-Q2,13069229.0,Subscriptions,2020,Q2
Sweden,Subscriptions,Total,Mobile broadband,2020-Q4,13027510.0,Subscriptions,2020,Q4
Sweden,Subscriptions,Total,Mobile broadband,2021-Q2,13170200.0,Subscriptions,2021,Q2
Sweden,Subscriptions,Total,Mobile broadband,2021-Q4,13253718.0,Subscriptions,2021,Q4
Sweden,Subscriptions,Total,Mobile broadband,2022-Q2,13536116.0,Subscriptions,2022,Q2
Sweden,Subscriptions,Total,Mobile broadband,2022-Q4,13963691.0,Subscriptions,2022,Q4
Sweden,Subscriptions,Total,Mobile broadband,2023-Q2,14029853.0,Subscriptions,2023,Q2
Sweden,Subscriptions,Total,Mobile broadband,2023-Q4,13674924.0,Subscriptions,2023,Q4
Sweden,Subscriptions,Total,Mobile broadband,2024-Q2,13767856.0,Subscriptions,2024,Q2
Sweden,Subscriptions,Total,Mobile broadband,2024-Q4,13855248.0,Subscriptions,2024,Q4
Switzerland,Subscriptions,Total,Mobile broadband,2018-Q2,8276082.0,Subscriptions,2018,Q2
Switzerland,Subscriptions,Total,Mobile broadband,2018-Q4,8478927.0,Subscriptions,2018,Q4
Switzerland,Subscriptions,Total,Mobile broadband,2019-Q2,8553588.0,Subscriptions,2019,Q2
Switzerland,Subscriptions,Total,Mobile broadband,2019-Q4,8628248.0,Subscriptions,2019,Q4
Switzerland,Subscriptions,Total,Mobile broadband,2020-Q2,8699887.0,Subscriptions,2020,Q2
Switzerland,Subscriptions,Total,Mobile broadband,2020-Q4,8771526.0,Subscriptions,2020,Q4
Switzerland,Subscriptions,Total,Mobile broadband,2021-Q2,8777479.0,Subscriptions,2021,Q2
Switzerland,Subscriptions,Total,Mobile broadband,2021-Q4,8783431.0,Subscriptions,2021,Q4
Switzerland,Subscriptions,Total,Mobile broadband,2022-Q2,8964463.0,Subscriptions,2022,Q2
Switzerland,Subscriptions,Total,Mobile broadband,2022-Q4,9145495.0,Subscriptions,2022,Q4
Switzerland,Subscriptions,Total,Mobile broadband,2023-Q2,9369157.0,Subscriptions,2023,Q2
Switzerland,Subscriptions,Total,Mobile broadband,2023-Q4,9693783.0,Subscriptions,2023,Q4
Switzerland,Subscriptions,Total,Mobile broadband,2024-Q2,9911595.0,Subscriptions,2024,Q2
Switzerland,Subscriptions,Total,Mobile broadband,2024-Q4,9936065.0,Subscriptions,2024,Q4
Türkiye,Subscriptions,Total,Mobile broadband,2018-Q2,59102129.0,Subscriptions,2018,Q2
Türkiye,Subscriptions,Total,Mobile broadband,2018-Q4,61092863.0,Subscriptions,2018,Q4
Türkiye,Subscriptions,Total,Mobile broadband,2019-Q2,61493495.0,Subscriptions,2019,Q2
Türkiye,Subscriptions,Total,Mobile broadband,2019-Q4,62407717.0,Subscriptions,2019,Q4
Türkiye,Subscriptions,Total,Mobile broadband,2020-Q2,63089595.0,Subscriptions,2020,Q2
Türkiye,Subscriptions,Total,Mobile broadband,2020-Q4,65629737.0,Subscriptions,2020,Q4
Türkiye,Subscriptions,Total,Mobile broadband,2021-Q2,68317167.0,Subscriptions,2021,Q2
Türkiye,Subscriptions,Total,Mobile broadband,2021-Q4,70029003.0,Subscriptions,2021,Q4
Türkiye,Subscriptions,Total,Mobile broadband,2022-Q2,71003987.0,Subscriptions,2022,Q2
Türkiye,Subscriptions,Total,Mobile broadband,2022-Q4,71651056.0,Subscriptions,2022,Q4
Türkiye,Subscriptions,Total,Mobile broadband,2023-Q2,73853598.0,Subscriptions,2023,Q2
Türkiye,Subscriptions,Total,Mobile broadband,2023-Q4,73715377.0,Subscriptions,2023,Q4
Türkiye,Subscriptions,Total,Mobile broadband,2024-Q2,75612376.0,Subscriptions,2024,Q2
Türkiye,Subscriptions,Total,Mobile broadband,2024-Q4,75887045.0,Subscriptions,2024,Q4
United Kingdom,Subscriptions,Total,Mobile broadband,2018-Q2,65065269.0,Subscriptions,2018,Q2
United Kingdom,Subscriptions,Total,Mobile broadband,2018-Q4,66160380.0,Subscriptions,2018,Q4
United Kingdom,Subscriptions,Total,Mobile broadband,2019-Q2,67177087.0,Subscriptions,2019,Q2
United Kingdom,Subscriptions,Total,Mobile broadband,2019-Q4,67526880.0,Subscriptions,2019,Q4
United Kingdom,Subscriptions,Total,Mobile broadband,2020-Q2,65571878.0,Subscriptions,2020,Q2
United Kingdom,Subscriptions,Total,Mobile broadband,2020-Q4,68810766.0,Subscriptions,2020,Q4
United Kingdom,Subscriptions,Total,Mobile broadband,2021-Q2,71281363.0,Subscriptions,2021,Q2
United Kingdom,Subscriptions,Total,Mobile broadband,2021-Q4,73287567.0,Subscriptions,2021,Q4
United Kingdom,Subscriptions,Total,Mobile broadband,2022-Q2,73488806.0,Subscriptions,2022,Q2
United Kingdom,Subscriptions,Total,Mobile broadband,2022-Q4,75391063.0,Subscriptions,2022,Q4
United Kingdom,Subscriptions,Total,Mobile broadband,2023-Q2,77422579.0,Subscriptions,2023,Q2
United Kingdom,Subscriptions,Total,Mobile broadband,2023-Q4,79253596.0,Subscriptions,2023,Q4
United Kingdom,Subscriptions,Total,Mobile broadband,2024-Q2,79988529.0,Subscriptions,2024,Q2
United Kingdom,Subscriptions,Total,Mobile broadband,2024-Q4,81323993.0,Subscriptions,2024,Q4
United States,Subscriptions,Total,Mobile broadband,2018-Q2,445287000.0,Subscriptions,2018,Q2
United States,Subscriptions,Total,Mobile broadband,2018-Q4,473663101.0,Subscriptions,2018,Q4
United States,Subscriptions,Total,Mobile broadband,2019-Q2,478471000.0,Subscriptions,2019,Q2
United States,Subscriptions,Total,Mobile broadband,2019-Q4,492896000.0,Subscriptions,2019,Q4
United States,Subscriptions,Total,Mobile broadband,2020-Q2,499344000.0,Subscriptions,2020,Q2
United States,Subscriptions,Total,Mobile broadband,2020-Q4,518730000.0,Subscriptions,2020,Q4
United States,Subscriptions,Total,Mobile broadband,2021-Q2,534643594.0,Subscriptions,2021,Q2
United States,Subscriptions,Total,Mobile broadband,2021-Q4,558699877.0,Subscriptions,2021,Q4
United States,Subscriptions,Total,Mobile broadband,2022-Q2,570000000.0,Subscriptions,2022,Q2
United States,Subscriptions,Total,Mobile broadband,2022-Q4,586991000.0,Subscriptions,2022,Q4
United States,Subscriptions,Total,Mobile broadband,2023-Q2,610662000.0,Subscriptions,2023,Q2
United States,Subscriptions,Total,Mobile broadband,2023-Q4,637079000.0,Subscriptions,2023,Q4
United States,Subscriptions,Total,Mobile broadband,2024-Q2,664639000.0,Subscriptions,2024,Q2
United States,Subscriptions,Total,Mobile broadband,2024-Q4,679709000.0,Subscriptions,2024,Q4
OECD,Subscriptions,Total,Mobile broadband,2018-Q2,1434010369.0,Subscriptions,2018,Q2
OECD,Subscriptions,Total,Mobile broadband,2018-Q4,1488908006.0,Subscriptions,2018,Q4
OECD,Subscriptions,Total,Mobile broadband,2019-Q2,1518224839.0,Subscriptions,2019,Q2
OECD,Subscriptions,Total,Mobile broadband,2019-Q4,1560750280.0,Subscriptions,2019,Q4
OECD,Subscriptions,Total,Mobile broadband,2020-Q2,1569308704.0,Subscriptions,2020,Q2
OECD,Subscriptions,Total,Mobile broadband,2020-Q4,1616434720.0,Subscriptions,2020,Q4
OECD,Subscriptions,Total,Mobile broadband,2021-Q2,1655404548.0,Subscriptions,2021,Q2
OECD,Subscriptions,Total,Mobile broadband,2021-Q4,1707557211.0,Subscriptions,2021,Q4
OECD,Subscriptions,Total,Mobile broadband,2022-Q2,1742045124.0,Subscriptions,2022,Q2
OECD,Subscriptions,Total,Mobile broadband,2022-Q4,1775250193.0,Subscriptions,2022,Q4
OECD,Subscriptions,Total,Mobile broadband,2023-Q2,1817691444.0,Subscriptions,2023,Q2
OECD,Subscriptions,Total,Mobile broadband,2023-Q4,1867906823.0,Subscriptions,2023,Q4
OECD,Subscriptions,Total,Mobile broadband,2024-Q2,1917310070.0,Subscriptions,2024,Q2
OECD,Subscriptions,Total,Mobile broadband,2024-Q4,1952467068.0,Subscriptions,2024,Q4
Brazil,Subscriptions,Total,Mobile broadband,2018-Q2,190393144.0,Subscriptions,2018,Q2
Brazil,Subscriptions,Total,Mobile broadband,2018-Q4,184570501.0,Subscriptions,2018,Q4
Brazil,Subscriptions,Total,Mobile broadband,2019-Q2,185367477.0,Subscriptions,2019,Q2
Brazil,Subscriptions,Total,Mobile broadband,2019-Q4,183789072.0,Subscriptions,2019,Q4
Brazil,Subscriptions,Total,Mobile broadband,2020-Q2,183031197.0,Subscriptions,2020,Q2
Brazil,Subscriptions,Total,Mobile broadband,2020-Q4,190738810.0,Subscriptions,2020,Q4
Brazil,Subscriptions,Total,Mobile broadband,2021-Q2,192343079.0,Subscriptions,2021,Q2
Brazil,Subscriptions,Total,Mobile broadband,2021-Q4,197187387.0,Subscriptions,2021,Q4
Brazil,Subscriptions,Total,Mobile broadband,2022-Q2,202746971.0,Subscriptions,2022,Q2
Brazil,Subscriptions,Total,Mobile broadband,2022-Q4,200246447.0,Subscriptions,2022,Q4
Brazil,Subscriptions,Total,Mobile broadband,2023-Q2,201619272.0,Subscriptions,2023,Q2
Brazil,Subscriptions,Total,Mobile broadband,2023-Q4,205661534.0,Subscriptions,2023,Q4
Brazil,Subscriptions,Total,Mobile broadband,2024-Q2,205866274.0,Subscriptions,2024,Q2
Brazil,Subscriptions,Total,Mobile broadband,2024-Q4,207611389.0,Subscriptions,2024,Q4
Bulgaria,Subscriptions,Total,Mobile broadband,2018-Q2,6128398.0,Subscriptions,2018,Q2
Bulgaria,Subscriptions,Total,Mobile broadband,2018-Q4,6220041.0,Subscriptions,2018,Q4
Bulgaria,Subscriptions,Total,Mobile broadband,2019-Q2,6380720.0,Subscriptions,2019,Q2
Bulgaria,Subscriptions,Total,Mobile broadband,2019-Q4,6536107.0,Subscriptions,2019,Q4
Bulgaria,Subscriptions,Total,Mobile broadband,2020-Q2,6502905.0,Subscriptions,2020,Q2
Bulgaria,Subscriptions,Total,Mobile broadband,2020-Q4,6580566.0,Subscriptions,2020,Q4
Bulgaria,Subscriptions,Total,Mobile broadband,2021-Q2,6699016.0,Subscriptions,2021,Q2
Bulgaria,Subscriptions,Total,Mobile broadband,2021-Q4,6792404.0,Subscriptions,2021,Q4
Bulgaria,Subscriptions,Total,Mobile broadband,2022-Q2,6998647.0,Subscriptions,2022,Q2
Bulgaria,Subscriptions,Total,Mobile broadband,2022-Q4,7008151.0,Subscriptions,2022,Q4
Bulgaria,Subscriptions,Total,Mobile broadband,2023-Q2,7104284.0,Subscriptions,2023,Q2
Bulgaria,Subscriptions,Total,Mobile broadband,2023-Q4,7201768.0,Subscriptions,2023,Q4
Bulgaria,Subscriptions,Total,Mobile broadband,2024-Q2,7187074.0,Subscriptions,2024,Q2
Bulgaria,Subscriptions,Total,Mobile broadband,2024-Q4,7292082.0,Subscriptions,2024,Q4
Croatia,Subscriptions,Total,Mobile broadband,2018-Q4,3514032.0,Subscriptions,2018,Q4
Croatia,Subscriptions,Total,Mobile broadband,2019-Q4,3623860.0,Subscriptions,2019,Q4
Croatia,Subscriptions,Total,Mobile broadband,2020-Q4,4598772.0,Subscriptions,2020,Q4
Croatia,Subscriptions,Total,Mobile broadband,2021-Q4,4716731.0,Subscriptions,2021,Q4
Croatia,Subscriptions,Total,Mobile broadband,2022-Q4,5096828.0,Subscriptions,2022,Q4
Croatia,Subscriptions,Total,Mobile broadband,2023-Q2,5445021.0,Subscriptions,2023,Q2
Croatia,Subscriptions,Total,Mobile broadband,2023-Q4,5442857.0,Subscriptions,2023,Q4
Croatia,Subscriptions,Total,Mobile broadband,2024-Q2,5666981.0,Subscriptions,2024,Q2
Croatia,Subscriptions,Total,Mobile broadband,2024-Q4,5487857.0,Subscriptions,2024,Q4
Peru,Subscriptions,Total,Mobile broadband,2018-Q4,23786590.0,Subscriptions,2018,Q4
Peru,Subscriptions,Total,Mobile broadband,2019-Q4,24685448.0,Subscriptions,2019,Q4
Peru,Subscriptions,Total,Mobile broadband,2020-Q4,25819880.0,Subscriptions,2020,Q4
Peru,Subscriptions,Total,Mobile broadband,2021-Q4,27994138.0,Subscriptions,2021,Q4
Peru,Subscriptions,Total,Mobile broadband,2022-Q4,30007570.0,Subscriptions,2022,Q4
Peru,Subscriptions,Total,Mobile broadband,2023-Q4,30647877.0,Subscriptions,2023,Q4
Peru,Subscriptions,Total,Mobile broadband,2024-Q4,32170512.0,Subscriptions,2024,Q4
Romania,Subscriptions,Total,Mobile broadband,2018-Q2,19184413.0,Subscriptions,2018,Q2
Romania,Subscriptions,Total,Mobile broadband,2018-Q4,19840520.0,Subscriptions,2018,Q4
Romania,Subscriptions,Total,Mobile broadband,2019-Q2,19467443.0,Subscriptions,2019,Q2
Romania,Subscriptions,Total,Mobile broadband,2019-Q4,19418438.0,Subscriptions,2019,Q4
Romania,Subscriptions,Total,Mobile broadband,2020-Q2,19081493.0,Subscriptions,2020,Q2
Romania,Subscriptions,Total,Mobile broadband,2020-Q4,20201273.0,Subscriptions,2020,Q4
Romania,Subscriptions,Total,Mobile broadband,2021-Q2,20220485.0,Subscriptions,2021,Q2
Romania,Subscriptions,Total,Mobile broadband,2021-Q4,20879901.0,Subscriptions,2021,Q4
Romania,Subscriptions,Total,Mobile broadband,2022-Q2,20952109.0,Subscriptions,2022,Q2
Romania,Subscriptions,Total,Mobile broadband,2022-Q4,21174085.0,Subscriptions,2022,Q4
Romania,Subscriptions,Total,Mobile broadband,2023-Q2,21307515.0,Subscriptions,2023,Q2
Romania,Subscriptions,Total,Mobile broadband,2023-Q4,21495351.0,Subscriptions,2023,Q4
Romania,Subscriptions,Total,Mobile broadband,2024-Q2,21304148.0,Subscriptions,2024,Q2
Romania,Subscriptions,Total,Mobile broadband,2024-Q4,21718396.0,Subscriptions,2024,Q4
Thailand,Subscriptions,Total,Mobile broadband,2018-Q4,58054000.0,Subscriptions,2018,Q4
Thailand,Subscriptions,Total,Mobile broadband,2019-Q4,60348000.0,Subscriptions,2019,Q4
Thailand,Subscriptions,Total,Mobile broadband,2020-Q4,63060000.0,Subscriptions,2020,Q4
Thailand,Subscriptions,Total,Mobile broadband,2021-Q4,80145000.0,Subscriptions,2021,Q4
Thailand,Subscriptions,Total,Mobile broadband,2022-Q4,84669002.0,Subscriptions,2022,Q4
Thailand,Subscriptions,Total,Mobile broadband,2023-Q4,77666135.0,Subscriptions,2023,Q4
Thailand,Subscriptions,Total,Mobile broadband,2024-Q2,77706514.0,Subscriptions,2024,Q2
Thailand,Subscriptions,Total,Mobile broadband,2024-Q4,77918294.0,Subscriptions,2024,Q4
Australia,Subscriptions,DSL,Fixed broadband,2018-Q2,5242080.0,Subscriptions,2018,Q2
Australia,Subscriptions,DSL,Fixed broadband,2018-Q4,4869033.0,Subscriptions,2018,Q4
Australia,Subscriptions,DSL,Fixed broadband,2019-Q2,4872008.0,Subscriptions,2019,Q2
Australia,Subscriptions,DSL,Fixed broadband,2019-Q4,4688393.0,Subscriptions,2019,Q4
Australia,Subscriptions,DSL,Fixed broadband,2020-Q2,4599132.0,Subscriptions,2020,Q2
Australia,Subscriptions,DSL,Fixed broadband,2020-Q4,4558101.0,Subscriptions,2020,Q4
Australia,Subscriptions,DSL,Fixed broadband,2021-Q2,4499951.0,Subscriptions,2021,Q2
Australia,Subscriptions,DSL,Fixed broadband,2021-Q4,4471382.0,Subscriptions,2021,Q4
Australia,Subscriptions,DSL,Fixed broadband,2022-Q2,4420106.0,Subscriptions,2022,Q2
Australia,Subscriptions,DSL,Fixed broadband,2022-Q4,4333242.0,Subscriptions,2022,Q4
Australia,Subscriptions,DSL,Fixed broadband,2023-Q2,4243307.0,Subscriptions,2023,Q2
Australia,Subscriptions,DSL,Fixed broadband,2023-Q4,4112162.0,Subscriptions,2023,Q4
Australia,Subscriptions,DSL,Fixed broadband,2024-Q2,3912276.0,Subscriptions,2024,Q2
Australia,Subscriptions,DSL,Fixed broadband,2024-Q4,3673695.0,Subscriptions,2024,Q4
Austria,Subscriptions,DSL,Fixed broadband,2018-Q2,1552500.0,Subscriptions,2018,Q2
Austria,Subscriptions,DSL,Fixed broadband,2018-Q4,1559060.0,Subscriptions,2018,Q4
Austria,Subscriptions,DSL,Fixed broadband,2019-Q2,1539690.0,Subscriptions,2019,Q2
Austria,Subscriptions,DSL,Fixed broadband,2019-Q4,1529724.0,Subscriptions,2019,Q4
Austria,Subscriptions,DSL,Fixed broadband,2020-Q2,1498589.0,Subscriptions,2020,Q2
Austria,Subscriptions,DSL,Fixed broadband,2020-Q4,1469851.0,Subscriptions,2020,Q4
Austria,Subscriptions,DSL,Fixed broadband,2021-Q2,1440456.0,Subscriptions,2021,Q2
Austria,Subscriptions,DSL,Fixed broadband,2021-Q4,1448463.0,Subscriptions,2021,Q4
Austria,Subscriptions,DSL,Fixed broadband,2022-Q2,1435611.0,Subscriptions,2022,Q2
Austria,Subscriptions,DSL,Fixed broadband,2022-Q4,1393280.0,Subscriptions,2022,Q4
Austria,Subscriptions,DSL,Fixed broadband,2023-Q2,1387861.0,Subscriptions,2023,Q2
Austria,Subscriptions,DSL,Fixed broadband,2023-Q4,1384921.0,Subscriptions,2023,Q4
Austria,Subscriptions,DSL,Fixed broadband,2024-Q2,1375879.0,Subscriptions,2024,Q2
Austria,Subscriptions,DSL,Fixed broadband,2024-Q4,1316356.0,Subscriptions,2024,Q4
Belgium,Subscriptions,DSL,Fixed broadband,2018-Q2,2094562.0,Subscriptions,2018,Q2
Belgium,Subscriptions,DSL,Fixed broadband,2018-Q4,2126179.0,Subscriptions,2018,Q4
Belgium,Subscriptions,DSL,Fixed broadband,2019-Q2,2122216.0,Subscriptions,2019,Q2
Belgium,Subscriptions,DSL,Fixed broadband,2019-Q4,2123131.0,Subscriptions,2019,Q4
Belgium,Subscriptions,DSL,Fixed broadband,2020-Q2,2129612.0,Subscriptions,2020,Q2
Belgium,Subscriptions,DSL,Fixed broadband,2020-Q4,2142279.0,Subscriptions,2020,Q4
Belgium,Subscriptions,DSL,Fixed broadband,2021-Q2,2138796.0,Subscriptions,2021,Q2
Belgium,Subscriptions,DSL,Fixed broadband,2021-Q4,2120740.0,Subscriptions,2021,Q4
Belgium,Subscriptions,DSL,Fixed broadband,2022-Q2,2089652.0,Subscriptions,2022,Q2
Belgium,Subscriptions,DSL,Fixed broadband,2022-Q4,2044851.0,Subscriptions,2022,Q4
Belgium,Subscriptions,DSL,Fixed broadband,2023-Q2,2002244.0,Subscriptions,2023,Q2
Belgium,Subscriptions,DSL,Fixed broadband,2023-Q4,1950727.0,Subscriptions,2023,Q4
Belgium,Subscriptions,DSL,Fixed broadband,2024-Q2,1891365.0,Subscriptions,2024,Q2
Belgium,Subscriptions,DSL,Fixed broadband,2024-Q4,1825106.0,Subscriptions,2024,Q4
Canada,Subscriptions,DSL,Fixed broadband,2018-Q2,4285695.0,Subscriptions,2018,Q2
Canada,Subscriptions,DSL,Fixed broadband,2018-Q4,4051360.0,Subscriptions,2018,Q4
Canada,Subscriptions,DSL,Fixed broadband,2019-Q2,4035061.0,Subscriptions,2019,Q2
Canada,Subscriptions,DSL,Fixed broadband,2019-Q4,3898554.0,Subscriptions,2019,Q4
Canada,Subscriptions,DSL,Fixed broadband,2020-Q2,3839874.0,Subscriptions,2020,Q2
Canada,Subscriptions,DSL,Fixed broadband,2020-Q4,3335826.0,Subscriptions,2020,Q4
Canada,Subscriptions,DSL,Fixed broadband,2021-Q2,3200379.0,Subscriptions,2021,Q2
Canada,Subscriptions,DSL,Fixed broadband,2021-Q4,2872539.0,Subscriptions,2021,Q4
Canada,Subscriptions,DSL,Fixed broadband,2022-Q2,2742410.0,Subscriptions,2022,Q2
Canada,Subscriptions,DSL,Fixed broadband,2022-Q4,2430805.0,Subscriptions,2022,Q4
Canada,Subscriptions,DSL,Fixed broadband,2023-Q2,2242141.0,Subscriptions,2023,Q2
Canada,Subscriptions,DSL,Fixed broadband,2023-Q4,2139089.0,Subscriptions,2023,Q4
Canada,Subscriptions,DSL,Fixed broadband,2024-Q2,2048286.0,Subscriptions,2024,Q2
Canada,Subscriptions,DSL,Fixed broadband,2024-Q4,1842822.0,Subscriptions,2024,Q4
Chile,Subscriptions,DSL,Fixed broadband,2018-Q2,692893.0,Subscriptions,2018,Q2
Chile,Subscriptions,DSL,Fixed broadband,2018-Q4,586272.0,Subscriptions,2018,Q4
Chile,Subscriptions,DSL,Fixed broadband,2019-Q2,483230.0,Subscriptions,2019,Q2
Chile,Subscriptions,DSL,Fixed broadband,2019-Q4,402740.0,Subscriptions,2019,Q4
Chile,Subscriptions,DSL,Fixed broadband,2020-Q2,298568.0,Subscriptions,2020,Q2
Chile,Subscriptions,DSL,Fixed broadband,2020-Q4,237777.0,Subscriptions,2020,Q4
Chile,Subscriptions,DSL,Fixed broadband,2021-Q2,187083.0,Subscriptions,2021,Q2
Chile,Subscriptions,DSL,Fixed broadband,2021-Q4,136490.0,Subscriptions,2021,Q4
Chile,Subscriptions,DSL,Fixed broadband,2022-Q2,95304.0,Subscriptions,2022,Q2
Chile,Subscriptions,DSL,Fixed broadband,2022-Q4,71454.0,Subscriptions,2022,Q4
Chile,Subscriptions,DSL,Fixed broadband,2023-Q2,56064.0,Subscriptions,2023,Q2
Chile,Subscriptions,DSL,Fixed broadband,2023-Q4,35670.0,Subscriptions,2023,Q4
Chile,Subscriptions,DSL,Fixed broadband,2024-Q2,25474.0,Subscriptions,2024,Q2
Chile,Subscriptions,DSL,Fixed broadband,2024-Q4,14167.0,Subscriptions,2024,Q4
Colombia,Subscriptions,DSL,Fixed broadband,2018-Q2,1874123.0,Subscriptions,2018,Q2
Colombia,Subscriptions,DSL,Fixed broadband,2018-Q4,1652258.0,Subscriptions,2018,Q4
Colombia,Subscriptions,DSL,Fixed broadband,2019-Q2,1625128.0,Subscriptions,2019,Q2
Colombia,Subscriptions,DSL,Fixed broadband,2019-Q4,1506511.0,Subscriptions,2019,Q4
Colombia,Subscriptions,DSL,Fixed broadband,2020-Q2,1415393.0,Subscriptions,2020,Q2
Colombia,Subscriptions,DSL,Fixed broadband,2020-Q4,1276420.0,Subscriptions,2020,Q4
Colombia,Subscriptions,DSL,Fixed broadband,2021-Q2,1154848.0,Subscriptions,2021,Q2
Colombia,Subscriptions,DSL,Fixed broadband,2021-Q4,1023375.0,Subscriptions,2021,Q4
Colombia,Subscriptions,DSL,Fixed broadband,2022-Q2,897533.0,Subscriptions,2022,Q2
Colombia,Subscriptions,DSL,Fixed broadband,2022-Q4,716414.0,Subscriptions,2022,Q4
Colombia,Subscriptions,DSL,Fixed broadband,2023-Q2,560789.0,Subscriptions,2023,Q2
Colombia,Subscriptions,DSL,Fixed broadband,2023-Q4,397459.0,Subscriptions,2023,Q4
Colombia,Subscriptions,DSL,Fixed broadband,2024-Q2,249530.0,Subscriptions,2024,Q2
Colombia,Subscriptions,DSL,Fixed broadband,2024-Q4,134626.0,Subscriptions,2024,Q4
Costa Rica,Subscriptions,DSL,Fixed broadband,2018-Q2,276362.0,Subscriptions,2018,Q2
Costa Rica,Subscriptions,DSL,Fixed broadband,2018-Q4,275665.0,Subscriptions,2018,Q4
Costa Rica,Subscriptions,DSL,Fixed broadband,2019-Q2,228037.0,Subscriptions,2019,Q2
Costa Rica,Subscriptions,DSL,Fixed broadband,2019-Q4,192136.0,Subscriptions,2019,Q4
Costa Rica,Subscriptions,DSL,Fixed broadband,2020-Q2,210381.0,Subscriptions,2020,Q2
Costa Rica,Subscriptions,DSL,Fixed broadband,2020-Q4,214330.0,Subscriptions,2020,Q4
Costa Rica,Subscriptions,DSL,Fixed broadband,2021-Q2,152151.0,Subscriptions,2021,Q2
Costa Rica,Subscriptions,DSL,Fixed broadband,2021-Q4,132684.0,Subscriptions,2021,Q4
Costa Rica,Subscriptions,DSL,Fixed broadband,2022-Q2,115143.0,Subscriptions,2022,Q2
Costa Rica,Subscriptions,DSL,Fixed broadband,2022-Q4,83280.0,Subscriptions,2022,Q4
Costa Rica,Subscriptions,DSL,Fixed broadband,2023-Q2,72142.0,Subscriptions,2023,Q2
Costa Rica,Subscriptions,DSL,Fixed broadband,2023-Q4,69743.0,Subscriptions,2023,Q4
Costa Rica,Subscriptions,DSL,Fixed broadband,2024-Q2,46269.0,Subscriptions,2024,Q2
Costa Rica,Subscriptions,DSL,Fixed broadband,2024-Q4,34693.0,Subscriptions,2024,Q4
Czechia,Subscriptions,DSL,Fixed broadband,2018-Q2,880524.0,Subscriptions,2018,Q2
Czechia,Subscriptions,DSL,Fixed broadband,2018-Q4,889813.0,Subscriptions,2018,Q4
Czechia,Subscriptions,DSL,Fixed broadband,2019-Q2,901632.0,Subscriptions,2019,Q2
Czechia,Subscriptions,DSL,Fixed broadband,2019-Q4,920000.0,Subscriptions,2019,Q4
Czechia,Subscriptions,DSL,Fixed broadband,2020-Q2,941855.0,Subscriptions,2020,Q2
Czechia,Subscriptions,DSL,Fixed broadband,2020-Q4,957366.0,Subscriptions,2020,Q4
Czechia,Subscriptions,DSL,Fixed broadband,2021-Q2,976996.0,Subscriptions,2021,Q2
Czechia,Subscriptions,DSL,Fixed broadband,2021-Q4,990930.0,Subscriptions,2021,Q4
Czechia,Subscriptions,DSL,Fixed broadband,2022-Q2,1004345.0,Subscriptions,2022,Q2
Czechia,Subscriptions,DSL,Fixed broadband,2022-Q4,1007316.0,Subscriptions,2022,Q4
Czechia,Subscriptions,DSL,Fixed broadband,2023-Q2,1013544.0,Subscriptions,2023,Q2
Czechia,Subscriptions,DSL,Fixed broadband,2023-Q4,1016093.0,Subscriptions,2023,Q4
Czechia,Subscriptions,DSL,Fixed broadband,2024-Q2,1008754.0,Subscriptions,2024,Q2
Czechia,Subscriptions,DSL,Fixed broadband,2024-Q4,992626.0,Subscriptions,2024,Q4
Denmark,Subscriptions,DSL,Fixed broadband,2018-Q2,910556.0,Subscriptions,2018,Q2
Denmark,Subscriptions,DSL,Fixed broadband,2018-Q4,863218.0,Subscriptions,2018,Q4
Denmark,Subscriptions,DSL,Fixed broadband,2019-Q2,809006.0,Subscriptions,2019,Q2
Denmark,Subscriptions,DSL,Fixed broadband,2019-Q4,753036.0,Subscriptions,2019,Q4
Denmark,Subscriptions,DSL,Fixed broadband,2020-Q2,686887.0,Subscriptions,2020,Q2
Denmark,Subscriptions,DSL,Fixed broadband,2020-Q4,625282.0,Subscriptions,2020,Q4
Denmark,Subscriptions,DSL,Fixed broadband,2021-Q2,630591.0,Subscriptions,2021,Q2
Denmark,Subscriptions,DSL,Fixed broadband,2021-Q4,513195.0,Subscriptions,2021,Q4
Denmark,Subscriptions,DSL,Fixed broadband,2022-Q2,454547.0,Subscriptions,2022,Q2
Denmark,Subscriptions,DSL,Fixed broadband,2022-Q4,400703.0,Subscriptions,2022,Q4
Denmark,Subscriptions,DSL,Fixed broadband,2023-Q2,344342.0,Subscriptions,2023,Q2
Denmark,Subscriptions,DSL,Fixed broadband,2023-Q4,294823.0,Subscriptions,2023,Q4
Denmark,Subscriptions,DSL,Fixed broadband,2024-Q2,253974.0,Subscriptions,2024,Q2
Denmark,Subscriptions,DSL,Fixed broadband,2024-Q4,209417.0,Subscriptions,2024,Q4
Estonia,Subscriptions,DSL,Fixed broadband,2018-Q2,132450.0,Subscriptions,2018,Q2
Estonia,Subscriptions,DSL,Fixed broadband,2018-Q4,127649.0,Subscriptions,2018,Q4
Estonia,Subscriptions,DSL,Fixed broadband,2019-Q2,120753.0,Subscriptions,2019,Q2
Estonia,Subscriptions,DSL,Fixed broadband,2019-Q4,113636.0,Subscriptions,2019,Q4
Estonia,Subscriptions,DSL,Fixed broadband,2020-Q2,108500.0,Subscriptions,2020,Q2
Estonia,Subscriptions,DSL,Fixed broadband,2020-Q4,103440.0,Subscriptions,2020,Q4
Estonia,Subscriptions,DSL,Fixed broadband,2021-Q2,99565.0,Subscriptions,2021,Q2
Estonia,Subscriptions,DSL,Fixed broadband,2021-Q4,95817.0,Subscriptions,2021,Q4
Estonia,Subscriptions,DSL,Fixed broadband,2022-Q2,91924.0,Subscriptions,2022,Q2
Estonia,Subscriptions,DSL,Fixed broadband,2022-Q4,87712.0,Subscriptions,2022,Q4
Estonia,Subscriptions,DSL,Fixed broadband,2023-Q2,90988.0,Subscriptions,2023,Q2
Estonia,Subscriptions,DSL,Fixed broadband,2023-Q4,87206.0,Subscriptions,2023,Q4
Estonia,Subscriptions,DSL,Fixed broadband,2024-Q2,83729.0,Subscriptions,2024,Q2
Estonia,Subscriptions,DSL,Fixed broadband,2024-Q4,78618.0,Subscriptions,2024,Q4
Finland,Subscriptions,DSL,Fixed broadband,2018-Q2,449000.0,Subscriptions,2018,Q2
Finland,Subscriptions,DSL,Fixed broadband,2018-Q4,405000.0,Subscriptions,2018,Q4
Finland,Subscriptions,DSL,Fixed broadband,2019-Q2,379000.0,Subscriptions,2019,Q2
Finland,Subscriptions,DSL,Fixed broadband,2019-Q4,346000.0,Subscriptions,2019,Q4
Finland,Subscriptions,DSL,Fixed broadband,2020-Q2,319000.0,Subscriptions,2020,Q2
Finland,Subscriptions,DSL,Fixed broadband,2020-Q4,281000.0,Subscriptions,2020,Q4
Finland,Subscriptions,DSL,Fixed broadband,2021-Q2,245000.0,Subscriptions,2021,Q2
Finland,Subscriptions,DSL,Fixed broadband,2021-Q4,218000.0,Subscriptions,2021,Q4
Finland,Subscriptions,DSL,Fixed broadband,2022-Q2,176000.0,Subscriptions,2022,Q2
Finland,Subscriptions,DSL,Fixed broadband,2022-Q4,140000.0,Subscriptions,2022,Q4
Finland,Subscriptions,DSL,Fixed broadband,2023-Q2,106000.0,Subscriptions,2023,Q2
Finland,Subscriptions,DSL,Fixed broadband,2023-Q4,86000.0,Subscriptions,2023,Q4
Finland,Subscriptions,DSL,Fixed broadband,2024-Q2,59000.0,Subscriptions,2024,Q2
Finland,Subscriptions,DSL,Fixed broadband,2024-Q4,52000.0,Subscriptions,2024,Q4
France,Subscriptions,DSL,Fixed broadband,2018-Q2,20291000.0,Subscriptions,2018,Q2
France,Subscriptions,DSL,Fixed broadband,2018-Q4,19570000.0,Subscriptions,2018,Q4
France,Subscriptions,DSL,Fixed broadband,2019-Q2,18763000.0,Subscriptions,2019,Q2
France,Subscriptions,DSL,Fixed broadband,2019-Q4,17827000.0,Subscriptions,2019,Q4
France,Subscriptions,DSL,Fixed broadband,2020-Q2,16848000.0,Subscriptions,2020,Q2
France,Subscriptions,DSL,Fixed broadband,2020-Q4,15340000.0,Subscriptions,2020,Q4
France,Subscriptions,DSL,Fixed broadband,2021-Q2,13722000.0,Subscriptions,2021,Q2
France,Subscriptions,DSL,Fixed broadband,2021-Q4,12396000.0,Subscriptions,2021,Q4
France,Subscriptions,DSL,Fixed broadband,2022-Q2,11125000.0,Subscriptions,2022,Q2
France,Subscriptions,DSL,Fixed broadband,2022-Q4,9798000.0,Subscriptions,2022,Q4
France,Subscriptions,DSL,Fixed broadband,2023-Q2,8548000.0,Subscriptions,2023,Q2
France,Subscriptions,DSL,Fixed broadband,2023-Q4,7438000.0,Subscriptions,2023,Q4
France,Subscriptions,DSL,Fixed broadband,2024-Q2,6250000.0,Subscriptions,2024,Q2
France,Subscriptions,DSL,Fixed broadband,2024-Q4,5201000.0,Subscriptions,2024,Q4
Germany,Subscriptions,DSL,Fixed broadband,2018-Q2,24813850.0,Subscriptions,2018,Q2
Germany,Subscriptions,DSL,Fixed broadband,2018-Q4,24997200.0,Subscriptions,2018,Q4
Germany,Subscriptions,DSL,Fixed broadband,2019-Q2,25155042.0,Subscriptions,2019,Q2
Germany,Subscriptions,DSL,Fixed broadband,2019-Q4,25256216.0,Subscriptions,2019,Q4
Germany,Subscriptions,DSL,Fixed broadband,2020-Q2,25248602.0,Subscriptions,2020,Q2
Germany,Subscriptions,DSL,Fixed broadband,2020-Q4,25354410.0,Subscriptions,2020,Q4
Germany,Subscriptions,DSL,Fixed broadband,2021-Q2,25351176.0,Subscriptions,2021,Q2
Germany,Subscriptions,DSL,Fixed broadband,2021-Q4,25370295.0,Subscriptions,2021,Q4
Germany,Subscriptions,DSL,Fixed broadband,2022-Q2,25049341.0,Subscriptions,2022,Q2
Germany,Subscriptions,DSL,Fixed broadband,2022-Q4,24655178.0,Subscriptions,2022,Q4
Germany,Subscriptions,DSL,Fixed broadband,2023-Q2,24639065.0,Subscriptions,2023,Q2
Germany,Subscriptions,DSL,Fixed broadband,2023-Q4,24470227.0,Subscriptions,2023,Q4
Germany,Subscriptions,DSL,Fixed broadband,2024-Q2,24138662.0,Subscriptions,2024,Q2
Germany,Subscriptions,DSL,Fixed broadband,2024-Q4,23606755.0,Subscriptions,2024,Q4
Greece,Subscriptions,DSL,Fixed broadband,2018-Q2,3871207.0,Subscriptions,2018,Q2
Greece,Subscriptions,DSL,Fixed broadband,2018-Q4,3952845.0,Subscriptions,2018,Q4
Greece,Subscriptions,DSL,Fixed broadband,2019-Q2,4015248.0,Subscriptions,2019,Q2
Greece,Subscriptions,DSL,Fixed broadband,2019-Q4,4092175.0,Subscriptions,2019,Q4
Greece,Subscriptions,DSL,Fixed broadband,2020-Q2,4186576.0,Subscriptions,2020,Q2
Greece,Subscriptions,DSL,Fixed broadband,2020-Q4,4256638.0,Subscriptions,2020,Q4
Greece,Subscriptions,DSL,Fixed broadband,2021-Q2,4317461.0,Subscriptions,2021,Q2
Greece,Subscriptions,DSL,Fixed broadband,2021-Q4,4407628.0,Subscriptions,2021,Q4
Greece,Subscriptions,DSL,Fixed broadband,2022-Q2,4311489.0,Subscriptions,2022,Q2
Greece,Subscriptions,DSL,Fixed broadband,2022-Q4,4271754.0,Subscriptions,2022,Q4
Greece,Subscriptions,DSL,Fixed broadband,2023-Q2,4212209.0,Subscriptions,2023,Q2
Greece,Subscriptions,DSL,Fixed broadband,2023-Q4,4137396.0,Subscriptions,2023,Q4
Greece,Subscriptions,DSL,Fixed broadband,2024-Q2,3997373.0,Subscriptions,2024,Q2
Greece,Subscriptions,DSL,Fixed broadband,2024-Q4,3826088.0,Subscriptions,2024,Q4
Hungary,Subscriptions,DSL,Fixed broadband,2018-Q2,749171.0,Subscriptions,2018,Q2
Hungary,Subscriptions,DSL,Fixed broadband,2018-Q4,734109.0,Subscriptions,2018,Q4
Hungary,Subscriptions,DSL,Fixed broadband,2019-Q2,717185.0,Subscriptions,2019,Q2
Hungary,Subscriptions,DSL,Fixed broadband,2019-Q4,671841.0,Subscriptions,2019,Q4
Hungary,Subscriptions,DSL,Fixed broadband,2020-Q2,642186.0,Subscriptions,2020,Q2
Hungary,Subscriptions,DSL,Fixed broadband,2020-Q4,600909.0,Subscriptions,2020,Q4
Hungary,Subscriptions,DSL,Fixed broadband,2021-Q2,566812.0,Subscriptions,2021,Q2
Hungary,Subscriptions,DSL,Fixed broadband,2021-Q4,524520.0,Subscriptions,2021,Q4
Hungary,Subscriptions,DSL,Fixed broadband,2022-Q2,502751.0,Subscriptions,2022,Q2
Hungary,Subscriptions,DSL,Fixed broadband,2022-Q4,500270.0,Subscriptions,2022,Q4
Hungary,Subscriptions,DSL,Fixed broadband,2023-Q2,447503.0,Subscriptions,2023,Q2
Hungary,Subscriptions,DSL,Fixed broadband,2023-Q4,332910.0,Subscriptions,2023,Q4
Hungary,Subscriptions,DSL,Fixed broadband,2024-Q2,306495.0,Subscriptions,2024,Q2
Hungary,Subscriptions,DSL,Fixed broadband,2024-Q4,294318.0,Subscriptions,2024,Q4
Iceland,Subscriptions,DSL,Fixed broadband,2018-Q2,70379.0,Subscriptions,2018,Q2
Iceland,Subscriptions,DSL,Fixed broadband,2018-Q4,63743.0,Subscriptions,2018,Q4
Iceland,Subscriptions,DSL,Fixed broadband,2019-Q2,56199.0,Subscriptions,2019,Q2
Iceland,Subscriptions,DSL,Fixed broadband,2019-Q4,51356.0,Subscriptions,2019,Q4
Iceland,Subscriptions,DSL,Fixed broadband,2020-Q2,47388.0,Subscriptions,2020,Q2
Iceland,Subscriptions,DSL,Fixed broadband,2020-Q4,41314.0,Subscriptions,2020,Q4
Iceland,Subscriptions,DSL,Fixed broadband,2021-Q2,35906.0,Subscriptions,2021,Q2
Iceland,Subscriptions,DSL,Fixed broadband,2021-Q4,32322.0,Subscriptions,2021,Q4
Iceland,Subscriptions,DSL,Fixed broadband,2022-Q2,28766.0,Subscriptions,2022,Q2
Iceland,Subscriptions,DSL,Fixed broadband,2022-Q4,25254.0,Subscriptions,2022,Q4
Iceland,Subscriptions,DSL,Fixed broadband,2023-Q2,20846.0,Subscriptions,2023,Q2
Iceland,Subscriptions,DSL,Fixed broadband,2023-Q4,16230.0,Subscriptions,2023,Q4
Iceland,Subscriptions,DSL,Fixed broadband,2024-Q2,13071.0,Subscriptions,2024,Q2
Iceland,Subscriptions,DSL,Fixed broadband,2024-Q4,9893.0,Subscriptions,2024,Q4
Ireland,Subscriptions,DSL,Fixed broadband,2018-Q2,926351.0,Subscriptions,2018,Q2
Ireland,Subscriptions,DSL,Fixed broadband,2018-Q4,914600.0,Subscriptions,2018,Q4
Ireland,Subscriptions,DSL,Fixed broadband,2019-Q2,896074.0,Subscriptions,2019,Q2
Ireland,Subscriptions,DSL,Fixed broadband,2019-Q4,873493.0,Subscriptions,2019,Q4
Ireland,Subscriptions,DSL,Fixed broadband,2020-Q2,859272.0,Subscriptions,2020,Q2
Ireland,Subscriptions,DSL,Fixed broadband,2020-Q4,829951.0,Subscriptions,2020,Q4
Ireland,Subscriptions,DSL,Fixed broadband,2021-Q2,791084.0,Subscriptions,2021,Q2
Ireland,Subscriptions,DSL,Fixed broadband,2021-Q4,746293.0,Subscriptions,2021,Q4
Ireland,Subscriptions,DSL,Fixed broadband,2022-Q2,703662.0,Subscriptions,2022,Q2
Ireland,Subscriptions,DSL,Fixed broadband,2022-Q4,654345.0,Subscriptions,2022,Q4
Ireland,Subscriptions,DSL,Fixed broadband,2023-Q2,594175.0,Subscriptions,2023,Q2
Ireland,Subscriptions,DSL,Fixed broadband,2023-Q4,538182.0,Subscriptions,2023,Q4
Ireland,Subscriptions,DSL,Fixed broadband,2024-Q2,475240.0,Subscriptions,2024,Q2
Ireland,Subscriptions,DSL,Fixed broadband,2024-Q4,417407.0,Subscriptions,2024,Q4
Israel,Subscriptions,DSL,Fixed broadband,2018-Q2,1662000.0,Subscriptions,2018,Q2
Israel,Subscriptions,DSL,Fixed broadband,2018-Q4,1656000.0,Subscriptions,2018,Q4
Israel,Subscriptions,DSL,Fixed broadband,2019-Q2,1610800.0,Subscriptions,2019,Q2
Israel,Subscriptions,DSL,Fixed broadband,2019-Q4,1575300.0,Subscriptions,2019,Q4
Israel,Subscriptions,DSL,Fixed broadband,2020-Q2,1572846.0,Subscriptions,2020,Q2
Israel,Subscriptions,DSL,Fixed broadband,2020-Q4,1556703.0,Subscriptions,2020,Q4
Israel,Subscriptions,DSL,Fixed broadband,2021-Q2,1528943.0,Subscriptions,2021,Q2
Israel,Subscriptions,DSL,Fixed broadband,2021-Q4,1396361.0,Subscriptions,2021,Q4
Israel,Subscriptions,DSL,Fixed broadband,2022-Q2,1350000.0,Subscriptions,2022,Q2
Israel,Subscriptions,DSL,Fixed broadband,2022-Q4,1237000.0,Subscriptions,2022,Q4
Israel,Subscriptions,DSL,Fixed broadband,2023-Q2,1100000.0,Subscriptions,2023,Q2
Israel,Subscriptions,DSL,Fixed broadband,2023-Q4,932446.0,Subscriptions,2023,Q4
Israel,Subscriptions,DSL,Fixed broadband,2024-Q2,801466.0,Subscriptions,2024,Q2
Israel,Subscriptions,DSL,Fixed broadband,2024-Q4,670487.0,Subscriptions,2024,Q4
Italy,Subscriptions,DSL,Fixed broadband,2018-Q2,9722347.0,Subscriptions,2018,Q2
Italy,Subscriptions,DSL,Fixed broadband,2018-Q4,8551154.0,Subscriptions,2018,Q4
Italy,Subscriptions,DSL,Fixed broadband,2019-Q2,7574525.0,Subscriptions,2019,Q2
Italy,Subscriptions,DSL,Fixed broadband,2019-Q4,7227656.0,Subscriptions,2019,Q4
Italy,Subscriptions,DSL,Fixed broadband,2020-Q2,6340707.0,Subscriptions,2020,Q2
Italy,Subscriptions,DSL,Fixed broadband,2020-Q4,5499032.0,Subscriptions,2020,Q4
Italy,Subscriptions,DSL,Fixed broadband,2021-Q2,4753159.0,Subscriptions,2021,Q2
Italy,Subscriptions,DSL,Fixed broadband,2021-Q4,4097686.0,Subscriptions,2021,Q4
Italy,Subscriptions,DSL,Fixed broadband,2022-Q2,3486639.0,Subscriptions,2022,Q2
Italy,Subscriptions,DSL,Fixed broadband,2022-Q4,3084399.0,Subscriptions,2022,Q4
Italy,Subscriptions,DSL,Fixed broadband,2023-Q2,2696667.0,Subscriptions,2023,Q2
Italy,Subscriptions,DSL,Fixed broadband,2023-Q4,2409342.0,Subscriptions,2023,Q4
Italy,Subscriptions,DSL,Fixed broadband,2024-Q2,2123075.0,Subscriptions,2024,Q2
Italy,Subscriptions,DSL,Fixed broadband,2024-Q4,1434192.0,Subscriptions,2024,Q4
Japan,Subscriptions,DSL,Fixed broadband,2018-Q2,2042283.0,Subscriptions,2018,Q2
Japan,Subscriptions,DSL,Fixed broadband,2018-Q4,1821115.0,Subscriptions,2018,Q4
Japan,Subscriptions,DSL,Fixed broadband,2019-Q2,1643311.0,Subscriptions,2019,Q2
Japan,Subscriptions,DSL,Fixed broadband,2019-Q4,1483862.0,Subscriptions,2019,Q4
Japan,Subscriptions,DSL,Fixed broadband,2020-Q2,1305675.0,Subscriptions,2020,Q2
Japan,Subscriptions,DSL,Fixed broadband,2020-Q4,1157534.0,Subscriptions,2020,Q4
Japan,Subscriptions,DSL,Fixed broadband,2021-Q2,953673.0,Subscriptions,2021,Q2
Japan,Subscriptions,DSL,Fixed broadband,2021-Q4,746341.0,Subscriptions,2021,Q4
Japan,Subscriptions,DSL,Fixed broadband,2022-Q2,609809.0,Subscriptions,2022,Q2
Japan,Subscriptions,DSL,Fixed broadband,2022-Q4,461831.0,Subscriptions,2022,Q4
Japan,Subscriptions,DSL,Fixed broadband,2023-Q2,304478.0,Subscriptions,2023,Q2
Japan,Subscriptions,DSL,Fixed broadband,2023-Q4,253791.0,Subscriptions,2023,Q4
Japan,Subscriptions,DSL,Fixed broadband,2024-Q2,48207.0,Subscriptions,2024,Q2
Japan,Subscriptions,DSL,Fixed broadband,2024-Q4,41338.0,Subscriptions,2024,Q4
Korea,Subscriptions,DSL,Fixed broadband,2018-Q2,767908.0,Subscriptions,2018,Q2
Korea,Subscriptions,DSL,Fixed broadband,2018-Q4,696779.0,Subscriptions,2018,Q4
Korea,Subscriptions,DSL,Fixed broadband,2019-Q2,639790.0,Subscriptions,2019,Q2
Korea,Subscriptions,DSL,Fixed broadband,2019-Q4,594962.0,Subscriptions,2019,Q4
Korea,Subscriptions,DSL,Fixed broadband,2020-Q2,542306.0,Subscriptions,2020,Q2
Korea,Subscriptions,DSL,Fixed broadband,2020-Q4,508464.0,Subscriptions,2020,Q4
Korea,Subscriptions,DSL,Fixed broadband,2021-Q2,477595.0,Subscriptions,2021,Q2
Korea,Subscriptions,DSL,Fixed broadband,2021-Q4,444685.0,Subscriptions,2021,Q4
Korea,Subscriptions,DSL,Fixed broadband,2022-Q2,423337.0,Subscriptions,2022,Q2
Korea,Subscriptions,DSL,Fixed broadband,2022-Q4,402791.0,Subscriptions,2022,Q4
Korea,Subscriptions,DSL,Fixed broadband,2023-Q2,379410.0,Subscriptions,2023,Q2
Korea,Subscriptions,DSL,Fixed broadband,2023-Q4,355364.0,Subscriptions,2023,Q4
Korea,Subscriptions,DSL,Fixed broadband,2024-Q2,335457.0,Subscriptions,2024,Q2
Korea,Subscriptions,DSL,Fixed broadband,2024-Q4,313046.0,Subscriptions,2024,Q4
Latvia,Subscriptions,DSL,Fixed broadband,2018-Q2,121622.0,Subscriptions,2018,Q2
Latvia,Subscriptions,DSL,Fixed broadband,2018-Q4,118513.0,Subscriptions,2018,Q4
Latvia,Subscriptions,DSL,Fixed broadband,2019-Q2,114083.0,Subscriptions,2019,Q2
Latvia,Subscriptions,DSL,Fixed broadband,2019-Q4,109701.0,Subscriptions,2019,Q4
Latvia,Subscriptions,DSL,Fixed broadband,2020-Q2,106686.0,Subscriptions,2020,Q2
Latvia,Subscriptions,DSL,Fixed broadband,2020-Q4,103228.0,Subscriptions,2020,Q4
Latvia,Subscriptions,DSL,Fixed broadband,2021-Q2,99223.0,Subscriptions,2021,Q2
Latvia,Subscriptions,DSL,Fixed broadband,2021-Q4,95206.0,Subscriptions,2021,Q4
Latvia,Subscriptions,DSL,Fixed broadband,2022-Q2,91802.0,Subscriptions,2022,Q2
Latvia,Subscriptions,DSL,Fixed broadband,2022-Q4,85367.0,Subscriptions,2022,Q4
Latvia,Subscriptions,DSL,Fixed broadband,2023-Q2,82357.0,Subscriptions,2023,Q2
Latvia,Subscriptions,DSL,Fixed broadband,2023-Q4,79577.0,Subscriptions,2023,Q4
Latvia,Subscriptions,DSL,Fixed broadband,2024-Q2,76125.0,Subscriptions,2024,Q2
Latvia,Subscriptions,DSL,Fixed broadband,2024-Q4,73441.0,Subscriptions,2024,Q4
Lithuania,Subscriptions,DSL,Fixed broadband,2018-Q2,138547.0,Subscriptions,2018,Q2
Lithuania,Subscriptions,DSL,Fixed broadband,2018-Q4,132243.0,Subscriptions,2018,Q4
Lithuania,Subscriptions,DSL,Fixed broadband,2019-Q2,127273.0,Subscriptions,2019,Q2
Lithuania,Subscriptions,DSL,Fixed broadband,2019-Q4,124318.0,Subscriptions,2019,Q4
Lithuania,Subscriptions,DSL,Fixed broadband,2020-Q2,122177.0,Subscriptions,2020,Q2
Lithuania,Subscriptions,DSL,Fixed broadband,2020-Q4,120114.0,Subscriptions,2020,Q4
Lithuania,Subscriptions,DSL,Fixed broadband,2021-Q2,117973.0,Subscriptions,2021,Q2
Lithuania,Subscriptions,DSL,Fixed broadband,2021-Q4,116508.0,Subscriptions,2021,Q4
Lithuania,Subscriptions,DSL,Fixed broadband,2022-Q2,115436.0,Subscriptions,2022,Q2
Lithuania,Subscriptions,DSL,Fixed broadband,2022-Q4,114445.0,Subscriptions,2022,Q4
Lithuania,Subscriptions,DSL,Fixed broadband,2023-Q2,112996.0,Subscriptions,2023,Q2
Lithuania,Subscriptions,DSL,Fixed broadband,2023-Q4,110967.0,Subscriptions,2023,Q4
Lithuania,Subscriptions,DSL,Fixed broadband,2024-Q2,108627.0,Subscriptions,2024,Q2
Lithuania,Subscriptions,DSL,Fixed broadband,2024-Q4,106050.0,Subscriptions,2024,Q4
Luxembourg,Subscriptions,DSL,Fixed broadband,2018-Q2,127200.0,Subscriptions,2018,Q2
Luxembourg,Subscriptions,DSL,Fixed broadband,2018-Q4,122700.0,Subscriptions,2018,Q4
Luxembourg,Subscriptions,DSL,Fixed broadband,2019-Q2,107700.0,Subscriptions,2019,Q2
Luxembourg,Subscriptions,DSL,Fixed broadband,2019-Q4,109500.0,Subscriptions,2019,Q4
Luxembourg,Subscriptions,DSL,Fixed broadband,2020-Q2,97900.0,Subscriptions,2020,Q2
Luxembourg,Subscriptions,DSL,Fixed broadband,2020-Q4,93600.0,Subscriptions,2020,Q4
Luxembourg,Subscriptions,DSL,Fixed broadband,2021-Q2,87200.0,Subscriptions,2021,Q2
Luxembourg,Subscriptions,DSL,Fixed broadband,2021-Q4,82200.0,Subscriptions,2021,Q4
Luxembourg,Subscriptions,DSL,Fixed broadband,2022-Q2,79310.0,Subscriptions,2022,Q2
Luxembourg,Subscriptions,DSL,Fixed broadband,2022-Q4,73900.0,Subscriptions,2022,Q4
Luxembourg,Subscriptions,DSL,Fixed broadband,2023-Q2,68600.0,Subscriptions,2023,Q2
Luxembourg,Subscriptions,DSL,Fixed broadband,2023-Q4,62800.0,Subscriptions,2023,Q4
Luxembourg,Subscriptions,DSL,Fixed broadband,2024-Q2,57300.0,Subscriptions,2024,Q2
Luxembourg,Subscriptions,DSL,Fixed broadband,2024-Q4,54600.0,Subscriptions,2024,Q4
Mexico,Subscriptions,DSL,Fixed broadband,2018-Q2,7178847.0,Subscriptions,2018,Q2
Mexico,Subscriptions,DSL,Fixed broadband,2018-Q4,7168184.0,Subscriptions,2018,Q4
Mexico,Subscriptions,DSL,Fixed broadband,2019-Q2,6989373.0,Subscriptions,2019,Q2
Mexico,Subscriptions,DSL,Fixed broadband,2019-Q4,6756981.0,Subscriptions,2019,Q4
Mexico,Subscriptions,DSL,Fixed broadband,2020-Q2,6546241.0,Subscriptions,2020,Q2
Mexico,Subscriptions,DSL,Fixed broadband,2020-Q4,6198667.0,Subscriptions,2020,Q4
Mexico,Subscriptions,DSL,Fixed broadband,2021-Q2,5675248.0,Subscriptions,2021,Q2
Mexico,Subscriptions,DSL,Fixed broadband,2021-Q4,5124700.0,Subscriptions,2021,Q4
Mexico,Subscriptions,DSL,Fixed broadband,2022-Q2,4328688.0,Subscriptions,2022,Q2
Mexico,Subscriptions,DSL,Fixed broadband,2022-Q4,3492050.0,Subscriptions,2022,Q4
Mexico,Subscriptions,DSL,Fixed broadband,2023-Q2,2799874.0,Subscriptions,2023,Q2
Mexico,Subscriptions,DSL,Fixed broadband,2023-Q4,2268386.0,Subscriptions,2023,Q4
Mexico,Subscriptions,DSL,Fixed broadband,2024-Q2,1957081.0,Subscriptions,2024,Q2
Mexico,Subscriptions,DSL,Fixed broadband,2024-Q4,1680597.0,Subscriptions,2024,Q4
Netherlands,Subscriptions,DSL,Fixed broadband,2018-Q2,2692000.0,Subscriptions,2018,Q2
Netherlands,Subscriptions,DSL,Fixed broadband,2018-Q4,2654000.0,Subscriptions,2018,Q4
Netherlands,Subscriptions,DSL,Fixed broadband,2019-Q2,2613000.0,Subscriptions,2019,Q2
Netherlands,Subscriptions,DSL,Fixed broadband,2019-Q4,2561605.0,Subscriptions,2019,Q4
Netherlands,Subscriptions,DSL,Fixed broadband,2020-Q2,2479101.0,Subscriptions,2020,Q2
Netherlands,Subscriptions,DSL,Fixed broadband,2020-Q4,2417000.0,Subscriptions,2020,Q4
Netherlands,Subscriptions,DSL,Fixed broadband,2021-Q2,2299000.0,Subscriptions,2021,Q2
Netherlands,Subscriptions,DSL,Fixed broadband,2021-Q4,2228999.0,Subscriptions,2021,Q4
Netherlands,Subscriptions,DSL,Fixed broadband,2022-Q2,2211012.0,Subscriptions,2022,Q2
Netherlands,Subscriptions,DSL,Fixed broadband,2022-Q4,2060000.0,Subscriptions,2022,Q4
Netherlands,Subscriptions,DSL,Fixed broadband,2023-Q2,1954000.0,Subscriptions,2023,Q2
Netherlands,Subscriptions,DSL,Fixed broadband,2023-Q4,1863000.0,Subscriptions,2023,Q4
Netherlands,Subscriptions,DSL,Fixed broadband,2024-Q2,1628000.0,Subscriptions,2024,Q2
Netherlands,Subscriptions,DSL,Fixed broadband,2024-Q4,1528000.0,Subscriptions,2024,Q4
New Zealand,Subscriptions,DSL,Fixed broadband,2018-Q2,806287.0,Subscriptions,2018,Q2
New Zealand,Subscriptions,DSL,Fixed broadband,2018-Q4,708075.0,Subscriptions,2018,Q4
New Zealand,Subscriptions,DSL,Fixed broadband,2019-Q2,620446.0,Subscriptions,2019,Q2
New Zealand,Subscriptions,DSL,Fixed broadband,2019-Q4,541942.0,Subscriptions,2019,Q4
New Zealand,Subscriptions,DSL,Fixed broadband,2020-Q2,486963.0,Subscriptions,2020,Q2
New Zealand,Subscriptions,DSL,Fixed broadband,2020-Q4,401653.0,Subscriptions,2020,Q4
New Zealand,Subscriptions,DSL,Fixed broadband,2021-Q2,330000.0,Subscriptions,2021,Q2
New Zealand,Subscriptions,DSL,Fixed broadband,2021-Q4,286000.0,Subscriptions,2021,Q4
New Zealand,Subscriptions,DSL,Fixed broadband,2022-Q2,241000.0,Subscriptions,2022,Q2
New Zealand,Subscriptions,DSL,Fixed broadband,2022-Q4,202000.0,Subscriptions,2022,Q4
New Zealand,Subscriptions,DSL,Fixed broadband,2023-Q2,167000.0,Subscriptions,2023,Q2
New Zealand,Subscriptions,DSL,Fixed broadband,2023-Q4,136000.0,Subscriptions,2023,Q4
New Zealand,Subscriptions,DSL,Fixed broadband,2024-Q2,111000.0,Subscriptions,2024,Q2
New Zealand,Subscriptions,DSL,Fixed broadband,2024-Q4,88000.0,Subscriptions,2024,Q4
Norway,Subscriptions,DSL,Fixed broadband,2018-Q2,524623.0,Subscriptions,2018,Q2
Norway,Subscriptions,DSL,Fixed broadband,2018-Q4,525373.0,Subscriptions,2018,Q4
Norway,Subscriptions,DSL,Fixed broadband,2019-Q2,450481.0,Subscriptions,2019,Q2
Norway,Subscriptions,DSL,Fixed broadband,2019-Q4,411864.0,Subscriptions,2019,Q4
Norway,Subscriptions,DSL,Fixed broadband,2020-Q2,301636.0,Subscriptions,2020,Q2
Norway,Subscriptions,DSL,Fixed broadband,2020-Q4,246295.0,Subscriptions,2020,Q4
Norway,Subscriptions,DSL,Fixed broadband,2021-Q2,177456.0,Subscriptions,2021,Q2
Norway,Subscriptions,DSL,Fixed broadband,2021-Q4,114831.0,Subscriptions,2021,Q4
Norway,Subscriptions,DSL,Fixed broadband,2022-Q2,62105.0,Subscriptions,2022,Q2
Norway,Subscriptions,DSL,Fixed broadband,2022-Q4,31081.0,Subscriptions,2022,Q4
Norway,Subscriptions,DSL,Fixed broadband,2023-Q2,22098.0,Subscriptions,2023,Q2
Norway,Subscriptions,DSL,Fixed broadband,2023-Q4,16385.0,Subscriptions,2023,Q4
Norway,Subscriptions,DSL,Fixed broadband,2024-Q2,12390.0,Subscriptions,2024,Q2
Norway,Subscriptions,DSL,Fixed broadband,2024-Q4,14092.0,Subscriptions,2024,Q4
Poland,Subscriptions,DSL,Fixed broadband,2018-Q2,2233979.0,Subscriptions,2018,Q2
Poland,Subscriptions,DSL,Fixed broadband,2018-Q4,2058348.0,Subscriptions,2018,Q4
Poland,Subscriptions,DSL,Fixed broadband,2019-Q2,1997822.0,Subscriptions,2019,Q2
Poland,Subscriptions,DSL,Fixed broadband,2019-Q4,1814979.0,Subscriptions,2019,Q4
Poland,Subscriptions,DSL,Fixed broadband,2020-Q2,1799177.0,Subscriptions,2020,Q2
Poland,Subscriptions,DSL,Fixed broadband,2020-Q4,1708801.0,Subscriptions,2020,Q4
Poland,Subscriptions,DSL,Fixed broadband,2021-Q2,1613874.0,Subscriptions,2021,Q2
Poland,Subscriptions,DSL,Fixed broadband,2021-Q4,1490311.0,Subscriptions,2021,Q4
Poland,Subscriptions,DSL,Fixed broadband,2022-Q2,1378140.0,Subscriptions,2022,Q2
Poland,Subscriptions,DSL,Fixed broadband,2022-Q4,1285210.0,Subscriptions,2022,Q4
Poland,Subscriptions,DSL,Fixed broadband,2023-Q2,1177050.0,Subscriptions,2023,Q2
Poland,Subscriptions,DSL,Fixed broadband,2023-Q4,1106111.0,Subscriptions,2023,Q4
Poland,Subscriptions,DSL,Fixed broadband,2024-Q2,1000162.0,Subscriptions,2024,Q2
Poland,Subscriptions,DSL,Fixed broadband,2024-Q4,915493.0,Subscriptions,2024,Q4
Portugal,Subscriptions,DSL,Fixed broadband,2018-Q2,673442.0,Subscriptions,2018,Q2
Portugal,Subscriptions,DSL,Fixed broadband,2018-Q4,606524.0,Subscriptions,2018,Q4
Portugal,Subscriptions,DSL,Fixed broadband,2019-Q2,541889.0,Subscriptions,2019,Q2
Portugal,Subscriptions,DSL,Fixed broadband,2019-Q4,482576.0,Subscriptions,2019,Q4
Portugal,Subscriptions,DSL,Fixed broadband,2020-Q2,432790.0,Subscriptions,2020,Q2
Portugal,Subscriptions,DSL,Fixed broadband,2020-Q4,373032.0,Subscriptions,2020,Q4
Portugal,Subscriptions,DSL,Fixed broadband,2021-Q2,308615.0,Subscriptions,2021,Q2
Portugal,Subscriptions,DSL,Fixed broadband,2021-Q4,257904.0,Subscriptions,2021,Q4
Portugal,Subscriptions,DSL,Fixed broadband,2022-Q2,213488.0,Subscriptions,2022,Q2
Portugal,Subscriptions,DSL,Fixed broadband,2022-Q4,178067.0,Subscriptions,2022,Q4
Portugal,Subscriptions,DSL,Fixed broadband,2023-Q2,149804.0,Subscriptions,2023,Q2
Portugal,Subscriptions,DSL,Fixed broadband,2023-Q4,127713.0,Subscriptions,2023,Q4
Portugal,Subscriptions,DSL,Fixed broadband,2024-Q2,108406.0,Subscriptions,2024,Q2
Portugal,Subscriptions,DSL,Fixed broadband,2024-Q4,90647.0,Subscriptions,2024,Q4
Slovak Republic,Subscriptions,DSL,Fixed broadband,2018-Q2,494016.0,Subscriptions,2018,Q2
Slovak Republic,Subscriptions,DSL,Fixed broadband,2018-Q4,484749.0,Subscriptions,2018,Q4
Slovak Republic,Subscriptions,DSL,Fixed broadband,2019-Q2,487081.0,Subscriptions,2019,Q2
Slovak Republic,Subscriptions,DSL,Fixed broadband,2019-Q4,485018.0,Subscriptions,2019,Q4
Slovak Republic,Subscriptions,DSL,Fixed broadband,2020-Q2,480974.0,Subscriptions,2020,Q2
Slovak Republic,Subscriptions,DSL,Fixed broadband,2020-Q4,474458.0,Subscriptions,2020,Q4
Slovak Republic,Subscriptions,DSL,Fixed broadband,2021-Q2,458525.0,Subscriptions,2021,Q2
Slovak Republic,Subscriptions,DSL,Fixed broadband,2021-Q4,442041.0,Subscriptions,2021,Q4
Slovak Republic,Subscriptions,DSL,Fixed broadband,2022-Q2,423039.0,Subscriptions,2022,Q2
Slovak Republic,Subscriptions,DSL,Fixed broadband,2022-Q4,406368.0,Subscriptions,2022,Q4
Slovak Republic,Subscriptions,DSL,Fixed broadband,2023-Q2,389482.0,Subscriptions,2023,Q2
Slovak Republic,Subscriptions,DSL,Fixed broadband,2023-Q4,374124.0,Subscriptions,2023,Q4
Slovak Republic,Subscriptions,DSL,Fixed broadband,2024-Q2,351273.0,Subscriptions,2024,Q2
Slovak Republic,Subscriptions,DSL,Fixed broadband,2024-Q4,333102.0,Subscriptions,2024,Q4
Slovenia,Subscriptions,DSL,Fixed broadband,2018-Q2,205603.0,Subscriptions,2018,Q2
Slovenia,Subscriptions,DSL,Fixed broadband,2018-Q4,200201.0,Subscriptions,2018,Q4
Slovenia,Subscriptions,DSL,Fixed broadband,2019-Q2,194636.0,Subscriptions,2019,Q2
Slovenia,Subscriptions,DSL,Fixed broadband,2019-Q4,187932.0,Subscriptions,2019,Q4
Slovenia,Subscriptions,DSL,Fixed broadband,2020-Q2,179236.0,Subscriptions,2020,Q2
Slovenia,Subscriptions,DSL,Fixed broadband,2020-Q4,168970.0,Subscriptions,2020,Q4
Slovenia,Subscriptions,DSL,Fixed broadband,2021-Q2,158511.0,Subscriptions,2021,Q2
Slovenia,Subscriptions,DSL,Fixed broadband,2021-Q4,148429.0,Subscriptions,2021,Q4
Slovenia,Subscriptions,DSL,Fixed broadband,2022-Q2,141079.0,Subscriptions,2022,Q2
Slovenia,Subscriptions,DSL,Fixed broadband,2022-Q4,133291.0,Subscriptions,2022,Q4
Slovenia,Subscriptions,DSL,Fixed broadband,2023-Q2,123811.0,Subscriptions,2023,Q2
Slovenia,Subscriptions,DSL,Fixed broadband,2023-Q4,113575.0,Subscriptions,2023,Q4
Slovenia,Subscriptions,DSL,Fixed broadband,2024-Q2,102619.0,Subscriptions,2024,Q2
Slovenia,Subscriptions,DSL,Fixed broadband,2024-Q4,91518.0,Subscriptions,2024,Q4
Spain,Subscriptions,DSL,Fixed broadband,2018-Q2,4358057.0,Subscriptions,2018,Q2
Spain,Subscriptions,DSL,Fixed broadband,2018-Q4,3737241.0,Subscriptions,2018,Q4
Spain,Subscriptions,DSL,Fixed broadband,2019-Q2,3088720.0,Subscriptions,2019,Q2
Spain,Subscriptions,DSL,Fixed broadband,2019-Q4,2584277.0,Subscriptions,2019,Q4
Spain,Subscriptions,DSL,Fixed broadband,2020-Q2,2197532.0,Subscriptions,2020,Q2
Spain,Subscriptions,DSL,Fixed broadband,2020-Q4,1823827.0,Subscriptions,2020,Q4
Spain,Subscriptions,DSL,Fixed broadband,2021-Q2,1498857.0,Subscriptions,2021,Q2
Spain,Subscriptions,DSL,Fixed broadband,2021-Q4,1265768.0,Subscriptions,2021,Q4
Spain,Subscriptions,DSL,Fixed broadband,2022-Q2,1040792.0,Subscriptions,2022,Q2
Spain,Subscriptions,DSL,Fixed broadband,2022-Q4,839604.0,Subscriptions,2022,Q4
Spain,Subscriptions,DSL,Fixed broadband,2023-Q2,662980.0,Subscriptions,2023,Q2
Spain,Subscriptions,DSL,Fixed broadband,2023-Q4,488113.0,Subscriptions,2023,Q4
Spain,Subscriptions,DSL,Fixed broadband,2024-Q2,199468.0,Subscriptions,2024,Q2
Spain,Subscriptions,DSL,Fixed broadband,2024-Q4,89190.0,Subscriptions,2024,Q4
Sweden,Subscriptions,DSL,Fixed broadband,2018-Q2,697912.0,Subscriptions,2018,Q2
Sweden,Subscriptions,DSL,Fixed broadband,2018-Q4,623914.0,Subscriptions,2018,Q4
Sweden,Subscriptions,DSL,Fixed broadband,2019-Q2,555181.0,Subscriptions,2019,Q2
Sweden,Subscriptions,DSL,Fixed broadband,2019-Q4,482746.0,Subscriptions,2019,Q4
Sweden,Subscriptions,DSL,Fixed broadband,2020-Q2,427465.0,Subscriptions,2020,Q2
Sweden,Subscriptions,DSL,Fixed broadband,2020-Q4,355525.0,Subscriptions,2020,Q4
Sweden,Subscriptions,DSL,Fixed broadband,2021-Q2,293143.0,Subscriptions,2021,Q2
Sweden,Subscriptions,DSL,Fixed broadband,2021-Q4,231108.0,Subscriptions,2021,Q4
Sweden,Subscriptions,DSL,Fixed broadband,2022-Q2,173803.0,Subscriptions,2022,Q2
Sweden,Subscriptions,DSL,Fixed broadband,2022-Q4,110285.0,Subscriptions,2022,Q4
Sweden,Subscriptions,DSL,Fixed broadband,2023-Q2,74367.0,Subscriptions,2023,Q2
Sweden,Subscriptions,DSL,Fixed broadband,2023-Q4,52910.0,Subscriptions,2023,Q4
Sweden,Subscriptions,DSL,Fixed broadband,2024-Q2,37780.0,Subscriptions,2024,Q2
Sweden,Subscriptions,DSL,Fixed broadband,2024-Q4,24128.0,Subscriptions,2024,Q4
Switzerland,Subscriptions,DSL,Fixed broadband,2018-Q2,2040021.0,Subscriptions,2018,Q2
Switzerland,Subscriptions,DSL,Fixed broadband,2018-Q4,2020790.0,Subscriptions,2018,Q4
Switzerland,Subscriptions,DSL,Fixed broadband,2019-Q2,2031069.0,Subscriptions,2019,Q2
Switzerland,Subscriptions,DSL,Fixed broadband,2019-Q4,2041347.0,Subscriptions,2019,Q4
Switzerland,Subscriptions,DSL,Fixed broadband,2020-Q2,2035436.0,Subscriptions,2020,Q2
Switzerland,Subscriptions,DSL,Fixed broadband,2020-Q4,2029525.0,Subscriptions,2020,Q4
Switzerland,Subscriptions,DSL,Fixed broadband,2021-Q2,2032281.0,Subscriptions,2021,Q2
Switzerland,Subscriptions,DSL,Fixed broadband,2021-Q4,2035036.0,Subscriptions,2021,Q4
Switzerland,Subscriptions,DSL,Fixed broadband,2022-Q2,1977985.0,Subscriptions,2022,Q2
Switzerland,Subscriptions,DSL,Fixed broadband,2022-Q4,1920934.0,Subscriptions,2022,Q4
Switzerland,Subscriptions,DSL,Fixed broadband,2023-Q2,1863883.0,Subscriptions,2023,Q2
Switzerland,Subscriptions,DSL,Fixed broadband,2023-Q4,1789240.0,Subscriptions,2023,Q4
Switzerland,Subscriptions,DSL,Fixed broadband,2024-Q2,1723393.0,Subscriptions,2024,Q2
Switzerland,Subscriptions,DSL,Fixed broadband,2024-Q4,1684949.0,Subscriptions,2024,Q4
Türkiye,Subscriptions,DSL,Fixed broadband,2018-Q2,9090914.0,Subscriptions,2018,Q2
Türkiye,Subscriptions,DSL,Fixed broadband,2018-Q4,9491634.0,Subscriptions,2018,Q4
Türkiye,Subscriptions,DSL,Fixed broadband,2019-Q2,9578335.0,Subscriptions,2019,Q2
Türkiye,Subscriptions,DSL,Fixed broadband,2019-Q4,9662248.0,Subscriptions,2019,Q4
Türkiye,Subscriptions,DSL,Fixed broadband,2020-Q2,10253505.0,Subscriptions,2020,Q2
Türkiye,Subscriptions,DSL,Fixed broadband,2020-Q4,11036313.0,Subscriptions,2020,Q4
Türkiye,Subscriptions,DSL,Fixed broadband,2021-Q2,11266986.0,Subscriptions,2021,Q2
Türkiye,Subscriptions,DSL,Fixed broadband,2021-Q4,11386117.0,Subscriptions,2021,Q4
Türkiye,Subscriptions,DSL,Fixed broadband,2022-Q2,11265537.0,Subscriptions,2022,Q2
Türkiye,Subscriptions,DSL,Fixed broadband,2022-Q4,11171402.0,Subscriptions,2022,Q4
Türkiye,Subscriptions,DSL,Fixed broadband,2023-Q2,10873970.0,Subscriptions,2023,Q2
Türkiye,Subscriptions,DSL,Fixed broadband,2023-Q4,10816291.0,Subscriptions,2023,Q4
Türkiye,Subscriptions,DSL,Fixed broadband,2024-Q2,10457209.0,Subscriptions,2024,Q2
Türkiye,Subscriptions,DSL,Fixed broadband,2024-Q4,10124256.0,Subscriptions,2024,Q4
United Kingdom,Subscriptions,DSL,Fixed broadband,2018-Q2,20764576.0,Subscriptions,2018,Q2
United Kingdom,Subscriptions,DSL,Fixed broadband,2018-Q4,20820623.0,Subscriptions,2018,Q4
United Kingdom,Subscriptions,DSL,Fixed broadband,2019-Q2,20814218.0,Subscriptions,2019,Q2
United Kingdom,Subscriptions,DSL,Fixed broadband,2019-Q4,20823826.0,Subscriptions,2019,Q4
United Kingdom,Subscriptions,DSL,Fixed broadband,2020-Q2,20810651.0,Subscriptions,2020,Q2
United Kingdom,Subscriptions,DSL,Fixed broadband,2020-Q4,20749597.0,Subscriptions,2020,Q4
United Kingdom,Subscriptions,DSL,Fixed broadband,2021-Q2,20485113.0,Subscriptions,2021,Q2
United Kingdom,Subscriptions,DSL,Fixed broadband,2021-Q4,20134127.0,Subscriptions,2021,Q4
United Kingdom,Subscriptions,DSL,Fixed broadband,2022-Q2,19565447.0,Subscriptions,2022,Q2
United Kingdom,Subscriptions,DSL,Fixed broadband,2022-Q4,18808847.0,Subscriptions,2022,Q4
United Kingdom,Subscriptions,DSL,Fixed broadband,2023-Q2,17827658.0,Subscriptions,2023,Q2
United Kingdom,Subscriptions,DSL,Fixed broadband,2023-Q4,16792114.0,Subscriptions,2023,Q4
United Kingdom,Subscriptions,DSL,Fixed broadband,2024-Q2,15689215.0,Subscriptions,2024,Q2
United Kingdom,Subscriptions,DSL,Fixed broadband,2024-Q4,14381758.0,Subscriptions,2024,Q4
United States,Subscriptions,DSL,Fixed broadband,2018-Q2,23100000.0,Subscriptions,2018,Q2
United States,Subscriptions,DSL,Fixed broadband,2018-Q4,21952000.0,Subscriptions,2018,Q4
United States,Subscriptions,DSL,Fixed broadband,2019-Q2,20436000.0,Subscriptions,2019,Q2
United States,Subscriptions,DSL,Fixed broadband,2019-Q4,19499000.0,Subscriptions,2019,Q4
United States,Subscriptions,DSL,Fixed broadband,2020-Q2,18815000.0,Subscriptions,2020,Q2
United States,Subscriptions,DSL,Fixed broadband,2020-Q4,18562000.0,Subscriptions,2020,Q4
United States,Subscriptions,DSL,Fixed broadband,2021-Q2,18065000.0,Subscriptions,2021,Q2
United States,Subscriptions,DSL,Fixed broadband,2021-Q4,16891000.0,Subscriptions,2021,Q4
United States,Subscriptions,DSL,Fixed broadband,2022-Q2,15652000.0,Subscriptions,2022,Q2
United States,Subscriptions,DSL,Fixed broadband,2022-Q4,14705000.0,Subscriptions,2022,Q4
United States,Subscriptions,DSL,Fixed broadband,2023-Q2,13237000.0,Subscriptions,2023,Q2
United States,Subscriptions,DSL,Fixed broadband,2023-Q4,11852000.0,Subscriptions,2023,Q4
United States,Subscriptions,DSL,Fixed broadband,2024-Q2,10441000.0,Subscriptions,2024,Q2
United States,Subscriptions,DSL,Fixed broadband,2024-Q4,8949000.0,Subscriptions,2024,Q4
OECD,Subscriptions,DSL,Fixed broadband,2018-Q2,158554887.0,Subscriptions,2018,Q2
OECD,Subscriptions,DSL,Fixed broadband,2018-Q4,153788164.0,Subscriptions,2018,Q4
OECD,Subscriptions,DSL,Fixed broadband,2019-Q2,148934242.0,Subscriptions,2019,Q2
OECD,Subscriptions,DSL,Fixed broadband,2019-Q4,144807582.0,Subscriptions,2019,Q4
OECD,Subscriptions,DSL,Fixed broadband,2020-Q2,141213819.0,Subscriptions,2020,Q2
OECD,Subscriptions,DSL,Fixed broadband,2020-Q4,137209232.0,Subscriptions,2020,Q4
OECD,Subscriptions,DSL,Fixed broadband,2021-Q2,132190630.0,Subscriptions,2021,Q2
OECD,Subscriptions,DSL,Fixed broadband,2021-Q4,126516031.0,Subscriptions,2021,Q4
OECD,Subscriptions,DSL,Fixed broadband,2022-Q2,120074032.0,Subscriptions,2022,Q2
OECD,Subscriptions,DSL,Fixed broadband,2022-Q4,113417730.0,Subscriptions,2022,Q4
OECD,Subscriptions,DSL,Fixed broadband,2023-Q2,106648705.0,Subscriptions,2023,Q2
OECD,Subscriptions,DSL,Fixed broadband,2023-Q4,100507087.0,Subscriptions,2023,Q4
OECD,Subscriptions,DSL,Fixed broadband,2024-Q2,93504630.0,Subscriptions,2024,Q2
OECD,Subscriptions,DSL,Fixed broadband,2024-Q4,86217471.0,Subscriptions,2024,Q4
Brazil,Subscriptions,DSL,Fixed broadband,2018-Q2,13538506.0,Subscriptions,2018,Q2
Brazil,Subscriptions,DSL,Fixed broadband,2018-Q4,13043669.0,Subscriptions,2018,Q4
Brazil,Subscriptions,DSL,Fixed broadband,2019-Q2,11994544.0,Subscriptions,2019,Q2
Brazil,Subscriptions,DSL,Fixed broadband,2019-Q4,10355761.0,Subscriptions,2019,Q4
Brazil,Subscriptions,DSL,Fixed broadband,2020-Q2,8647964.0,Subscriptions,2020,Q2
Brazil,Subscriptions,DSL,Fixed broadband,2020-Q4,7080514.0,Subscriptions,2020,Q4
Brazil,Subscriptions,DSL,Fixed broadband,2021-Q2,5243801.0,Subscriptions,2021,Q2
Brazil,Subscriptions,DSL,Fixed broadband,2021-Q4,3991359.0,Subscriptions,2021,Q4
Brazil,Subscriptions,DSL,Fixed broadband,2022-Q2,3018328.0,Subscriptions,2022,Q2
Brazil,Subscriptions,DSL,Fixed broadband,2022-Q4,2296276.0,Subscriptions,2022,Q4
Brazil,Subscriptions,DSL,Fixed broadband,2023-Q2,1727278.0,Subscriptions,2023,Q2
Brazil,Subscriptions,DSL,Fixed broadband,2023-Q4,1305820.0,Subscriptions,2023,Q4
Brazil,Subscriptions,DSL,Fixed broadband,2024-Q2,1041175.0,Subscriptions,2024,Q2
Brazil,Subscriptions,DSL,Fixed broadband,2024-Q4,763010.0,Subscriptions,2024,Q4
Bulgaria,Subscriptions,DSL,Fixed broadband,2018-Q2,164634.0,Subscriptions,2018,Q2
Bulgaria,Subscriptions,DSL,Fixed broadband,2018-Q4,153948.0,Subscriptions,2018,Q4
Bulgaria,Subscriptions,DSL,Fixed broadband,2019-Q2,146045.0,Subscriptions,2019,Q2
Bulgaria,Subscriptions,DSL,Fixed broadband,2019-Q4,140761.0,Subscriptions,2019,Q4
Bulgaria,Subscriptions,DSL,Fixed broadband,2020-Q2,137196.0,Subscriptions,2020,Q2
Bulgaria,Subscriptions,DSL,Fixed broadband,2020-Q4,133172.0,Subscriptions,2020,Q4
Bulgaria,Subscriptions,DSL,Fixed broadband,2021-Q2,128469.0,Subscriptions,2021,Q2
Bulgaria,Subscriptions,DSL,Fixed broadband,2021-Q4,123231.0,Subscriptions,2021,Q4
Bulgaria,Subscriptions,DSL,Fixed broadband,2022-Q2,118141.0,Subscriptions,2022,Q2
Bulgaria,Subscriptions,DSL,Fixed broadband,2022-Q4,112484.0,Subscriptions,2022,Q4
Bulgaria,Subscriptions,DSL,Fixed broadband,2023-Q2,105973.0,Subscriptions,2023,Q2
Bulgaria,Subscriptions,DSL,Fixed broadband,2023-Q4,97115.0,Subscriptions,2023,Q4
Bulgaria,Subscriptions,DSL,Fixed broadband,2024-Q2,88161.0,Subscriptions,2024,Q2
Bulgaria,Subscriptions,DSL,Fixed broadband,2024-Q4,77870.0,Subscriptions,2024,Q4
Croatia,Subscriptions,DSL,Fixed broadband,2018-Q4,770588.0,Subscriptions,2018,Q4
Croatia,Subscriptions,DSL,Fixed broadband,2019-Q4,743290.0,Subscriptions,2019,Q4
Croatia,Subscriptions,DSL,Fixed broadband,2020-Q4,714235.0,Subscriptions,2020,Q4
Croatia,Subscriptions,DSL,Fixed broadband,2021-Q4,686651.0,Subscriptions,2021,Q4
Croatia,Subscriptions,DSL,Fixed broadband,2022-Q4,666721.0,Subscriptions,2022,Q4
Croatia,Subscriptions,DSL,Fixed broadband,2023-Q2,647799.0,Subscriptions,2023,Q2
Croatia,Subscriptions,DSL,Fixed broadband,2023-Q4,629162.0,Subscriptions,2023,Q4
Croatia,Subscriptions,DSL,Fixed broadband,2024-Q2,597317.0,Subscriptions,2024,Q2
Croatia,Subscriptions,DSL,Fixed broadband,2024-Q4,568890.0,Subscriptions,2024,Q4
Peru,Subscriptions,DSL,Fixed broadband,2018-Q4,675710.0,Subscriptions,2018,Q4
Peru,Subscriptions,DSL,Fixed broadband,2019-Q4,293062.0,Subscriptions,2019,Q4
Peru,Subscriptions,DSL,Fixed broadband,2020-Q4,192987.0,Subscriptions,2020,Q4
Peru,Subscriptions,DSL,Fixed broadband,2021-Q4,117970.0,Subscriptions,2021,Q4
Peru,Subscriptions,DSL,Fixed broadband,2022-Q4,76607.0,Subscriptions,2022,Q4
Peru,Subscriptions,DSL,Fixed broadband,2023-Q4,42272.0,Subscriptions,2023,Q4
Peru,Subscriptions,DSL,Fixed broadband,2024-Q4,28975.0,Subscriptions,2024,Q4
Romania,Subscriptions,DSL,Fixed broadband,2018-Q2,709134.0,Subscriptions,2018,Q2
Romania,Subscriptions,DSL,Fixed broadband,2018-Q4,647218.0,Subscriptions,2018,Q4
Romania,Subscriptions,DSL,Fixed broadband,2019-Q2,585698.0,Subscriptions,2019,Q2
Romania,Subscriptions,DSL,Fixed broadband,2019-Q4,547952.0,Subscriptions,2019,Q4
Romania,Subscriptions,DSL,Fixed broadband,2020-Q2,501195.0,Subscriptions,2020,Q2
Romania,Subscriptions,DSL,Fixed broadband,2020-Q4,445569.0,Subscriptions,2020,Q4
Romania,Subscriptions,DSL,Fixed broadband,2021-Q2,377549.0,Subscriptions,2021,Q2
Romania,Subscriptions,DSL,Fixed broadband,2021-Q4,336411.0,Subscriptions,2021,Q4
Romania,Subscriptions,DSL,Fixed broadband,2022-Q2,281454.0,Subscriptions,2022,Q2
Romania,Subscriptions,DSL,Fixed broadband,2022-Q4,225413.0,Subscriptions,2022,Q4
Romania,Subscriptions,DSL,Fixed broadband,2023-Q2,162327.0,Subscriptions,2023,Q2
Romania,Subscriptions,DSL,Fixed broadband,2023-Q4,116331.0,Subscriptions,2023,Q4
Romania,Subscriptions,DSL,Fixed broadband,2024-Q2,79610.0,Subscriptions,2024,Q2
Romania,Subscriptions,DSL,Fixed broadband,2024-Q4,50780.0,Subscriptions,2024,Q4
Australia,Subscriptions,Cable,Fixed broadband,2018-Q2,937000.0,Subscriptions,2018,Q2
Australia,Subscriptions,Cable,Fixed broadband,2018-Q4,1512027.0,Subscriptions,2018,Q4
Australia,Subscriptions,Cable,Fixed broadband,2019-Q2,1734855.0,Subscriptions,2019,Q2
Australia,Subscriptions,Cable,Fixed broadband,2019-Q4,1927303.0,Subscriptions,2019,Q4
Australia,Subscriptions,Cable,Fixed broadband,2020-Q2,2050884.0,Subscriptions,2020,Q2
Australia,Subscriptions,Cable,Fixed broadband,2020-Q4,2094249.0,Subscriptions,2020,Q4
Australia,Subscriptions,Cable,Fixed broadband,2021-Q2,2042323.0,Subscriptions,2021,Q2
Australia,Subscriptions,Cable,Fixed broadband,2021-Q4,2036070.0,Subscriptions,2021,Q4
Australia,Subscriptions,Cable,Fixed broadband,2022-Q2,2049286.0,Subscriptions,2022,Q2
Australia,Subscriptions,Cable,Fixed broadband,2022-Q4,2038168.0,Subscriptions,2022,Q4
Australia,Subscriptions,Cable,Fixed broadband,2023-Q2,2037099.0,Subscriptions,2023,Q2
Australia,Subscriptions,Cable,Fixed broadband,2023-Q4,2029760.0,Subscriptions,2023,Q4
Australia,Subscriptions,Cable,Fixed broadband,2024-Q2,2025428.0,Subscriptions,2024,Q2
Australia,Subscriptions,Cable,Fixed broadband,2024-Q4,2015245.0,Subscriptions,2024,Q4
Austria,Subscriptions,Cable,Fixed broadband,2018-Q2,861600.0,Subscriptions,2018,Q2
Austria,Subscriptions,Cable,Fixed broadband,2018-Q4,870722.0,Subscriptions,2018,Q4
Austria,Subscriptions,Cable,Fixed broadband,2019-Q2,877956.0,Subscriptions,2019,Q2
Austria,Subscriptions,Cable,Fixed broadband,2019-Q4,886198.0,Subscriptions,2019,Q4
Austria,Subscriptions,Cable,Fixed broadband,2020-Q2,915801.0,Subscriptions,2020,Q2
Austria,Subscriptions,Cable,Fixed broadband,2020-Q4,936214.0,Subscriptions,2020,Q4
Austria,Subscriptions,Cable,Fixed broadband,2021-Q2,964000.0,Subscriptions,2021,Q2
Austria,Subscriptions,Cable,Fixed broadband,2021-Q4,978564.0,Subscriptions,2021,Q4
Austria,Subscriptions,Cable,Fixed broadband,2022-Q2,959720.0,Subscriptions,2022,Q2
Austria,Subscriptions,Cable,Fixed broadband,2022-Q4,998845.0,Subscriptions,2022,Q4
Austria,Subscriptions,Cable,Fixed broadband,2023-Q2,968961.0,Subscriptions,2023,Q2
Austria,Subscriptions,Cable,Fixed broadband,2023-Q4,977737.0,Subscriptions,2023,Q4
Austria,Subscriptions,Cable,Fixed broadband,2024-Q2,984859.0,Subscriptions,2024,Q2
Austria,Subscriptions,Cable,Fixed broadband,2024-Q4,1036706.0,Subscriptions,2024,Q4
Belgium,Subscriptions,Cable,Fixed broadband,2018-Q2,2286801.0,Subscriptions,2018,Q2
Belgium,Subscriptions,Cable,Fixed broadband,2018-Q4,2339840.0,Subscriptions,2018,Q4
Belgium,Subscriptions,Cable,Fixed broadband,2019-Q2,2371953.0,Subscriptions,2019,Q2
Belgium,Subscriptions,Cable,Fixed broadband,2019-Q4,2409042.0,Subscriptions,2019,Q4
Belgium,Subscriptions,Cable,Fixed broadband,2020-Q2,2485382.0,Subscriptions,2020,Q2
Belgium,Subscriptions,Cable,Fixed broadband,2020-Q4,2533175.0,Subscriptions,2020,Q4
Belgium,Subscriptions,Cable,Fixed broadband,2021-Q2,2533591.0,Subscriptions,2021,Q2
Belgium,Subscriptions,Cable,Fixed broadband,2021-Q4,2615375.0,Subscriptions,2021,Q4
Belgium,Subscriptions,Cable,Fixed broadband,2022-Q2,2635032.0,Subscriptions,2022,Q2
Belgium,Subscriptions,Cable,Fixed broadband,2022-Q4,2676338.0,Subscriptions,2022,Q4
Belgium,Subscriptions,Cable,Fixed broadband,2023-Q2,2644438.0,Subscriptions,2023,Q2
Belgium,Subscriptions,Cable,Fixed broadband,2023-Q4,2666241.0,Subscriptions,2023,Q4
Belgium,Subscriptions,Cable,Fixed broadband,2024-Q2,2659306.0,Subscriptions,2024,Q2
Belgium,Subscriptions,Cable,Fixed broadband,2024-Q4,2691762.0,Subscriptions,2024,Q4
Canada,Subscriptions,Cable,Fixed broadband,2018-Q2,7370925.0,Subscriptions,2018,Q2
Canada,Subscriptions,Cable,Fixed broadband,2018-Q4,7512886.0,Subscriptions,2018,Q4
Canada,Subscriptions,Cable,Fixed broadband,2019-Q2,7569285.0,Subscriptions,2019,Q2
Canada,Subscriptions,Cable,Fixed broadband,2019-Q4,7731001.0,Subscriptions,2019,Q4
Canada,Subscriptions,Cable,Fixed broadband,2020-Q2,7809119.0,Subscriptions,2020,Q2
Canada,Subscriptions,Cable,Fixed broadband,2020-Q4,7894646.0,Subscriptions,2020,Q4
Canada,Subscriptions,Cable,Fixed broadband,2021-Q2,8051603.0,Subscriptions,2021,Q2
Canada,Subscriptions,Cable,Fixed broadband,2021-Q4,8055758.0,Subscriptions,2021,Q4
Canada,Subscriptions,Cable,Fixed broadband,2022-Q2,8099275.0,Subscriptions,2022,Q2
Canada,Subscriptions,Cable,Fixed broadband,2022-Q4,8080111.0,Subscriptions,2022,Q4
Canada,Subscriptions,Cable,Fixed broadband,2023-Q2,8254911.0,Subscriptions,2023,Q2
Canada,Subscriptions,Cable,Fixed broadband,2023-Q4,7948034.0,Subscriptions,2023,Q4
Canada,Subscriptions,Cable,Fixed broadband,2024-Q2,7984414.0,Subscriptions,2024,Q2
Canada,Subscriptions,Cable,Fixed broadband,2024-Q4,7926098.0,Subscriptions,2024,Q4
Chile,Subscriptions,Cable,Fixed broadband,2018-Q2,1743321.0,Subscriptions,2018,Q2
Chile,Subscriptions,Cable,Fixed broadband,2018-Q4,1782843.0,Subscriptions,2018,Q4
Chile,Subscriptions,Cable,Fixed broadband,2019-Q2,1817946.0,Subscriptions,2019,Q2
Chile,Subscriptions,Cable,Fixed broadband,2019-Q4,1827474.0,Subscriptions,2019,Q4
Chile,Subscriptions,Cable,Fixed broadband,2020-Q2,1871514.0,Subscriptions,2020,Q2
Chile,Subscriptions,Cable,Fixed broadband,2020-Q4,1785536.0,Subscriptions,2020,Q4
Chile,Subscriptions,Cable,Fixed broadband,2021-Q2,1690302.0,Subscriptions,2021,Q2
Chile,Subscriptions,Cable,Fixed broadband,2021-Q4,1553157.0,Subscriptions,2021,Q4
Chile,Subscriptions,Cable,Fixed broadband,2022-Q2,1466779.0,Subscriptions,2022,Q2
Chile,Subscriptions,Cable,Fixed broadband,2022-Q4,1308266.0,Subscriptions,2022,Q4
Chile,Subscriptions,Cable,Fixed broadband,2023-Q2,1203102.0,Subscriptions,2023,Q2
Chile,Subscriptions,Cable,Fixed broadband,2023-Q4,1216909.0,Subscriptions,2023,Q4
Chile,Subscriptions,Cable,Fixed broadband,2024-Q2,1215136.0,Subscriptions,2024,Q2
Chile,Subscriptions,Cable,Fixed broadband,2024-Q4,1149852.0,Subscriptions,2024,Q4
Colombia,Subscriptions,Cable,Fixed broadband,2018-Q2,3601665.0,Subscriptions,2018,Q2
Colombia,Subscriptions,Cable,Fixed broadband,2018-Q4,3918354.0,Subscriptions,2018,Q4
Colombia,Subscriptions,Cable,Fixed broadband,2019-Q2,4004747.0,Subscriptions,2019,Q2
Colombia,Subscriptions,Cable,Fixed broadband,2019-Q4,4158968.0,Subscriptions,2019,Q4
Colombia,Subscriptions,Cable,Fixed broadband,2020-Q2,4490835.0,Subscriptions,2020,Q2
Colombia,Subscriptions,Cable,Fixed broadband,2020-Q4,4791924.0,Subscriptions,2020,Q4
Colombia,Subscriptions,Cable,Fixed broadband,2021-Q2,5043263.0,Subscriptions,2021,Q2
Colombia,Subscriptions,Cable,Fixed broadband,2021-Q4,5086576.0,Subscriptions,2021,Q4
Colombia,Subscriptions,Cable,Fixed broadband,2022-Q2,5095459.0,Subscriptions,2022,Q2
Colombia,Subscriptions,Cable,Fixed broadband,2022-Q4,5085762.0,Subscriptions,2022,Q4
Colombia,Subscriptions,Cable,Fixed broadband,2023-Q2,5010279.0,Subscriptions,2023,Q2
Colombia,Subscriptions,Cable,Fixed broadband,2023-Q4,4821560.0,Subscriptions,2023,Q4
Colombia,Subscriptions,Cable,Fixed broadband,2024-Q2,4208910.0,Subscriptions,2024,Q2
Colombia,Subscriptions,Cable,Fixed broadband,2024-Q4,4122886.0,Subscriptions,2024,Q4
Costa Rica,Subscriptions,Cable,Fixed broadband,2018-Q2,498733.0,Subscriptions,2018,Q2
Costa Rica,Subscriptions,Cable,Fixed broadband,2018-Q4,533353.0,Subscriptions,2018,Q4
Costa Rica,Subscriptions,Cable,Fixed broadband,2019-Q2,558809.0,Subscriptions,2019,Q2
Costa Rica,Subscriptions,Cable,Fixed broadband,2019-Q4,591189.0,Subscriptions,2019,Q4
Costa Rica,Subscriptions,Cable,Fixed broadband,2020-Q2,604133.0,Subscriptions,2020,Q2
Costa Rica,Subscriptions,Cable,Fixed broadband,2020-Q4,633407.0,Subscriptions,2020,Q4
Costa Rica,Subscriptions,Cable,Fixed broadband,2021-Q2,631471.0,Subscriptions,2021,Q2
Costa Rica,Subscriptions,Cable,Fixed broadband,2021-Q4,629742.0,Subscriptions,2021,Q4
Costa Rica,Subscriptions,Cable,Fixed broadband,2022-Q2,602009.0,Subscriptions,2022,Q2
Costa Rica,Subscriptions,Cable,Fixed broadband,2022-Q4,573514.0,Subscriptions,2022,Q4
Costa Rica,Subscriptions,Cable,Fixed broadband,2023-Q2,550476.0,Subscriptions,2023,Q2
Costa Rica,Subscriptions,Cable,Fixed broadband,2023-Q4,527589.0,Subscriptions,2023,Q4
Costa Rica,Subscriptions,Cable,Fixed broadband,2024-Q2,474914.0,Subscriptions,2024,Q2
Costa Rica,Subscriptions,Cable,Fixed broadband,2024-Q4,477174.0,Subscriptions,2024,Q4
Czechia,Subscriptions,Cable,Fixed broadband,2018-Q2,587107.0,Subscriptions,2018,Q2
Czechia,Subscriptions,Cable,Fixed broadband,2018-Q4,596710.0,Subscriptions,2018,Q4
Czechia,Subscriptions,Cable,Fixed broadband,2019-Q2,593638.0,Subscriptions,2019,Q2
Czechia,Subscriptions,Cable,Fixed broadband,2019-Q4,605510.0,Subscriptions,2019,Q4
Czechia,Subscriptions,Cable,Fixed broadband,2020-Q2,610202.0,Subscriptions,2020,Q2
Czechia,Subscriptions,Cable,Fixed broadband,2020-Q4,613947.0,Subscriptions,2020,Q4
Czechia,Subscriptions,Cable,Fixed broadband,2021-Q2,618860.0,Subscriptions,2021,Q2
Czechia,Subscriptions,Cable,Fixed broadband,2021-Q4,624918.0,Subscriptions,2021,Q4
Czechia,Subscriptions,Cable,Fixed broadband,2022-Q2,617096.0,Subscriptions,2022,Q2
Czechia,Subscriptions,Cable,Fixed broadband,2022-Q4,612970.0,Subscriptions,2022,Q4
Czechia,Subscriptions,Cable,Fixed broadband,2023-Q2,598053.0,Subscriptions,2023,Q2
Czechia,Subscriptions,Cable,Fixed broadband,2023-Q4,605080.0,Subscriptions,2023,Q4
Czechia,Subscriptions,Cable,Fixed broadband,2024-Q2,606634.0,Subscriptions,2024,Q2
Czechia,Subscriptions,Cable,Fixed broadband,2024-Q4,602519.0,Subscriptions,2024,Q4
Denmark,Subscriptions,Cable,Fixed broadband,2018-Q2,820810.0,Subscriptions,2018,Q2
Denmark,Subscriptions,Cable,Fixed broadband,2018-Q4,832460.0,Subscriptions,2018,Q4
Denmark,Subscriptions,Cable,Fixed broadband,2019-Q2,849565.0,Subscriptions,2019,Q2
Denmark,Subscriptions,Cable,Fixed broadband,2019-Q4,848217.0,Subscriptions,2019,Q4
Denmark,Subscriptions,Cable,Fixed broadband,2020-Q2,873922.0,Subscriptions,2020,Q2
Denmark,Subscriptions,Cable,Fixed broadband,2020-Q4,886424.0,Subscriptions,2020,Q4
Denmark,Subscriptions,Cable,Fixed broadband,2021-Q2,893950.0,Subscriptions,2021,Q2
Denmark,Subscriptions,Cable,Fixed broadband,2021-Q4,900689.0,Subscriptions,2021,Q4
Denmark,Subscriptions,Cable,Fixed broadband,2022-Q2,902733.0,Subscriptions,2022,Q2
Denmark,Subscriptions,Cable,Fixed broadband,2022-Q4,895905.0,Subscriptions,2022,Q4
Denmark,Subscriptions,Cable,Fixed broadband,2023-Q2,875077.0,Subscriptions,2023,Q2
Denmark,Subscriptions,Cable,Fixed broadband,2023-Q4,836103.0,Subscriptions,2023,Q4
Denmark,Subscriptions,Cable,Fixed broadband,2024-Q2,790369.0,Subscriptions,2024,Q2
Denmark,Subscriptions,Cable,Fixed broadband,2024-Q4,746708.0,Subscriptions,2024,Q4
Estonia,Subscriptions,Cable,Fixed broadband,2018-Q2,96307.0,Subscriptions,2018,Q2
Estonia,Subscriptions,Cable,Fixed broadband,2018-Q4,98251.0,Subscriptions,2018,Q4
Estonia,Subscriptions,Cable,Fixed broadband,2019-Q2,96187.0,Subscriptions,2019,Q2
Estonia,Subscriptions,Cable,Fixed broadband,2019-Q4,94870.0,Subscriptions,2019,Q4
Estonia,Subscriptions,Cable,Fixed broadband,2020-Q2,92770.0,Subscriptions,2020,Q2
Estonia,Subscriptions,Cable,Fixed broadband,2020-Q4,92997.0,Subscriptions,2020,Q4
Estonia,Subscriptions,Cable,Fixed broadband,2021-Q2,89967.0,Subscriptions,2021,Q2
Estonia,Subscriptions,Cable,Fixed broadband,2021-Q4,88451.0,Subscriptions,2021,Q4
Estonia,Subscriptions,Cable,Fixed broadband,2022-Q2,86939.0,Subscriptions,2022,Q2
Estonia,Subscriptions,Cable,Fixed broadband,2022-Q4,82995.0,Subscriptions,2022,Q4
Estonia,Subscriptions,Cable,Fixed broadband,2023-Q2,78859.0,Subscriptions,2023,Q2
Estonia,Subscriptions,Cable,Fixed broadband,2023-Q4,77162.0,Subscriptions,2023,Q4
Estonia,Subscriptions,Cable,Fixed broadband,2024-Q2,74563.0,Subscriptions,2024,Q2
Estonia,Subscriptions,Cable,Fixed broadband,2024-Q4,72515.0,Subscriptions,2024,Q4
Finland,Subscriptions,Cable,Fixed broadband,2018-Q2,424000.0,Subscriptions,2018,Q2
Finland,Subscriptions,Cable,Fixed broadband,2018-Q4,434000.0,Subscriptions,2018,Q4
Finland,Subscriptions,Cable,Fixed broadband,2019-Q2,443000.0,Subscriptions,2019,Q2
Finland,Subscriptions,Cable,Fixed broadband,2019-Q4,458000.0,Subscriptions,2019,Q4
Finland,Subscriptions,Cable,Fixed broadband,2020-Q2,471000.0,Subscriptions,2020,Q2
Finland,Subscriptions,Cable,Fixed broadband,2020-Q4,488000.0,Subscriptions,2020,Q4
Finland,Subscriptions,Cable,Fixed broadband,2021-Q2,500000.0,Subscriptions,2021,Q2
Finland,Subscriptions,Cable,Fixed broadband,2021-Q4,501000.0,Subscriptions,2021,Q4
Finland,Subscriptions,Cable,Fixed broadband,2022-Q2,508000.0,Subscriptions,2022,Q2
Finland,Subscriptions,Cable,Fixed broadband,2022-Q4,530000.0,Subscriptions,2022,Q4
Finland,Subscriptions,Cable,Fixed broadband,2023-Q2,535000.0,Subscriptions,2023,Q2
Finland,Subscriptions,Cable,Fixed broadband,2023-Q4,538000.0,Subscriptions,2023,Q4
Finland,Subscriptions,Cable,Fixed broadband,2024-Q2,542000.0,Subscriptions,2024,Q2
Finland,Subscriptions,Cable,Fixed broadband,2024-Q4,264000.0,Subscriptions,2024,Q4
France,Subscriptions,Cable,Fixed broadband,2018-Q2,3960000.0,Subscriptions,2018,Q2
France,Subscriptions,Cable,Fixed broadband,2018-Q4,4128000.0,Subscriptions,2018,Q4
France,Subscriptions,Cable,Fixed broadband,2019-Q2,4134000.0,Subscriptions,2019,Q2
France,Subscriptions,Cable,Fixed broadband,2019-Q4,4117000.0,Subscriptions,2019,Q4
France,Subscriptions,Cable,Fixed broadband,2020-Q2,4058000.0,Subscriptions,2020,Q2
France,Subscriptions,Cable,Fixed broadband,2020-Q4,3951000.0,Subscriptions,2020,Q4
France,Subscriptions,Cable,Fixed broadband,2021-Q2,3849000.0,Subscriptions,2021,Q2
France,Subscriptions,Cable,Fixed broadband,2021-Q4,3567000.0,Subscriptions,2021,Q4
France,Subscriptions,Cable,Fixed broadband,2022-Q2,3260000.0,Subscriptions,2022,Q2
France,Subscriptions,Cable,Fixed broadband,2022-Q4,2963000.0,Subscriptions,2022,Q4
France,Subscriptions,Cable,Fixed broadband,2023-Q2,2699000.0,Subscriptions,2023,Q2
France,Subscriptions,Cable,Fixed broadband,2023-Q4,2335000.0,Subscriptions,2023,Q4
France,Subscriptions,Cable,Fixed broadband,2024-Q2,2047000.0,Subscriptions,2024,Q2
France,Subscriptions,Cable,Fixed broadband,2024-Q4,1739000.0,Subscriptions,2024,Q4
Germany,Subscriptions,Cable,Fixed broadband,2018-Q2,7845719.0,Subscriptions,2018,Q2
Germany,Subscriptions,Cable,Fixed broadband,2018-Q4,7980287.0,Subscriptions,2018,Q4
Germany,Subscriptions,Cable,Fixed broadband,2019-Q2,8095941.0,Subscriptions,2019,Q2
Germany,Subscriptions,Cable,Fixed broadband,2019-Q4,8304686.0,Subscriptions,2019,Q4
Germany,Subscriptions,Cable,Fixed broadband,2020-Q2,8501450.0,Subscriptions,2020,Q2
Germany,Subscriptions,Cable,Fixed broadband,2020-Q4,8725131.0,Subscriptions,2020,Q4
Germany,Subscriptions,Cable,Fixed broadband,2021-Q2,8777756.0,Subscriptions,2021,Q2
Germany,Subscriptions,Cable,Fixed broadband,2021-Q4,8801231.0,Subscriptions,2021,Q4
Germany,Subscriptions,Cable,Fixed broadband,2022-Q2,8792509.0,Subscriptions,2022,Q2
Germany,Subscriptions,Cable,Fixed broadband,2022-Q4,8702643.0,Subscriptions,2022,Q4
Germany,Subscriptions,Cable,Fixed broadband,2023-Q2,8636902.0,Subscriptions,2023,Q2
Germany,Subscriptions,Cable,Fixed broadband,2023-Q4,8603459.0,Subscriptions,2023,Q4
Germany,Subscriptions,Cable,Fixed broadband,2024-Q2,8464721.0,Subscriptions,2024,Q2
Germany,Subscriptions,Cable,Fixed broadband,2024-Q4,8494292.0,Subscriptions,2024,Q4
Hungary,Subscriptions,Cable,Fixed broadband,2018-Q2,1476897.0,Subscriptions,2018,Q2
Hungary,Subscriptions,Cable,Fixed broadband,2018-Q4,1513045.0,Subscriptions,2018,Q4
Hungary,Subscriptions,Cable,Fixed broadband,2019-Q2,1536203.0,Subscriptions,2019,Q2
Hungary,Subscriptions,Cable,Fixed broadband,2019-Q4,1560351.0,Subscriptions,2019,Q4
Hungary,Subscriptions,Cable,Fixed broadband,2020-Q2,1524044.0,Subscriptions,2020,Q2
Hungary,Subscriptions,Cable,Fixed broadband,2020-Q4,1534008.0,Subscriptions,2020,Q4
Hungary,Subscriptions,Cable,Fixed broadband,2021-Q2,1536468.0,Subscriptions,2021,Q2
Hungary,Subscriptions,Cable,Fixed broadband,2021-Q4,1542680.0,Subscriptions,2021,Q4
Hungary,Subscriptions,Cable,Fixed broadband,2022-Q2,1557233.0,Subscriptions,2022,Q2
Hungary,Subscriptions,Cable,Fixed broadband,2022-Q4,1548033.0,Subscriptions,2022,Q4
Hungary,Subscriptions,Cable,Fixed broadband,2023-Q2,1540167.0,Subscriptions,2023,Q2
Hungary,Subscriptions,Cable,Fixed broadband,2023-Q4,1490709.0,Subscriptions,2023,Q4
Hungary,Subscriptions,Cable,Fixed broadband,2024-Q2,1480136.0,Subscriptions,2024,Q2
Hungary,Subscriptions,Cable,Fixed broadband,2024-Q4,1473806.0,Subscriptions,2024,Q4
Iceland,Subscriptions,Cable,Fixed broadband,2018-Q2,1243.0,Subscriptions,2018,Q2
Iceland,Subscriptions,Cable,Fixed broadband,2018-Q4,1433.0,Subscriptions,2018,Q4
Iceland,Subscriptions,Cable,Fixed broadband,2019-Q2,1175.0,Subscriptions,2019,Q2
Iceland,Subscriptions,Cable,Fixed broadband,2019-Q4,974.0,Subscriptions,2019,Q4
Iceland,Subscriptions,Cable,Fixed broadband,2020-Q2,879.0,Subscriptions,2020,Q2
Iceland,Subscriptions,Cable,Fixed broadband,2020-Q4,888.0,Subscriptions,2020,Q4
Iceland,Subscriptions,Cable,Fixed broadband,2021-Q2,1058.0,Subscriptions,2021,Q2
Iceland,Subscriptions,Cable,Fixed broadband,2021-Q4,776.0,Subscriptions,2021,Q4
Iceland,Subscriptions,Cable,Fixed broadband,2022-Q4,110.0,Subscriptions,2022,Q4
Ireland,Subscriptions,Cable,Fixed broadband,2018-Q2,371398.0,Subscriptions,2018,Q2
Ireland,Subscriptions,Cable,Fixed broadband,2018-Q4,372844.0,Subscriptions,2018,Q4
Ireland,Subscriptions,Cable,Fixed broadband,2019-Q2,371601.0,Subscriptions,2019,Q2
Ireland,Subscriptions,Cable,Fixed broadband,2019-Q4,371487.0,Subscriptions,2019,Q4
Ireland,Subscriptions,Cable,Fixed broadband,2020-Q2,374326.0,Subscriptions,2020,Q2
Ireland,Subscriptions,Cable,Fixed broadband,2020-Q4,373626.0,Subscriptions,2020,Q4
Ireland,Subscriptions,Cable,Fixed broadband,2021-Q2,376979.0,Subscriptions,2021,Q2
Ireland,Subscriptions,Cable,Fixed broadband,2021-Q4,376937.0,Subscriptions,2021,Q4
Ireland,Subscriptions,Cable,Fixed broadband,2022-Q2,372423.0,Subscriptions,2022,Q2
Ireland,Subscriptions,Cable,Fixed broadband,2022-Q4,368058.0,Subscriptions,2022,Q4
Ireland,Subscriptions,Cable,Fixed broadband,2023-Q2,359669.0,Subscriptions,2023,Q2
Ireland,Subscriptions,Cable,Fixed broadband,2023-Q4,348251.0,Subscriptions,2023,Q4
Ireland,Subscriptions,Cable,Fixed broadband,2024-Q2,333772.0,Subscriptions,2024,Q2
Ireland,Subscriptions,Cable,Fixed broadband,2024-Q4,318464.0,Subscriptions,2024,Q4
Israel,Subscriptions,Cable,Fixed broadband,2018-Q2,711000.0,Subscriptions,2018,Q2
Israel,Subscriptions,Cable,Fixed broadband,2018-Q4,730000.0,Subscriptions,2018,Q4
Israel,Subscriptions,Cable,Fixed broadband,2019-Q2,747972.0,Subscriptions,2019,Q2
Israel,Subscriptions,Cable,Fixed broadband,2019-Q4,770348.0,Subscriptions,2019,Q4
Israel,Subscriptions,Cable,Fixed broadband,2020-Q2,791064.0,Subscriptions,2020,Q2
Israel,Subscriptions,Cable,Fixed broadband,2020-Q4,798260.0,Subscriptions,2020,Q4
Israel,Subscriptions,Cable,Fixed broadband,2021-Q2,773773.0,Subscriptions,2021,Q2
Israel,Subscriptions,Cable,Fixed broadband,2021-Q4,744374.0,Subscriptions,2021,Q4
Israel,Subscriptions,Cable,Fixed broadband,2022-Q2,700000.0,Subscriptions,2022,Q2
Israel,Subscriptions,Cable,Fixed broadband,2022-Q4,635408.0,Subscriptions,2022,Q4
Israel,Subscriptions,Cable,Fixed broadband,2023-Q2,582000.0,Subscriptions,2023,Q2
Israel,Subscriptions,Cable,Fixed broadband,2023-Q4,484808.0,Subscriptions,2023,Q4
Israel,Subscriptions,Cable,Fixed broadband,2024-Q2,423311.0,Subscriptions,2024,Q2
Israel,Subscriptions,Cable,Fixed broadband,2024-Q4,361814.0,Subscriptions,2024,Q4
Japan,Subscriptions,Cable,Fixed broadband,2018-Q2,6878931.0,Subscriptions,2018,Q2
Japan,Subscriptions,Cable,Fixed broadband,2018-Q4,6846905.0,Subscriptions,2018,Q4
Japan,Subscriptions,Cable,Fixed broadband,2019-Q2,6801435.0,Subscriptions,2019,Q2
Japan,Subscriptions,Cable,Fixed broadband,2019-Q4,6722428.0,Subscriptions,2019,Q4
Japan,Subscriptions,Cable,Fixed broadband,2020-Q2,6639530.0,Subscriptions,2020,Q2
Japan,Subscriptions,Cable,Fixed broadband,2020-Q4,6582701.0,Subscriptions,2020,Q4
Japan,Subscriptions,Cable,Fixed broadband,2021-Q2,6516782.0,Subscriptions,2021,Q2
Japan,Subscriptions,Cable,Fixed broadband,2021-Q4,6456054.0,Subscriptions,2021,Q4
Japan,Subscriptions,Cable,Fixed broadband,2022-Q2,6378023.0,Subscriptions,2022,Q2
Japan,Subscriptions,Cable,Fixed broadband,2022-Q4,6319509.0,Subscriptions,2022,Q4
Japan,Subscriptions,Cable,Fixed broadband,2023-Q2,6256456.0,Subscriptions,2023,Q2
Japan,Subscriptions,Cable,Fixed broadband,2023-Q4,6167009.0,Subscriptions,2023,Q4
Japan,Subscriptions,Cable,Fixed broadband,2024-Q2,6109474.0,Subscriptions,2024,Q2
Japan,Subscriptions,Cable,Fixed broadband,2024-Q4,6048381.0,Subscriptions,2024,Q4
Korea,Subscriptions,Cable,Fixed broadband,2018-Q2,3778957.0,Subscriptions,2018,Q2
Korea,Subscriptions,Cable,Fixed broadband,2018-Q4,3480803.0,Subscriptions,2018,Q4
Korea,Subscriptions,Cable,Fixed broadband,2019-Q2,3327903.0,Subscriptions,2019,Q2
Korea,Subscriptions,Cable,Fixed broadband,2019-Q4,3172379.0,Subscriptions,2019,Q4
Korea,Subscriptions,Cable,Fixed broadband,2020-Q2,3021834.0,Subscriptions,2020,Q2
Korea,Subscriptions,Cable,Fixed broadband,2020-Q4,2895704.0,Subscriptions,2020,Q4
Korea,Subscriptions,Cable,Fixed broadband,2021-Q2,2729048.0,Subscriptions,2021,Q2
Korea,Subscriptions,Cable,Fixed broadband,2021-Q4,2628593.0,Subscriptions,2021,Q4
Korea,Subscriptions,Cable,Fixed broadband,2022-Q2,2529841.0,Subscriptions,2022,Q2
Korea,Subscriptions,Cable,Fixed broadband,2022-Q4,2412531.0,Subscriptions,2022,Q4
Korea,Subscriptions,Cable,Fixed broadband,2023-Q2,2270090.0,Subscriptions,2023,Q2
Korea,Subscriptions,Cable,Fixed broadband,2023-Q4,2160343.0,Subscriptions,2023,Q4
Korea,Subscriptions,Cable,Fixed broadband,2024-Q2,2100907.0,Subscriptions,2024,Q2
Korea,Subscriptions,Cable,Fixed broadband,2024-Q4,2027593.0,Subscriptions,2024,Q4
Latvia,Subscriptions,Cable,Fixed broadband,2018-Q2,18185.0,Subscriptions,2018,Q2
Latvia,Subscriptions,Cable,Fixed broadband,2018-Q4,17625.0,Subscriptions,2018,Q4
Latvia,Subscriptions,Cable,Fixed broadband,2019-Q2,17085.0,Subscriptions,2019,Q2
Latvia,Subscriptions,Cable,Fixed broadband,2019-Q4,16844.0,Subscriptions,2019,Q4
Latvia,Subscriptions,Cable,Fixed broadband,2020-Q2,16458.0,Subscriptions,2020,Q2
Latvia,Subscriptions,Cable,Fixed broadband,2020-Q4,15958.0,Subscriptions,2020,Q4
Latvia,Subscriptions,Cable,Fixed broadband,2021-Q2,15100.0,Subscriptions,2021,Q2
Latvia,Subscriptions,Cable,Fixed broadband,2021-Q4,14296.0,Subscriptions,2021,Q4
Latvia,Subscriptions,Cable,Fixed broadband,2022-Q2,13614.0,Subscriptions,2022,Q2
Latvia,Subscriptions,Cable,Fixed broadband,2022-Q4,12582.0,Subscriptions,2022,Q4
Latvia,Subscriptions,Cable,Fixed broadband,2023-Q2,11922.0,Subscriptions,2023,Q2
Latvia,Subscriptions,Cable,Fixed broadband,2023-Q4,10057.0,Subscriptions,2023,Q4
Latvia,Subscriptions,Cable,Fixed broadband,2024-Q2,9612.0,Subscriptions,2024,Q2
Latvia,Subscriptions,Cable,Fixed broadband,2024-Q4,8457.0,Subscriptions,2024,Q4
Lithuania,Subscriptions,Cable,Fixed broadband,2018-Q2,23271.0,Subscriptions,2018,Q2
Lithuania,Subscriptions,Cable,Fixed broadband,2018-Q4,22639.0,Subscriptions,2018,Q4
Lithuania,Subscriptions,Cable,Fixed broadband,2019-Q2,21173.0,Subscriptions,2019,Q2
Lithuania,Subscriptions,Cable,Fixed broadband,2019-Q4,20620.0,Subscriptions,2019,Q4
Lithuania,Subscriptions,Cable,Fixed broadband,2020-Q2,20066.0,Subscriptions,2020,Q2
Lithuania,Subscriptions,Cable,Fixed broadband,2020-Q4,19858.0,Subscriptions,2020,Q4
Lithuania,Subscriptions,Cable,Fixed broadband,2021-Q2,19402.0,Subscriptions,2021,Q2
Lithuania,Subscriptions,Cable,Fixed broadband,2021-Q4,18820.0,Subscriptions,2021,Q4
Lithuania,Subscriptions,Cable,Fixed broadband,2022-Q2,18060.0,Subscriptions,2022,Q2
Lithuania,Subscriptions,Cable,Fixed broadband,2022-Q4,17390.0,Subscriptions,2022,Q4
Lithuania,Subscriptions,Cable,Fixed broadband,2023-Q2,16812.0,Subscriptions,2023,Q2
Lithuania,Subscriptions,Cable,Fixed broadband,2023-Q4,16552.0,Subscriptions,2023,Q4
Lithuania,Subscriptions,Cable,Fixed broadband,2024-Q2,15917.0,Subscriptions,2024,Q2
Lithuania,Subscriptions,Cable,Fixed broadband,2024-Q4,15457.0,Subscriptions,2024,Q4
Luxembourg,Subscriptions,Cable,Fixed broadband,2018-Q2,22300.0,Subscriptions,2018,Q2
Luxembourg,Subscriptions,Cable,Fixed broadband,2018-Q4,22300.0,Subscriptions,2018,Q4
Luxembourg,Subscriptions,Cable,Fixed broadband,2019-Q2,22450.0,Subscriptions,2019,Q2
Luxembourg,Subscriptions,Cable,Fixed broadband,2019-Q4,22400.0,Subscriptions,2019,Q4
Luxembourg,Subscriptions,Cable,Fixed broadband,2020-Q2,21400.0,Subscriptions,2020,Q2
Luxembourg,Subscriptions,Cable,Fixed broadband,2020-Q4,22100.0,Subscriptions,2020,Q4
Luxembourg,Subscriptions,Cable,Fixed broadband,2021-Q2,24800.0,Subscriptions,2021,Q2
Luxembourg,Subscriptions,Cable,Fixed broadband,2021-Q4,23100.0,Subscriptions,2021,Q4
Luxembourg,Subscriptions,Cable,Fixed broadband,2022-Q2,26170.0,Subscriptions,2022,Q2
Luxembourg,Subscriptions,Cable,Fixed broadband,2022-Q4,24200.0,Subscriptions,2022,Q4
Luxembourg,Subscriptions,Cable,Fixed broadband,2023-Q2,23700.0,Subscriptions,2023,Q2
Luxembourg,Subscriptions,Cable,Fixed broadband,2023-Q4,23500.0,Subscriptions,2023,Q4
Luxembourg,Subscriptions,Cable,Fixed broadband,2024-Q2,23800.0,Subscriptions,2024,Q2
Luxembourg,Subscriptions,Cable,Fixed broadband,2024-Q4,27400.0,Subscriptions,2024,Q4
Mexico,Subscriptions,Cable,Fixed broadband,2018-Q2,6724949.0,Subscriptions,2018,Q2
Mexico,Subscriptions,Cable,Fixed broadband,2018-Q4,6985267.0,Subscriptions,2018,Q4
Mexico,Subscriptions,Cable,Fixed broadband,2019-Q2,7172301.0,Subscriptions,2019,Q2
Mexico,Subscriptions,Cable,Fixed broadband,2019-Q4,7545320.0,Subscriptions,2019,Q4
Mexico,Subscriptions,Cable,Fixed broadband,2020-Q2,8054776.0,Subscriptions,2020,Q2
Mexico,Subscriptions,Cable,Fixed broadband,2020-Q4,8902034.0,Subscriptions,2020,Q4
Mexico,Subscriptions,Cable,Fixed broadband,2021-Q2,8875289.0,Subscriptions,2021,Q2
Mexico,Subscriptions,Cable,Fixed broadband,2021-Q4,9237229.0,Subscriptions,2021,Q4
Mexico,Subscriptions,Cable,Fixed broadband,2022-Q2,9469938.0,Subscriptions,2022,Q2
Mexico,Subscriptions,Cable,Fixed broadband,2022-Q4,10104159.0,Subscriptions,2022,Q4
Mexico,Subscriptions,Cable,Fixed broadband,2023-Q2,6012381.0,Subscriptions,2023,Q2
Mexico,Subscriptions,Cable,Fixed broadband,2023-Q4,5658715.0,Subscriptions,2023,Q4
Mexico,Subscriptions,Cable,Fixed broadband,2024-Q2,5693080.0,Subscriptions,2024,Q2
Mexico,Subscriptions,Cable,Fixed broadband,2024-Q4,5619403.0,Subscriptions,2024,Q4
Netherlands,Subscriptions,Cable,Fixed broadband,2018-Q2,3455000.0,Subscriptions,2018,Q2
Netherlands,Subscriptions,Cable,Fixed broadband,2018-Q4,3471000.0,Subscriptions,2018,Q4
Netherlands,Subscriptions,Cable,Fixed broadband,2019-Q2,3494812.0,Subscriptions,2019,Q2
Netherlands,Subscriptions,Cable,Fixed broadband,2019-Q4,3510984.0,Subscriptions,2019,Q4
Netherlands,Subscriptions,Cable,Fixed broadband,2020-Q2,3519727.0,Subscriptions,2020,Q2
Netherlands,Subscriptions,Cable,Fixed broadband,2020-Q4,3502000.0,Subscriptions,2020,Q4
Netherlands,Subscriptions,Cable,Fixed broadband,2021-Q2,3492000.0,Subscriptions,2021,Q2
Netherlands,Subscriptions,Cable,Fixed broadband,2021-Q4,3467932.0,Subscriptions,2021,Q4
Netherlands,Subscriptions,Cable,Fixed broadband,2022-Q2,3444777.0,Subscriptions,2022,Q2
Netherlands,Subscriptions,Cable,Fixed broadband,2022-Q4,3430000.0,Subscriptions,2022,Q4
Netherlands,Subscriptions,Cable,Fixed broadband,2023-Q2,3382000.0,Subscriptions,2023,Q2
Netherlands,Subscriptions,Cable,Fixed broadband,2023-Q4,3325000.0,Subscriptions,2023,Q4
Netherlands,Subscriptions,Cable,Fixed broadband,2024-Q2,3274000.0,Subscriptions,2024,Q2
Netherlands,Subscriptions,Cable,Fixed broadband,2024-Q4,3213000.0,Subscriptions,2024,Q4
New Zealand,Subscriptions,Cable,Fixed broadband,2018-Q2,66000.0,Subscriptions,2018,Q2
New Zealand,Subscriptions,Cable,Fixed broadband,2018-Q4,63000.0,Subscriptions,2018,Q4
New Zealand,Subscriptions,Cable,Fixed broadband,2019-Q2,64000.0,Subscriptions,2019,Q2
New Zealand,Subscriptions,Cable,Fixed broadband,2019-Q4,55000.0,Subscriptions,2019,Q4
New Zealand,Subscriptions,Cable,Fixed broadband,2020-Q2,51000.0,Subscriptions,2020,Q2
New Zealand,Subscriptions,Cable,Fixed broadband,2020-Q4,47000.0,Subscriptions,2020,Q4
New Zealand,Subscriptions,Cable,Fixed broadband,2021-Q2,47000.0,Subscriptions,2021,Q2
New Zealand,Subscriptions,Cable,Fixed broadband,2021-Q4,39000.0,Subscriptions,2021,Q4
New Zealand,Subscriptions,Cable,Fixed broadband,2022-Q2,36000.0,Subscriptions,2022,Q2
New Zealand,Subscriptions,Cable,Fixed broadband,2022-Q4,33000.0,Subscriptions,2022,Q4
New Zealand,Subscriptions,Cable,Fixed broadband,2023-Q2,32000.0,Subscriptions,2023,Q2
New Zealand,Subscriptions,Cable,Fixed broadband,2023-Q4,30000.0,Subscriptions,2023,Q4
New Zealand,Subscriptions,Cable,Fixed broadband,2024-Q2,29000.0,Subscriptions,2024,Q2
New Zealand,Subscriptions,Cable,Fixed broadband,2024-Q4,28000.0,Subscriptions,2024,Q4
Norway,Subscriptions,Cable,Fixed broadband,2018-Q2,615437.0,Subscriptions,2018,Q2
Norway,Subscriptions,Cable,Fixed broadband,2018-Q4,606783.0,Subscriptions,2018,Q4
Norway,Subscriptions,Cable,Fixed broadband,2019-Q2,602610.0,Subscriptions,2019,Q2
Norway,Subscriptions,Cable,Fixed broadband,2019-Q4,598047.0,Subscriptions,2019,Q4
Norway,Subscriptions,Cable,Fixed broadband,2020-Q2,590907.0,Subscriptions,2020,Q2
Norway,Subscriptions,Cable,Fixed broadband,2020-Q4,576547.0,Subscriptions,2020,Q4
Norway,Subscriptions,Cable,Fixed broadband,2021-Q2,561607.0,Subscriptions,2021,Q2
Norway,Subscriptions,Cable,Fixed broadband,2021-Q4,541364.0,Subscriptions,2021,Q4
Norway,Subscriptions,Cable,Fixed broadband,2022-Q2,526672.0,Subscriptions,2022,Q2
Norway,Subscriptions,Cable,Fixed broadband,2022-Q4,501470.0,Subscriptions,2022,Q4
Norway,Subscriptions,Cable,Fixed broadband,2023-Q2,478283.0,Subscriptions,2023,Q2
Norway,Subscriptions,Cable,Fixed broadband,2023-Q4,449280.0,Subscriptions,2023,Q4
Norway,Subscriptions,Cable,Fixed broadband,2024-Q2,421122.0,Subscriptions,2024,Q2
Norway,Subscriptions,Cable,Fixed broadband,2024-Q4,394173.0,Subscriptions,2024,Q4
Poland,Subscriptions,Cable,Fixed broadband,2018-Q2,2632305.0,Subscriptions,2018,Q2
Poland,Subscriptions,Cable,Fixed broadband,2018-Q4,2815437.0,Subscriptions,2018,Q4
Poland,Subscriptions,Cable,Fixed broadband,2019-Q2,2740323.0,Subscriptions,2019,Q2
Poland,Subscriptions,Cable,Fixed broadband,2019-Q4,2845261.0,Subscriptions,2019,Q4
Poland,Subscriptions,Cable,Fixed broadband,2020-Q2,2795889.0,Subscriptions,2020,Q2
Poland,Subscriptions,Cable,Fixed broadband,2020-Q4,2892741.0,Subscriptions,2020,Q4
Poland,Subscriptions,Cable,Fixed broadband,2021-Q2,2813493.0,Subscriptions,2021,Q2
Poland,Subscriptions,Cable,Fixed broadband,2021-Q4,2932562.0,Subscriptions,2021,Q4
Poland,Subscriptions,Cable,Fixed broadband,2022-Q2,2879008.0,Subscriptions,2022,Q2
Poland,Subscriptions,Cable,Fixed broadband,2022-Q4,2977502.0,Subscriptions,2022,Q4
Poland,Subscriptions,Cable,Fixed broadband,2023-Q2,2917606.0,Subscriptions,2023,Q2
Poland,Subscriptions,Cable,Fixed broadband,2023-Q4,2826651.0,Subscriptions,2023,Q4
Poland,Subscriptions,Cable,Fixed broadband,2024-Q2,2614387.0,Subscriptions,2024,Q2
Poland,Subscriptions,Cable,Fixed broadband,2024-Q4,2500634.0,Subscriptions,2024,Q4
Portugal,Subscriptions,Cable,Fixed broadband,2018-Q2,1170652.0,Subscriptions,2018,Q2
Portugal,Subscriptions,Cable,Fixed broadband,2018-Q4,1180899.0,Subscriptions,2018,Q4
Portugal,Subscriptions,Cable,Fixed broadband,2019-Q2,1184175.0,Subscriptions,2019,Q2
Portugal,Subscriptions,Cable,Fixed broadband,2019-Q4,1195755.0,Subscriptions,2019,Q4
Portugal,Subscriptions,Cable,Fixed broadband,2020-Q2,1203516.0,Subscriptions,2020,Q2
Portugal,Subscriptions,Cable,Fixed broadband,2020-Q4,1204074.0,Subscriptions,2020,Q4
Portugal,Subscriptions,Cable,Fixed broadband,2021-Q2,1196671.0,Subscriptions,2021,Q2
Portugal,Subscriptions,Cable,Fixed broadband,2021-Q4,1195396.0,Subscriptions,2021,Q4
Portugal,Subscriptions,Cable,Fixed broadband,2022-Q2,1190584.0,Subscriptions,2022,Q2
Portugal,Subscriptions,Cable,Fixed broadband,2022-Q4,1188983.0,Subscriptions,2022,Q4
Portugal,Subscriptions,Cable,Fixed broadband,2023-Q2,1178800.0,Subscriptions,2023,Q2
Portugal,Subscriptions,Cable,Fixed broadband,2023-Q4,1171993.0,Subscriptions,2023,Q4
Portugal,Subscriptions,Cable,Fixed broadband,2024-Q2,1068276.0,Subscriptions,2024,Q2
Portugal,Subscriptions,Cable,Fixed broadband,2024-Q4,1040466.0,Subscriptions,2024,Q4
Slovak Republic,Subscriptions,Cable,Fixed broadband,2018-Q2,175006.0,Subscriptions,2018,Q2
Slovak Republic,Subscriptions,Cable,Fixed broadband,2018-Q4,181169.0,Subscriptions,2018,Q4
Slovak Republic,Subscriptions,Cable,Fixed broadband,2019-Q2,179727.0,Subscriptions,2019,Q2
Slovak Republic,Subscriptions,Cable,Fixed broadband,2019-Q4,180956.0,Subscriptions,2019,Q4
Slovak Republic,Subscriptions,Cable,Fixed broadband,2020-Q2,193047.0,Subscriptions,2020,Q2
Slovak Republic,Subscriptions,Cable,Fixed broadband,2020-Q4,195305.0,Subscriptions,2020,Q4
Slovak Republic,Subscriptions,Cable,Fixed broadband,2021-Q2,193169.0,Subscriptions,2021,Q2
Slovak Republic,Subscriptions,Cable,Fixed broadband,2021-Q4,190515.0,Subscriptions,2021,Q4
Slovak Republic,Subscriptions,Cable,Fixed broadband,2022-Q2,190347.0,Subscriptions,2022,Q2
Slovak Republic,Subscriptions,Cable,Fixed broadband,2022-Q4,189461.0,Subscriptions,2022,Q4
Slovak Republic,Subscriptions,Cable,Fixed broadband,2023-Q2,186582.0,Subscriptions,2023,Q2
Slovak Republic,Subscriptions,Cable,Fixed broadband,2023-Q4,184959.0,Subscriptions,2023,Q4
Slovak Republic,Subscriptions,Cable,Fixed broadband,2024-Q2,182888.0,Subscriptions,2024,Q2
Slovak Republic,Subscriptions,Cable,Fixed broadband,2024-Q4,179261.0,Subscriptions,2024,Q4
Slovenia,Subscriptions,Cable,Fixed broadband,2018-Q2,176553.0,Subscriptions,2018,Q2
Slovenia,Subscriptions,Cable,Fixed broadband,2018-Q4,175803.0,Subscriptions,2018,Q4
Slovenia,Subscriptions,Cable,Fixed broadband,2019-Q2,173746.0,Subscriptions,2019,Q2
Slovenia,Subscriptions,Cable,Fixed broadband,2019-Q4,174441.0,Subscriptions,2019,Q4
Slovenia,Subscriptions,Cable,Fixed broadband,2020-Q2,177629.0,Subscriptions,2020,Q2
Slovenia,Subscriptions,Cable,Fixed broadband,2020-Q4,182825.0,Subscriptions,2020,Q4
Slovenia,Subscriptions,Cable,Fixed broadband,2021-Q2,184247.0,Subscriptions,2021,Q2
Slovenia,Subscriptions,Cable,Fixed broadband,2021-Q4,182315.0,Subscriptions,2021,Q4
Slovenia,Subscriptions,Cable,Fixed broadband,2022-Q2,180365.0,Subscriptions,2022,Q2
Slovenia,Subscriptions,Cable,Fixed broadband,2022-Q4,177921.0,Subscriptions,2022,Q4
Slovenia,Subscriptions,Cable,Fixed broadband,2023-Q2,175698.0,Subscriptions,2023,Q2
Slovenia,Subscriptions,Cable,Fixed broadband,2023-Q4,173242.0,Subscriptions,2023,Q4
Slovenia,Subscriptions,Cable,Fixed broadband,2024-Q2,169836.0,Subscriptions,2024,Q2
Slovenia,Subscriptions,Cable,Fixed broadband,2024-Q4,164694.0,Subscriptions,2024,Q4
Spain,Subscriptions,Cable,Fixed broadband,2018-Q2,2508682.0,Subscriptions,2018,Q2
Spain,Subscriptions,Cable,Fixed broadband,2018-Q4,2391281.0,Subscriptions,2018,Q4
Spain,Subscriptions,Cable,Fixed broadband,2019-Q2,2315014.0,Subscriptions,2019,Q2
Spain,Subscriptions,Cable,Fixed broadband,2019-Q4,2259830.0,Subscriptions,2019,Q4
Spain,Subscriptions,Cable,Fixed broadband,2020-Q2,2236025.0,Subscriptions,2020,Q2
Spain,Subscriptions,Cable,Fixed broadband,2020-Q4,2163086.0,Subscriptions,2020,Q4
Spain,Subscriptions,Cable,Fixed broadband,2021-Q2,2065866.0,Subscriptions,2021,Q2
Spain,Subscriptions,Cable,Fixed broadband,2021-Q4,1919716.0,Subscriptions,2021,Q4
Spain,Subscriptions,Cable,Fixed broadband,2022-Q2,1808144.0,Subscriptions,2022,Q2
Spain,Subscriptions,Cable,Fixed broadband,2022-Q4,1712809.0,Subscriptions,2022,Q4
Spain,Subscriptions,Cable,Fixed broadband,2023-Q2,1576894.0,Subscriptions,2023,Q2
Spain,Subscriptions,Cable,Fixed broadband,2023-Q4,1494628.0,Subscriptions,2023,Q4
Spain,Subscriptions,Cable,Fixed broadband,2024-Q2,1362205.0,Subscriptions,2024,Q2
Spain,Subscriptions,Cable,Fixed broadband,2024-Q4,1300490.0,Subscriptions,2024,Q4
Sweden,Subscriptions,Cable,Fixed broadband,2018-Q2,676894.0,Subscriptions,2018,Q2
Sweden,Subscriptions,Cable,Fixed broadband,2018-Q4,675240.0,Subscriptions,2018,Q4
Sweden,Subscriptions,Cable,Fixed broadband,2019-Q2,671238.0,Subscriptions,2019,Q2
Sweden,Subscriptions,Cable,Fixed broadband,2019-Q4,666521.0,Subscriptions,2019,Q4
Sweden,Subscriptions,Cable,Fixed broadband,2020-Q2,666248.0,Subscriptions,2020,Q2
Sweden,Subscriptions,Cable,Fixed broadband,2020-Q4,672978.0,Subscriptions,2020,Q4
Sweden,Subscriptions,Cable,Fixed broadband,2021-Q2,695820.0,Subscriptions,2021,Q2
Sweden,Subscriptions,Cable,Fixed broadband,2021-Q4,689286.0,Subscriptions,2021,Q4
Sweden,Subscriptions,Cable,Fixed broadband,2022-Q2,683115.0,Subscriptions,2022,Q2
Sweden,Subscriptions,Cable,Fixed broadband,2022-Q4,674352.0,Subscriptions,2022,Q4
Sweden,Subscriptions,Cable,Fixed broadband,2023-Q2,674322.0,Subscriptions,2023,Q2
Sweden,Subscriptions,Cable,Fixed broadband,2023-Q4,671787.0,Subscriptions,2023,Q4
Sweden,Subscriptions,Cable,Fixed broadband,2024-Q2,665091.0,Subscriptions,2024,Q2
Sweden,Subscriptions,Cable,Fixed broadband,2024-Q4,663462.0,Subscriptions,2024,Q4
Switzerland,Subscriptions,Cable,Fixed broadband,2018-Q2,1194914.0,Subscriptions,2018,Q2
Switzerland,Subscriptions,Cable,Fixed broadband,2018-Q4,1131234.0,Subscriptions,2018,Q4
Switzerland,Subscriptions,Cable,Fixed broadband,2019-Q2,1129073.0,Subscriptions,2019,Q2
Switzerland,Subscriptions,Cable,Fixed broadband,2019-Q4,1126912.0,Subscriptions,2019,Q4
Switzerland,Subscriptions,Cable,Fixed broadband,2020-Q2,1091404.0,Subscriptions,2020,Q2
Switzerland,Subscriptions,Cable,Fixed broadband,2020-Q4,1055896.0,Subscriptions,2020,Q4
Switzerland,Subscriptions,Cable,Fixed broadband,2021-Q2,1056284.0,Subscriptions,2021,Q2
Switzerland,Subscriptions,Cable,Fixed broadband,2021-Q4,1056672.0,Subscriptions,2021,Q4
Switzerland,Subscriptions,Cable,Fixed broadband,2022-Q2,1043923.0,Subscriptions,2022,Q2
Switzerland,Subscriptions,Cable,Fixed broadband,2022-Q4,1032594.0,Subscriptions,2022,Q4
Switzerland,Subscriptions,Cable,Fixed broadband,2023-Q2,1026093.0,Subscriptions,2023,Q2
Switzerland,Subscriptions,Cable,Fixed broadband,2023-Q4,1030309.0,Subscriptions,2023,Q4
Switzerland,Subscriptions,Cable,Fixed broadband,2024-Q2,1028252.0,Subscriptions,2024,Q2
Switzerland,Subscriptions,Cable,Fixed broadband,2024-Q4,995442.0,Subscriptions,2024,Q4
Türkiye,Subscriptions,Cable,Fixed broadband,2018-Q2,858475.0,Subscriptions,2018,Q2
Türkiye,Subscriptions,Cable,Fixed broadband,2018-Q4,932121.0,Subscriptions,2018,Q4
Türkiye,Subscriptions,Cable,Fixed broadband,2019-Q2,982493.0,Subscriptions,2019,Q2
Türkiye,Subscriptions,Cable,Fixed broadband,2019-Q4,1084446.0,Subscriptions,2019,Q4
Türkiye,Subscriptions,Cable,Fixed broadband,2020-Q2,1178400.0,Subscriptions,2020,Q2
Türkiye,Subscriptions,Cable,Fixed broadband,2020-Q4,1298340.0,Subscriptions,2020,Q4
Türkiye,Subscriptions,Cable,Fixed broadband,2021-Q2,1338593.0,Subscriptions,2021,Q2
Türkiye,Subscriptions,Cable,Fixed broadband,2021-Q4,1373647.0,Subscriptions,2021,Q4
Türkiye,Subscriptions,Cable,Fixed broadband,2022-Q2,1387448.0,Subscriptions,2022,Q2
Türkiye,Subscriptions,Cable,Fixed broadband,2022-Q4,1419362.0,Subscriptions,2022,Q4
Türkiye,Subscriptions,Cable,Fixed broadband,2023-Q2,1445530.0,Subscriptions,2023,Q2
Türkiye,Subscriptions,Cable,Fixed broadband,2023-Q4,1464420.0,Subscriptions,2023,Q4
Türkiye,Subscriptions,Cable,Fixed broadband,2024-Q2,1442177.0,Subscriptions,2024,Q2
Türkiye,Subscriptions,Cable,Fixed broadband,2024-Q4,1471221.0,Subscriptions,2024,Q4
United Kingdom,Subscriptions,Cable,Fixed broadband,2018-Q2,5172941.0,Subscriptions,2018,Q2
United Kingdom,Subscriptions,Cable,Fixed broadband,2018-Q4,5225155.0,Subscriptions,2018,Q4
United Kingdom,Subscriptions,Cable,Fixed broadband,2019-Q2,5273391.0,Subscriptions,2019,Q2
United Kingdom,Subscriptions,Cable,Fixed broadband,2019-Q4,5080143.0,Subscriptions,2019,Q4
United Kingdom,Subscriptions,Cable,Fixed broadband,2020-Q2,5145132.0,Subscriptions,2020,Q2
United Kingdom,Subscriptions,Cable,Fixed broadband,2020-Q4,5267841.0,Subscriptions,2020,Q4
United Kingdom,Subscriptions,Cable,Fixed broadband,2021-Q2,5393111.0,Subscriptions,2021,Q2
United Kingdom,Subscriptions,Cable,Fixed broadband,2021-Q4,5403295.0,Subscriptions,2021,Q4
United Kingdom,Subscriptions,Cable,Fixed broadband,2022-Q2,5398967.0,Subscriptions,2022,Q2
United Kingdom,Subscriptions,Cable,Fixed broadband,2022-Q4,5439859.0,Subscriptions,2022,Q4
United Kingdom,Subscriptions,Cable,Fixed broadband,2023-Q2,5418968.0,Subscriptions,2023,Q2
United Kingdom,Subscriptions,Cable,Fixed broadband,2023-Q4,5533267.0,Subscriptions,2023,Q4
United Kingdom,Subscriptions,Cable,Fixed broadband,2024-Q2,5327078.0,Subscriptions,2024,Q2
United Kingdom,Subscriptions,Cable,Fixed broadband,2024-Q4,5268969.0,Subscriptions,2024,Q4
United States,Subscriptions,Cable,Fixed broadband,2018-Q2,67163000.0,Subscriptions,2018,Q2
United States,Subscriptions,Cable,Fixed broadband,2018-Q4,68857000.0,Subscriptions,2018,Q4
United States,Subscriptions,Cable,Fixed broadband,2019-Q2,70771000.0,Subscriptions,2019,Q2
United States,Subscriptions,Cable,Fixed broadband,2019-Q4,72516000.0,Subscriptions,2019,Q4
United States,Subscriptions,Cable,Fixed broadband,2020-Q2,75835000.0,Subscriptions,2020,Q2
United States,Subscriptions,Cable,Fixed broadband,2020-Q4,77810000.0,Subscriptions,2020,Q4
United States,Subscriptions,Cable,Fixed broadband,2021-Q2,76496000.0,Subscriptions,2021,Q2
United States,Subscriptions,Cable,Fixed broadband,2021-Q4,79969000.0,Subscriptions,2021,Q4
United States,Subscriptions,Cable,Fixed broadband,2022-Q2,80022000.0,Subscriptions,2022,Q2
United States,Subscriptions,Cable,Fixed broadband,2022-Q4,80110000.0,Subscriptions,2022,Q4
United States,Subscriptions,Cable,Fixed broadband,2023-Q2,79520000.0,Subscriptions,2023,Q2
United States,Subscriptions,Cable,Fixed broadband,2023-Q4,79083000.0,Subscriptions,2023,Q4
United States,Subscriptions,Cable,Fixed broadband,2024-Q2,78181000.0,Subscriptions,2024,Q2
United States,Subscriptions,Cable,Fixed broadband,2024-Q4,77257000.0,Subscriptions,2024,Q4
OECD,Subscriptions,Cable,Fixed broadband,2018-Q2,136906978.0,Subscriptions,2018,Q2
OECD,Subscriptions,Cable,Fixed broadband,2018-Q4,140238716.0,Subscriptions,2018,Q4
OECD,Subscriptions,Cable,Fixed broadband,2019-Q2,142748782.0,Subscriptions,2019,Q2
OECD,Subscriptions,Cable,Fixed broadband,2019-Q4,145456905.0,Subscriptions,2019,Q4
OECD,Subscriptions,Cable,Fixed broadband,2020-Q2,149983313.0,Subscriptions,2020,Q2
OECD,Subscriptions,Cable,Fixed broadband,2020-Q4,153440420.0,Subscriptions,2020,Q4
OECD,Subscriptions,Cable,Fixed broadband,2021-Q2,152088646.0,Subscriptions,2021,Q2
OECD,Subscriptions,Cable,Fixed broadband,2021-Q4,155442090.0,Subscriptions,2021,Q4
OECD,Subscriptions,Cable,Fixed broadband,2022-Q2,154931489.0,Subscriptions,2022,Q2
OECD,Subscriptions,Cable,Fixed broadband,2022-Q4,154877810.0,Subscriptions,2022,Q4
OECD,Subscriptions,Cable,Fixed broadband,2023-Q2,149178130.0,Subscriptions,2023,Q2
OECD,Subscriptions,Cable,Fixed broadband,2023-Q4,146981114.0,Subscriptions,2023,Q4
OECD,Subscriptions,Cable,Fixed broadband,2024-Q2,144033575.0,Subscriptions,2024,Q2
OECD,Subscriptions,Cable,Fixed broadband,2024-Q4,141716344.0,Subscriptions,2024,Q4
Brazil,Subscriptions,Cable,Fixed broadband,2018-Q2,9328491.0,Subscriptions,2018,Q2
Brazil,Subscriptions,Cable,Fixed broadband,2018-Q4,9496397.0,Subscriptions,2018,Q4
Brazil,Subscriptions,Cable,Fixed broadband,2019-Q2,9660341.0,Subscriptions,2019,Q2
Brazil,Subscriptions,Cable,Fixed broadband,2019-Q4,9589685.0,Subscriptions,2019,Q4
Brazil,Subscriptions,Cable,Fixed broadband,2020-Q2,9655707.0,Subscriptions,2020,Q2
Brazil,Subscriptions,Cable,Fixed broadband,2020-Q4,9585016.0,Subscriptions,2020,Q4
Brazil,Subscriptions,Cable,Fixed broadband,2021-Q2,9345797.0,Subscriptions,2021,Q2
Brazil,Subscriptions,Cable,Fixed broadband,2021-Q4,9155265.0,Subscriptions,2021,Q4
Brazil,Subscriptions,Cable,Fixed broadband,2022-Q2,9041794.0,Subscriptions,2022,Q2
Brazil,Subscriptions,Cable,Fixed broadband,2022-Q4,8874669.0,Subscriptions,2022,Q4
Brazil,Subscriptions,Cable,Fixed broadband,2023-Q2,8816996.0,Subscriptions,2023,Q2
Brazil,Subscriptions,Cable,Fixed broadband,2023-Q4,8702705.0,Subscriptions,2023,Q4
Brazil,Subscriptions,Cable,Fixed broadband,2024-Q2,8622283.0,Subscriptions,2024,Q2
Brazil,Subscriptions,Cable,Fixed broadband,2024-Q4,8457145.0,Subscriptions,2024,Q4
Bulgaria,Subscriptions,Cable,Fixed broadband,2018-Q2,307931.0,Subscriptions,2018,Q2
Bulgaria,Subscriptions,Cable,Fixed broadband,2018-Q4,300908.0,Subscriptions,2018,Q4
Bulgaria,Subscriptions,Cable,Fixed broadband,2019-Q2,282769.0,Subscriptions,2019,Q2
Bulgaria,Subscriptions,Cable,Fixed broadband,2019-Q4,305452.0,Subscriptions,2019,Q4
Bulgaria,Subscriptions,Cable,Fixed broadband,2020-Q2,304964.0,Subscriptions,2020,Q2
Bulgaria,Subscriptions,Cable,Fixed broadband,2020-Q4,302460.0,Subscriptions,2020,Q4
Bulgaria,Subscriptions,Cable,Fixed broadband,2021-Q2,303488.0,Subscriptions,2021,Q2
Bulgaria,Subscriptions,Cable,Fixed broadband,2021-Q4,295335.0,Subscriptions,2021,Q4
Bulgaria,Subscriptions,Cable,Fixed broadband,2022-Q2,296614.0,Subscriptions,2022,Q2
Bulgaria,Subscriptions,Cable,Fixed broadband,2022-Q4,284938.0,Subscriptions,2022,Q4
Bulgaria,Subscriptions,Cable,Fixed broadband,2023-Q2,282166.0,Subscriptions,2023,Q2
Bulgaria,Subscriptions,Cable,Fixed broadband,2023-Q4,264669.0,Subscriptions,2023,Q4
Bulgaria,Subscriptions,Cable,Fixed broadband,2024-Q2,258309.0,Subscriptions,2024,Q2
Bulgaria,Subscriptions,Cable,Fixed broadband,2024-Q4,241450.0,Subscriptions,2024,Q4
Croatia,Subscriptions,Cable,Fixed broadband,2018-Q4,163148.0,Subscriptions,2018,Q4
Croatia,Subscriptions,Cable,Fixed broadband,2019-Q4,166957.0,Subscriptions,2019,Q4
Croatia,Subscriptions,Cable,Fixed broadband,2020-Q4,168016.0,Subscriptions,2020,Q4
Croatia,Subscriptions,Cable,Fixed broadband,2021-Q4,174771.0,Subscriptions,2021,Q4
Croatia,Subscriptions,Cable,Fixed broadband,2022-Q4,178014.0,Subscriptions,2022,Q4
Croatia,Subscriptions,Cable,Fixed broadband,2023-Q2,176331.0,Subscriptions,2023,Q2
Croatia,Subscriptions,Cable,Fixed broadband,2023-Q4,173459.0,Subscriptions,2023,Q4
Croatia,Subscriptions,Cable,Fixed broadband,2024-Q2,171725.0,Subscriptions,2024,Q2
Croatia,Subscriptions,Cable,Fixed broadband,2024-Q4,161944.0,Subscriptions,2024,Q4
Peru,Subscriptions,Cable,Fixed broadband,2018-Q4,1620910.0,Subscriptions,2018,Q4
Peru,Subscriptions,Cable,Fixed broadband,2019-Q4,1699914.0,Subscriptions,2019,Q4
Peru,Subscriptions,Cable,Fixed broadband,2020-Q4,1917154.0,Subscriptions,2020,Q4
Peru,Subscriptions,Cable,Fixed broadband,2021-Q4,2011685.0,Subscriptions,2021,Q4
Peru,Subscriptions,Cable,Fixed broadband,2022-Q4,1761583.0,Subscriptions,2022,Q4
Peru,Subscriptions,Cable,Fixed broadband,2023-Q4,1332066.0,Subscriptions,2023,Q4
Peru,Subscriptions,Cable,Fixed broadband,2024-Q4,924467.0,Subscriptions,2024,Q4
Romania,Subscriptions,Cable,Fixed broadband,2018-Q2,1139216.0,Subscriptions,2018,Q2
Romania,Subscriptions,Cable,Fixed broadband,2018-Q4,1105866.0,Subscriptions,2018,Q4
Romania,Subscriptions,Cable,Fixed broadband,2019-Q2,1068602.0,Subscriptions,2019,Q2
Romania,Subscriptions,Cable,Fixed broadband,2019-Q4,1025365.0,Subscriptions,2019,Q4
Romania,Subscriptions,Cable,Fixed broadband,2020-Q2,1016107.0,Subscriptions,2020,Q2
Romania,Subscriptions,Cable,Fixed broadband,2020-Q4,923999.0,Subscriptions,2020,Q4
Romania,Subscriptions,Cable,Fixed broadband,2021-Q2,861975.0,Subscriptions,2021,Q2
Romania,Subscriptions,Cable,Fixed broadband,2021-Q4,793173.0,Subscriptions,2021,Q4
Romania,Subscriptions,Cable,Fixed broadband,2022-Q2,727157.0,Subscriptions,2022,Q2
Romania,Subscriptions,Cable,Fixed broadband,2022-Q4,712292.0,Subscriptions,2022,Q4
Romania,Subscriptions,Cable,Fixed broadband,2023-Q2,698276.0,Subscriptions,2023,Q2
Romania,Subscriptions,Cable,Fixed broadband,2023-Q4,697051.0,Subscriptions,2023,Q4
Romania,Subscriptions,Cable,Fixed broadband,2024-Q2,679348.0,Subscriptions,2024,Q2
Romania,Subscriptions,Cable,Fixed broadband,2024-Q4,659160.0,Subscriptions,2024,Q4
Austria,Subscriptions,Other technologies,Fixed broadband,2018-Q2,500.0,Subscriptions,2018,Q2
Austria,Subscriptions,Other technologies,Fixed broadband,2018-Q4,500.0,Subscriptions,2018,Q4
Austria,Subscriptions,Other technologies,Fixed broadband,2019-Q2,616.0,Subscriptions,2019,Q2
Austria,Subscriptions,Other technologies,Fixed broadband,2019-Q4,662.0,Subscriptions,2019,Q4
Austria,Subscriptions,Other technologies,Fixed broadband,2020-Q2,1161.0,Subscriptions,2020,Q2
Austria,Subscriptions,Other technologies,Fixed broadband,2020-Q4,1927.0,Subscriptions,2020,Q4
Austria,Subscriptions,Other technologies,Fixed broadband,2021-Q2,3486.0,Subscriptions,2021,Q2
Austria,Subscriptions,Other technologies,Fixed broadband,2021-Q4,2068.0,Subscriptions,2021,Q4
Austria,Subscriptions,Other technologies,Fixed broadband,2022-Q2,4611.0,Subscriptions,2022,Q2
Austria,Subscriptions,Other technologies,Fixed broadband,2022-Q4,2114.0,Subscriptions,2022,Q4
Austria,Subscriptions,Other technologies,Fixed broadband,2023-Q2,6101.0,Subscriptions,2023,Q2
Austria,Subscriptions,Other technologies,Fixed broadband,2023-Q4,7071.0,Subscriptions,2023,Q4
Austria,Subscriptions,Other technologies,Fixed broadband,2024-Q2,4632.0,Subscriptions,2024,Q2
Austria,Subscriptions,Other technologies,Fixed broadband,2024-Q4,6923.0,Subscriptions,2024,Q4
Belgium,Subscriptions,Other technologies,Fixed broadband,2018-Q2,5248.0,Subscriptions,2018,Q2
Belgium,Subscriptions,Other technologies,Fixed broadband,2018-Q4,4467.0,Subscriptions,2018,Q4
Belgium,Subscriptions,Other technologies,Fixed broadband,2019-Q2,3976.0,Subscriptions,2019,Q2
Belgium,Subscriptions,Other technologies,Fixed broadband,2019-Q4,12993.0,Subscriptions,2019,Q4
Belgium,Subscriptions,Other technologies,Fixed broadband,2020-Q2,12849.0,Subscriptions,2020,Q2
Belgium,Subscriptions,Other technologies,Fixed broadband,2020-Q4,12849.0,Subscriptions,2020,Q4
Belgium,Subscriptions,Other technologies,Fixed broadband,2021-Q2,12731.0,Subscriptions,2021,Q2
Belgium,Subscriptions,Other technologies,Fixed broadband,2021-Q4,12834.0,Subscriptions,2021,Q4
Belgium,Subscriptions,Other technologies,Fixed broadband,2022-Q2,12546.0,Subscriptions,2022,Q2
Belgium,Subscriptions,Other technologies,Fixed broadband,2022-Q4,12769.0,Subscriptions,2022,Q4
Belgium,Subscriptions,Other technologies,Fixed broadband,2023-Q2,16231.0,Subscriptions,2023,Q2
Belgium,Subscriptions,Other technologies,Fixed broadband,2023-Q4,12612.0,Subscriptions,2023,Q4
Belgium,Subscriptions,Other technologies,Fixed broadband,2024-Q2,16295.0,Subscriptions,2024,Q2
Belgium,Subscriptions,Other technologies,Fixed broadband,2024-Q4,20196.0,Subscriptions,2024,Q4
Canada,Subscriptions,Other technologies,Fixed broadband,2018-Q2,1735.0,Subscriptions,2018,Q2
Canada,Subscriptions,Other technologies,Fixed broadband,2018-Q4,19890.0,Subscriptions,2018,Q4
Canada,Subscriptions,Other technologies,Fixed broadband,2019-Q2,19890.0,Subscriptions,2019,Q2
Canada,Subscriptions,Other technologies,Fixed broadband,2019-Q4,19734.0,Subscriptions,2019,Q4
Canada,Subscriptions,Other technologies,Fixed broadband,2020-Q2,19734.0,Subscriptions,2020,Q2
Canada,Subscriptions,Other technologies,Fixed broadband,2020-Q4,2371.0,Subscriptions,2020,Q4
Canada,Subscriptions,Other technologies,Fixed broadband,2021-Q2,2371.0,Subscriptions,2021,Q2
Canada,Subscriptions,Other technologies,Fixed broadband,2021-Q4,81398.0,Subscriptions,2021,Q4
Canada,Subscriptions,Other technologies,Fixed broadband,2022-Q2,81398.0,Subscriptions,2022,Q2
Canada,Subscriptions,Other technologies,Fixed broadband,2022-Q4,76210.0,Subscriptions,2022,Q4
Canada,Subscriptions,Other technologies,Fixed broadband,2023-Q2,76210.0,Subscriptions,2023,Q2
Canada,Subscriptions,Other technologies,Fixed broadband,2023-Q4,97151.0,Subscriptions,2023,Q4
Canada,Subscriptions,Other technologies,Fixed broadband,2024-Q2,97151.0,Subscriptions,2024,Q2
Canada,Subscriptions,Other technologies,Fixed broadband,2024-Q4,137710.0,Subscriptions,2024,Q4
Chile,Subscriptions,Other technologies,Fixed broadband,2018-Q2,188513.0,Subscriptions,2018,Q2
Chile,Subscriptions,Other technologies,Fixed broadband,2018-Q4,167789.0,Subscriptions,2018,Q4
Chile,Subscriptions,Other technologies,Fixed broadband,2019-Q2,134304.0,Subscriptions,2019,Q2
Chile,Subscriptions,Other technologies,Fixed broadband,2019-Q4,112292.0,Subscriptions,2019,Q4
Chile,Subscriptions,Other technologies,Fixed broadband,2020-Q2,82939.0,Subscriptions,2020,Q2
Chile,Subscriptions,Other technologies,Fixed broadband,2020-Q4,60991.0,Subscriptions,2020,Q4
Chile,Subscriptions,Other technologies,Fixed broadband,2021-Q2,43445.0,Subscriptions,2021,Q2
Chile,Subscriptions,Other technologies,Fixed broadband,2021-Q4,32997.0,Subscriptions,2021,Q4
Chile,Subscriptions,Other technologies,Fixed broadband,2022-Q2,25511.0,Subscriptions,2022,Q2
Chile,Subscriptions,Other technologies,Fixed broadband,2022-Q4,19808.0,Subscriptions,2022,Q4
Chile,Subscriptions,Other technologies,Fixed broadband,2023-Q2,16353.0,Subscriptions,2023,Q2
Chile,Subscriptions,Other technologies,Fixed broadband,2023-Q4,17593.0,Subscriptions,2023,Q4
Chile,Subscriptions,Other technologies,Fixed broadband,2024-Q2,17388.0,Subscriptions,2024,Q2
Chile,Subscriptions,Other technologies,Fixed broadband,2024-Q4,5593.0,Subscriptions,2024,Q4
Colombia,Subscriptions,Other technologies,Fixed broadband,2018-Q2,258464.0,Subscriptions,2018,Q2
Colombia,Subscriptions,Other technologies,Fixed broadband,2018-Q4,235233.0,Subscriptions,2018,Q4
Colombia,Subscriptions,Other technologies,Fixed broadband,2019-Q2,242852.0,Subscriptions,2019,Q2
Colombia,Subscriptions,Other technologies,Fixed broadband,2019-Q4,112286.0,Subscriptions,2019,Q4
Colombia,Subscriptions,Other technologies,Fixed broadband,2020-Q2,137587.0,Subscriptions,2020,Q2
Colombia,Subscriptions,Other technologies,Fixed broadband,2020-Q4,161001.0,Subscriptions,2020,Q4
Colombia,Subscriptions,Other technologies,Fixed broadband,2021-Q2,167733.0,Subscriptions,2021,Q2
Colombia,Subscriptions,Other technologies,Fixed broadband,2021-Q4,155509.0,Subscriptions,2021,Q4
Colombia,Subscriptions,Other technologies,Fixed broadband,2022-Q2,194203.0,Subscriptions,2022,Q2
Colombia,Subscriptions,Other technologies,Fixed broadband,2022-Q4,180767.0,Subscriptions,2022,Q4
Colombia,Subscriptions,Other technologies,Fixed broadband,2023-Q2,180344.0,Subscriptions,2023,Q2
Colombia,Subscriptions,Other technologies,Fixed broadband,2023-Q4,136278.0,Subscriptions,2023,Q4
Colombia,Subscriptions,Other technologies,Fixed broadband,2024-Q2,206947.0,Subscriptions,2024,Q2
Colombia,Subscriptions,Other technologies,Fixed broadband,2024-Q4,216743.0,Subscriptions,2024,Q4
Costa Rica,Subscriptions,Other technologies,Fixed broadband,2018-Q2,497.0,Subscriptions,2018,Q2
Costa Rica,Subscriptions,Other technologies,Fixed broadband,2018-Q4,601.0,Subscriptions,2018,Q4
Costa Rica,Subscriptions,Other technologies,Fixed broadband,2019-Q2,3.0,Subscriptions,2019,Q2
Costa Rica,Subscriptions,Other technologies,Fixed broadband,2019-Q4,703.0,Subscriptions,2019,Q4
Costa Rica,Subscriptions,Other technologies,Fixed broadband,2020-Q2,9.0,Subscriptions,2020,Q2
Costa Rica,Subscriptions,Other technologies,Fixed broadband,2020-Q4,586.0,Subscriptions,2020,Q4
Costa Rica,Subscriptions,Other technologies,Fixed broadband,2021-Q2,171.0,Subscriptions,2021,Q2
Costa Rica,Subscriptions,Other technologies,Fixed broadband,2021-Q4,4.0,Subscriptions,2021,Q4
Costa Rica,Subscriptions,Other technologies,Fixed broadband,2022-Q2,539.0,Subscriptions,2022,Q2
Costa Rica,Subscriptions,Other technologies,Fixed broadband,2022-Q4,600.0,Subscriptions,2022,Q4
Costa Rica,Subscriptions,Other technologies,Fixed broadband,2023-Q2,51.0,Subscriptions,2023,Q2
Costa Rica,Subscriptions,Other technologies,Fixed broadband,2024-Q2,4726.0,Subscriptions,2024,Q2
Costa Rica,Subscriptions,Other technologies,Fixed broadband,2024-Q4,4348.0,Subscriptions,2024,Q4
Czechia,Subscriptions,Other technologies,Fixed broadband,2018-Q2,9.0,Subscriptions,2018,Q2
Czechia,Subscriptions,Other technologies,Fixed broadband,2018-Q4,15.0,Subscriptions,2018,Q4
Czechia,Subscriptions,Other technologies,Fixed broadband,2019-Q2,17.0,Subscriptions,2019,Q2
Czechia,Subscriptions,Other technologies,Fixed broadband,2019-Q4,59.0,Subscriptions,2019,Q4
Czechia,Subscriptions,Other technologies,Fixed broadband,2020-Q2,78.0,Subscriptions,2020,Q2
Czechia,Subscriptions,Other technologies,Fixed broadband,2020-Q4,71.0,Subscriptions,2020,Q4
Czechia,Subscriptions,Other technologies,Fixed broadband,2021-Q2,84.0,Subscriptions,2021,Q2
Czechia,Subscriptions,Other technologies,Fixed broadband,2021-Q4,84.0,Subscriptions,2021,Q4
Czechia,Subscriptions,Other technologies,Fixed broadband,2022-Q2,94.0,Subscriptions,2022,Q2
Czechia,Subscriptions,Other technologies,Fixed broadband,2022-Q4,107.0,Subscriptions,2022,Q4
Czechia,Subscriptions,Other technologies,Fixed broadband,2023-Q2,112.0,Subscriptions,2023,Q2
Czechia,Subscriptions,Other technologies,Fixed broadband,2023-Q4,114.0,Subscriptions,2023,Q4
Czechia,Subscriptions,Other technologies,Fixed broadband,2024-Q2,122.0,Subscriptions,2024,Q2
Czechia,Subscriptions,Other technologies,Fixed broadband,2024-Q4,129.0,Subscriptions,2024,Q4
Denmark,Subscriptions,Other technologies,Fixed broadband,2018-Q2,25057.0,Subscriptions,2018,Q2
Denmark,Subscriptions,Other technologies,Fixed broadband,2018-Q4,25083.0,Subscriptions,2018,Q4
Denmark,Subscriptions,Other technologies,Fixed broadband,2019-Q2,24865.0,Subscriptions,2019,Q2
Denmark,Subscriptions,Other technologies,Fixed broadband,2019-Q4,24868.0,Subscriptions,2019,Q4
Denmark,Subscriptions,Other technologies,Fixed broadband,2020-Q2,25566.0,Subscriptions,2020,Q2
Denmark,Subscriptions,Other technologies,Fixed broadband,2020-Q4,25569.0,Subscriptions,2020,Q4
Denmark,Subscriptions,Other technologies,Fixed broadband,2021-Q2,25786.0,Subscriptions,2021,Q2
Denmark,Subscriptions,Other technologies,Fixed broadband,2021-Q4,24243.0,Subscriptions,2021,Q4
Denmark,Subscriptions,Other technologies,Fixed broadband,2022-Q2,24086.0,Subscriptions,2022,Q2
Denmark,Subscriptions,Other technologies,Fixed broadband,2022-Q4,24030.0,Subscriptions,2022,Q4
Denmark,Subscriptions,Other technologies,Fixed broadband,2023-Q2,23968.0,Subscriptions,2023,Q2
Denmark,Subscriptions,Other technologies,Fixed broadband,2023-Q4,23968.0,Subscriptions,2023,Q4
Denmark,Subscriptions,Other technologies,Fixed broadband,2024-Q2,23948.0,Subscriptions,2024,Q2
Denmark,Subscriptions,Other technologies,Fixed broadband,2024-Q4,23948.0,Subscriptions,2024,Q4
Estonia,Subscriptions,Other technologies,Fixed broadband,2018-Q2,3615.0,Subscriptions,2018,Q2
Estonia,Subscriptions,Other technologies,Fixed broadband,2018-Q4,3643.0,Subscriptions,2018,Q4
Estonia,Subscriptions,Other technologies,Fixed broadband,2019-Q2,3630.0,Subscriptions,2019,Q2
Estonia,Subscriptions,Other technologies,Fixed broadband,2019-Q4,3950.0,Subscriptions,2019,Q4
Estonia,Subscriptions,Other technologies,Fixed broadband,2020-Q2,3355.0,Subscriptions,2020,Q2
Estonia,Subscriptions,Other technologies,Fixed broadband,2020-Q4,3221.0,Subscriptions,2020,Q4
Estonia,Subscriptions,Other technologies,Fixed broadband,2021-Q2,3214.0,Subscriptions,2021,Q2
Estonia,Subscriptions,Other technologies,Fixed broadband,2021-Q4,4716.0,Subscriptions,2021,Q4
Estonia,Subscriptions,Other technologies,Fixed broadband,2022-Q2,2883.0,Subscriptions,2022,Q2
Estonia,Subscriptions,Other technologies,Fixed broadband,2022-Q4,2886.0,Subscriptions,2022,Q4
Estonia,Subscriptions,Other technologies,Fixed broadband,2023-Q2,2851.0,Subscriptions,2023,Q2
Estonia,Subscriptions,Other technologies,Fixed broadband,2023-Q4,2859.0,Subscriptions,2023,Q4
Estonia,Subscriptions,Other technologies,Fixed broadband,2024-Q2,2764.0,Subscriptions,2024,Q2
Estonia,Subscriptions,Other technologies,Fixed broadband,2024-Q4,2893.0,Subscriptions,2024,Q4
Finland,Subscriptions,Other technologies,Fixed broadband,2018-Q2,7000.0,Subscriptions,2018,Q2
Finland,Subscriptions,Other technologies,Fixed broadband,2018-Q4,7000.0,Subscriptions,2018,Q4
Finland,Subscriptions,Other technologies,Fixed broadband,2019-Q2,8000.0,Subscriptions,2019,Q2
Finland,Subscriptions,Other technologies,Fixed broadband,2019-Q4,11000.0,Subscriptions,2019,Q4
Finland,Subscriptions,Other technologies,Fixed broadband,2020-Q2,13000.0,Subscriptions,2020,Q2
Finland,Subscriptions,Other technologies,Fixed broadband,2020-Q4,13000.0,Subscriptions,2020,Q4
Finland,Subscriptions,Other technologies,Fixed broadband,2021-Q2,13000.0,Subscriptions,2021,Q2
Finland,Subscriptions,Other technologies,Fixed broadband,2021-Q4,27000.0,Subscriptions,2021,Q4
Finland,Subscriptions,Other technologies,Fixed broadband,2022-Q2,35000.0,Subscriptions,2022,Q2
Finland,Subscriptions,Other technologies,Fixed broadband,2022-Q4,41000.0,Subscriptions,2022,Q4
Finland,Subscriptions,Other technologies,Fixed broadband,2023-Q2,44000.0,Subscriptions,2023,Q2
Finland,Subscriptions,Other technologies,Fixed broadband,2023-Q4,54000.0,Subscriptions,2023,Q4
Finland,Subscriptions,Other technologies,Fixed broadband,2024-Q2,61000.0,Subscriptions,2024,Q2
Finland,Subscriptions,Other technologies,Fixed broadband,2024-Q4,61000.0,Subscriptions,2024,Q4
Germany,Subscriptions,Other technologies,Fixed broadband,2018-Q2,39000.0,Subscriptions,2018,Q2
Germany,Subscriptions,Other technologies,Fixed broadband,2018-Q4,45000.0,Subscriptions,2018,Q4
Germany,Subscriptions,Other technologies,Fixed broadband,2019-Q2,45000.0,Subscriptions,2019,Q2
Germany,Subscriptions,Other technologies,Fixed broadband,2019-Q4,45000.0,Subscriptions,2019,Q4
Germany,Subscriptions,Other technologies,Fixed broadband,2020-Q2,45000.0,Subscriptions,2020,Q2
Germany,Subscriptions,Other technologies,Fixed broadband,2020-Q4,52000.0,Subscriptions,2020,Q4
Germany,Subscriptions,Other technologies,Fixed broadband,2021-Q2,50000.0,Subscriptions,2021,Q2
Germany,Subscriptions,Other technologies,Fixed broadband,2021-Q4,50000.0,Subscriptions,2021,Q4
Germany,Subscriptions,Other technologies,Fixed broadband,2022-Q2,37712.0,Subscriptions,2022,Q2
Germany,Subscriptions,Other technologies,Fixed broadband,2022-Q4,24500.0,Subscriptions,2022,Q4
Germany,Subscriptions,Other technologies,Fixed broadband,2023-Q2,47288.0,Subscriptions,2023,Q2
Germany,Subscriptions,Other technologies,Fixed broadband,2023-Q4,47836.0,Subscriptions,2023,Q4
Germany,Subscriptions,Other technologies,Fixed broadband,2024-Q2,186173.0,Subscriptions,2024,Q2
Germany,Subscriptions,Other technologies,Fixed broadband,2024-Q4,188921.0,Subscriptions,2024,Q4
Greece,Subscriptions,Other technologies,Fixed broadband,2018-Q4,136.0,Subscriptions,2018,Q4
Greece,Subscriptions,Other technologies,Fixed broadband,2019-Q4,146.0,Subscriptions,2019,Q4
Greece,Subscriptions,Other technologies,Fixed broadband,2020-Q2,147.0,Subscriptions,2020,Q2
Greece,Subscriptions,Other technologies,Fixed broadband,2020-Q4,136.0,Subscriptions,2020,Q4
Greece,Subscriptions,Other technologies,Fixed broadband,2021-Q2,125.0,Subscriptions,2021,Q2
Greece,Subscriptions,Other technologies,Fixed broadband,2021-Q4,123.0,Subscriptions,2021,Q4
Greece,Subscriptions,Other technologies,Fixed broadband,2022-Q2,119.0,Subscriptions,2022,Q2
Greece,Subscriptions,Other technologies,Fixed broadband,2022-Q4,118.0,Subscriptions,2022,Q4
Greece,Subscriptions,Other technologies,Fixed broadband,2023-Q2,122.0,Subscriptions,2023,Q2
Greece,Subscriptions,Other technologies,Fixed broadband,2023-Q4,120.0,Subscriptions,2023,Q4
Greece,Subscriptions,Other technologies,Fixed broadband,2024-Q2,117.0,Subscriptions,2024,Q2
Greece,Subscriptions,Other technologies,Fixed broadband,2024-Q4,113.0,Subscriptions,2024,Q4
Italy,Subscriptions,Other technologies,Fixed broadband,2018-Q2,5310058.0,Subscriptions,2018,Q2
Italy,Subscriptions,Other technologies,Fixed broadband,2018-Q4,6484645.0,Subscriptions,2018,Q4
Italy,Subscriptions,Other technologies,Fixed broadband,2019-Q2,7368240.0,Subscriptions,2019,Q2
Italy,Subscriptions,Other technologies,Fixed broadband,2019-Q4,7830826.0,Subscriptions,2019,Q4
Italy,Subscriptions,Other technologies,Fixed broadband,2020-Q2,8658691.0,Subscriptions,2020,Q2
Italy,Subscriptions,Other technologies,Fixed broadband,2020-Q4,9245345.0,Subscriptions,2020,Q4
Italy,Subscriptions,Other technologies,Fixed broadband,2021-Q2,9799085.0,Subscriptions,2021,Q2
Italy,Subscriptions,Other technologies,Fixed broadband,2021-Q4,10173622.0,Subscriptions,2021,Q4
Italy,Subscriptions,Other technologies,Fixed broadband,2022-Q2,10333060.0,Subscriptions,2022,Q2
Italy,Subscriptions,Other technologies,Fixed broadband,2022-Q4,10252915.0,Subscriptions,2022,Q4
Italy,Subscriptions,Other technologies,Fixed broadband,2023-Q2,10095705.0,Subscriptions,2023,Q2
Italy,Subscriptions,Other technologies,Fixed broadband,2023-Q4,9845746.0,Subscriptions,2023,Q4
Italy,Subscriptions,Other technologies,Fixed broadband,2024-Q2,9510702.0,Subscriptions,2024,Q2
Italy,Subscriptions,Other technologies,Fixed broadband,2024-Q4,9143083.0,Subscriptions,2024,Q4
Latvia,Subscriptions,Other technologies,Fixed broadband,2018-Q2,26870.0,Subscriptions,2018,Q2
Latvia,Subscriptions,Other technologies,Fixed broadband,2018-Q4,24166.0,Subscriptions,2018,Q4
Latvia,Subscriptions,Other technologies,Fixed broadband,2019-Q2,21533.0,Subscriptions,2019,Q2
Latvia,Subscriptions,Other technologies,Fixed broadband,2019-Q4,20902.0,Subscriptions,2019,Q4
Latvia,Subscriptions,Other technologies,Fixed broadband,2020-Q2,20284.0,Subscriptions,2020,Q2
Latvia,Subscriptions,Other technologies,Fixed broadband,2020-Q4,19549.0,Subscriptions,2020,Q4
Latvia,Subscriptions,Other technologies,Fixed broadband,2021-Q2,18762.0,Subscriptions,2021,Q2
Latvia,Subscriptions,Other technologies,Fixed broadband,2021-Q4,17958.0,Subscriptions,2021,Q4
Latvia,Subscriptions,Other technologies,Fixed broadband,2022-Q2,16777.0,Subscriptions,2022,Q2
Latvia,Subscriptions,Other technologies,Fixed broadband,2022-Q4,13373.0,Subscriptions,2022,Q4
Latvia,Subscriptions,Other technologies,Fixed broadband,2023-Q2,12704.0,Subscriptions,2023,Q2
Latvia,Subscriptions,Other technologies,Fixed broadband,2023-Q4,12388.0,Subscriptions,2023,Q4
Latvia,Subscriptions,Other technologies,Fixed broadband,2024-Q2,11764.0,Subscriptions,2024,Q2
Latvia,Subscriptions,Other technologies,Fixed broadband,2024-Q4,11103.0,Subscriptions,2024,Q4
Lithuania,Subscriptions,Other technologies,Fixed broadband,2018-Q2,5954.0,Subscriptions,2018,Q2
Lithuania,Subscriptions,Other technologies,Fixed broadband,2018-Q4,5738.0,Subscriptions,2018,Q4
Lithuania,Subscriptions,Other technologies,Fixed broadband,2019-Q2,3763.0,Subscriptions,2019,Q2
Lithuania,Subscriptions,Other technologies,Fixed broadband,2019-Q4,4227.0,Subscriptions,2019,Q4
Lithuania,Subscriptions,Other technologies,Fixed broadband,2020-Q2,3718.0,Subscriptions,2020,Q2
Lithuania,Subscriptions,Other technologies,Fixed broadband,2020-Q4,3662.0,Subscriptions,2020,Q4
Lithuania,Subscriptions,Other technologies,Fixed broadband,2021-Q2,3592.0,Subscriptions,2021,Q2
Lithuania,Subscriptions,Other technologies,Fixed broadband,2021-Q4,3266.0,Subscriptions,2021,Q4
Lithuania,Subscriptions,Other technologies,Fixed broadband,2022-Q2,3155.0,Subscriptions,2022,Q2
Lithuania,Subscriptions,Other technologies,Fixed broadband,2022-Q4,2939.0,Subscriptions,2022,Q4
Lithuania,Subscriptions,Other technologies,Fixed broadband,2023-Q2,2965.0,Subscriptions,2023,Q2
Lithuania,Subscriptions,Other technologies,Fixed broadband,2023-Q4,2980.0,Subscriptions,2023,Q4
Lithuania,Subscriptions,Other technologies,Fixed broadband,2024-Q2,2963.0,Subscriptions,2024,Q2
Lithuania,Subscriptions,Other technologies,Fixed broadband,2024-Q4,2914.0,Subscriptions,2024,Q4
Luxembourg,Subscriptions,Other technologies,Fixed broadband,2018-Q2,1500.0,Subscriptions,2018,Q2
Luxembourg,Subscriptions,Other technologies,Fixed broadband,2018-Q4,1000.0,Subscriptions,2018,Q4
Luxembourg,Subscriptions,Other technologies,Fixed broadband,2019-Q2,1000.0,Subscriptions,2019,Q2
Luxembourg,Subscriptions,Other technologies,Fixed broadband,2019-Q4,1100.0,Subscriptions,2019,Q4
Luxembourg,Subscriptions,Other technologies,Fixed broadband,2020-Q2,1200.0,Subscriptions,2020,Q2
Luxembourg,Subscriptions,Other technologies,Fixed broadband,2020-Q4,1400.0,Subscriptions,2020,Q4
Luxembourg,Subscriptions,Other technologies,Fixed broadband,2021-Q2,1300.0,Subscriptions,2021,Q2
Luxembourg,Subscriptions,Other technologies,Fixed broadband,2021-Q4,4300.0,Subscriptions,2021,Q4
Luxembourg,Subscriptions,Other technologies,Fixed broadband,2022-Q2,3930.0,Subscriptions,2022,Q2
Luxembourg,Subscriptions,Other technologies,Fixed broadband,2022-Q4,4100.0,Subscriptions,2022,Q4
Luxembourg,Subscriptions,Other technologies,Fixed broadband,2023-Q2,5200.0,Subscriptions,2023,Q2
Luxembourg,Subscriptions,Other technologies,Fixed broadband,2023-Q4,5000.0,Subscriptions,2023,Q4
Luxembourg,Subscriptions,Other technologies,Fixed broadband,2024-Q2,4700.0,Subscriptions,2024,Q2
Luxembourg,Subscriptions,Other technologies,Fixed broadband,2024-Q4,800.0,Subscriptions,2024,Q4
Mexico,Subscriptions,Other technologies,Fixed broadband,2018-Q2,210580.0,Subscriptions,2018,Q2
Mexico,Subscriptions,Other technologies,Fixed broadband,2018-Q4,375696.0,Subscriptions,2018,Q4
Mexico,Subscriptions,Other technologies,Fixed broadband,2019-Q2,401015.0,Subscriptions,2019,Q2
Mexico,Subscriptions,Other technologies,Fixed broadband,2019-Q4,221365.0,Subscriptions,2019,Q4
Mexico,Subscriptions,Other technologies,Fixed broadband,2020-Q2,663486.0,Subscriptions,2020,Q2
Mexico,Subscriptions,Other technologies,Fixed broadband,2020-Q4,918239.0,Subscriptions,2020,Q4
Mexico,Subscriptions,Other technologies,Fixed broadband,2021-Q2,1454721.0,Subscriptions,2021,Q2
Mexico,Subscriptions,Other technologies,Fixed broadband,2021-Q4,1506765.0,Subscriptions,2021,Q4
Mexico,Subscriptions,Other technologies,Fixed broadband,2022-Q2,1394303.0,Subscriptions,2022,Q2
Mexico,Subscriptions,Other technologies,Fixed broadband,2022-Q4,1620023.0,Subscriptions,2022,Q4
Mexico,Subscriptions,Other technologies,Fixed broadband,2023-Q2,1389027.0,Subscriptions,2023,Q2
Mexico,Subscriptions,Other technologies,Fixed broadband,2023-Q4,1398250.0,Subscriptions,2023,Q4
Mexico,Subscriptions,Other technologies,Fixed broadband,2024-Q2,1631718.0,Subscriptions,2024,Q2
Mexico,Subscriptions,Other technologies,Fixed broadband,2024-Q4,1297689.0,Subscriptions,2024,Q4
Norway,Subscriptions,Other technologies,Fixed broadband,2018-Q2,1405.0,Subscriptions,2018,Q2
Norway,Subscriptions,Other technologies,Fixed broadband,2018-Q4,12060.0,Subscriptions,2018,Q4
Norway,Subscriptions,Other technologies,Fixed broadband,2019-Q2,1465.0,Subscriptions,2019,Q2
Norway,Subscriptions,Other technologies,Fixed broadband,2019-Q4,12159.0,Subscriptions,2019,Q4
Norway,Subscriptions,Other technologies,Fixed broadband,2020-Q2,1607.0,Subscriptions,2020,Q2
Norway,Subscriptions,Other technologies,Fixed broadband,2020-Q4,9727.0,Subscriptions,2020,Q4
Norway,Subscriptions,Other technologies,Fixed broadband,2021-Q2,10470.0,Subscriptions,2021,Q2
Norway,Subscriptions,Other technologies,Fixed broadband,2021-Q4,11366.0,Subscriptions,2021,Q4
Norway,Subscriptions,Other technologies,Fixed broadband,2022-Q2,11710.0,Subscriptions,2022,Q2
Norway,Subscriptions,Other technologies,Fixed broadband,2022-Q4,6429.0,Subscriptions,2022,Q4
Norway,Subscriptions,Other technologies,Fixed broadband,2023-Q2,6774.0,Subscriptions,2023,Q2
Norway,Subscriptions,Other technologies,Fixed broadband,2023-Q4,6680.0,Subscriptions,2023,Q4
Norway,Subscriptions,Other technologies,Fixed broadband,2024-Q2,6123.0,Subscriptions,2024,Q2
Norway,Subscriptions,Other technologies,Fixed broadband,2024-Q4,5913.0,Subscriptions,2024,Q4
Poland,Subscriptions,Other technologies,Fixed broadband,2018-Q2,516330.0,Subscriptions,2018,Q2
Poland,Subscriptions,Other technologies,Fixed broadband,2018-Q4,427646.0,Subscriptions,2018,Q4
Poland,Subscriptions,Other technologies,Fixed broadband,2019-Q2,445698.0,Subscriptions,2019,Q2
Poland,Subscriptions,Other technologies,Fixed broadband,2019-Q4,447465.0,Subscriptions,2019,Q4
Poland,Subscriptions,Other technologies,Fixed broadband,2020-Q2,423207.0,Subscriptions,2020,Q2
Poland,Subscriptions,Other technologies,Fixed broadband,2020-Q4,564329.0,Subscriptions,2020,Q4
Poland,Subscriptions,Other technologies,Fixed broadband,2021-Q2,554614.0,Subscriptions,2021,Q2
Poland,Subscriptions,Other technologies,Fixed broadband,2021-Q4,297201.0,Subscriptions,2021,Q4
Poland,Subscriptions,Other technologies,Fixed broadband,2022-Q2,391165.0,Subscriptions,2022,Q2
Poland,Subscriptions,Other technologies,Fixed broadband,2022-Q4,421508.0,Subscriptions,2022,Q4
Poland,Subscriptions,Other technologies,Fixed broadband,2023-Q2,394279.0,Subscriptions,2023,Q2
Poland,Subscriptions,Other technologies,Fixed broadband,2023-Q4,370399.0,Subscriptions,2023,Q4
Poland,Subscriptions,Other technologies,Fixed broadband,2024-Q2,543507.0,Subscriptions,2024,Q2
Poland,Subscriptions,Other technologies,Fixed broadband,2024-Q4,345888.0,Subscriptions,2024,Q4
Portugal,Subscriptions,Other technologies,Fixed broadband,2018-Q2,3440.0,Subscriptions,2018,Q2
Portugal,Subscriptions,Other technologies,Fixed broadband,2018-Q4,3576.0,Subscriptions,2018,Q4
Portugal,Subscriptions,Other technologies,Fixed broadband,2019-Q2,4088.0,Subscriptions,2019,Q2
Portugal,Subscriptions,Other technologies,Fixed broadband,2019-Q4,4270.0,Subscriptions,2019,Q4
Portugal,Subscriptions,Other technologies,Fixed broadband,2020-Q2,4765.0,Subscriptions,2020,Q2
Portugal,Subscriptions,Other technologies,Fixed broadband,2020-Q4,5056.0,Subscriptions,2020,Q4
Portugal,Subscriptions,Other technologies,Fixed broadband,2021-Q2,5338.0,Subscriptions,2021,Q2
Portugal,Subscriptions,Other technologies,Fixed broadband,2021-Q4,5455.0,Subscriptions,2021,Q4
Portugal,Subscriptions,Other technologies,Fixed broadband,2022-Q2,5964.0,Subscriptions,2022,Q2
Portugal,Subscriptions,Other technologies,Fixed broadband,2022-Q4,6412.0,Subscriptions,2022,Q4
Portugal,Subscriptions,Other technologies,Fixed broadband,2023-Q2,7119.0,Subscriptions,2023,Q2
Portugal,Subscriptions,Other technologies,Fixed broadband,2023-Q4,7643.0,Subscriptions,2023,Q4
Portugal,Subscriptions,Other technologies,Fixed broadband,2024-Q2,8960.0,Subscriptions,2024,Q2
Portugal,Subscriptions,Other technologies,Fixed broadband,2024-Q4,9398.0,Subscriptions,2024,Q4
Slovak Republic,Subscriptions,Other technologies,Fixed broadband,2018-Q2,4583.0,Subscriptions,2018,Q2
Slovak Republic,Subscriptions,Other technologies,Fixed broadband,2018-Q4,4600.0,Subscriptions,2018,Q4
Slovak Republic,Subscriptions,Other technologies,Fixed broadband,2019-Q2,3481.0,Subscriptions,2019,Q2
Slovak Republic,Subscriptions,Other technologies,Fixed broadband,2019-Q4,3773.0,Subscriptions,2019,Q4
Slovak Republic,Subscriptions,Other technologies,Fixed broadband,2020-Q2,3665.0,Subscriptions,2020,Q2
Slovak Republic,Subscriptions,Other technologies,Fixed broadband,2020-Q4,3633.0,Subscriptions,2020,Q4
Slovak Republic,Subscriptions,Other technologies,Fixed broadband,2021-Q2,6816.0,Subscriptions,2021,Q2
Slovak Republic,Subscriptions,Other technologies,Fixed broadband,2021-Q4,6710.0,Subscriptions,2021,Q4
Slovak Republic,Subscriptions,Other technologies,Fixed broadband,2022-Q2,6623.0,Subscriptions,2022,Q2
Slovak Republic,Subscriptions,Other technologies,Fixed broadband,2022-Q4,6900.0,Subscriptions,2022,Q4
Slovak Republic,Subscriptions,Other technologies,Fixed broadband,2023-Q2,7335.0,Subscriptions,2023,Q2
Slovak Republic,Subscriptions,Other technologies,Fixed broadband,2023-Q4,7147.0,Subscriptions,2023,Q4
Slovak Republic,Subscriptions,Other technologies,Fixed broadband,2024-Q2,6726.0,Subscriptions,2024,Q2
Slovak Republic,Subscriptions,Other technologies,Fixed broadband,2024-Q4,5641.0,Subscriptions,2024,Q4
Slovenia,Subscriptions,Other technologies,Fixed broadband,2018-Q2,2806.0,Subscriptions,2018,Q2
Slovenia,Subscriptions,Other technologies,Fixed broadband,2018-Q4,2846.0,Subscriptions,2018,Q4
Slovenia,Subscriptions,Other technologies,Fixed broadband,2019-Q2,2752.0,Subscriptions,2019,Q2
Slovenia,Subscriptions,Other technologies,Fixed broadband,2019-Q4,2742.0,Subscriptions,2019,Q4
Slovenia,Subscriptions,Other technologies,Fixed broadband,2020-Q2,1814.0,Subscriptions,2020,Q2
Slovenia,Subscriptions,Other technologies,Fixed broadband,2020-Q4,1656.0,Subscriptions,2020,Q4
Slovenia,Subscriptions,Other technologies,Fixed broadband,2021-Q2,1460.0,Subscriptions,2021,Q2
Slovenia,Subscriptions,Other technologies,Fixed broadband,2021-Q4,1309.0,Subscriptions,2021,Q4
Slovenia,Subscriptions,Other technologies,Fixed broadband,2022-Q2,1234.0,Subscriptions,2022,Q2
Slovenia,Subscriptions,Other technologies,Fixed broadband,2022-Q4,1283.0,Subscriptions,2022,Q4
Slovenia,Subscriptions,Other technologies,Fixed broadband,2023-Q2,916.0,Subscriptions,2023,Q2
Slovenia,Subscriptions,Other technologies,Fixed broadband,2023-Q4,893.0,Subscriptions,2023,Q4
Slovenia,Subscriptions,Other technologies,Fixed broadband,2024-Q2,880.0,Subscriptions,2024,Q2
Slovenia,Subscriptions,Other technologies,Fixed broadband,2024-Q4,876.0,Subscriptions,2024,Q4
Spain,Subscriptions,Other technologies,Fixed broadband,2018-Q2,1614.0,Subscriptions,2018,Q2
Spain,Subscriptions,Other technologies,Fixed broadband,2018-Q4,1708.0,Subscriptions,2018,Q4
Spain,Subscriptions,Other technologies,Fixed broadband,2019-Q2,401.0,Subscriptions,2019,Q2
Spain,Subscriptions,Other technologies,Fixed broadband,2019-Q4,365.0,Subscriptions,2019,Q4
Spain,Subscriptions,Other technologies,Fixed broadband,2020-Q2,340.0,Subscriptions,2020,Q2
Spain,Subscriptions,Other technologies,Fixed broadband,2020-Q4,324.0,Subscriptions,2020,Q4
Spain,Subscriptions,Other technologies,Fixed broadband,2021-Q2,324.0,Subscriptions,2021,Q2
Spain,Subscriptions,Other technologies,Fixed broadband,2021-Q4,324.0,Subscriptions,2021,Q4
Spain,Subscriptions,Other technologies,Fixed broadband,2022-Q2,219.0,Subscriptions,2022,Q2
Spain,Subscriptions,Other technologies,Fixed broadband,2022-Q4,192.0,Subscriptions,2022,Q4
Spain,Subscriptions,Other technologies,Fixed broadband,2023-Q2,194.0,Subscriptions,2023,Q2
Spain,Subscriptions,Other technologies,Fixed broadband,2023-Q4,519.0,Subscriptions,2023,Q4
Spain,Subscriptions,Other technologies,Fixed broadband,2024-Q2,197.0,Subscriptions,2024,Q2
Spain,Subscriptions,Other technologies,Fixed broadband,2024-Q4,265.0,Subscriptions,2024,Q4
Sweden,Subscriptions,Other technologies,Fixed broadband,2018-Q2,7537.0,Subscriptions,2018,Q2
Sweden,Subscriptions,Other technologies,Fixed broadband,2018-Q4,7288.0,Subscriptions,2018,Q4
Sweden,Subscriptions,Other technologies,Fixed broadband,2019-Q2,6991.0,Subscriptions,2019,Q2
Sweden,Subscriptions,Other technologies,Fixed broadband,2019-Q4,7335.0,Subscriptions,2019,Q4
Sweden,Subscriptions,Other technologies,Fixed broadband,2020-Q2,6335.0,Subscriptions,2020,Q2
Sweden,Subscriptions,Other technologies,Fixed broadband,2020-Q4,6976.0,Subscriptions,2020,Q4
Sweden,Subscriptions,Other technologies,Fixed broadband,2021-Q2,6694.0,Subscriptions,2021,Q2
Sweden,Subscriptions,Other technologies,Fixed broadband,2021-Q4,6124.0,Subscriptions,2021,Q4
Sweden,Subscriptions,Other technologies,Fixed broadband,2022-Q2,6146.0,Subscriptions,2022,Q2
Sweden,Subscriptions,Other technologies,Fixed broadband,2022-Q4,6569.0,Subscriptions,2022,Q4
Sweden,Subscriptions,Other technologies,Fixed broadband,2023-Q2,6604.0,Subscriptions,2023,Q2
Sweden,Subscriptions,Other technologies,Fixed broadband,2023-Q4,6546.0,Subscriptions,2023,Q4
Sweden,Subscriptions,Other technologies,Fixed broadband,2024-Q2,6771.0,Subscriptions,2024,Q2
Sweden,Subscriptions,Other technologies,Fixed broadband,2024-Q4,6711.0,Subscriptions,2024,Q4
Switzerland,Subscriptions,Other technologies,Fixed broadband,2018-Q2,53605.0,Subscriptions,2018,Q2
Switzerland,Subscriptions,Other technologies,Fixed broadband,2018-Q4,54383.0,Subscriptions,2018,Q4
Switzerland,Subscriptions,Other technologies,Fixed broadband,2019-Q2,66970.0,Subscriptions,2019,Q2
Switzerland,Subscriptions,Other technologies,Fixed broadband,2019-Q4,79556.0,Subscriptions,2019,Q4
Switzerland,Subscriptions,Other technologies,Fixed broadband,2020-Q2,82722.0,Subscriptions,2020,Q2
Switzerland,Subscriptions,Other technologies,Fixed broadband,2020-Q4,85887.0,Subscriptions,2020,Q4
Switzerland,Subscriptions,Other technologies,Fixed broadband,2021-Q2,86752.0,Subscriptions,2021,Q2
Switzerland,Subscriptions,Other technologies,Fixed broadband,2021-Q4,87616.0,Subscriptions,2021,Q4
Switzerland,Subscriptions,Other technologies,Fixed broadband,2022-Q2,65038.0,Subscriptions,2022,Q2
Switzerland,Subscriptions,Other technologies,Fixed broadband,2022-Q4,46394.0,Subscriptions,2022,Q4
Switzerland,Subscriptions,Other technologies,Fixed broadband,2023-Q2,42459.0,Subscriptions,2023,Q2
Switzerland,Subscriptions,Other technologies,Fixed broadband,2023-Q4,22320.0,Subscriptions,2023,Q4
Switzerland,Subscriptions,Other technologies,Fixed broadband,2024-Q2,32356.0,Subscriptions,2024,Q2
Switzerland,Subscriptions,Other technologies,Fixed broadband,2024-Q4,24547.0,Subscriptions,2024,Q4
Türkiye,Subscriptions,Other technologies,Fixed broadband,2018-Q2,125410.0,Subscriptions,2018,Q2
Türkiye,Subscriptions,Other technologies,Fixed broadband,2018-Q4,172068.0,Subscriptions,2018,Q4
Türkiye,Subscriptions,Other technologies,Fixed broadband,2019-Q2,223871.0,Subscriptions,2019,Q2
Türkiye,Subscriptions,Other technologies,Fixed broadband,2019-Q4,260401.0,Subscriptions,2019,Q4
Türkiye,Subscriptions,Other technologies,Fixed broadband,2020-Q2,305936.0,Subscriptions,2020,Q2
Türkiye,Subscriptions,Other technologies,Fixed broadband,2020-Q4,380766.0,Subscriptions,2020,Q4
Türkiye,Subscriptions,Other technologies,Fixed broadband,2021-Q2,420546.0,Subscriptions,2021,Q2
Türkiye,Subscriptions,Other technologies,Fixed broadband,2021-Q4,519968.0,Subscriptions,2021,Q4
Türkiye,Subscriptions,Other technologies,Fixed broadband,2022-Q2,633329.0,Subscriptions,2022,Q2
Türkiye,Subscriptions,Other technologies,Fixed broadband,2022-Q4,689319.0,Subscriptions,2022,Q4
Türkiye,Subscriptions,Other technologies,Fixed broadband,2023-Q2,577693.0,Subscriptions,2023,Q2
Türkiye,Subscriptions,Other technologies,Fixed broadband,2023-Q4,550281.0,Subscriptions,2023,Q4
Türkiye,Subscriptions,Other technologies,Fixed broadband,2024-Q2,665460.0,Subscriptions,2024,Q2
Türkiye,Subscriptions,Other technologies,Fixed broadband,2024-Q4,812565.0,Subscriptions,2024,Q4
United States,Subscriptions,Other technologies,Fixed broadband,2018-Q2,610000.0,Subscriptions,2018,Q2
United States,Subscriptions,Other technologies,Fixed broadband,2018-Q4,600000.0,Subscriptions,2018,Q4
United States,Subscriptions,Other technologies,Fixed broadband,2019-Q2,515000.0,Subscriptions,2019,Q2
United States,Subscriptions,Other technologies,Fixed broadband,2019-Q4,525000.0,Subscriptions,2019,Q4
United States,Subscriptions,Other technologies,Fixed broadband,2020-Q2,516000.0,Subscriptions,2020,Q2
United States,Subscriptions,Other technologies,Fixed broadband,2020-Q4,424000.0,Subscriptions,2020,Q4
United States,Subscriptions,Other technologies,Fixed broadband,2021-Q2,506000.0,Subscriptions,2021,Q2
United States,Subscriptions,Other technologies,Fixed broadband,2021-Q4,488000.0,Subscriptions,2021,Q4
United States,Subscriptions,Other technologies,Fixed broadband,2022-Q2,1000.0,Subscriptions,2022,Q2
United States,Subscriptions,Other technologies,Fixed broadband,2022-Q4,2000.0,Subscriptions,2022,Q4
United States,Subscriptions,Other technologies,Fixed broadband,2023-Q2,2000.0,Subscriptions,2023,Q2
United States,Subscriptions,Other technologies,Fixed broadband,2023-Q4,1000.0,Subscriptions,2023,Q4
United States,Subscriptions,Other technologies,Fixed broadband,2024-Q2,1000.0,Subscriptions,2024,Q2
United States,Subscriptions,Other technologies,Fixed broadband,2024-Q4,1000.0,Subscriptions,2024,Q4
OECD,Subscriptions,Other technologies,Fixed broadband,2018-Q2,7411330.0,Subscriptions,2018,Q2
OECD,Subscriptions,Other technologies,Fixed broadband,2018-Q4,8686777.0,Subscriptions,2018,Q4
OECD,Subscriptions,Other technologies,Fixed broadband,2019-Q2,9549421.0,Subscriptions,2019,Q2
OECD,Subscriptions,Other technologies,Fixed broadband,2019-Q4,9765179.0,Subscriptions,2019,Q4
OECD,Subscriptions,Other technologies,Fixed broadband,2020-Q2,11035195.0,Subscriptions,2020,Q2
OECD,Subscriptions,Other technologies,Fixed broadband,2020-Q4,12004271.0,Subscriptions,2020,Q4
OECD,Subscriptions,Other technologies,Fixed broadband,2021-Q2,13198620.0,Subscriptions,2021,Q2
OECD,Subscriptions,Other technologies,Fixed broadband,2021-Q4,13520960.0,Subscriptions,2021,Q4
OECD,Subscriptions,Other technologies,Fixed broadband,2022-Q2,13292355.0,Subscriptions,2022,Q2
OECD,Subscriptions,Other technologies,Fixed broadband,2022-Q4,13465265.0,Subscriptions,2022,Q4
OECD,Subscriptions,Other technologies,Fixed broadband,2023-Q2,12964605.0,Subscriptions,2023,Q2
OECD,Subscriptions,Other technologies,Fixed broadband,2023-Q4,12637394.0,Subscriptions,2023,Q4
OECD,Subscriptions,Other technologies,Fixed broadband,2024-Q2,13055090.0,Subscriptions,2024,Q2
OECD,Subscriptions,Other technologies,Fixed broadband,2024-Q4,12336910.0,Subscriptions,2024,Q4
Bulgaria,Subscriptions,Other technologies,Fixed broadband,2018-Q2,310794.0,Subscriptions,2018,Q2
Bulgaria,Subscriptions,Other technologies,Fixed broadband,2018-Q4,365096.0,Subscriptions,2018,Q4
Bulgaria,Subscriptions,Other technologies,Fixed broadband,2019-Q2,300248.0,Subscriptions,2019,Q2
Bulgaria,Subscriptions,Other technologies,Fixed broadband,2019-Q4,294370.0,Subscriptions,2019,Q4
Bulgaria,Subscriptions,Other technologies,Fixed broadband,2020-Q2,251699.0,Subscriptions,2020,Q2
Bulgaria,Subscriptions,Other technologies,Fixed broadband,2020-Q4,254766.0,Subscriptions,2020,Q4
Bulgaria,Subscriptions,Other technologies,Fixed broadband,2021-Q2,252693.0,Subscriptions,2021,Q2
Bulgaria,Subscriptions,Other technologies,Fixed broadband,2021-Q4,249660.0,Subscriptions,2021,Q4
Bulgaria,Subscriptions,Other technologies,Fixed broadband,2022-Q2,246790.0,Subscriptions,2022,Q2
Bulgaria,Subscriptions,Other technologies,Fixed broadband,2022-Q4,231075.0,Subscriptions,2022,Q4
Bulgaria,Subscriptions,Other technologies,Fixed broadband,2023-Q2,224874.0,Subscriptions,2023,Q2
Bulgaria,Subscriptions,Other technologies,Fixed broadband,2023-Q4,208225.0,Subscriptions,2023,Q4
Bulgaria,Subscriptions,Other technologies,Fixed broadband,2024-Q2,201007.0,Subscriptions,2024,Q2
Bulgaria,Subscriptions,Other technologies,Fixed broadband,2024-Q4,295733.0,Subscriptions,2024,Q4
Croatia,Subscriptions,Other technologies,Fixed broadband,2018-Q4,4029.0,Subscriptions,2018,Q4
Croatia,Subscriptions,Other technologies,Fixed broadband,2019-Q4,5004.0,Subscriptions,2019,Q4
Croatia,Subscriptions,Other technologies,Fixed broadband,2020-Q4,5375.0,Subscriptions,2020,Q4
Croatia,Subscriptions,Other technologies,Fixed broadband,2021-Q4,5808.0,Subscriptions,2021,Q4
Croatia,Subscriptions,Other technologies,Fixed broadband,2022-Q4,6908.0,Subscriptions,2022,Q4
Croatia,Subscriptions,Other technologies,Fixed broadband,2023-Q2,7154.0,Subscriptions,2023,Q2
Croatia,Subscriptions,Other technologies,Fixed broadband,2023-Q4,7840.0,Subscriptions,2023,Q4
Croatia,Subscriptions,Other technologies,Fixed broadband,2024-Q2,8149.0,Subscriptions,2024,Q2
Croatia,Subscriptions,Other technologies,Fixed broadband,2024-Q4,7989.0,Subscriptions,2024,Q4
Peru,Subscriptions,Other technologies,Fixed broadband,2018-Q4,183127.0,Subscriptions,2018,Q4
Peru,Subscriptions,Other technologies,Fixed broadband,2019-Q4,214495.0,Subscriptions,2019,Q4
Peru,Subscriptions,Other technologies,Fixed broadband,2020-Q4,347262.0,Subscriptions,2020,Q4
Peru,Subscriptions,Other technologies,Fixed broadband,2021-Q4,318000.0,Subscriptions,2021,Q4
Peru,Subscriptions,Other technologies,Fixed broadband,2022-Q4,212493.0,Subscriptions,2022,Q4
Peru,Subscriptions,Other technologies,Fixed broadband,2023-Q4,147981.0,Subscriptions,2023,Q4
Peru,Subscriptions,Other technologies,Fixed broadband,2024-Q4,110844.0,Subscriptions,2024,Q4
Romania,Subscriptions,Other technologies,Fixed broadband,2018-Q2,214035.0,Subscriptions,2018,Q2
Romania,Subscriptions,Other technologies,Fixed broadband,2018-Q4,236697.0,Subscriptions,2018,Q4
Romania,Subscriptions,Other technologies,Fixed broadband,2019-Q2,250103.0,Subscriptions,2019,Q2
Romania,Subscriptions,Other technologies,Fixed broadband,2019-Q4,299320.0,Subscriptions,2019,Q4
Romania,Subscriptions,Other technologies,Fixed broadband,2020-Q2,354244.0,Subscriptions,2020,Q2
Romania,Subscriptions,Other technologies,Fixed broadband,2020-Q4,394343.0,Subscriptions,2020,Q4
Romania,Subscriptions,Other technologies,Fixed broadband,2021-Q2,428424.0,Subscriptions,2021,Q2
Romania,Subscriptions,Other technologies,Fixed broadband,2021-Q4,435906.0,Subscriptions,2021,Q4
Romania,Subscriptions,Other technologies,Fixed broadband,2022-Q2,414108.0,Subscriptions,2022,Q2
Romania,Subscriptions,Other technologies,Fixed broadband,2022-Q4,373174.0,Subscriptions,2022,Q4
Romania,Subscriptions,Other technologies,Fixed broadband,2023-Q2,325686.0,Subscriptions,2023,Q2
Romania,Subscriptions,Other technologies,Fixed broadband,2023-Q4,303419.0,Subscriptions,2023,Q4
Romania,Subscriptions,Other technologies,Fixed broadband,2024-Q2,276659.0,Subscriptions,2024,Q2
Romania,Subscriptions,Other technologies,Fixed broadband,2024-Q4,266309.0,Subscriptions,2024,Q4
Australia,Subscriptions,Fibre/LAN,Fixed broadband,2018-Q2,1629920.0,Subscriptions,2018,Q2
Australia,Subscriptions,Fibre/LAN,Fixed broadband,2018-Q4,1637826.0,Subscriptions,2018,Q4
Australia,Subscriptions,Fibre/LAN,Fixed broadband,2019-Q2,1675767.0,Subscriptions,2019,Q2
Australia,Subscriptions,Fibre/LAN,Fixed broadband,2019-Q4,1756595.0,Subscriptions,2019,Q4
Australia,Subscriptions,Fibre/LAN,Fixed broadband,2020-Q2,1872202.0,Subscriptions,2020,Q2
Australia,Subscriptions,Fibre/LAN,Fixed broadband,2020-Q4,1974936.0,Subscriptions,2020,Q4
Australia,Subscriptions,Fibre/LAN,Fixed broadband,2021-Q2,2056543.0,Subscriptions,2021,Q2
Australia,Subscriptions,Fibre/LAN,Fixed broadband,2021-Q4,2131860.0,Subscriptions,2021,Q4
Australia,Subscriptions,Fibre/LAN,Fixed broadband,2022-Q2,2208965.0,Subscriptions,2022,Q2
Australia,Subscriptions,Fibre/LAN,Fixed broadband,2022-Q4,2245066.0,Subscriptions,2022,Q4
Australia,Subscriptions,Fibre/LAN,Fixed broadband,2023-Q2,2329996.0,Subscriptions,2023,Q2
Australia,Subscriptions,Fibre/LAN,Fixed broadband,2023-Q4,2530001.0,Subscriptions,2023,Q4
Australia,Subscriptions,Fibre/LAN,Fixed broadband,2024-Q2,2760463.0,Subscriptions,2024,Q2
Australia,Subscriptions,Fibre/LAN,Fixed broadband,2024-Q4,3000152.0,Subscriptions,2024,Q4
Austria,Subscriptions,Fibre/LAN,Fixed broadband,2018-Q2,56500.0,Subscriptions,2018,Q2
Austria,Subscriptions,Fibre/LAN,Fixed broadband,2018-Q4,62855.0,Subscriptions,2018,Q4
Austria,Subscriptions,Fibre/LAN,Fixed broadband,2019-Q2,67371.0,Subscriptions,2019,Q2
Austria,Subscriptions,Fibre/LAN,Fixed broadband,2019-Q4,75278.0,Subscriptions,2019,Q4
Austria,Subscriptions,Fibre/LAN,Fixed broadband,2020-Q2,108943.0,Subscriptions,2020,Q2
Austria,Subscriptions,Fibre/LAN,Fixed broadband,2020-Q4,133100.0,Subscriptions,2020,Q4
Austria,Subscriptions,Fibre/LAN,Fixed broadband,2021-Q2,150557.0,Subscriptions,2021,Q2
Austria,Subscriptions,Fibre/LAN,Fixed broadband,2021-Q4,179804.0,Subscriptions,2021,Q4
Austria,Subscriptions,Fibre/LAN,Fixed broadband,2022-Q2,201254.0,Subscriptions,2022,Q2
Austria,Subscriptions,Fibre/LAN,Fixed broadband,2022-Q4,241940.0,Subscriptions,2022,Q4
Austria,Subscriptions,Fibre/LAN,Fixed broadband,2023-Q2,281950.0,Subscriptions,2023,Q2
Austria,Subscriptions,Fibre/LAN,Fixed broadband,2023-Q4,307232.0,Subscriptions,2023,Q4
Austria,Subscriptions,Fibre/LAN,Fixed broadband,2024-Q2,323980.0,Subscriptions,2024,Q2
Austria,Subscriptions,Fibre/LAN,Fixed broadband,2024-Q4,374728.0,Subscriptions,2024,Q4
Belgium,Subscriptions,Fibre/LAN,Fixed broadband,2018-Q2,24714.0,Subscriptions,2018,Q2
Belgium,Subscriptions,Fibre/LAN,Fixed broadband,2018-Q4,32464.0,Subscriptions,2018,Q4
Belgium,Subscriptions,Fibre/LAN,Fixed broadband,2019-Q2,44473.0,Subscriptions,2019,Q2
Belgium,Subscriptions,Fibre/LAN,Fixed broadband,2019-Q4,47868.0,Subscriptions,2019,Q4
Belgium,Subscriptions,Fibre/LAN,Fixed broadband,2020-Q2,59221.0,Subscriptions,2020,Q2
Belgium,Subscriptions,Fibre/LAN,Fixed broadband,2020-Q4,77547.0,Subscriptions,2020,Q4
Belgium,Subscriptions,Fibre/LAN,Fixed broadband,2021-Q2,103624.0,Subscriptions,2021,Q2
Belgium,Subscriptions,Fibre/LAN,Fixed broadband,2021-Q4,139880.0,Subscriptions,2021,Q4
Belgium,Subscriptions,Fibre/LAN,Fixed broadband,2022-Q2,193742.0,Subscriptions,2022,Q2
Belgium,Subscriptions,Fibre/LAN,Fixed broadband,2022-Q4,250945.0,Subscriptions,2022,Q4
Belgium,Subscriptions,Fibre/LAN,Fixed broadband,2023-Q2,318955.0,Subscriptions,2023,Q2
Belgium,Subscriptions,Fibre/LAN,Fixed broadband,2023-Q4,394255.0,Subscriptions,2023,Q4
Belgium,Subscriptions,Fibre/LAN,Fixed broadband,2024-Q2,479971.0,Subscriptions,2024,Q2
Belgium,Subscriptions,Fibre/LAN,Fixed broadband,2024-Q4,558857.0,Subscriptions,2024,Q4
Canada,Subscriptions,Fibre/LAN,Fixed broadband,2018-Q2,1834237.0,Subscriptions,2018,Q2
Canada,Subscriptions,Fibre/LAN,Fixed broadband,2018-Q4,2073231.0,Subscriptions,2018,Q4
Canada,Subscriptions,Fibre/LAN,Fixed broadband,2019-Q2,2193813.0,Subscriptions,2019,Q2
Canada,Subscriptions,Fibre/LAN,Fixed broadband,2019-Q4,2655055.0,Subscriptions,2019,Q4
Canada,Subscriptions,Fibre/LAN,Fixed broadband,2020-Q2,2846057.0,Subscriptions,2020,Q2
Canada,Subscriptions,Fibre/LAN,Fixed broadband,2020-Q4,3383762.0,Subscriptions,2020,Q4
Canada,Subscriptions,Fibre/LAN,Fixed broadband,2021-Q2,3618741.0,Subscriptions,2021,Q2
Canada,Subscriptions,Fibre/LAN,Fixed broadband,2021-Q4,4007872.0,Subscriptions,2021,Q4
Canada,Subscriptions,Fibre/LAN,Fixed broadband,2022-Q2,4209833.0,Subscriptions,2022,Q2
Canada,Subscriptions,Fibre/LAN,Fixed broadband,2022-Q4,4720465.0,Subscriptions,2022,Q4
Canada,Subscriptions,Fibre/LAN,Fixed broadband,2023-Q2,4956722.0,Subscriptions,2023,Q2
Canada,Subscriptions,Fibre/LAN,Fixed broadband,2023-Q4,5344728.0,Subscriptions,2023,Q4
Canada,Subscriptions,Fibre/LAN,Fixed broadband,2024-Q2,5525036.0,Subscriptions,2024,Q2
Canada,Subscriptions,Fibre/LAN,Fixed broadband,2024-Q4,5889945.0,Subscriptions,2024,Q4
Chile,Subscriptions,Fibre/LAN,Fixed broadband,2018-Q2,513045.0,Subscriptions,2018,Q2
Chile,Subscriptions,Fibre/LAN,Fixed broadband,2018-Q4,702759.0,Subscriptions,2018,Q4
Chile,Subscriptions,Fibre/LAN,Fixed broadband,2019-Q2,854076.0,Subscriptions,2019,Q2
Chile,Subscriptions,Fibre/LAN,Fixed broadband,2019-Q4,957235.0,Subscriptions,2019,Q4
Chile,Subscriptions,Fibre/LAN,Fixed broadband,2020-Q2,1175000.0,Subscriptions,2020,Q2
Chile,Subscriptions,Fibre/LAN,Fixed broadband,2020-Q4,1519550.0,Subscriptions,2020,Q4
Chile,Subscriptions,Fibre/LAN,Fixed broadband,2021-Q2,2007593.0,Subscriptions,2021,Q2
Chile,Subscriptions,Fibre/LAN,Fixed broadband,2021-Q4,2429655.0,Subscriptions,2021,Q4
Chile,Subscriptions,Fibre/LAN,Fixed broadband,2022-Q2,2706284.0,Subscriptions,2022,Q2
Chile,Subscriptions,Fibre/LAN,Fixed broadband,2022-Q4,2941743.0,Subscriptions,2022,Q4
Chile,Subscriptions,Fibre/LAN,Fixed broadband,2023-Q2,3070790.0,Subscriptions,2023,Q2
Chile,Subscriptions,Fibre/LAN,Fixed broadband,2023-Q4,3139189.0,Subscriptions,2023,Q4
Chile,Subscriptions,Fibre/LAN,Fixed broadband,2024-Q2,3230714.0,Subscriptions,2024,Q2
Chile,Subscriptions,Fibre/LAN,Fixed broadband,2024-Q4,3398006.0,Subscriptions,2024,Q4
Colombia,Subscriptions,Fibre/LAN,Fixed broadband,2018-Q2,580283.0,Subscriptions,2018,Q2
Colombia,Subscriptions,Fibre/LAN,Fixed broadband,2018-Q4,641469.0,Subscriptions,2018,Q4
Colombia,Subscriptions,Fibre/LAN,Fixed broadband,2019-Q2,722039.0,Subscriptions,2019,Q2
Colombia,Subscriptions,Fibre/LAN,Fixed broadband,2019-Q4,853602.0,Subscriptions,2019,Q4
Colombia,Subscriptions,Fibre/LAN,Fixed broadband,2020-Q2,1004606.0,Subscriptions,2020,Q2
Colombia,Subscriptions,Fibre/LAN,Fixed broadband,2020-Q4,1176703.0,Subscriptions,2020,Q4
Colombia,Subscriptions,Fibre/LAN,Fixed broadband,2021-Q2,1477740.0,Subscriptions,2021,Q2
Colombia,Subscriptions,Fibre/LAN,Fixed broadband,2021-Q4,1729294.0,Subscriptions,2021,Q4
Colombia,Subscriptions,Fibre/LAN,Fixed broadband,2022-Q2,2087514.0,Subscriptions,2022,Q2
Colombia,Subscriptions,Fibre/LAN,Fixed broadband,2022-Q4,2503449.0,Subscriptions,2022,Q4
Colombia,Subscriptions,Fibre/LAN,Fixed broadband,2023-Q2,2845242.0,Subscriptions,2023,Q2
Colombia,Subscriptions,Fibre/LAN,Fixed broadband,2023-Q4,3212508.0,Subscriptions,2023,Q4
Colombia,Subscriptions,Fibre/LAN,Fixed broadband,2024-Q2,4037079.0,Subscriptions,2024,Q2
Colombia,Subscriptions,Fibre/LAN,Fixed broadband,2024-Q4,4436722.0,Subscriptions,2024,Q4
Costa Rica,Subscriptions,Fibre/LAN,Fixed broadband,2018-Q2,21901.0,Subscriptions,2018,Q2
Costa Rica,Subscriptions,Fibre/LAN,Fixed broadband,2018-Q4,19677.0,Subscriptions,2018,Q4
Costa Rica,Subscriptions,Fibre/LAN,Fixed broadband,2019-Q2,80712.0,Subscriptions,2019,Q2
Costa Rica,Subscriptions,Fibre/LAN,Fixed broadband,2019-Q4,116951.0,Subscriptions,2019,Q4
Costa Rica,Subscriptions,Fibre/LAN,Fixed broadband,2020-Q2,131242.0,Subscriptions,2020,Q2
Costa Rica,Subscriptions,Fibre/LAN,Fixed broadband,2020-Q4,138350.0,Subscriptions,2020,Q4
Costa Rica,Subscriptions,Fibre/LAN,Fixed broadband,2021-Q2,235237.0,Subscriptions,2021,Q2
Costa Rica,Subscriptions,Fibre/LAN,Fixed broadband,2021-Q4,289249.0,Subscriptions,2021,Q4
Costa Rica,Subscriptions,Fibre/LAN,Fixed broadband,2022-Q2,354746.0,Subscriptions,2022,Q2
Costa Rica,Subscriptions,Fibre/LAN,Fixed broadband,2022-Q4,441734.0,Subscriptions,2022,Q4
Costa Rica,Subscriptions,Fibre/LAN,Fixed broadband,2023-Q2,503408.0,Subscriptions,2023,Q2
Costa Rica,Subscriptions,Fibre/LAN,Fixed broadband,2023-Q4,545837.0,Subscriptions,2023,Q4
Costa Rica,Subscriptions,Fibre/LAN,Fixed broadband,2024-Q2,617520.0,Subscriptions,2024,Q2
Costa Rica,Subscriptions,Fibre/LAN,Fixed broadband,2024-Q4,650295.0,Subscriptions,2024,Q4
Czechia,Subscriptions,Fibre/LAN,Fixed broadband,2018-Q2,601719.0,Subscriptions,2018,Q2
Czechia,Subscriptions,Fibre/LAN,Fixed broadband,2018-Q4,622346.0,Subscriptions,2018,Q4
Czechia,Subscriptions,Fibre/LAN,Fixed broadband,2019-Q2,638042.0,Subscriptions,2019,Q2
Czechia,Subscriptions,Fibre/LAN,Fixed broadband,2019-Q4,664309.0,Subscriptions,2019,Q4
Czechia,Subscriptions,Fibre/LAN,Fixed broadband,2020-Q2,687370.0,Subscriptions,2020,Q2
Czechia,Subscriptions,Fibre/LAN,Fixed broadband,2020-Q4,721333.0,Subscriptions,2020,Q4
Czechia,Subscriptions,Fibre/LAN,Fixed broadband,2021-Q2,741708.0,Subscriptions,2021,Q2
Czechia,Subscriptions,Fibre/LAN,Fixed broadband,2021-Q4,740024.0,Subscriptions,2021,Q4
Czechia,Subscriptions,Fibre/LAN,Fixed broadband,2022-Q2,789733.0,Subscriptions,2022,Q2
Czechia,Subscriptions,Fibre/LAN,Fixed broadband,2022-Q4,810059.0,Subscriptions,2022,Q4
Czechia,Subscriptions,Fibre/LAN,Fixed broadband,2023-Q2,872022.0,Subscriptions,2023,Q2
Czechia,Subscriptions,Fibre/LAN,Fixed broadband,2023-Q4,884184.0,Subscriptions,2023,Q4
Czechia,Subscriptions,Fibre/LAN,Fixed broadband,2024-Q2,932638.0,Subscriptions,2024,Q2
Czechia,Subscriptions,Fibre/LAN,Fixed broadband,2024-Q4,956792.0,Subscriptions,2024,Q4
Denmark,Subscriptions,Fibre/LAN,Fixed broadband,2018-Q2,752664.0,Subscriptions,2018,Q2
Denmark,Subscriptions,Fibre/LAN,Fixed broadband,2018-Q4,793123.0,Subscriptions,2018,Q4
Denmark,Subscriptions,Fibre/LAN,Fixed broadband,2019-Q2,843984.0,Subscriptions,2019,Q2
Denmark,Subscriptions,Fibre/LAN,Fixed broadband,2019-Q4,889382.0,Subscriptions,2019,Q4
Denmark,Subscriptions,Fibre/LAN,Fixed broadband,2020-Q2,964628.0,Subscriptions,2020,Q2
Denmark,Subscriptions,Fibre/LAN,Fixed broadband,2020-Q4,1020212.0,Subscriptions,2020,Q4
Denmark,Subscriptions,Fibre/LAN,Fixed broadband,2021-Q2,1028874.0,Subscriptions,2021,Q2
Denmark,Subscriptions,Fibre/LAN,Fixed broadband,2021-Q4,1156101.0,Subscriptions,2021,Q4
Denmark,Subscriptions,Fibre/LAN,Fixed broadband,2022-Q2,1240011.0,Subscriptions,2022,Q2
Denmark,Subscriptions,Fibre/LAN,Fixed broadband,2022-Q4,1308654.0,Subscriptions,2022,Q4
Denmark,Subscriptions,Fibre/LAN,Fixed broadband,2023-Q2,1388407.0,Subscriptions,2023,Q2
Denmark,Subscriptions,Fibre/LAN,Fixed broadband,2023-Q4,1449651.0,Subscriptions,2023,Q4
Denmark,Subscriptions,Fibre/LAN,Fixed broadband,2024-Q2,1511037.0,Subscriptions,2024,Q2
Denmark,Subscriptions,Fibre/LAN,Fixed broadband,2024-Q4,1550802.0,Subscriptions,2024,Q4
Estonia,Subscriptions,Fibre/LAN,Fixed broadband,2018-Q2,154799.0,Subscriptions,2018,Q2
Estonia,Subscriptions,Fibre/LAN,Fixed broadband,2018-Q4,161877.0,Subscriptions,2018,Q4
Estonia,Subscriptions,Fibre/LAN,Fixed broadband,2019-Q2,170054.0,Subscriptions,2019,Q2
Estonia,Subscriptions,Fibre/LAN,Fixed broadband,2019-Q4,184038.0,Subscriptions,2019,Q4
Estonia,Subscriptions,Fibre/LAN,Fixed broadband,2020-Q2,188305.0,Subscriptions,2020,Q2
Estonia,Subscriptions,Fibre/LAN,Fixed broadband,2020-Q4,196908.0,Subscriptions,2020,Q4
Estonia,Subscriptions,Fibre/LAN,Fixed broadband,2021-Q2,203109.0,Subscriptions,2021,Q2
Estonia,Subscriptions,Fibre/LAN,Fixed broadband,2021-Q4,213149.0,Subscriptions,2021,Q4
Estonia,Subscriptions,Fibre/LAN,Fixed broadband,2022-Q2,224264.0,Subscriptions,2022,Q2
Estonia,Subscriptions,Fibre/LAN,Fixed broadband,2022-Q4,234865.0,Subscriptions,2022,Q4
Estonia,Subscriptions,Fibre/LAN,Fixed broadband,2023-Q2,251373.0,Subscriptions,2023,Q2
Estonia,Subscriptions,Fibre/LAN,Fixed broadband,2023-Q4,257959.0,Subscriptions,2023,Q4
Estonia,Subscriptions,Fibre/LAN,Fixed broadband,2024-Q2,259827.0,Subscriptions,2024,Q2
Estonia,Subscriptions,Fibre/LAN,Fixed broadband,2024-Q4,266047.0,Subscriptions,2024,Q4
Finland,Subscriptions,Fibre/LAN,Fixed broadband,2018-Q2,825000.0,Subscriptions,2018,Q2
Finland,Subscriptions,Fibre/LAN,Fixed broadband,2018-Q4,888000.0,Subscriptions,2018,Q4
Finland,Subscriptions,Fibre/LAN,Fixed broadband,2019-Q2,929000.0,Subscriptions,2019,Q2
Finland,Subscriptions,Fibre/LAN,Fixed broadband,2019-Q4,977000.0,Subscriptions,2019,Q4
Finland,Subscriptions,Fibre/LAN,Fixed broadband,2020-Q2,994000.0,Subscriptions,2020,Q2
Finland,Subscriptions,Fibre/LAN,Fixed broadband,2020-Q4,1058000.0,Subscriptions,2020,Q4
Finland,Subscriptions,Fibre/LAN,Fixed broadband,2021-Q2,1078000.0,Subscriptions,2021,Q2
Finland,Subscriptions,Fibre/LAN,Fixed broadband,2021-Q4,1118000.0,Subscriptions,2021,Q4
Finland,Subscriptions,Fibre/LAN,Fixed broadband,2022-Q2,1160000.0,Subscriptions,2022,Q2
Finland,Subscriptions,Fibre/LAN,Fixed broadband,2022-Q4,1201000.0,Subscriptions,2022,Q4
Finland,Subscriptions,Fibre/LAN,Fixed broadband,2023-Q2,1256000.0,Subscriptions,2023,Q2
Finland,Subscriptions,Fibre/LAN,Fixed broadband,2023-Q4,1301000.0,Subscriptions,2023,Q4
Finland,Subscriptions,Fibre/LAN,Fixed broadband,2024-Q2,1336000.0,Subscriptions,2024,Q2
Finland,Subscriptions,Fibre/LAN,Fixed broadband,2024-Q4,1672000.0,Subscriptions,2024,Q4
France,Subscriptions,Fibre/LAN,Fixed broadband,2018-Q2,3936000.0,Subscriptions,2018,Q2
France,Subscriptions,Fibre/LAN,Fixed broadband,2018-Q4,4802000.0,Subscriptions,2018,Q4
France,Subscriptions,Fibre/LAN,Fixed broadband,2019-Q2,5816000.0,Subscriptions,2019,Q2
France,Subscriptions,Fibre/LAN,Fixed broadband,2019-Q4,7075000.0,Subscriptions,2019,Q4
France,Subscriptions,Fibre/LAN,Fixed broadband,2020-Q2,8327000.0,Subscriptions,2020,Q2
France,Subscriptions,Fibre/LAN,Fixed broadband,2020-Q4,10410000.0,Subscriptions,2020,Q4
France,Subscriptions,Fibre/LAN,Fixed broadband,2021-Q2,12461000.0,Subscriptions,2021,Q2
France,Subscriptions,Fibre/LAN,Fixed broadband,2021-Q4,14496000.0,Subscriptions,2021,Q4
France,Subscriptions,Fibre/LAN,Fixed broadband,2022-Q2,16327000.0,Subscriptions,2022,Q2
France,Subscriptions,Fibre/LAN,Fixed broadband,2022-Q4,18149000.0,Subscriptions,2022,Q4
France,Subscriptions,Fibre/LAN,Fixed broadband,2023-Q2,19842000.0,Subscriptions,2023,Q2
France,Subscriptions,Fibre/LAN,Fixed broadband,2023-Q4,21465000.0,Subscriptions,2023,Q4
France,Subscriptions,Fibre/LAN,Fixed broadband,2024-Q2,22971000.0,Subscriptions,2024,Q2
France,Subscriptions,Fibre/LAN,Fixed broadband,2024-Q4,24390000.0,Subscriptions,2024,Q4
Germany,Subscriptions,Fibre/LAN,Fixed broadband,2018-Q2,884577.0,Subscriptions,2018,Q2
Germany,Subscriptions,Fibre/LAN,Fixed broadband,2018-Q4,1087690.0,Subscriptions,2018,Q4
Germany,Subscriptions,Fibre/LAN,Fixed broadband,2019-Q2,1238948.0,Subscriptions,2019,Q2
Germany,Subscriptions,Fibre/LAN,Fixed broadband,2019-Q4,1547909.0,Subscriptions,2019,Q4
Germany,Subscriptions,Fibre/LAN,Fixed broadband,2020-Q2,1754888.0,Subscriptions,2020,Q2
Germany,Subscriptions,Fibre/LAN,Fixed broadband,2020-Q4,2047317.0,Subscriptions,2020,Q4
Germany,Subscriptions,Fibre/LAN,Fixed broadband,2021-Q2,2326887.0,Subscriptions,2021,Q2
Germany,Subscriptions,Fibre/LAN,Fixed broadband,2021-Q4,2622740.0,Subscriptions,2021,Q4
Germany,Subscriptions,Fibre/LAN,Fixed broadband,2022-Q2,2995000.0,Subscriptions,2022,Q2
Germany,Subscriptions,Fibre/LAN,Fixed broadband,2022-Q4,3440002.0,Subscriptions,2022,Q4
Germany,Subscriptions,Fibre/LAN,Fixed broadband,2023-Q2,3826625.0,Subscriptions,2023,Q2
Germany,Subscriptions,Fibre/LAN,Fixed broadband,2023-Q4,4294611.0,Subscriptions,2023,Q4
Germany,Subscriptions,Fibre/LAN,Fixed broadband,2024-Q2,4680885.0,Subscriptions,2024,Q2
Germany,Subscriptions,Fibre/LAN,Fixed broadband,2024-Q4,5294602.0,Subscriptions,2024,Q4
Greece,Subscriptions,Fibre/LAN,Fixed broadband,2018-Q2,7707.0,Subscriptions,2018,Q2
Greece,Subscriptions,Fibre/LAN,Fixed broadband,2018-Q4,6168.0,Subscriptions,2018,Q4
Greece,Subscriptions,Fibre/LAN,Fixed broadband,2019-Q2,6416.0,Subscriptions,2019,Q2
Greece,Subscriptions,Fibre/LAN,Fixed broadband,2019-Q4,7961.0,Subscriptions,2019,Q4
Greece,Subscriptions,Fibre/LAN,Fixed broadband,2020-Q2,8265.0,Subscriptions,2020,Q2
Greece,Subscriptions,Fibre/LAN,Fixed broadband,2020-Q4,8685.0,Subscriptions,2020,Q4
Greece,Subscriptions,Fibre/LAN,Fixed broadband,2021-Q2,15552.0,Subscriptions,2021,Q2
Greece,Subscriptions,Fibre/LAN,Fixed broadband,2021-Q4,16740.0,Subscriptions,2021,Q4
Greece,Subscriptions,Fibre/LAN,Fixed broadband,2022-Q2,147449.0,Subscriptions,2022,Q2
Greece,Subscriptions,Fibre/LAN,Fixed broadband,2022-Q4,208534.0,Subscriptions,2022,Q4
Greece,Subscriptions,Fibre/LAN,Fixed broadband,2023-Q2,287221.0,Subscriptions,2023,Q2
Greece,Subscriptions,Fibre/LAN,Fixed broadband,2023-Q4,371532.0,Subscriptions,2023,Q4
Greece,Subscriptions,Fibre/LAN,Fixed broadband,2024-Q2,497377.0,Subscriptions,2024,Q2
Greece,Subscriptions,Fibre/LAN,Fixed broadband,2024-Q4,639612.0,Subscriptions,2024,Q4
Hungary,Subscriptions,Fibre/LAN,Fixed broadband,2018-Q2,662124.0,Subscriptions,2018,Q2
Hungary,Subscriptions,Fibre/LAN,Fixed broadband,2018-Q4,726975.0,Subscriptions,2018,Q4
Hungary,Subscriptions,Fibre/LAN,Fixed broadband,2019-Q2,782889.0,Subscriptions,2019,Q2
Hungary,Subscriptions,Fibre/LAN,Fixed broadband,2019-Q4,849145.0,Subscriptions,2019,Q4
Hungary,Subscriptions,Fibre/LAN,Fixed broadband,2020-Q2,919164.0,Subscriptions,2020,Q2
Hungary,Subscriptions,Fibre/LAN,Fixed broadband,2020-Q4,994899.0,Subscriptions,2020,Q4
Hungary,Subscriptions,Fibre/LAN,Fixed broadband,2021-Q2,1074006.0,Subscriptions,2021,Q2
Hungary,Subscriptions,Fibre/LAN,Fixed broadband,2021-Q4,1182343.0,Subscriptions,2021,Q4
Hungary,Subscriptions,Fibre/LAN,Fixed broadband,2022-Q2,1246278.0,Subscriptions,2022,Q2
Hungary,Subscriptions,Fibre/LAN,Fixed broadband,2022-Q4,1295233.0,Subscriptions,2022,Q4
Hungary,Subscriptions,Fibre/LAN,Fixed broadband,2023-Q2,1382744.0,Subscriptions,2023,Q2
Hungary,Subscriptions,Fibre/LAN,Fixed broadband,2023-Q4,1527304.0,Subscriptions,2023,Q4
Hungary,Subscriptions,Fibre/LAN,Fixed broadband,2024-Q2,1583371.0,Subscriptions,2024,Q2
Hungary,Subscriptions,Fibre/LAN,Fixed broadband,2024-Q4,1633375.0,Subscriptions,2024,Q4
Iceland,Subscriptions,Fibre/LAN,Fixed broadband,2018-Q2,63619.0,Subscriptions,2018,Q2
Iceland,Subscriptions,Fibre/LAN,Fixed broadband,2018-Q4,72253.0,Subscriptions,2018,Q4
Iceland,Subscriptions,Fibre/LAN,Fixed broadband,2019-Q2,80787.0,Subscriptions,2019,Q2
Iceland,Subscriptions,Fibre/LAN,Fixed broadband,2019-Q4,86520.0,Subscriptions,2019,Q4
Iceland,Subscriptions,Fibre/LAN,Fixed broadband,2020-Q2,91221.0,Subscriptions,2020,Q2
Iceland,Subscriptions,Fibre/LAN,Fixed broadband,2020-Q4,97292.0,Subscriptions,2020,Q4
Iceland,Subscriptions,Fibre/LAN,Fixed broadband,2021-Q2,101774.0,Subscriptions,2021,Q2
Iceland,Subscriptions,Fibre/LAN,Fixed broadband,2021-Q4,107294.0,Subscriptions,2021,Q4
Iceland,Subscriptions,Fibre/LAN,Fixed broadband,2022-Q2,111705.0,Subscriptions,2022,Q2
Iceland,Subscriptions,Fibre/LAN,Fixed broadband,2022-Q4,116726.0,Subscriptions,2022,Q4
Iceland,Subscriptions,Fibre/LAN,Fixed broadband,2023-Q2,120381.0,Subscriptions,2023,Q2
Iceland,Subscriptions,Fibre/LAN,Fixed broadband,2023-Q4,128584.0,Subscriptions,2023,Q4
Iceland,Subscriptions,Fibre/LAN,Fixed broadband,2024-Q2,132948.0,Subscriptions,2024,Q2
Iceland,Subscriptions,Fibre/LAN,Fixed broadband,2024-Q4,137522.0,Subscriptions,2024,Q4
Ireland,Subscriptions,Fibre/LAN,Fixed broadband,2018-Q2,60899.0,Subscriptions,2018,Q2
Ireland,Subscriptions,Fibre/LAN,Fixed broadband,2018-Q4,90642.0,Subscriptions,2018,Q4
Ireland,Subscriptions,Fibre/LAN,Fixed broadband,2019-Q2,126685.0,Subscriptions,2019,Q2
Ireland,Subscriptions,Fibre/LAN,Fixed broadband,2019-Q4,162361.0,Subscriptions,2019,Q4
Ireland,Subscriptions,Fibre/LAN,Fixed broadband,2020-Q2,201133.0,Subscriptions,2020,Q2
Ireland,Subscriptions,Fibre/LAN,Fixed broadband,2020-Q4,248528.0,Subscriptions,2020,Q4
Ireland,Subscriptions,Fibre/LAN,Fixed broadband,2021-Q2,309275.0,Subscriptions,2021,Q2
Ireland,Subscriptions,Fibre/LAN,Fixed broadband,2021-Q4,371912.0,Subscriptions,2021,Q4
Ireland,Subscriptions,Fibre/LAN,Fixed broadband,2022-Q2,431388.0,Subscriptions,2022,Q2
Ireland,Subscriptions,Fibre/LAN,Fixed broadband,2022-Q4,500801.0,Subscriptions,2022,Q4
Ireland,Subscriptions,Fibre/LAN,Fixed broadband,2023-Q2,574828.0,Subscriptions,2023,Q2
Ireland,Subscriptions,Fibre/LAN,Fixed broadband,2023-Q4,670354.0,Subscriptions,2023,Q4
Ireland,Subscriptions,Fibre/LAN,Fixed broadband,2024-Q2,763677.0,Subscriptions,2024,Q2
Ireland,Subscriptions,Fibre/LAN,Fixed broadband,2024-Q4,867052.0,Subscriptions,2024,Q4
Israel,Subscriptions,Fibre/LAN,Fixed broadband,2018-Q2,46784.0,Subscriptions,2018,Q2
Israel,Subscriptions,Fibre/LAN,Fixed broadband,2018-Q4,48574.0,Subscriptions,2018,Q4
Israel,Subscriptions,Fibre/LAN,Fixed broadband,2019-Q2,88967.0,Subscriptions,2019,Q2
Israel,Subscriptions,Fibre/LAN,Fixed broadband,2019-Q4,135304.0,Subscriptions,2019,Q4
Israel,Subscriptions,Fibre/LAN,Fixed broadband,2020-Q2,177751.0,Subscriptions,2020,Q2
Israel,Subscriptions,Fibre/LAN,Fixed broadband,2020-Q4,247116.0,Subscriptions,2020,Q4
Israel,Subscriptions,Fibre/LAN,Fixed broadband,2021-Q2,313422.0,Subscriptions,2021,Q2
Israel,Subscriptions,Fibre/LAN,Fixed broadband,2021-Q4,496718.0,Subscriptions,2021,Q4
Israel,Subscriptions,Fibre/LAN,Fixed broadband,2022-Q2,600000.0,Subscriptions,2022,Q2
Israel,Subscriptions,Fibre/LAN,Fixed broadband,2022-Q4,778067.0,Subscriptions,2022,Q4
Israel,Subscriptions,Fibre/LAN,Fixed broadband,2023-Q2,987000.0,Subscriptions,2023,Q2
Israel,Subscriptions,Fibre/LAN,Fixed broadband,2023-Q4,1307409.0,Subscriptions,2023,Q4
Israel,Subscriptions,Fibre/LAN,Fixed broadband,2024-Q2,1507294.0,Subscriptions,2024,Q2
Israel,Subscriptions,Fibre/LAN,Fixed broadband,2024-Q4,1707180.0,Subscriptions,2024,Q4
Italy,Subscriptions,Fibre/LAN,Fixed broadband,2018-Q2,695317.0,Subscriptions,2018,Q2
Italy,Subscriptions,Fibre/LAN,Fixed broadband,2018-Q4,884594.0,Subscriptions,2018,Q4
Italy,Subscriptions,Fibre/LAN,Fixed broadband,2019-Q2,1057920.0,Subscriptions,2019,Q2
Italy,Subscriptions,Fibre/LAN,Fixed broadband,2019-Q4,1265719.0,Subscriptions,2019,Q4
Italy,Subscriptions,Fibre/LAN,Fixed broadband,2020-Q2,1521337.0,Subscriptions,2020,Q2
Italy,Subscriptions,Fibre/LAN,Fixed broadband,2020-Q4,1889148.0,Subscriptions,2020,Q4
Italy,Subscriptions,Fibre/LAN,Fixed broadband,2021-Q2,2347025.0,Subscriptions,2021,Q2
Italy,Subscriptions,Fibre/LAN,Fixed broadband,2021-Q4,2744612.0,Subscriptions,2021,Q4
Italy,Subscriptions,Fibre/LAN,Fixed broadband,2022-Q2,3200000.0,Subscriptions,2022,Q2
Italy,Subscriptions,Fibre/LAN,Fixed broadband,2022-Q4,3650000.0,Subscriptions,2022,Q4
Italy,Subscriptions,Fibre/LAN,Fixed broadband,2023-Q2,4145000.0,Subscriptions,2023,Q2
Italy,Subscriptions,Fibre/LAN,Fixed broadband,2023-Q4,4630000.0,Subscriptions,2023,Q4
Italy,Subscriptions,Fibre/LAN,Fixed broadband,2024-Q2,5233492.0,Subscriptions,2024,Q2
Italy,Subscriptions,Fibre/LAN,Fixed broadband,2024-Q4,5859972.0,Subscriptions,2024,Q4
Japan,Subscriptions,Fibre/LAN,Fixed broadband,2018-Q2,31005933.0,Subscriptions,2018,Q2
Japan,Subscriptions,Fibre/LAN,Fixed broadband,2018-Q4,31592487.0,Subscriptions,2018,Q4
Japan,Subscriptions,Fibre/LAN,Fixed broadband,2019-Q2,32313770.0,Subscriptions,2019,Q2
Japan,Subscriptions,Fibre/LAN,Fixed broadband,2019-Q4,33044576.0,Subscriptions,2019,Q4
Japan,Subscriptions,Fibre/LAN,Fixed broadband,2020-Q2,34356797.0,Subscriptions,2020,Q2
Japan,Subscriptions,Fibre/LAN,Fixed broadband,2020-Q4,35331785.0,Subscriptions,2020,Q4
Japan,Subscriptions,Fibre/LAN,Fixed broadband,2021-Q2,36420168.0,Subscriptions,2021,Q2
Japan,Subscriptions,Fibre/LAN,Fixed broadband,2021-Q4,37328596.0,Subscriptions,2021,Q4
Japan,Subscriptions,Fibre/LAN,Fixed broadband,2022-Q2,38192648.0,Subscriptions,2022,Q2
Japan,Subscriptions,Fibre/LAN,Fixed broadband,2022-Q4,39231089.0,Subscriptions,2022,Q4
Japan,Subscriptions,Fibre/LAN,Fixed broadband,2023-Q2,39745547.0,Subscriptions,2023,Q2
Japan,Subscriptions,Fibre/LAN,Fixed broadband,2023-Q4,40171181.0,Subscriptions,2023,Q4
Japan,Subscriptions,Fibre/LAN,Fixed broadband,2024-Q2,40539401.0,Subscriptions,2024,Q2
Japan,Subscriptions,Fibre/LAN,Fixed broadband,2024-Q4,40900486.0,Subscriptions,2024,Q4
Korea,Subscriptions,Fibre/LAN,Fixed broadband,2018-Q2,16560680.0,Subscriptions,2018,Q2
Korea,Subscriptions,Fibre/LAN,Fixed broadband,2018-Q4,17108276.0,Subscriptions,2018,Q4
Korea,Subscriptions,Fibre/LAN,Fixed broadband,2019-Q2,17654450.0,Subscriptions,2019,Q2
Korea,Subscriptions,Fibre/LAN,Fixed broadband,2019-Q4,18138887.0,Subscriptions,2019,Q4
Korea,Subscriptions,Fibre/LAN,Fixed broadband,2020-Q2,18456665.0,Subscriptions,2020,Q2
Korea,Subscriptions,Fibre/LAN,Fixed broadband,2020-Q4,18923014.0,Subscriptions,2020,Q4
Korea,Subscriptions,Fibre/LAN,Fixed broadband,2021-Q2,19463516.0,Subscriptions,2021,Q2
Korea,Subscriptions,Fibre/LAN,Fixed broadband,2021-Q4,19870990.0,Subscriptions,2021,Q4
Korea,Subscriptions,Fibre/LAN,Fixed broadband,2022-Q2,20311042.0,Subscriptions,2022,Q2
Korea,Subscriptions,Fibre/LAN,Fixed broadband,2022-Q4,20722011.0,Subscriptions,2022,Q4
Korea,Subscriptions,Fibre/LAN,Fixed broadband,2023-Q2,21198178.0,Subscriptions,2023,Q2
Korea,Subscriptions,Fibre/LAN,Fixed broadband,2023-Q4,21582457.0,Subscriptions,2023,Q4
Korea,Subscriptions,Fibre/LAN,Fixed broadband,2024-Q2,22025794.0,Subscriptions,2024,Q2
Korea,Subscriptions,Fibre/LAN,Fixed broadband,2024-Q4,22381143.0,Subscriptions,2024,Q4
Latvia,Subscriptions,Fibre/LAN,Fixed broadband,2018-Q2,346643.0,Subscriptions,2018,Q2
Latvia,Subscriptions,Fibre/LAN,Fixed broadband,2018-Q4,355654.0,Subscriptions,2018,Q4
Latvia,Subscriptions,Fibre/LAN,Fixed broadband,2019-Q2,353269.0,Subscriptions,2019,Q2
Latvia,Subscriptions,Fibre/LAN,Fixed broadband,2019-Q4,352965.0,Subscriptions,2019,Q4
Latvia,Subscriptions,Fibre/LAN,Fixed broadband,2020-Q2,341243.0,Subscriptions,2020,Q2
Latvia,Subscriptions,Fibre/LAN,Fixed broadband,2020-Q4,344193.0,Subscriptions,2020,Q4
Latvia,Subscriptions,Fibre/LAN,Fixed broadband,2021-Q2,347408.0,Subscriptions,2021,Q2
Latvia,Subscriptions,Fibre/LAN,Fixed broadband,2021-Q4,355492.0,Subscriptions,2021,Q4
Latvia,Subscriptions,Fibre/LAN,Fixed broadband,2022-Q2,359246.0,Subscriptions,2022,Q2
Latvia,Subscriptions,Fibre/LAN,Fixed broadband,2022-Q4,369696.0,Subscriptions,2022,Q4
Latvia,Subscriptions,Fibre/LAN,Fixed broadband,2023-Q2,373632.0,Subscriptions,2023,Q2
Latvia,Subscriptions,Fibre/LAN,Fixed broadband,2023-Q4,379569.0,Subscriptions,2023,Q4
Latvia,Subscriptions,Fibre/LAN,Fixed broadband,2024-Q2,380584.0,Subscriptions,2024,Q2
Latvia,Subscriptions,Fibre/LAN,Fixed broadband,2024-Q4,380779.0,Subscriptions,2024,Q4
Lithuania,Subscriptions,Fibre/LAN,Fixed broadband,2018-Q2,568897.0,Subscriptions,2018,Q2
Lithuania,Subscriptions,Fibre/LAN,Fixed broadband,2018-Q4,576728.0,Subscriptions,2018,Q4
Lithuania,Subscriptions,Fibre/LAN,Fixed broadband,2019-Q2,589885.0,Subscriptions,2019,Q2
Lithuania,Subscriptions,Fibre/LAN,Fixed broadband,2019-Q4,594159.0,Subscriptions,2019,Q4
Lithuania,Subscriptions,Fibre/LAN,Fixed broadband,2020-Q2,597442.0,Subscriptions,2020,Q2
Lithuania,Subscriptions,Fibre/LAN,Fixed broadband,2020-Q4,606535.0,Subscriptions,2020,Q4
Lithuania,Subscriptions,Fibre/LAN,Fixed broadband,2021-Q2,614247.0,Subscriptions,2021,Q2
Lithuania,Subscriptions,Fibre/LAN,Fixed broadband,2021-Q4,618498.0,Subscriptions,2021,Q4
Lithuania,Subscriptions,Fibre/LAN,Fixed broadband,2022-Q2,627434.0,Subscriptions,2022,Q2
Lithuania,Subscriptions,Fibre/LAN,Fixed broadband,2022-Q4,633944.0,Subscriptions,2022,Q4
Lithuania,Subscriptions,Fibre/LAN,Fixed broadband,2023-Q2,633578.0,Subscriptions,2023,Q2
Lithuania,Subscriptions,Fibre/LAN,Fixed broadband,2023-Q4,637321.0,Subscriptions,2023,Q4
Lithuania,Subscriptions,Fibre/LAN,Fixed broadband,2024-Q2,638946.0,Subscriptions,2024,Q2
Lithuania,Subscriptions,Fibre/LAN,Fixed broadband,2024-Q4,642588.0,Subscriptions,2024,Q4
Luxembourg,Subscriptions,Fibre/LAN,Fixed broadband,2018-Q2,69300.0,Subscriptions,2018,Q2
Luxembourg,Subscriptions,Fibre/LAN,Fixed broadband,2018-Q4,78200.0,Subscriptions,2018,Q4
Luxembourg,Subscriptions,Fibre/LAN,Fixed broadband,2019-Q2,96000.0,Subscriptions,2019,Q2
Luxembourg,Subscriptions,Fibre/LAN,Fixed broadband,2019-Q4,97100.0,Subscriptions,2019,Q4
Luxembourg,Subscriptions,Fibre/LAN,Fixed broadband,2020-Q2,109800.0,Subscriptions,2020,Q2
Luxembourg,Subscriptions,Fibre/LAN,Fixed broadband,2020-Q4,118100.0,Subscriptions,2020,Q4
Luxembourg,Subscriptions,Fibre/LAN,Fixed broadband,2021-Q2,127900.0,Subscriptions,2021,Q2
Luxembourg,Subscriptions,Fibre/LAN,Fixed broadband,2021-Q4,133500.0,Subscriptions,2021,Q4
Luxembourg,Subscriptions,Fibre/LAN,Fixed broadband,2022-Q2,140890.0,Subscriptions,2022,Q2
Luxembourg,Subscriptions,Fibre/LAN,Fixed broadband,2022-Q4,148200.0,Subscriptions,2022,Q4
Luxembourg,Subscriptions,Fibre/LAN,Fixed broadband,2023-Q2,155300.0,Subscriptions,2023,Q2
Luxembourg,Subscriptions,Fibre/LAN,Fixed broadband,2023-Q4,164000.0,Subscriptions,2023,Q4
Luxembourg,Subscriptions,Fibre/LAN,Fixed broadband,2024-Q2,174700.0,Subscriptions,2024,Q2
Luxembourg,Subscriptions,Fibre/LAN,Fixed broadband,2024-Q4,182700.0,Subscriptions,2024,Q4
Mexico,Subscriptions,Fibre/LAN,Fixed broadband,2018-Q2,3472497.0,Subscriptions,2018,Q2
Mexico,Subscriptions,Fibre/LAN,Fixed broadband,2018-Q4,3720313.0,Subscriptions,2018,Q4
Mexico,Subscriptions,Fibre/LAN,Fixed broadband,2019-Q2,4119242.0,Subscriptions,2019,Q2
Mexico,Subscriptions,Fibre/LAN,Fixed broadband,2019-Q4,4747227.0,Subscriptions,2019,Q4
Mexico,Subscriptions,Fibre/LAN,Fixed broadband,2020-Q2,5520350.0,Subscriptions,2020,Q2
Mexico,Subscriptions,Fibre/LAN,Fixed broadband,2020-Q4,6389876.0,Subscriptions,2020,Q4
Mexico,Subscriptions,Fibre/LAN,Fixed broadband,2021-Q2,7327580.0,Subscriptions,2021,Q2
Mexico,Subscriptions,Fibre/LAN,Fixed broadband,2021-Q4,8500630.0,Subscriptions,2021,Q4
Mexico,Subscriptions,Fibre/LAN,Fixed broadband,2022-Q2,9904712.0,Subscriptions,2022,Q2
Mexico,Subscriptions,Fibre/LAN,Fixed broadband,2022-Q4,10978631.0,Subscriptions,2022,Q4
Mexico,Subscriptions,Fibre/LAN,Fixed broadband,2023-Q2,16544587.0,Subscriptions,2023,Q2
Mexico,Subscriptions,Fibre/LAN,Fixed broadband,2023-Q4,17390287.0,Subscriptions,2023,Q4
Mexico,Subscriptions,Fibre/LAN,Fixed broadband,2024-Q2,18817675.0,Subscriptions,2024,Q2
Mexico,Subscriptions,Fibre/LAN,Fixed broadband,2024-Q4,20127029.0,Subscriptions,2024,Q4
Netherlands,Subscriptions,Fibre/LAN,Fixed broadband,2018-Q2,1224000.0,Subscriptions,2018,Q2
Netherlands,Subscriptions,Fibre/LAN,Fixed broadband,2018-Q4,1281000.0,Subscriptions,2018,Q4
Netherlands,Subscriptions,Fibre/LAN,Fixed broadband,2019-Q2,1323934.0,Subscriptions,2019,Q2
Netherlands,Subscriptions,Fibre/LAN,Fixed broadband,2019-Q4,1385984.0,Subscriptions,2019,Q4
Netherlands,Subscriptions,Fibre/LAN,Fixed broadband,2020-Q2,1477431.0,Subscriptions,2020,Q2
Netherlands,Subscriptions,Fibre/LAN,Fixed broadband,2020-Q4,1606000.0,Subscriptions,2020,Q4
Netherlands,Subscriptions,Fibre/LAN,Fixed broadband,2021-Q2,1782000.0,Subscriptions,2021,Q2
Netherlands,Subscriptions,Fibre/LAN,Fixed broadband,2021-Q4,1892922.0,Subscriptions,2021,Q4
Netherlands,Subscriptions,Fibre/LAN,Fixed broadband,2022-Q2,2118684.0,Subscriptions,2022,Q2
Netherlands,Subscriptions,Fibre/LAN,Fixed broadband,2022-Q4,2310000.0,Subscriptions,2022,Q4
Netherlands,Subscriptions,Fibre/LAN,Fixed broadband,2023-Q2,2482000.0,Subscriptions,2023,Q2
Netherlands,Subscriptions,Fibre/LAN,Fixed broadband,2023-Q4,2648000.0,Subscriptions,2023,Q4
Netherlands,Subscriptions,Fibre/LAN,Fixed broadband,2024-Q2,2906000.0,Subscriptions,2024,Q2
Netherlands,Subscriptions,Fibre/LAN,Fixed broadband,2024-Q4,3093000.0,Subscriptions,2024,Q4
New Zealand,Subscriptions,Fibre/LAN,Fixed broadband,2018-Q2,607384.0,Subscriptions,2018,Q2
New Zealand,Subscriptions,Fibre/LAN,Fixed broadband,2018-Q4,716258.0,Subscriptions,2018,Q4
New Zealand,Subscriptions,Fibre/LAN,Fixed broadband,2019-Q2,820761.0,Subscriptions,2019,Q2
New Zealand,Subscriptions,Fibre/LAN,Fixed broadband,2019-Q4,924895.0,Subscriptions,2019,Q4
New Zealand,Subscriptions,Fibre/LAN,Fixed broadband,2020-Q2,1004385.0,Subscriptions,2020,Q2
New Zealand,Subscriptions,Fibre/LAN,Fixed broadband,2020-Q4,1079643.0,Subscriptions,2020,Q4
New Zealand,Subscriptions,Fibre/LAN,Fixed broadband,2021-Q2,1150710.0,Subscriptions,2021,Q2
New Zealand,Subscriptions,Fibre/LAN,Fixed broadband,2021-Q4,1209563.0,Subscriptions,2021,Q4
New Zealand,Subscriptions,Fibre/LAN,Fixed broadband,2022-Q2,1258782.0,Subscriptions,2022,Q2
New Zealand,Subscriptions,Fibre/LAN,Fixed broadband,2022-Q4,1306514.0,Subscriptions,2022,Q4
New Zealand,Subscriptions,Fibre/LAN,Fixed broadband,2023-Q2,1345034.0,Subscriptions,2023,Q2
New Zealand,Subscriptions,Fibre/LAN,Fixed broadband,2023-Q4,1373558.0,Subscriptions,2023,Q4
New Zealand,Subscriptions,Fibre/LAN,Fixed broadband,2024-Q2,1395208.0,Subscriptions,2024,Q2
New Zealand,Subscriptions,Fibre/LAN,Fixed broadband,2024-Q4,1416924.0,Subscriptions,2024,Q4
Norway,Subscriptions,Fibre/LAN,Fixed broadband,2018-Q2,990712.0,Subscriptions,2018,Q2
Norway,Subscriptions,Fibre/LAN,Fixed broadband,2018-Q4,1099800.0,Subscriptions,2018,Q4
Norway,Subscriptions,Fibre/LAN,Fixed broadband,2019-Q2,1129011.0,Subscriptions,2019,Q2
Norway,Subscriptions,Fibre/LAN,Fixed broadband,2019-Q4,1255970.0,Subscriptions,2019,Q4
Norway,Subscriptions,Fibre/LAN,Fixed broadband,2020-Q2,1313929.0,Subscriptions,2020,Q2
Norway,Subscriptions,Fibre/LAN,Fixed broadband,2020-Q4,1432669.0,Subscriptions,2020,Q4
Norway,Subscriptions,Fibre/LAN,Fixed broadband,2021-Q2,1501386.0,Subscriptions,2021,Q2
Norway,Subscriptions,Fibre/LAN,Fixed broadband,2021-Q4,1600626.0,Subscriptions,2021,Q4
Norway,Subscriptions,Fibre/LAN,Fixed broadband,2022-Q2,1663994.0,Subscriptions,2022,Q2
Norway,Subscriptions,Fibre/LAN,Fixed broadband,2022-Q4,1731774.0,Subscriptions,2022,Q4
Norway,Subscriptions,Fibre/LAN,Fixed broadband,2023-Q2,1774689.0,Subscriptions,2023,Q2
Norway,Subscriptions,Fibre/LAN,Fixed broadband,2023-Q4,1840471.0,Subscriptions,2023,Q4
Norway,Subscriptions,Fibre/LAN,Fixed broadband,2024-Q2,1887403.0,Subscriptions,2024,Q2
Norway,Subscriptions,Fibre/LAN,Fixed broadband,2024-Q4,1944227.0,Subscriptions,2024,Q4
Poland,Subscriptions,Fibre/LAN,Fixed broadband,2018-Q2,905019.0,Subscriptions,2018,Q2
Poland,Subscriptions,Fibre/LAN,Fixed broadband,2018-Q4,1590012.0,Subscriptions,2018,Q4
Poland,Subscriptions,Fibre/LAN,Fixed broadband,2019-Q2,1513108.0,Subscriptions,2019,Q2
Poland,Subscriptions,Fibre/LAN,Fixed broadband,2019-Q4,1897871.0,Subscriptions,2019,Q4
Poland,Subscriptions,Fibre/LAN,Fixed broadband,2020-Q2,2083977.0,Subscriptions,2020,Q2
Poland,Subscriptions,Fibre/LAN,Fixed broadband,2020-Q4,2424142.0,Subscriptions,2020,Q4
Poland,Subscriptions,Fibre/LAN,Fixed broadband,2021-Q2,2721882.0,Subscriptions,2021,Q2
Poland,Subscriptions,Fibre/LAN,Fixed broadband,2021-Q4,3203768.0,Subscriptions,2021,Q4
Poland,Subscriptions,Fibre/LAN,Fixed broadband,2022-Q2,3219120.0,Subscriptions,2022,Q2
Poland,Subscriptions,Fibre/LAN,Fixed broadband,2022-Q4,3760468.0,Subscriptions,2022,Q4
Poland,Subscriptions,Fibre/LAN,Fixed broadband,2023-Q2,3921971.0,Subscriptions,2023,Q2
Poland,Subscriptions,Fibre/LAN,Fixed broadband,2023-Q4,4563246.0,Subscriptions,2023,Q4
Poland,Subscriptions,Fibre/LAN,Fixed broadband,2024-Q2,4675415.0,Subscriptions,2024,Q2
Poland,Subscriptions,Fibre/LAN,Fixed broadband,2024-Q4,5382696.0,Subscriptions,2024,Q4
Portugal,Subscriptions,Fibre/LAN,Fixed broadband,2018-Q2,1541218.0,Subscriptions,2018,Q2
Portugal,Subscriptions,Fibre/LAN,Fixed broadband,2018-Q4,1710691.0,Subscriptions,2018,Q4
Portugal,Subscriptions,Fibre/LAN,Fixed broadband,2019-Q2,1863452.0,Subscriptions,2019,Q2
Portugal,Subscriptions,Fibre/LAN,Fixed broadband,2019-Q4,2008188.0,Subscriptions,2019,Q4
Portugal,Subscriptions,Fibre/LAN,Fixed broadband,2020-Q2,2131203.0,Subscriptions,2020,Q2
Portugal,Subscriptions,Fibre/LAN,Fixed broadband,2020-Q4,2291142.0,Subscriptions,2020,Q4
Portugal,Subscriptions,Fibre/LAN,Fixed broadband,2021-Q2,2439859.0,Subscriptions,2021,Q2
Portugal,Subscriptions,Fibre/LAN,Fixed broadband,2021-Q4,2585172.0,Subscriptions,2021,Q4
Portugal,Subscriptions,Fibre/LAN,Fixed broadband,2022-Q2,2713579.0,Subscriptions,2022,Q2
Portugal,Subscriptions,Fibre/LAN,Fixed broadband,2022-Q4,2845207.0,Subscriptions,2022,Q4
Portugal,Subscriptions,Fibre/LAN,Fixed broadband,2023-Q2,2945360.0,Subscriptions,2023,Q2
Portugal,Subscriptions,Fibre/LAN,Fixed broadband,2023-Q4,3048048.0,Subscriptions,2023,Q4
Portugal,Subscriptions,Fibre/LAN,Fixed broadband,2024-Q2,3121831.0,Subscriptions,2024,Q2
Portugal,Subscriptions,Fibre/LAN,Fixed broadband,2024-Q4,3234184.0,Subscriptions,2024,Q4
Slovak Republic,Subscriptions,Fibre/LAN,Fixed broadband,2018-Q2,438823.0,Subscriptions,2018,Q2
Slovak Republic,Subscriptions,Fibre/LAN,Fixed broadband,2018-Q4,469671.0,Subscriptions,2018,Q4
Slovak Republic,Subscriptions,Fibre/LAN,Fixed broadband,2019-Q2,488394.0,Subscriptions,2019,Q2
Slovak Republic,Subscriptions,Fibre/LAN,Fixed broadband,2019-Q4,525748.0,Subscriptions,2019,Q4
Slovak Republic,Subscriptions,Fibre/LAN,Fixed broadband,2020-Q2,572372.0,Subscriptions,2020,Q2
Slovak Republic,Subscriptions,Fibre/LAN,Fixed broadband,2020-Q4,624219.0,Subscriptions,2020,Q4
Slovak Republic,Subscriptions,Fibre/LAN,Fixed broadband,2021-Q2,667781.0,Subscriptions,2021,Q2
Slovak Republic,Subscriptions,Fibre/LAN,Fixed broadband,2021-Q4,724400.0,Subscriptions,2021,Q4
Slovak Republic,Subscriptions,Fibre/LAN,Fixed broadband,2022-Q2,768304.0,Subscriptions,2022,Q2
Slovak Republic,Subscriptions,Fibre/LAN,Fixed broadband,2022-Q4,810692.0,Subscriptions,2022,Q4
Slovak Republic,Subscriptions,Fibre/LAN,Fixed broadband,2023-Q2,842407.0,Subscriptions,2023,Q2
Slovak Republic,Subscriptions,Fibre/LAN,Fixed broadband,2023-Q4,883337.0,Subscriptions,2023,Q4
Slovak Republic,Subscriptions,Fibre/LAN,Fixed broadband,2024-Q2,936049.0,Subscriptions,2024,Q2
Slovak Republic,Subscriptions,Fibre/LAN,Fixed broadband,2024-Q4,996874.0,Subscriptions,2024,Q4
Slovenia,Subscriptions,Fibre/LAN,Fixed broadband,2018-Q2,209122.0,Subscriptions,2018,Q2
Slovenia,Subscriptions,Fibre/LAN,Fixed broadband,2018-Q4,222505.0,Subscriptions,2018,Q4
Slovenia,Subscriptions,Fibre/LAN,Fixed broadband,2019-Q2,235679.0,Subscriptions,2019,Q2
Slovenia,Subscriptions,Fibre/LAN,Fixed broadband,2019-Q4,251448.0,Subscriptions,2019,Q4
Slovenia,Subscriptions,Fibre/LAN,Fixed broadband,2020-Q2,266786.0,Subscriptions,2020,Q2
Slovenia,Subscriptions,Fibre/LAN,Fixed broadband,2020-Q4,287532.0,Subscriptions,2020,Q4
Slovenia,Subscriptions,Fibre/LAN,Fixed broadband,2021-Q2,307315.0,Subscriptions,2021,Q2
Slovenia,Subscriptions,Fibre/LAN,Fixed broadband,2021-Q4,324478.0,Subscriptions,2021,Q4
Slovenia,Subscriptions,Fibre/LAN,Fixed broadband,2022-Q2,339231.0,Subscriptions,2022,Q2
Slovenia,Subscriptions,Fibre/LAN,Fixed broadband,2022-Q4,354592.0,Subscriptions,2022,Q4
Slovenia,Subscriptions,Fibre/LAN,Fixed broadband,2023-Q2,368931.0,Subscriptions,2023,Q2
Slovenia,Subscriptions,Fibre/LAN,Fixed broadband,2023-Q4,382191.0,Subscriptions,2023,Q4
Slovenia,Subscriptions,Fibre/LAN,Fixed broadband,2024-Q2,398668.0,Subscriptions,2024,Q2
Slovenia,Subscriptions,Fibre/LAN,Fixed broadband,2024-Q4,413180.0,Subscriptions,2024,Q4
Spain,Subscriptions,Fibre/LAN,Fixed broadband,2018-Q2,7597782.0,Subscriptions,2018,Q2
Spain,Subscriptions,Fibre/LAN,Fixed broadband,2018-Q4,8598711.0,Subscriptions,2018,Q4
Spain,Subscriptions,Fibre/LAN,Fixed broadband,2019-Q2,9437077.0,Subscriptions,2019,Q2
Spain,Subscriptions,Fibre/LAN,Fixed broadband,2019-Q4,10225788.0,Subscriptions,2019,Q4
Spain,Subscriptions,Fibre/LAN,Fixed broadband,2020-Q2,10821529.0,Subscriptions,2020,Q2
Spain,Subscriptions,Fibre/LAN,Fixed broadband,2020-Q4,11604260.0,Subscriptions,2020,Q4
Spain,Subscriptions,Fibre/LAN,Fixed broadband,2021-Q2,12326151.0,Subscriptions,2021,Q2
Spain,Subscriptions,Fibre/LAN,Fixed broadband,2021-Q4,12941610.0,Subscriptions,2021,Q4
Spain,Subscriptions,Fibre/LAN,Fixed broadband,2022-Q2,13529231.0,Subscriptions,2022,Q2
Spain,Subscriptions,Fibre/LAN,Fixed broadband,2022-Q4,14065963.0,Subscriptions,2022,Q4
Spain,Subscriptions,Fibre/LAN,Fixed broadband,2023-Q2,14553585.0,Subscriptions,2023,Q2
Spain,Subscriptions,Fibre/LAN,Fixed broadband,2023-Q4,15299344.0,Subscriptions,2023,Q4
Spain,Subscriptions,Fibre/LAN,Fixed broadband,2024-Q2,16244363.0,Subscriptions,2024,Q2
Spain,Subscriptions,Fibre/LAN,Fixed broadband,2024-Q4,16982911.0,Subscriptions,2024,Q4
Sweden,Subscriptions,Fibre/LAN,Fixed broadband,2018-Q2,2510254.0,Subscriptions,2018,Q2
Sweden,Subscriptions,Fibre/LAN,Fixed broadband,2018-Q4,2660081.0,Subscriptions,2018,Q4
Sweden,Subscriptions,Fibre/LAN,Fixed broadband,2019-Q2,2754168.0,Subscriptions,2019,Q2
Sweden,Subscriptions,Fibre/LAN,Fixed broadband,2019-Q4,2875066.0,Subscriptions,2019,Q4
Sweden,Subscriptions,Fibre/LAN,Fixed broadband,2020-Q2,2994548.0,Subscriptions,2020,Q2
Sweden,Subscriptions,Fibre/LAN,Fixed broadband,2020-Q4,3136207.0,Subscriptions,2020,Q4
Sweden,Subscriptions,Fibre/LAN,Fixed broadband,2021-Q2,3192297.0,Subscriptions,2021,Q2
Sweden,Subscriptions,Fibre/LAN,Fixed broadband,2021-Q4,3319466.0,Subscriptions,2021,Q4
Sweden,Subscriptions,Fibre/LAN,Fixed broadband,2022-Q2,3391071.0,Subscriptions,2022,Q2
Sweden,Subscriptions,Fibre/LAN,Fixed broadband,2022-Q4,3459134.0,Subscriptions,2022,Q4
Sweden,Subscriptions,Fibre/LAN,Fixed broadband,2023-Q2,3459464.0,Subscriptions,2023,Q2
Sweden,Subscriptions,Fibre/LAN,Fixed broadband,2023-Q4,3556937.0,Subscriptions,2023,Q4
Sweden,Subscriptions,Fibre/LAN,Fixed broadband,2024-Q2,3571855.0,Subscriptions,2024,Q2
Sweden,Subscriptions,Fibre/LAN,Fixed broadband,2024-Q4,3600104.0,Subscriptions,2024,Q4
Switzerland,Subscriptions,Fibre/LAN,Fixed broadband,2018-Q2,657299.0,Subscriptions,2018,Q2
Switzerland,Subscriptions,Fibre/LAN,Fixed broadband,2018-Q4,720289.0,Subscriptions,2018,Q4
Switzerland,Subscriptions,Fibre/LAN,Fixed broadband,2019-Q2,782641.0,Subscriptions,2019,Q2
Switzerland,Subscriptions,Fibre/LAN,Fixed broadband,2019-Q4,844993.0,Subscriptions,2019,Q4
Switzerland,Subscriptions,Fibre/LAN,Fixed broadband,2020-Q2,885115.0,Subscriptions,2020,Q2
Switzerland,Subscriptions,Fibre/LAN,Fixed broadband,2020-Q4,925236.0,Subscriptions,2020,Q4
Switzerland,Subscriptions,Fibre/LAN,Fixed broadband,2021-Q2,1001151.0,Subscriptions,2021,Q2
Switzerland,Subscriptions,Fibre/LAN,Fixed broadband,2021-Q4,1077066.0,Subscriptions,2021,Q4
Switzerland,Subscriptions,Fibre/LAN,Fixed broadband,2022-Q2,1111026.0,Subscriptions,2022,Q2
Switzerland,Subscriptions,Fibre/LAN,Fixed broadband,2022-Q4,1219257.0,Subscriptions,2022,Q4
Switzerland,Subscriptions,Fibre/LAN,Fixed broadband,2023-Q2,1188159.0,Subscriptions,2023,Q2
Switzerland,Subscriptions,Fibre/LAN,Fixed broadband,2023-Q4,1327748.0,Subscriptions,2023,Q4
Switzerland,Subscriptions,Fibre/LAN,Fixed broadband,2024-Q2,1381994.0,Subscriptions,2024,Q2
Switzerland,Subscriptions,Fibre/LAN,Fixed broadband,2024-Q4,1473755.0,Subscriptions,2024,Q4
Türkiye,Subscriptions,Fibre/LAN,Fixed broadband,2018-Q2,2571264.0,Subscriptions,2018,Q2
Türkiye,Subscriptions,Fibre/LAN,Fixed broadband,2018-Q4,2800557.0,Subscriptions,2018,Q4
Türkiye,Subscriptions,Fibre/LAN,Fixed broadband,2019-Q2,2962527.0,Subscriptions,2019,Q2
Türkiye,Subscriptions,Fibre/LAN,Fixed broadband,2019-Q4,3213298.0,Subscriptions,2019,Q4
Türkiye,Subscriptions,Fibre/LAN,Fixed broadband,2020-Q2,3523211.0,Subscriptions,2020,Q2
Türkiye,Subscriptions,Fibre/LAN,Fixed broadband,2020-Q4,4005880.0,Subscriptions,2020,Q4
Türkiye,Subscriptions,Fibre/LAN,Fixed broadband,2021-Q2,4322543.0,Subscriptions,2021,Q2
Türkiye,Subscriptions,Fibre/LAN,Fixed broadband,2021-Q4,4840908.0,Subscriptions,2021,Q4
Türkiye,Subscriptions,Fibre/LAN,Fixed broadband,2022-Q2,5205441.0,Subscriptions,2022,Q2
Türkiye,Subscriptions,Fibre/LAN,Fixed broadband,2022-Q4,5702865.0,Subscriptions,2022,Q4
Türkiye,Subscriptions,Fibre/LAN,Fixed broadband,2023-Q2,6300028.0,Subscriptions,2023,Q2
Türkiye,Subscriptions,Fibre/LAN,Fixed broadband,2023-Q4,6753379.0,Subscriptions,2023,Q4
Türkiye,Subscriptions,Fibre/LAN,Fixed broadband,2024-Q2,7335127.0,Subscriptions,2024,Q2
Türkiye,Subscriptions,Fibre/LAN,Fixed broadband,2024-Q4,8072629.0,Subscriptions,2024,Q4
United Kingdom,Subscriptions,Fibre/LAN,Fixed broadband,2018-Q2,399964.0,Subscriptions,2018,Q2
United Kingdom,Subscriptions,Fibre/LAN,Fixed broadband,2018-Q4,519667.0,Subscriptions,2018,Q4
United Kingdom,Subscriptions,Fibre/LAN,Fixed broadband,2019-Q2,641890.0,Subscriptions,2019,Q2
United Kingdom,Subscriptions,Fibre/LAN,Fixed broadband,2019-Q4,975448.0,Subscriptions,2019,Q4
United Kingdom,Subscriptions,Fibre/LAN,Fixed broadband,2020-Q2,1109558.0,Subscriptions,2020,Q2
United Kingdom,Subscriptions,Fibre/LAN,Fixed broadband,2020-Q4,1357596.0,Subscriptions,2020,Q4
United Kingdom,Subscriptions,Fibre/LAN,Fixed broadband,2021-Q2,1654024.0,Subscriptions,2021,Q2
United Kingdom,Subscriptions,Fibre/LAN,Fixed broadband,2021-Q4,2155982.0,Subscriptions,2021,Q4
United Kingdom,Subscriptions,Fibre/LAN,Fixed broadband,2022-Q2,2903921.0,Subscriptions,2022,Q2
United Kingdom,Subscriptions,Fibre/LAN,Fixed broadband,2022-Q4,3695401.0,Subscriptions,2022,Q4
United Kingdom,Subscriptions,Fibre/LAN,Fixed broadband,2023-Q2,4675053.0,Subscriptions,2023,Q2
United Kingdom,Subscriptions,Fibre/LAN,Fixed broadband,2023-Q4,5650436.0,Subscriptions,2023,Q4
United Kingdom,Subscriptions,Fibre/LAN,Fixed broadband,2024-Q2,7430037.0,Subscriptions,2024,Q2
United Kingdom,Subscriptions,Fibre/LAN,Fixed broadband,2024-Q4,8900522.0,Subscriptions,2024,Q4
United States,Subscriptions,Fibre/LAN,Fixed broadband,2018-Q2,14981000.0,Subscriptions,2018,Q2
United States,Subscriptions,Fibre/LAN,Fixed broadband,2018-Q4,16021000.0,Subscriptions,2018,Q4
United States,Subscriptions,Fibre/LAN,Fixed broadband,2019-Q2,17408000.0,Subscriptions,2019,Q2
United States,Subscriptions,Fibre/LAN,Fixed broadband,2019-Q4,18094000.0,Subscriptions,2019,Q4
United States,Subscriptions,Fibre/LAN,Fixed broadband,2020-Q2,19054000.0,Subscriptions,2020,Q2
United States,Subscriptions,Fibre/LAN,Fixed broadband,2020-Q4,19750000.0,Subscriptions,2020,Q4
United States,Subscriptions,Fibre/LAN,Fixed broadband,2021-Q2,23966000.0,Subscriptions,2021,Q2
United States,Subscriptions,Fibre/LAN,Fixed broadband,2021-Q4,23627000.0,Subscriptions,2021,Q4
United States,Subscriptions,Fibre/LAN,Fixed broadband,2022-Q2,24997000.0,Subscriptions,2022,Q2
United States,Subscriptions,Fibre/LAN,Fixed broadband,2022-Q4,26398000.0,Subscriptions,2022,Q4
United States,Subscriptions,Fibre/LAN,Fixed broadband,2023-Q2,29487000.0,Subscriptions,2023,Q2
United States,Subscriptions,Fibre/LAN,Fixed broadband,2023-Q4,30237000.0,Subscriptions,2023,Q4
United States,Subscriptions,Fibre/LAN,Fixed broadband,2024-Q2,32365000.0,Subscriptions,2024,Q2
United States,Subscriptions,Fibre/LAN,Fixed broadband,2024-Q4,35658000.0,Subscriptions,2024,Q4
OECD,Subscriptions,Fibre/LAN,Fixed broadband,2018-Q2,100009600.0,Subscriptions,2018,Q2
OECD,Subscriptions,Fibre/LAN,Fixed broadband,2018-Q4,107196423.0,Subscriptions,2018,Q4
OECD,Subscriptions,Fibre/LAN,Fixed broadband,2019-Q2,113905201.0,Subscriptions,2019,Q2
OECD,Subscriptions,Fibre/LAN,Fixed broadband,2019-Q4,121760843.0,Subscriptions,2019,Q4
OECD,Subscriptions,Fibre/LAN,Fixed broadband,2020-Q2,129652674.0,Subscriptions,2020,Q2
OECD,Subscriptions,Fibre/LAN,Fixed broadband,2020-Q4,139581415.0,Subscriptions,2020,Q4
OECD,Subscriptions,Fibre/LAN,Fixed broadband,2021-Q2,152984585.0,Subscriptions,2021,Q2
OECD,Subscriptions,Fibre/LAN,Fixed broadband,2021-Q4,162483914.0,Subscriptions,2021,Q4
OECD,Subscriptions,Fibre/LAN,Fixed broadband,2022-Q2,173190522.0,Subscriptions,2022,Q2
OECD,Subscriptions,Fibre/LAN,Fixed broadband,2022-Q4,184781721.0,Subscriptions,2022,Q4
OECD,Subscriptions,Fibre/LAN,Fixed broadband,2023-Q2,201235167.0,Subscriptions,2023,Q2
OECD,Subscriptions,Fibre/LAN,Fixed broadband,2023-Q4,211649848.0,Subscriptions,2023,Q4
OECD,Subscriptions,Fibre/LAN,Fixed broadband,2024-Q2,224610359.0,Subscriptions,2024,Q2
OECD,Subscriptions,Fibre/LAN,Fixed broadband,2024-Q4,239067392.0,Subscriptions,2024,Q4
Brazil,Subscriptions,Fibre/LAN,Fixed broadband,2018-Q2,4413613.0,Subscriptions,2018,Q2
Brazil,Subscriptions,Fibre/LAN,Fixed broadband,2018-Q4,5822333.0,Subscriptions,2018,Q4
Brazil,Subscriptions,Fibre/LAN,Fixed broadband,2019-Q2,7875131.0,Subscriptions,2019,Q2
Brazil,Subscriptions,Fibre/LAN,Fixed broadband,2019-Q4,10216112.0,Subscriptions,2019,Q4
Brazil,Subscriptions,Fibre/LAN,Fixed broadband,2020-Q2,13316882.0,Subscriptions,2020,Q2
Brazil,Subscriptions,Fibre/LAN,Fixed broadband,2020-Q4,17009811.0,Subscriptions,2020,Q4
Brazil,Subscriptions,Fibre/LAN,Fixed broadband,2021-Q2,21666313.0,Subscriptions,2021,Q2
Brazil,Subscriptions,Fibre/LAN,Fixed broadband,2021-Q4,25453245.0,Subscriptions,2021,Q4
Brazil,Subscriptions,Fibre/LAN,Fixed broadband,2022-Q2,28039556.0,Subscriptions,2022,Q2
Brazil,Subscriptions,Fibre/LAN,Fixed broadband,2022-Q4,31031844.0,Subscriptions,2022,Q4
Brazil,Subscriptions,Fibre/LAN,Fixed broadband,2023-Q2,33536341.0,Subscriptions,2023,Q2
Brazil,Subscriptions,Fibre/LAN,Fixed broadband,2023-Q4,35490625.0,Subscriptions,2023,Q4
Brazil,Subscriptions,Fibre/LAN,Fixed broadband,2024-Q2,37568167.0,Subscriptions,2024,Q2
Brazil,Subscriptions,Fibre/LAN,Fixed broadband,2024-Q4,39934866.0,Subscriptions,2024,Q4
Bulgaria,Subscriptions,Fibre/LAN,Fixed broadband,2018-Q2,949391.0,Subscriptions,2018,Q2
Bulgaria,Subscriptions,Fibre/LAN,Fixed broadband,2018-Q4,955097.0,Subscriptions,2018,Q4
Bulgaria,Subscriptions,Fibre/LAN,Fixed broadband,2019-Q2,1052125.0,Subscriptions,2019,Q2
Bulgaria,Subscriptions,Fibre/LAN,Fixed broadband,2019-Q4,1121233.0,Subscriptions,2019,Q4
Bulgaria,Subscriptions,Fibre/LAN,Fixed broadband,2020-Q2,1190997.0,Subscriptions,2020,Q2
Bulgaria,Subscriptions,Fibre/LAN,Fixed broadband,2020-Q4,1238191.0,Subscriptions,2020,Q4
Bulgaria,Subscriptions,Fibre/LAN,Fixed broadband,2021-Q2,1267665.0,Subscriptions,2021,Q2
Bulgaria,Subscriptions,Fibre/LAN,Fixed broadband,2021-Q4,1337342.0,Subscriptions,2021,Q4
Bulgaria,Subscriptions,Fibre/LAN,Fixed broadband,2022-Q2,1355049.0,Subscriptions,2022,Q2
Bulgaria,Subscriptions,Fibre/LAN,Fixed broadband,2022-Q4,1427706.0,Subscriptions,2022,Q4
Bulgaria,Subscriptions,Fibre/LAN,Fixed broadband,2023-Q2,1455657.0,Subscriptions,2023,Q2
Bulgaria,Subscriptions,Fibre/LAN,Fixed broadband,2023-Q4,1514620.0,Subscriptions,2023,Q4
Bulgaria,Subscriptions,Fibre/LAN,Fixed broadband,2024-Q2,1546704.0,Subscriptions,2024,Q2
Bulgaria,Subscriptions,Fibre/LAN,Fixed broadband,2024-Q4,1486849.0,Subscriptions,2024,Q4
Croatia,Subscriptions,Fibre/LAN,Fixed broadband,2018-Q4,63731.0,Subscriptions,2018,Q4
Croatia,Subscriptions,Fibre/LAN,Fixed broadband,2019-Q4,84431.0,Subscriptions,2019,Q4
Croatia,Subscriptions,Fibre/LAN,Fixed broadband,2020-Q4,114517.0,Subscriptions,2020,Q4
Croatia,Subscriptions,Fibre/LAN,Fixed broadband,2021-Q4,153118.0,Subscriptions,2021,Q4
Croatia,Subscriptions,Fibre/LAN,Fixed broadband,2022-Q4,194352.0,Subscriptions,2022,Q4
Croatia,Subscriptions,Fibre/LAN,Fixed broadband,2023-Q2,224001.0,Subscriptions,2023,Q2
Croatia,Subscriptions,Fibre/LAN,Fixed broadband,2023-Q4,260718.0,Subscriptions,2023,Q4
Croatia,Subscriptions,Fibre/LAN,Fixed broadband,2024-Q2,303731.0,Subscriptions,2024,Q2
Croatia,Subscriptions,Fibre/LAN,Fixed broadband,2024-Q4,350471.0,Subscriptions,2024,Q4
Peru,Subscriptions,Fibre/LAN,Fixed broadband,2018-Q4,90595.0,Subscriptions,2018,Q4
Peru,Subscriptions,Fibre/LAN,Fixed broadband,2019-Q4,196134.0,Subscriptions,2019,Q4
Peru,Subscriptions,Fibre/LAN,Fixed broadband,2020-Q4,317601.0,Subscriptions,2020,Q4
Peru,Subscriptions,Fibre/LAN,Fixed broadband,2021-Q4,636776.0,Subscriptions,2021,Q4
Peru,Subscriptions,Fibre/LAN,Fixed broadband,2022-Q4,1226691.0,Subscriptions,2022,Q4
Peru,Subscriptions,Fibre/LAN,Fixed broadband,2023-Q4,2017651.0,Subscriptions,2023,Q4
Peru,Subscriptions,Fibre/LAN,Fixed broadband,2024-Q4,3005235.0,Subscriptions,2024,Q4
Romania,Subscriptions,Fibre/LAN,Fixed broadband,2018-Q2,2844152.0,Subscriptions,2018,Q2
Romania,Subscriptions,Fibre/LAN,Fixed broadband,2018-Q4,3074957.0,Subscriptions,2018,Q4
Romania,Subscriptions,Fibre/LAN,Fixed broadband,2019-Q2,3204645.0,Subscriptions,2019,Q2
Romania,Subscriptions,Fibre/LAN,Fixed broadband,2019-Q4,3381710.0,Subscriptions,2019,Q4
Romania,Subscriptions,Fibre/LAN,Fixed broadband,2020-Q2,3561174.0,Subscriptions,2020,Q2
Romania,Subscriptions,Fibre/LAN,Fixed broadband,2020-Q4,3892553.0,Subscriptions,2020,Q4
Romania,Subscriptions,Fibre/LAN,Fixed broadband,2021-Q2,4164815.0,Subscriptions,2021,Q2
Romania,Subscriptions,Fibre/LAN,Fixed broadband,2021-Q4,4516196.0,Subscriptions,2021,Q4
Romania,Subscriptions,Fibre/LAN,Fixed broadband,2022-Q2,4742565.0,Subscriptions,2022,Q2
Romania,Subscriptions,Fibre/LAN,Fixed broadband,2022-Q4,4992147.0,Subscriptions,2022,Q4
Romania,Subscriptions,Fibre/LAN,Fixed broadband,2023-Q2,5236179.0,Subscriptions,2023,Q2
Romania,Subscriptions,Fibre/LAN,Fixed broadband,2023-Q4,5450847.0,Subscriptions,2023,Q4
Romania,Subscriptions,Fibre/LAN,Fixed broadband,2024-Q2,5625636.0,Subscriptions,2024,Q2
Romania,Subscriptions,Fibre/LAN,Fixed broadband,2024-Q4,5801784.0,Subscriptions,2024,Q4
Australia,Subscriptions,Satellite,Fixed broadband,2018-Q2,132000.0,Subscriptions,2018,Q2
Australia,Subscriptions,Satellite,Fixed broadband,2018-Q4,135551.0,Subscriptions,2018,Q4
Australia,Subscriptions,Satellite,Fixed broadband,2019-Q2,130077.0,Subscriptions,2019,Q2
Australia,Subscriptions,Satellite,Fixed broadband,2019-Q4,125992.0,Subscriptions,2019,Q4
Australia,Subscriptions,Satellite,Fixed broadband,2020-Q2,128689.0,Subscriptions,2020,Q2
Australia,Subscriptions,Satellite,Fixed broadband,2020-Q4,126878.0,Subscriptions,2020,Q4
Australia,Subscriptions,Satellite,Fixed broadband,2021-Q2,122682.0,Subscriptions,2021,Q2
Australia,Subscriptions,Satellite,Fixed broadband,2021-Q4,144580.0,Subscriptions,2021,Q4
Australia,Subscriptions,Satellite,Fixed broadband,2022-Q2,141737.0,Subscriptions,2022,Q2
Australia,Subscriptions,Satellite,Fixed broadband,2022-Q4,102250.0,Subscriptions,2022,Q4
Australia,Subscriptions,Satellite,Fixed broadband,2023-Q2,91765.0,Subscriptions,2023,Q2
Australia,Subscriptions,Satellite,Fixed broadband,2023-Q4,95077.0,Subscriptions,2023,Q4
Australia,Subscriptions,Satellite,Fixed broadband,2024-Q2,90822.0,Subscriptions,2024,Q2
Australia,Subscriptions,Satellite,Fixed broadband,2024-Q4,86440.0,Subscriptions,2024,Q4
Austria,Subscriptions,Satellite,Fixed broadband,2022-Q2,1142.0,Subscriptions,2022,Q2
Austria,Subscriptions,Satellite,Fixed broadband,2022-Q4,1765.0,Subscriptions,2022,Q4
Austria,Subscriptions,Satellite,Fixed broadband,2023-Q2,2390.0,Subscriptions,2023,Q2
Austria,Subscriptions,Satellite,Fixed broadband,2023-Q4,3427.0,Subscriptions,2023,Q4
Austria,Subscriptions,Satellite,Fixed broadband,2024-Q2,6066.0,Subscriptions,2024,Q2
Austria,Subscriptions,Satellite,Fixed broadband,2024-Q4,8765.0,Subscriptions,2024,Q4
Belgium,Subscriptions,Satellite,Fixed broadband,2021-Q4,899.0,Subscriptions,2021,Q4
Belgium,Subscriptions,Satellite,Fixed broadband,2022-Q2,1130.0,Subscriptions,2022,Q2
Belgium,Subscriptions,Satellite,Fixed broadband,2022-Q4,1765.0,Subscriptions,2022,Q4
Belgium,Subscriptions,Satellite,Fixed broadband,2023-Q2,3452.0,Subscriptions,2023,Q2
Belgium,Subscriptions,Satellite,Fixed broadband,2023-Q4,3849.0,Subscriptions,2023,Q4
Belgium,Subscriptions,Satellite,Fixed broadband,2024-Q2,6483.0,Subscriptions,2024,Q2
Belgium,Subscriptions,Satellite,Fixed broadband,2024-Q4,8423.0,Subscriptions,2024,Q4
Chile,Subscriptions,Satellite,Fixed broadband,2021-Q4,17374.0,Subscriptions,2021,Q4
Chile,Subscriptions,Satellite,Fixed broadband,2022-Q2,19221.0,Subscriptions,2022,Q2
Chile,Subscriptions,Satellite,Fixed broadband,2022-Q4,26228.0,Subscriptions,2022,Q4
Chile,Subscriptions,Satellite,Fixed broadband,2023-Q2,38945.0,Subscriptions,2023,Q2
Chile,Subscriptions,Satellite,Fixed broadband,2023-Q4,49415.0,Subscriptions,2023,Q4
Chile,Subscriptions,Satellite,Fixed broadband,2024-Q2,65105.0,Subscriptions,2024,Q2
Chile,Subscriptions,Satellite,Fixed broadband,2024-Q4,80646.0,Subscriptions,2024,Q4
Colombia,Subscriptions,Satellite,Fixed broadband,2018-Q2,9683.0,Subscriptions,2018,Q2
Colombia,Subscriptions,Satellite,Fixed broadband,2018-Q4,13161.0,Subscriptions,2018,Q4
Colombia,Subscriptions,Satellite,Fixed broadband,2019-Q2,21996.0,Subscriptions,2019,Q2
Colombia,Subscriptions,Satellite,Fixed broadband,2019-Q4,27276.0,Subscriptions,2019,Q4
Colombia,Subscriptions,Satellite,Fixed broadband,2020-Q2,44401.0,Subscriptions,2020,Q2
Colombia,Subscriptions,Satellite,Fixed broadband,2020-Q4,30899.0,Subscriptions,2020,Q4
Colombia,Subscriptions,Satellite,Fixed broadband,2021-Q2,45847.0,Subscriptions,2021,Q2
Colombia,Subscriptions,Satellite,Fixed broadband,2021-Q4,44804.0,Subscriptions,2021,Q4
Colombia,Subscriptions,Satellite,Fixed broadband,2022-Q2,36757.0,Subscriptions,2022,Q2
Colombia,Subscriptions,Satellite,Fixed broadband,2022-Q4,31192.0,Subscriptions,2022,Q4
Colombia,Subscriptions,Satellite,Fixed broadband,2023-Q2,32885.0,Subscriptions,2023,Q2
Colombia,Subscriptions,Satellite,Fixed broadband,2023-Q4,42064.0,Subscriptions,2023,Q4
Colombia,Subscriptions,Satellite,Fixed broadband,2024-Q2,70987.0,Subscriptions,2024,Q2
Colombia,Subscriptions,Satellite,Fixed broadband,2024-Q4,84377.0,Subscriptions,2024,Q4
Costa Rica,Subscriptions,Satellite,Fixed broadband,2018-Q2,282.0,Subscriptions,2018,Q2
Costa Rica,Subscriptions,Satellite,Fixed broadband,2019-Q2,383.0,Subscriptions,2019,Q2
Costa Rica,Subscriptions,Satellite,Fixed broadband,2019-Q4,381.0,Subscriptions,2019,Q4
Costa Rica,Subscriptions,Satellite,Fixed broadband,2020-Q2,638.0,Subscriptions,2020,Q2
Costa Rica,Subscriptions,Satellite,Fixed broadband,2020-Q4,334.0,Subscriptions,2020,Q4
Costa Rica,Subscriptions,Satellite,Fixed broadband,2021-Q2,247.0,Subscriptions,2021,Q2
Costa Rica,Subscriptions,Satellite,Fixed broadband,2021-Q4,215.0,Subscriptions,2021,Q4
Costa Rica,Subscriptions,Satellite,Fixed broadband,2022-Q2,188.0,Subscriptions,2022,Q2
Costa Rica,Subscriptions,Satellite,Fixed broadband,2022-Q4,160.0,Subscriptions,2022,Q4
Costa Rica,Subscriptions,Satellite,Fixed broadband,2023-Q2,123.0,Subscriptions,2023,Q2
Costa Rica,Subscriptions,Satellite,Fixed broadband,2023-Q4,18.0,Subscriptions,2023,Q4
Costa Rica,Subscriptions,Satellite,Fixed broadband,2024-Q2,23159.0,Subscriptions,2024,Q2
Costa Rica,Subscriptions,Satellite,Fixed broadband,2024-Q4,20172.0,Subscriptions,2024,Q4
Czechia,Subscriptions,Satellite,Fixed broadband,2018-Q2,937.0,Subscriptions,2018,Q2
Czechia,Subscriptions,Satellite,Fixed broadband,2018-Q4,843.0,Subscriptions,2018,Q4
Czechia,Subscriptions,Satellite,Fixed broadband,2019-Q2,843.0,Subscriptions,2019,Q2
Czechia,Subscriptions,Satellite,Fixed broadband,2019-Q4,845.0,Subscriptions,2019,Q4
Czechia,Subscriptions,Satellite,Fixed broadband,2020-Q2,811.0,Subscriptions,2020,Q2
Czechia,Subscriptions,Satellite,Fixed broadband,2020-Q4,801.0,Subscriptions,2020,Q4
Czechia,Subscriptions,Satellite,Fixed broadband,2021-Q2,798.0,Subscriptions,2021,Q2
Czechia,Subscriptions,Satellite,Fixed broadband,2021-Q4,1058.0,Subscriptions,2021,Q4
Czechia,Subscriptions,Satellite,Fixed broadband,2022-Q2,1296.0,Subscriptions,2022,Q2
Czechia,Subscriptions,Satellite,Fixed broadband,2022-Q4,9672.0,Subscriptions,2022,Q4
Czechia,Subscriptions,Satellite,Fixed broadband,2023-Q2,10511.0,Subscriptions,2023,Q2
Czechia,Subscriptions,Satellite,Fixed broadband,2023-Q4,6410.0,Subscriptions,2023,Q4
Czechia,Subscriptions,Satellite,Fixed broadband,2024-Q2,7417.0,Subscriptions,2024,Q2
Czechia,Subscriptions,Satellite,Fixed broadband,2024-Q4,8225.0,Subscriptions,2024,Q4
Denmark,Subscriptions,Satellite,Fixed broadband,2018-Q2,91.0,Subscriptions,2018,Q2
Denmark,Subscriptions,Satellite,Fixed broadband,2018-Q4,91.0,Subscriptions,2018,Q4
Denmark,Subscriptions,Satellite,Fixed broadband,2019-Q2,39.0,Subscriptions,2019,Q2
Denmark,Subscriptions,Satellite,Fixed broadband,2019-Q4,39.0,Subscriptions,2019,Q4
Denmark,Subscriptions,Satellite,Fixed broadband,2020-Q2,44.0,Subscriptions,2020,Q2
Denmark,Subscriptions,Satellite,Fixed broadband,2020-Q4,44.0,Subscriptions,2020,Q4
Denmark,Subscriptions,Satellite,Fixed broadband,2021-Q2,45.0,Subscriptions,2021,Q2
Denmark,Subscriptions,Satellite,Fixed broadband,2021-Q4,44.0,Subscriptions,2021,Q4
Denmark,Subscriptions,Satellite,Fixed broadband,2022-Q2,35.0,Subscriptions,2022,Q2
Denmark,Subscriptions,Satellite,Fixed broadband,2022-Q4,353.0,Subscriptions,2022,Q4
Denmark,Subscriptions,Satellite,Fixed broadband,2023-Q2,553.0,Subscriptions,2023,Q2
Denmark,Subscriptions,Satellite,Fixed broadband,2023-Q4,553.0,Subscriptions,2023,Q4
Denmark,Subscriptions,Satellite,Fixed broadband,2024-Q2,909.0,Subscriptions,2024,Q2
Denmark,Subscriptions,Satellite,Fixed broadband,2024-Q4,909.0,Subscriptions,2024,Q4
Germany,Subscriptions,Satellite,Fixed broadband,2018-Q2,25520.0,Subscriptions,2018,Q2
Germany,Subscriptions,Satellite,Fixed broadband,2018-Q4,24999.0,Subscriptions,2018,Q4
Germany,Subscriptions,Satellite,Fixed broadband,2019-Q2,24309.0,Subscriptions,2019,Q2
Germany,Subscriptions,Satellite,Fixed broadband,2019-Q4,23072.0,Subscriptions,2019,Q4
Germany,Subscriptions,Satellite,Fixed broadband,2020-Q2,23473.0,Subscriptions,2020,Q2
Germany,Subscriptions,Satellite,Fixed broadband,2020-Q4,23234.0,Subscriptions,2020,Q4
Germany,Subscriptions,Satellite,Fixed broadband,2021-Q2,23770.0,Subscriptions,2021,Q2
Germany,Subscriptions,Satellite,Fixed broadband,2021-Q4,24527.0,Subscriptions,2021,Q4
Germany,Subscriptions,Satellite,Fixed broadband,2022-Q2,21261.0,Subscriptions,2022,Q2
Germany,Subscriptions,Satellite,Fixed broadband,2022-Q4,23941.0,Subscriptions,2022,Q4
Germany,Subscriptions,Satellite,Fixed broadband,2023-Q2,21500.0,Subscriptions,2023,Q2
Germany,Subscriptions,Satellite,Fixed broadband,2023-Q4,30214.0,Subscriptions,2023,Q4
Germany,Subscriptions,Satellite,Fixed broadband,2024-Q2,60088.0,Subscriptions,2024,Q2
Germany,Subscriptions,Satellite,Fixed broadband,2024-Q4,83076.0,Subscriptions,2024,Q4
Greece,Subscriptions,Satellite,Fixed broadband,2018-Q2,4644.0,Subscriptions,2018,Q2
Greece,Subscriptions,Satellite,Fixed broadband,2018-Q4,4257.0,Subscriptions,2018,Q4
Greece,Subscriptions,Satellite,Fixed broadband,2019-Q2,3928.0,Subscriptions,2019,Q2
Greece,Subscriptions,Satellite,Fixed broadband,2019-Q4,3702.0,Subscriptions,2019,Q4
Greece,Subscriptions,Satellite,Fixed broadband,2020-Q2,3394.0,Subscriptions,2020,Q2
Greece,Subscriptions,Satellite,Fixed broadband,2020-Q4,3082.0,Subscriptions,2020,Q4
Greece,Subscriptions,Satellite,Fixed broadband,2021-Q2,2793.0,Subscriptions,2021,Q2
Greece,Subscriptions,Satellite,Fixed broadband,2021-Q4,2527.0,Subscriptions,2021,Q4
Greece,Subscriptions,Satellite,Fixed broadband,2022-Q2,1873.0,Subscriptions,2022,Q2
Greece,Subscriptions,Satellite,Fixed broadband,2022-Q4,1724.0,Subscriptions,2022,Q4
Greece,Subscriptions,Satellite,Fixed broadband,2023-Q2,664.0,Subscriptions,2023,Q2
Greece,Subscriptions,Satellite,Fixed broadband,2023-Q4,590.0,Subscriptions,2023,Q4
Greece,Subscriptions,Satellite,Fixed broadband,2024-Q2,13055.0,Subscriptions,2024,Q2
Greece,Subscriptions,Satellite,Fixed broadband,2024-Q4,19708.0,Subscriptions,2024,Q4
Hungary,Subscriptions,Satellite,Fixed broadband,2020-Q2,690.0,Subscriptions,2020,Q2
Hungary,Subscriptions,Satellite,Fixed broadband,2020-Q4,710.0,Subscriptions,2020,Q4
Hungary,Subscriptions,Satellite,Fixed broadband,2021-Q2,1190.0,Subscriptions,2021,Q2
Hungary,Subscriptions,Satellite,Fixed broadband,2021-Q4,1195.0,Subscriptions,2021,Q4
Hungary,Subscriptions,Satellite,Fixed broadband,2022-Q2,1503.0,Subscriptions,2022,Q2
Hungary,Subscriptions,Satellite,Fixed broadband,2022-Q4,1451.0,Subscriptions,2022,Q4
Hungary,Subscriptions,Satellite,Fixed broadband,2023-Q2,1793.0,Subscriptions,2023,Q2
Hungary,Subscriptions,Satellite,Fixed broadband,2023-Q4,1851.0,Subscriptions,2023,Q4
Hungary,Subscriptions,Satellite,Fixed broadband,2024-Q2,1940.0,Subscriptions,2024,Q2
Hungary,Subscriptions,Satellite,Fixed broadband,2024-Q4,1972.0,Subscriptions,2024,Q4
Ireland,Subscriptions,Satellite,Fixed broadband,2018-Q2,4762.0,Subscriptions,2018,Q2
Ireland,Subscriptions,Satellite,Fixed broadband,2018-Q4,4522.0,Subscriptions,2018,Q4
Ireland,Subscriptions,Satellite,Fixed broadband,2019-Q2,4034.0,Subscriptions,2019,Q2
Ireland,Subscriptions,Satellite,Fixed broadband,2019-Q4,3540.0,Subscriptions,2019,Q4
Ireland,Subscriptions,Satellite,Fixed broadband,2020-Q2,3087.0,Subscriptions,2020,Q2
Ireland,Subscriptions,Satellite,Fixed broadband,2020-Q4,2657.0,Subscriptions,2020,Q4
Ireland,Subscriptions,Satellite,Fixed broadband,2021-Q2,2079.0,Subscriptions,2021,Q2
Ireland,Subscriptions,Satellite,Fixed broadband,2021-Q4,1773.0,Subscriptions,2021,Q4
Ireland,Subscriptions,Satellite,Fixed broadband,2022-Q2,3296.0,Subscriptions,2022,Q2
Ireland,Subscriptions,Satellite,Fixed broadband,2022-Q4,3925.0,Subscriptions,2022,Q4
Ireland,Subscriptions,Satellite,Fixed broadband,2023-Q2,5216.0,Subscriptions,2023,Q2
Ireland,Subscriptions,Satellite,Fixed broadband,2023-Q4,7729.0,Subscriptions,2023,Q4
Ireland,Subscriptions,Satellite,Fixed broadband,2024-Q2,11547.0,Subscriptions,2024,Q2
Ireland,Subscriptions,Satellite,Fixed broadband,2024-Q4,14307.0,Subscriptions,2024,Q4
Italy,Subscriptions,Satellite,Fixed broadband,2018-Q2,866.0,Subscriptions,2018,Q2
Italy,Subscriptions,Satellite,Fixed broadband,2018-Q4,10.0,Subscriptions,2018,Q4
Italy,Subscriptions,Satellite,Fixed broadband,2019-Q2,10.0,Subscriptions,2019,Q2
Italy,Subscriptions,Satellite,Fixed broadband,2019-Q4,10.0,Subscriptions,2019,Q4
Italy,Subscriptions,Satellite,Fixed broadband,2020-Q2,7.0,Subscriptions,2020,Q2
Italy,Subscriptions,Satellite,Fixed broadband,2020-Q4,8.0,Subscriptions,2020,Q4
Italy,Subscriptions,Satellite,Fixed broadband,2022-Q2,559.0,Subscriptions,2022,Q2
Italy,Subscriptions,Satellite,Fixed broadband,2022-Q4,1248.0,Subscriptions,2022,Q4
Italy,Subscriptions,Satellite,Fixed broadband,2023-Q2,6866.0,Subscriptions,2023,Q2
Italy,Subscriptions,Satellite,Fixed broadband,2023-Q4,22056.0,Subscriptions,2023,Q4
Italy,Subscriptions,Satellite,Fixed broadband,2024-Q2,46976.0,Subscriptions,2024,Q2
Italy,Subscriptions,Satellite,Fixed broadband,2024-Q4,55720.0,Subscriptions,2024,Q4
Latvia,Subscriptions,Satellite,Fixed broadband,2022-Q2,79.0,Subscriptions,2022,Q2
Latvia,Subscriptions,Satellite,Fixed broadband,2022-Q4,548.0,Subscriptions,2022,Q4
Latvia,Subscriptions,Satellite,Fixed broadband,2023-Q2,698.0,Subscriptions,2023,Q2
Latvia,Subscriptions,Satellite,Fixed broadband,2023-Q4,643.0,Subscriptions,2023,Q4
Latvia,Subscriptions,Satellite,Fixed broadband,2024-Q2,963.0,Subscriptions,2024,Q2
Latvia,Subscriptions,Satellite,Fixed broadband,2024-Q4,1615.0,Subscriptions,2024,Q4
Lithuania,Subscriptions,Satellite,Fixed broadband,2021-Q4,43.0,Subscriptions,2021,Q4
Lithuania,Subscriptions,Satellite,Fixed broadband,2022-Q2,172.0,Subscriptions,2022,Q2
Lithuania,Subscriptions,Satellite,Fixed broadband,2022-Q4,539.0,Subscriptions,2022,Q4
Lithuania,Subscriptions,Satellite,Fixed broadband,2023-Q2,770.0,Subscriptions,2023,Q2
Lithuania,Subscriptions,Satellite,Fixed broadband,2023-Q4,692.0,Subscriptions,2023,Q4
Lithuania,Subscriptions,Satellite,Fixed broadband,2024-Q2,949.0,Subscriptions,2024,Q2
Lithuania,Subscriptions,Satellite,Fixed broadband,2024-Q4,1463.0,Subscriptions,2024,Q4
Mexico,Subscriptions,Satellite,Fixed broadband,2018-Q2,7164.0,Subscriptions,2018,Q2
Mexico,Subscriptions,Satellite,Fixed broadband,2018-Q4,9411.0,Subscriptions,2018,Q4
Mexico,Subscriptions,Satellite,Fixed broadband,2019-Q2,18808.0,Subscriptions,2019,Q2
Mexico,Subscriptions,Satellite,Fixed broadband,2019-Q4,19453.0,Subscriptions,2019,Q4
Mexico,Subscriptions,Satellite,Fixed broadband,2020-Q2,20242.0,Subscriptions,2020,Q2
Mexico,Subscriptions,Satellite,Fixed broadband,2020-Q4,21710.0,Subscriptions,2020,Q4
Mexico,Subscriptions,Satellite,Fixed broadband,2021-Q2,480883.0,Subscriptions,2021,Q2
Mexico,Subscriptions,Satellite,Fixed broadband,2021-Q4,417149.0,Subscriptions,2021,Q4
Mexico,Subscriptions,Satellite,Fixed broadband,2022-Q2,303085.0,Subscriptions,2022,Q2
Mexico,Subscriptions,Satellite,Fixed broadband,2022-Q4,253316.0,Subscriptions,2022,Q4
Mexico,Subscriptions,Satellite,Fixed broadband,2023-Q2,193134.0,Subscriptions,2023,Q2
Mexico,Subscriptions,Satellite,Fixed broadband,2023-Q4,162508.0,Subscriptions,2023,Q4
Mexico,Subscriptions,Satellite,Fixed broadband,2024-Q2,188529.0,Subscriptions,2024,Q2
Mexico,Subscriptions,Satellite,Fixed broadband,2024-Q4,227568.0,Subscriptions,2024,Q4
New Zealand,Subscriptions,Satellite,Fixed broadband,2018-Q2,2143.0,Subscriptions,2018,Q2
New Zealand,Subscriptions,Satellite,Fixed broadband,2018-Q4,1821.0,Subscriptions,2018,Q4
New Zealand,Subscriptions,Satellite,Fixed broadband,2019-Q2,1625.0,Subscriptions,2019,Q2
New Zealand,Subscriptions,Satellite,Fixed broadband,2019-Q4,1609.0,Subscriptions,2019,Q4
New Zealand,Subscriptions,Satellite,Fixed broadband,2020-Q2,1861.0,Subscriptions,2020,Q2
New Zealand,Subscriptions,Satellite,Fixed broadband,2020-Q4,1939.0,Subscriptions,2020,Q4
New Zealand,Subscriptions,Satellite,Fixed broadband,2021-Q2,1915.0,Subscriptions,2021,Q2
New Zealand,Subscriptions,Satellite,Fixed broadband,2021-Q4,1835.0,Subscriptions,2021,Q4
New Zealand,Subscriptions,Satellite,Fixed broadband,2022-Q2,11894.0,Subscriptions,2022,Q2
New Zealand,Subscriptions,Satellite,Fixed broadband,2022-Q4,18949.0,Subscriptions,2022,Q4
New Zealand,Subscriptions,Satellite,Fixed broadband,2023-Q2,36534.0,Subscriptions,2023,Q2
New Zealand,Subscriptions,Satellite,Fixed broadband,2023-Q4,45992.0,Subscriptions,2023,Q4
New Zealand,Subscriptions,Satellite,Fixed broadband,2024-Q2,58336.0,Subscriptions,2024,Q2
New Zealand,Subscriptions,Satellite,Fixed broadband,2024-Q4,68276.0,Subscriptions,2024,Q4
Norway,Subscriptions,Satellite,Fixed broadband,2018-Q2,3011.0,Subscriptions,2018,Q2
Norway,Subscriptions,Satellite,Fixed broadband,2018-Q4,2403.0,Subscriptions,2018,Q4
Norway,Subscriptions,Satellite,Fixed broadband,2019-Q2,2218.0,Subscriptions,2019,Q2
Norway,Subscriptions,Satellite,Fixed broadband,2019-Q4,1917.0,Subscriptions,2019,Q4
Norway,Subscriptions,Satellite,Fixed broadband,2020-Q2,1785.0,Subscriptions,2020,Q2
Norway,Subscriptions,Satellite,Fixed broadband,2020-Q4,2195.0,Subscriptions,2020,Q4
Norway,Subscriptions,Satellite,Fixed broadband,2021-Q2,2242.0,Subscriptions,2021,Q2
Norway,Subscriptions,Satellite,Fixed broadband,2021-Q4,2152.0,Subscriptions,2021,Q4
Norway,Subscriptions,Satellite,Fixed broadband,2022-Q2,1977.0,Subscriptions,2022,Q2
Norway,Subscriptions,Satellite,Fixed broadband,2022-Q4,1807.0,Subscriptions,2022,Q4
Norway,Subscriptions,Satellite,Fixed broadband,2023-Q2,2670.0,Subscriptions,2023,Q2
Norway,Subscriptions,Satellite,Fixed broadband,2023-Q4,4313.0,Subscriptions,2023,Q4
Norway,Subscriptions,Satellite,Fixed broadband,2024-Q2,6726.0,Subscriptions,2024,Q2
Norway,Subscriptions,Satellite,Fixed broadband,2024-Q4,9200.0,Subscriptions,2024,Q4
Poland,Subscriptions,Satellite,Fixed broadband,2018-Q2,151.0,Subscriptions,2018,Q2
Poland,Subscriptions,Satellite,Fixed broadband,2018-Q4,282.0,Subscriptions,2018,Q4
Poland,Subscriptions,Satellite,Fixed broadband,2019-Q2,154.0,Subscriptions,2019,Q2
Poland,Subscriptions,Satellite,Fixed broadband,2019-Q4,1553.0,Subscriptions,2019,Q4
Poland,Subscriptions,Satellite,Fixed broadband,2020-Q2,1553.0,Subscriptions,2020,Q2
Poland,Subscriptions,Satellite,Fixed broadband,2020-Q4,1639.0,Subscriptions,2020,Q4
Poland,Subscriptions,Satellite,Fixed broadband,2021-Q4,4613.0,Subscriptions,2021,Q4
Poland,Subscriptions,Satellite,Fixed broadband,2022-Q4,25656.0,Subscriptions,2022,Q4
Poland,Subscriptions,Satellite,Fixed broadband,2023-Q2,35168.0,Subscriptions,2023,Q2
Poland,Subscriptions,Satellite,Fixed broadband,2023-Q4,30991.0,Subscriptions,2023,Q4
Poland,Subscriptions,Satellite,Fixed broadband,2024-Q2,33422.0,Subscriptions,2024,Q2
Poland,Subscriptions,Satellite,Fixed broadband,2024-Q4,31392.0,Subscriptions,2024,Q4
Portugal,Subscriptions,Satellite,Fixed broadband,2018-Q2,675.0,Subscriptions,2018,Q2
Portugal,Subscriptions,Satellite,Fixed broadband,2018-Q4,648.0,Subscriptions,2018,Q4
Portugal,Subscriptions,Satellite,Fixed broadband,2019-Q2,709.0,Subscriptions,2019,Q2
Portugal,Subscriptions,Satellite,Fixed broadband,2019-Q4,827.0,Subscriptions,2019,Q4
Portugal,Subscriptions,Satellite,Fixed broadband,2020-Q2,1103.0,Subscriptions,2020,Q2
Portugal,Subscriptions,Satellite,Fixed broadband,2020-Q4,1087.0,Subscriptions,2020,Q4
Portugal,Subscriptions,Satellite,Fixed broadband,2021-Q2,1113.0,Subscriptions,2021,Q2
Portugal,Subscriptions,Satellite,Fixed broadband,2021-Q4,1536.0,Subscriptions,2021,Q4
Portugal,Subscriptions,Satellite,Fixed broadband,2022-Q2,1801.0,Subscriptions,2022,Q2
Portugal,Subscriptions,Satellite,Fixed broadband,2022-Q4,2641.0,Subscriptions,2022,Q4
Portugal,Subscriptions,Satellite,Fixed broadband,2023-Q2,4157.0,Subscriptions,2023,Q2
Portugal,Subscriptions,Satellite,Fixed broadband,2023-Q4,4283.0,Subscriptions,2023,Q4
Portugal,Subscriptions,Satellite,Fixed broadband,2024-Q2,6073.0,Subscriptions,2024,Q2
Portugal,Subscriptions,Satellite,Fixed broadband,2024-Q4,7727.0,Subscriptions,2024,Q4
Slovak Republic,Subscriptions,Satellite,Fixed broadband,2018-Q2,1237.0,Subscriptions,2018,Q2
Slovak Republic,Subscriptions,Satellite,Fixed broadband,2018-Q4,1167.0,Subscriptions,2018,Q4
Slovak Republic,Subscriptions,Satellite,Fixed broadband,2019-Q2,1083.0,Subscriptions,2019,Q2
Slovak Republic,Subscriptions,Satellite,Fixed broadband,2019-Q4,1041.0,Subscriptions,2019,Q4
Slovak Republic,Subscriptions,Satellite,Fixed broadband,2020-Q2,986.0,Subscriptions,2020,Q2
Slovak Republic,Subscriptions,Satellite,Fixed broadband,2020-Q4,943.0,Subscriptions,2020,Q4
Slovak Republic,Subscriptions,Satellite,Fixed broadband,2021-Q2,891.0,Subscriptions,2021,Q2
Slovak Republic,Subscriptions,Satellite,Fixed broadband,2021-Q4,845.0,Subscriptions,2021,Q4
Slovak Republic,Subscriptions,Satellite,Fixed broadband,2022-Q2,730.0,Subscriptions,2022,Q2
Slovak Republic,Subscriptions,Satellite,Fixed broadband,2022-Q4,4899.0,Subscriptions,2022,Q4
Slovak Republic,Subscriptions,Satellite,Fixed broadband,2023-Q2,3990.0,Subscriptions,2023,Q2
Slovak Republic,Subscriptions,Satellite,Fixed broadband,2023-Q4,3714.0,Subscriptions,2023,Q4
Slovak Republic,Subscriptions,Satellite,Fixed broadband,2024-Q2,3986.0,Subscriptions,2024,Q2
Slovak Republic,Subscriptions,Satellite,Fixed broadband,2024-Q4,4031.0,Subscriptions,2024,Q4
Slovenia,Subscriptions,Satellite,Fixed broadband,2018-Q2,116.0,Subscriptions,2018,Q2
Slovenia,Subscriptions,Satellite,Fixed broadband,2018-Q4,107.0,Subscriptions,2018,Q4
Slovenia,Subscriptions,Satellite,Fixed broadband,2019-Q2,110.0,Subscriptions,2019,Q2
Slovenia,Subscriptions,Satellite,Fixed broadband,2019-Q4,104.0,Subscriptions,2019,Q4
Slovenia,Subscriptions,Satellite,Fixed broadband,2020-Q2,108.0,Subscriptions,2020,Q2
Slovenia,Subscriptions,Satellite,Fixed broadband,2020-Q4,106.0,Subscriptions,2020,Q4
Slovenia,Subscriptions,Satellite,Fixed broadband,2021-Q2,100.0,Subscriptions,2021,Q2
Slovenia,Subscriptions,Satellite,Fixed broadband,2021-Q4,98.0,Subscriptions,2021,Q4
Slovenia,Subscriptions,Satellite,Fixed broadband,2022-Q2,172.0,Subscriptions,2022,Q2
Slovenia,Subscriptions,Satellite,Fixed broadband,2022-Q4,569.0,Subscriptions,2022,Q4
Slovenia,Subscriptions,Satellite,Fixed broadband,2023-Q2,705.0,Subscriptions,2023,Q2
Slovenia,Subscriptions,Satellite,Fixed broadband,2023-Q4,610.0,Subscriptions,2023,Q4
Slovenia,Subscriptions,Satellite,Fixed broadband,2024-Q2,785.0,Subscriptions,2024,Q2
Slovenia,Subscriptions,Satellite,Fixed broadband,2024-Q4,936.0,Subscriptions,2024,Q4
Spain,Subscriptions,Satellite,Fixed broadband,2018-Q2,33666.0,Subscriptions,2018,Q2
Spain,Subscriptions,Satellite,Fixed broadband,2018-Q4,35618.0,Subscriptions,2018,Q4
Spain,Subscriptions,Satellite,Fixed broadband,2019-Q2,624.0,Subscriptions,2019,Q2
Spain,Subscriptions,Satellite,Fixed broadband,2019-Q4,556.0,Subscriptions,2019,Q4
Spain,Subscriptions,Satellite,Fixed broadband,2020-Q2,12189.0,Subscriptions,2020,Q2
Spain,Subscriptions,Satellite,Fixed broadband,2020-Q4,11998.0,Subscriptions,2020,Q4
Spain,Subscriptions,Satellite,Fixed broadband,2021-Q2,11088.0,Subscriptions,2021,Q2
Spain,Subscriptions,Satellite,Fixed broadband,2021-Q4,11039.0,Subscriptions,2021,Q4
Spain,Subscriptions,Satellite,Fixed broadband,2022-Q2,12384.0,Subscriptions,2022,Q2
Spain,Subscriptions,Satellite,Fixed broadband,2022-Q4,12594.0,Subscriptions,2022,Q4
Spain,Subscriptions,Satellite,Fixed broadband,2023-Q2,11290.0,Subscriptions,2023,Q2
Spain,Subscriptions,Satellite,Fixed broadband,2023-Q4,13667.0,Subscriptions,2023,Q4
Spain,Subscriptions,Satellite,Fixed broadband,2024-Q2,14824.0,Subscriptions,2024,Q2
Spain,Subscriptions,Satellite,Fixed broadband,2024-Q4,15363.0,Subscriptions,2024,Q4
Sweden,Subscriptions,Satellite,Fixed broadband,2018-Q2,223.0,Subscriptions,2018,Q2
Sweden,Subscriptions,Satellite,Fixed broadband,2018-Q4,414.0,Subscriptions,2018,Q4
Sweden,Subscriptions,Satellite,Fixed broadband,2019-Q2,224.0,Subscriptions,2019,Q2
Sweden,Subscriptions,Satellite,Fixed broadband,2019-Q4,370.0,Subscriptions,2019,Q4
Sweden,Subscriptions,Satellite,Fixed broadband,2020-Q2,310.0,Subscriptions,2020,Q2
Sweden,Subscriptions,Satellite,Fixed broadband,2020-Q4,150.0,Subscriptions,2020,Q4
Sweden,Subscriptions,Satellite,Fixed broadband,2021-Q2,150.0,Subscriptions,2021,Q2
Sweden,Subscriptions,Satellite,Fixed broadband,2021-Q4,176.0,Subscriptions,2021,Q4
Sweden,Subscriptions,Satellite,Fixed broadband,2022-Q2,176.0,Subscriptions,2022,Q2
Sweden,Subscriptions,Satellite,Fixed broadband,2022-Q4,761.0,Subscriptions,2022,Q4
Sweden,Subscriptions,Satellite,Fixed broadband,2023-Q2,1183.0,Subscriptions,2023,Q2
Sweden,Subscriptions,Satellite,Fixed broadband,2023-Q4,1579.0,Subscriptions,2023,Q4
Sweden,Subscriptions,Satellite,Fixed broadband,2024-Q2,2697.0,Subscriptions,2024,Q2
Sweden,Subscriptions,Satellite,Fixed broadband,2024-Q4,3964.0,Subscriptions,2024,Q4
Switzerland,Subscriptions,Satellite,Fixed broadband,2018-Q2,1435.0,Subscriptions,2018,Q2
Switzerland,Subscriptions,Satellite,Fixed broadband,2018-Q4,1675.0,Subscriptions,2018,Q4
Switzerland,Subscriptions,Satellite,Fixed broadband,2019-Q2,1530.0,Subscriptions,2019,Q2
Switzerland,Subscriptions,Satellite,Fixed broadband,2019-Q4,1386.0,Subscriptions,2019,Q4
Switzerland,Subscriptions,Satellite,Fixed broadband,2020-Q2,1453.0,Subscriptions,2020,Q2
Switzerland,Subscriptions,Satellite,Fixed broadband,2020-Q4,1519.0,Subscriptions,2020,Q4
Switzerland,Subscriptions,Satellite,Fixed broadband,2021-Q2,1597.0,Subscriptions,2021,Q2
Switzerland,Subscriptions,Satellite,Fixed broadband,2021-Q4,1674.0,Subscriptions,2021,Q4
Switzerland,Subscriptions,Satellite,Fixed broadband,2022-Q2,1104.0,Subscriptions,2022,Q2
Switzerland,Subscriptions,Satellite,Fixed broadband,2022-Q4,1240.0,Subscriptions,2022,Q4
Switzerland,Subscriptions,Satellite,Fixed broadband,2023-Q2,533.0,Subscriptions,2023,Q2
Switzerland,Subscriptions,Satellite,Fixed broadband,2023-Q4,2169.0,Subscriptions,2023,Q4
Switzerland,Subscriptions,Satellite,Fixed broadband,2024-Q2,2035.0,Subscriptions,2024,Q2
Switzerland,Subscriptions,Satellite,Fixed broadband,2024-Q4,4289.0,Subscriptions,2024,Q4
Türkiye,Subscriptions,Satellite,Fixed broadband,2018-Q2,12240.0,Subscriptions,2018,Q2
Türkiye,Subscriptions,Satellite,Fixed broadband,2018-Q4,10846.0,Subscriptions,2018,Q4
Türkiye,Subscriptions,Satellite,Fixed broadband,2019-Q2,11431.0,Subscriptions,2019,Q2
Türkiye,Subscriptions,Satellite,Fixed broadband,2019-Q4,11585.0,Subscriptions,2019,Q4
Türkiye,Subscriptions,Satellite,Fixed broadband,2020-Q2,12285.0,Subscriptions,2020,Q2
Türkiye,Subscriptions,Satellite,Fixed broadband,2020-Q4,13554.0,Subscriptions,2020,Q4
Türkiye,Subscriptions,Satellite,Fixed broadband,2021-Q2,14396.0,Subscriptions,2021,Q2
Türkiye,Subscriptions,Satellite,Fixed broadband,2021-Q4,15096.0,Subscriptions,2021,Q4
Türkiye,Subscriptions,Satellite,Fixed broadband,2022-Q2,15772.0,Subscriptions,2022,Q2
Türkiye,Subscriptions,Satellite,Fixed broadband,2022-Q4,15855.0,Subscriptions,2022,Q4
Türkiye,Subscriptions,Satellite,Fixed broadband,2023-Q2,15614.0,Subscriptions,2023,Q2
Türkiye,Subscriptions,Satellite,Fixed broadband,2023-Q4,15859.0,Subscriptions,2023,Q4
Türkiye,Subscriptions,Satellite,Fixed broadband,2024-Q2,15773.0,Subscriptions,2024,Q2
Türkiye,Subscriptions,Satellite,Fixed broadband,2024-Q4,15959.0,Subscriptions,2024,Q4
United Kingdom,Subscriptions,Satellite,Fixed broadband,2018-Q2,30471.0,Subscriptions,2018,Q2
United Kingdom,Subscriptions,Satellite,Fixed broadband,2018-Q4,30525.0,Subscriptions,2018,Q4
United Kingdom,Subscriptions,Satellite,Fixed broadband,2019-Q2,26400.0,Subscriptions,2019,Q2
United Kingdom,Subscriptions,Satellite,Fixed broadband,2019-Q4,28329.0,Subscriptions,2019,Q4
United Kingdom,Subscriptions,Satellite,Fixed broadband,2020-Q2,27858.0,Subscriptions,2020,Q2
United Kingdom,Subscriptions,Satellite,Fixed broadband,2020-Q4,27235.0,Subscriptions,2020,Q4
United Kingdom,Subscriptions,Satellite,Fixed broadband,2021-Q2,10376.0,Subscriptions,2021,Q2
United Kingdom,Subscriptions,Satellite,Fixed broadband,2021-Q4,9557.0,Subscriptions,2021,Q4
United Kingdom,Subscriptions,Satellite,Fixed broadband,2022-Q2,8440.0,Subscriptions,2022,Q2
United Kingdom,Subscriptions,Satellite,Fixed broadband,2022-Q4,7453.0,Subscriptions,2022,Q4
United Kingdom,Subscriptions,Satellite,Fixed broadband,2023-Q2,6192.0,Subscriptions,2023,Q2
United Kingdom,Subscriptions,Satellite,Fixed broadband,2023-Q4,1038.0,Subscriptions,2023,Q4
United Kingdom,Subscriptions,Satellite,Fixed broadband,2024-Q2,85577.0,Subscriptions,2024,Q2
United Kingdom,Subscriptions,Satellite,Fixed broadband,2024-Q4,100779.0,Subscriptions,2024,Q4
United States,Subscriptions,Satellite,Fixed broadband,2018-Q2,1939000.0,Subscriptions,2018,Q2
United States,Subscriptions,Satellite,Fixed broadband,2018-Q4,1971000.0,Subscriptions,2018,Q4
United States,Subscriptions,Satellite,Fixed broadband,2019-Q2,1984000.0,Subscriptions,2019,Q2
United States,Subscriptions,Satellite,Fixed broadband,2019-Q4,1975000.0,Subscriptions,2019,Q4
United States,Subscriptions,Satellite,Fixed broadband,2020-Q2,1993000.0,Subscriptions,2020,Q2
United States,Subscriptions,Satellite,Fixed broadband,2020-Q4,1931000.0,Subscriptions,2020,Q4
United States,Subscriptions,Satellite,Fixed broadband,2021-Q2,1910000.0,Subscriptions,2021,Q2
United States,Subscriptions,Satellite,Fixed broadband,2021-Q4,1873000.0,Subscriptions,2021,Q4
United States,Subscriptions,Satellite,Fixed broadband,2022-Q2,2031000.0,Subscriptions,2022,Q2
United States,Subscriptions,Satellite,Fixed broadband,2022-Q4,2039000.0,Subscriptions,2022,Q4
United States,Subscriptions,Satellite,Fixed broadband,2023-Q2,2026000.0,Subscriptions,2023,Q2
United States,Subscriptions,Satellite,Fixed broadband,2023-Q4,2127000.0,Subscriptions,2023,Q4
United States,Subscriptions,Satellite,Fixed broadband,2024-Q2,2309000.0,Subscriptions,2024,Q2
United States,Subscriptions,Satellite,Fixed broadband,2024-Q4,2732000.0,Subscriptions,2024,Q4
OECD,Subscriptions,Satellite,Fixed broadband,2018-Q2,2210317.0,Subscriptions,2018,Q2
OECD,Subscriptions,Satellite,Fixed broadband,2018-Q4,2249351.0,Subscriptions,2018,Q4
OECD,Subscriptions,Satellite,Fixed broadband,2019-Q2,2234535.0,Subscriptions,2019,Q2
OECD,Subscriptions,Satellite,Fixed broadband,2019-Q4,2228587.0,Subscriptions,2019,Q4
OECD,Subscriptions,Satellite,Fixed broadband,2020-Q2,2279967.0,Subscriptions,2020,Q2
OECD,Subscriptions,Satellite,Fixed broadband,2020-Q4,2203722.0,Subscriptions,2020,Q4
OECD,Subscriptions,Satellite,Fixed broadband,2021-Q2,2634202.0,Subscriptions,2021,Q2
OECD,Subscriptions,Satellite,Fixed broadband,2021-Q4,2577809.0,Subscriptions,2021,Q4
OECD,Subscriptions,Satellite,Fixed broadband,2022-Q2,2618784.0,Subscriptions,2022,Q2
OECD,Subscriptions,Satellite,Fixed broadband,2022-Q4,2591501.0,Subscriptions,2022,Q4
OECD,Subscriptions,Satellite,Fixed broadband,2023-Q2,2555301.0,Subscriptions,2023,Q2
OECD,Subscriptions,Satellite,Fixed broadband,2023-Q4,2678311.0,Subscriptions,2023,Q4
OECD,Subscriptions,Satellite,Fixed broadband,2024-Q2,3134229.0,Subscriptions,2024,Q2
OECD,Subscriptions,Satellite,Fixed broadband,2024-Q4,3697302.0,Subscriptions,2024,Q4
Brazil,Subscriptions,Satellite,Fixed broadband,2018-Q2,158929.0,Subscriptions,2018,Q2
Brazil,Subscriptions,Satellite,Fixed broadband,2018-Q4,189524.0,Subscriptions,2018,Q4
Brazil,Subscriptions,Satellite,Fixed broadband,2019-Q2,218185.0,Subscriptions,2019,Q2
Brazil,Subscriptions,Satellite,Fixed broadband,2019-Q4,268142.0,Subscriptions,2019,Q4
Brazil,Subscriptions,Satellite,Fixed broadband,2020-Q2,306257.0,Subscriptions,2020,Q2
Brazil,Subscriptions,Satellite,Fixed broadband,2020-Q4,330174.0,Subscriptions,2020,Q4
Brazil,Subscriptions,Satellite,Fixed broadband,2021-Q2,303591.0,Subscriptions,2021,Q2
Brazil,Subscriptions,Satellite,Fixed broadband,2021-Q4,286058.0,Subscriptions,2021,Q4
Brazil,Subscriptions,Satellite,Fixed broadband,2022-Q2,283856.0,Subscriptions,2022,Q2
Brazil,Subscriptions,Satellite,Fixed broadband,2022-Q4,277239.0,Subscriptions,2022,Q4
Brazil,Subscriptions,Satellite,Fixed broadband,2023-Q2,324287.0,Subscriptions,2023,Q2
Brazil,Subscriptions,Satellite,Fixed broadband,2023-Q4,373941.0,Subscriptions,2023,Q4
Brazil,Subscriptions,Satellite,Fixed broadband,2024-Q2,450159.0,Subscriptions,2024,Q2
Brazil,Subscriptions,Satellite,Fixed broadband,2024-Q4,538490.0,Subscriptions,2024,Q4
Bulgaria,Subscriptions,Satellite,Fixed broadband,2018-Q2,227.0,Subscriptions,2018,Q2
Bulgaria,Subscriptions,Satellite,Fixed broadband,2018-Q4,224.0,Subscriptions,2018,Q4
Bulgaria,Subscriptions,Satellite,Fixed broadband,2019-Q2,233.0,Subscriptions,2019,Q2
Bulgaria,Subscriptions,Satellite,Fixed broadband,2019-Q4,239.0,Subscriptions,2019,Q4
Bulgaria,Subscriptions,Satellite,Fixed broadband,2020-Q2,243.0,Subscriptions,2020,Q2
Bulgaria,Subscriptions,Satellite,Fixed broadband,2020-Q4,231.0,Subscriptions,2020,Q4
Bulgaria,Subscriptions,Satellite,Fixed broadband,2021-Q2,223.0,Subscriptions,2021,Q2
Bulgaria,Subscriptions,Satellite,Fixed broadband,2021-Q4,223.0,Subscriptions,2021,Q4
Bulgaria,Subscriptions,Satellite,Fixed broadband,2022-Q2,368.0,Subscriptions,2022,Q2
Bulgaria,Subscriptions,Satellite,Fixed broadband,2022-Q4,592.0,Subscriptions,2022,Q4
Bulgaria,Subscriptions,Satellite,Fixed broadband,2023-Q2,998.0,Subscriptions,2023,Q2
Bulgaria,Subscriptions,Satellite,Fixed broadband,2023-Q4,987.0,Subscriptions,2023,Q4
Bulgaria,Subscriptions,Satellite,Fixed broadband,2024-Q2,1305.0,Subscriptions,2024,Q2
Bulgaria,Subscriptions,Satellite,Fixed broadband,2024-Q4,1534.0,Subscriptions,2024,Q4
Croatia,Subscriptions,Satellite,Fixed broadband,2018-Q4,53.0,Subscriptions,2018,Q4
Croatia,Subscriptions,Satellite,Fixed broadband,2019-Q4,168.0,Subscriptions,2019,Q4
Croatia,Subscriptions,Satellite,Fixed broadband,2020-Q4,69.0,Subscriptions,2020,Q4
Croatia,Subscriptions,Satellite,Fixed broadband,2021-Q4,79.0,Subscriptions,2021,Q4
Croatia,Subscriptions,Satellite,Fixed broadband,2022-Q4,586.0,Subscriptions,2022,Q4
Croatia,Subscriptions,Satellite,Fixed broadband,2023-Q2,1299.0,Subscriptions,2023,Q2
Croatia,Subscriptions,Satellite,Fixed broadband,2023-Q4,1730.0,Subscriptions,2023,Q4
Croatia,Subscriptions,Satellite,Fixed broadband,2024-Q2,2908.0,Subscriptions,2024,Q2
Croatia,Subscriptions,Satellite,Fixed broadband,2024-Q4,3805.0,Subscriptions,2024,Q4
Romania,Subscriptions,Satellite,Fixed broadband,2018-Q2,611.0,Subscriptions,2018,Q2
Romania,Subscriptions,Satellite,Fixed broadband,2018-Q4,614.0,Subscriptions,2018,Q4
Romania,Subscriptions,Satellite,Fixed broadband,2019-Q2,612.0,Subscriptions,2019,Q2
Romania,Subscriptions,Satellite,Fixed broadband,2019-Q4,617.0,Subscriptions,2019,Q4
Romania,Subscriptions,Satellite,Fixed broadband,2020-Q2,637.0,Subscriptions,2020,Q2
Romania,Subscriptions,Satellite,Fixed broadband,2020-Q4,650.0,Subscriptions,2020,Q4
Romania,Subscriptions,Satellite,Fixed broadband,2021-Q2,745.0,Subscriptions,2021,Q2
Romania,Subscriptions,Satellite,Fixed broadband,2021-Q4,738.0,Subscriptions,2021,Q4
Romania,Subscriptions,Satellite,Fixed broadband,2022-Q2,806.0,Subscriptions,2022,Q2
Romania,Subscriptions,Satellite,Fixed broadband,2022-Q4,1679.0,Subscriptions,2022,Q4
Romania,Subscriptions,Satellite,Fixed broadband,2023-Q2,2241.0,Subscriptions,2023,Q2
Romania,Subscriptions,Satellite,Fixed broadband,2023-Q4,1715.0,Subscriptions,2023,Q4
Romania,Subscriptions,Satellite,Fixed broadband,2024-Q2,2161.0,Subscriptions,2024,Q2
Romania,Subscriptions,Satellite,Fixed broadband,2024-Q4,2568.0,Subscriptions,2024,Q4
Australia,Subscriptions,Fixed wireless access,Fixed broadband,2018-Q2,217000.0,Subscriptions,2018,Q2
Australia,Subscriptions,Fixed wireless access,Fixed broadband,2018-Q4,269020.0,Subscriptions,2018,Q4
Australia,Subscriptions,Fixed wireless access,Fixed broadband,2019-Q2,289603.0,Subscriptions,2019,Q2
Australia,Subscriptions,Fixed wireless access,Fixed broadband,2019-Q4,304317.0,Subscriptions,2019,Q4
Australia,Subscriptions,Fixed wireless access,Fixed broadband,2020-Q2,324910.0,Subscriptions,2020,Q2
Australia,Subscriptions,Fixed wireless access,Fixed broadband,2020-Q4,345455.0,Subscriptions,2020,Q4
Australia,Subscriptions,Fixed wireless access,Fixed broadband,2021-Q2,363180.0,Subscriptions,2021,Q2
Australia,Subscriptions,Fixed wireless access,Fixed broadband,2021-Q4,380768.0,Subscriptions,2021,Q4
Australia,Subscriptions,Fixed wireless access,Fixed broadband,2022-Q2,393916.0,Subscriptions,2022,Q2
Australia,Subscriptions,Fixed wireless access,Fixed broadband,2022-Q4,816682.0,Subscriptions,2022,Q4
Australia,Subscriptions,Fixed wireless access,Fixed broadband,2023-Q2,871904.0,Subscriptions,2023,Q2
Australia,Subscriptions,Fixed wireless access,Fixed broadband,2023-Q4,921366.0,Subscriptions,2023,Q4
Australia,Subscriptions,Fixed wireless access,Fixed broadband,2024-Q2,957675.0,Subscriptions,2024,Q2
Australia,Subscriptions,Fixed wireless access,Fixed broadband,2024-Q4,1012729.0,Subscriptions,2024,Q4
Austria,Subscriptions,Fixed wireless access,Fixed broadband,2018-Q2,28400.0,Subscriptions,2018,Q2
Austria,Subscriptions,Fixed wireless access,Fixed broadband,2018-Q4,28242.0,Subscriptions,2018,Q4
Austria,Subscriptions,Fixed wireless access,Fixed broadband,2019-Q2,28066.0,Subscriptions,2019,Q2
Austria,Subscriptions,Fixed wireless access,Fixed broadband,2019-Q4,27859.0,Subscriptions,2019,Q4
Austria,Subscriptions,Fixed wireless access,Fixed broadband,2020-Q2,9850.0,Subscriptions,2020,Q2
Austria,Subscriptions,Fixed wireless access,Fixed broadband,2020-Q4,13618.0,Subscriptions,2020,Q4
Austria,Subscriptions,Fixed wireless access,Fixed broadband,2021-Q2,14012.0,Subscriptions,2021,Q2
Austria,Subscriptions,Fixed wireless access,Fixed broadband,2021-Q4,14455.0,Subscriptions,2021,Q4
Austria,Subscriptions,Fixed wireless access,Fixed broadband,2022-Q2,15629.0,Subscriptions,2022,Q2
Austria,Subscriptions,Fixed wireless access,Fixed broadband,2022-Q4,15154.0,Subscriptions,2022,Q4
Austria,Subscriptions,Fixed wireless access,Fixed broadband,2023-Q2,15543.0,Subscriptions,2023,Q2
Austria,Subscriptions,Fixed wireless access,Fixed broadband,2023-Q4,15413.0,Subscriptions,2023,Q4
Austria,Subscriptions,Fixed wireless access,Fixed broadband,2024-Q2,15045.0,Subscriptions,2024,Q2
Austria,Subscriptions,Fixed wireless access,Fixed broadband,2024-Q4,15604.0,Subscriptions,2024,Q4
Belgium,Subscriptions,Fixed wireless access,Fixed broadband,2021-Q4,88258.0,Subscriptions,2021,Q4
Belgium,Subscriptions,Fixed wireless access,Fixed broadband,2022-Q2,85012.0,Subscriptions,2022,Q2
Belgium,Subscriptions,Fixed wireless access,Fixed broadband,2022-Q4,85173.0,Subscriptions,2022,Q4
Belgium,Subscriptions,Fixed wireless access,Fixed broadband,2023-Q2,92435.0,Subscriptions,2023,Q2
Belgium,Subscriptions,Fixed wireless access,Fixed broadband,2023-Q4,91160.0,Subscriptions,2023,Q4
Belgium,Subscriptions,Fixed wireless access,Fixed broadband,2024-Q2,88120.0,Subscriptions,2024,Q2
Belgium,Subscriptions,Fixed wireless access,Fixed broadband,2024-Q4,87964.0,Subscriptions,2024,Q4
Canada,Subscriptions,Fixed wireless access,Fixed broadband,2018-Q2,628170.0,Subscriptions,2018,Q2
Canada,Subscriptions,Fixed wireless access,Fixed broadband,2018-Q4,788239.0,Subscriptions,2018,Q4
Canada,Subscriptions,Fixed wireless access,Fixed broadband,2019-Q2,848276.0,Subscriptions,2019,Q2
Canada,Subscriptions,Fixed wireless access,Fixed broadband,2019-Q4,837830.0,Subscriptions,2019,Q4
Canada,Subscriptions,Fixed wireless access,Fixed broadband,2020-Q2,854360.0,Subscriptions,2020,Q2
Canada,Subscriptions,Fixed wireless access,Fixed broadband,2020-Q4,955615.0,Subscriptions,2020,Q4
Canada,Subscriptions,Fixed wireless access,Fixed broadband,2021-Q2,994877.0,Subscriptions,2021,Q2
Canada,Subscriptions,Fixed wireless access,Fixed broadband,2021-Q4,1034137.0,Subscriptions,2021,Q4
Canada,Subscriptions,Fixed wireless access,Fixed broadband,2022-Q2,1061370.0,Subscriptions,2022,Q2
Canada,Subscriptions,Fixed wireless access,Fixed broadband,2022-Q4,1066909.0,Subscriptions,2022,Q4
Canada,Subscriptions,Fixed wireless access,Fixed broadband,2023-Q2,1077937.0,Subscriptions,2023,Q2
Canada,Subscriptions,Fixed wireless access,Fixed broadband,2023-Q4,1182619.0,Subscriptions,2023,Q4
Canada,Subscriptions,Fixed wireless access,Fixed broadband,2024-Q2,1221189.0,Subscriptions,2024,Q2
Canada,Subscriptions,Fixed wireless access,Fixed broadband,2024-Q4,1249194.0,Subscriptions,2024,Q4
Chile,Subscriptions,Fixed wireless access,Fixed broadband,2018-Q2,11817.0,Subscriptions,2018,Q2
Chile,Subscriptions,Fixed wireless access,Fixed broadband,2018-Q4,11225.0,Subscriptions,2018,Q4
Chile,Subscriptions,Fixed wireless access,Fixed broadband,2019-Q2,105494.0,Subscriptions,2019,Q2
Chile,Subscriptions,Fixed wireless access,Fixed broadband,2019-Q4,129927.0,Subscriptions,2019,Q4
Chile,Subscriptions,Fixed wireless access,Fixed broadband,2020-Q2,155115.0,Subscriptions,2020,Q2
Chile,Subscriptions,Fixed wireless access,Fixed broadband,2020-Q4,159972.0,Subscriptions,2020,Q4
Chile,Subscriptions,Fixed wireless access,Fixed broadband,2021-Q2,157164.0,Subscriptions,2021,Q2
Chile,Subscriptions,Fixed wireless access,Fixed broadband,2021-Q4,114013.0,Subscriptions,2021,Q4
Chile,Subscriptions,Fixed wireless access,Fixed broadband,2022-Q2,102541.0,Subscriptions,2022,Q2
Chile,Subscriptions,Fixed wireless access,Fixed broadband,2022-Q4,86100.0,Subscriptions,2022,Q4
Chile,Subscriptions,Fixed wireless access,Fixed broadband,2023-Q2,70609.0,Subscriptions,2023,Q2
Chile,Subscriptions,Fixed wireless access,Fixed broadband,2023-Q4,61855.0,Subscriptions,2023,Q4
Chile,Subscriptions,Fixed wireless access,Fixed broadband,2024-Q2,52900.0,Subscriptions,2024,Q2
Chile,Subscriptions,Fixed wireless access,Fixed broadband,2024-Q4,42240.0,Subscriptions,2024,Q4
Colombia,Subscriptions,Fixed wireless access,Fixed broadband,2018-Q2,243840.0,Subscriptions,2018,Q2
Colombia,Subscriptions,Fixed wireless access,Fixed broadband,2018-Q4,261709.0,Subscriptions,2018,Q4
Colombia,Subscriptions,Fixed wireless access,Fixed broadband,2019-Q2,285503.0,Subscriptions,2019,Q2
Colombia,Subscriptions,Fixed wireless access,Fixed broadband,2019-Q4,315864.0,Subscriptions,2019,Q4
Colombia,Subscriptions,Fixed wireless access,Fixed broadband,2020-Q2,389947.0,Subscriptions,2020,Q2
Colombia,Subscriptions,Fixed wireless access,Fixed broadband,2020-Q4,389670.0,Subscriptions,2020,Q4
Colombia,Subscriptions,Fixed wireless access,Fixed broadband,2021-Q2,402565.0,Subscriptions,2021,Q2
Colombia,Subscriptions,Fixed wireless access,Fixed broadband,2021-Q4,415287.0,Subscriptions,2021,Q4
Colombia,Subscriptions,Fixed wireless access,Fixed broadband,2022-Q2,359274.0,Subscriptions,2022,Q2
Colombia,Subscriptions,Fixed wireless access,Fixed broadband,2022-Q4,328838.0,Subscriptions,2022,Q4
Colombia,Subscriptions,Fixed wireless access,Fixed broadband,2023-Q2,320448.0,Subscriptions,2023,Q2
Colombia,Subscriptions,Fixed wireless access,Fixed broadband,2023-Q4,304264.0,Subscriptions,2023,Q4
Colombia,Subscriptions,Fixed wireless access,Fixed broadband,2024-Q2,188060.0,Subscriptions,2024,Q2
Colombia,Subscriptions,Fixed wireless access,Fixed broadband,2024-Q4,206824.0,Subscriptions,2024,Q4
Costa Rica,Subscriptions,Fixed wireless access,Fixed broadband,2018-Q2,7702.0,Subscriptions,2018,Q2
Costa Rica,Subscriptions,Fixed wireless access,Fixed broadband,2018-Q4,5488.0,Subscriptions,2018,Q4
Costa Rica,Subscriptions,Fixed wireless access,Fixed broadband,2019-Q2,3550.0,Subscriptions,2019,Q2
Costa Rica,Subscriptions,Fixed wireless access,Fixed broadband,2019-Q4,3374.0,Subscriptions,2019,Q4
Costa Rica,Subscriptions,Fixed wireless access,Fixed broadband,2020-Q2,3875.0,Subscriptions,2020,Q2
Costa Rica,Subscriptions,Fixed wireless access,Fixed broadband,2020-Q4,5718.0,Subscriptions,2020,Q4
Costa Rica,Subscriptions,Fixed wireless access,Fixed broadband,2021-Q2,5588.0,Subscriptions,2021,Q2
Costa Rica,Subscriptions,Fixed wireless access,Fixed broadband,2021-Q4,6872.0,Subscriptions,2021,Q4
Costa Rica,Subscriptions,Fixed wireless access,Fixed broadband,2022-Q2,8200.0,Subscriptions,2022,Q2
Costa Rica,Subscriptions,Fixed wireless access,Fixed broadband,2022-Q4,6382.0,Subscriptions,2022,Q4
Costa Rica,Subscriptions,Fixed wireless access,Fixed broadband,2023-Q2,8211.0,Subscriptions,2023,Q2
Costa Rica,Subscriptions,Fixed wireless access,Fixed broadband,2023-Q4,6737.0,Subscriptions,2023,Q4
Costa Rica,Subscriptions,Fixed wireless access,Fixed broadband,2024-Q2,7626.0,Subscriptions,2024,Q2
Costa Rica,Subscriptions,Fixed wireless access,Fixed broadband,2024-Q4,7956.0,Subscriptions,2024,Q4
Czechia,Subscriptions,Fixed wireless access,Fixed broadband,2018-Q2,1128526.0,Subscriptions,2018,Q2
Czechia,Subscriptions,Fixed wireless access,Fixed broadband,2018-Q4,1104674.0,Subscriptions,2018,Q4
Czechia,Subscriptions,Fixed wireless access,Fixed broadband,2019-Q2,1143635.0,Subscriptions,2019,Q2
Czechia,Subscriptions,Fixed wireless access,Fixed broadband,2019-Q4,1537714.0,Subscriptions,2019,Q4
Czechia,Subscriptions,Fixed wireless access,Fixed broadband,2020-Q2,1585300.0,Subscriptions,2020,Q2
Czechia,Subscriptions,Fixed wireless access,Fixed broadband,2020-Q4,1542183.0,Subscriptions,2020,Q4
Czechia,Subscriptions,Fixed wireless access,Fixed broadband,2021-Q2,1578155.0,Subscriptions,2021,Q2
Czechia,Subscriptions,Fixed wireless access,Fixed broadband,2021-Q4,1581657.0,Subscriptions,2021,Q4
Czechia,Subscriptions,Fixed wireless access,Fixed broadband,2022-Q2,1591038.0,Subscriptions,2022,Q2
Czechia,Subscriptions,Fixed wireless access,Fixed broadband,2022-Q4,1581931.0,Subscriptions,2022,Q4
Czechia,Subscriptions,Fixed wireless access,Fixed broadband,2023-Q2,1589863.0,Subscriptions,2023,Q2
Czechia,Subscriptions,Fixed wireless access,Fixed broadband,2023-Q4,1576825.0,Subscriptions,2023,Q4
Czechia,Subscriptions,Fixed wireless access,Fixed broadband,2024-Q2,1606184.0,Subscriptions,2024,Q2
Czechia,Subscriptions,Fixed wireless access,Fixed broadband,2024-Q4,1605456.0,Subscriptions,2024,Q4
Denmark,Subscriptions,Fixed wireless access,Fixed broadband,2018-Q2,21406.0,Subscriptions,2018,Q2
Denmark,Subscriptions,Fixed wireless access,Fixed broadband,2018-Q4,21538.0,Subscriptions,2018,Q4
Denmark,Subscriptions,Fixed wireless access,Fixed broadband,2019-Q2,21689.0,Subscriptions,2019,Q2
Denmark,Subscriptions,Fixed wireless access,Fixed broadband,2019-Q4,21888.0,Subscriptions,2019,Q4
Denmark,Subscriptions,Fixed wireless access,Fixed broadband,2020-Q2,20689.0,Subscriptions,2020,Q2
Denmark,Subscriptions,Fixed wireless access,Fixed broadband,2020-Q4,20579.0,Subscriptions,2020,Q4
Denmark,Subscriptions,Fixed wireless access,Fixed broadband,2021-Q2,20754.0,Subscriptions,2021,Q2
Denmark,Subscriptions,Fixed wireless access,Fixed broadband,2021-Q4,19580.0,Subscriptions,2021,Q4
Denmark,Subscriptions,Fixed wireless access,Fixed broadband,2022-Q2,16321.0,Subscriptions,2022,Q2
Denmark,Subscriptions,Fixed wireless access,Fixed broadband,2022-Q4,16257.0,Subscriptions,2022,Q4
Denmark,Subscriptions,Fixed wireless access,Fixed broadband,2023-Q2,14278.0,Subscriptions,2023,Q2
Denmark,Subscriptions,Fixed wireless access,Fixed broadband,2023-Q4,14176.0,Subscriptions,2023,Q4
Denmark,Subscriptions,Fixed wireless access,Fixed broadband,2024-Q2,13560.0,Subscriptions,2024,Q2
Denmark,Subscriptions,Fixed wireless access,Fixed broadband,2024-Q4,13560.0,Subscriptions,2024,Q4
Estonia,Subscriptions,Fixed wireless access,Fixed broadband,2018-Q2,27151.0,Subscriptions,2018,Q2
Estonia,Subscriptions,Fixed wireless access,Fixed broadband,2018-Q4,30220.0,Subscriptions,2018,Q4
Estonia,Subscriptions,Fixed wireless access,Fixed broadband,2019-Q2,33009.0,Subscriptions,2019,Q2
Estonia,Subscriptions,Fixed wireless access,Fixed broadband,2019-Q4,34757.0,Subscriptions,2019,Q4
Estonia,Subscriptions,Fixed wireless access,Fixed broadband,2020-Q2,36994.0,Subscriptions,2020,Q2
Estonia,Subscriptions,Fixed wireless access,Fixed broadband,2020-Q4,38460.0,Subscriptions,2020,Q4
Estonia,Subscriptions,Fixed wireless access,Fixed broadband,2021-Q2,73513.0,Subscriptions,2021,Q2
Estonia,Subscriptions,Fixed wireless access,Fixed broadband,2021-Q4,72037.0,Subscriptions,2021,Q4
Estonia,Subscriptions,Fixed wireless access,Fixed broadband,2022-Q2,85705.0,Subscriptions,2022,Q2
Estonia,Subscriptions,Fixed wireless access,Fixed broadband,2022-Q4,85715.0,Subscriptions,2022,Q4
Estonia,Subscriptions,Fixed wireless access,Fixed broadband,2023-Q2,93476.0,Subscriptions,2023,Q2
Estonia,Subscriptions,Fixed wireless access,Fixed broadband,2023-Q4,90961.0,Subscriptions,2023,Q4
Estonia,Subscriptions,Fixed wireless access,Fixed broadband,2024-Q2,96915.0,Subscriptions,2024,Q2
Estonia,Subscriptions,Fixed wireless access,Fixed broadband,2024-Q4,95426.0,Subscriptions,2024,Q4
Finland,Subscriptions,Fixed wireless access,Fixed broadband,2018-Q2,3000.0,Subscriptions,2018,Q2
Finland,Subscriptions,Fixed wireless access,Fixed broadband,2018-Q4,3000.0,Subscriptions,2018,Q4
Finland,Subscriptions,Fixed wireless access,Fixed broadband,2019-Q2,3000.0,Subscriptions,2019,Q2
Finland,Subscriptions,Fixed wireless access,Fixed broadband,2019-Q4,5000.0,Subscriptions,2019,Q4
Finland,Subscriptions,Fixed wireless access,Fixed broadband,2020-Q2,4000.0,Subscriptions,2020,Q2
Finland,Subscriptions,Fixed wireless access,Fixed broadband,2020-Q4,6000.0,Subscriptions,2020,Q4
Finland,Subscriptions,Fixed wireless access,Fixed broadband,2021-Q2,9000.0,Subscriptions,2021,Q2
France,Subscriptions,Fixed wireless access,Fixed broadband,2018-Q2,558000.0,Subscriptions,2018,Q2
France,Subscriptions,Fixed wireless access,Fixed broadband,2018-Q4,660000.0,Subscriptions,2018,Q4
France,Subscriptions,Fixed wireless access,Fixed broadband,2019-Q2,733000.0,Subscriptions,2019,Q2
France,Subscriptions,Fixed wireless access,Fixed broadband,2019-Q4,836000.0,Subscriptions,2019,Q4
France,Subscriptions,Fixed wireless access,Fixed broadband,2020-Q2,920000.0,Subscriptions,2020,Q2
France,Subscriptions,Fixed wireless access,Fixed broadband,2020-Q4,949000.0,Subscriptions,2020,Q4
France,Subscriptions,Fixed wireless access,Fixed broadband,2021-Q2,1010000.0,Subscriptions,2021,Q2
France,Subscriptions,Fixed wireless access,Fixed broadband,2021-Q4,1051000.0,Subscriptions,2021,Q4
France,Subscriptions,Fixed wireless access,Fixed broadband,2022-Q2,1062000.0,Subscriptions,2022,Q2
France,Subscriptions,Fixed wireless access,Fixed broadband,2022-Q4,1067000.0,Subscriptions,2022,Q4
France,Subscriptions,Fixed wireless access,Fixed broadband,2023-Q2,1065000.0,Subscriptions,2023,Q2
France,Subscriptions,Fixed wireless access,Fixed broadband,2023-Q4,1093000.0,Subscriptions,2023,Q4
France,Subscriptions,Fixed wireless access,Fixed broadband,2024-Q2,1150000.0,Subscriptions,2024,Q2
France,Subscriptions,Fixed wireless access,Fixed broadband,2024-Q4,1228000.0,Subscriptions,2024,Q4
Germany,Subscriptions,Fixed wireless access,Fixed broadband,2018-Q2,18963.0,Subscriptions,2018,Q2
Germany,Subscriptions,Fixed wireless access,Fixed broadband,2018-Q4,16857.0,Subscriptions,2018,Q4
Germany,Subscriptions,Fixed wireless access,Fixed broadband,2019-Q2,17340.0,Subscriptions,2019,Q2
Germany,Subscriptions,Fixed wireless access,Fixed broadband,2019-Q4,14534.0,Subscriptions,2019,Q4
Germany,Subscriptions,Fixed wireless access,Fixed broadband,2020-Q2,13465.0,Subscriptions,2020,Q2
Germany,Subscriptions,Fixed wireless access,Fixed broadband,2020-Q4,13211.0,Subscriptions,2020,Q4
Germany,Subscriptions,Fixed wireless access,Fixed broadband,2021-Q2,12403.0,Subscriptions,2021,Q2
Germany,Subscriptions,Fixed wireless access,Fixed broadband,2021-Q4,11771.0,Subscriptions,2021,Q4
Germany,Subscriptions,Fixed wireless access,Fixed broadband,2022-Q2,10785.0,Subscriptions,2022,Q2
Germany,Subscriptions,Fixed wireless access,Fixed broadband,2022-Q4,671860.0,Subscriptions,2022,Q4
Germany,Subscriptions,Fixed wireless access,Fixed broadband,2023-Q2,910843.0,Subscriptions,2023,Q2
Germany,Subscriptions,Fixed wireless access,Fixed broadband,2023-Q4,922082.0,Subscriptions,2023,Q4
Germany,Subscriptions,Fixed wireless access,Fixed broadband,2024-Q2,923334.0,Subscriptions,2024,Q2
Germany,Subscriptions,Fixed wireless access,Fixed broadband,2024-Q4,894031.0,Subscriptions,2024,Q4
Greece,Subscriptions,Fixed wireless access,Fixed broadband,2018-Q2,1269.0,Subscriptions,2018,Q2
Greece,Subscriptions,Fixed wireless access,Fixed broadband,2018-Q4,1196.0,Subscriptions,2018,Q4
Greece,Subscriptions,Fixed wireless access,Fixed broadband,2019-Q2,1360.0,Subscriptions,2019,Q2
Greece,Subscriptions,Fixed wireless access,Fixed broadband,2019-Q4,1577.0,Subscriptions,2019,Q4
Greece,Subscriptions,Fixed wireless access,Fixed broadband,2020-Q2,1763.0,Subscriptions,2020,Q2
Greece,Subscriptions,Fixed wireless access,Fixed broadband,2020-Q4,1932.0,Subscriptions,2020,Q4
Greece,Subscriptions,Fixed wireless access,Fixed broadband,2021-Q2,2164.0,Subscriptions,2021,Q2
Greece,Subscriptions,Fixed wireless access,Fixed broadband,2021-Q4,2352.0,Subscriptions,2021,Q4
Greece,Subscriptions,Fixed wireless access,Fixed broadband,2022-Q2,2428.0,Subscriptions,2022,Q2
Greece,Subscriptions,Fixed wireless access,Fixed broadband,2022-Q4,3185.0,Subscriptions,2022,Q4
Greece,Subscriptions,Fixed wireless access,Fixed broadband,2023-Q2,3359.0,Subscriptions,2023,Q2
Greece,Subscriptions,Fixed wireless access,Fixed broadband,2023-Q4,3601.0,Subscriptions,2023,Q4
Greece,Subscriptions,Fixed wireless access,Fixed broadband,2024-Q2,3877.0,Subscriptions,2024,Q2
Greece,Subscriptions,Fixed wireless access,Fixed broadband,2024-Q4,4388.0,Subscriptions,2024,Q4
Hungary,Subscriptions,Fixed wireless access,Fixed broadband,2018-Q2,112000.0,Subscriptions,2018,Q2
Hungary,Subscriptions,Fixed wireless access,Fixed broadband,2018-Q4,105420.0,Subscriptions,2018,Q4
Hungary,Subscriptions,Fixed wireless access,Fixed broadband,2019-Q2,107037.0,Subscriptions,2019,Q2
Hungary,Subscriptions,Fixed wireless access,Fixed broadband,2019-Q4,108352.0,Subscriptions,2019,Q4
Hungary,Subscriptions,Fixed wireless access,Fixed broadband,2020-Q2,121156.0,Subscriptions,2020,Q2
Hungary,Subscriptions,Fixed wireless access,Fixed broadband,2020-Q4,134782.0,Subscriptions,2020,Q4
Hungary,Subscriptions,Fixed wireless access,Fixed broadband,2021-Q2,135034.0,Subscriptions,2021,Q2
Hungary,Subscriptions,Fixed wireless access,Fixed broadband,2021-Q4,131398.0,Subscriptions,2021,Q4
Hungary,Subscriptions,Fixed wireless access,Fixed broadband,2022-Q2,129452.0,Subscriptions,2022,Q2
Hungary,Subscriptions,Fixed wireless access,Fixed broadband,2022-Q4,128452.0,Subscriptions,2022,Q4
Hungary,Subscriptions,Fixed wireless access,Fixed broadband,2023-Q2,124986.0,Subscriptions,2023,Q2
Hungary,Subscriptions,Fixed wireless access,Fixed broadband,2023-Q4,202046.0,Subscriptions,2023,Q4
Hungary,Subscriptions,Fixed wireless access,Fixed broadband,2024-Q2,213697.0,Subscriptions,2024,Q2
Hungary,Subscriptions,Fixed wireless access,Fixed broadband,2024-Q4,222508.0,Subscriptions,2024,Q4
Iceland,Subscriptions,Fixed wireless access,Fixed broadband,2018-Q2,879.0,Subscriptions,2018,Q2
Iceland,Subscriptions,Fixed wireless access,Fixed broadband,2018-Q4,560.0,Subscriptions,2018,Q4
Iceland,Subscriptions,Fixed wireless access,Fixed broadband,2019-Q2,452.0,Subscriptions,2019,Q2
Iceland,Subscriptions,Fixed wireless access,Fixed broadband,2019-Q4,391.0,Subscriptions,2019,Q4
Iceland,Subscriptions,Fixed wireless access,Fixed broadband,2020-Q2,324.0,Subscriptions,2020,Q2
Iceland,Subscriptions,Fixed wireless access,Fixed broadband,2020-Q4,274.0,Subscriptions,2020,Q4
Iceland,Subscriptions,Fixed wireless access,Fixed broadband,2021-Q2,307.0,Subscriptions,2021,Q2
Iceland,Subscriptions,Fixed wireless access,Fixed broadband,2021-Q4,247.0,Subscriptions,2021,Q4
Iceland,Subscriptions,Fixed wireless access,Fixed broadband,2022-Q2,286.0,Subscriptions,2022,Q2
Iceland,Subscriptions,Fixed wireless access,Fixed broadband,2022-Q4,244.0,Subscriptions,2022,Q4
Iceland,Subscriptions,Fixed wireless access,Fixed broadband,2023-Q2,247.0,Subscriptions,2023,Q2
Iceland,Subscriptions,Fixed wireless access,Fixed broadband,2023-Q4,228.0,Subscriptions,2023,Q4
Iceland,Subscriptions,Fixed wireless access,Fixed broadband,2024-Q2,197.0,Subscriptions,2024,Q2
Iceland,Subscriptions,Fixed wireless access,Fixed broadband,2024-Q4,204.0,Subscriptions,2024,Q4
Ireland,Subscriptions,Fixed wireless access,Fixed broadband,2018-Q2,49851.0,Subscriptions,2018,Q2
Ireland,Subscriptions,Fixed wireless access,Fixed broadband,2018-Q4,47552.0,Subscriptions,2018,Q4
Ireland,Subscriptions,Fixed wireless access,Fixed broadband,2019-Q2,47041.0,Subscriptions,2019,Q2
Ireland,Subscriptions,Fixed wireless access,Fixed broadband,2019-Q4,51668.0,Subscriptions,2019,Q4
Ireland,Subscriptions,Fixed wireless access,Fixed broadband,2020-Q2,56613.0,Subscriptions,2020,Q2
Ireland,Subscriptions,Fixed wireless access,Fixed broadband,2020-Q4,61711.0,Subscriptions,2020,Q4
Ireland,Subscriptions,Fixed wireless access,Fixed broadband,2021-Q2,75576.0,Subscriptions,2021,Q2
Ireland,Subscriptions,Fixed wireless access,Fixed broadband,2021-Q4,80082.0,Subscriptions,2021,Q4
Ireland,Subscriptions,Fixed wireless access,Fixed broadband,2022-Q2,84327.0,Subscriptions,2022,Q2
Ireland,Subscriptions,Fixed wireless access,Fixed broadband,2022-Q4,84380.0,Subscriptions,2022,Q4
Ireland,Subscriptions,Fixed wireless access,Fixed broadband,2023-Q2,86835.0,Subscriptions,2023,Q2
Ireland,Subscriptions,Fixed wireless access,Fixed broadband,2023-Q4,92730.0,Subscriptions,2023,Q4
Ireland,Subscriptions,Fixed wireless access,Fixed broadband,2024-Q2,88042.0,Subscriptions,2024,Q2
Ireland,Subscriptions,Fixed wireless access,Fixed broadband,2024-Q4,80265.0,Subscriptions,2024,Q4
Italy,Subscriptions,Fixed wireless access,Fixed broadband,2018-Q2,1141897.0,Subscriptions,2018,Q2
Italy,Subscriptions,Fixed wireless access,Fixed broadband,2018-Q4,1232715.0,Subscriptions,2018,Q4
Italy,Subscriptions,Fixed wireless access,Fixed broadband,2019-Q2,1267962.0,Subscriptions,2019,Q2
Italy,Subscriptions,Fixed wireless access,Fixed broadband,2019-Q4,1388436.0,Subscriptions,2019,Q4
Italy,Subscriptions,Fixed wireless access,Fixed broadband,2020-Q2,1494239.0,Subscriptions,2020,Q2
Italy,Subscriptions,Fixed wireless access,Fixed broadband,2020-Q4,1620419.0,Subscriptions,2020,Q4
Italy,Subscriptions,Fixed wireless access,Fixed broadband,2021-Q2,1723814.0,Subscriptions,2021,Q2
Italy,Subscriptions,Fixed wireless access,Fixed broadband,2021-Q4,1801988.0,Subscriptions,2021,Q4
Italy,Subscriptions,Fixed wireless access,Fixed broadband,2022-Q2,1871886.0,Subscriptions,2022,Q2
Italy,Subscriptions,Fixed wireless access,Fixed broadband,2022-Q4,1975883.0,Subscriptions,2022,Q4
Italy,Subscriptions,Fixed wireless access,Fixed broadband,2023-Q2,2063942.0,Subscriptions,2023,Q2
Italy,Subscriptions,Fixed wireless access,Fixed broadband,2023-Q4,2115661.0,Subscriptions,2023,Q4
Italy,Subscriptions,Fixed wireless access,Fixed broadband,2024-Q2,2247428.0,Subscriptions,2024,Q2
Italy,Subscriptions,Fixed wireless access,Fixed broadband,2024-Q4,2366654.0,Subscriptions,2024,Q4
Japan,Subscriptions,Fixed wireless access,Fixed broadband,2023-Q2,3966711.0,Subscriptions,2023,Q2
Japan,Subscriptions,Fixed wireless access,Fixed broadband,2023-Q4,4193221.0,Subscriptions,2023,Q4
Japan,Subscriptions,Fixed wireless access,Fixed broadband,2024-Q2,4490221.0,Subscriptions,2024,Q2
Japan,Subscriptions,Fixed wireless access,Fixed broadband,2024-Q4,4631914.0,Subscriptions,2024,Q4
Latvia,Subscriptions,Fixed wireless access,Fixed broadband,2018-Q2,11830.0,Subscriptions,2018,Q2
Latvia,Subscriptions,Fixed wireless access,Fixed broadband,2018-Q4,10037.0,Subscriptions,2018,Q4
Latvia,Subscriptions,Fixed wireless access,Fixed broadband,2019-Q2,9426.0,Subscriptions,2019,Q2
Latvia,Subscriptions,Fixed wireless access,Fixed broadband,2019-Q4,8512.0,Subscriptions,2019,Q4
Latvia,Subscriptions,Fixed wireless access,Fixed broadband,2020-Q2,7811.0,Subscriptions,2020,Q2
Latvia,Subscriptions,Fixed wireless access,Fixed broadband,2020-Q4,7641.0,Subscriptions,2020,Q4
Latvia,Subscriptions,Fixed wireless access,Fixed broadband,2021-Q2,7470.0,Subscriptions,2021,Q2
Latvia,Subscriptions,Fixed wireless access,Fixed broadband,2021-Q4,6851.0,Subscriptions,2021,Q4
Latvia,Subscriptions,Fixed wireless access,Fixed broadband,2022-Q2,7146.0,Subscriptions,2022,Q2
Latvia,Subscriptions,Fixed wireless access,Fixed broadband,2022-Q4,7308.0,Subscriptions,2022,Q4
Latvia,Subscriptions,Fixed wireless access,Fixed broadband,2023-Q2,7570.0,Subscriptions,2023,Q2
Latvia,Subscriptions,Fixed wireless access,Fixed broadband,2023-Q4,7092.0,Subscriptions,2023,Q4
Latvia,Subscriptions,Fixed wireless access,Fixed broadband,2024-Q2,6904.0,Subscriptions,2024,Q2
Latvia,Subscriptions,Fixed wireless access,Fixed broadband,2024-Q4,6793.0,Subscriptions,2024,Q4
Lithuania,Subscriptions,Fixed wireless access,Fixed broadband,2018-Q2,52858.0,Subscriptions,2018,Q2
Lithuania,Subscriptions,Fixed wireless access,Fixed broadband,2018-Q4,46765.0,Subscriptions,2018,Q4
Lithuania,Subscriptions,Fixed wireless access,Fixed broadband,2019-Q2,45096.0,Subscriptions,2019,Q2
Lithuania,Subscriptions,Fixed wireless access,Fixed broadband,2019-Q4,42564.0,Subscriptions,2019,Q4
Lithuania,Subscriptions,Fixed wireless access,Fixed broadband,2020-Q2,43311.0,Subscriptions,2020,Q2
Lithuania,Subscriptions,Fixed wireless access,Fixed broadband,2020-Q4,42621.0,Subscriptions,2020,Q4
Lithuania,Subscriptions,Fixed wireless access,Fixed broadband,2021-Q2,41516.0,Subscriptions,2021,Q2
Lithuania,Subscriptions,Fixed wireless access,Fixed broadband,2021-Q4,37906.0,Subscriptions,2021,Q4
Lithuania,Subscriptions,Fixed wireless access,Fixed broadband,2022-Q2,34750.0,Subscriptions,2022,Q2
Lithuania,Subscriptions,Fixed wireless access,Fixed broadband,2022-Q4,31878.0,Subscriptions,2022,Q4
Lithuania,Subscriptions,Fixed wireless access,Fixed broadband,2023-Q2,30987.0,Subscriptions,2023,Q2
Lithuania,Subscriptions,Fixed wireless access,Fixed broadband,2023-Q4,29605.0,Subscriptions,2023,Q4
Lithuania,Subscriptions,Fixed wireless access,Fixed broadband,2024-Q2,28299.0,Subscriptions,2024,Q2
Lithuania,Subscriptions,Fixed wireless access,Fixed broadband,2024-Q4,27676.0,Subscriptions,2024,Q4
Luxembourg,Subscriptions,Fixed wireless access,Fixed broadband,2024-Q4,5900.0,Subscriptions,2024,Q4
Mexico,Subscriptions,Fixed wireless access,Fixed broadband,2018-Q2,137250.0,Subscriptions,2018,Q2
Mexico,Subscriptions,Fixed wireless access,Fixed broadband,2018-Q4,100049.0,Subscriptions,2018,Q4
Mexico,Subscriptions,Fixed wireless access,Fixed broadband,2019-Q2,93087.0,Subscriptions,2019,Q2
Mexico,Subscriptions,Fixed wireless access,Fixed broadband,2019-Q4,62710.0,Subscriptions,2019,Q4
Mexico,Subscriptions,Fixed wireless access,Fixed broadband,2020-Q2,90992.0,Subscriptions,2020,Q2
Mexico,Subscriptions,Fixed wireless access,Fixed broadband,2020-Q4,78913.0,Subscriptions,2020,Q4
Mexico,Subscriptions,Fixed wireless access,Fixed broadband,2021-Q2,68475.0,Subscriptions,2021,Q2
Mexico,Subscriptions,Fixed wireless access,Fixed broadband,2021-Q4,67079.0,Subscriptions,2021,Q4
Mexico,Subscriptions,Fixed wireless access,Fixed broadband,2022-Q2,56456.0,Subscriptions,2022,Q2
Mexico,Subscriptions,Fixed wireless access,Fixed broadband,2022-Q4,56556.0,Subscriptions,2022,Q4
Mexico,Subscriptions,Fixed wireless access,Fixed broadband,2023-Q2,9710.0,Subscriptions,2023,Q2
Mexico,Subscriptions,Fixed wireless access,Fixed broadband,2023-Q4,54384.0,Subscriptions,2023,Q4
Mexico,Subscriptions,Fixed wireless access,Fixed broadband,2024-Q2,51189.0,Subscriptions,2024,Q2
Mexico,Subscriptions,Fixed wireless access,Fixed broadband,2024-Q4,50954.0,Subscriptions,2024,Q4
New Zealand,Subscriptions,Fixed wireless access,Fixed broadband,2018-Q2,165821.0,Subscriptions,2018,Q2
New Zealand,Subscriptions,Fixed wireless access,Fixed broadband,2018-Q4,172936.0,Subscriptions,2018,Q4
New Zealand,Subscriptions,Fixed wireless access,Fixed broadband,2019-Q2,190702.0,Subscriptions,2019,Q2
New Zealand,Subscriptions,Fixed wireless access,Fixed broadband,2019-Q4,191785.0,Subscriptions,2019,Q4
New Zealand,Subscriptions,Fixed wireless access,Fixed broadband,2020-Q2,220775.0,Subscriptions,2020,Q2
New Zealand,Subscriptions,Fixed wireless access,Fixed broadband,2020-Q4,240314.0,Subscriptions,2020,Q4
New Zealand,Subscriptions,Fixed wireless access,Fixed broadband,2021-Q2,276493.0,Subscriptions,2021,Q2
New Zealand,Subscriptions,Fixed wireless access,Fixed broadband,2021-Q4,296141.0,Subscriptions,2021,Q4
New Zealand,Subscriptions,Fixed wireless access,Fixed broadband,2022-Q2,315374.0,Subscriptions,2022,Q2
New Zealand,Subscriptions,Fixed wireless access,Fixed broadband,2022-Q4,337649.0,Subscriptions,2022,Q4
New Zealand,Subscriptions,Fixed wireless access,Fixed broadband,2023-Q2,370098.0,Subscriptions,2023,Q2
New Zealand,Subscriptions,Fixed wireless access,Fixed broadband,2023-Q4,381553.0,Subscriptions,2023,Q4
New Zealand,Subscriptions,Fixed wireless access,Fixed broadband,2024-Q2,390273.0,Subscriptions,2024,Q2
New Zealand,Subscriptions,Fixed wireless access,Fixed broadband,2024-Q4,401031.0,Subscriptions,2024,Q4
Norway,Subscriptions,Fixed wireless access,Fixed broadband,2018-Q2,41035.0,Subscriptions,2018,Q2
Norway,Subscriptions,Fixed wireless access,Fixed broadband,2018-Q4,37899.0,Subscriptions,2018,Q4
Norway,Subscriptions,Fixed wireless access,Fixed broadband,2019-Q2,38805.0,Subscriptions,2019,Q2
Norway,Subscriptions,Fixed wireless access,Fixed broadband,2019-Q4,54717.0,Subscriptions,2019,Q4
Norway,Subscriptions,Fixed wireless access,Fixed broadband,2020-Q2,92476.0,Subscriptions,2020,Q2
Norway,Subscriptions,Fixed wireless access,Fixed broadband,2020-Q4,119493.0,Subscriptions,2020,Q4
Norway,Subscriptions,Fixed wireless access,Fixed broadband,2021-Q2,145634.0,Subscriptions,2021,Q2
Norway,Subscriptions,Fixed wireless access,Fixed broadband,2021-Q4,160015.0,Subscriptions,2021,Q4
Norway,Subscriptions,Fixed wireless access,Fixed broadband,2022-Q2,183186.0,Subscriptions,2022,Q2
Norway,Subscriptions,Fixed wireless access,Fixed broadband,2022-Q4,212768.0,Subscriptions,2022,Q4
Norway,Subscriptions,Fixed wireless access,Fixed broadband,2023-Q2,221208.0,Subscriptions,2023,Q2
Norway,Subscriptions,Fixed wireless access,Fixed broadband,2023-Q4,227091.0,Subscriptions,2023,Q4
Norway,Subscriptions,Fixed wireless access,Fixed broadband,2024-Q2,228043.0,Subscriptions,2024,Q2
Norway,Subscriptions,Fixed wireless access,Fixed broadband,2024-Q4,224033.0,Subscriptions,2024,Q4
Poland,Subscriptions,Fixed wireless access,Fixed broadband,2018-Q2,796301.0,Subscriptions,2018,Q2
Poland,Subscriptions,Fixed wireless access,Fixed broadband,2018-Q4,869385.0,Subscriptions,2018,Q4
Poland,Subscriptions,Fixed wireless access,Fixed broadband,2019-Q2,872691.0,Subscriptions,2019,Q2
Poland,Subscriptions,Fixed wireless access,Fixed broadband,2019-Q4,792808.0,Subscriptions,2019,Q4
Poland,Subscriptions,Fixed wireless access,Fixed broadband,2020-Q2,797774.0,Subscriptions,2020,Q2
Poland,Subscriptions,Fixed wireless access,Fixed broadband,2020-Q4,774897.0,Subscriptions,2020,Q4
Poland,Subscriptions,Fixed wireless access,Fixed broadband,2021-Q2,777286.0,Subscriptions,2021,Q2
Poland,Subscriptions,Fixed wireless access,Fixed broadband,2021-Q4,738842.0,Subscriptions,2021,Q4
Poland,Subscriptions,Fixed wireless access,Fixed broadband,2022-Q2,745972.0,Subscriptions,2022,Q2
Poland,Subscriptions,Fixed wireless access,Fixed broadband,2022-Q4,713170.0,Subscriptions,2022,Q4
Poland,Subscriptions,Fixed wireless access,Fixed broadband,2023-Q2,687832.0,Subscriptions,2023,Q2
Poland,Subscriptions,Fixed wireless access,Fixed broadband,2023-Q4,591709.0,Subscriptions,2023,Q4
Poland,Subscriptions,Fixed wireless access,Fixed broadband,2024-Q2,443502.0,Subscriptions,2024,Q2
Poland,Subscriptions,Fixed wireless access,Fixed broadband,2024-Q4,532510.0,Subscriptions,2024,Q4
Portugal,Subscriptions,Fixed wireless access,Fixed broadband,2018-Q2,280529.0,Subscriptions,2018,Q2
Portugal,Subscriptions,Fixed wireless access,Fixed broadband,2018-Q4,282355.0,Subscriptions,2018,Q4
Portugal,Subscriptions,Fixed wireless access,Fixed broadband,2019-Q2,273648.0,Subscriptions,2019,Q2
Portugal,Subscriptions,Fixed wireless access,Fixed broadband,2019-Q4,276100.0,Subscriptions,2019,Q4
Portugal,Subscriptions,Fixed wireless access,Fixed broadband,2020-Q2,284223.0,Subscriptions,2020,Q2
Portugal,Subscriptions,Fixed wireless access,Fixed broadband,2020-Q4,286421.0,Subscriptions,2020,Q4
Portugal,Subscriptions,Fixed wireless access,Fixed broadband,2021-Q2,278993.0,Subscriptions,2021,Q2
Portugal,Subscriptions,Fixed wireless access,Fixed broadband,2021-Q4,268298.0,Subscriptions,2021,Q4
Portugal,Subscriptions,Fixed wireless access,Fixed broadband,2022-Q2,258416.0,Subscriptions,2022,Q2
Portugal,Subscriptions,Fixed wireless access,Fixed broadband,2022-Q4,251469.0,Subscriptions,2022,Q4
Portugal,Subscriptions,Fixed wireless access,Fixed broadband,2023-Q2,244616.0,Subscriptions,2023,Q2
Portugal,Subscriptions,Fixed wireless access,Fixed broadband,2023-Q4,241390.0,Subscriptions,2023,Q4
Portugal,Subscriptions,Fixed wireless access,Fixed broadband,2024-Q2,237163.0,Subscriptions,2024,Q2
Portugal,Subscriptions,Fixed wireless access,Fixed broadband,2024-Q4,232295.0,Subscriptions,2024,Q4
Slovak Republic,Subscriptions,Fixed wireless access,Fixed broadband,2018-Q2,356749.0,Subscriptions,2018,Q2
Slovak Republic,Subscriptions,Fixed wireless access,Fixed broadband,2018-Q4,374405.0,Subscriptions,2018,Q4
Slovak Republic,Subscriptions,Fixed wireless access,Fixed broadband,2019-Q2,394373.0,Subscriptions,2019,Q2
Slovak Republic,Subscriptions,Fixed wireless access,Fixed broadband,2019-Q4,408094.0,Subscriptions,2019,Q4
Slovak Republic,Subscriptions,Fixed wireless access,Fixed broadband,2020-Q2,426883.0,Subscriptions,2020,Q2
Slovak Republic,Subscriptions,Fixed wireless access,Fixed broadband,2020-Q4,451113.0,Subscriptions,2020,Q4
Slovak Republic,Subscriptions,Fixed wireless access,Fixed broadband,2021-Q2,467374.0,Subscriptions,2021,Q2
Slovak Republic,Subscriptions,Fixed wireless access,Fixed broadband,2021-Q4,470440.0,Subscriptions,2021,Q4
Slovak Republic,Subscriptions,Fixed wireless access,Fixed broadband,2022-Q2,480662.0,Subscriptions,2022,Q2
Slovak Republic,Subscriptions,Fixed wireless access,Fixed broadband,2022-Q4,491168.0,Subscriptions,2022,Q4
Slovak Republic,Subscriptions,Fixed wireless access,Fixed broadband,2023-Q2,481023.0,Subscriptions,2023,Q2
Slovak Republic,Subscriptions,Fixed wireless access,Fixed broadband,2023-Q4,463306.0,Subscriptions,2023,Q4
Slovak Republic,Subscriptions,Fixed wireless access,Fixed broadband,2024-Q2,457390.0,Subscriptions,2024,Q2
Slovak Republic,Subscriptions,Fixed wireless access,Fixed broadband,2024-Q4,452428.0,Subscriptions,2024,Q4
Slovenia,Subscriptions,Fixed wireless access,Fixed broadband,2018-Q2,4451.0,Subscriptions,2018,Q2
Slovenia,Subscriptions,Fixed wireless access,Fixed broadband,2018-Q4,4258.0,Subscriptions,2018,Q4
Slovenia,Subscriptions,Fixed wireless access,Fixed broadband,2019-Q2,4109.0,Subscriptions,2019,Q2
Slovenia,Subscriptions,Fixed wireless access,Fixed broadband,2019-Q4,3846.0,Subscriptions,2019,Q4
Slovenia,Subscriptions,Fixed wireless access,Fixed broadband,2020-Q2,3664.0,Subscriptions,2020,Q2
Slovenia,Subscriptions,Fixed wireless access,Fixed broadband,2020-Q4,3399.0,Subscriptions,2020,Q4
Slovenia,Subscriptions,Fixed wireless access,Fixed broadband,2021-Q2,3126.0,Subscriptions,2021,Q2
Slovenia,Subscriptions,Fixed wireless access,Fixed broadband,2021-Q4,2611.0,Subscriptions,2021,Q4
Slovenia,Subscriptions,Fixed wireless access,Fixed broadband,2022-Q2,1758.0,Subscriptions,2022,Q2
Slovenia,Subscriptions,Fixed wireless access,Fixed broadband,2022-Q4,1353.0,Subscriptions,2022,Q4
Slovenia,Subscriptions,Fixed wireless access,Fixed broadband,2023-Q2,1070.0,Subscriptions,2023,Q2
Slovenia,Subscriptions,Fixed wireless access,Fixed broadband,2023-Q4,39568.0,Subscriptions,2023,Q4
Slovenia,Subscriptions,Fixed wireless access,Fixed broadband,2024-Q2,42822.0,Subscriptions,2024,Q2
Slovenia,Subscriptions,Fixed wireless access,Fixed broadband,2024-Q4,50459.0,Subscriptions,2024,Q4
Spain,Subscriptions,Fixed wireless access,Fixed broadband,2018-Q2,181502.0,Subscriptions,2018,Q2
Spain,Subscriptions,Fixed wireless access,Fixed broadband,2018-Q4,192022.0,Subscriptions,2018,Q4
Spain,Subscriptions,Fixed wireless access,Fixed broadband,2019-Q2,251519.0,Subscriptions,2019,Q2
Spain,Subscriptions,Fixed wireless access,Fixed broadband,2019-Q4,262897.0,Subscriptions,2019,Q4
Spain,Subscriptions,Fixed wireless access,Fixed broadband,2020-Q2,272985.0,Subscriptions,2020,Q2
Spain,Subscriptions,Fixed wireless access,Fixed broadband,2020-Q4,271587.0,Subscriptions,2020,Q4
Spain,Subscriptions,Fixed wireless access,Fixed broadband,2021-Q2,265512.0,Subscriptions,2021,Q2
Spain,Subscriptions,Fixed wireless access,Fixed broadband,2021-Q4,253829.0,Subscriptions,2021,Q4
Spain,Subscriptions,Fixed wireless access,Fixed broadband,2022-Q2,266345.0,Subscriptions,2022,Q2
Spain,Subscriptions,Fixed wireless access,Fixed broadband,2022-Q4,298040.0,Subscriptions,2022,Q4
Spain,Subscriptions,Fixed wireless access,Fixed broadband,2023-Q2,521381.0,Subscriptions,2023,Q2
Spain,Subscriptions,Fixed wireless access,Fixed broadband,2023-Q4,533936.0,Subscriptions,2023,Q4
Spain,Subscriptions,Fixed wireless access,Fixed broadband,2024-Q2,583771.0,Subscriptions,2024,Q2
Spain,Subscriptions,Fixed wireless access,Fixed broadband,2024-Q4,634546.0,Subscriptions,2024,Q4
Sweden,Subscriptions,Fixed wireless access,Fixed broadband,2018-Q2,9789.0,Subscriptions,2018,Q2
Sweden,Subscriptions,Fixed wireless access,Fixed broadband,2018-Q4,6685.0,Subscriptions,2018,Q4
Sweden,Subscriptions,Fixed wireless access,Fixed broadband,2019-Q2,6673.0,Subscriptions,2019,Q2
Sweden,Subscriptions,Fixed wireless access,Fixed broadband,2019-Q4,6687.0,Subscriptions,2019,Q4
Sweden,Subscriptions,Fixed wireless access,Fixed broadband,2020-Q2,6172.0,Subscriptions,2020,Q2
Sweden,Subscriptions,Fixed wireless access,Fixed broadband,2020-Q4,7738.0,Subscriptions,2020,Q4
Sweden,Subscriptions,Fixed wireless access,Fixed broadband,2021-Q2,7719.0,Subscriptions,2021,Q2
Sweden,Subscriptions,Fixed wireless access,Fixed broadband,2021-Q4,7282.0,Subscriptions,2021,Q4
Sweden,Subscriptions,Fixed wireless access,Fixed broadband,2022-Q2,8011.0,Subscriptions,2022,Q2
Sweden,Subscriptions,Fixed wireless access,Fixed broadband,2022-Q4,7735.0,Subscriptions,2022,Q4
Sweden,Subscriptions,Fixed wireless access,Fixed broadband,2023-Q2,8074.0,Subscriptions,2023,Q2
Sweden,Subscriptions,Fixed wireless access,Fixed broadband,2023-Q4,296500.0,Subscriptions,2023,Q4
Sweden,Subscriptions,Fixed wireless access,Fixed broadband,2024-Q2,310604.0,Subscriptions,2024,Q2
Sweden,Subscriptions,Fixed wireless access,Fixed broadband,2024-Q4,356239.0,Subscriptions,2024,Q4
Switzerland,Subscriptions,Fixed wireless access,Fixed broadband,2018-Q2,203.0,Subscriptions,2018,Q2
Switzerland,Subscriptions,Fixed wireless access,Fixed broadband,2018-Q4,199.0,Subscriptions,2018,Q4
Switzerland,Subscriptions,Fixed wireless access,Fixed broadband,2019-Q2,176.0,Subscriptions,2019,Q2
Switzerland,Subscriptions,Fixed wireless access,Fixed broadband,2019-Q4,152.0,Subscriptions,2019,Q4
Switzerland,Subscriptions,Fixed wireless access,Fixed broadband,2020-Q2,81.0,Subscriptions,2020,Q2
Switzerland,Subscriptions,Fixed wireless access,Fixed broadband,2020-Q4,9.0,Subscriptions,2020,Q4
Switzerland,Subscriptions,Fixed wireless access,Fixed broadband,2021-Q2,5.0,Subscriptions,2021,Q2
Switzerland,Subscriptions,Fixed wireless access,Fixed broadband,2022-Q2,3.0,Subscriptions,2022,Q2
Switzerland,Subscriptions,Fixed wireless access,Fixed broadband,2022-Q4,6.0,Subscriptions,2022,Q4
United Kingdom,Subscriptions,Fixed wireless access,Fixed broadband,2021-Q2,1950.0,Subscriptions,2021,Q2
United Kingdom,Subscriptions,Fixed wireless access,Fixed broadband,2021-Q4,52071.0,Subscriptions,2021,Q4
United Kingdom,Subscriptions,Fixed wireless access,Fixed broadband,2022-Q2,215180.0,Subscriptions,2022,Q2
United Kingdom,Subscriptions,Fixed wireless access,Fixed broadband,2022-Q4,197910.0,Subscriptions,2022,Q4
United Kingdom,Subscriptions,Fixed wireless access,Fixed broadband,2023-Q2,412635.0,Subscriptions,2023,Q2
United Kingdom,Subscriptions,Fixed wireless access,Fixed broadband,2023-Q4,483456.0,Subscriptions,2023,Q4
United Kingdom,Subscriptions,Fixed wireless access,Fixed broadband,2024-Q2,538203.0,Subscriptions,2024,Q2
United Kingdom,Subscriptions,Fixed wireless access,Fixed broadband,2024-Q4,604592.0,Subscriptions,2024,Q4
United States,Subscriptions,Fixed wireless access,Fixed broadband,2018-Q2,1413000.0,Subscriptions,2018,Q2
United States,Subscriptions,Fixed wireless access,Fixed broadband,2018-Q4,1464000.0,Subscriptions,2018,Q4
United States,Subscriptions,Fixed wireless access,Fixed broadband,2019-Q2,1567000.0,Subscriptions,2019,Q2
United States,Subscriptions,Fixed wireless access,Fixed broadband,2019-Q4,1660000.0,Subscriptions,2019,Q4
United States,Subscriptions,Fixed wireless access,Fixed broadband,2020-Q2,1838000.0,Subscriptions,2020,Q2
United States,Subscriptions,Fixed wireless access,Fixed broadband,2020-Q4,2054000.0,Subscriptions,2020,Q4
United States,Subscriptions,Fixed wireless access,Fixed broadband,2021-Q2,2430000.0,Subscriptions,2021,Q2
United States,Subscriptions,Fixed wireless access,Fixed broadband,2021-Q4,2912000.0,Subscriptions,2021,Q4
United States,Subscriptions,Fixed wireless access,Fixed broadband,2022-Q2,3659000.0,Subscriptions,2022,Q2
United States,Subscriptions,Fixed wireless access,Fixed broadband,2022-Q4,4831000.0,Subscriptions,2022,Q4
United States,Subscriptions,Fixed wireless access,Fixed broadband,2023-Q2,6432000.0,Subscriptions,2023,Q2
United States,Subscriptions,Fixed wireless access,Fixed broadband,2023-Q4,7748000.0,Subscriptions,2023,Q4
United States,Subscriptions,Fixed wireless access,Fixed broadband,2024-Q2,8931000.0,Subscriptions,2024,Q2
United States,Subscriptions,Fixed wireless access,Fixed broadband,2024-Q4,9850000.0,Subscriptions,2024,Q4
OECD,Subscriptions,Fixed wireless access,Fixed broadband,2018-Q2,7651189.0,Subscriptions,2018,Q2
OECD,Subscriptions,Fixed wireless access,Fixed broadband,2018-Q4,8148650.0,Subscriptions,2018,Q4
OECD,Subscriptions,Fixed wireless access,Fixed broadband,2019-Q2,8683322.0,Subscriptions,2019,Q2
OECD,Subscriptions,Fixed wireless access,Fixed broadband,2019-Q4,9390360.0,Subscriptions,2019,Q4
OECD,Subscriptions,Fixed wireless access,Fixed broadband,2020-Q2,10077747.0,Subscriptions,2020,Q2
OECD,Subscriptions,Fixed wireless access,Fixed broadband,2020-Q4,10596745.0,Subscriptions,2020,Q4
OECD,Subscriptions,Fixed wireless access,Fixed broadband,2021-Q2,11349659.0,Subscriptions,2021,Q2
OECD,Subscriptions,Fixed wireless access,Fixed broadband,2021-Q4,12079267.0,Subscriptions,2021,Q4
OECD,Subscriptions,Fixed wireless access,Fixed broadband,2022-Q2,13112429.0,Subscriptions,2022,Q2
OECD,Subscriptions,Fixed wireless access,Fixed broadband,2022-Q4,15458155.0,Subscriptions,2022,Q4
OECD,Subscriptions,Fixed wireless access,Fixed broadband,2023-Q2,21804831.0,Subscriptions,2023,Q2
OECD,Subscriptions,Fixed wireless access,Fixed broadband,2023-Q4,23985535.0,Subscriptions,2023,Q4
OECD,Subscriptions,Fixed wireless access,Fixed broadband,2024-Q2,25613233.0,Subscriptions,2024,Q2
OECD,Subscriptions,Fixed wireless access,Fixed broadband,2024-Q4,27194373.0,Subscriptions,2024,Q4
Brazil,Subscriptions,Fixed wireless access,Fixed broadband,2018-Q2,2970212.0,Subscriptions,2018,Q2
Brazil,Subscriptions,Fixed wireless access,Fixed broadband,2018-Q4,2681081.0,Subscriptions,2018,Q4
Brazil,Subscriptions,Fixed wireless access,Fixed broadband,2019-Q2,2633086.0,Subscriptions,2019,Q2
Brazil,Subscriptions,Fixed wireless access,Fixed broadband,2019-Q4,2477298.0,Subscriptions,2019,Q4
Brazil,Subscriptions,Fixed wireless access,Fixed broadband,2020-Q2,2392211.0,Subscriptions,2020,Q2
Brazil,Subscriptions,Fixed wireless access,Fixed broadband,2020-Q4,2339155.0,Subscriptions,2020,Q4
Brazil,Subscriptions,Fixed wireless access,Fixed broadband,2021-Q2,1809489.0,Subscriptions,2021,Q2
Brazil,Subscriptions,Fixed wireless access,Fixed broadband,2021-Q4,1768430.0,Subscriptions,2021,Q4
Brazil,Subscriptions,Fixed wireless access,Fixed broadband,2022-Q2,1657653.0,Subscriptions,2022,Q2
Brazil,Subscriptions,Fixed wireless access,Fixed broadband,2022-Q4,1586415.0,Subscriptions,2022,Q4
Brazil,Subscriptions,Fixed wireless access,Fixed broadband,2023-Q2,1399935.0,Subscriptions,2023,Q2
Brazil,Subscriptions,Fixed wireless access,Fixed broadband,2023-Q4,1463035.0,Subscriptions,2023,Q4
Brazil,Subscriptions,Fixed wireless access,Fixed broadband,2024-Q2,1514491.0,Subscriptions,2024,Q2
Brazil,Subscriptions,Fixed wireless access,Fixed broadband,2024-Q4,1559209.0,Subscriptions,2024,Q4
Bulgaria,Subscriptions,Fixed wireless access,Fixed broadband,2018-Q2,111497.0,Subscriptions,2018,Q2
Bulgaria,Subscriptions,Fixed wireless access,Fixed broadband,2018-Q4,128673.0,Subscriptions,2018,Q4
Bulgaria,Subscriptions,Fixed wireless access,Fixed broadband,2019-Q2,138633.0,Subscriptions,2019,Q2
Bulgaria,Subscriptions,Fixed wireless access,Fixed broadband,2019-Q4,152717.0,Subscriptions,2019,Q4
Bulgaria,Subscriptions,Fixed wireless access,Fixed broadband,2020-Q2,164522.0,Subscriptions,2020,Q2
Bulgaria,Subscriptions,Fixed wireless access,Fixed broadband,2020-Q4,186241.0,Subscriptions,2020,Q4
Bulgaria,Subscriptions,Fixed wireless access,Fixed broadband,2021-Q2,213020.0,Subscriptions,2021,Q2
Bulgaria,Subscriptions,Fixed wireless access,Fixed broadband,2021-Q4,247796.0,Subscriptions,2021,Q4
Bulgaria,Subscriptions,Fixed wireless access,Fixed broadband,2022-Q2,277670.0,Subscriptions,2022,Q2
Bulgaria,Subscriptions,Fixed wireless access,Fixed broadband,2022-Q4,329991.0,Subscriptions,2022,Q4
Bulgaria,Subscriptions,Fixed wireless access,Fixed broadband,2023-Q2,377752.0,Subscriptions,2023,Q2
Bulgaria,Subscriptions,Fixed wireless access,Fixed broadband,2023-Q4,430433.0,Subscriptions,2023,Q4
Bulgaria,Subscriptions,Fixed wireless access,Fixed broadband,2024-Q2,470674.0,Subscriptions,2024,Q2
Bulgaria,Subscriptions,Fixed wireless access,Fixed broadband,2024-Q4,539546.0,Subscriptions,2024,Q4
Croatia,Subscriptions,Fixed wireless access,Fixed broadband,2018-Q4,126777.0,Subscriptions,2018,Q4
Croatia,Subscriptions,Fixed wireless access,Fixed broadband,2019-Q4,155091.0,Subscriptions,2019,Q4
Croatia,Subscriptions,Fixed wireless access,Fixed broadband,2020-Q4,28830.0,Subscriptions,2020,Q4
Croatia,Subscriptions,Fixed wireless access,Fixed broadband,2021-Q4,28141.0,Subscriptions,2021,Q4
Croatia,Subscriptions,Fixed wireless access,Fixed broadband,2022-Q4,34129.0,Subscriptions,2022,Q4
Croatia,Subscriptions,Fixed wireless access,Fixed broadband,2023-Q2,35492.0,Subscriptions,2023,Q2
Croatia,Subscriptions,Fixed wireless access,Fixed broadband,2023-Q4,36326.0,Subscriptions,2023,Q4
Croatia,Subscriptions,Fixed wireless access,Fixed broadband,2024-Q2,51608.0,Subscriptions,2024,Q2
Croatia,Subscriptions,Fixed wireless access,Fixed broadband,2024-Q4,299906.0,Subscriptions,2024,Q4
Peru,Subscriptions,Fixed wireless access,Fixed broadband,2018-Q4,15841.0,Subscriptions,2018,Q4
Peru,Subscriptions,Fixed wireless access,Fixed broadband,2019-Q4,2052.0,Subscriptions,2019,Q4
Peru,Subscriptions,Fixed wireless access,Fixed broadband,2020-Q4,1443.0,Subscriptions,2020,Q4
Peru,Subscriptions,Fixed wireless access,Fixed broadband,2021-Q4,1191.0,Subscriptions,2021,Q4
Peru,Subscriptions,Fixed wireless access,Fixed broadband,2022-Q4,703.0,Subscriptions,2022,Q4
Peru,Subscriptions,Fixed wireless access,Fixed broadband,2023-Q4,327.0,Subscriptions,2023,Q4
Peru,Subscriptions,Fixed wireless access,Fixed broadband,2024-Q4,218.0,Subscriptions,2024,Q4
Romania,Subscriptions,Fixed wireless access,Fixed broadband,2018-Q2,24863.0,Subscriptions,2018,Q2
Romania,Subscriptions,Fixed wireless access,Fixed broadband,2018-Q4,24258.0,Subscriptions,2018,Q4
Romania,Subscriptions,Fixed wireless access,Fixed broadband,2019-Q2,23792.0,Subscriptions,2019,Q2
Romania,Subscriptions,Fixed wireless access,Fixed broadband,2019-Q4,22262.0,Subscriptions,2019,Q4
Romania,Subscriptions,Fixed wireless access,Fixed broadband,2020-Q2,20490.0,Subscriptions,2020,Q2
Romania,Subscriptions,Fixed wireless access,Fixed broadband,2020-Q4,27610.0,Subscriptions,2020,Q4
Romania,Subscriptions,Fixed wireless access,Fixed broadband,2021-Q2,18724.0,Subscriptions,2021,Q2
Romania,Subscriptions,Fixed wireless access,Fixed broadband,2021-Q4,18273.0,Subscriptions,2021,Q4
Romania,Subscriptions,Fixed wireless access,Fixed broadband,2022-Q2,17927.0,Subscriptions,2022,Q2
Romania,Subscriptions,Fixed wireless access,Fixed broadband,2022-Q4,20457.0,Subscriptions,2022,Q4
Romania,Subscriptions,Fixed wireless access,Fixed broadband,2023-Q2,20850.0,Subscriptions,2023,Q2
Romania,Subscriptions,Fixed wireless access,Fixed broadband,2023-Q4,18444.0,Subscriptions,2023,Q4
Romania,Subscriptions,Fixed wireless access,Fixed broadband,2024-Q2,26768.0,Subscriptions,2024,Q2
Romania,Subscriptions,Fixed wireless access,Fixed broadband,2024-Q4,26722.0,Subscriptions,2024,Q4
Australia,Subscriptions,Data and Voice,Mobile broadband,2018-Q2,26981000.0,Subscriptions,2018,Q2
Australia,Subscriptions,Data and Voice,Mobile broadband,2018-Q4,24298000.0,Subscriptions,2018,Q4
Australia,Subscriptions,Data and Voice,Mobile broadband,2019-Q2,27535000.0,Subscriptions,2019,Q2
Australia,Subscriptions,Data and Voice,Mobile broadband,2019-Q4,27969000.0,Subscriptions,2019,Q4
Australia,Subscriptions,Data and Voice,Mobile broadband,2020-Q2,27452000.0,Subscriptions,2020,Q2
Australia,Subscriptions,Data and Voice,Mobile broadband,2020-Q4,27013000.0,Subscriptions,2020,Q4
Australia,Subscriptions,Data and Voice,Mobile broadband,2021-Q2,27092000.0,Subscriptions,2021,Q2
Australia,Subscriptions,Data and Voice,Mobile broadband,2021-Q4,27286000.0,Subscriptions,2021,Q4
Australia,Subscriptions,Data and Voice,Mobile broadband,2022-Q2,28018000.0,Subscriptions,2022,Q2
Australia,Subscriptions,Data and Voice,Mobile broadband,2022-Q4,28681000.0,Subscriptions,2022,Q4
Australia,Subscriptions,Data and Voice,Mobile broadband,2023-Q2,29130000.0,Subscriptions,2023,Q2
Australia,Subscriptions,Data and Voice,Mobile broadband,2023-Q4,29736000.0,Subscriptions,2023,Q4
Australia,Subscriptions,Data and Voice,Mobile broadband,2024-Q2,30136000.0,Subscriptions,2024,Q2
Australia,Subscriptions,Data and Voice,Mobile broadband,2024-Q4,30375000.0,Subscriptions,2024,Q4
Austria,Subscriptions,Data and Voice,Mobile broadband,2018-Q2,5472307.0,Subscriptions,2018,Q2
Austria,Subscriptions,Data and Voice,Mobile broadband,2018-Q4,5657891.0,Subscriptions,2018,Q4
Austria,Subscriptions,Data and Voice,Mobile broadband,2019-Q2,7362492.0,Subscriptions,2019,Q2
Austria,Subscriptions,Data and Voice,Mobile broadband,2019-Q4,7657768.0,Subscriptions,2019,Q4
Austria,Subscriptions,Data and Voice,Mobile broadband,2020-Q2,7721416.0,Subscriptions,2020,Q2
Austria,Subscriptions,Data and Voice,Mobile broadband,2020-Q4,7952238.0,Subscriptions,2020,Q4
Austria,Subscriptions,Data and Voice,Mobile broadband,2021-Q2,8102768.0,Subscriptions,2021,Q2
Austria,Subscriptions,Data and Voice,Mobile broadband,2021-Q4,8379946.0,Subscriptions,2021,Q4
Austria,Subscriptions,Data and Voice,Mobile broadband,2022-Q2,8370598.0,Subscriptions,2022,Q2
Austria,Subscriptions,Data and Voice,Mobile broadband,2022-Q4,8566480.0,Subscriptions,2022,Q4
Austria,Subscriptions,Data and Voice,Mobile broadband,2023-Q2,9045288.0,Subscriptions,2023,Q2
Austria,Subscriptions,Data and Voice,Mobile broadband,2023-Q4,9147142.0,Subscriptions,2023,Q4
Austria,Subscriptions,Data and Voice,Mobile broadband,2024-Q2,9251882.0,Subscriptions,2024,Q2
Austria,Subscriptions,Data and Voice,Mobile broadband,2024-Q4,9276835.0,Subscriptions,2024,Q4
Belgium,Subscriptions,Data and Voice,Mobile broadband,2018-Q2,7865406.0,Subscriptions,2018,Q2
Belgium,Subscriptions,Data and Voice,Mobile broadband,2018-Q4,8122930.0,Subscriptions,2018,Q4
Belgium,Subscriptions,Data and Voice,Mobile broadband,2019-Q2,8356437.0,Subscriptions,2019,Q2
Belgium,Subscriptions,Data and Voice,Mobile broadband,2019-Q4,9442929.0,Subscriptions,2019,Q4
Belgium,Subscriptions,Data and Voice,Mobile broadband,2020-Q2,9400862.0,Subscriptions,2020,Q2
Belgium,Subscriptions,Data and Voice,Mobile broadband,2020-Q4,9695925.0,Subscriptions,2020,Q4
Belgium,Subscriptions,Data and Voice,Mobile broadband,2021-Q2,9808068.0,Subscriptions,2021,Q2
Belgium,Subscriptions,Data and Voice,Mobile broadband,2021-Q4,10146573.0,Subscriptions,2021,Q4
Belgium,Subscriptions,Data and Voice,Mobile broadband,2022-Q2,10277592.0,Subscriptions,2022,Q2
Belgium,Subscriptions,Data and Voice,Mobile broadband,2022-Q4,10300098.0,Subscriptions,2022,Q4
Belgium,Subscriptions,Data and Voice,Mobile broadband,2023-Q2,10429330.0,Subscriptions,2023,Q2
Belgium,Subscriptions,Data and Voice,Mobile broadband,2023-Q4,10591474.0,Subscriptions,2023,Q4
Belgium,Subscriptions,Data and Voice,Mobile broadband,2024-Q2,10658981.0,Subscriptions,2024,Q2
Belgium,Subscriptions,Data and Voice,Mobile broadband,2024-Q4,10718502.0,Subscriptions,2024,Q4
Canada,Subscriptions,Data and Voice,Mobile broadband,2018-Q2,25011638.0,Subscriptions,2018,Q2
Canada,Subscriptions,Data and Voice,Mobile broadband,2018-Q4,25816843.0,Subscriptions,2018,Q4
Canada,Subscriptions,Data and Voice,Mobile broadband,2019-Q2,26489291.0,Subscriptions,2019,Q2
Canada,Subscriptions,Data and Voice,Mobile broadband,2019-Q4,28256386.0,Subscriptions,2019,Q4
Canada,Subscriptions,Data and Voice,Mobile broadband,2020-Q2,26639585.0,Subscriptions,2020,Q2
Canada,Subscriptions,Data and Voice,Mobile broadband,2020-Q4,26738378.0,Subscriptions,2020,Q4
Canada,Subscriptions,Data and Voice,Mobile broadband,2021-Q2,27181493.0,Subscriptions,2021,Q2
Canada,Subscriptions,Data and Voice,Mobile broadband,2021-Q4,28347486.0,Subscriptions,2021,Q4
Canada,Subscriptions,Data and Voice,Mobile broadband,2022-Q2,29409659.0,Subscriptions,2022,Q2
Canada,Subscriptions,Data and Voice,Mobile broadband,2022-Q4,30978377.0,Subscriptions,2022,Q4
Canada,Subscriptions,Data and Voice,Mobile broadband,2023-Q2,31166763.0,Subscriptions,2023,Q2
Canada,Subscriptions,Data and Voice,Mobile broadband,2023-Q4,32730629.0,Subscriptions,2023,Q4
Canada,Subscriptions,Data and Voice,Mobile broadband,2024-Q2,33498772.0,Subscriptions,2024,Q2
Canada,Subscriptions,Data and Voice,Mobile broadband,2024-Q4,34368570.0,Subscriptions,2024,Q4
Chile,Subscriptions,Data and Voice,Mobile broadband,2018-Q2,16197124.0,Subscriptions,2018,Q2
Chile,Subscriptions,Data and Voice,Mobile broadband,2018-Q4,16414065.0,Subscriptions,2018,Q4
Chile,Subscriptions,Data and Voice,Mobile broadband,2019-Q2,17021600.0,Subscriptions,2019,Q2
Chile,Subscriptions,Data and Voice,Mobile broadband,2019-Q4,17435976.0,Subscriptions,2019,Q4
Chile,Subscriptions,Data and Voice,Mobile broadband,2020-Q2,17438354.0,Subscriptions,2020,Q2
Chile,Subscriptions,Data and Voice,Mobile broadband,2020-Q4,18602530.0,Subscriptions,2020,Q4
Chile,Subscriptions,Data and Voice,Mobile broadband,2021-Q2,19599382.0,Subscriptions,2021,Q2
Chile,Subscriptions,Data and Voice,Mobile broadband,2021-Q4,20402935.0,Subscriptions,2021,Q4
Chile,Subscriptions,Data and Voice,Mobile broadband,2022-Q2,20614361.0,Subscriptions,2022,Q2
Chile,Subscriptions,Data and Voice,Mobile broadband,2022-Q4,20725871.0,Subscriptions,2022,Q4
Chile,Subscriptions,Data and Voice,Mobile broadband,2023-Q2,20623983.0,Subscriptions,2023,Q2
Chile,Subscriptions,Data and Voice,Mobile broadband,2023-Q4,20751048.0,Subscriptions,2023,Q4
Chile,Subscriptions,Data and Voice,Mobile broadband,2024-Q2,20742771.0,Subscriptions,2024,Q2
Chile,Subscriptions,Data and Voice,Mobile broadband,2024-Q4,20417350.0,Subscriptions,2024,Q4
Colombia,Subscriptions,Data and Voice,Mobile broadband,2018-Q2,23451748.0,Subscriptions,2018,Q2
Colombia,Subscriptions,Data and Voice,Mobile broadband,2018-Q4,25388123.0,Subscriptions,2018,Q4
Colombia,Subscriptions,Data and Voice,Mobile broadband,2019-Q2,25982034.0,Subscriptions,2019,Q2
Colombia,Subscriptions,Data and Voice,Mobile broadband,2019-Q4,29127543.0,Subscriptions,2019,Q4
Colombia,Subscriptions,Data and Voice,Mobile broadband,2020-Q2,27790970.0,Subscriptions,2020,Q2
Colombia,Subscriptions,Data and Voice,Mobile broadband,2020-Q4,31013726.0,Subscriptions,2020,Q4
Colombia,Subscriptions,Data and Voice,Mobile broadband,2021-Q2,32341812.0,Subscriptions,2021,Q2
Colombia,Subscriptions,Data and Voice,Mobile broadband,2021-Q4,36267257.0,Subscriptions,2021,Q4
Colombia,Subscriptions,Data and Voice,Mobile broadband,2022-Q2,41360130.0,Subscriptions,2022,Q2
Colombia,Subscriptions,Data and Voice,Mobile broadband,2022-Q4,43597160.0,Subscriptions,2022,Q4
Colombia,Subscriptions,Data and Voice,Mobile broadband,2023-Q2,44018025.0,Subscriptions,2023,Q2
Colombia,Subscriptions,Data and Voice,Mobile broadband,2023-Q4,46423722.0,Subscriptions,2023,Q4
Colombia,Subscriptions,Data and Voice,Mobile broadband,2024-Q2,46640576.0,Subscriptions,2024,Q2
Colombia,Subscriptions,Data and Voice,Mobile broadband,2024-Q4,48723177.0,Subscriptions,2024,Q4
Costa Rica,Subscriptions,Data and Voice,Mobile broadband,2018-Q2,4923982.0,Subscriptions,2018,Q2
Costa Rica,Subscriptions,Data and Voice,Mobile broadband,2018-Q4,4961658.0,Subscriptions,2018,Q4
Costa Rica,Subscriptions,Data and Voice,Mobile broadband,2019-Q2,4393097.0,Subscriptions,2019,Q2
Costa Rica,Subscriptions,Data and Voice,Mobile broadband,2019-Q4,4516462.0,Subscriptions,2019,Q4
Costa Rica,Subscriptions,Data and Voice,Mobile broadband,2020-Q2,4571234.0,Subscriptions,2020,Q2
Costa Rica,Subscriptions,Data and Voice,Mobile broadband,2020-Q4,4603552.0,Subscriptions,2020,Q4
Costa Rica,Subscriptions,Data and Voice,Mobile broadband,2021-Q2,4587682.0,Subscriptions,2021,Q2
Costa Rica,Subscriptions,Data and Voice,Mobile broadband,2021-Q4,4776933.0,Subscriptions,2021,Q4
Costa Rica,Subscriptions,Data and Voice,Mobile broadband,2022-Q2,4738416.0,Subscriptions,2022,Q2
Costa Rica,Subscriptions,Data and Voice,Mobile broadband,2022-Q4,4875293.0,Subscriptions,2022,Q4
Costa Rica,Subscriptions,Data and Voice,Mobile broadband,2023-Q2,4887227.0,Subscriptions,2023,Q2
Costa Rica,Subscriptions,Data and Voice,Mobile broadband,2023-Q4,5047834.0,Subscriptions,2023,Q4
Costa Rica,Subscriptions,Data and Voice,Mobile broadband,2024-Q2,5015064.0,Subscriptions,2024,Q2
Costa Rica,Subscriptions,Data and Voice,Mobile broadband,2024-Q4,5176663.0,Subscriptions,2024,Q4
Czechia,Subscriptions,Data and Voice,Mobile broadband,2018-Q2,8119380.0,Subscriptions,2018,Q2
Czechia,Subscriptions,Data and Voice,Mobile broadband,2018-Q4,8333355.0,Subscriptions,2018,Q4
Czechia,Subscriptions,Data and Voice,Mobile broadband,2019-Q2,9027627.0,Subscriptions,2019,Q2
Czechia,Subscriptions,Data and Voice,Mobile broadband,2019-Q4,9371850.0,Subscriptions,2019,Q4
Czechia,Subscriptions,Data and Voice,Mobile broadband,2020-Q2,9389905.0,Subscriptions,2020,Q2
Czechia,Subscriptions,Data and Voice,Mobile broadband,2020-Q4,9718362.0,Subscriptions,2020,Q4
Czechia,Subscriptions,Data and Voice,Mobile broadband,2021-Q2,10072929.0,Subscriptions,2021,Q2
Czechia,Subscriptions,Data and Voice,Mobile broadband,2021-Q4,10084705.0,Subscriptions,2021,Q4
Czechia,Subscriptions,Data and Voice,Mobile broadband,2022-Q2,10444839.0,Subscriptions,2022,Q2
Czechia,Subscriptions,Data and Voice,Mobile broadband,2022-Q4,10709224.0,Subscriptions,2022,Q4
Czechia,Subscriptions,Data and Voice,Mobile broadband,2023-Q2,10787078.0,Subscriptions,2023,Q2
Czechia,Subscriptions,Data and Voice,Mobile broadband,2023-Q4,11160166.0,Subscriptions,2023,Q4
Czechia,Subscriptions,Data and Voice,Mobile broadband,2024-Q2,11152208.0,Subscriptions,2024,Q2
Czechia,Subscriptions,Data and Voice,Mobile broadband,2024-Q4,11279635.0,Subscriptions,2024,Q4
Denmark,Subscriptions,Data and Voice,Mobile broadband,2018-Q2,6583483.0,Subscriptions,2018,Q2
Denmark,Subscriptions,Data and Voice,Mobile broadband,2018-Q4,6910411.0,Subscriptions,2018,Q4
Denmark,Subscriptions,Data and Voice,Mobile broadband,2019-Q2,6861299.0,Subscriptions,2019,Q2
Denmark,Subscriptions,Data and Voice,Mobile broadband,2019-Q4,6799330.0,Subscriptions,2019,Q4
Denmark,Subscriptions,Data and Voice,Mobile broadband,2020-Q2,6758219.0,Subscriptions,2020,Q2
Denmark,Subscriptions,Data and Voice,Mobile broadband,2020-Q4,6869930.0,Subscriptions,2020,Q4
Denmark,Subscriptions,Data and Voice,Mobile broadband,2021-Q2,6927874.0,Subscriptions,2021,Q2
Denmark,Subscriptions,Data and Voice,Mobile broadband,2021-Q4,7113499.0,Subscriptions,2021,Q4
Denmark,Subscriptions,Data and Voice,Mobile broadband,2022-Q2,7282342.0,Subscriptions,2022,Q2
Denmark,Subscriptions,Data and Voice,Mobile broadband,2022-Q4,7128884.0,Subscriptions,2022,Q4
Denmark,Subscriptions,Data and Voice,Mobile broadband,2023-Q2,7363278.0,Subscriptions,2023,Q2
Denmark,Subscriptions,Data and Voice,Mobile broadband,2023-Q4,7487836.0,Subscriptions,2023,Q4
Denmark,Subscriptions,Data and Voice,Mobile broadband,2024-Q2,7520854.0,Subscriptions,2024,Q2
Denmark,Subscriptions,Data and Voice,Mobile broadband,2024-Q4,7556556.0,Subscriptions,2024,Q4
Estonia,Subscriptions,Data and Voice,Mobile broadband,2018-Q2,1120029.0,Subscriptions,2018,Q2
Estonia,Subscriptions,Data and Voice,Mobile broadband,2018-Q4,1153941.0,Subscriptions,2018,Q4
Estonia,Subscriptions,Data and Voice,Mobile broadband,2019-Q2,1196237.0,Subscriptions,2019,Q2
Estonia,Subscriptions,Data and Voice,Mobile broadband,2019-Q4,2096145.0,Subscriptions,2019,Q4
Estonia,Subscriptions,Data and Voice,Mobile broadband,2020-Q2,1257025.0,Subscriptions,2020,Q2
Estonia,Subscriptions,Data and Voice,Mobile broadband,2020-Q4,2106318.0,Subscriptions,2020,Q4
Estonia,Subscriptions,Data and Voice,Mobile broadband,2021-Q2,1435054.0,Subscriptions,2021,Q2
Estonia,Subscriptions,Data and Voice,Mobile broadband,2021-Q4,2311904.0,Subscriptions,2021,Q4
Estonia,Subscriptions,Data and Voice,Mobile broadband,2022-Q2,2305087.0,Subscriptions,2022,Q2
Estonia,Subscriptions,Data and Voice,Mobile broadband,2022-Q4,2343641.0,Subscriptions,2022,Q4
Estonia,Subscriptions,Data and Voice,Mobile broadband,2023-Q2,2172926.0,Subscriptions,2023,Q2
Estonia,Subscriptions,Data and Voice,Mobile broadband,2023-Q4,2047125.0,Subscriptions,2023,Q4
Estonia,Subscriptions,Data and Voice,Mobile broadband,2024-Q2,2006692.0,Subscriptions,2024,Q2
Estonia,Subscriptions,Data and Voice,Mobile broadband,2024-Q4,2056218.0,Subscriptions,2024,Q4
Finland,Subscriptions,Data and Voice,Mobile broadband,2018-Q2,6220000.0,Subscriptions,2018,Q2
Finland,Subscriptions,Data and Voice,Mobile broadband,2018-Q4,6300000.0,Subscriptions,2018,Q4
Finland,Subscriptions,Data and Voice,Mobile broadband,2019-Q2,6320000.0,Subscriptions,2019,Q2
Finland,Subscriptions,Data and Voice,Mobile broadband,2019-Q4,6460000.0,Subscriptions,2019,Q4
Finland,Subscriptions,Data and Voice,Mobile broadband,2020-Q2,6480000.0,Subscriptions,2020,Q2
Finland,Subscriptions,Data and Voice,Mobile broadband,2020-Q4,6500000.0,Subscriptions,2020,Q4
Finland,Subscriptions,Data and Voice,Mobile broadband,2021-Q2,6530000.0,Subscriptions,2021,Q2
Finland,Subscriptions,Data and Voice,Mobile broadband,2021-Q4,6610000.0,Subscriptions,2021,Q4
Finland,Subscriptions,Data and Voice,Mobile broadband,2022-Q2,6630000.0,Subscriptions,2022,Q2
Finland,Subscriptions,Data and Voice,Mobile broadband,2022-Q4,6750000.0,Subscriptions,2022,Q4
Finland,Subscriptions,Data and Voice,Mobile broadband,2023-Q2,6810000.0,Subscriptions,2023,Q2
Finland,Subscriptions,Data and Voice,Mobile broadband,2023-Q4,6820000.0,Subscriptions,2023,Q4
Finland,Subscriptions,Data and Voice,Mobile broadband,2024-Q2,6800000.0,Subscriptions,2024,Q2
Finland,Subscriptions,Data and Voice,Mobile broadband,2024-Q4,6770000.0,Subscriptions,2024,Q4
France,Subscriptions,Data and Voice,Mobile broadband,2018-Q2,53867000.0,Subscriptions,2018,Q2
France,Subscriptions,Data and Voice,Mobile broadband,2018-Q4,55981000.0,Subscriptions,2018,Q4
France,Subscriptions,Data and Voice,Mobile broadband,2019-Q2,57767000.0,Subscriptions,2019,Q2
France,Subscriptions,Data and Voice,Mobile broadband,2019-Q4,59870000.0,Subscriptions,2019,Q4
France,Subscriptions,Data and Voice,Mobile broadband,2020-Q2,59443000.0,Subscriptions,2020,Q2
France,Subscriptions,Data and Voice,Mobile broadband,2020-Q4,61292000.0,Subscriptions,2020,Q4
France,Subscriptions,Data and Voice,Mobile broadband,2021-Q2,62965000.0,Subscriptions,2021,Q2
France,Subscriptions,Data and Voice,Mobile broadband,2021-Q4,64237000.0,Subscriptions,2021,Q4
France,Subscriptions,Data and Voice,Mobile broadband,2022-Q2,64647000.0,Subscriptions,2022,Q2
France,Subscriptions,Data and Voice,Mobile broadband,2022-Q4,65565000.0,Subscriptions,2022,Q4
France,Subscriptions,Data and Voice,Mobile broadband,2023-Q2,66792000.0,Subscriptions,2023,Q2
France,Subscriptions,Data and Voice,Mobile broadband,2023-Q4,68404000.0,Subscriptions,2023,Q4
France,Subscriptions,Data and Voice,Mobile broadband,2024-Q2,68896000.0,Subscriptions,2024,Q2
France,Subscriptions,Data and Voice,Mobile broadband,2024-Q4,70807000.0,Subscriptions,2024,Q4
Germany,Subscriptions,Data and Voice,Mobile broadband,2018-Q2,63312571.0,Subscriptions,2018,Q2
Germany,Subscriptions,Data and Voice,Mobile broadband,2018-Q4,65015849.0,Subscriptions,2018,Q4
Germany,Subscriptions,Data and Voice,Mobile broadband,2019-Q2,67146540.0,Subscriptions,2019,Q2
Germany,Subscriptions,Data and Voice,Mobile broadband,2019-Q4,68904713.0,Subscriptions,2019,Q4
Germany,Subscriptions,Data and Voice,Mobile broadband,2020-Q2,68986328.0,Subscriptions,2020,Q2
Germany,Subscriptions,Data and Voice,Mobile broadband,2020-Q4,72638000.0,Subscriptions,2020,Q4
Germany,Subscriptions,Data and Voice,Mobile broadband,2021-Q2,73661000.0,Subscriptions,2021,Q2
Germany,Subscriptions,Data and Voice,Mobile broadband,2021-Q4,75408000.0,Subscriptions,2021,Q4
Germany,Subscriptions,Data and Voice,Mobile broadband,2022-Q2,76385000.0,Subscriptions,2022,Q2
Germany,Subscriptions,Data and Voice,Mobile broadband,2022-Q4,73974000.0,Subscriptions,2022,Q4
Germany,Subscriptions,Data and Voice,Mobile broadband,2023-Q2,76769000.0,Subscriptions,2023,Q2
Germany,Subscriptions,Data and Voice,Mobile broadband,2023-Q4,78798000.0,Subscriptions,2023,Q4
Germany,Subscriptions,Data and Voice,Mobile broadband,2024-Q2,79309000.0,Subscriptions,2024,Q2
Germany,Subscriptions,Data and Voice,Mobile broadband,2024-Q4,81722000.0,Subscriptions,2024,Q4
Greece,Subscriptions,Data and Voice,Mobile broadband,2018-Q2,6884242.0,Subscriptions,2018,Q2
Greece,Subscriptions,Data and Voice,Mobile broadband,2018-Q4,7462320.0,Subscriptions,2018,Q4
Greece,Subscriptions,Data and Voice,Mobile broadband,2019-Q2,7762152.0,Subscriptions,2019,Q2
Greece,Subscriptions,Data and Voice,Mobile broadband,2019-Q4,7947794.0,Subscriptions,2019,Q4
Greece,Subscriptions,Data and Voice,Mobile broadband,2020-Q2,7968509.0,Subscriptions,2020,Q2
Greece,Subscriptions,Data and Voice,Mobile broadband,2020-Q4,8051690.0,Subscriptions,2020,Q4
Greece,Subscriptions,Data and Voice,Mobile broadband,2021-Q2,8293117.0,Subscriptions,2021,Q2
Greece,Subscriptions,Data and Voice,Mobile broadband,2021-Q4,8549004.0,Subscriptions,2021,Q4
Greece,Subscriptions,Data and Voice,Mobile broadband,2022-Q2,8759273.0,Subscriptions,2022,Q2
Greece,Subscriptions,Data and Voice,Mobile broadband,2022-Q4,8875527.0,Subscriptions,2022,Q4
Greece,Subscriptions,Data and Voice,Mobile broadband,2023-Q2,9082205.0,Subscriptions,2023,Q2
Greece,Subscriptions,Data and Voice,Mobile broadband,2023-Q4,9176839.0,Subscriptions,2023,Q4
Greece,Subscriptions,Data and Voice,Mobile broadband,2024-Q2,9326071.0,Subscriptions,2024,Q2
Greece,Subscriptions,Data and Voice,Mobile broadband,2024-Q4,9301653.0,Subscriptions,2024,Q4
Hungary,Subscriptions,Data and Voice,Mobile broadband,2018-Q2,5690589.0,Subscriptions,2018,Q2
Hungary,Subscriptions,Data and Voice,Mobile broadband,2018-Q4,6127914.0,Subscriptions,2018,Q4
Hungary,Subscriptions,Data and Voice,Mobile broadband,2019-Q2,6347723.0,Subscriptions,2019,Q2
Hungary,Subscriptions,Data and Voice,Mobile broadband,2019-Q4,6499527.0,Subscriptions,2019,Q4
Hungary,Subscriptions,Data and Voice,Mobile broadband,2020-Q2,6644610.0,Subscriptions,2020,Q2
Hungary,Subscriptions,Data and Voice,Mobile broadband,2020-Q4,6650509.0,Subscriptions,2020,Q4
Hungary,Subscriptions,Data and Voice,Mobile broadband,2021-Q2,6828075.0,Subscriptions,2021,Q2
Hungary,Subscriptions,Data and Voice,Mobile broadband,2021-Q4,7311658.0,Subscriptions,2021,Q4
Hungary,Subscriptions,Data and Voice,Mobile broadband,2022-Q2,7556080.0,Subscriptions,2022,Q2
Hungary,Subscriptions,Data and Voice,Mobile broadband,2022-Q4,7698143.0,Subscriptions,2022,Q4
Hungary,Subscriptions,Data and Voice,Mobile broadband,2023-Q2,7760649.0,Subscriptions,2023,Q2
Hungary,Subscriptions,Data and Voice,Mobile broadband,2023-Q4,7875382.0,Subscriptions,2023,Q4
Hungary,Subscriptions,Data and Voice,Mobile broadband,2024-Q2,8115721.0,Subscriptions,2024,Q2
Hungary,Subscriptions,Data and Voice,Mobile broadband,2024-Q4,8108992.0,Subscriptions,2024,Q4
Iceland,Subscriptions,Data and Voice,Mobile broadband,2018-Q2,341136.0,Subscriptions,2018,Q2
Iceland,Subscriptions,Data and Voice,Mobile broadband,2018-Q4,346294.0,Subscriptions,2018,Q4
Iceland,Subscriptions,Data and Voice,Mobile broadband,2019-Q2,346828.0,Subscriptions,2019,Q2
Iceland,Subscriptions,Data and Voice,Mobile broadband,2019-Q4,351608.0,Subscriptions,2019,Q4
Iceland,Subscriptions,Data and Voice,Mobile broadband,2020-Q2,351077.0,Subscriptions,2020,Q2
Iceland,Subscriptions,Data and Voice,Mobile broadband,2020-Q4,359949.0,Subscriptions,2020,Q4
Iceland,Subscriptions,Data and Voice,Mobile broadband,2021-Q2,368732.0,Subscriptions,2021,Q2
Iceland,Subscriptions,Data and Voice,Mobile broadband,2021-Q4,376775.0,Subscriptions,2021,Q4
Iceland,Subscriptions,Data and Voice,Mobile broadband,2022-Q2,394208.0,Subscriptions,2022,Q2
Iceland,Subscriptions,Data and Voice,Mobile broadband,2022-Q4,398782.0,Subscriptions,2022,Q4
Iceland,Subscriptions,Data and Voice,Mobile broadband,2023-Q2,409675.0,Subscriptions,2023,Q2
Iceland,Subscriptions,Data and Voice,Mobile broadband,2023-Q4,412977.0,Subscriptions,2023,Q4
Iceland,Subscriptions,Data and Voice,Mobile broadband,2024-Q2,416427.0,Subscriptions,2024,Q2
Iceland,Subscriptions,Data and Voice,Mobile broadband,2024-Q4,421798.0,Subscriptions,2024,Q4
Ireland,Subscriptions,Data and Voice,Mobile broadband,2018-Q2,4892745.0,Subscriptions,2018,Q2
Ireland,Subscriptions,Data and Voice,Mobile broadband,2018-Q4,4971493.0,Subscriptions,2018,Q4
Ireland,Subscriptions,Data and Voice,Mobile broadband,2019-Q2,5003030.0,Subscriptions,2019,Q2
Ireland,Subscriptions,Data and Voice,Mobile broadband,2019-Q4,5160309.0,Subscriptions,2019,Q4
Ireland,Subscriptions,Data and Voice,Mobile broadband,2020-Q2,5067250.0,Subscriptions,2020,Q2
Ireland,Subscriptions,Data and Voice,Mobile broadband,2020-Q4,5234009.0,Subscriptions,2020,Q4
Ireland,Subscriptions,Data and Voice,Mobile broadband,2021-Q2,5232047.0,Subscriptions,2021,Q2
Ireland,Subscriptions,Data and Voice,Mobile broadband,2021-Q4,5373865.0,Subscriptions,2021,Q4
Ireland,Subscriptions,Data and Voice,Mobile broadband,2022-Q2,5474240.0,Subscriptions,2022,Q2
Ireland,Subscriptions,Data and Voice,Mobile broadband,2022-Q4,5652130.0,Subscriptions,2022,Q4
Ireland,Subscriptions,Data and Voice,Mobile broadband,2023-Q2,5659970.0,Subscriptions,2023,Q2
Ireland,Subscriptions,Data and Voice,Mobile broadband,2023-Q4,5757780.0,Subscriptions,2023,Q4
Ireland,Subscriptions,Data and Voice,Mobile broadband,2024-Q2,5827411.0,Subscriptions,2024,Q2
Ireland,Subscriptions,Data and Voice,Mobile broadband,2024-Q4,5919189.0,Subscriptions,2024,Q4
Israel,Subscriptions,Data and Voice,Mobile broadband,2018-Q2,8812000.0,Subscriptions,2018,Q2
Israel,Subscriptions,Data and Voice,Mobile broadband,2018-Q4,8878000.0,Subscriptions,2018,Q4
Israel,Subscriptions,Data and Voice,Mobile broadband,2019-Q2,11200000.0,Subscriptions,2019,Q2
Israel,Subscriptions,Data and Voice,Mobile broadband,2019-Q4,11700000.0,Subscriptions,2019,Q4
Israel,Subscriptions,Data and Voice,Mobile broadband,2020-Q2,11989285.0,Subscriptions,2020,Q2
Israel,Subscriptions,Data and Voice,Mobile broadband,2020-Q4,12277722.0,Subscriptions,2020,Q4
Israel,Subscriptions,Data and Voice,Mobile broadband,2021-Q2,12702147.0,Subscriptions,2021,Q2
Israel,Subscriptions,Data and Voice,Mobile broadband,2021-Q4,13100000.0,Subscriptions,2021,Q4
Israel,Subscriptions,Data and Voice,Mobile broadband,2022-Q2,13350000.0,Subscriptions,2022,Q2
Israel,Subscriptions,Data and Voice,Mobile broadband,2022-Q4,13758317.0,Subscriptions,2022,Q4
Israel,Subscriptions,Data and Voice,Mobile broadband,2023-Q2,13976000.0,Subscriptions,2023,Q2
Israel,Subscriptions,Data and Voice,Mobile broadband,2023-Q4,14193321.0,Subscriptions,2023,Q4
Israel,Subscriptions,Data and Voice,Mobile broadband,2024-Q2,14600000.0,Subscriptions,2024,Q2
Israel,Subscriptions,Data and Voice,Mobile broadband,2024-Q4,16651928.0,Subscriptions,2024,Q4
Italy,Subscriptions,Data and Voice,Mobile broadband,2018-Q2,46521426.0,Subscriptions,2018,Q2
Italy,Subscriptions,Data and Voice,Mobile broadband,2018-Q4,46546119.0,Subscriptions,2018,Q4
Italy,Subscriptions,Data and Voice,Mobile broadband,2019-Q2,46017021.0,Subscriptions,2019,Q2
Italy,Subscriptions,Data and Voice,Mobile broadband,2019-Q4,48828049.0,Subscriptions,2019,Q4
Italy,Subscriptions,Data and Voice,Mobile broadband,2020-Q2,48388745.0,Subscriptions,2020,Q2
Italy,Subscriptions,Data and Voice,Mobile broadband,2020-Q4,47462692.0,Subscriptions,2020,Q4
Italy,Subscriptions,Data and Voice,Mobile broadband,2021-Q2,49404727.0,Subscriptions,2021,Q2
Italy,Subscriptions,Data and Voice,Mobile broadband,2021-Q4,50332458.0,Subscriptions,2021,Q4
Italy,Subscriptions,Data and Voice,Mobile broadband,2022-Q2,49818714.0,Subscriptions,2022,Q2
Italy,Subscriptions,Data and Voice,Mobile broadband,2022-Q4,50346029.0,Subscriptions,2022,Q4
Italy,Subscriptions,Data and Voice,Mobile broadband,2023-Q2,51047366.0,Subscriptions,2023,Q2
Italy,Subscriptions,Data and Voice,Mobile broadband,2023-Q4,52717298.0,Subscriptions,2023,Q4
Italy,Subscriptions,Data and Voice,Mobile broadband,2024-Q2,52999205.0,Subscriptions,2024,Q2
Italy,Subscriptions,Data and Voice,Mobile broadband,2024-Q4,53508811.0,Subscriptions,2024,Q4
Japan,Subscriptions,Data and Voice,Mobile broadband,2018-Q2,122383594.0,Subscriptions,2018,Q2
Japan,Subscriptions,Data and Voice,Mobile broadband,2018-Q4,122770030.0,Subscriptions,2018,Q4
Japan,Subscriptions,Data and Voice,Mobile broadband,2019-Q2,123769563.0,Subscriptions,2019,Q2
Japan,Subscriptions,Data and Voice,Mobile broadband,2019-Q4,123894387.0,Subscriptions,2019,Q4
Japan,Subscriptions,Data and Voice,Mobile broadband,2020-Q2,125302531.0,Subscriptions,2020,Q2
Japan,Subscriptions,Data and Voice,Mobile broadband,2020-Q4,126367443.0,Subscriptions,2020,Q4
Japan,Subscriptions,Data and Voice,Mobile broadband,2021-Q2,128414439.0,Subscriptions,2021,Q2
Japan,Subscriptions,Data and Voice,Mobile broadband,2021-Q4,129817228.0,Subscriptions,2021,Q4
Japan,Subscriptions,Data and Voice,Mobile broadband,2022-Q2,131854082.0,Subscriptions,2022,Q2
Japan,Subscriptions,Data and Voice,Mobile broadband,2022-Q4,132770522.0,Subscriptions,2022,Q4
Japan,Subscriptions,Data and Voice,Mobile broadband,2023-Q2,134240797.0,Subscriptions,2023,Q2
Japan,Subscriptions,Data and Voice,Mobile broadband,2023-Q4,135674608.0,Subscriptions,2023,Q4
Japan,Subscriptions,Data and Voice,Mobile broadband,2024-Q2,137084709.0,Subscriptions,2024,Q2
Japan,Subscriptions,Data and Voice,Mobile broadband,2024-Q4,137994641.0,Subscriptions,2024,Q4
Korea,Subscriptions,Data and Voice,Mobile broadband,2018-Q2,51657458.0,Subscriptions,2018,Q2
Korea,Subscriptions,Data and Voice,Mobile broadband,2018-Q4,51958107.0,Subscriptions,2018,Q4
Korea,Subscriptions,Data and Voice,Mobile broadband,2019-Q2,52703899.0,Subscriptions,2019,Q2
Korea,Subscriptions,Data and Voice,Mobile broadband,2019-Q4,53577282.0,Subscriptions,2019,Q4
Korea,Subscriptions,Data and Voice,Mobile broadband,2020-Q2,54390636.0,Subscriptions,2020,Q2
Korea,Subscriptions,Data and Voice,Mobile broadband,2020-Q4,55454735.0,Subscriptions,2020,Q4
Korea,Subscriptions,Data and Voice,Mobile broadband,2021-Q2,57043487.0,Subscriptions,2021,Q2
Korea,Subscriptions,Data and Voice,Mobile broadband,2021-Q4,57481203.0,Subscriptions,2021,Q4
Korea,Subscriptions,Data and Voice,Mobile broadband,2022-Q2,58505984.0,Subscriptions,2022,Q2
Korea,Subscriptions,Data and Voice,Mobile broadband,2022-Q4,59301263.0,Subscriptions,2022,Q4
Korea,Subscriptions,Data and Voice,Mobile broadband,2023-Q2,60068096.0,Subscriptions,2023,Q2
Korea,Subscriptions,Data and Voice,Mobile broadband,2023-Q4,60232839.0,Subscriptions,2023,Q4
Korea,Subscriptions,Data and Voice,Mobile broadband,2024-Q2,60959848.0,Subscriptions,2024,Q2
Korea,Subscriptions,Data and Voice,Mobile broadband,2024-Q4,62107962.0,Subscriptions,2024,Q4
Latvia,Subscriptions,Data and Voice,Mobile broadband,2018-Q2,1804560.0,Subscriptions,2018,Q2
Latvia,Subscriptions,Data and Voice,Mobile broadband,2018-Q4,1872284.0,Subscriptions,2018,Q4
Latvia,Subscriptions,Data and Voice,Mobile broadband,2019-Q2,1782145.0,Subscriptions,2019,Q2
Latvia,Subscriptions,Data and Voice,Mobile broadband,2019-Q4,1848162.0,Subscriptions,2019,Q4
Latvia,Subscriptions,Data and Voice,Mobile broadband,2020-Q2,1885713.0,Subscriptions,2020,Q2
Latvia,Subscriptions,Data and Voice,Mobile broadband,2020-Q4,1934077.0,Subscriptions,2020,Q4
Latvia,Subscriptions,Data and Voice,Mobile broadband,2021-Q2,1775206.0,Subscriptions,2021,Q2
Latvia,Subscriptions,Data and Voice,Mobile broadband,2021-Q4,1794105.0,Subscriptions,2021,Q4
Latvia,Subscriptions,Data and Voice,Mobile broadband,2022-Q2,1874210.0,Subscriptions,2022,Q2
Latvia,Subscriptions,Data and Voice,Mobile broadband,2022-Q4,1822318.0,Subscriptions,2022,Q4
Latvia,Subscriptions,Data and Voice,Mobile broadband,2023-Q2,1861902.0,Subscriptions,2023,Q2
Latvia,Subscriptions,Data and Voice,Mobile broadband,2023-Q4,1849389.0,Subscriptions,2023,Q4
Latvia,Subscriptions,Data and Voice,Mobile broadband,2024-Q2,1898200.0,Subscriptions,2024,Q2
Latvia,Subscriptions,Data and Voice,Mobile broadband,2024-Q4,1856758.0,Subscriptions,2024,Q4
Lithuania,Subscriptions,Data and Voice,Mobile broadband,2018-Q2,2069390.0,Subscriptions,2018,Q2
Lithuania,Subscriptions,Data and Voice,Mobile broadband,2018-Q4,2228515.0,Subscriptions,2018,Q4
Lithuania,Subscriptions,Data and Voice,Mobile broadband,2019-Q2,2298974.0,Subscriptions,2019,Q2
Lithuania,Subscriptions,Data and Voice,Mobile broadband,2019-Q4,2381393.0,Subscriptions,2019,Q4
Lithuania,Subscriptions,Data and Voice,Mobile broadband,2020-Q2,2395790.0,Subscriptions,2020,Q2
Lithuania,Subscriptions,Data and Voice,Mobile broadband,2020-Q4,2490535.0,Subscriptions,2020,Q4
Lithuania,Subscriptions,Data and Voice,Mobile broadband,2021-Q2,2566191.0,Subscriptions,2021,Q2
Lithuania,Subscriptions,Data and Voice,Mobile broadband,2021-Q4,2648418.0,Subscriptions,2021,Q4
Lithuania,Subscriptions,Data and Voice,Mobile broadband,2022-Q2,2744298.0,Subscriptions,2022,Q2
Lithuania,Subscriptions,Data and Voice,Mobile broadband,2022-Q4,2776958.0,Subscriptions,2022,Q4
Lithuania,Subscriptions,Data and Voice,Mobile broadband,2023-Q2,2927872.0,Subscriptions,2023,Q2
Lithuania,Subscriptions,Data and Voice,Mobile broadband,2023-Q4,2787755.0,Subscriptions,2023,Q4
Lithuania,Subscriptions,Data and Voice,Mobile broadband,2024-Q2,2821464.0,Subscriptions,2024,Q2
Lithuania,Subscriptions,Data and Voice,Mobile broadband,2024-Q4,2806550.0,Subscriptions,2024,Q4
Luxembourg,Subscriptions,Data and Voice,Mobile broadband,2018-Q2,494800.0,Subscriptions,2018,Q2
Luxembourg,Subscriptions,Data and Voice,Mobile broadband,2018-Q4,517200.0,Subscriptions,2018,Q4
Luxembourg,Subscriptions,Data and Voice,Mobile broadband,2019-Q2,600383.0,Subscriptions,2019,Q2
Luxembourg,Subscriptions,Data and Voice,Mobile broadband,2019-Q4,668777.0,Subscriptions,2019,Q4
Luxembourg,Subscriptions,Data and Voice,Mobile broadband,2020-Q2,644672.0,Subscriptions,2020,Q2
Luxembourg,Subscriptions,Data and Voice,Mobile broadband,2020-Q4,651585.0,Subscriptions,2020,Q4
Luxembourg,Subscriptions,Data and Voice,Mobile broadband,2021-Q2,672471.0,Subscriptions,2021,Q2
Luxembourg,Subscriptions,Data and Voice,Mobile broadband,2021-Q4,691798.0,Subscriptions,2021,Q4
Luxembourg,Subscriptions,Data and Voice,Mobile broadband,2022-Q2,749800.0,Subscriptions,2022,Q2
Luxembourg,Subscriptions,Data and Voice,Mobile broadband,2022-Q4,728484.0,Subscriptions,2022,Q4
Luxembourg,Subscriptions,Data and Voice,Mobile broadband,2023-Q2,741600.0,Subscriptions,2023,Q2
Luxembourg,Subscriptions,Data and Voice,Mobile broadband,2023-Q4,758800.0,Subscriptions,2023,Q4
Luxembourg,Subscriptions,Data and Voice,Mobile broadband,2024-Q2,889100.0,Subscriptions,2024,Q2
Luxembourg,Subscriptions,Data and Voice,Mobile broadband,2024-Q4,898500.0,Subscriptions,2024,Q4
Mexico,Subscriptions,Data and Voice,Mobile broadband,2018-Q2,81828429.0,Subscriptions,2018,Q2
Mexico,Subscriptions,Data and Voice,Mobile broadband,2018-Q4,87396109.0,Subscriptions,2018,Q4
Mexico,Subscriptions,Data and Voice,Mobile broadband,2019-Q2,91138131.0,Subscriptions,2019,Q2
Mexico,Subscriptions,Data and Voice,Mobile broadband,2019-Q4,96325226.0,Subscriptions,2019,Q4
Mexico,Subscriptions,Data and Voice,Mobile broadband,2020-Q2,95339680.0,Subscriptions,2020,Q2
Mexico,Subscriptions,Data and Voice,Mobile broadband,2020-Q4,99981715.0,Subscriptions,2020,Q4
Mexico,Subscriptions,Data and Voice,Mobile broadband,2021-Q2,102088948.0,Subscriptions,2021,Q2
Mexico,Subscriptions,Data and Voice,Mobile broadband,2021-Q4,108304310.0,Subscriptions,2021,Q4
Mexico,Subscriptions,Data and Voice,Mobile broadband,2022-Q2,112361757.0,Subscriptions,2022,Q2
Mexico,Subscriptions,Data and Voice,Mobile broadband,2022-Q4,118252144.0,Subscriptions,2022,Q4
Mexico,Subscriptions,Data and Voice,Mobile broadband,2023-Q2,118761270.0,Subscriptions,2023,Q2
Mexico,Subscriptions,Data and Voice,Mobile broadband,2023-Q4,124614337.0,Subscriptions,2023,Q4
Mexico,Subscriptions,Data and Voice,Mobile broadband,2024-Q2,127205745.0,Subscriptions,2024,Q2
Mexico,Subscriptions,Data and Voice,Mobile broadband,2024-Q4,132567317.0,Subscriptions,2024,Q4
Netherlands,Subscriptions,Data and Voice,Mobile broadband,2018-Q2,19466000.0,Subscriptions,2018,Q2
Netherlands,Subscriptions,Data and Voice,Mobile broadband,2018-Q4,19507000.0,Subscriptions,2018,Q4
Netherlands,Subscriptions,Data and Voice,Mobile broadband,2019-Q2,19786000.0,Subscriptions,2019,Q2
Netherlands,Subscriptions,Data and Voice,Mobile broadband,2019-Q4,20169713.0,Subscriptions,2019,Q4
Netherlands,Subscriptions,Data and Voice,Mobile broadband,2020-Q2,20323164.0,Subscriptions,2020,Q2
Netherlands,Subscriptions,Data and Voice,Mobile broadband,2020-Q4,21415000.0,Subscriptions,2020,Q4
Netherlands,Subscriptions,Data and Voice,Mobile broadband,2021-Q2,21703331.0,Subscriptions,2021,Q2
Netherlands,Subscriptions,Data and Voice,Mobile broadband,2021-Q4,22617552.0,Subscriptions,2021,Q4
Netherlands,Subscriptions,Data and Voice,Mobile broadband,2022-Q2,21758000.0,Subscriptions,2022,Q2
Netherlands,Subscriptions,Data and Voice,Mobile broadband,2022-Q4,22058000.0,Subscriptions,2022,Q4
Netherlands,Subscriptions,Data and Voice,Mobile broadband,2023-Q2,22198000.0,Subscriptions,2023,Q2
Netherlands,Subscriptions,Data and Voice,Mobile broadband,2023-Q4,22670000.0,Subscriptions,2023,Q4
Netherlands,Subscriptions,Data and Voice,Mobile broadband,2024-Q2,22937000.0,Subscriptions,2024,Q2
Netherlands,Subscriptions,Data and Voice,Mobile broadband,2024-Q4,23431000.0,Subscriptions,2024,Q4
New Zealand,Subscriptions,Data and Voice,Mobile broadband,2018-Q2,4365328.0,Subscriptions,2018,Q2
New Zealand,Subscriptions,Data and Voice,Mobile broadband,2018-Q4,4362329.0,Subscriptions,2018,Q4
New Zealand,Subscriptions,Data and Voice,Mobile broadband,2019-Q2,4775011.0,Subscriptions,2019,Q2
New Zealand,Subscriptions,Data and Voice,Mobile broadband,2019-Q4,4955739.0,Subscriptions,2019,Q4
New Zealand,Subscriptions,Data and Voice,Mobile broadband,2020-Q2,4558982.0,Subscriptions,2020,Q2
New Zealand,Subscriptions,Data and Voice,Mobile broadband,2020-Q4,4171140.0,Subscriptions,2020,Q4
New Zealand,Subscriptions,Data and Voice,Mobile broadband,2021-Q2,4896481.0,Subscriptions,2021,Q2
New Zealand,Subscriptions,Data and Voice,Mobile broadband,2021-Q4,4736663.0,Subscriptions,2021,Q4
New Zealand,Subscriptions,Data and Voice,Mobile broadband,2022-Q2,4986460.0,Subscriptions,2022,Q2
New Zealand,Subscriptions,Data and Voice,Mobile broadband,2022-Q4,4979354.0,Subscriptions,2022,Q4
New Zealand,Subscriptions,Data and Voice,Mobile broadband,2023-Q2,5658425.0,Subscriptions,2023,Q2
New Zealand,Subscriptions,Data and Voice,Mobile broadband,2023-Q4,5449960.0,Subscriptions,2023,Q4
New Zealand,Subscriptions,Data and Voice,Mobile broadband,2024-Q2,5661572.0,Subscriptions,2024,Q2
New Zealand,Subscriptions,Data and Voice,Mobile broadband,2024-Q4,5642587.0,Subscriptions,2024,Q4
Norway,Subscriptions,Data and Voice,Mobile broadband,2018-Q2,4894029.0,Subscriptions,2018,Q2
Norway,Subscriptions,Data and Voice,Mobile broadband,2018-Q4,4965651.0,Subscriptions,2018,Q4
Norway,Subscriptions,Data and Voice,Mobile broadband,2019-Q2,5017628.0,Subscriptions,2019,Q2
Norway,Subscriptions,Data and Voice,Mobile broadband,2019-Q4,5098993.0,Subscriptions,2019,Q4
Norway,Subscriptions,Data and Voice,Mobile broadband,2020-Q2,5147247.0,Subscriptions,2020,Q2
Norway,Subscriptions,Data and Voice,Mobile broadband,2020-Q4,5274311.0,Subscriptions,2020,Q4
Norway,Subscriptions,Data and Voice,Mobile broadband,2021-Q2,5336522.0,Subscriptions,2021,Q2
Norway,Subscriptions,Data and Voice,Mobile broadband,2021-Q4,5430452.0,Subscriptions,2021,Q4
Norway,Subscriptions,Data and Voice,Mobile broadband,2022-Q2,5493136.0,Subscriptions,2022,Q2
Norway,Subscriptions,Data and Voice,Mobile broadband,2022-Q4,5540876.0,Subscriptions,2022,Q4
Norway,Subscriptions,Data and Voice,Mobile broadband,2023-Q2,5585454.0,Subscriptions,2023,Q2
Norway,Subscriptions,Data and Voice,Mobile broadband,2023-Q4,5631809.0,Subscriptions,2023,Q4
Norway,Subscriptions,Data and Voice,Mobile broadband,2024-Q2,5663608.0,Subscriptions,2024,Q2
Norway,Subscriptions,Data and Voice,Mobile broadband,2024-Q4,5696716.0,Subscriptions,2024,Q4
Poland,Subscriptions,Data and Voice,Mobile broadband,2018-Q2,32015878.0,Subscriptions,2018,Q2
Poland,Subscriptions,Data and Voice,Mobile broadband,2018-Q4,33949710.0,Subscriptions,2018,Q4
Poland,Subscriptions,Data and Voice,Mobile broadband,2019-Q2,35064280.0,Subscriptions,2019,Q2
Poland,Subscriptions,Data and Voice,Mobile broadband,2019-Q4,36463178.0,Subscriptions,2019,Q4
Poland,Subscriptions,Data and Voice,Mobile broadband,2020-Q2,40256066.0,Subscriptions,2020,Q2
Poland,Subscriptions,Data and Voice,Mobile broadband,2020-Q4,38783896.0,Subscriptions,2020,Q4
Poland,Subscriptions,Data and Voice,Mobile broadband,2021-Q2,42588430.0,Subscriptions,2021,Q2
Poland,Subscriptions,Data and Voice,Mobile broadband,2021-Q4,40997344.0,Subscriptions,2021,Q4
Poland,Subscriptions,Data and Voice,Mobile broadband,2022-Q2,44502018.0,Subscriptions,2022,Q2
Poland,Subscriptions,Data and Voice,Mobile broadband,2022-Q4,41362244.0,Subscriptions,2022,Q4
Poland,Subscriptions,Data and Voice,Mobile broadband,2023-Q2,51000000.0,Subscriptions,2023,Q2
Poland,Subscriptions,Data and Voice,Mobile broadband,2023-Q4,41458286.0,Subscriptions,2023,Q4
Poland,Subscriptions,Data and Voice,Mobile broadband,2024-Q2,46708347.0,Subscriptions,2024,Q2
Poland,Subscriptions,Data and Voice,Mobile broadband,2024-Q4,43626204.0,Subscriptions,2024,Q4
Portugal,Subscriptions,Data and Voice,Mobile broadband,2018-Q2,6624144.0,Subscriptions,2018,Q2
Portugal,Subscriptions,Data and Voice,Mobile broadband,2018-Q4,7063124.0,Subscriptions,2018,Q4
Portugal,Subscriptions,Data and Voice,Mobile broadband,2019-Q2,7272848.0,Subscriptions,2019,Q2
Portugal,Subscriptions,Data and Voice,Mobile broadband,2019-Q4,7583768.0,Subscriptions,2019,Q4
Portugal,Subscriptions,Data and Voice,Mobile broadband,2020-Q2,7390067.0,Subscriptions,2020,Q2
Portugal,Subscriptions,Data and Voice,Mobile broadband,2020-Q4,7734540.0,Subscriptions,2020,Q4
Portugal,Subscriptions,Data and Voice,Mobile broadband,2021-Q2,7916380.0,Subscriptions,2021,Q2
Portugal,Subscriptions,Data and Voice,Mobile broadband,2021-Q4,8501080.0,Subscriptions,2021,Q4
Portugal,Subscriptions,Data and Voice,Mobile broadband,2022-Q2,8799979.0,Subscriptions,2022,Q2
Portugal,Subscriptions,Data and Voice,Mobile broadband,2022-Q4,9122735.0,Subscriptions,2022,Q4
Portugal,Subscriptions,Data and Voice,Mobile broadband,2023-Q2,9372029.0,Subscriptions,2023,Q2
Portugal,Subscriptions,Data and Voice,Mobile broadband,2023-Q4,9728692.0,Subscriptions,2023,Q4
Portugal,Subscriptions,Data and Voice,Mobile broadband,2024-Q2,9927361.0,Subscriptions,2024,Q2
Portugal,Subscriptions,Data and Voice,Mobile broadband,2024-Q4,10105088.0,Subscriptions,2024,Q4
Slovak Republic,Subscriptions,Data and Voice,Mobile broadband,2018-Q2,4173711.0,Subscriptions,2018,Q2
Slovak Republic,Subscriptions,Data and Voice,Mobile broadband,2018-Q4,4363703.0,Subscriptions,2018,Q4
Slovak Republic,Subscriptions,Data and Voice,Mobile broadband,2019-Q2,3738752.0,Subscriptions,2019,Q2
Slovak Republic,Subscriptions,Data and Voice,Mobile broadband,2019-Q4,3848988.0,Subscriptions,2019,Q4
Slovak Republic,Subscriptions,Data and Voice,Mobile broadband,2020-Q2,3643236.0,Subscriptions,2020,Q2
Slovak Republic,Subscriptions,Data and Voice,Mobile broadband,2020-Q4,3880409.0,Subscriptions,2020,Q4
Slovak Republic,Subscriptions,Data and Voice,Mobile broadband,2021-Q2,4100006.0,Subscriptions,2021,Q2
Slovak Republic,Subscriptions,Data and Voice,Mobile broadband,2021-Q4,4289853.0,Subscriptions,2021,Q4
Slovak Republic,Subscriptions,Data and Voice,Mobile broadband,2022-Q2,4428953.0,Subscriptions,2022,Q2
Slovak Republic,Subscriptions,Data and Voice,Mobile broadband,2022-Q4,4305772.0,Subscriptions,2022,Q4
Slovak Republic,Subscriptions,Data and Voice,Mobile broadband,2023-Q2,4444154.0,Subscriptions,2023,Q2
Slovak Republic,Subscriptions,Data and Voice,Mobile broadband,2023-Q4,4591229.0,Subscriptions,2023,Q4
Slovak Republic,Subscriptions,Data and Voice,Mobile broadband,2024-Q2,4816239.0,Subscriptions,2024,Q2
Slovak Republic,Subscriptions,Data and Voice,Mobile broadband,2024-Q4,4855345.0,Subscriptions,2024,Q4
Slovenia,Subscriptions,Data and Voice,Mobile broadband,2018-Q2,1441175.0,Subscriptions,2018,Q2
Slovenia,Subscriptions,Data and Voice,Mobile broadband,2018-Q4,1512365.0,Subscriptions,2018,Q4
Slovenia,Subscriptions,Data and Voice,Mobile broadband,2019-Q2,1586585.0,Subscriptions,2019,Q2
Slovenia,Subscriptions,Data and Voice,Mobile broadband,2019-Q4,1643035.0,Subscriptions,2019,Q4
Slovenia,Subscriptions,Data and Voice,Mobile broadband,2020-Q2,1648680.0,Subscriptions,2020,Q2
Slovenia,Subscriptions,Data and Voice,Mobile broadband,2020-Q4,1707953.0,Subscriptions,2020,Q4
Slovenia,Subscriptions,Data and Voice,Mobile broadband,2021-Q2,1744261.0,Subscriptions,2021,Q2
Slovenia,Subscriptions,Data and Voice,Mobile broadband,2021-Q4,1789508.0,Subscriptions,2021,Q4
Slovenia,Subscriptions,Data and Voice,Mobile broadband,2022-Q2,1834250.0,Subscriptions,2022,Q2
Slovenia,Subscriptions,Data and Voice,Mobile broadband,2022-Q4,1864473.0,Subscriptions,2022,Q4
Slovenia,Subscriptions,Data and Voice,Mobile broadband,2023-Q2,1885400.0,Subscriptions,2023,Q2
Slovenia,Subscriptions,Data and Voice,Mobile broadband,2023-Q4,1899863.0,Subscriptions,2023,Q4
Slovenia,Subscriptions,Data and Voice,Mobile broadband,2024-Q2,1950459.0,Subscriptions,2024,Q2
Slovenia,Subscriptions,Data and Voice,Mobile broadband,2024-Q4,1973040.0,Subscriptions,2024,Q4
Spain,Subscriptions,Data and Voice,Mobile broadband,2018-Q2,43494660.0,Subscriptions,2018,Q2
Spain,Subscriptions,Data and Voice,Mobile broadband,2018-Q4,44381730.0,Subscriptions,2018,Q4
Spain,Subscriptions,Data and Voice,Mobile broadband,2019-Q2,45805961.0,Subscriptions,2019,Q2
Spain,Subscriptions,Data and Voice,Mobile broadband,2019-Q4,46692271.0,Subscriptions,2019,Q4
Spain,Subscriptions,Data and Voice,Mobile broadband,2020-Q2,46777172.0,Subscriptions,2020,Q2
Spain,Subscriptions,Data and Voice,Mobile broadband,2020-Q4,47866327.0,Subscriptions,2020,Q4
Spain,Subscriptions,Data and Voice,Mobile broadband,2021-Q2,48404138.0,Subscriptions,2021,Q2
Spain,Subscriptions,Data and Voice,Mobile broadband,2021-Q4,49432310.0,Subscriptions,2021,Q4
Spain,Subscriptions,Data and Voice,Mobile broadband,2022-Q2,50697519.0,Subscriptions,2022,Q2
Spain,Subscriptions,Data and Voice,Mobile broadband,2022-Q4,51600979.0,Subscriptions,2022,Q4
Spain,Subscriptions,Data and Voice,Mobile broadband,2023-Q2,52585580.0,Subscriptions,2023,Q2
Spain,Subscriptions,Data and Voice,Mobile broadband,2023-Q4,53650032.0,Subscriptions,2023,Q4
Spain,Subscriptions,Data and Voice,Mobile broadband,2024-Q2,54039128.0,Subscriptions,2024,Q2
Spain,Subscriptions,Data and Voice,Mobile broadband,2024-Q4,55072886.0,Subscriptions,2024,Q4
Sweden,Subscriptions,Data and Voice,Mobile broadband,2018-Q2,10551877.0,Subscriptions,2018,Q2
Sweden,Subscriptions,Data and Voice,Mobile broadband,2018-Q4,10990973.0,Subscriptions,2018,Q4
Sweden,Subscriptions,Data and Voice,Mobile broadband,2019-Q2,11046790.0,Subscriptions,2019,Q2
Sweden,Subscriptions,Data and Voice,Mobile broadband,2019-Q4,11372733.0,Subscriptions,2019,Q4
Sweden,Subscriptions,Data and Voice,Mobile broadband,2020-Q2,11573176.0,Subscriptions,2020,Q2
Sweden,Subscriptions,Data and Voice,Mobile broadband,2020-Q4,11544191.0,Subscriptions,2020,Q4
Sweden,Subscriptions,Data and Voice,Mobile broadband,2021-Q2,11689091.0,Subscriptions,2021,Q2
Sweden,Subscriptions,Data and Voice,Mobile broadband,2021-Q4,11830683.0,Subscriptions,2021,Q4
Sweden,Subscriptions,Data and Voice,Mobile broadband,2022-Q2,12061906.0,Subscriptions,2022,Q2
Sweden,Subscriptions,Data and Voice,Mobile broadband,2022-Q4,12445297.0,Subscriptions,2022,Q4
Sweden,Subscriptions,Data and Voice,Mobile broadband,2023-Q2,12504040.0,Subscriptions,2023,Q2
Sweden,Subscriptions,Data and Voice,Mobile broadband,2023-Q4,12548395.0,Subscriptions,2023,Q4
Sweden,Subscriptions,Data and Voice,Mobile broadband,2024-Q2,12636051.0,Subscriptions,2024,Q2
Sweden,Subscriptions,Data and Voice,Mobile broadband,2024-Q4,12714043.0,Subscriptions,2024,Q4
Switzerland,Subscriptions,Data and Voice,Mobile broadband,2018-Q2,7541267.0,Subscriptions,2018,Q2
Switzerland,Subscriptions,Data and Voice,Mobile broadband,2018-Q4,7772787.0,Subscriptions,2018,Q4
Switzerland,Subscriptions,Data and Voice,Mobile broadband,2019-Q2,7942569.0,Subscriptions,2019,Q2
Switzerland,Subscriptions,Data and Voice,Mobile broadband,2019-Q4,8112350.0,Subscriptions,2019,Q4
Switzerland,Subscriptions,Data and Voice,Mobile broadband,2020-Q2,8088416.0,Subscriptions,2020,Q2
Switzerland,Subscriptions,Data and Voice,Mobile broadband,2020-Q4,8064483.0,Subscriptions,2020,Q4
Switzerland,Subscriptions,Data and Voice,Mobile broadband,2021-Q2,8054115.0,Subscriptions,2021,Q2
Switzerland,Subscriptions,Data and Voice,Mobile broadband,2021-Q4,8043747.0,Subscriptions,2021,Q4
Switzerland,Subscriptions,Data and Voice,Mobile broadband,2022-Q2,8176990.0,Subscriptions,2022,Q2
Switzerland,Subscriptions,Data and Voice,Mobile broadband,2022-Q4,8310233.0,Subscriptions,2022,Q4
Switzerland,Subscriptions,Data and Voice,Mobile broadband,2023-Q2,8533895.0,Subscriptions,2023,Q2
Switzerland,Subscriptions,Data and Voice,Mobile broadband,2023-Q4,8744915.0,Subscriptions,2023,Q4
Switzerland,Subscriptions,Data and Voice,Mobile broadband,2024-Q2,8962727.0,Subscriptions,2024,Q2
Switzerland,Subscriptions,Data and Voice,Mobile broadband,2024-Q4,9044491.0,Subscriptions,2024,Q4
Türkiye,Subscriptions,Data and Voice,Mobile broadband,2018-Q2,58358956.0,Subscriptions,2018,Q2
Türkiye,Subscriptions,Data and Voice,Mobile broadband,2018-Q4,60436864.0,Subscriptions,2018,Q4
Türkiye,Subscriptions,Data and Voice,Mobile broadband,2019-Q2,60802355.0,Subscriptions,2019,Q2
Türkiye,Subscriptions,Data and Voice,Mobile broadband,2019-Q4,61684363.0,Subscriptions,2019,Q4
Türkiye,Subscriptions,Data and Voice,Mobile broadband,2020-Q2,62596692.0,Subscriptions,2020,Q2
Türkiye,Subscriptions,Data and Voice,Mobile broadband,2020-Q4,65139424.0,Subscriptions,2020,Q4
Türkiye,Subscriptions,Data and Voice,Mobile broadband,2021-Q2,67857214.0,Subscriptions,2021,Q2
Türkiye,Subscriptions,Data and Voice,Mobile broadband,2021-Q4,69581807.0,Subscriptions,2021,Q4
Türkiye,Subscriptions,Data and Voice,Mobile broadband,2022-Q2,70456341.0,Subscriptions,2022,Q2
Türkiye,Subscriptions,Data and Voice,Mobile broadband,2022-Q4,70944563.0,Subscriptions,2022,Q4
Türkiye,Subscriptions,Data and Voice,Mobile broadband,2023-Q2,73153793.0,Subscriptions,2023,Q2
Türkiye,Subscriptions,Data and Voice,Mobile broadband,2023-Q4,73046184.0,Subscriptions,2023,Q4
Türkiye,Subscriptions,Data and Voice,Mobile broadband,2024-Q2,74865156.0,Subscriptions,2024,Q2
Türkiye,Subscriptions,Data and Voice,Mobile broadband,2024-Q4,75180553.0,Subscriptions,2024,Q4
United Kingdom,Subscriptions,Data and Voice,Mobile broadband,2018-Q2,60255757.0,Subscriptions,2018,Q2
United Kingdom,Subscriptions,Data and Voice,Mobile broadband,2018-Q4,61652269.0,Subscriptions,2018,Q4
United Kingdom,Subscriptions,Data and Voice,Mobile broadband,2019-Q2,62717335.0,Subscriptions,2019,Q2
United Kingdom,Subscriptions,Data and Voice,Mobile broadband,2019-Q4,63026424.0,Subscriptions,2019,Q4
United Kingdom,Subscriptions,Data and Voice,Mobile broadband,2020-Q2,60837233.0,Subscriptions,2020,Q2
United Kingdom,Subscriptions,Data and Voice,Mobile broadband,2020-Q4,64016490.0,Subscriptions,2020,Q4
United Kingdom,Subscriptions,Data and Voice,Mobile broadband,2021-Q2,66158804.0,Subscriptions,2021,Q2
United Kingdom,Subscriptions,Data and Voice,Mobile broadband,2021-Q4,68285742.0,Subscriptions,2021,Q4
United Kingdom,Subscriptions,Data and Voice,Mobile broadband,2022-Q2,68515646.0,Subscriptions,2022,Q2
United Kingdom,Subscriptions,Data and Voice,Mobile broadband,2022-Q4,70428865.0,Subscriptions,2022,Q4
United Kingdom,Subscriptions,Data and Voice,Mobile broadband,2023-Q2,72503702.0,Subscriptions,2023,Q2
United Kingdom,Subscriptions,Data and Voice,Mobile broadband,2023-Q4,74436011.0,Subscriptions,2023,Q4
United Kingdom,Subscriptions,Data and Voice,Mobile broadband,2024-Q2,75374970.0,Subscriptions,2024,Q2
United Kingdom,Subscriptions,Data and Voice,Mobile broadband,2024-Q4,76538020.0,Subscriptions,2024,Q4
United States,Subscriptions,Data and Voice,Mobile broadband,2018-Q2,445287000.0,Subscriptions,2018,Q2
United States,Subscriptions,Data and Voice,Mobile broadband,2018-Q4,473663101.0,Subscriptions,2018,Q4
United States,Subscriptions,Data and Voice,Mobile broadband,2019-Q2,478471000.0,Subscriptions,2019,Q2
United States,Subscriptions,Data and Voice,Mobile broadband,2019-Q4,492896000.0,Subscriptions,2019,Q4
United States,Subscriptions,Data and Voice,Mobile broadband,2020-Q2,499344000.0,Subscriptions,2020,Q2
United States,Subscriptions,Data and Voice,Mobile broadband,2020-Q4,518730000.0,Subscriptions,2020,Q4
United States,Subscriptions,Data and Voice,Mobile broadband,2021-Q2,534643594.0,Subscriptions,2021,Q2
United States,Subscriptions,Data and Voice,Mobile broadband,2021-Q4,558699877.0,Subscriptions,2021,Q4
United States,Subscriptions,Data and Voice,Mobile broadband,2022-Q2,570000000.0,Subscriptions,2022,Q2
United States,Subscriptions,Data and Voice,Mobile broadband,2022-Q4,586991000.0,Subscriptions,2022,Q4
United States,Subscriptions,Data and Voice,Mobile broadband,2023-Q2,610662000.0,Subscriptions,2023,Q2
United States,Subscriptions,Data and Voice,Mobile broadband,2023-Q4,637079000.0,Subscriptions,2023,Q4
United States,Subscriptions,Data and Voice,Mobile broadband,2024-Q2,664639000.0,Subscriptions,2024,Q2
United States,Subscriptions,Data and Voice,Mobile broadband,2024-Q4,679709000.0,Subscriptions,2024,Q4
OECD,Subscriptions,Data and Voice,Mobile broadband,2018-Q2,1280975819.0,Subscriptions,2018,Q2
OECD,Subscriptions,Data and Voice,Mobile broadband,2018-Q4,1330050057.0,Subscriptions,2018,Q4
OECD,Subscriptions,Data and Voice,Mobile broadband,2019-Q2,1358455617.0,Subscriptions,2019,Q2
OECD,Subscriptions,Data and Voice,Mobile broadband,2019-Q4,1400638171.0,Subscriptions,2019,Q4
OECD,Subscriptions,Data and Voice,Mobile broadband,2020-Q2,1405881527.0,Subscriptions,2020,Q2
OECD,Subscriptions,Data and Voice,Mobile broadband,2020-Q4,1449988784.0,Subscriptions,2020,Q4
OECD,Subscriptions,Data and Voice,Mobile broadband,2021-Q2,1490787016.0,Subscriptions,2021,Q2
OECD,Subscriptions,Data and Voice,Mobile broadband,2021-Q4,1541389678.0,Subscriptions,2021,Q4
OECD,Subscriptions,Data and Voice,Mobile broadband,2022-Q2,1575636868.0,Subscriptions,2022,Q2
OECD,Subscriptions,Data and Voice,Mobile broadband,2022-Q4,1606530036.0,Subscriptions,2022,Q4
OECD,Subscriptions,Data and Voice,Mobile broadband,2023-Q2,1656618772.0,Subscriptions,2023,Q2
OECD,Subscriptions,Data and Voice,Mobile broadband,2023-Q4,1696130677.0,Subscriptions,2023,Q4
OECD,Subscriptions,Data and Voice,Mobile broadband,2024-Q2,1741954319.0,Subscriptions,2024,Q2
OECD,Subscriptions,Data and Voice,Mobile broadband,2024-Q4,1774980578.0,Subscriptions,2024,Q4
Brazil,Subscriptions,Data and Voice,Mobile broadband,2018-Q2,190393144.0,Subscriptions,2018,Q2
Brazil,Subscriptions,Data and Voice,Mobile broadband,2018-Q4,184570501.0,Subscriptions,2018,Q4
Brazil,Subscriptions,Data and Voice,Mobile broadband,2019-Q2,185367477.0,Subscriptions,2019,Q2
Brazil,Subscriptions,Data and Voice,Mobile broadband,2019-Q4,183789072.0,Subscriptions,2019,Q4
Brazil,Subscriptions,Data and Voice,Mobile broadband,2020-Q2,183031197.0,Subscriptions,2020,Q2
Brazil,Subscriptions,Data and Voice,Mobile broadband,2020-Q4,190738810.0,Subscriptions,2020,Q4
Brazil,Subscriptions,Data and Voice,Mobile broadband,2021-Q2,184751958.0,Subscriptions,2021,Q2
Brazil,Subscriptions,Data and Voice,Mobile broadband,2021-Q4,189002968.0,Subscriptions,2021,Q4
Brazil,Subscriptions,Data and Voice,Mobile broadband,2022-Q2,195618746.0,Subscriptions,2022,Q2
Brazil,Subscriptions,Data and Voice,Mobile broadband,2022-Q4,196025043.0,Subscriptions,2022,Q4
Brazil,Subscriptions,Data and Voice,Mobile broadband,2023-Q2,197822736.0,Subscriptions,2023,Q2
Brazil,Subscriptions,Data and Voice,Mobile broadband,2023-Q4,201188707.0,Subscriptions,2023,Q4
Brazil,Subscriptions,Data and Voice,Mobile broadband,2024-Q2,201376514.0,Subscriptions,2024,Q2
Brazil,Subscriptions,Data and Voice,Mobile broadband,2024-Q4,203452322.0,Subscriptions,2024,Q4
Bulgaria,Subscriptions,Data and Voice,Mobile broadband,2018-Q2,4974501.0,Subscriptions,2018,Q2
Bulgaria,Subscriptions,Data and Voice,Mobile broadband,2018-Q4,5100755.0,Subscriptions,2018,Q4
Bulgaria,Subscriptions,Data and Voice,Mobile broadband,2019-Q2,5270010.0,Subscriptions,2019,Q2
Bulgaria,Subscriptions,Data and Voice,Mobile broadband,2019-Q4,5474681.0,Subscriptions,2019,Q4
Bulgaria,Subscriptions,Data and Voice,Mobile broadband,2020-Q2,5456411.0,Subscriptions,2020,Q2
Bulgaria,Subscriptions,Data and Voice,Mobile broadband,2020-Q4,5482476.0,Subscriptions,2020,Q4
Bulgaria,Subscriptions,Data and Voice,Mobile broadband,2021-Q2,5589081.0,Subscriptions,2021,Q2
Bulgaria,Subscriptions,Data and Voice,Mobile broadband,2021-Q4,5617503.0,Subscriptions,2021,Q4
Bulgaria,Subscriptions,Data and Voice,Mobile broadband,2022-Q2,5730021.0,Subscriptions,2022,Q2
Bulgaria,Subscriptions,Data and Voice,Mobile broadband,2022-Q4,5855998.0,Subscriptions,2022,Q4
Bulgaria,Subscriptions,Data and Voice,Mobile broadband,2023-Q2,5942021.0,Subscriptions,2023,Q2
Bulgaria,Subscriptions,Data and Voice,Mobile broadband,2023-Q4,6012108.0,Subscriptions,2023,Q4
Bulgaria,Subscriptions,Data and Voice,Mobile broadband,2024-Q2,6170517.0,Subscriptions,2024,Q2
Bulgaria,Subscriptions,Data and Voice,Mobile broadband,2024-Q4,6103573.0,Subscriptions,2024,Q4
Croatia,Subscriptions,Data and Voice,Mobile broadband,2018-Q4,3514032.0,Subscriptions,2018,Q4
Croatia,Subscriptions,Data and Voice,Mobile broadband,2019-Q4,3623860.0,Subscriptions,2019,Q4
Croatia,Subscriptions,Data and Voice,Mobile broadband,2020-Q4,4598772.0,Subscriptions,2020,Q4
Croatia,Subscriptions,Data and Voice,Mobile broadband,2021-Q4,4716731.0,Subscriptions,2021,Q4
Croatia,Subscriptions,Data and Voice,Mobile broadband,2022-Q4,5096828.0,Subscriptions,2022,Q4
Croatia,Subscriptions,Data and Voice,Mobile broadband,2023-Q2,5445021.0,Subscriptions,2023,Q2
Croatia,Subscriptions,Data and Voice,Mobile broadband,2023-Q4,5442857.0,Subscriptions,2023,Q4
Croatia,Subscriptions,Data and Voice,Mobile broadband,2024-Q2,5666981.0,Subscriptions,2024,Q2
Croatia,Subscriptions,Data and Voice,Mobile broadband,2024-Q4,5487857.0,Subscriptions,2024,Q4
Peru,Subscriptions,Data and Voice,Mobile broadband,2018-Q4,23786590.0,Subscriptions,2018,Q4
Peru,Subscriptions,Data and Voice,Mobile broadband,2019-Q4,24685448.0,Subscriptions,2019,Q4
Peru,Subscriptions,Data and Voice,Mobile broadband,2020-Q4,25819880.0,Subscriptions,2020,Q4
Peru,Subscriptions,Data and Voice,Mobile broadband,2021-Q4,27994138.0,Subscriptions,2021,Q4
Peru,Subscriptions,Data and Voice,Mobile broadband,2022-Q4,30007570.0,Subscriptions,2022,Q4
Peru,Subscriptions,Data and Voice,Mobile broadband,2023-Q4,30311171.0,Subscriptions,2023,Q4
Peru,Subscriptions,Data and Voice,Mobile broadband,2024-Q4,31796451.0,Subscriptions,2024,Q4
Romania,Subscriptions,Data and Voice,Mobile broadband,2018-Q2,17404303.0,Subscriptions,2018,Q2
Romania,Subscriptions,Data and Voice,Mobile broadband,2018-Q4,18160707.0,Subscriptions,2018,Q4
Romania,Subscriptions,Data and Voice,Mobile broadband,2019-Q2,17909236.0,Subscriptions,2019,Q2
Romania,Subscriptions,Data and Voice,Mobile broadband,2019-Q4,17962692.0,Subscriptions,2019,Q4
Romania,Subscriptions,Data and Voice,Mobile broadband,2020-Q2,17668298.0,Subscriptions,2020,Q2
Romania,Subscriptions,Data and Voice,Mobile broadband,2020-Q4,18353154.0,Subscriptions,2020,Q4
Romania,Subscriptions,Data and Voice,Mobile broadband,2021-Q2,18486233.0,Subscriptions,2021,Q2
Romania,Subscriptions,Data and Voice,Mobile broadband,2021-Q4,19294349.0,Subscriptions,2021,Q4
Romania,Subscriptions,Data and Voice,Mobile broadband,2022-Q2,19358562.0,Subscriptions,2022,Q2
Romania,Subscriptions,Data and Voice,Mobile broadband,2022-Q4,19658734.0,Subscriptions,2022,Q4
Romania,Subscriptions,Data and Voice,Mobile broadband,2023-Q2,19946575.0,Subscriptions,2023,Q2
Romania,Subscriptions,Data and Voice,Mobile broadband,2023-Q4,20388418.0,Subscriptions,2023,Q4
Romania,Subscriptions,Data and Voice,Mobile broadband,2024-Q2,20423074.0,Subscriptions,2024,Q2
Romania,Subscriptions,Data and Voice,Mobile broadband,2024-Q4,20873758.0,Subscriptions,2024,Q4
Thailand,Subscriptions,Data and Voice,Mobile broadband,2018-Q4,58054000.0,Subscriptions,2018,Q4
Thailand,Subscriptions,Data and Voice,Mobile broadband,2019-Q4,60348000.0,Subscriptions,2019,Q4
Thailand,Subscriptions,Data and Voice,Mobile broadband,2020-Q4,63060000.0,Subscriptions,2020,Q4
Thailand,Subscriptions,Data and Voice,Mobile broadband,2021-Q4,80145000.0,Subscriptions,2021,Q4
Thailand,Subscriptions,Data and Voice,Mobile broadband,2022-Q4,83104158.0,Subscriptions,2022,Q4
Thailand,Subscriptions,Data and Voice,Mobile broadband,2023-Q4,75790578.0,Subscriptions,2023,Q4
Thailand,Subscriptions,Data and Voice,Mobile broadband,2024-Q2,77706514.0,Subscriptions,2024,Q2
Thailand,Subscriptions,Data and Voice,Mobile broadband,2024-Q4,75118205.0,Subscriptions,2024,Q4
Australia,Subscriptions,Data only,Mobile broadband,2018-Q2,6561000.0,Subscriptions,2018,Q2
Australia,Subscriptions,Data only,Mobile broadband,2018-Q4,7970000.0,Subscriptions,2018,Q4
Australia,Subscriptions,Data only,Mobile broadband,2019-Q2,5227000.0,Subscriptions,2019,Q2
Australia,Subscriptions,Data only,Mobile broadband,2019-Q4,4776000.0,Subscriptions,2019,Q4
Australia,Subscriptions,Data only,Mobile broadband,2020-Q2,4794000.0,Subscriptions,2020,Q2
Australia,Subscriptions,Data only,Mobile broadband,2020-Q4,4627000.0,Subscriptions,2020,Q4
Australia,Subscriptions,Data only,Mobile broadband,2021-Q2,4577000.0,Subscriptions,2021,Q2
Australia,Subscriptions,Data only,Mobile broadband,2021-Q4,4341000.0,Subscriptions,2021,Q4
Australia,Subscriptions,Data only,Mobile broadband,2022-Q2,4376000.0,Subscriptions,2022,Q2
Australia,Subscriptions,Data only,Mobile broadband,2022-Q4,4393000.0,Subscriptions,2022,Q4
Australia,Subscriptions,Data only,Mobile broadband,2023-Q2,4304000.0,Subscriptions,2023,Q2
Australia,Subscriptions,Data only,Mobile broadband,2023-Q4,4213000.0,Subscriptions,2023,Q4
Australia,Subscriptions,Data only,Mobile broadband,2024-Q2,4164000.0,Subscriptions,2024,Q2
Australia,Subscriptions,Data only,Mobile broadband,2024-Q4,4093000.0,Subscriptions,2024,Q4
Austria,Subscriptions,Data only,Mobile broadband,2018-Q2,2139968.0,Subscriptions,2018,Q2
Austria,Subscriptions,Data only,Mobile broadband,2018-Q4,2161508.0,Subscriptions,2018,Q4
Austria,Subscriptions,Data only,Mobile broadband,2019-Q2,2287748.0,Subscriptions,2019,Q2
Austria,Subscriptions,Data only,Mobile broadband,2019-Q4,2270874.0,Subscriptions,2019,Q4
Austria,Subscriptions,Data only,Mobile broadband,2020-Q2,2157075.0,Subscriptions,2020,Q2
Austria,Subscriptions,Data only,Mobile broadband,2020-Q4,2197389.0,Subscriptions,2020,Q4
Austria,Subscriptions,Data only,Mobile broadband,2021-Q2,2169955.0,Subscriptions,2021,Q2
Austria,Subscriptions,Data only,Mobile broadband,2021-Q4,2217461.0,Subscriptions,2021,Q4
Austria,Subscriptions,Data only,Mobile broadband,2022-Q2,2252195.0,Subscriptions,2022,Q2
Austria,Subscriptions,Data only,Mobile broadband,2022-Q4,2308199.0,Subscriptions,2022,Q4
Austria,Subscriptions,Data only,Mobile broadband,2023-Q2,2330468.0,Subscriptions,2023,Q2
Austria,Subscriptions,Data only,Mobile broadband,2023-Q4,2341952.0,Subscriptions,2023,Q4
Austria,Subscriptions,Data only,Mobile broadband,2024-Q2,2639066.0,Subscriptions,2024,Q2
Austria,Subscriptions,Data only,Mobile broadband,2024-Q4,2770206.0,Subscriptions,2024,Q4
Belgium,Subscriptions,Data only,Mobile broadband,2018-Q2,711213.0,Subscriptions,2018,Q2
Belgium,Subscriptions,Data only,Mobile broadband,2018-Q4,578128.0,Subscriptions,2018,Q4
Belgium,Subscriptions,Data only,Mobile broadband,2019-Q2,591812.0,Subscriptions,2019,Q2
Belgium,Subscriptions,Data only,Mobile broadband,2019-Q4,594282.0,Subscriptions,2019,Q4
Belgium,Subscriptions,Data only,Mobile broadband,2020-Q2,635730.0,Subscriptions,2020,Q2
Belgium,Subscriptions,Data only,Mobile broadband,2020-Q4,642018.0,Subscriptions,2020,Q4
Belgium,Subscriptions,Data only,Mobile broadband,2021-Q2,634393.0,Subscriptions,2021,Q2
Belgium,Subscriptions,Data only,Mobile broadband,2021-Q4,675776.0,Subscriptions,2021,Q4
Belgium,Subscriptions,Data only,Mobile broadband,2022-Q2,762853.0,Subscriptions,2022,Q2
Belgium,Subscriptions,Data only,Mobile broadband,2022-Q4,760414.0,Subscriptions,2022,Q4
Belgium,Subscriptions,Data only,Mobile broadband,2023-Q2,789978.0,Subscriptions,2023,Q2
Belgium,Subscriptions,Data only,Mobile broadband,2023-Q4,810552.0,Subscriptions,2023,Q4
Belgium,Subscriptions,Data only,Mobile broadband,2024-Q2,828005.0,Subscriptions,2024,Q2
Belgium,Subscriptions,Data only,Mobile broadband,2024-Q4,864921.0,Subscriptions,2024,Q4
Canada,Subscriptions,Data only,Mobile broadband,2018-Q2,2340815.0,Subscriptions,2018,Q2
Canada,Subscriptions,Data only,Mobile broadband,2018-Q4,2506043.0,Subscriptions,2018,Q4
Canada,Subscriptions,Data only,Mobile broadband,2019-Q2,2696649.0,Subscriptions,2019,Q2
Canada,Subscriptions,Data only,Mobile broadband,2019-Q4,2684337.0,Subscriptions,2019,Q4
Canada,Subscriptions,Data only,Mobile broadband,2020-Q2,3842578.0,Subscriptions,2020,Q2
Canada,Subscriptions,Data only,Mobile broadband,2020-Q4,2556666.0,Subscriptions,2020,Q4
Canada,Subscriptions,Data only,Mobile broadband,2021-Q2,2568319.0,Subscriptions,2021,Q2
Canada,Subscriptions,Data only,Mobile broadband,2021-Q4,2509705.0,Subscriptions,2021,Q4
Canada,Subscriptions,Data only,Mobile broadband,2022-Q2,2331346.0,Subscriptions,2022,Q2
Canada,Subscriptions,Data only,Mobile broadband,2022-Q4,2152319.0,Subscriptions,2022,Q4
Canada,Subscriptions,Data only,Mobile broadband,2023-Q2,1969636.0,Subscriptions,2023,Q2
Canada,Subscriptions,Data only,Mobile broadband,2023-Q4,1842847.0,Subscriptions,2023,Q4
Canada,Subscriptions,Data only,Mobile broadband,2024-Q2,1701820.0,Subscriptions,2024,Q2
Canada,Subscriptions,Data only,Mobile broadband,2024-Q4,1589363.0,Subscriptions,2024,Q4
Chile,Subscriptions,Data only,Mobile broadband,2018-Q2,818468.0,Subscriptions,2018,Q2
Chile,Subscriptions,Data only,Mobile broadband,2018-Q4,737559.0,Subscriptions,2018,Q4
Chile,Subscriptions,Data only,Mobile broadband,2019-Q2,652214.0,Subscriptions,2019,Q2
Chile,Subscriptions,Data only,Mobile broadband,2019-Q4,570505.0,Subscriptions,2019,Q4
Chile,Subscriptions,Data only,Mobile broadband,2020-Q2,638288.0,Subscriptions,2020,Q2
Chile,Subscriptions,Data only,Mobile broadband,2020-Q4,761360.0,Subscriptions,2020,Q4
Chile,Subscriptions,Data only,Mobile broadband,2021-Q2,885646.0,Subscriptions,2021,Q2
Chile,Subscriptions,Data only,Mobile broadband,2021-Q4,859868.0,Subscriptions,2021,Q4
Chile,Subscriptions,Data only,Mobile broadband,2022-Q2,743582.0,Subscriptions,2022,Q2
Chile,Subscriptions,Data only,Mobile broadband,2022-Q4,497285.0,Subscriptions,2022,Q4
Chile,Subscriptions,Data only,Mobile broadband,2023-Q2,441024.0,Subscriptions,2023,Q2
Chile,Subscriptions,Data only,Mobile broadband,2023-Q4,475890.0,Subscriptions,2023,Q4
Chile,Subscriptions,Data only,Mobile broadband,2024-Q2,457282.0,Subscriptions,2024,Q2
Chile,Subscriptions,Data only,Mobile broadband,2024-Q4,487182.0,Subscriptions,2024,Q4
Colombia,Subscriptions,Data only,Mobile broadband,2018-Q2,370211.0,Subscriptions,2018,Q2
Colombia,Subscriptions,Data only,Mobile broadband,2018-Q4,389878.0,Subscriptions,2018,Q4
Colombia,Subscriptions,Data only,Mobile broadband,2019-Q2,412737.0,Subscriptions,2019,Q2
Colombia,Subscriptions,Data only,Mobile broadband,2019-Q4,405769.0,Subscriptions,2019,Q4
Colombia,Subscriptions,Data only,Mobile broadband,2020-Q2,417660.0,Subscriptions,2020,Q2
Colombia,Subscriptions,Data only,Mobile broadband,2020-Q4,441289.0,Subscriptions,2020,Q4
Colombia,Subscriptions,Data only,Mobile broadband,2021-Q2,487850.0,Subscriptions,2021,Q2
Colombia,Subscriptions,Data only,Mobile broadband,2021-Q4,499784.0,Subscriptions,2021,Q4
Colombia,Subscriptions,Data only,Mobile broadband,2022-Q2,464687.0,Subscriptions,2022,Q2
Colombia,Subscriptions,Data only,Mobile broadband,2022-Q4,479428.0,Subscriptions,2022,Q4
Colombia,Subscriptions,Data only,Mobile broadband,2023-Q2,467670.0,Subscriptions,2023,Q2
Colombia,Subscriptions,Data only,Mobile broadband,2023-Q4,474115.0,Subscriptions,2023,Q4
Colombia,Subscriptions,Data only,Mobile broadband,2024-Q2,452051.0,Subscriptions,2024,Q2
Colombia,Subscriptions,Data only,Mobile broadband,2024-Q4,437157.0,Subscriptions,2024,Q4
Costa Rica,Subscriptions,Data only,Mobile broadband,2018-Q2,114551.0,Subscriptions,2018,Q2
Costa Rica,Subscriptions,Data only,Mobile broadband,2018-Q4,117698.0,Subscriptions,2018,Q4
Costa Rica,Subscriptions,Data only,Mobile broadband,2019-Q2,128178.0,Subscriptions,2019,Q2
Costa Rica,Subscriptions,Data only,Mobile broadband,2019-Q4,132767.0,Subscriptions,2019,Q4
Costa Rica,Subscriptions,Data only,Mobile broadband,2020-Q2,135389.0,Subscriptions,2020,Q2
Costa Rica,Subscriptions,Data only,Mobile broadband,2020-Q4,133147.0,Subscriptions,2020,Q4
Costa Rica,Subscriptions,Data only,Mobile broadband,2021-Q2,130477.0,Subscriptions,2021,Q2
Costa Rica,Subscriptions,Data only,Mobile broadband,2021-Q4,128005.0,Subscriptions,2021,Q4
Costa Rica,Subscriptions,Data only,Mobile broadband,2022-Q2,122009.0,Subscriptions,2022,Q2
Costa Rica,Subscriptions,Data only,Mobile broadband,2022-Q4,126652.0,Subscriptions,2022,Q4
Costa Rica,Subscriptions,Data only,Mobile broadband,2023-Q2,133582.0,Subscriptions,2023,Q2
Costa Rica,Subscriptions,Data only,Mobile broadband,2023-Q4,135620.0,Subscriptions,2023,Q4
Costa Rica,Subscriptions,Data only,Mobile broadband,2024-Q2,140769.0,Subscriptions,2024,Q2
Costa Rica,Subscriptions,Data only,Mobile broadband,2024-Q4,138935.0,Subscriptions,2024,Q4
Czechia,Subscriptions,Data only,Mobile broadband,2018-Q2,1059447.0,Subscriptions,2018,Q2
Czechia,Subscriptions,Data only,Mobile broadband,2018-Q4,1050345.0,Subscriptions,2018,Q4
Czechia,Subscriptions,Data only,Mobile broadband,2019-Q2,1039905.0,Subscriptions,2019,Q2
Czechia,Subscriptions,Data only,Mobile broadband,2019-Q4,516623.0,Subscriptions,2019,Q4
Czechia,Subscriptions,Data only,Mobile broadband,2020-Q2,438638.0,Subscriptions,2020,Q2
Czechia,Subscriptions,Data only,Mobile broadband,2020-Q4,390411.0,Subscriptions,2020,Q4
Czechia,Subscriptions,Data only,Mobile broadband,2021-Q2,376690.0,Subscriptions,2021,Q2
Czechia,Subscriptions,Data only,Mobile broadband,2021-Q4,348912.0,Subscriptions,2021,Q4
Czechia,Subscriptions,Data only,Mobile broadband,2022-Q2,328524.0,Subscriptions,2022,Q2
Czechia,Subscriptions,Data only,Mobile broadband,2022-Q4,312691.0,Subscriptions,2022,Q4
Czechia,Subscriptions,Data only,Mobile broadband,2023-Q2,313732.0,Subscriptions,2023,Q2
Czechia,Subscriptions,Data only,Mobile broadband,2023-Q4,317155.0,Subscriptions,2023,Q4
Czechia,Subscriptions,Data only,Mobile broadband,2024-Q2,311186.0,Subscriptions,2024,Q2
Czechia,Subscriptions,Data only,Mobile broadband,2024-Q4,295358.0,Subscriptions,2024,Q4
Denmark,Subscriptions,Data only,Mobile broadband,2018-Q2,1209277.0,Subscriptions,2018,Q2
Denmark,Subscriptions,Data only,Mobile broadband,2018-Q4,1182387.0,Subscriptions,2018,Q4
Denmark,Subscriptions,Data only,Mobile broadband,2019-Q2,1160888.0,Subscriptions,2019,Q2
Denmark,Subscriptions,Data only,Mobile broadband,2019-Q4,1134799.0,Subscriptions,2019,Q4
Denmark,Subscriptions,Data only,Mobile broadband,2020-Q2,1166135.0,Subscriptions,2020,Q2
Denmark,Subscriptions,Data only,Mobile broadband,2020-Q4,1162322.0,Subscriptions,2020,Q4
Denmark,Subscriptions,Data only,Mobile broadband,2021-Q2,1172126.0,Subscriptions,2021,Q2
Denmark,Subscriptions,Data only,Mobile broadband,2021-Q4,1181674.0,Subscriptions,2021,Q4
Denmark,Subscriptions,Data only,Mobile broadband,2022-Q2,1241102.0,Subscriptions,2022,Q2
Denmark,Subscriptions,Data only,Mobile broadband,2022-Q4,1244357.0,Subscriptions,2022,Q4
Denmark,Subscriptions,Data only,Mobile broadband,2023-Q2,1248590.0,Subscriptions,2023,Q2
Denmark,Subscriptions,Data only,Mobile broadband,2023-Q4,1229994.0,Subscriptions,2023,Q4
Denmark,Subscriptions,Data only,Mobile broadband,2024-Q2,1266991.0,Subscriptions,2024,Q2
Denmark,Subscriptions,Data only,Mobile broadband,2024-Q4,1309975.0,Subscriptions,2024,Q4
Estonia,Subscriptions,Data only,Mobile broadband,2018-Q2,799178.0,Subscriptions,2018,Q2
Estonia,Subscriptions,Data only,Mobile broadband,2018-Q4,808976.0,Subscriptions,2018,Q4
Estonia,Subscriptions,Data only,Mobile broadband,2019-Q2,819498.0,Subscriptions,2019,Q2
Estonia,Subscriptions,Data only,Mobile broadband,2019-Q4,221059.0,Subscriptions,2019,Q4
Estonia,Subscriptions,Data only,Mobile broadband,2020-Q2,991481.0,Subscriptions,2020,Q2
Estonia,Subscriptions,Data only,Mobile broadband,2020-Q4,229302.0,Subscriptions,2020,Q4
Estonia,Subscriptions,Data only,Mobile broadband,2021-Q2,866751.0,Subscriptions,2021,Q2
Estonia,Subscriptions,Data only,Mobile broadband,2021-Q4,246104.0,Subscriptions,2021,Q4
Estonia,Subscriptions,Data only,Mobile broadband,2022-Q2,358996.0,Subscriptions,2022,Q2
Estonia,Subscriptions,Data only,Mobile broadband,2022-Q4,374811.0,Subscriptions,2022,Q4
Estonia,Subscriptions,Data only,Mobile broadband,2023-Q2,378236.0,Subscriptions,2023,Q2
Estonia,Subscriptions,Data only,Mobile broadband,2023-Q4,355576.0,Subscriptions,2023,Q4
Estonia,Subscriptions,Data only,Mobile broadband,2024-Q2,353991.0,Subscriptions,2024,Q2
Estonia,Subscriptions,Data only,Mobile broadband,2024-Q4,381873.0,Subscriptions,2024,Q4
Finland,Subscriptions,Data only,Mobile broadband,2018-Q2,2240000.0,Subscriptions,2018,Q2
Finland,Subscriptions,Data only,Mobile broadband,2018-Q4,2230000.0,Subscriptions,2018,Q4
Finland,Subscriptions,Data only,Mobile broadband,2019-Q2,2200000.0,Subscriptions,2019,Q2
Finland,Subscriptions,Data only,Mobile broadband,2019-Q4,2110000.0,Subscriptions,2019,Q4
Finland,Subscriptions,Data only,Mobile broadband,2020-Q2,2110000.0,Subscriptions,2020,Q2
Finland,Subscriptions,Data only,Mobile broadband,2020-Q4,2130000.0,Subscriptions,2020,Q4
Finland,Subscriptions,Data only,Mobile broadband,2021-Q2,2080000.0,Subscriptions,2021,Q2
Finland,Subscriptions,Data only,Mobile broadband,2021-Q4,2090000.0,Subscriptions,2021,Q4
Finland,Subscriptions,Data only,Mobile broadband,2022-Q2,2140000.0,Subscriptions,2022,Q2
Finland,Subscriptions,Data only,Mobile broadband,2022-Q4,2140000.0,Subscriptions,2022,Q4
Finland,Subscriptions,Data only,Mobile broadband,2023-Q2,2130000.0,Subscriptions,2023,Q2
Finland,Subscriptions,Data only,Mobile broadband,2023-Q4,2100000.0,Subscriptions,2023,Q4
Finland,Subscriptions,Data only,Mobile broadband,2024-Q2,2090000.0,Subscriptions,2024,Q2
Finland,Subscriptions,Data only,Mobile broadband,2024-Q4,2070000.0,Subscriptions,2024,Q4
France,Subscriptions,Data only,Mobile broadband,2018-Q2,3493000.0,Subscriptions,2018,Q2
France,Subscriptions,Data only,Mobile broadband,2018-Q4,3402000.0,Subscriptions,2018,Q4
France,Subscriptions,Data only,Mobile broadband,2019-Q2,3319000.0,Subscriptions,2019,Q2
France,Subscriptions,Data only,Mobile broadband,2019-Q4,3312000.0,Subscriptions,2019,Q4
France,Subscriptions,Data only,Mobile broadband,2020-Q2,3342000.0,Subscriptions,2020,Q2
France,Subscriptions,Data only,Mobile broadband,2020-Q4,3466000.0,Subscriptions,2020,Q4
France,Subscriptions,Data only,Mobile broadband,2021-Q2,3591000.0,Subscriptions,2021,Q2
France,Subscriptions,Data only,Mobile broadband,2021-Q4,3669000.0,Subscriptions,2021,Q4
France,Subscriptions,Data only,Mobile broadband,2022-Q2,3769000.0,Subscriptions,2022,Q2
France,Subscriptions,Data only,Mobile broadband,2022-Q4,3936000.0,Subscriptions,2022,Q4
France,Subscriptions,Data only,Mobile broadband,2023-Q2,3955000.0,Subscriptions,2023,Q2
France,Subscriptions,Data only,Mobile broadband,2023-Q4,4166000.0,Subscriptions,2023,Q4
France,Subscriptions,Data only,Mobile broadband,2024-Q2,4201000.0,Subscriptions,2024,Q2
France,Subscriptions,Data only,Mobile broadband,2024-Q4,4138000.0,Subscriptions,2024,Q4
Germany,Subscriptions,Data only,Mobile broadband,2018-Q2,3694476.0,Subscriptions,2018,Q2
Germany,Subscriptions,Data only,Mobile broadband,2018-Q4,3613934.0,Subscriptions,2018,Q4
Germany,Subscriptions,Data only,Mobile broadband,2019-Q2,3381365.0,Subscriptions,2019,Q2
Germany,Subscriptions,Data only,Mobile broadband,2019-Q4,3353633.0,Subscriptions,2019,Q4
Germany,Subscriptions,Data only,Mobile broadband,2020-Q2,3301743.0,Subscriptions,2020,Q2
Germany,Subscriptions,Data only,Mobile broadband,2020-Q4,3345000.0,Subscriptions,2020,Q4
Germany,Subscriptions,Data only,Mobile broadband,2021-Q2,3320000.0,Subscriptions,2021,Q2
Germany,Subscriptions,Data only,Mobile broadband,2021-Q4,3321000.0,Subscriptions,2021,Q4
Germany,Subscriptions,Data only,Mobile broadband,2022-Q2,3265000.0,Subscriptions,2022,Q2
Germany,Subscriptions,Data only,Mobile broadband,2022-Q4,3230000.0,Subscriptions,2022,Q4
Germany,Subscriptions,Data only,Mobile broadband,2023-Q2,3075000.0,Subscriptions,2023,Q2
Germany,Subscriptions,Data only,Mobile broadband,2023-Q4,3064000.0,Subscriptions,2023,Q4
Germany,Subscriptions,Data only,Mobile broadband,2024-Q2,3129000.0,Subscriptions,2024,Q2
Germany,Subscriptions,Data only,Mobile broadband,2024-Q4,3128000.0,Subscriptions,2024,Q4
Greece,Subscriptions,Data only,Mobile broadband,2018-Q2,447626.0,Subscriptions,2018,Q2
Greece,Subscriptions,Data only,Mobile broadband,2018-Q4,439843.0,Subscriptions,2018,Q4
Greece,Subscriptions,Data only,Mobile broadband,2019-Q2,463428.0,Subscriptions,2019,Q2
Greece,Subscriptions,Data only,Mobile broadband,2019-Q4,454549.0,Subscriptions,2019,Q4
Greece,Subscriptions,Data only,Mobile broadband,2020-Q2,447105.0,Subscriptions,2020,Q2
Greece,Subscriptions,Data only,Mobile broadband,2020-Q4,428441.0,Subscriptions,2020,Q4
Greece,Subscriptions,Data only,Mobile broadband,2021-Q2,424749.0,Subscriptions,2021,Q2
Greece,Subscriptions,Data only,Mobile broadband,2021-Q4,436952.0,Subscriptions,2021,Q4
Greece,Subscriptions,Data only,Mobile broadband,2022-Q2,437252.0,Subscriptions,2022,Q2
Greece,Subscriptions,Data only,Mobile broadband,2022-Q4,429876.0,Subscriptions,2022,Q4
Greece,Subscriptions,Data only,Mobile broadband,2023-Q2,441946.0,Subscriptions,2023,Q2
Greece,Subscriptions,Data only,Mobile broadband,2023-Q4,435405.0,Subscriptions,2023,Q4
Greece,Subscriptions,Data only,Mobile broadband,2024-Q2,466787.0,Subscriptions,2024,Q2
Greece,Subscriptions,Data only,Mobile broadband,2024-Q4,474209.0,Subscriptions,2024,Q4
Hungary,Subscriptions,Data only,Mobile broadband,2018-Q2,470469.0,Subscriptions,2018,Q2
Hungary,Subscriptions,Data only,Mobile broadband,2018-Q4,454357.0,Subscriptions,2018,Q4
Hungary,Subscriptions,Data only,Mobile broadband,2019-Q2,450150.0,Subscriptions,2019,Q2
Hungary,Subscriptions,Data only,Mobile broadband,2019-Q4,669599.0,Subscriptions,2019,Q4
Hungary,Subscriptions,Data only,Mobile broadband,2020-Q2,704093.0,Subscriptions,2020,Q2
Hungary,Subscriptions,Data only,Mobile broadband,2020-Q4,705303.0,Subscriptions,2020,Q4
Hungary,Subscriptions,Data only,Mobile broadband,2021-Q2,683497.0,Subscriptions,2021,Q2
Hungary,Subscriptions,Data only,Mobile broadband,2021-Q4,670611.0,Subscriptions,2021,Q4
Hungary,Subscriptions,Data only,Mobile broadband,2022-Q2,652763.0,Subscriptions,2022,Q2
Hungary,Subscriptions,Data only,Mobile broadband,2022-Q4,652139.0,Subscriptions,2022,Q4
Hungary,Subscriptions,Data only,Mobile broadband,2023-Q2,651900.0,Subscriptions,2023,Q2
Hungary,Subscriptions,Data only,Mobile broadband,2023-Q4,598126.0,Subscriptions,2023,Q4
Hungary,Subscriptions,Data only,Mobile broadband,2024-Q2,636178.0,Subscriptions,2024,Q2
Hungary,Subscriptions,Data only,Mobile broadband,2024-Q4,637407.0,Subscriptions,2024,Q4
Iceland,Subscriptions,Data only,Mobile broadband,2018-Q2,61799.0,Subscriptions,2018,Q2
Iceland,Subscriptions,Data only,Mobile broadband,2018-Q4,60711.0,Subscriptions,2018,Q4
Iceland,Subscriptions,Data only,Mobile broadband,2019-Q2,62920.0,Subscriptions,2019,Q2
Iceland,Subscriptions,Data only,Mobile broadband,2019-Q4,62396.0,Subscriptions,2019,Q4
Iceland,Subscriptions,Data only,Mobile broadband,2020-Q2,56939.0,Subscriptions,2020,Q2
Iceland,Subscriptions,Data only,Mobile broadband,2020-Q4,54155.0,Subscriptions,2020,Q4
Iceland,Subscriptions,Data only,Mobile broadband,2021-Q2,58888.0,Subscriptions,2021,Q2
Iceland,Subscriptions,Data only,Mobile broadband,2021-Q4,59749.0,Subscriptions,2021,Q4
Iceland,Subscriptions,Data only,Mobile broadband,2022-Q2,61717.0,Subscriptions,2022,Q2
Iceland,Subscriptions,Data only,Mobile broadband,2022-Q4,64858.0,Subscriptions,2022,Q4
Iceland,Subscriptions,Data only,Mobile broadband,2023-Q2,73088.0,Subscriptions,2023,Q2
Iceland,Subscriptions,Data only,Mobile broadband,2023-Q4,70508.0,Subscriptions,2023,Q4
Iceland,Subscriptions,Data only,Mobile broadband,2024-Q2,74849.0,Subscriptions,2024,Q2
Iceland,Subscriptions,Data only,Mobile broadband,2024-Q4,74796.0,Subscriptions,2024,Q4
Ireland,Subscriptions,Data only,Mobile broadband,2018-Q2,296984.0,Subscriptions,2018,Q2
Ireland,Subscriptions,Data only,Mobile broadband,2018-Q4,298419.0,Subscriptions,2018,Q4
Ireland,Subscriptions,Data only,Mobile broadband,2019-Q2,303836.0,Subscriptions,2019,Q2
Ireland,Subscriptions,Data only,Mobile broadband,2019-Q4,302495.0,Subscriptions,2019,Q4
Ireland,Subscriptions,Data only,Mobile broadband,2020-Q2,317975.0,Subscriptions,2020,Q2
Ireland,Subscriptions,Data only,Mobile broadband,2020-Q4,330689.0,Subscriptions,2020,Q4
Ireland,Subscriptions,Data only,Mobile broadband,2021-Q2,340962.0,Subscriptions,2021,Q2
Ireland,Subscriptions,Data only,Mobile broadband,2021-Q4,349900.0,Subscriptions,2021,Q4
Ireland,Subscriptions,Data only,Mobile broadband,2022-Q2,380201.0,Subscriptions,2022,Q2
Ireland,Subscriptions,Data only,Mobile broadband,2022-Q4,380470.0,Subscriptions,2022,Q4
Ireland,Subscriptions,Data only,Mobile broadband,2023-Q2,382797.0,Subscriptions,2023,Q2
Ireland,Subscriptions,Data only,Mobile broadband,2023-Q4,382500.0,Subscriptions,2023,Q4
Ireland,Subscriptions,Data only,Mobile broadband,2024-Q2,383270.0,Subscriptions,2024,Q2
Ireland,Subscriptions,Data only,Mobile broadband,2024-Q4,391262.0,Subscriptions,2024,Q4
Italy,Subscriptions,Data only,Mobile broadband,2018-Q2,7564423.0,Subscriptions,2018,Q2
Italy,Subscriptions,Data only,Mobile broadband,2018-Q4,8515054.0,Subscriptions,2018,Q4
Italy,Subscriptions,Data only,Mobile broadband,2019-Q2,8162191.0,Subscriptions,2019,Q2
Italy,Subscriptions,Data only,Mobile broadband,2019-Q4,7939196.0,Subscriptions,2019,Q4
Italy,Subscriptions,Data only,Mobile broadband,2020-Q2,7429564.0,Subscriptions,2020,Q2
Italy,Subscriptions,Data only,Mobile broadband,2020-Q4,8871378.0,Subscriptions,2020,Q4
Italy,Subscriptions,Data only,Mobile broadband,2021-Q2,7164945.0,Subscriptions,2021,Q2
Italy,Subscriptions,Data only,Mobile broadband,2021-Q4,7026643.0,Subscriptions,2021,Q4
Italy,Subscriptions,Data only,Mobile broadband,2022-Q2,6725582.0,Subscriptions,2022,Q2
Italy,Subscriptions,Data only,Mobile broadband,2022-Q4,6278569.0,Subscriptions,2022,Q4
Italy,Subscriptions,Data only,Mobile broadband,2023-Q2,5684646.0,Subscriptions,2023,Q2
Italy,Subscriptions,Data only,Mobile broadband,2023-Q4,5857478.0,Subscriptions,2023,Q4
Italy,Subscriptions,Data only,Mobile broadband,2024-Q2,5758229.0,Subscriptions,2024,Q2
Italy,Subscriptions,Data only,Mobile broadband,2024-Q4,5616947.0,Subscriptions,2024,Q4
Japan,Subscriptions,Data only,Mobile broadband,2018-Q2,90725620.0,Subscriptions,2018,Q2
Japan,Subscriptions,Data only,Mobile broadband,2018-Q4,95068593.0,Subscriptions,2018,Q4
Japan,Subscriptions,Data only,Mobile broadband,2019-Q2,99552681.0,Subscriptions,2019,Q2
Japan,Subscriptions,Data only,Mobile broadband,2019-Q4,101762610.0,Subscriptions,2019,Q4
Japan,Subscriptions,Data only,Mobile broadband,2020-Q2,104721640.0,Subscriptions,2020,Q2
Japan,Subscriptions,Data only,Mobile broadband,2020-Q4,106650921.0,Subscriptions,2020,Q4
Japan,Subscriptions,Data only,Mobile broadband,2021-Q2,107543940.0,Subscriptions,2021,Q2
Japan,Subscriptions,Data only,Mobile broadband,2021-Q4,109254846.0,Subscriptions,2021,Q4
Japan,Subscriptions,Data only,Mobile broadband,2022-Q2,110506583.0,Subscriptions,2022,Q2
Japan,Subscriptions,Data only,Mobile broadband,2022-Q4,112719381.0,Subscriptions,2022,Q4
Japan,Subscriptions,Data only,Mobile broadband,2023-Q2,115047701.0,Subscriptions,2023,Q2
Japan,Subscriptions,Data only,Mobile broadband,2023-Q4,117392054.0,Subscriptions,2023,Q4
Japan,Subscriptions,Data only,Mobile broadband,2024-Q2,119527764.0,Subscriptions,2024,Q2
Japan,Subscriptions,Data only,Mobile broadband,2024-Q4,122110437.0,Subscriptions,2024,Q4
Korea,Subscriptions,Data only,Mobile broadband,2018-Q2,6667340.0,Subscriptions,2018,Q2
Korea,Subscriptions,Data only,Mobile broadband,2018-Q4,6181577.0,Subscriptions,2018,Q4
Korea,Subscriptions,Data only,Mobile broadband,2019-Q2,5873945.0,Subscriptions,2019,Q2
Korea,Subscriptions,Data only,Mobile broadband,2019-Q4,5281298.0,Subscriptions,2019,Q4
Korea,Subscriptions,Data only,Mobile broadband,2020-Q2,4020145.0,Subscriptions,2020,Q2
Korea,Subscriptions,Data only,Mobile broadband,2020-Q4,4477548.0,Subscriptions,2020,Q4
Korea,Subscriptions,Data only,Mobile broadband,2021-Q2,3252115.0,Subscriptions,2021,Q2
Korea,Subscriptions,Data only,Mobile broadband,2021-Q4,3239953.0,Subscriptions,2021,Q4
Korea,Subscriptions,Data only,Mobile broadband,2022-Q2,3118706.0,Subscriptions,2022,Q2
Korea,Subscriptions,Data only,Mobile broadband,2022-Q4,2946960.0,Subscriptions,2022,Q4
Korea,Subscriptions,Data only,Mobile broadband,2023-Q2,2869343.0,Subscriptions,2023,Q2
Korea,Subscriptions,Data only,Mobile broadband,2023-Q4,2795170.0,Subscriptions,2023,Q4
Korea,Subscriptions,Data only,Mobile broadband,2024-Q2,2836970.0,Subscriptions,2024,Q2
Korea,Subscriptions,Data only,Mobile broadband,2024-Q4,2744159.0,Subscriptions,2024,Q4
Latvia,Subscriptions,Data only,Mobile broadband,2018-Q2,255494.0,Subscriptions,2018,Q2
Latvia,Subscriptions,Data only,Mobile broadband,2018-Q4,290560.0,Subscriptions,2018,Q4
Latvia,Subscriptions,Data only,Mobile broadband,2019-Q2,305645.0,Subscriptions,2019,Q2
Latvia,Subscriptions,Data only,Mobile broadband,2019-Q4,316091.0,Subscriptions,2019,Q4
Latvia,Subscriptions,Data only,Mobile broadband,2020-Q2,322174.0,Subscriptions,2020,Q2
Latvia,Subscriptions,Data only,Mobile broadband,2020-Q4,332775.0,Subscriptions,2020,Q4
Latvia,Subscriptions,Data only,Mobile broadband,2021-Q2,414570.0,Subscriptions,2021,Q2
Latvia,Subscriptions,Data only,Mobile broadband,2021-Q4,414512.0,Subscriptions,2021,Q4
Latvia,Subscriptions,Data only,Mobile broadband,2022-Q2,420445.0,Subscriptions,2022,Q2
Latvia,Subscriptions,Data only,Mobile broadband,2022-Q4,400045.0,Subscriptions,2022,Q4
Latvia,Subscriptions,Data only,Mobile broadband,2023-Q2,418083.0,Subscriptions,2023,Q2
Latvia,Subscriptions,Data only,Mobile broadband,2023-Q4,423757.0,Subscriptions,2023,Q4
Latvia,Subscriptions,Data only,Mobile broadband,2024-Q2,444532.0,Subscriptions,2024,Q2
Latvia,Subscriptions,Data only,Mobile broadband,2024-Q4,423792.0,Subscriptions,2024,Q4
Lithuania,Subscriptions,Data only,Mobile broadband,2018-Q2,477624.0,Subscriptions,2018,Q2
Lithuania,Subscriptions,Data only,Mobile broadband,2018-Q4,532190.0,Subscriptions,2018,Q4
Lithuania,Subscriptions,Data only,Mobile broadband,2019-Q2,584779.0,Subscriptions,2019,Q2
Lithuania,Subscriptions,Data only,Mobile broadband,2019-Q4,630309.0,Subscriptions,2019,Q4
Lithuania,Subscriptions,Data only,Mobile broadband,2020-Q2,658236.0,Subscriptions,2020,Q2
Lithuania,Subscriptions,Data only,Mobile broadband,2020-Q4,700080.0,Subscriptions,2020,Q4
Lithuania,Subscriptions,Data only,Mobile broadband,2021-Q2,720143.0,Subscriptions,2021,Q2
Lithuania,Subscriptions,Data only,Mobile broadband,2021-Q4,764141.0,Subscriptions,2021,Q4
Lithuania,Subscriptions,Data only,Mobile broadband,2022-Q2,806958.0,Subscriptions,2022,Q2
Lithuania,Subscriptions,Data only,Mobile broadband,2022-Q4,841041.0,Subscriptions,2022,Q4
Lithuania,Subscriptions,Data only,Mobile broadband,2023-Q2,833205.0,Subscriptions,2023,Q2
Lithuania,Subscriptions,Data only,Mobile broadband,2023-Q4,805532.0,Subscriptions,2023,Q4
Lithuania,Subscriptions,Data only,Mobile broadband,2024-Q2,756207.0,Subscriptions,2024,Q2
Lithuania,Subscriptions,Data only,Mobile broadband,2024-Q4,724490.0,Subscriptions,2024,Q4
Luxembourg,Subscriptions,Data only,Mobile broadband,2018-Q2,43200.0,Subscriptions,2018,Q2
Luxembourg,Subscriptions,Data only,Mobile broadband,2018-Q4,50800.0,Subscriptions,2018,Q4
Luxembourg,Subscriptions,Data only,Mobile broadband,2019-Q2,26889.0,Subscriptions,2019,Q2
Luxembourg,Subscriptions,Data only,Mobile broadband,2019-Q4,25096.0,Subscriptions,2019,Q4
Luxembourg,Subscriptions,Data only,Mobile broadband,2020-Q2,24159.0,Subscriptions,2020,Q2
Luxembourg,Subscriptions,Data only,Mobile broadband,2020-Q4,27241.0,Subscriptions,2020,Q4
Luxembourg,Subscriptions,Data only,Mobile broadband,2021-Q2,22493.0,Subscriptions,2021,Q2
Luxembourg,Subscriptions,Data only,Mobile broadband,2021-Q4,21770.0,Subscriptions,2021,Q4
Luxembourg,Subscriptions,Data only,Mobile broadband,2022-Q2,18700.0,Subscriptions,2022,Q2
Luxembourg,Subscriptions,Data only,Mobile broadband,2022-Q4,20516.0,Subscriptions,2022,Q4
Luxembourg,Subscriptions,Data only,Mobile broadband,2023-Q2,16400.0,Subscriptions,2023,Q2
Luxembourg,Subscriptions,Data only,Mobile broadband,2023-Q4,16200.0,Subscriptions,2023,Q4
Luxembourg,Subscriptions,Data only,Mobile broadband,2024-Q2,19400.0,Subscriptions,2024,Q2
Luxembourg,Subscriptions,Data only,Mobile broadband,2024-Q4,18100.0,Subscriptions,2024,Q4
Mexico,Subscriptions,Data only,Mobile broadband,2018-Q2,862362.0,Subscriptions,2018,Q2
Mexico,Subscriptions,Data only,Mobile broadband,2018-Q4,894721.0,Subscriptions,2018,Q4
Mexico,Subscriptions,Data only,Mobile broadband,2019-Q2,1124707.0,Subscriptions,2019,Q2
Mexico,Subscriptions,Data only,Mobile broadband,2019-Q4,1131433.0,Subscriptions,2019,Q4
Mexico,Subscriptions,Data only,Mobile broadband,2020-Q2,1216891.0,Subscriptions,2020,Q2
Mexico,Subscriptions,Data only,Mobile broadband,2020-Q4,1395804.0,Subscriptions,2020,Q4
Mexico,Subscriptions,Data only,Mobile broadband,2021-Q2,1136518.0,Subscriptions,2021,Q2
Mexico,Subscriptions,Data only,Mobile broadband,2021-Q4,1182502.0,Subscriptions,2021,Q4
Mexico,Subscriptions,Data only,Mobile broadband,2022-Q2,1425460.0,Subscriptions,2022,Q2
Mexico,Subscriptions,Data only,Mobile broadband,2022-Q4,1647651.0,Subscriptions,2022,Q4
Mexico,Subscriptions,Data only,Mobile broadband,2023-Q2,1555499.0,Subscriptions,2023,Q2
Mexico,Subscriptions,Data only,Mobile broadband,2023-Q4,1590345.0,Subscriptions,2023,Q4
Mexico,Subscriptions,Data only,Mobile broadband,2024-Q2,3002731.0,Subscriptions,2024,Q2
Mexico,Subscriptions,Data only,Mobile broadband,2024-Q4,3241631.0,Subscriptions,2024,Q4
Netherlands,Subscriptions,Data only,Mobile broadband,2018-Q2,536000.0,Subscriptions,2018,Q2
Netherlands,Subscriptions,Data only,Mobile broadband,2018-Q4,523000.0,Subscriptions,2018,Q4
Netherlands,Subscriptions,Data only,Mobile broadband,2019-Q2,504000.0,Subscriptions,2019,Q2
Netherlands,Subscriptions,Data only,Mobile broadband,2019-Q4,505021.0,Subscriptions,2019,Q4
Netherlands,Subscriptions,Data only,Mobile broadband,2020-Q2,821036.0,Subscriptions,2020,Q2
Netherlands,Subscriptions,Data only,Mobile broadband,2020-Q4,855000.0,Subscriptions,2020,Q4
Netherlands,Subscriptions,Data only,Mobile broadband,2021-Q2,861200.0,Subscriptions,2021,Q2
Netherlands,Subscriptions,Data only,Mobile broadband,2021-Q4,828000.0,Subscriptions,2021,Q4
Netherlands,Subscriptions,Data only,Mobile broadband,2022-Q2,895000.0,Subscriptions,2022,Q2
Netherlands,Subscriptions,Data only,Mobile broadband,2022-Q4,919000.0,Subscriptions,2022,Q4
Netherlands,Subscriptions,Data only,Mobile broadband,2023-Q2,970000.0,Subscriptions,2023,Q2
Netherlands,Subscriptions,Data only,Mobile broadband,2023-Q4,980000.0,Subscriptions,2023,Q4
Netherlands,Subscriptions,Data only,Mobile broadband,2024-Q2,1000000.0,Subscriptions,2024,Q2
Netherlands,Subscriptions,Data only,Mobile broadband,2024-Q4,1018000.0,Subscriptions,2024,Q4
New Zealand,Subscriptions,Data only,Mobile broadband,2018-Q2,339464.0,Subscriptions,2018,Q2
New Zealand,Subscriptions,Data only,Mobile broadband,2018-Q4,343141.0,Subscriptions,2018,Q4
New Zealand,Subscriptions,Data only,Mobile broadband,2019-Q2,347417.0,Subscriptions,2019,Q2
New Zealand,Subscriptions,Data only,Mobile broadband,2019-Q4,321379.0,Subscriptions,2019,Q4
New Zealand,Subscriptions,Data only,Mobile broadband,2020-Q2,332447.0,Subscriptions,2020,Q2
New Zealand,Subscriptions,Data only,Mobile broadband,2020-Q4,459700.0,Subscriptions,2020,Q4
New Zealand,Subscriptions,Data only,Mobile broadband,2021-Q2,416914.0,Subscriptions,2021,Q2
New Zealand,Subscriptions,Data only,Mobile broadband,2021-Q4,410040.0,Subscriptions,2021,Q4
New Zealand,Subscriptions,Data only,Mobile broadband,2022-Q2,303860.0,Subscriptions,2022,Q2
New Zealand,Subscriptions,Data only,Mobile broadband,2022-Q4,317704.0,Subscriptions,2022,Q4
New Zealand,Subscriptions,Data only,Mobile broadband,2023-Q2,291796.0,Subscriptions,2023,Q2
New Zealand,Subscriptions,Data only,Mobile broadband,2023-Q4,296041.0,Subscriptions,2023,Q4
New Zealand,Subscriptions,Data only,Mobile broadband,2024-Q2,285673.0,Subscriptions,2024,Q2
New Zealand,Subscriptions,Data only,Mobile broadband,2024-Q4,275888.0,Subscriptions,2024,Q4
Norway,Subscriptions,Data only,Mobile broadband,2018-Q2,392329.0,Subscriptions,2018,Q2
Norway,Subscriptions,Data only,Mobile broadband,2018-Q4,366761.0,Subscriptions,2018,Q4
Norway,Subscriptions,Data only,Mobile broadband,2019-Q2,357948.0,Subscriptions,2019,Q2
Norway,Subscriptions,Data only,Mobile broadband,2019-Q4,341865.0,Subscriptions,2019,Q4
Norway,Subscriptions,Data only,Mobile broadband,2020-Q2,333183.0,Subscriptions,2020,Q2
Norway,Subscriptions,Data only,Mobile broadband,2020-Q4,310489.0,Subscriptions,2020,Q4
Norway,Subscriptions,Data only,Mobile broadband,2021-Q2,303627.0,Subscriptions,2021,Q2
Norway,Subscriptions,Data only,Mobile broadband,2021-Q4,286832.0,Subscriptions,2021,Q4
Norway,Subscriptions,Data only,Mobile broadband,2022-Q2,283362.0,Subscriptions,2022,Q2
Norway,Subscriptions,Data only,Mobile broadband,2022-Q4,268536.0,Subscriptions,2022,Q4
Norway,Subscriptions,Data only,Mobile broadband,2023-Q2,264030.0,Subscriptions,2023,Q2
Norway,Subscriptions,Data only,Mobile broadband,2023-Q4,249228.0,Subscriptions,2023,Q4
Norway,Subscriptions,Data only,Mobile broadband,2024-Q2,241906.0,Subscriptions,2024,Q2
Norway,Subscriptions,Data only,Mobile broadband,2024-Q4,231144.0,Subscriptions,2024,Q4
Poland,Subscriptions,Data only,Mobile broadband,2018-Q2,7424687.0,Subscriptions,2018,Q2
Poland,Subscriptions,Data only,Mobile broadband,2018-Q4,7684754.0,Subscriptions,2018,Q4
Poland,Subscriptions,Data only,Mobile broadband,2019-Q2,7664205.0,Subscriptions,2019,Q2
Poland,Subscriptions,Data only,Mobile broadband,2019-Q4,8447684.0,Subscriptions,2019,Q4
Poland,Subscriptions,Data only,Mobile broadband,2020-Q2,8176901.0,Subscriptions,2020,Q2
Poland,Subscriptions,Data only,Mobile broadband,2020-Q4,9000669.0,Subscriptions,2020,Q4
Poland,Subscriptions,Data only,Mobile broadband,2021-Q2,8369871.0,Subscriptions,2021,Q2
Poland,Subscriptions,Data only,Mobile broadband,2021-Q4,9097336.0,Subscriptions,2021,Q4
Poland,Subscriptions,Data only,Mobile broadband,2022-Q2,8117065.0,Subscriptions,2022,Q2
Poland,Subscriptions,Data only,Mobile broadband,2022-Q4,8748641.0,Subscriptions,2022,Q4
Poland,Subscriptions,Data only,Mobile broadband,2023-Q4,8886856.0,Subscriptions,2023,Q4
Poland,Subscriptions,Data only,Mobile broadband,2024-Q2,8819902.0,Subscriptions,2024,Q2
Poland,Subscriptions,Data only,Mobile broadband,2024-Q4,8619461.0,Subscriptions,2024,Q4
Portugal,Subscriptions,Data only,Mobile broadband,2018-Q2,563067.0,Subscriptions,2018,Q2
Portugal,Subscriptions,Data only,Mobile broadband,2018-Q4,510347.0,Subscriptions,2018,Q4
Portugal,Subscriptions,Data only,Mobile broadband,2019-Q2,529642.0,Subscriptions,2019,Q2
Portugal,Subscriptions,Data only,Mobile broadband,2019-Q4,511345.0,Subscriptions,2019,Q4
Portugal,Subscriptions,Data only,Mobile broadband,2020-Q2,538447.0,Subscriptions,2020,Q2
Portugal,Subscriptions,Data only,Mobile broadband,2020-Q4,507836.0,Subscriptions,2020,Q4
Portugal,Subscriptions,Data only,Mobile broadband,2021-Q2,574987.0,Subscriptions,2021,Q2
Portugal,Subscriptions,Data only,Mobile broadband,2021-Q4,612648.0,Subscriptions,2021,Q4
Portugal,Subscriptions,Data only,Mobile broadband,2022-Q2,705745.0,Subscriptions,2022,Q2
Portugal,Subscriptions,Data only,Mobile broadband,2022-Q4,711048.0,Subscriptions,2022,Q4
Portugal,Subscriptions,Data only,Mobile broadband,2023-Q2,807325.0,Subscriptions,2023,Q2
Portugal,Subscriptions,Data only,Mobile broadband,2023-Q4,727577.0,Subscriptions,2023,Q4
Portugal,Subscriptions,Data only,Mobile broadband,2024-Q2,822360.0,Subscriptions,2024,Q2
Portugal,Subscriptions,Data only,Mobile broadband,2024-Q4,630882.0,Subscriptions,2024,Q4
Slovak Republic,Subscriptions,Data only,Mobile broadband,2018-Q2,614561.0,Subscriptions,2018,Q2
Slovak Republic,Subscriptions,Data only,Mobile broadband,2018-Q4,651049.0,Subscriptions,2018,Q4
Slovak Republic,Subscriptions,Data only,Mobile broadband,2019-Q2,514862.0,Subscriptions,2019,Q2
Slovak Republic,Subscriptions,Data only,Mobile broadband,2019-Q4,510481.0,Subscriptions,2019,Q4
Slovak Republic,Subscriptions,Data only,Mobile broadband,2020-Q2,484510.0,Subscriptions,2020,Q2
Slovak Republic,Subscriptions,Data only,Mobile broadband,2020-Q4,296804.0,Subscriptions,2020,Q4
Slovak Republic,Subscriptions,Data only,Mobile broadband,2021-Q2,159630.0,Subscriptions,2021,Q2
Slovak Republic,Subscriptions,Data only,Mobile broadband,2021-Q4,150155.0,Subscriptions,2021,Q4
Slovak Republic,Subscriptions,Data only,Mobile broadband,2022-Q2,145703.0,Subscriptions,2022,Q2
Slovak Republic,Subscriptions,Data only,Mobile broadband,2022-Q4,122687.0,Subscriptions,2022,Q4
Slovak Republic,Subscriptions,Data only,Mobile broadband,2023-Q2,128847.0,Subscriptions,2023,Q2
Slovak Republic,Subscriptions,Data only,Mobile broadband,2023-Q4,125196.0,Subscriptions,2023,Q4
Slovak Republic,Subscriptions,Data only,Mobile broadband,2024-Q2,161019.0,Subscriptions,2024,Q2
Slovak Republic,Subscriptions,Data only,Mobile broadband,2024-Q4,116958.0,Subscriptions,2024,Q4
Slovenia,Subscriptions,Data only,Mobile broadband,2018-Q2,97717.0,Subscriptions,2018,Q2
Slovenia,Subscriptions,Data only,Mobile broadband,2018-Q4,104146.0,Subscriptions,2018,Q4
Slovenia,Subscriptions,Data only,Mobile broadband,2019-Q2,107574.0,Subscriptions,2019,Q2
Slovenia,Subscriptions,Data only,Mobile broadband,2019-Q4,107037.0,Subscriptions,2019,Q4
Slovenia,Subscriptions,Data only,Mobile broadband,2020-Q2,110732.0,Subscriptions,2020,Q2
Slovenia,Subscriptions,Data only,Mobile broadband,2020-Q4,119995.0,Subscriptions,2020,Q4
Slovenia,Subscriptions,Data only,Mobile broadband,2021-Q2,126189.0,Subscriptions,2021,Q2
Slovenia,Subscriptions,Data only,Mobile broadband,2021-Q4,137260.0,Subscriptions,2021,Q4
Slovenia,Subscriptions,Data only,Mobile broadband,2022-Q2,163842.0,Subscriptions,2022,Q2
Slovenia,Subscriptions,Data only,Mobile broadband,2022-Q4,174395.0,Subscriptions,2022,Q4
Slovenia,Subscriptions,Data only,Mobile broadband,2023-Q2,186081.0,Subscriptions,2023,Q2
Slovenia,Subscriptions,Data only,Mobile broadband,2023-Q4,193066.0,Subscriptions,2023,Q4
Slovenia,Subscriptions,Data only,Mobile broadband,2024-Q2,179644.0,Subscriptions,2024,Q2
Slovenia,Subscriptions,Data only,Mobile broadband,2024-Q4,189964.0,Subscriptions,2024,Q4
Spain,Subscriptions,Data only,Mobile broadband,2018-Q2,1638673.0,Subscriptions,2018,Q2
Spain,Subscriptions,Data only,Mobile broadband,2018-Q4,1599418.0,Subscriptions,2018,Q4
Spain,Subscriptions,Data only,Mobile broadband,2019-Q2,1529195.0,Subscriptions,2019,Q2
Spain,Subscriptions,Data only,Mobile broadband,2019-Q4,1417336.0,Subscriptions,2019,Q4
Spain,Subscriptions,Data only,Mobile broadband,2020-Q2,1405211.0,Subscriptions,2020,Q2
Spain,Subscriptions,Data only,Mobile broadband,2020-Q4,1364253.0,Subscriptions,2020,Q4
Spain,Subscriptions,Data only,Mobile broadband,2021-Q2,1395102.0,Subscriptions,2021,Q2
Spain,Subscriptions,Data only,Mobile broadband,2021-Q4,1523654.0,Subscriptions,2021,Q4
Spain,Subscriptions,Data only,Mobile broadband,2022-Q2,1301529.0,Subscriptions,2022,Q2
Spain,Subscriptions,Data only,Mobile broadband,2022-Q4,1099137.0,Subscriptions,2022,Q4
Spain,Subscriptions,Data only,Mobile broadband,2023-Q2,933312.0,Subscriptions,2023,Q2
Spain,Subscriptions,Data only,Mobile broadband,2023-Q4,862231.0,Subscriptions,2023,Q4
Spain,Subscriptions,Data only,Mobile broadband,2024-Q2,761717.0,Subscriptions,2024,Q2
Spain,Subscriptions,Data only,Mobile broadband,2024-Q4,717749.0,Subscriptions,2024,Q4
Sweden,Subscriptions,Data only,Mobile broadband,2018-Q2,1716007.0,Subscriptions,2018,Q2
Sweden,Subscriptions,Data only,Mobile broadband,2018-Q4,1669802.0,Subscriptions,2018,Q4
Sweden,Subscriptions,Data only,Mobile broadband,2019-Q2,1624303.0,Subscriptions,2019,Q2
Sweden,Subscriptions,Data only,Mobile broadband,2019-Q4,1552533.0,Subscriptions,2019,Q4
Sweden,Subscriptions,Data only,Mobile broadband,2020-Q2,1496053.0,Subscriptions,2020,Q2
Sweden,Subscriptions,Data only,Mobile broadband,2020-Q4,1483319.0,Subscriptions,2020,Q4
Sweden,Subscriptions,Data only,Mobile broadband,2021-Q2,1481109.0,Subscriptions,2021,Q2
Sweden,Subscriptions,Data only,Mobile broadband,2021-Q4,1423035.0,Subscriptions,2021,Q4
Sweden,Subscriptions,Data only,Mobile broadband,2022-Q2,1474210.0,Subscriptions,2022,Q2
Sweden,Subscriptions,Data only,Mobile broadband,2022-Q4,1518394.0,Subscriptions,2022,Q4
Sweden,Subscriptions,Data only,Mobile broadband,2023-Q2,1525813.0,Subscriptions,2023,Q2
Sweden,Subscriptions,Data only,Mobile broadband,2023-Q4,1126529.0,Subscriptions,2023,Q4
Sweden,Subscriptions,Data only,Mobile broadband,2024-Q2,1131805.0,Subscriptions,2024,Q2
Sweden,Subscriptions,Data only,Mobile broadband,2024-Q4,1141205.0,Subscriptions,2024,Q4
Switzerland,Subscriptions,Data only,Mobile broadband,2018-Q2,734815.0,Subscriptions,2018,Q2
Switzerland,Subscriptions,Data only,Mobile broadband,2018-Q4,706140.0,Subscriptions,2018,Q4
Switzerland,Subscriptions,Data only,Mobile broadband,2019-Q2,611019.0,Subscriptions,2019,Q2
Switzerland,Subscriptions,Data only,Mobile broadband,2019-Q4,515898.0,Subscriptions,2019,Q4
Switzerland,Subscriptions,Data only,Mobile broadband,2020-Q2,611471.0,Subscriptions,2020,Q2
Switzerland,Subscriptions,Data only,Mobile broadband,2020-Q4,707043.0,Subscriptions,2020,Q4
Switzerland,Subscriptions,Data only,Mobile broadband,2021-Q2,723364.0,Subscriptions,2021,Q2
Switzerland,Subscriptions,Data only,Mobile broadband,2021-Q4,739684.0,Subscriptions,2021,Q4
Switzerland,Subscriptions,Data only,Mobile broadband,2022-Q2,787473.0,Subscriptions,2022,Q2
Switzerland,Subscriptions,Data only,Mobile broadband,2022-Q4,835262.0,Subscriptions,2022,Q4
Switzerland,Subscriptions,Data only,Mobile broadband,2023-Q2,835262.0,Subscriptions,2023,Q2
Switzerland,Subscriptions,Data only,Mobile broadband,2023-Q4,948868.0,Subscriptions,2023,Q4
Switzerland,Subscriptions,Data only,Mobile broadband,2024-Q2,948868.0,Subscriptions,2024,Q2
Switzerland,Subscriptions,Data only,Mobile broadband,2024-Q4,891574.0,Subscriptions,2024,Q4
Türkiye,Subscriptions,Data only,Mobile broadband,2018-Q2,743173.0,Subscriptions,2018,Q2
Türkiye,Subscriptions,Data only,Mobile broadband,2018-Q4,655999.0,Subscriptions,2018,Q4
Türkiye,Subscriptions,Data only,Mobile broadband,2019-Q2,691140.0,Subscriptions,2019,Q2
Türkiye,Subscriptions,Data only,Mobile broadband,2019-Q4,723354.0,Subscriptions,2019,Q4
Türkiye,Subscriptions,Data only,Mobile broadband,2020-Q2,492903.0,Subscriptions,2020,Q2
Türkiye,Subscriptions,Data only,Mobile broadband,2020-Q4,490313.0,Subscriptions,2020,Q4
Türkiye,Subscriptions,Data only,Mobile broadband,2021-Q2,459953.0,Subscriptions,2021,Q2
Türkiye,Subscriptions,Data only,Mobile broadband,2021-Q4,447196.0,Subscriptions,2021,Q4
Türkiye,Subscriptions,Data only,Mobile broadband,2022-Q2,547646.0,Subscriptions,2022,Q2
Türkiye,Subscriptions,Data only,Mobile broadband,2022-Q4,706493.0,Subscriptions,2022,Q4
Türkiye,Subscriptions,Data only,Mobile broadband,2023-Q2,699805.0,Subscriptions,2023,Q2
Türkiye,Subscriptions,Data only,Mobile broadband,2023-Q4,669193.0,Subscriptions,2023,Q4
Türkiye,Subscriptions,Data only,Mobile broadband,2024-Q2,747220.0,Subscriptions,2024,Q2
Türkiye,Subscriptions,Data only,Mobile broadband,2024-Q4,706492.0,Subscriptions,2024,Q4
United Kingdom,Subscriptions,Data only,Mobile broadband,2018-Q2,4809512.0,Subscriptions,2018,Q2
United Kingdom,Subscriptions,Data only,Mobile broadband,2018-Q4,4508111.0,Subscriptions,2018,Q4
United Kingdom,Subscriptions,Data only,Mobile broadband,2019-Q2,4459752.0,Subscriptions,2019,Q2
United Kingdom,Subscriptions,Data only,Mobile broadband,2019-Q4,4500456.0,Subscriptions,2019,Q4
United Kingdom,Subscriptions,Data only,Mobile broadband,2020-Q2,4734645.0,Subscriptions,2020,Q2
United Kingdom,Subscriptions,Data only,Mobile broadband,2020-Q4,4794276.0,Subscriptions,2020,Q4
United Kingdom,Subscriptions,Data only,Mobile broadband,2021-Q2,5122559.0,Subscriptions,2021,Q2
United Kingdom,Subscriptions,Data only,Mobile broadband,2021-Q4,5001825.0,Subscriptions,2021,Q4
United Kingdom,Subscriptions,Data only,Mobile broadband,2022-Q2,4973160.0,Subscriptions,2022,Q2
United Kingdom,Subscriptions,Data only,Mobile broadband,2022-Q4,4962198.0,Subscriptions,2022,Q4
United Kingdom,Subscriptions,Data only,Mobile broadband,2023-Q2,4918877.0,Subscriptions,2023,Q2
United Kingdom,Subscriptions,Data only,Mobile broadband,2023-Q4,4817585.0,Subscriptions,2023,Q4
United Kingdom,Subscriptions,Data only,Mobile broadband,2024-Q2,4613559.0,Subscriptions,2024,Q2
United Kingdom,Subscriptions,Data only,Mobile broadband,2024-Q4,4785973.0,Subscriptions,2024,Q4
OECD,Subscriptions,Data only,Mobile broadband,2018-Q2,153034550.0,Subscriptions,2018,Q2
OECD,Subscriptions,Data only,Mobile broadband,2018-Q4,158857949.0,Subscriptions,2018,Q4
OECD,Subscriptions,Data only,Mobile broadband,2019-Q2,159769222.0,Subscriptions,2019,Q2
OECD,Subscriptions,Data only,Mobile broadband,2019-Q4,160112109.0,Subscriptions,2019,Q4
OECD,Subscriptions,Data only,Mobile broadband,2020-Q2,163427177.0,Subscriptions,2020,Q2
OECD,Subscriptions,Data only,Mobile broadband,2020-Q4,166445936.0,Subscriptions,2020,Q4
OECD,Subscriptions,Data only,Mobile broadband,2021-Q2,164617532.0,Subscriptions,2021,Q2
OECD,Subscriptions,Data only,Mobile broadband,2021-Q4,166167533.0,Subscriptions,2021,Q4
OECD,Subscriptions,Data only,Mobile broadband,2022-Q2,166408256.0,Subscriptions,2022,Q2
OECD,Subscriptions,Data only,Mobile broadband,2022-Q4,168720157.0,Subscriptions,2022,Q4
OECD,Subscriptions,Data only,Mobile broadband,2023-Q2,161072672.0,Subscriptions,2023,Q2
OECD,Subscriptions,Data only,Mobile broadband,2023-Q4,171776146.0,Subscriptions,2023,Q4
OECD,Subscriptions,Data only,Mobile broadband,2024-Q2,175355751.0,Subscriptions,2024,Q2
OECD,Subscriptions,Data only,Mobile broadband,2024-Q4,177486490.0,Subscriptions,2024,Q4
Brazil,Subscriptions,Data only,Mobile broadband,2021-Q2,7591121.0,Subscriptions,2021,Q2
Brazil,Subscriptions,Data only,Mobile broadband,2021-Q4,8184419.0,Subscriptions,2021,Q4
Brazil,Subscriptions,Data only,Mobile broadband,2022-Q2,7128225.0,Subscriptions,2022,Q2
Brazil,Subscriptions,Data only,Mobile broadband,2022-Q4,4221404.0,Subscriptions,2022,Q4
Brazil,Subscriptions,Data only,Mobile broadband,2023-Q2,3796536.0,Subscriptions,2023,Q2
Brazil,Subscriptions,Data only,Mobile broadband,2023-Q4,4472827.0,Subscriptions,2023,Q4
Brazil,Subscriptions,Data only,Mobile broadband,2024-Q2,4489760.0,Subscriptions,2024,Q2
Brazil,Subscriptions,Data only,Mobile broadband,2024-Q4,4159067.0,Subscriptions,2024,Q4
Bulgaria,Subscriptions,Data only,Mobile broadband,2018-Q2,1153897.0,Subscriptions,2018,Q2
Bulgaria,Subscriptions,Data only,Mobile broadband,2018-Q4,1119286.0,Subscriptions,2018,Q4
Bulgaria,Subscriptions,Data only,Mobile broadband,2019-Q2,1110710.0,Subscriptions,2019,Q2
Bulgaria,Subscriptions,Data only,Mobile broadband,2019-Q4,1061426.0,Subscriptions,2019,Q4
Bulgaria,Subscriptions,Data only,Mobile broadband,2020-Q2,1046494.0,Subscriptions,2020,Q2
Bulgaria,Subscriptions,Data only,Mobile broadband,2020-Q4,1098090.0,Subscriptions,2020,Q4
Bulgaria,Subscriptions,Data only,Mobile broadband,2021-Q2,1109935.0,Subscriptions,2021,Q2
Bulgaria,Subscriptions,Data only,Mobile broadband,2021-Q4,1174901.0,Subscriptions,2021,Q4
Bulgaria,Subscriptions,Data only,Mobile broadband,2022-Q2,1268626.0,Subscriptions,2022,Q2
Bulgaria,Subscriptions,Data only,Mobile broadband,2022-Q4,1152153.0,Subscriptions,2022,Q4
Bulgaria,Subscriptions,Data only,Mobile broadband,2023-Q2,1162263.0,Subscriptions,2023,Q2
Bulgaria,Subscriptions,Data only,Mobile broadband,2023-Q4,1189660.0,Subscriptions,2023,Q4
Bulgaria,Subscriptions,Data only,Mobile broadband,2024-Q2,1016557.0,Subscriptions,2024,Q2
Bulgaria,Subscriptions,Data only,Mobile broadband,2024-Q4,1188509.0,Subscriptions,2024,Q4
Peru,Subscriptions,Data only,Mobile broadband,2023-Q4,336706.0,Subscriptions,2023,Q4
Peru,Subscriptions,Data only,Mobile broadband,2024-Q4,374061.0,Subscriptions,2024,Q4
Romania,Subscriptions,Data only,Mobile broadband,2018-Q2,1780110.0,Subscriptions,2018,Q2
Romania,Subscriptions,Data only,Mobile broadband,2018-Q4,1679813.0,Subscriptions,2018,Q4
Romania,Subscriptions,Data only,Mobile broadband,2019-Q2,1558207.0,Subscriptions,2019,Q2
Romania,Subscriptions,Data only,Mobile broadband,2019-Q4,1455746.0,Subscriptions,2019,Q4
Romania,Subscriptions,Data only,Mobile broadband,2020-Q2,1413195.0,Subscriptions,2020,Q2
Romania,Subscriptions,Data only,Mobile broadband,2020-Q4,1848119.0,Subscriptions,2020,Q4
Romania,Subscriptions,Data only,Mobile broadband,2021-Q2,1734252.0,Subscriptions,2021,Q2
Romania,Subscriptions,Data only,Mobile broadband,2021-Q4,1585552.0,Subscriptions,2021,Q4
Romania,Subscriptions,Data only,Mobile broadband,2022-Q2,1593547.0,Subscriptions,2022,Q2
Romania,Subscriptions,Data only,Mobile broadband,2022-Q4,1515351.0,Subscriptions,2022,Q4
Romania,Subscriptions,Data only,Mobile broadband,2023-Q2,1360940.0,Subscriptions,2023,Q2
Romania,Subscriptions,Data only,Mobile broadband,2023-Q4,1106933.0,Subscriptions,2023,Q4
Romania,Subscriptions,Data only,Mobile broadband,2024-Q2,881074.0,Subscriptions,2024,Q2
Romania,Subscriptions,Data only,Mobile broadband,2024-Q4,844638.0,Subscriptions,2024,Q4
Thailand,Subscriptions,Data only,Mobile broadband,2022-Q4,1564844.0,Subscriptions,2022,Q4
Thailand,Subscriptions,Data only,Mobile broadband,2023-Q4,1875557.0,Subscriptions,2023,Q4
Thailand,Subscriptions,Data only,Mobile broadband,2024-Q4,2800089.0,Subscriptions,2024,Q4
Austria,Subscriptions,5G mobile,Mobile broadband,2022-Q4,787968.0,Subscriptions,2022,Q4
Austria,Subscriptions,5G mobile,Mobile broadband,2023-Q2,1302976.0,Subscriptions,2023,Q2
Austria,Subscriptions,5G mobile,Mobile broadband,2023-Q4,1813889.0,Subscriptions,2023,Q4
Austria,Subscriptions,5G mobile,Mobile broadband,2024-Q2,2666255.0,Subscriptions,2024,Q2
Austria,Subscriptions,5G mobile,Mobile broadband,2024-Q4,3303365.0,Subscriptions,2024,Q4
Belgium,Subscriptions,5G mobile,Mobile broadband,2022-Q4,1410855.0,Subscriptions,2022,Q4
Belgium,Subscriptions,5G mobile,Mobile broadband,2023-Q2,1557005.0,Subscriptions,2023,Q2
Belgium,Subscriptions,5G mobile,Mobile broadband,2023-Q4,3125811.0,Subscriptions,2023,Q4
Belgium,Subscriptions,5G mobile,Mobile broadband,2024-Q2,3690200.0,Subscriptions,2024,Q2
Belgium,Subscriptions,5G mobile,Mobile broadband,2024-Q4,4615139.0,Subscriptions,2024,Q4
Chile,Subscriptions,5G mobile,Mobile broadband,2021-Q4,32430.0,Subscriptions,2021,Q4
Chile,Subscriptions,5G mobile,Mobile broadband,2022-Q2,833789.0,Subscriptions,2022,Q2
Chile,Subscriptions,5G mobile,Mobile broadband,2022-Q4,2020563.0,Subscriptions,2022,Q4
Chile,Subscriptions,5G mobile,Mobile broadband,2023-Q2,2771932.0,Subscriptions,2023,Q2
Chile,Subscriptions,5G mobile,Mobile broadband,2023-Q4,3776464.0,Subscriptions,2023,Q4
Chile,Subscriptions,5G mobile,Mobile broadband,2024-Q2,4727357.0,Subscriptions,2024,Q2
Chile,Subscriptions,5G mobile,Mobile broadband,2024-Q4,5723049.0,Subscriptions,2024,Q4
Colombia,Subscriptions,5G mobile,Mobile broadband,2024-Q2,2114064.0,Subscriptions,2024,Q2
Colombia,Subscriptions,5G mobile,Mobile broadband,2024-Q4,3785182.0,Subscriptions,2024,Q4
Czechia,Subscriptions,5G mobile,Mobile broadband,2022-Q4,1509266.0,Subscriptions,2022,Q4
Czechia,Subscriptions,5G mobile,Mobile broadband,2023-Q2,1824200.0,Subscriptions,2023,Q2
Czechia,Subscriptions,5G mobile,Mobile broadband,2023-Q4,2245272.0,Subscriptions,2023,Q4
Czechia,Subscriptions,5G mobile,Mobile broadband,2024-Q2,3328707.0,Subscriptions,2024,Q2
Czechia,Subscriptions,5G mobile,Mobile broadband,2024-Q4,3789116.0,Subscriptions,2024,Q4
Denmark,Subscriptions,5G mobile,Mobile broadband,2022-Q4,4476648.0,Subscriptions,2022,Q4
Denmark,Subscriptions,5G mobile,Mobile broadband,2023-Q2,5998638.0,Subscriptions,2023,Q2
Denmark,Subscriptions,5G mobile,Mobile broadband,2023-Q4,6610677.0,Subscriptions,2023,Q4
Denmark,Subscriptions,5G mobile,Mobile broadband,2024-Q2,6961536.0,Subscriptions,2024,Q2
Estonia,Subscriptions,5G mobile,Mobile broadband,2022-Q4,75655.0,Subscriptions,2022,Q4
Estonia,Subscriptions,5G mobile,Mobile broadband,2023-Q4,151310.0,Subscriptions,2023,Q4
Estonia,Subscriptions,5G mobile,Mobile broadband,2024-Q2,321997.0,Subscriptions,2024,Q2
Estonia,Subscriptions,5G mobile,Mobile broadband,2024-Q4,410409.0,Subscriptions,2024,Q4
France,Subscriptions,5G mobile,Mobile broadband,2021-Q2,900000.0,Subscriptions,2021,Q2
France,Subscriptions,5G mobile,Mobile broadband,2021-Q4,3237000.0,Subscriptions,2021,Q4
France,Subscriptions,5G mobile,Mobile broadband,2022-Q2,5365000.0,Subscriptions,2022,Q2
France,Subscriptions,5G mobile,Mobile broadband,2022-Q4,8520000.0,Subscriptions,2022,Q4
France,Subscriptions,5G mobile,Mobile broadband,2023-Q2,10785000.0,Subscriptions,2023,Q2
France,Subscriptions,5G mobile,Mobile broadband,2023-Q4,14409000.0,Subscriptions,2023,Q4
France,Subscriptions,5G mobile,Mobile broadband,2024-Q2,18299000.0,Subscriptions,2024,Q2
France,Subscriptions,5G mobile,Mobile broadband,2024-Q4,24603000.0,Subscriptions,2024,Q4
Germany,Subscriptions,5G mobile,Mobile broadband,2022-Q4,10945125.0,Subscriptions,2022,Q4
Germany,Subscriptions,5G mobile,Mobile broadband,2023-Q2,14376000.0,Subscriptions,2023,Q2
Germany,Subscriptions,5G mobile,Mobile broadband,2023-Q4,20064000.0,Subscriptions,2023,Q4
Germany,Subscriptions,5G mobile,Mobile broadband,2024-Q2,32625000.0,Subscriptions,2024,Q2
Germany,Subscriptions,5G mobile,Mobile broadband,2024-Q4,39345000.0,Subscriptions,2024,Q4
Hungary,Subscriptions,5G mobile,Mobile broadband,2021-Q2,278027.0,Subscriptions,2021,Q2
Hungary,Subscriptions,5G mobile,Mobile broadband,2021-Q4,772705.0,Subscriptions,2021,Q4
Hungary,Subscriptions,5G mobile,Mobile broadband,2022-Q2,1375859.0,Subscriptions,2022,Q2
Hungary,Subscriptions,5G mobile,Mobile broadband,2022-Q4,2293096.0,Subscriptions,2022,Q4
Hungary,Subscriptions,5G mobile,Mobile broadband,2023-Q2,3013025.0,Subscriptions,2023,Q2
Hungary,Subscriptions,5G mobile,Mobile broadband,2023-Q4,3591924.0,Subscriptions,2023,Q4
Hungary,Subscriptions,5G mobile,Mobile broadband,2024-Q2,4350660.0,Subscriptions,2024,Q2
Hungary,Subscriptions,5G mobile,Mobile broadband,2024-Q4,4987599.0,Subscriptions,2024,Q4
Iceland,Subscriptions,5G mobile,Mobile broadband,2020-Q4,119.0,Subscriptions,2020,Q4
Iceland,Subscriptions,5G mobile,Mobile broadband,2021-Q2,12002.0,Subscriptions,2021,Q2
Iceland,Subscriptions,5G mobile,Mobile broadband,2021-Q4,23145.0,Subscriptions,2021,Q4
Iceland,Subscriptions,5G mobile,Mobile broadband,2022-Q2,31227.0,Subscriptions,2022,Q2
Iceland,Subscriptions,5G mobile,Mobile broadband,2022-Q4,111750.0,Subscriptions,2022,Q4
Iceland,Subscriptions,5G mobile,Mobile broadband,2023-Q2,115157.0,Subscriptions,2023,Q2
Iceland,Subscriptions,5G mobile,Mobile broadband,2023-Q4,199166.0,Subscriptions,2023,Q4
Iceland,Subscriptions,5G mobile,Mobile broadband,2024-Q2,198814.0,Subscriptions,2024,Q2
Iceland,Subscriptions,5G mobile,Mobile broadband,2024-Q4,234016.0,Subscriptions,2024,Q4
Ireland,Subscriptions,5G mobile,Mobile broadband,2021-Q4,392082.0,Subscriptions,2021,Q4
Ireland,Subscriptions,5G mobile,Mobile broadband,2022-Q2,751422.0,Subscriptions,2022,Q2
Ireland,Subscriptions,5G mobile,Mobile broadband,2022-Q4,1019302.0,Subscriptions,2022,Q4
Ireland,Subscriptions,5G mobile,Mobile broadband,2023-Q2,1287713.0,Subscriptions,2023,Q2
Ireland,Subscriptions,5G mobile,Mobile broadband,2023-Q4,1557094.0,Subscriptions,2023,Q4
Ireland,Subscriptions,5G mobile,Mobile broadband,2024-Q2,1708294.0,Subscriptions,2024,Q2
Ireland,Subscriptions,5G mobile,Mobile broadband,2024-Q4,1987047.0,Subscriptions,2024,Q4
Italy,Subscriptions,5G mobile,Mobile broadband,2021-Q4,3638511.0,Subscriptions,2021,Q4
Italy,Subscriptions,5G mobile,Mobile broadband,2022-Q2,6215181.0,Subscriptions,2022,Q2
Italy,Subscriptions,5G mobile,Mobile broadband,2022-Q4,11595153.0,Subscriptions,2022,Q4
Italy,Subscriptions,5G mobile,Mobile broadband,2023-Q2,14942994.0,Subscriptions,2023,Q2
Italy,Subscriptions,5G mobile,Mobile broadband,2023-Q4,17633875.0,Subscriptions,2023,Q4
Italy,Subscriptions,5G mobile,Mobile broadband,2024-Q2,20284012.0,Subscriptions,2024,Q2
Italy,Subscriptions,5G mobile,Mobile broadband,2024-Q4,23843601.0,Subscriptions,2024,Q4
Japan,Subscriptions,5G mobile,Mobile broadband,2021-Q4,36396502.0,Subscriptions,2021,Q4
Japan,Subscriptions,5G mobile,Mobile broadband,2022-Q2,51482369.0,Subscriptions,2022,Q2
Japan,Subscriptions,5G mobile,Mobile broadband,2022-Q4,63131879.0,Subscriptions,2022,Q4
Japan,Subscriptions,5G mobile,Mobile broadband,2023-Q2,74739424.0,Subscriptions,2023,Q2
Japan,Subscriptions,5G mobile,Mobile broadband,2023-Q4,86250094.0,Subscriptions,2023,Q4
Japan,Subscriptions,5G mobile,Mobile broadband,2024-Q2,91473540.0,Subscriptions,2024,Q2
Japan,Subscriptions,5G mobile,Mobile broadband,2024-Q4,98797523.0,Subscriptions,2024,Q4
Korea,Subscriptions,5G mobile,Mobile broadband,2021-Q4,20915176.0,Subscriptions,2021,Q4
Korea,Subscriptions,5G mobile,Mobile broadband,2022-Q4,28059343.0,Subscriptions,2022,Q4
Korea,Subscriptions,5G mobile,Mobile broadband,2023-Q2,30702900.0,Subscriptions,2023,Q2
Korea,Subscriptions,5G mobile,Mobile broadband,2023-Q4,32808121.0,Subscriptions,2023,Q4
Korea,Subscriptions,5G mobile,Mobile broadband,2024-Q2,34080281.0,Subscriptions,2024,Q2
Korea,Subscriptions,5G mobile,Mobile broadband,2024-Q4,35634775.0,Subscriptions,2024,Q4
Latvia,Subscriptions,5G mobile,Mobile broadband,2022-Q4,329680.0,Subscriptions,2022,Q4
Latvia,Subscriptions,5G mobile,Mobile broadband,2023-Q2,547218.0,Subscriptions,2023,Q2
Latvia,Subscriptions,5G mobile,Mobile broadband,2023-Q4,640222.0,Subscriptions,2023,Q4
Latvia,Subscriptions,5G mobile,Mobile broadband,2024-Q2,808812.0,Subscriptions,2024,Q2
Latvia,Subscriptions,5G mobile,Mobile broadband,2024-Q4,909546.0,Subscriptions,2024,Q4
Lithuania,Subscriptions,5G mobile,Mobile broadband,2022-Q2,7049.0,Subscriptions,2022,Q2
Lithuania,Subscriptions,5G mobile,Mobile broadband,2022-Q4,46656.0,Subscriptions,2022,Q4
Lithuania,Subscriptions,5G mobile,Mobile broadband,2023-Q2,166029.0,Subscriptions,2023,Q2
Lithuania,Subscriptions,5G mobile,Mobile broadband,2023-Q4,329369.0,Subscriptions,2023,Q4
Lithuania,Subscriptions,5G mobile,Mobile broadband,2024-Q2,392221.0,Subscriptions,2024,Q2
Lithuania,Subscriptions,5G mobile,Mobile broadband,2024-Q4,514503.0,Subscriptions,2024,Q4
Mexico,Subscriptions,5G mobile,Mobile broadband,2022-Q2,35.0,Subscriptions,2022,Q2
Mexico,Subscriptions,5G mobile,Mobile broadband,2022-Q4,3025625.0,Subscriptions,2022,Q4
Mexico,Subscriptions,5G mobile,Mobile broadband,2023-Q2,7856352.0,Subscriptions,2023,Q2
Mexico,Subscriptions,5G mobile,Mobile broadband,2023-Q4,10763927.0,Subscriptions,2023,Q4
Mexico,Subscriptions,5G mobile,Mobile broadband,2024-Q2,14876626.0,Subscriptions,2024,Q2
Mexico,Subscriptions,5G mobile,Mobile broadband,2024-Q4,18234497.0,Subscriptions,2024,Q4
Poland,Subscriptions,5G mobile,Mobile broadband,2022-Q2,3460340.0,Subscriptions,2022,Q2
Poland,Subscriptions,5G mobile,Mobile broadband,2023-Q2,6289231.0,Subscriptions,2023,Q2
Poland,Subscriptions,5G mobile,Mobile broadband,2024-Q2,20095615.0,Subscriptions,2024,Q2
Portugal,Subscriptions,5G mobile,Mobile broadband,2022-Q4,1254890.0,Subscriptions,2022,Q4
Portugal,Subscriptions,5G mobile,Mobile broadband,2023-Q2,1860038.0,Subscriptions,2023,Q2
Portugal,Subscriptions,5G mobile,Mobile broadband,2023-Q4,2315496.0,Subscriptions,2023,Q4
Portugal,Subscriptions,5G mobile,Mobile broadband,2024-Q2,2924657.0,Subscriptions,2024,Q2
Portugal,Subscriptions,5G mobile,Mobile broadband,2024-Q4,4093482.0,Subscriptions,2024,Q4
Slovak Republic,Subscriptions,5G mobile,Mobile broadband,2022-Q2,26437.0,Subscriptions,2022,Q2
Slovak Republic,Subscriptions,5G mobile,Mobile broadband,2022-Q4,472999.0,Subscriptions,2022,Q4
Slovak Republic,Subscriptions,5G mobile,Mobile broadband,2023-Q2,792343.0,Subscriptions,2023,Q2
Slovak Republic,Subscriptions,5G mobile,Mobile broadband,2023-Q4,1083413.0,Subscriptions,2023,Q4
Slovak Republic,Subscriptions,5G mobile,Mobile broadband,2024-Q2,1439966.0,Subscriptions,2024,Q2
Slovak Republic,Subscriptions,5G mobile,Mobile broadband,2024-Q4,2282602.0,Subscriptions,2024,Q4
Slovenia,Subscriptions,5G mobile,Mobile broadband,2021-Q4,55016.0,Subscriptions,2021,Q4
Slovenia,Subscriptions,5G mobile,Mobile broadband,2022-Q2,186360.0,Subscriptions,2022,Q2
Slovenia,Subscriptions,5G mobile,Mobile broadband,2022-Q4,286244.0,Subscriptions,2022,Q4
Slovenia,Subscriptions,5G mobile,Mobile broadband,2023-Q2,506622.0,Subscriptions,2023,Q2
Slovenia,Subscriptions,5G mobile,Mobile broadband,2023-Q4,619442.0,Subscriptions,2023,Q4
Slovenia,Subscriptions,5G mobile,Mobile broadband,2024-Q2,716757.0,Subscriptions,2024,Q2
Slovenia,Subscriptions,5G mobile,Mobile broadband,2024-Q4,877491.0,Subscriptions,2024,Q4
Spain,Subscriptions,5G mobile,Mobile broadband,2020-Q4,296368.0,Subscriptions,2020,Q4
Spain,Subscriptions,5G mobile,Mobile broadband,2021-Q4,3505224.0,Subscriptions,2021,Q4
Spain,Subscriptions,5G mobile,Mobile broadband,2022-Q2,4820387.0,Subscriptions,2022,Q2
Spain,Subscriptions,5G mobile,Mobile broadband,2022-Q4,8128347.0,Subscriptions,2022,Q4
Spain,Subscriptions,5G mobile,Mobile broadband,2023-Q2,10615955.0,Subscriptions,2023,Q2
Spain,Subscriptions,5G mobile,Mobile broadband,2023-Q4,13998725.0,Subscriptions,2023,Q4
Spain,Subscriptions,5G mobile,Mobile broadband,2024-Q2,17608274.0,Subscriptions,2024,Q2
Spain,Subscriptions,5G mobile,Mobile broadband,2024-Q4,19990304.0,Subscriptions,2024,Q4
Sweden,Subscriptions,5G mobile,Mobile broadband,2019-Q4,219843.0,Subscriptions,2019,Q4
Sweden,Subscriptions,5G mobile,Mobile broadband,2020-Q4,468836.0,Subscriptions,2020,Q4
Sweden,Subscriptions,5G mobile,Mobile broadband,2021-Q4,1089205.0,Subscriptions,2021,Q4
Sweden,Subscriptions,5G mobile,Mobile broadband,2022-Q2,1394334.0,Subscriptions,2022,Q2
Sweden,Subscriptions,5G mobile,Mobile broadband,2022-Q4,2126451.0,Subscriptions,2022,Q4
Sweden,Subscriptions,5G mobile,Mobile broadband,2023-Q2,3390542.0,Subscriptions,2023,Q2
Sweden,Subscriptions,5G mobile,Mobile broadband,2023-Q4,4186054.0,Subscriptions,2023,Q4
Sweden,Subscriptions,5G mobile,Mobile broadband,2024-Q2,5293402.0,Subscriptions,2024,Q2
Sweden,Subscriptions,5G mobile,Mobile broadband,2024-Q4,6414935.0,Subscriptions,2024,Q4
United States,Subscriptions,5G mobile,Mobile broadband,2019-Q2,38000.0,Subscriptions,2019,Q2
United States,Subscriptions,5G mobile,Mobile broadband,2019-Q4,475000.0,Subscriptions,2019,Q4
United States,Subscriptions,5G mobile,Mobile broadband,2020-Q2,2978000.0,Subscriptions,2020,Q2
United States,Subscriptions,5G mobile,Mobile broadband,2020-Q4,17624000.0,Subscriptions,2020,Q4
United States,Subscriptions,5G mobile,Mobile broadband,2021-Q2,39527000.0,Subscriptions,2021,Q2
United States,Subscriptions,5G mobile,Mobile broadband,2021-Q4,65441000.0,Subscriptions,2021,Q4
United States,Subscriptions,5G mobile,Mobile broadband,2022-Q2,91291000.0,Subscriptions,2022,Q2
United States,Subscriptions,5G mobile,Mobile broadband,2022-Q4,115215000.0,Subscriptions,2022,Q4
United States,Subscriptions,5G mobile,Mobile broadband,2023-Q2,146862000.0,Subscriptions,2023,Q2
United States,Subscriptions,5G mobile,Mobile broadband,2023-Q4,187610000.0,Subscriptions,2023,Q4
United States,Subscriptions,5G mobile,Mobile broadband,2024-Q2,239664000.0,Subscriptions,2024,Q2
United States,Subscriptions,5G mobile,Mobile broadband,2024-Q4,273072000.0,Subscriptions,2024,Q4
OECD,Subscriptions,5G mobile,Mobile broadband,2019-Q2,38000.0,Subscriptions,2019,Q2
OECD,Subscriptions,5G mobile,Mobile broadband,2019-Q4,694843.0,Subscriptions,2019,Q4
OECD,Subscriptions,5G mobile,Mobile broadband,2020-Q2,2978000.0,Subscriptions,2020,Q2
OECD,Subscriptions,5G mobile,Mobile broadband,2020-Q4,18389323.0,Subscriptions,2020,Q4
OECD,Subscriptions,5G mobile,Mobile broadband,2021-Q2,40717029.0,Subscriptions,2021,Q2
OECD,Subscriptions,5G mobile,Mobile broadband,2021-Q4,135497996.0,Subscriptions,2021,Q4
OECD,Subscriptions,5G mobile,Mobile broadband,2022-Q2,167240789.0,Subscriptions,2022,Q2
OECD,Subscriptions,5G mobile,Mobile broadband,2022-Q4,266842495.0,Subscriptions,2022,Q4
OECD,Subscriptions,5G mobile,Mobile broadband,2023-Q2,342303294.0,Subscriptions,2023,Q2
OECD,Subscriptions,5G mobile,Mobile broadband,2023-Q4,415783345.0,Subscriptions,2023,Q4
OECD,Subscriptions,5G mobile,Mobile broadband,2024-Q2,530650047.0,Subscriptions,2024,Q2
OECD,Subscriptions,5G mobile,Mobile broadband,2024-Q4,577448181.0,Subscriptions,2024,Q4
Brazil,Subscriptions,5G mobile,Mobile broadband,2021-Q4,1213985.0,Subscriptions,2021,Q4
Brazil,Subscriptions,5G mobile,Mobile broadband,2022-Q2,2867905.0,Subscriptions,2022,Q2
Brazil,Subscriptions,5G mobile,Mobile broadband,2022-Q4,5719654.0,Subscriptions,2022,Q4
Brazil,Subscriptions,5G mobile,Mobile broadband,2023-Q2,11371985.0,Subscriptions,2023,Q2
Brazil,Subscriptions,5G mobile,Mobile broadband,2023-Q4,20479864.0,Subscriptions,2023,Q4
Brazil,Subscriptions,5G mobile,Mobile broadband,2024-Q2,28098987.0,Subscriptions,2024,Q2
Brazil,Subscriptions,5G mobile,Mobile broadband,2024-Q4,39608278.0,Subscriptions,2024,Q4
Bulgaria,Subscriptions,5G mobile,Mobile broadband,2022-Q2,650764.0,Subscriptions,2022,Q2
Bulgaria,Subscriptions,5G mobile,Mobile broadband,2022-Q4,520236.0,Subscriptions,2022,Q4
Bulgaria,Subscriptions,5G mobile,Mobile broadband,2023-Q2,905077.0,Subscriptions,2023,Q2
Bulgaria,Subscriptions,5G mobile,Mobile broadband,2023-Q4,1359341.0,Subscriptions,2023,Q4
Bulgaria,Subscriptions,5G mobile,Mobile broadband,2024-Q2,1550048.0,Subscriptions,2024,Q2
Bulgaria,Subscriptions,5G mobile,Mobile broadband,2024-Q4,2431030.0,Subscriptions,2024,Q4
Romania,Subscriptions,5G mobile,Mobile broadband,2021-Q2,52577.0,Subscriptions,2021,Q2
Romania,Subscriptions,5G mobile,Mobile broadband,2021-Q4,238670.0,Subscriptions,2021,Q4
Romania,Subscriptions,5G mobile,Mobile broadband,2022-Q2,408742.0,Subscriptions,2022,Q2
Romania,Subscriptions,5G mobile,Mobile broadband,2022-Q4,723169.0,Subscriptions,2022,Q4
Romania,Subscriptions,5G mobile,Mobile broadband,2023-Q2,1507438.0,Subscriptions,2023,Q2
Romania,Subscriptions,5G mobile,Mobile broadband,2023-Q4,2289784.0,Subscriptions,2023,Q4
Romania,Subscriptions,5G mobile,Mobile broadband,2024-Q2,2860555.0,Subscriptions,2024,Q2
Romania,Subscriptions,5G mobile,Mobile broadband,2024-Q4,3509092.0,Subscriptions,2024,Q4
Australia,Subscriptions,M2M,Mobile broadband,2021-Q4,5215000.0,Subscriptions,2021,Q4
Australia,Subscriptions,M2M,Mobile broadband,2022-Q2,5786000.0,Subscriptions,2022,Q2
Australia,Subscriptions,M2M,Mobile broadband,2022-Q4,6454000.0,Subscriptions,2022,Q4
Australia,Subscriptions,M2M,Mobile broadband,2023-Q2,7270000.0,Subscriptions,2023,Q2
Australia,Subscriptions,M2M,Mobile broadband,2023-Q4,8000000.0,Subscriptions,2023,Q4
Austria,Subscriptions,M2M,Mobile broadband,2018-Q2,2670000.0,Subscriptions,2018,Q2
Austria,Subscriptions,M2M,Mobile broadband,2018-Q4,3321448.0,Subscriptions,2018,Q4
Austria,Subscriptions,M2M,Mobile broadband,2019-Q2,4257942.0,Subscriptions,2019,Q2
Austria,Subscriptions,M2M,Mobile broadband,2019-Q4,4994391.0,Subscriptions,2019,Q4
Austria,Subscriptions,M2M,Mobile broadband,2020-Q2,5465124.0,Subscriptions,2020,Q2
Austria,Subscriptions,M2M,Mobile broadband,2020-Q4,6243024.0,Subscriptions,2020,Q4
Austria,Subscriptions,M2M,Mobile broadband,2021-Q2,7358550.0,Subscriptions,2021,Q2
Austria,Subscriptions,M2M,Mobile broadband,2021-Q4,8441606.0,Subscriptions,2021,Q4
Austria,Subscriptions,M2M,Mobile broadband,2022-Q2,9305767.0,Subscriptions,2022,Q2
Austria,Subscriptions,M2M,Mobile broadband,2022-Q4,14388296.0,Subscriptions,2022,Q4
Austria,Subscriptions,M2M,Mobile broadband,2023-Q2,16222704.0,Subscriptions,2023,Q2
Austria,Subscriptions,M2M,Mobile broadband,2023-Q4,19106991.0,Subscriptions,2023,Q4
Austria,Subscriptions,M2M,Mobile broadband,2024-Q2,21257218.0,Subscriptions,2024,Q2
Austria,Subscriptions,M2M,Mobile broadband,2024-Q4,23803156.0,Subscriptions,2024,Q4
Belgium,Subscriptions,M2M,Mobile broadband,2018-Q2,2184388.0,Subscriptions,2018,Q2
Belgium,Subscriptions,M2M,Mobile broadband,2018-Q4,2466416.0,Subscriptions,2018,Q4
Belgium,Subscriptions,M2M,Mobile broadband,2019-Q2,2838368.0,Subscriptions,2019,Q2
Belgium,Subscriptions,M2M,Mobile broadband,2019-Q4,3103522.0,Subscriptions,2019,Q4
Belgium,Subscriptions,M2M,Mobile broadband,2020-Q2,3672350.0,Subscriptions,2020,Q2
Belgium,Subscriptions,M2M,Mobile broadband,2020-Q4,4089624.0,Subscriptions,2020,Q4
Belgium,Subscriptions,M2M,Mobile broadband,2021-Q2,4925824.0,Subscriptions,2021,Q2
Belgium,Subscriptions,M2M,Mobile broadband,2021-Q4,5456735.0,Subscriptions,2021,Q4
Belgium,Subscriptions,M2M,Mobile broadband,2022-Q2,5456735.0,Subscriptions,2022,Q2
Belgium,Subscriptions,M2M,Mobile broadband,2022-Q4,6291611.0,Subscriptions,2022,Q4
Belgium,Subscriptions,M2M,Mobile broadband,2023-Q4,6998309.0,Subscriptions,2023,Q4
Belgium,Subscriptions,M2M,Mobile broadband,2024-Q4,8536720.0,Subscriptions,2024,Q4
Canada,Subscriptions,M2M,Mobile broadband,2018-Q2,3470000.0,Subscriptions,2018,Q2
Canada,Subscriptions,M2M,Mobile broadband,2018-Q4,3840000.0,Subscriptions,2018,Q4
Canada,Subscriptions,M2M,Mobile broadband,2019-Q2,3840000.0,Subscriptions,2019,Q2
Canada,Subscriptions,M2M,Mobile broadband,2019-Q4,4626000.0,Subscriptions,2019,Q4
Canada,Subscriptions,M2M,Mobile broadband,2020-Q4,3881909.0,Subscriptions,2020,Q4
Canada,Subscriptions,M2M,Mobile broadband,2021-Q4,4707813.0,Subscriptions,2021,Q4
Canada,Subscriptions,M2M,Mobile broadband,2022-Q2,4707813.0,Subscriptions,2022,Q2
Canada,Subscriptions,M2M,Mobile broadband,2022-Q4,5361272.0,Subscriptions,2022,Q4
Canada,Subscriptions,M2M,Mobile broadband,2023-Q2,6281445.0,Subscriptions,2023,Q2
Canada,Subscriptions,M2M,Mobile broadband,2023-Q4,6823320.0,Subscriptions,2023,Q4
Canada,Subscriptions,M2M,Mobile broadband,2024-Q2,7585448.0,Subscriptions,2024,Q2
Canada,Subscriptions,M2M,Mobile broadband,2024-Q4,7894939.0,Subscriptions,2024,Q4
Chile,Subscriptions,M2M,Mobile broadband,2018-Q2,523009.0,Subscriptions,2018,Q2
Chile,Subscriptions,M2M,Mobile broadband,2018-Q4,542811.0,Subscriptions,2018,Q4
Chile,Subscriptions,M2M,Mobile broadband,2019-Q2,518173.0,Subscriptions,2019,Q2
Chile,Subscriptions,M2M,Mobile broadband,2019-Q4,509625.0,Subscriptions,2019,Q4
Chile,Subscriptions,M2M,Mobile broadband,2020-Q2,455670.0,Subscriptions,2020,Q2
Chile,Subscriptions,M2M,Mobile broadband,2020-Q4,511517.0,Subscriptions,2020,Q4
Chile,Subscriptions,M2M,Mobile broadband,2021-Q2,642975.0,Subscriptions,2021,Q2
Chile,Subscriptions,M2M,Mobile broadband,2021-Q4,755622.0,Subscriptions,2021,Q4
Chile,Subscriptions,M2M,Mobile broadband,2022-Q2,795515.0,Subscriptions,2022,Q2
Chile,Subscriptions,M2M,Mobile broadband,2022-Q4,719544.0,Subscriptions,2022,Q4
Chile,Subscriptions,M2M,Mobile broadband,2023-Q2,699368.0,Subscriptions,2023,Q2
Chile,Subscriptions,M2M,Mobile broadband,2023-Q4,705916.0,Subscriptions,2023,Q4
Chile,Subscriptions,M2M,Mobile broadband,2024-Q2,649496.0,Subscriptions,2024,Q2
Chile,Subscriptions,M2M,Mobile broadband,2024-Q4,673962.0,Subscriptions,2024,Q4
Czechia,Subscriptions,M2M,Mobile broadband,2018-Q2,963827.0,Subscriptions,2018,Q2
Czechia,Subscriptions,M2M,Mobile broadband,2018-Q4,1001125.0,Subscriptions,2018,Q4
Czechia,Subscriptions,M2M,Mobile broadband,2019-Q2,1039772.0,Subscriptions,2019,Q2
Czechia,Subscriptions,M2M,Mobile broadband,2019-Q4,1093607.0,Subscriptions,2019,Q4
Czechia,Subscriptions,M2M,Mobile broadband,2020-Q2,1171875.0,Subscriptions,2020,Q2
Czechia,Subscriptions,M2M,Mobile broadband,2020-Q4,1209755.0,Subscriptions,2020,Q4
Czechia,Subscriptions,M2M,Mobile broadband,2021-Q2,1265966.0,Subscriptions,2021,Q2
Czechia,Subscriptions,M2M,Mobile broadband,2021-Q4,1307244.0,Subscriptions,2021,Q4
Czechia,Subscriptions,M2M,Mobile broadband,2022-Q2,1384729.0,Subscriptions,2022,Q2
Czechia,Subscriptions,M2M,Mobile broadband,2022-Q4,1422480.0,Subscriptions,2022,Q4
Czechia,Subscriptions,M2M,Mobile broadband,2023-Q2,1564704.0,Subscriptions,2023,Q2
Czechia,Subscriptions,M2M,Mobile broadband,2023-Q4,1612306.0,Subscriptions,2023,Q4
Czechia,Subscriptions,M2M,Mobile broadband,2024-Q2,1736896.0,Subscriptions,2024,Q2
Czechia,Subscriptions,M2M,Mobile broadband,2024-Q4,1812661.0,Subscriptions,2024,Q4
Denmark,Subscriptions,M2M,Mobile broadband,2018-Q2,1299360.0,Subscriptions,2018,Q2
Denmark,Subscriptions,M2M,Mobile broadband,2018-Q4,1319675.0,Subscriptions,2018,Q4
Denmark,Subscriptions,M2M,Mobile broadband,2019-Q2,1415208.0,Subscriptions,2019,Q2
Denmark,Subscriptions,M2M,Mobile broadband,2019-Q4,1455899.0,Subscriptions,2019,Q4
Denmark,Subscriptions,M2M,Mobile broadband,2020-Q2,1516950.0,Subscriptions,2020,Q2
Denmark,Subscriptions,M2M,Mobile broadband,2020-Q4,1636598.0,Subscriptions,2020,Q4
Denmark,Subscriptions,M2M,Mobile broadband,2021-Q2,1636598.0,Subscriptions,2021,Q2
Denmark,Subscriptions,M2M,Mobile broadband,2021-Q4,1800000.0,Subscriptions,2021,Q4
Denmark,Subscriptions,M2M,Mobile broadband,2022-Q2,1906633.0,Subscriptions,2022,Q2
Denmark,Subscriptions,M2M,Mobile broadband,2022-Q4,1995180.0,Subscriptions,2022,Q4
Denmark,Subscriptions,M2M,Mobile broadband,2023-Q2,2101755.0,Subscriptions,2023,Q2
Denmark,Subscriptions,M2M,Mobile broadband,2023-Q4,2389196.0,Subscriptions,2023,Q4
Denmark,Subscriptions,M2M,Mobile broadband,2024-Q2,2846787.0,Subscriptions,2024,Q2
Denmark,Subscriptions,M2M,Mobile broadband,2024-Q4,2922938.0,Subscriptions,2024,Q4
Estonia,Subscriptions,M2M,Mobile broadband,2018-Q2,266647.0,Subscriptions,2018,Q2
Estonia,Subscriptions,M2M,Mobile broadband,2018-Q4,283772.0,Subscriptions,2018,Q4
Estonia,Subscriptions,M2M,Mobile broadband,2019-Q2,315629.0,Subscriptions,2019,Q2
Estonia,Subscriptions,M2M,Mobile broadband,2019-Q4,342724.0,Subscriptions,2019,Q4
Estonia,Subscriptions,M2M,Mobile broadband,2020-Q2,363072.0,Subscriptions,2020,Q2
Estonia,Subscriptions,M2M,Mobile broadband,2020-Q4,394974.0,Subscriptions,2020,Q4
Estonia,Subscriptions,M2M,Mobile broadband,2021-Q2,423371.0,Subscriptions,2021,Q2
Estonia,Subscriptions,M2M,Mobile broadband,2021-Q4,447547.0,Subscriptions,2021,Q4
Estonia,Subscriptions,M2M,Mobile broadband,2022-Q2,476972.0,Subscriptions,2022,Q2
Estonia,Subscriptions,M2M,Mobile broadband,2022-Q4,502098.0,Subscriptions,2022,Q4
Estonia,Subscriptions,M2M,Mobile broadband,2023-Q2,518037.0,Subscriptions,2023,Q2
Estonia,Subscriptions,M2M,Mobile broadband,2023-Q4,536549.0,Subscriptions,2023,Q4
Estonia,Subscriptions,M2M,Mobile broadband,2024-Q2,568237.0,Subscriptions,2024,Q2
Estonia,Subscriptions,M2M,Mobile broadband,2024-Q4,582123.0,Subscriptions,2024,Q4
Finland,Subscriptions,M2M,Mobile broadband,2018-Q2,1530000.0,Subscriptions,2018,Q2
Finland,Subscriptions,M2M,Mobile broadband,2018-Q4,1590000.0,Subscriptions,2018,Q4
Finland,Subscriptions,M2M,Mobile broadband,2019-Q2,1620000.0,Subscriptions,2019,Q2
Finland,Subscriptions,M2M,Mobile broadband,2019-Q4,1650000.0,Subscriptions,2019,Q4
Finland,Subscriptions,M2M,Mobile broadband,2020-Q2,1680000.0,Subscriptions,2020,Q2
Finland,Subscriptions,M2M,Mobile broadband,2020-Q4,1740000.0,Subscriptions,2020,Q4
Finland,Subscriptions,M2M,Mobile broadband,2021-Q2,1830000.0,Subscriptions,2021,Q2
Finland,Subscriptions,M2M,Mobile broadband,2021-Q4,1500000.0,Subscriptions,2021,Q4
Finland,Subscriptions,M2M,Mobile broadband,2022-Q2,1590000.0,Subscriptions,2022,Q2
Finland,Subscriptions,M2M,Mobile broadband,2022-Q4,1700000.0,Subscriptions,2022,Q4
Finland,Subscriptions,M2M,Mobile broadband,2023-Q2,1750000.0,Subscriptions,2023,Q2
Finland,Subscriptions,M2M,Mobile broadband,2023-Q4,1800000.0,Subscriptions,2023,Q4
Finland,Subscriptions,M2M,Mobile broadband,2024-Q2,1870000.0,Subscriptions,2024,Q2
Finland,Subscriptions,M2M,Mobile broadband,2024-Q4,1920000.0,Subscriptions,2024,Q4
France,Subscriptions,M2M,Mobile broadband,2018-Q2,16644000.0,Subscriptions,2018,Q2
France,Subscriptions,M2M,Mobile broadband,2018-Q4,18332000.0,Subscriptions,2018,Q4
France,Subscriptions,M2M,Mobile broadband,2019-Q2,20061000.0,Subscriptions,2019,Q2
France,Subscriptions,M2M,Mobile broadband,2019-Q4,21021000.0,Subscriptions,2019,Q4
France,Subscriptions,M2M,Mobile broadband,2020-Q2,21677000.0,Subscriptions,2020,Q2
France,Subscriptions,M2M,Mobile broadband,2020-Q4,22505000.0,Subscriptions,2020,Q4
France,Subscriptions,M2M,Mobile broadband,2021-Q2,22918000.0,Subscriptions,2021,Q2
France,Subscriptions,M2M,Mobile broadband,2021-Q4,23600000.0,Subscriptions,2021,Q4
France,Subscriptions,M2M,Mobile broadband,2022-Q2,24069000.0,Subscriptions,2022,Q2
France,Subscriptions,M2M,Mobile broadband,2022-Q4,23884000.0,Subscriptions,2022,Q4
France,Subscriptions,M2M,Mobile broadband,2023-Q2,23795000.0,Subscriptions,2023,Q2
France,Subscriptions,M2M,Mobile broadband,2023-Q4,24372000.0,Subscriptions,2023,Q4
France,Subscriptions,M2M,Mobile broadband,2024-Q2,25278000.0,Subscriptions,2024,Q2
France,Subscriptions,M2M,Mobile broadband,2024-Q4,23762000.0,Subscriptions,2024,Q4
Germany,Subscriptions,M2M,Mobile broadband,2018-Q4,23100000.0,Subscriptions,2018,Q4
Germany,Subscriptions,M2M,Mobile broadband,2019-Q4,27700000.0,Subscriptions,2019,Q4
Germany,Subscriptions,M2M,Mobile broadband,2020-Q2,31850000.0,Subscriptions,2020,Q2
Germany,Subscriptions,M2M,Mobile broadband,2020-Q4,36000000.0,Subscriptions,2020,Q4
Germany,Subscriptions,M2M,Mobile broadband,2021-Q2,40600000.0,Subscriptions,2021,Q2
Germany,Subscriptions,M2M,Mobile broadband,2021-Q4,45600000.0,Subscriptions,2021,Q4
Germany,Subscriptions,M2M,Mobile broadband,2022-Q2,53700000.0,Subscriptions,2022,Q2
Germany,Subscriptions,M2M,Mobile broadband,2022-Q4,58340000.0,Subscriptions,2022,Q4
Germany,Subscriptions,M2M,Mobile broadband,2023-Q2,58610000.0,Subscriptions,2023,Q2
Germany,Subscriptions,M2M,Mobile broadband,2023-Q4,62833000.0,Subscriptions,2023,Q4
Germany,Subscriptions,M2M,Mobile broadband,2024-Q2,68901000.0,Subscriptions,2024,Q2
Germany,Subscriptions,M2M,Mobile broadband,2024-Q4,73690000.0,Subscriptions,2024,Q4
Greece,Subscriptions,M2M,Mobile broadband,2018-Q2,353641.0,Subscriptions,2018,Q2
Greece,Subscriptions,M2M,Mobile broadband,2018-Q4,373077.0,Subscriptions,2018,Q4
Greece,Subscriptions,M2M,Mobile broadband,2019-Q2,412913.0,Subscriptions,2019,Q2
Greece,Subscriptions,M2M,Mobile broadband,2019-Q4,431795.0,Subscriptions,2019,Q4
Greece,Subscriptions,M2M,Mobile broadband,2020-Q2,477353.0,Subscriptions,2020,Q2
Greece,Subscriptions,M2M,Mobile broadband,2020-Q4,589758.0,Subscriptions,2020,Q4
Greece,Subscriptions,M2M,Mobile broadband,2021-Q2,694588.0,Subscriptions,2021,Q2
Greece,Subscriptions,M2M,Mobile broadband,2021-Q4,726666.0,Subscriptions,2021,Q4
Greece,Subscriptions,M2M,Mobile broadband,2022-Q2,811139.0,Subscriptions,2022,Q2
Greece,Subscriptions,M2M,Mobile broadband,2022-Q4,963383.0,Subscriptions,2022,Q4
Greece,Subscriptions,M2M,Mobile broadband,2023-Q2,983258.0,Subscriptions,2023,Q2
Greece,Subscriptions,M2M,Mobile broadband,2023-Q4,1178507.0,Subscriptions,2023,Q4
Greece,Subscriptions,M2M,Mobile broadband,2024-Q2,1475918.0,Subscriptions,2024,Q2
Greece,Subscriptions,M2M,Mobile broadband,2024-Q4,1619674.0,Subscriptions,2024,Q4
Hungary,Subscriptions,M2M,Mobile broadband,2018-Q2,1206340.0,Subscriptions,2018,Q2
Hungary,Subscriptions,M2M,Mobile broadband,2018-Q4,1239693.0,Subscriptions,2018,Q4
Hungary,Subscriptions,M2M,Mobile broadband,2019-Q2,1291297.0,Subscriptions,2019,Q2
Hungary,Subscriptions,M2M,Mobile broadband,2019-Q4,1343230.0,Subscriptions,2019,Q4
Hungary,Subscriptions,M2M,Mobile broadband,2020-Q2,1357807.0,Subscriptions,2020,Q2
Hungary,Subscriptions,M2M,Mobile broadband,2020-Q4,1475748.0,Subscriptions,2020,Q4
Hungary,Subscriptions,M2M,Mobile broadband,2021-Q2,1724028.0,Subscriptions,2021,Q2
Hungary,Subscriptions,M2M,Mobile broadband,2021-Q4,1856143.0,Subscriptions,2021,Q4
Hungary,Subscriptions,M2M,Mobile broadband,2022-Q2,2064118.0,Subscriptions,2022,Q2
Hungary,Subscriptions,M2M,Mobile broadband,2022-Q4,2158513.0,Subscriptions,2022,Q4
Hungary,Subscriptions,M2M,Mobile broadband,2023-Q2,2401986.0,Subscriptions,2023,Q2
Hungary,Subscriptions,M2M,Mobile broadband,2023-Q4,2804120.0,Subscriptions,2023,Q4
Hungary,Subscriptions,M2M,Mobile broadband,2024-Q2,3157828.0,Subscriptions,2024,Q2
Hungary,Subscriptions,M2M,Mobile broadband,2024-Q4,3300507.0,Subscriptions,2024,Q4
Iceland,Subscriptions,M2M,Mobile broadband,2018-Q2,36534.0,Subscriptions,2018,Q2
Iceland,Subscriptions,M2M,Mobile broadband,2018-Q4,46650.0,Subscriptions,2018,Q4
Iceland,Subscriptions,M2M,Mobile broadband,2019-Q2,57506.0,Subscriptions,2019,Q2
Iceland,Subscriptions,M2M,Mobile broadband,2019-Q4,54419.0,Subscriptions,2019,Q4
Iceland,Subscriptions,M2M,Mobile broadband,2020-Q2,58105.0,Subscriptions,2020,Q2
Iceland,Subscriptions,M2M,Mobile broadband,2020-Q4,112188.0,Subscriptions,2020,Q4
Iceland,Subscriptions,M2M,Mobile broadband,2021-Q2,299889.0,Subscriptions,2021,Q2
Iceland,Subscriptions,M2M,Mobile broadband,2021-Q4,1179191.0,Subscriptions,2021,Q4
Iceland,Subscriptions,M2M,Mobile broadband,2022-Q2,775465.0,Subscriptions,2022,Q2
Iceland,Subscriptions,M2M,Mobile broadband,2022-Q4,724095.0,Subscriptions,2022,Q4
Iceland,Subscriptions,M2M,Mobile broadband,2023-Q2,775045.0,Subscriptions,2023,Q2
Iceland,Subscriptions,M2M,Mobile broadband,2023-Q4,433237.0,Subscriptions,2023,Q4
Iceland,Subscriptions,M2M,Mobile broadband,2024-Q2,411993.0,Subscriptions,2024,Q2
Iceland,Subscriptions,M2M,Mobile broadband,2024-Q4,388260.0,Subscriptions,2024,Q4
Ireland,Subscriptions,M2M,Mobile broadband,2018-Q2,930806.0,Subscriptions,2018,Q2
Ireland,Subscriptions,M2M,Mobile broadband,2018-Q4,1012434.0,Subscriptions,2018,Q4
Ireland,Subscriptions,M2M,Mobile broadband,2019-Q2,1112082.0,Subscriptions,2019,Q2
Ireland,Subscriptions,M2M,Mobile broadband,2019-Q4,1206513.0,Subscriptions,2019,Q4
Ireland,Subscriptions,M2M,Mobile broadband,2020-Q2,1353232.0,Subscriptions,2020,Q2
Ireland,Subscriptions,M2M,Mobile broadband,2020-Q4,1574788.0,Subscriptions,2020,Q4
Ireland,Subscriptions,M2M,Mobile broadband,2021-Q2,1792432.0,Subscriptions,2021,Q2
Ireland,Subscriptions,M2M,Mobile broadband,2021-Q4,2176011.0,Subscriptions,2021,Q4
Ireland,Subscriptions,M2M,Mobile broadband,2022-Q2,2492123.0,Subscriptions,2022,Q2
Ireland,Subscriptions,M2M,Mobile broadband,2022-Q4,2852401.0,Subscriptions,2022,Q4
Ireland,Subscriptions,M2M,Mobile broadband,2023-Q2,3249528.0,Subscriptions,2023,Q2
Ireland,Subscriptions,M2M,Mobile broadband,2023-Q4,3593307.0,Subscriptions,2023,Q4
Ireland,Subscriptions,M2M,Mobile broadband,2024-Q2,3785067.0,Subscriptions,2024,Q2
Ireland,Subscriptions,M2M,Mobile broadband,2024-Q4,3984713.0,Subscriptions,2024,Q4
Italy,Subscriptions,M2M,Mobile broadband,2018-Q2,18485964.0,Subscriptions,2018,Q2
Italy,Subscriptions,M2M,Mobile broadband,2018-Q4,21049776.0,Subscriptions,2018,Q4
Italy,Subscriptions,M2M,Mobile broadband,2019-Q2,22790827.0,Subscriptions,2019,Q2
Italy,Subscriptions,M2M,Mobile broadband,2019-Q4,24254348.0,Subscriptions,2019,Q4
Italy,Subscriptions,M2M,Mobile broadband,2020-Q2,25547385.0,Subscriptions,2020,Q2
Italy,Subscriptions,M2M,Mobile broadband,2020-Q4,26345401.0,Subscriptions,2020,Q4
Italy,Subscriptions,M2M,Mobile broadband,2021-Q2,27490517.0,Subscriptions,2021,Q2
Italy,Subscriptions,M2M,Mobile broadband,2021-Q4,28082687.0,Subscriptions,2021,Q4
Italy,Subscriptions,M2M,Mobile broadband,2022-Q2,28821979.0,Subscriptions,2022,Q2
Italy,Subscriptions,M2M,Mobile broadband,2022-Q4,28821806.0,Subscriptions,2022,Q4
Italy,Subscriptions,M2M,Mobile broadband,2023-Q2,29399183.0,Subscriptions,2023,Q2
Italy,Subscriptions,M2M,Mobile broadband,2023-Q4,30024706.0,Subscriptions,2023,Q4
Italy,Subscriptions,M2M,Mobile broadband,2024-Q2,30096400.0,Subscriptions,2024,Q2
Italy,Subscriptions,M2M,Mobile broadband,2024-Q4,30486442.0,Subscriptions,2024,Q4
Japan,Subscriptions,M2M,Mobile broadband,2018-Q2,19736397.0,Subscriptions,2018,Q2
Japan,Subscriptions,M2M,Mobile broadband,2018-Q4,21671796.0,Subscriptions,2018,Q4
Japan,Subscriptions,M2M,Mobile broadband,2019-Q2,24786130.0,Subscriptions,2019,Q2
Japan,Subscriptions,M2M,Mobile broadband,2019-Q4,27386231.0,Subscriptions,2019,Q4
Japan,Subscriptions,M2M,Mobile broadband,2020-Q2,29258718.0,Subscriptions,2020,Q2
Japan,Subscriptions,M2M,Mobile broadband,2020-Q4,31444462.0,Subscriptions,2020,Q4
Japan,Subscriptions,M2M,Mobile broadband,2021-Q2,34089512.0,Subscriptions,2021,Q2
Japan,Subscriptions,M2M,Mobile broadband,2021-Q4,36458488.0,Subscriptions,2021,Q4
Japan,Subscriptions,M2M,Mobile broadband,2022-Q2,38301951.0,Subscriptions,2022,Q2
Japan,Subscriptions,M2M,Mobile broadband,2022-Q4,41184410.0,Subscriptions,2022,Q4
Japan,Subscriptions,M2M,Mobile broadband,2023-Q2,43463115.0,Subscriptions,2023,Q2
Japan,Subscriptions,M2M,Mobile broadband,2023-Q4,46760409.0,Subscriptions,2023,Q4
Japan,Subscriptions,M2M,Mobile broadband,2024-Q2,45682509.0,Subscriptions,2024,Q2
Japan,Subscriptions,M2M,Mobile broadband,2024-Q4,47634290.0,Subscriptions,2024,Q4
Korea,Subscriptions,M2M,Mobile broadband,2018-Q2,6734052.0,Subscriptions,2018,Q2
Korea,Subscriptions,M2M,Mobile broadband,2018-Q4,7845800.0,Subscriptions,2018,Q4
Korea,Subscriptions,M2M,Mobile broadband,2019-Q2,8226882.0,Subscriptions,2019,Q2
Korea,Subscriptions,M2M,Mobile broadband,2019-Q4,9636095.0,Subscriptions,2019,Q4
Korea,Subscriptions,M2M,Mobile broadband,2020-Q2,10395698.0,Subscriptions,2020,Q2
Korea,Subscriptions,M2M,Mobile broadband,2020-Q4,11485788.0,Subscriptions,2020,Q4
Korea,Subscriptions,M2M,Mobile broadband,2021-Q2,12747696.0,Subscriptions,2021,Q2
Korea,Subscriptions,M2M,Mobile broadband,2021-Q4,14467640.0,Subscriptions,2021,Q4
Korea,Subscriptions,M2M,Mobile broadband,2022-Q2,16491367.0,Subscriptions,2022,Q2
Korea,Subscriptions,M2M,Mobile broadband,2022-Q4,18309976.0,Subscriptions,2022,Q4
Korea,Subscriptions,M2M,Mobile broadband,2023-Q2,21002252.0,Subscriptions,2023,Q2
Korea,Subscriptions,M2M,Mobile broadband,2023-Q4,24462065.0,Subscriptions,2023,Q4
Korea,Subscriptions,M2M,Mobile broadband,2024-Q2,27643558.0,Subscriptions,2024,Q2
Korea,Subscriptions,M2M,Mobile broadband,2024-Q4,30262564.0,Subscriptions,2024,Q4
Latvia,Subscriptions,M2M,Mobile broadband,2018-Q2,338865.0,Subscriptions,2018,Q2
Latvia,Subscriptions,M2M,Mobile broadband,2018-Q4,348597.0,Subscriptions,2018,Q4
Latvia,Subscriptions,M2M,Mobile broadband,2019-Q2,357096.0,Subscriptions,2019,Q2
Latvia,Subscriptions,M2M,Mobile broadband,2019-Q4,368565.0,Subscriptions,2019,Q4
Latvia,Subscriptions,M2M,Mobile broadband,2020-Q2,375433.0,Subscriptions,2020,Q2
Latvia,Subscriptions,M2M,Mobile broadband,2020-Q4,397967.0,Subscriptions,2020,Q4
Latvia,Subscriptions,M2M,Mobile broadband,2021-Q2,436510.0,Subscriptions,2021,Q2
Latvia,Subscriptions,M2M,Mobile broadband,2021-Q4,456877.0,Subscriptions,2021,Q4
Latvia,Subscriptions,M2M,Mobile broadband,2022-Q2,469433.0,Subscriptions,2022,Q2
Latvia,Subscriptions,M2M,Mobile broadband,2022-Q4,467320.0,Subscriptions,2022,Q4
Latvia,Subscriptions,M2M,Mobile broadband,2023-Q2,496093.0,Subscriptions,2023,Q2
Latvia,Subscriptions,M2M,Mobile broadband,2023-Q4,497873.0,Subscriptions,2023,Q4
Latvia,Subscriptions,M2M,Mobile broadband,2024-Q2,518697.0,Subscriptions,2024,Q2
Latvia,Subscriptions,M2M,Mobile broadband,2024-Q4,509641.0,Subscriptions,2024,Q4
Lithuania,Subscriptions,M2M,Mobile broadband,2018-Q2,279560.0,Subscriptions,2018,Q2
Lithuania,Subscriptions,M2M,Mobile broadband,2018-Q4,293581.0,Subscriptions,2018,Q4
Lithuania,Subscriptions,M2M,Mobile broadband,2019-Q2,313378.0,Subscriptions,2019,Q2
Lithuania,Subscriptions,M2M,Mobile broadband,2019-Q4,324312.0,Subscriptions,2019,Q4
Lithuania,Subscriptions,M2M,Mobile broadband,2020-Q2,338985.0,Subscriptions,2020,Q2
Lithuania,Subscriptions,M2M,Mobile broadband,2020-Q4,370352.0,Subscriptions,2020,Q4
Lithuania,Subscriptions,M2M,Mobile broadband,2021-Q2,405201.0,Subscriptions,2021,Q2
Lithuania,Subscriptions,M2M,Mobile broadband,2021-Q4,488940.0,Subscriptions,2021,Q4
Lithuania,Subscriptions,M2M,Mobile broadband,2022-Q2,517926.0,Subscriptions,2022,Q2
Lithuania,Subscriptions,M2M,Mobile broadband,2022-Q4,743730.0,Subscriptions,2022,Q4
Lithuania,Subscriptions,M2M,Mobile broadband,2023-Q2,1085541.0,Subscriptions,2023,Q2
Lithuania,Subscriptions,M2M,Mobile broadband,2023-Q4,1385559.0,Subscriptions,2023,Q4
Lithuania,Subscriptions,M2M,Mobile broadband,2024-Q2,1606618.0,Subscriptions,2024,Q2
Lithuania,Subscriptions,M2M,Mobile broadband,2024-Q4,1805649.0,Subscriptions,2024,Q4
Luxembourg,Subscriptions,M2M,Mobile broadband,2018-Q2,99200.0,Subscriptions,2018,Q2
Luxembourg,Subscriptions,M2M,Mobile broadband,2018-Q4,102400.0,Subscriptions,2018,Q4
Luxembourg,Subscriptions,M2M,Mobile broadband,2019-Q2,84100.0,Subscriptions,2019,Q2
Luxembourg,Subscriptions,M2M,Mobile broadband,2019-Q4,84900.0,Subscriptions,2019,Q4
Luxembourg,Subscriptions,M2M,Mobile broadband,2020-Q2,64200.0,Subscriptions,2020,Q2
Luxembourg,Subscriptions,M2M,Mobile broadband,2020-Q4,73700.0,Subscriptions,2020,Q4
Luxembourg,Subscriptions,M2M,Mobile broadband,2021-Q2,78000.0,Subscriptions,2021,Q2
Luxembourg,Subscriptions,M2M,Mobile broadband,2021-Q4,79800.0,Subscriptions,2021,Q4
Luxembourg,Subscriptions,M2M,Mobile broadband,2022-Q2,88650.0,Subscriptions,2022,Q2
Luxembourg,Subscriptions,M2M,Mobile broadband,2022-Q4,111018.0,Subscriptions,2022,Q4
Luxembourg,Subscriptions,M2M,Mobile broadband,2023-Q2,115000.0,Subscriptions,2023,Q2
Luxembourg,Subscriptions,M2M,Mobile broadband,2023-Q4,133000.0,Subscriptions,2023,Q4
Luxembourg,Subscriptions,M2M,Mobile broadband,2024-Q2,182800.0,Subscriptions,2024,Q2
Luxembourg,Subscriptions,M2M,Mobile broadband,2024-Q4,203400.0,Subscriptions,2024,Q4
Mexico,Subscriptions,M2M,Mobile broadband,2018-Q2,2119713.0,Subscriptions,2018,Q2
Mexico,Subscriptions,M2M,Mobile broadband,2018-Q4,2359827.0,Subscriptions,2018,Q4
Mexico,Subscriptions,M2M,Mobile broadband,2019-Q2,2479008.0,Subscriptions,2019,Q2
Mexico,Subscriptions,M2M,Mobile broadband,2019-Q4,2574203.0,Subscriptions,2019,Q4
Mexico,Subscriptions,M2M,Mobile broadband,2020-Q2,2667597.0,Subscriptions,2020,Q2
Mexico,Subscriptions,M2M,Mobile broadband,2020-Q4,2757851.0,Subscriptions,2020,Q4
Mexico,Subscriptions,M2M,Mobile broadband,2021-Q2,2950157.0,Subscriptions,2021,Q2
Mexico,Subscriptions,M2M,Mobile broadband,2021-Q4,3116701.0,Subscriptions,2021,Q4
Mexico,Subscriptions,M2M,Mobile broadband,2022-Q2,3076214.0,Subscriptions,2022,Q2
Mexico,Subscriptions,M2M,Mobile broadband,2022-Q4,2732829.0,Subscriptions,2022,Q4
Mexico,Subscriptions,M2M,Mobile broadband,2023-Q2,2798221.0,Subscriptions,2023,Q2
Mexico,Subscriptions,M2M,Mobile broadband,2023-Q4,4099372.0,Subscriptions,2023,Q4
Mexico,Subscriptions,M2M,Mobile broadband,2024-Q2,4053390.0,Subscriptions,2024,Q2
Mexico,Subscriptions,M2M,Mobile broadband,2024-Q4,4805630.0,Subscriptions,2024,Q4
Netherlands,Subscriptions,M2M,Mobile broadband,2018-Q2,4759000.0,Subscriptions,2018,Q2
Netherlands,Subscriptions,M2M,Mobile broadband,2018-Q4,5456000.0,Subscriptions,2018,Q4
Netherlands,Subscriptions,M2M,Mobile broadband,2019-Q2,6080000.0,Subscriptions,2019,Q2
Netherlands,Subscriptions,M2M,Mobile broadband,2019-Q4,7066784.0,Subscriptions,2019,Q4
Netherlands,Subscriptions,M2M,Mobile broadband,2020-Q2,7107542.0,Subscriptions,2020,Q2
Netherlands,Subscriptions,M2M,Mobile broadband,2020-Q4,7904000.0,Subscriptions,2020,Q4
Netherlands,Subscriptions,M2M,Mobile broadband,2021-Q2,8777000.0,Subscriptions,2021,Q2
Netherlands,Subscriptions,M2M,Mobile broadband,2021-Q4,9080000.0,Subscriptions,2021,Q4
Netherlands,Subscriptions,M2M,Mobile broadband,2022-Q2,12724000.0,Subscriptions,2022,Q2
Netherlands,Subscriptions,M2M,Mobile broadband,2022-Q4,13852000.0,Subscriptions,2022,Q4
Netherlands,Subscriptions,M2M,Mobile broadband,2023-Q2,15174000.0,Subscriptions,2023,Q2
Netherlands,Subscriptions,M2M,Mobile broadband,2023-Q4,16534000.0,Subscriptions,2023,Q4
Netherlands,Subscriptions,M2M,Mobile broadband,2024-Q2,17778000.0,Subscriptions,2024,Q2
Netherlands,Subscriptions,M2M,Mobile broadband,2024-Q4,18470000.0,Subscriptions,2024,Q4
New Zealand,Subscriptions,M2M,Mobile broadband,2018-Q2,1635301.0,Subscriptions,2018,Q2
New Zealand,Subscriptions,M2M,Mobile broadband,2018-Q4,1706450.0,Subscriptions,2018,Q4
New Zealand,Subscriptions,M2M,Mobile broadband,2019-Q2,1721404.0,Subscriptions,2019,Q2
New Zealand,Subscriptions,M2M,Mobile broadband,2019-Q4,1817687.0,Subscriptions,2019,Q4
New Zealand,Subscriptions,M2M,Mobile broadband,2020-Q2,1493421.0,Subscriptions,2020,Q2
New Zealand,Subscriptions,M2M,Mobile broadband,2020-Q4,1804625.0,Subscriptions,2020,Q4
New Zealand,Subscriptions,M2M,Mobile broadband,2021-Q2,1813490.0,Subscriptions,2021,Q2
New Zealand,Subscriptions,M2M,Mobile broadband,2021-Q4,1827909.0,Subscriptions,2021,Q4
New Zealand,Subscriptions,M2M,Mobile broadband,2022-Q2,1731133.0,Subscriptions,2022,Q2
New Zealand,Subscriptions,M2M,Mobile broadband,2022-Q4,1541614.0,Subscriptions,2022,Q4
New Zealand,Subscriptions,M2M,Mobile broadband,2023-Q2,2863727.0,Subscriptions,2023,Q2
New Zealand,Subscriptions,M2M,Mobile broadband,2023-Q4,3001167.0,Subscriptions,2023,Q4
New Zealand,Subscriptions,M2M,Mobile broadband,2024-Q2,3088103.0,Subscriptions,2024,Q2
New Zealand,Subscriptions,M2M,Mobile broadband,2024-Q4,3255695.0,Subscriptions,2024,Q4
Norway,Subscriptions,M2M,Mobile broadband,2018-Q2,1701646.0,Subscriptions,2018,Q2
Norway,Subscriptions,M2M,Mobile broadband,2018-Q4,1740416.0,Subscriptions,2018,Q4
Norway,Subscriptions,M2M,Mobile broadband,2019-Q2,1859480.0,Subscriptions,2019,Q2
Norway,Subscriptions,M2M,Mobile broadband,2019-Q4,1964646.0,Subscriptions,2019,Q4
Norway,Subscriptions,M2M,Mobile broadband,2020-Q2,2108468.0,Subscriptions,2020,Q2
Norway,Subscriptions,M2M,Mobile broadband,2020-Q4,2304577.0,Subscriptions,2020,Q4
Norway,Subscriptions,M2M,Mobile broadband,2021-Q2,2605314.0,Subscriptions,2021,Q2
Norway,Subscriptions,M2M,Mobile broadband,2021-Q4,3035827.0,Subscriptions,2021,Q4
Norway,Subscriptions,M2M,Mobile broadband,2022-Q2,3491982.0,Subscriptions,2022,Q2
Norway,Subscriptions,M2M,Mobile broadband,2022-Q4,3920759.0,Subscriptions,2022,Q4
Norway,Subscriptions,M2M,Mobile broadband,2023-Q2,4078580.0,Subscriptions,2023,Q2
Norway,Subscriptions,M2M,Mobile broadband,2023-Q4,4098763.0,Subscriptions,2023,Q4
Norway,Subscriptions,M2M,Mobile broadband,2024-Q2,4276995.0,Subscriptions,2024,Q2
Norway,Subscriptions,M2M,Mobile broadband,2024-Q4,4361928.0,Subscriptions,2024,Q4
Poland,Subscriptions,M2M,Mobile broadband,2018-Q2,2802479.0,Subscriptions,2018,Q2
Poland,Subscriptions,M2M,Mobile broadband,2018-Q4,3294559.0,Subscriptions,2018,Q4
Poland,Subscriptions,M2M,Mobile broadband,2019-Q4,3822548.0,Subscriptions,2019,Q4
Poland,Subscriptions,M2M,Mobile broadband,2020-Q4,4797558.0,Subscriptions,2020,Q4
Poland,Subscriptions,M2M,Mobile broadband,2021-Q4,5986163.0,Subscriptions,2021,Q4
Poland,Subscriptions,M2M,Mobile broadband,2022-Q2,6000000.0,Subscriptions,2022,Q2
Poland,Subscriptions,M2M,Mobile broadband,2022-Q4,6686025.0,Subscriptions,2022,Q4
Poland,Subscriptions,M2M,Mobile broadband,2023-Q2,6686025.0,Subscriptions,2023,Q2
Poland,Subscriptions,M2M,Mobile broadband,2023-Q4,7728632.0,Subscriptions,2023,Q4
Poland,Subscriptions,M2M,Mobile broadband,2024-Q4,9994542.0,Subscriptions,2024,Q4
Portugal,Subscriptions,M2M,Mobile broadband,2018-Q2,1053890.0,Subscriptions,2018,Q2
Portugal,Subscriptions,M2M,Mobile broadband,2018-Q4,1095684.0,Subscriptions,2018,Q4
Portugal,Subscriptions,M2M,Mobile broadband,2019-Q2,1163376.0,Subscriptions,2019,Q2
Portugal,Subscriptions,M2M,Mobile broadband,2019-Q4,1194353.0,Subscriptions,2019,Q4
Portugal,Subscriptions,M2M,Mobile broadband,2020-Q2,1203518.0,Subscriptions,2020,Q2
Portugal,Subscriptions,M2M,Mobile broadband,2020-Q4,1230320.0,Subscriptions,2020,Q4
Portugal,Subscriptions,M2M,Mobile broadband,2021-Q2,1273653.0,Subscriptions,2021,Q2
Portugal,Subscriptions,M2M,Mobile broadband,2021-Q4,1332579.0,Subscriptions,2021,Q4
Portugal,Subscriptions,M2M,Mobile broadband,2022-Q2,1330986.0,Subscriptions,2022,Q2
Portugal,Subscriptions,M2M,Mobile broadband,2022-Q4,1403084.0,Subscriptions,2022,Q4
Portugal,Subscriptions,M2M,Mobile broadband,2023-Q2,1479302.0,Subscriptions,2023,Q2
Portugal,Subscriptions,M2M,Mobile broadband,2023-Q4,1163584.0,Subscriptions,2023,Q4
Portugal,Subscriptions,M2M,Mobile broadband,2024-Q2,1225634.0,Subscriptions,2024,Q2
Portugal,Subscriptions,M2M,Mobile broadband,2024-Q4,1234659.0,Subscriptions,2024,Q4
Slovak Republic,Subscriptions,M2M,Mobile broadband,2018-Q2,716860.0,Subscriptions,2018,Q2
Slovak Republic,Subscriptions,M2M,Mobile broadband,2018-Q4,797755.0,Subscriptions,2018,Q4
Slovak Republic,Subscriptions,M2M,Mobile broadband,2019-Q2,896398.0,Subscriptions,2019,Q2
Slovak Republic,Subscriptions,M2M,Mobile broadband,2019-Q4,984964.0,Subscriptions,2019,Q4
Slovak Republic,Subscriptions,M2M,Mobile broadband,2020-Q2,1054666.0,Subscriptions,2020,Q2
Slovak Republic,Subscriptions,M2M,Mobile broadband,2020-Q4,1257533.0,Subscriptions,2020,Q4
Slovak Republic,Subscriptions,M2M,Mobile broadband,2021-Q2,1307596.0,Subscriptions,2021,Q2
Slovak Republic,Subscriptions,M2M,Mobile broadband,2021-Q4,1334068.0,Subscriptions,2021,Q4
Slovak Republic,Subscriptions,M2M,Mobile broadband,2022-Q2,1290513.0,Subscriptions,2022,Q2
Slovak Republic,Subscriptions,M2M,Mobile broadband,2022-Q4,1235501.0,Subscriptions,2022,Q4
Slovak Republic,Subscriptions,M2M,Mobile broadband,2023-Q2,1242698.0,Subscriptions,2023,Q2
Slovak Republic,Subscriptions,M2M,Mobile broadband,2023-Q4,1246692.0,Subscriptions,2023,Q4
Slovak Republic,Subscriptions,M2M,Mobile broadband,2024-Q2,1225831.0,Subscriptions,2024,Q2
Slovak Republic,Subscriptions,M2M,Mobile broadband,2024-Q4,1213317.0,Subscriptions,2024,Q4
Slovenia,Subscriptions,M2M,Mobile broadband,2018-Q2,68705.0,Subscriptions,2018,Q2
Slovenia,Subscriptions,M2M,Mobile broadband,2018-Q4,72201.0,Subscriptions,2018,Q4
Slovenia,Subscriptions,M2M,Mobile broadband,2019-Q2,76695.0,Subscriptions,2019,Q2
Slovenia,Subscriptions,M2M,Mobile broadband,2019-Q4,78517.0,Subscriptions,2019,Q4
Slovenia,Subscriptions,M2M,Mobile broadband,2020-Q2,82038.0,Subscriptions,2020,Q2
Slovenia,Subscriptions,M2M,Mobile broadband,2020-Q4,86635.0,Subscriptions,2020,Q4
Slovenia,Subscriptions,M2M,Mobile broadband,2021-Q2,94053.0,Subscriptions,2021,Q2
Slovenia,Subscriptions,M2M,Mobile broadband,2021-Q4,101410.0,Subscriptions,2021,Q4
Slovenia,Subscriptions,M2M,Mobile broadband,2022-Q2,99128.0,Subscriptions,2022,Q2
Slovenia,Subscriptions,M2M,Mobile broadband,2022-Q4,103058.0,Subscriptions,2022,Q4
Slovenia,Subscriptions,M2M,Mobile broadband,2023-Q2,107769.0,Subscriptions,2023,Q2
Slovenia,Subscriptions,M2M,Mobile broadband,2023-Q4,114399.0,Subscriptions,2023,Q4
Slovenia,Subscriptions,M2M,Mobile broadband,2024-Q2,120192.0,Subscriptions,2024,Q2
Slovenia,Subscriptions,M2M,Mobile broadband,2024-Q4,128161.0,Subscriptions,2024,Q4
Spain,Subscriptions,M2M,Mobile broadband,2018-Q2,5432695.0,Subscriptions,2018,Q2
Spain,Subscriptions,M2M,Mobile broadband,2018-Q4,5877366.0,Subscriptions,2018,Q4
Spain,Subscriptions,M2M,Mobile broadband,2019-Q2,6355814.0,Subscriptions,2019,Q2
Spain,Subscriptions,M2M,Mobile broadband,2019-Q4,6747718.0,Subscriptions,2019,Q4
Spain,Subscriptions,M2M,Mobile broadband,2020-Q2,7153082.0,Subscriptions,2020,Q2
Spain,Subscriptions,M2M,Mobile broadband,2020-Q4,7686335.0,Subscriptions,2020,Q4
Spain,Subscriptions,M2M,Mobile broadband,2021-Q2,8106791.0,Subscriptions,2021,Q2
Spain,Subscriptions,M2M,Mobile broadband,2021-Q4,8365378.0,Subscriptions,2021,Q4
Spain,Subscriptions,M2M,Mobile broadband,2022-Q2,9428035.0,Subscriptions,2022,Q2
Spain,Subscriptions,M2M,Mobile broadband,2022-Q4,9927536.0,Subscriptions,2022,Q4
Spain,Subscriptions,M2M,Mobile broadband,2023-Q2,10784454.0,Subscriptions,2023,Q2
Spain,Subscriptions,M2M,Mobile broadband,2023-Q4,11498946.0,Subscriptions,2023,Q4
Spain,Subscriptions,M2M,Mobile broadband,2024-Q2,12305838.0,Subscriptions,2024,Q2
Spain,Subscriptions,M2M,Mobile broadband,2024-Q4,13607399.0,Subscriptions,2024,Q4
Sweden,Subscriptions,M2M,Mobile broadband,2018-Q2,12580516.0,Subscriptions,2018,Q2
Sweden,Subscriptions,M2M,Mobile broadband,2018-Q4,12856437.0,Subscriptions,2018,Q4
Sweden,Subscriptions,M2M,Mobile broadband,2019-Q2,14306776.0,Subscriptions,2019,Q2
Sweden,Subscriptions,M2M,Mobile broadband,2019-Q4,15005468.0,Subscriptions,2019,Q4
Sweden,Subscriptions,M2M,Mobile broadband,2020-Q2,15879259.0,Subscriptions,2020,Q2
Sweden,Subscriptions,M2M,Mobile broadband,2020-Q4,16874265.0,Subscriptions,2020,Q4
Sweden,Subscriptions,M2M,Mobile broadband,2021-Q2,18175929.0,Subscriptions,2021,Q2
Sweden,Subscriptions,M2M,Mobile broadband,2021-Q4,19899663.0,Subscriptions,2021,Q4
Sweden,Subscriptions,M2M,Mobile broadband,2022-Q2,21767894.0,Subscriptions,2022,Q2
Sweden,Subscriptions,M2M,Mobile broadband,2022-Q4,23232360.0,Subscriptions,2022,Q4
Sweden,Subscriptions,M2M,Mobile broadband,2023-Q2,24970501.0,Subscriptions,2023,Q2
Sweden,Subscriptions,M2M,Mobile broadband,2023-Q4,26695179.0,Subscriptions,2023,Q4
Sweden,Subscriptions,M2M,Mobile broadband,2024-Q2,28341444.0,Subscriptions,2024,Q2
Sweden,Subscriptions,M2M,Mobile broadband,2024-Q4,29364019.0,Subscriptions,2024,Q4
Switzerland,Subscriptions,M2M,Mobile broadband,2018-Q2,846811.0,Subscriptions,2018,Q2
Switzerland,Subscriptions,M2M,Mobile broadband,2018-Q4,1059928.0,Subscriptions,2018,Q4
Switzerland,Subscriptions,M2M,Mobile broadband,2019-Q2,1256992.0,Subscriptions,2019,Q2
Switzerland,Subscriptions,M2M,Mobile broadband,2019-Q4,1454056.0,Subscriptions,2019,Q4
Switzerland,Subscriptions,M2M,Mobile broadband,2020-Q2,1606028.0,Subscriptions,2020,Q2
Switzerland,Subscriptions,M2M,Mobile broadband,2020-Q4,1758000.0,Subscriptions,2020,Q4
Switzerland,Subscriptions,M2M,Mobile broadband,2021-Q2,1890242.0,Subscriptions,2021,Q2
Switzerland,Subscriptions,M2M,Mobile broadband,2021-Q4,2022484.0,Subscriptions,2021,Q4
Switzerland,Subscriptions,M2M,Mobile broadband,2022-Q2,2574265.0,Subscriptions,2022,Q2
Switzerland,Subscriptions,M2M,Mobile broadband,2022-Q4,3126045.0,Subscriptions,2022,Q4
Switzerland,Subscriptions,M2M,Mobile broadband,2023-Q2,3313423.0,Subscriptions,2023,Q2
Switzerland,Subscriptions,M2M,Mobile broadband,2023-Q4,4611307.0,Subscriptions,2023,Q4
Switzerland,Subscriptions,M2M,Mobile broadband,2024-Q2,5353938.0,Subscriptions,2024,Q2
Switzerland,Subscriptions,M2M,Mobile broadband,2024-Q4,5269310.0,Subscriptions,2024,Q4
Türkiye,Subscriptions,M2M,Mobile broadband,2018-Q2,4900000.0,Subscriptions,2018,Q2
Türkiye,Subscriptions,M2M,Mobile broadband,2018-Q4,5209371.0,Subscriptions,2018,Q4
Türkiye,Subscriptions,M2M,Mobile broadband,2019-Q2,5495118.0,Subscriptions,2019,Q2
Türkiye,Subscriptions,M2M,Mobile broadband,2019-Q4,5861438.0,Subscriptions,2019,Q4
Türkiye,Subscriptions,M2M,Mobile broadband,2020-Q2,5916386.0,Subscriptions,2020,Q2
Türkiye,Subscriptions,M2M,Mobile broadband,2020-Q4,6380454.0,Subscriptions,2020,Q4
Türkiye,Subscriptions,M2M,Mobile broadband,2021-Q2,7005801.0,Subscriptions,2021,Q2
Türkiye,Subscriptions,M2M,Mobile broadband,2021-Q4,7444802.0,Subscriptions,2021,Q4
Türkiye,Subscriptions,M2M,Mobile broadband,2022-Q2,7798970.0,Subscriptions,2022,Q2
Türkiye,Subscriptions,M2M,Mobile broadband,2022-Q4,8090447.0,Subscriptions,2022,Q4
Türkiye,Subscriptions,M2M,Mobile broadband,2023-Q2,8495310.0,Subscriptions,2023,Q2
Türkiye,Subscriptions,M2M,Mobile broadband,2023-Q4,9332867.0,Subscriptions,2023,Q4
Türkiye,Subscriptions,M2M,Mobile broadband,2024-Q2,9684474.0,Subscriptions,2024,Q2
Türkiye,Subscriptions,M2M,Mobile broadband,2024-Q4,10394461.0,Subscriptions,2024,Q4
United Kingdom,Subscriptions,M2M,Mobile broadband,2018-Q2,7932051.0,Subscriptions,2018,Q2
United Kingdom,Subscriptions,M2M,Mobile broadband,2018-Q4,8064703.0,Subscriptions,2018,Q4
United Kingdom,Subscriptions,M2M,Mobile broadband,2019-Q2,8986583.0,Subscriptions,2019,Q2
United Kingdom,Subscriptions,M2M,Mobile broadband,2019-Q4,19274484.0,Subscriptions,2019,Q4
United Kingdom,Subscriptions,M2M,Mobile broadband,2020-Q2,20019544.0,Subscriptions,2020,Q2
United Kingdom,Subscriptions,M2M,Mobile broadband,2020-Q4,20872223.0,Subscriptions,2020,Q4
United Kingdom,Subscriptions,M2M,Mobile broadband,2021-Q2,21605915.0,Subscriptions,2021,Q2
United Kingdom,Subscriptions,M2M,Mobile broadband,2021-Q4,23382317.0,Subscriptions,2021,Q4
United Kingdom,Subscriptions,M2M,Mobile broadband,2022-Q2,24296290.0,Subscriptions,2022,Q2
United Kingdom,Subscriptions,M2M,Mobile broadband,2022-Q4,24954986.0,Subscriptions,2022,Q4
United Kingdom,Subscriptions,M2M,Mobile broadband,2023-Q2,25806420.0,Subscriptions,2023,Q2
United Kingdom,Subscriptions,M2M,Mobile broadband,2023-Q4,26939114.0,Subscriptions,2023,Q4
United Kingdom,Subscriptions,M2M,Mobile broadband,2024-Q2,27362230.0,Subscriptions,2024,Q2
United Kingdom,Subscriptions,M2M,Mobile broadband,2024-Q4,27546769.0,Subscriptions,2024,Q4
United States,Subscriptions,M2M,Mobile broadband,2018-Q2,102788120.0,Subscriptions,2018,Q2
United States,Subscriptions,M2M,Mobile broadband,2018-Q4,103876000.0,Subscriptions,2018,Q4
United States,Subscriptions,M2M,Mobile broadband,2019-Q2,115836000.0,Subscriptions,2019,Q2
United States,Subscriptions,M2M,Mobile broadband,2019-Q4,126485000.0,Subscriptions,2019,Q4
United States,Subscriptions,M2M,Mobile broadband,2020-Q2,137643000.0,Subscriptions,2020,Q2
United States,Subscriptions,M2M,Mobile broadband,2020-Q4,149449000.0,Subscriptions,2020,Q4
United States,Subscriptions,M2M,Mobile broadband,2021-Q2,158983200.0,Subscriptions,2021,Q2
United States,Subscriptions,M2M,Mobile broadband,2021-Q4,169400200.0,Subscriptions,2021,Q4
United States,Subscriptions,M2M,Mobile broadband,2022-Q2,175000000.0,Subscriptions,2022,Q2
United States,Subscriptions,M2M,Mobile broadband,2022-Q4,187364000.0,Subscriptions,2022,Q4
United States,Subscriptions,M2M,Mobile broadband,2023-Q2,200664000.0,Subscriptions,2023,Q2
United States,Subscriptions,M2M,Mobile broadband,2023-Q4,216412000.0,Subscriptions,2023,Q4
United States,Subscriptions,M2M,Mobile broadband,2024-Q2,233396000.0,Subscriptions,2024,Q2
United States,Subscriptions,M2M,Mobile broadband,2024-Q4,246912000.0,Subscriptions,2024,Q4
OECD,Subscriptions,M2M,Mobile broadband,2018-Q2,227090377.0,Subscriptions,2018,Q2
OECD,Subscriptions,M2M,Mobile broadband,2018-Q4,263247748.0,Subscriptions,2018,Q4
OECD,Subscriptions,M2M,Mobile broadband,2019-Q2,261851947.0,Subscriptions,2019,Q2
OECD,Subscriptions,M2M,Mobile broadband,2019-Q4,325919042.0,Subscriptions,2019,Q4
OECD,Subscriptions,M2M,Mobile broadband,2020-Q2,341013506.0,Subscriptions,2020,Q2
OECD,Subscriptions,M2M,Mobile broadband,2020-Q4,377245929.0,Subscriptions,2020,Q4
OECD,Subscriptions,M2M,Mobile broadband,2021-Q2,395948798.0,Subscriptions,2021,Q2
OECD,Subscriptions,M2M,Mobile broadband,2021-Q4,441133511.0,Subscriptions,2021,Q4
OECD,Subscriptions,M2M,Mobile broadband,2022-Q2,470622725.0,Subscriptions,2022,Q2
OECD,Subscriptions,M2M,Mobile broadband,2022-Q4,505565377.0,Subscriptions,2022,Q4
OECD,Subscriptions,M2M,Mobile broadband,2023-Q2,530248444.0,Subscriptions,2023,Q2
OECD,Subscriptions,M2M,Mobile broadband,2023-Q4,579926392.0,Subscriptions,2023,Q4
OECD,Subscriptions,M2M,Mobile broadband,2024-Q2,593466539.0,Subscriptions,2024,Q2
OECD,Subscriptions,M2M,Mobile broadband,2024-Q4,642351529.0,Subscriptions,2024,Q4
Brazil,Subscriptions,M2M,Mobile broadband,2018-Q2,16917204.0,Subscriptions,2018,Q2
Brazil,Subscriptions,M2M,Mobile broadband,2018-Q4,19791566.0,Subscriptions,2018,Q4
Brazil,Subscriptions,M2M,Mobile broadband,2019-Q2,22070337.0,Subscriptions,2019,Q2
Brazil,Subscriptions,M2M,Mobile broadband,2019-Q4,24664372.0,Subscriptions,2019,Q4
Brazil,Subscriptions,M2M,Mobile broadband,2020-Q2,25602188.0,Subscriptions,2020,Q2
Brazil,Subscriptions,M2M,Mobile broadband,2020-Q4,28232693.0,Subscriptions,2020,Q4
Brazil,Subscriptions,M2M,Mobile broadband,2021-Q2,31650907.0,Subscriptions,2021,Q2
Brazil,Subscriptions,M2M,Mobile broadband,2021-Q4,35050593.0,Subscriptions,2021,Q4
Brazil,Subscriptions,M2M,Mobile broadband,2022-Q2,37655108.0,Subscriptions,2022,Q2
Brazil,Subscriptions,M2M,Mobile broadband,2022-Q4,39062268.0,Subscriptions,2022,Q4
Brazil,Subscriptions,M2M,Mobile broadband,2023-Q2,41214210.0,Subscriptions,2023,Q2
Brazil,Subscriptions,M2M,Mobile broadband,2023-Q4,43059071.0,Subscriptions,2023,Q4
Brazil,Subscriptions,M2M,Mobile broadband,2024-Q2,44886810.0,Subscriptions,2024,Q2
Brazil,Subscriptions,M2M,Mobile broadband,2024-Q4,47338411.0,Subscriptions,2024,Q4
Bulgaria,Subscriptions,M2M,Mobile broadband,2018-Q4,984793.0,Subscriptions,2018,Q4
Bulgaria,Subscriptions,M2M,Mobile broadband,2019-Q4,1135152.0,Subscriptions,2019,Q4
Bulgaria,Subscriptions,M2M,Mobile broadband,2020-Q4,1129458.0,Subscriptions,2020,Q4
Bulgaria,Subscriptions,M2M,Mobile broadband,2021-Q4,1108870.0,Subscriptions,2021,Q4
Bulgaria,Subscriptions,M2M,Mobile broadband,2022-Q4,1125552.0,Subscriptions,2022,Q4
Bulgaria,Subscriptions,M2M,Mobile broadband,2023-Q4,1142985.0,Subscriptions,2023,Q4
Bulgaria,Subscriptions,M2M,Mobile broadband,2024-Q4,1213594.0,Subscriptions,2024,Q4
Croatia,Subscriptions,M2M,Mobile broadband,2018-Q4,211677.0,Subscriptions,2018,Q4
Croatia,Subscriptions,M2M,Mobile broadband,2019-Q4,233084.0,Subscriptions,2019,Q4
Croatia,Subscriptions,M2M,Mobile broadband,2020-Q4,260579.0,Subscriptions,2020,Q4
Croatia,Subscriptions,M2M,Mobile broadband,2021-Q4,268403.0,Subscriptions,2021,Q4
Croatia,Subscriptions,M2M,Mobile broadband,2022-Q4,286109.0,Subscriptions,2022,Q4
Croatia,Subscriptions,M2M,Mobile broadband,2023-Q2,283821.0,Subscriptions,2023,Q2
Croatia,Subscriptions,M2M,Mobile broadband,2023-Q4,289676.0,Subscriptions,2023,Q4
Croatia,Subscriptions,M2M,Mobile broadband,2024-Q2,337396.0,Subscriptions,2024,Q2
Croatia,Subscriptions,M2M,Mobile broadband,2024-Q4,397711.0,Subscriptions,2024,Q4
Peru,Subscriptions,M2M,Mobile broadband,2023-Q4,982772.0,Subscriptions,2023,Q4
Peru,Subscriptions,M2M,Mobile broadband,2024-Q4,1097827.0,Subscriptions,2024,Q4
Thailand,Subscriptions,M2M,Mobile broadband,2021-Q4,735000.0,Subscriptions,2021,Q4
Thailand,Subscriptions,M2M,Mobile broadband,2022-Q4,787170.0,Subscriptions,2022,Q4
Thailand,Subscriptions,M2M,Mobile broadband,2023-Q4,926380.0,Subscriptions,2023,Q4
Thailand,Subscriptions,M2M,Mobile broadband,2024-Q4,1027000.0,Subscriptions,2024,Q4
Australia,Data usage,Mobile cellular,Mobile broadband,2018-Q4,4.64,Gigabits per subscription per month,2018,Q4
Australia,Data usage,Mobile cellular,Mobile broadband,2019-Q4,7.6,Gigabits per subscription per month,2019,Q4
Australia,Data usage,Mobile cellular,Mobile broadband,2020-Q4,9.26,Gigabits per subscription per month,2020,Q4
Australia,Data usage,Mobile cellular,Mobile broadband,2021-Q4,11.16,Gigabits per subscription per month,2021,Q4
Australia,Data usage,Mobile cellular,Mobile broadband,2022-Q4,6.0,Gigabits per subscription per month,2022,Q4
Australia,Data usage,Mobile cellular,Mobile broadband,2023-Q2,6.49,Gigabits per subscription per month,2023,Q2
Australia,Data usage,Mobile cellular,Mobile broadband,2023-Q4,6.88,Gigabits per subscription per month,2023,Q4
Australia,Data usage,Mobile cellular,Mobile broadband,2024-Q2,7.14,Gigabits per subscription per month,2024,Q2
Australia,Data usage,Mobile cellular,Mobile broadband,2024-Q4,7.36,Gigabits per subscription per month,2024,Q4
Austria,Data usage,Mobile cellular,Mobile broadband,2018-Q2,15.37,Gigabits per subscription per month,2018,Q2
Austria,Data usage,Mobile cellular,Mobile broadband,2018-Q4,16.4,Gigabits per subscription per month,2018,Q4
Austria,Data usage,Mobile cellular,Mobile broadband,2019-Q2,17.94,Gigabits per subscription per month,2019,Q2
Austria,Data usage,Mobile cellular,Mobile broadband,2019-Q4,18.77,Gigabits per subscription per month,2019,Q4
Austria,Data usage,Mobile cellular,Mobile broadband,2020-Q2,21.78,Gigabits per subscription per month,2020,Q2
Austria,Data usage,Mobile cellular,Mobile broadband,2020-Q4,22.74,Gigabits per subscription per month,2020,Q4
Austria,Data usage,Mobile cellular,Mobile broadband,2021-Q2,26.15,Gigabits per subscription per month,2021,Q2
Austria,Data usage,Mobile cellular,Mobile broadband,2021-Q4,26.35,Gigabits per subscription per month,2021,Q4
Austria,Data usage,Mobile cellular,Mobile broadband,2022-Q2,28.86,Gigabits per subscription per month,2022,Q2
Austria,Data usage,Mobile cellular,Mobile broadband,2022-Q4,29.79,Gigabits per subscription per month,2022,Q4
Austria,Data usage,Mobile cellular,Mobile broadband,2023-Q2,33.33,Gigabits per subscription per month,2023,Q2
Austria,Data usage,Mobile cellular,Mobile broadband,2023-Q4,34.28,Gigabits per subscription per month,2023,Q4
Austria,Data usage,Mobile cellular,Mobile broadband,2024-Q2,36.63,Gigabits per subscription per month,2024,Q2
Austria,Data usage,Mobile cellular,Mobile broadband,2024-Q4,36.74,Gigabits per subscription per month,2024,Q4
Belgium,Data usage,Mobile cellular,Mobile broadband,2018-Q2,1.57,Gigabits per subscription per month,2018,Q2
Belgium,Data usage,Mobile cellular,Mobile broadband,2018-Q4,1.81,Gigabits per subscription per month,2018,Q4
Belgium,Data usage,Mobile cellular,Mobile broadband,2019-Q2,2.48,Gigabits per subscription per month,2019,Q2
Belgium,Data usage,Mobile cellular,Mobile broadband,2019-Q4,2.66,Gigabits per subscription per month,2019,Q4
Belgium,Data usage,Mobile cellular,Mobile broadband,2020-Q2,3.21,Gigabits per subscription per month,2020,Q2
Belgium,Data usage,Mobile cellular,Mobile broadband,2020-Q4,3.41,Gigabits per subscription per month,2020,Q4
Belgium,Data usage,Mobile cellular,Mobile broadband,2021-Q2,3.67,Gigabits per subscription per month,2021,Q2
Belgium,Data usage,Mobile cellular,Mobile broadband,2021-Q4,4.1,Gigabits per subscription per month,2021,Q4
Belgium,Data usage,Mobile cellular,Mobile broadband,2022-Q2,4.55,Gigabits per subscription per month,2022,Q2
Belgium,Data usage,Mobile cellular,Mobile broadband,2022-Q4,5.91,Gigabits per subscription per month,2022,Q4
Belgium,Data usage,Mobile cellular,Mobile broadband,2023-Q2,6.42,Gigabits per subscription per month,2023,Q2
Belgium,Data usage,Mobile cellular,Mobile broadband,2023-Q4,7.47,Gigabits per subscription per month,2023,Q4
Belgium,Data usage,Mobile cellular,Mobile broadband,2024-Q2,8.61,Gigabits per subscription per month,2024,Q2
Belgium,Data usage,Mobile cellular,Mobile broadband,2024-Q4,8.99,Gigabits per subscription per month,2024,Q4
Canada,Data usage,Mobile cellular,Mobile broadband,2018-Q4,2.46,Gigabits per subscription per month,2018,Q4
Canada,Data usage,Mobile cellular,Mobile broadband,2019-Q4,2.93,Gigabits per subscription per month,2019,Q4
Canada,Data usage,Mobile cellular,Mobile broadband,2020-Q4,3.52,Gigabits per subscription per month,2020,Q4
Canada,Data usage,Mobile cellular,Mobile broadband,2021-Q4,4.87,Gigabits per subscription per month,2021,Q4
Canada,Data usage,Mobile cellular,Mobile broadband,2022-Q2,4.68,Gigabits per subscription per month,2022,Q2
Canada,Data usage,Mobile cellular,Mobile broadband,2022-Q4,5.86,Gigabits per subscription per month,2022,Q4
Canada,Data usage,Mobile cellular,Mobile broadband,2023-Q2,5.66,Gigabits per subscription per month,2023,Q2
Canada,Data usage,Mobile cellular,Mobile broadband,2023-Q4,6.99,Gigabits per subscription per month,2023,Q4
Canada,Data usage,Mobile cellular,Mobile broadband,2024-Q2,8.48,Gigabits per subscription per month,2024,Q2
Canada,Data usage,Mobile cellular,Mobile broadband,2024-Q4,8.75,Gigabits per subscription per month,2024,Q4
Chile,Data usage,Mobile cellular,Mobile broadband,2018-Q2,5.21,Gigabits per subscription per month,2018,Q2
Chile,Data usage,Mobile cellular,Mobile broadband,2018-Q4,6.62,Gigabits per subscription per month,2018,Q4
Chile,Data usage,Mobile cellular,Mobile broadband,2019-Q2,8.18,Gigabits per subscription per month,2019,Q2
Chile,Data usage,Mobile cellular,Mobile broadband,2019-Q4,9.85,Gigabits per subscription per month,2019,Q4
Chile,Data usage,Mobile cellular,Mobile broadband,2020-Q2,11.5,Gigabits per subscription per month,2020,Q2
Chile,Data usage,Mobile cellular,Mobile broadband,2020-Q4,12.75,Gigabits per subscription per month,2020,Q4
Chile,Data usage,Mobile cellular,Mobile broadband,2021-Q2,14.1,Gigabits per subscription per month,2021,Q2
Chile,Data usage,Mobile cellular,Mobile broadband,2021-Q4,15.38,Gigabits per subscription per month,2021,Q4
Chile,Data usage,Mobile cellular,Mobile broadband,2022-Q2,16.88,Gigabits per subscription per month,2022,Q2
Chile,Data usage,Mobile cellular,Mobile broadband,2022-Q4,18.97,Gigabits per subscription per month,2022,Q4
Chile,Data usage,Mobile cellular,Mobile broadband,2023-Q2,21.4,Gigabits per subscription per month,2023,Q2
Chile,Data usage,Mobile cellular,Mobile broadband,2023-Q4,22.93,Gigabits per subscription per month,2023,Q4
Chile,Data usage,Mobile cellular,Mobile broadband,2024-Q2,24.24,Gigabits per subscription per month,2024,Q2
Chile,Data usage,Mobile cellular,Mobile broadband,2024-Q4,26.29,Gigabits per subscription per month,2024,Q4
Colombia,Data usage,Mobile cellular,Mobile broadband,2018-Q2,1.49,Gigabits per subscription per month,2018,Q2
Colombia,Data usage,Mobile cellular,Mobile broadband,2018-Q4,1.63,Gigabits per subscription per month,2018,Q4
Colombia,Data usage,Mobile cellular,Mobile broadband,2019-Q2,1.94,Gigabits per subscription per month,2019,Q2
Colombia,Data usage,Mobile cellular,Mobile broadband,2019-Q4,2.09,Gigabits per subscription per month,2019,Q4
Colombia,Data usage,Mobile cellular,Mobile broadband,2020-Q2,2.6,Gigabits per subscription per month,2020,Q2
Colombia,Data usage,Mobile cellular,Mobile broadband,2020-Q4,2.8,Gigabits per subscription per month,2020,Q4
Colombia,Data usage,Mobile cellular,Mobile broadband,2021-Q2,4.13,Gigabits per subscription per month,2021,Q2
Colombia,Data usage,Mobile cellular,Mobile broadband,2021-Q4,4.63,Gigabits per subscription per month,2021,Q4
Colombia,Data usage,Mobile cellular,Mobile broadband,2022-Q2,7.75,Gigabits per subscription per month,2022,Q2
Colombia,Data usage,Mobile cellular,Mobile broadband,2022-Q4,8.48,Gigabits per subscription per month,2022,Q4
Colombia,Data usage,Mobile cellular,Mobile broadband,2023-Q2,9.61,Gigabits per subscription per month,2023,Q2
Colombia,Data usage,Mobile cellular,Mobile broadband,2023-Q4,10.01,Gigabits per subscription per month,2023,Q4
Colombia,Data usage,Mobile cellular,Mobile broadband,2024-Q2,11.3,Gigabits per subscription per month,2024,Q2
Colombia,Data usage,Mobile cellular,Mobile broadband,2024-Q4,11.21,Gigabits per subscription per month,2024,Q4
Costa Rica,Data usage,Mobile cellular,Mobile broadband,2018-Q2,2.33,Gigabits per subscription per month,2018,Q2
Costa Rica,Data usage,Mobile cellular,Mobile broadband,2018-Q4,2.46,Gigabits per subscription per month,2018,Q4
Costa Rica,Data usage,Mobile cellular,Mobile broadband,2019-Q2,2.61,Gigabits per subscription per month,2019,Q2
Costa Rica,Data usage,Mobile cellular,Mobile broadband,2019-Q4,2.82,Gigabits per subscription per month,2019,Q4
Costa Rica,Data usage,Mobile cellular,Mobile broadband,2020-Q2,3.95,Gigabits per subscription per month,2020,Q2
Costa Rica,Data usage,Mobile cellular,Mobile broadband,2020-Q4,4.05,Gigabits per subscription per month,2020,Q4
Costa Rica,Data usage,Mobile cellular,Mobile broadband,2021-Q2,4.59,Gigabits per subscription per month,2021,Q2
Costa Rica,Data usage,Mobile cellular,Mobile broadband,2021-Q4,4.76,Gigabits per subscription per month,2021,Q4
Costa Rica,Data usage,Mobile cellular,Mobile broadband,2022-Q2,5.4,Gigabits per subscription per month,2022,Q2
Costa Rica,Data usage,Mobile cellular,Mobile broadband,2022-Q4,5.73,Gigabits per subscription per month,2022,Q4
Costa Rica,Data usage,Mobile cellular,Mobile broadband,2023-Q2,6.55,Gigabits per subscription per month,2023,Q2
Costa Rica,Data usage,Mobile cellular,Mobile broadband,2023-Q4,6.98,Gigabits per subscription per month,2023,Q4
Costa Rica,Data usage,Mobile cellular,Mobile broadband,2024-Q2,7.94,Gigabits per subscription per month,2024,Q2
Costa Rica,Data usage,Mobile cellular,Mobile broadband,2024-Q4,7.76,Gigabits per subscription per month,2024,Q4
Czechia,Data usage,Mobile cellular,Mobile broadband,2018-Q2,2.82,Gigabits per subscription per month,2018,Q2
Czechia,Data usage,Mobile cellular,Mobile broadband,2018-Q4,3.39,Gigabits per subscription per month,2018,Q4
Czechia,Data usage,Mobile cellular,Mobile broadband,2019-Q2,4.81,Gigabits per subscription per month,2019,Q2
Czechia,Data usage,Mobile cellular,Mobile broadband,2019-Q4,1.82,Gigabits per subscription per month,2019,Q4
Czechia,Data usage,Mobile cellular,Mobile broadband,2020-Q2,2.81,Gigabits per subscription per month,2020,Q2
Czechia,Data usage,Mobile cellular,Mobile broadband,2020-Q4,3.17,Gigabits per subscription per month,2020,Q4
Czechia,Data usage,Mobile cellular,Mobile broadband,2021-Q2,4.1,Gigabits per subscription per month,2021,Q2
Czechia,Data usage,Mobile cellular,Mobile broadband,2021-Q4,4.7,Gigabits per subscription per month,2021,Q4
Czechia,Data usage,Mobile cellular,Mobile broadband,2022-Q2,6.25,Gigabits per subscription per month,2022,Q2
Czechia,Data usage,Mobile cellular,Mobile broadband,2022-Q4,7.33,Gigabits per subscription per month,2022,Q4
Czechia,Data usage,Mobile cellular,Mobile broadband,2023-Q2,9.38,Gigabits per subscription per month,2023,Q2
Czechia,Data usage,Mobile cellular,Mobile broadband,2023-Q4,9.86,Gigabits per subscription per month,2023,Q4
Czechia,Data usage,Mobile cellular,Mobile broadband,2024-Q2,11.78,Gigabits per subscription per month,2024,Q2
Czechia,Data usage,Mobile cellular,Mobile broadband,2024-Q4,12.54,Gigabits per subscription per month,2024,Q4
Denmark,Data usage,Mobile cellular,Mobile broadband,2018-Q4,7.45,Gigabits per subscription per month,2018,Q4
Denmark,Data usage,Mobile cellular,Mobile broadband,2019-Q4,9.57,Gigabits per subscription per month,2019,Q4
Denmark,Data usage,Mobile cellular,Mobile broadband,2020-Q4,13.05,Gigabits per subscription per month,2020,Q4
Denmark,Data usage,Mobile cellular,Mobile broadband,2021-Q4,16.08,Gigabits per subscription per month,2021,Q4
Denmark,Data usage,Mobile cellular,Mobile broadband,2022-Q2,17.77,Gigabits per subscription per month,2022,Q2
Denmark,Data usage,Mobile cellular,Mobile broadband,2022-Q4,19.03,Gigabits per subscription per month,2022,Q4
Denmark,Data usage,Mobile cellular,Mobile broadband,2023-Q2,21.81,Gigabits per subscription per month,2023,Q2
Denmark,Data usage,Mobile cellular,Mobile broadband,2023-Q4,23.56,Gigabits per subscription per month,2023,Q4
Denmark,Data usage,Mobile cellular,Mobile broadband,2024-Q2,25.5,Gigabits per subscription per month,2024,Q2
Denmark,Data usage,Mobile cellular,Mobile broadband,2024-Q4,26.94,Gigabits per subscription per month,2024,Q4
Estonia,Data usage,Mobile cellular,Mobile broadband,2018-Q2,9.23,Gigabits per subscription per month,2018,Q2
Estonia,Data usage,Mobile cellular,Mobile broadband,2018-Q4,9.82,Gigabits per subscription per month,2018,Q4
Estonia,Data usage,Mobile cellular,Mobile broadband,2019-Q2,11.18,Gigabits per subscription per month,2019,Q2
Estonia,Data usage,Mobile cellular,Mobile broadband,2019-Q4,11.66,Gigabits per subscription per month,2019,Q4
Estonia,Data usage,Mobile cellular,Mobile broadband,2020-Q2,14.44,Gigabits per subscription per month,2020,Q2
Estonia,Data usage,Mobile cellular,Mobile broadband,2020-Q4,14.71,Gigabits per subscription per month,2020,Q4
Estonia,Data usage,Mobile cellular,Mobile broadband,2021-Q2,18.43,Gigabits per subscription per month,2021,Q2
Estonia,Data usage,Mobile cellular,Mobile broadband,2021-Q4,18.6,Gigabits per subscription per month,2021,Q4
Estonia,Data usage,Mobile cellular,Mobile broadband,2022-Q2,20.6,Gigabits per subscription per month,2022,Q2
Estonia,Data usage,Mobile cellular,Mobile broadband,2022-Q4,22.15,Gigabits per subscription per month,2022,Q4
Estonia,Data usage,Mobile cellular,Mobile broadband,2023-Q2,25.85,Gigabits per subscription per month,2023,Q2
Estonia,Data usage,Mobile cellular,Mobile broadband,2023-Q4,28.57,Gigabits per subscription per month,2023,Q4
Estonia,Data usage,Mobile cellular,Mobile broadband,2024-Q2,36.0,Gigabits per subscription per month,2024,Q2
Estonia,Data usage,Mobile cellular,Mobile broadband,2024-Q4,36.71,Gigabits per subscription per month,2024,Q4
Finland,Data usage,Mobile cellular,Mobile broadband,2018-Q2,18.58,Gigabits per subscription per month,2018,Q2
Finland,Data usage,Mobile cellular,Mobile broadband,2018-Q4,19.63,Gigabits per subscription per month,2018,Q4
Finland,Data usage,Mobile cellular,Mobile broadband,2019-Q2,22.25,Gigabits per subscription per month,2019,Q2
Finland,Data usage,Mobile cellular,Mobile broadband,2019-Q4,23.48,Gigabits per subscription per month,2019,Q4
Finland,Data usage,Mobile cellular,Mobile broadband,2020-Q2,28.5,Gigabits per subscription per month,2020,Q2
Finland,Data usage,Mobile cellular,Mobile broadband,2020-Q4,30.23,Gigabits per subscription per month,2020,Q4
Finland,Data usage,Mobile cellular,Mobile broadband,2021-Q2,34.9,Gigabits per subscription per month,2021,Q2
Finland,Data usage,Mobile cellular,Mobile broadband,2021-Q4,35.82,Gigabits per subscription per month,2021,Q4
Finland,Data usage,Mobile cellular,Mobile broadband,2022-Q2,38.96,Gigabits per subscription per month,2022,Q2
Finland,Data usage,Mobile cellular,Mobile broadband,2022-Q4,40.07,Gigabits per subscription per month,2022,Q4
Finland,Data usage,Mobile cellular,Mobile broadband,2023-Q2,44.48,Gigabits per subscription per month,2023,Q2
Finland,Data usage,Mobile cellular,Mobile broadband,2023-Q4,45.13,Gigabits per subscription per month,2023,Q4
Finland,Data usage,Mobile cellular,Mobile broadband,2024-Q2,46.68,Gigabits per subscription per month,2024,Q2
Finland,Data usage,Mobile cellular,Mobile broadband,2024-Q4,46.98,Gigabits per subscription per month,2024,Q4
France,Data usage,Mobile cellular,Mobile broadband,2018-Q2,5.19,Gigabits per subscription per month,2018,Q2
France,Data usage,Mobile cellular,Mobile broadband,2018-Q4,5.63,Gigabits per subscription per month,2018,Q4
France,Data usage,Mobile cellular,Mobile broadband,2019-Q2,6.97,Gigabits per subscription per month,2019,Q2
France,Data usage,Mobile cellular,Mobile broadband,2019-Q4,7.65,Gigabits per subscription per month,2019,Q4
France,Data usage,Mobile cellular,Mobile broadband,2020-Q2,9.53,Gigabits per subscription per month,2020,Q2
France,Data usage,Mobile cellular,Mobile broadband,2020-Q4,9.97,Gigabits per subscription per month,2020,Q4
France,Data usage,Mobile cellular,Mobile broadband,2021-Q2,11.04,Gigabits per subscription per month,2021,Q2
France,Data usage,Mobile cellular,Mobile broadband,2021-Q4,11.69,Gigabits per subscription per month,2021,Q4
France,Data usage,Mobile cellular,Mobile broadband,2022-Q2,13.41,Gigabits per subscription per month,2022,Q2
France,Data usage,Mobile cellular,Mobile broadband,2022-Q4,14.44,Gigabits per subscription per month,2022,Q4
France,Data usage,Mobile cellular,Mobile broadband,2023-Q2,16.26,Gigabits per subscription per month,2023,Q2
France,Data usage,Mobile cellular,Mobile broadband,2023-Q4,16.73,Gigabits per subscription per month,2023,Q4
France,Data usage,Mobile cellular,Mobile broadband,2024-Q2,17.8,Gigabits per subscription per month,2024,Q2
France,Data usage,Mobile cellular,Mobile broadband,2024-Q4,18.2,Gigabits per subscription per month,2024,Q4
Germany,Data usage,Mobile cellular,Mobile broadband,2018-Q4,2.54,Gigabits per subscription per month,2018,Q4
Germany,Data usage,Mobile cellular,Mobile broadband,2019-Q4,3.34,Gigabits per subscription per month,2019,Q4
Germany,Data usage,Mobile cellular,Mobile broadband,2020-Q4,4.57,Gigabits per subscription per month,2020,Q4
Germany,Data usage,Mobile cellular,Mobile broadband,2021-Q4,6.02,Gigabits per subscription per month,2021,Q4
Germany,Data usage,Mobile cellular,Mobile broadband,2022-Q2,7.23,Gigabits per subscription per month,2022,Q2
Germany,Data usage,Mobile cellular,Mobile broadband,2022-Q4,7.35,Gigabits per subscription per month,2022,Q4
Germany,Data usage,Mobile cellular,Mobile broadband,2023-Q2,9.3,Gigabits per subscription per month,2023,Q2
Germany,Data usage,Mobile cellular,Mobile broadband,2023-Q4,9.87,Gigabits per subscription per month,2023,Q4
Germany,Data usage,Mobile cellular,Mobile broadband,2024-Q2,11.16,Gigabits per subscription per month,2024,Q2
Germany,Data usage,Mobile cellular,Mobile broadband,2024-Q4,10.27,Gigabits per subscription per month,2024,Q4
Greece,Data usage,Mobile cellular,Mobile broadband,2018-Q4,1.6,Gigabits per subscription per month,2018,Q4
Greece,Data usage,Mobile cellular,Mobile broadband,2019-Q4,2.3,Gigabits per subscription per month,2019,Q4
Greece,Data usage,Mobile cellular,Mobile broadband,2020-Q4,3.74,Gigabits per subscription per month,2020,Q4
Greece,Data usage,Mobile cellular,Mobile broadband,2021-Q2,4.29,Gigabits per subscription per month,2021,Q2
Greece,Data usage,Mobile cellular,Mobile broadband,2021-Q4,5.37,Gigabits per subscription per month,2021,Q4
Greece,Data usage,Mobile cellular,Mobile broadband,2022-Q2,5.98,Gigabits per subscription per month,2022,Q2
Greece,Data usage,Mobile cellular,Mobile broadband,2022-Q4,7.69,Gigabits per subscription per month,2022,Q4
Greece,Data usage,Mobile cellular,Mobile broadband,2023-Q2,8.88,Gigabits per subscription per month,2023,Q2
Greece,Data usage,Mobile cellular,Mobile broadband,2023-Q4,11.0,Gigabits per subscription per month,2023,Q4
Greece,Data usage,Mobile cellular,Mobile broadband,2024-Q2,13.5,Gigabits per subscription per month,2024,Q2
Greece,Data usage,Mobile cellular,Mobile broadband,2024-Q4,14.89,Gigabits per subscription per month,2024,Q4
Hungary,Data usage,Mobile cellular,Mobile broadband,2018-Q2,3.26,Gigabits per subscription per month,2018,Q2
Hungary,Data usage,Mobile cellular,Mobile broadband,2018-Q4,3.59,Gigabits per subscription per month,2018,Q4
Hungary,Data usage,Mobile cellular,Mobile broadband,2019-Q2,4.04,Gigabits per subscription per month,2019,Q2
Hungary,Data usage,Mobile cellular,Mobile broadband,2019-Q4,4.57,Gigabits per subscription per month,2019,Q4
Hungary,Data usage,Mobile cellular,Mobile broadband,2020-Q2,6.2,Gigabits per subscription per month,2020,Q2
Hungary,Data usage,Mobile cellular,Mobile broadband,2020-Q4,6.89,Gigabits per subscription per month,2020,Q4
Hungary,Data usage,Mobile cellular,Mobile broadband,2021-Q2,8.62,Gigabits per subscription per month,2021,Q2
Hungary,Data usage,Mobile cellular,Mobile broadband,2021-Q4,9.14,Gigabits per subscription per month,2021,Q4
Hungary,Data usage,Mobile cellular,Mobile broadband,2022-Q2,10.2,Gigabits per subscription per month,2022,Q2
Hungary,Data usage,Mobile cellular,Mobile broadband,2022-Q4,11.02,Gigabits per subscription per month,2022,Q4
Hungary,Data usage,Mobile cellular,Mobile broadband,2023-Q2,12.37,Gigabits per subscription per month,2023,Q2
Hungary,Data usage,Mobile cellular,Mobile broadband,2023-Q4,13.63,Gigabits per subscription per month,2023,Q4
Hungary,Data usage,Mobile cellular,Mobile broadband,2024-Q2,15.54,Gigabits per subscription per month,2024,Q2
Hungary,Data usage,Mobile cellular,Mobile broadband,2024-Q4,16.1,Gigabits per subscription per month,2024,Q4
Iceland,Data usage,Mobile cellular,Mobile broadband,2018-Q2,6.83,Gigabits per subscription per month,2018,Q2
Iceland,Data usage,Mobile cellular,Mobile broadband,2018-Q4,7.84,Gigabits per subscription per month,2018,Q4
Iceland,Data usage,Mobile cellular,Mobile broadband,2019-Q2,9.96,Gigabits per subscription per month,2019,Q2
Iceland,Data usage,Mobile cellular,Mobile broadband,2019-Q4,11.4,Gigabits per subscription per month,2019,Q4
Iceland,Data usage,Mobile cellular,Mobile broadband,2020-Q2,15.27,Gigabits per subscription per month,2020,Q2
Iceland,Data usage,Mobile cellular,Mobile broadband,2020-Q4,16.88,Gigabits per subscription per month,2020,Q4
Iceland,Data usage,Mobile cellular,Mobile broadband,2021-Q2,19.51,Gigabits per subscription per month,2021,Q2
Iceland,Data usage,Mobile cellular,Mobile broadband,2021-Q4,20.57,Gigabits per subscription per month,2021,Q4
Iceland,Data usage,Mobile cellular,Mobile broadband,2022-Q2,22.64,Gigabits per subscription per month,2022,Q2
Iceland,Data usage,Mobile cellular,Mobile broadband,2022-Q4,24.0,Gigabits per subscription per month,2022,Q4
Iceland,Data usage,Mobile cellular,Mobile broadband,2023-Q2,27.08,Gigabits per subscription per month,2023,Q2
Iceland,Data usage,Mobile cellular,Mobile broadband,2023-Q4,27.56,Gigabits per subscription per month,2023,Q4
Iceland,Data usage,Mobile cellular,Mobile broadband,2024-Q2,30.1,Gigabits per subscription per month,2024,Q2
Iceland,Data usage,Mobile cellular,Mobile broadband,2024-Q4,31.45,Gigabits per subscription per month,2024,Q4
Ireland,Data usage,Mobile cellular,Mobile broadband,2018-Q2,5.45,Gigabits per subscription per month,2018,Q2
Ireland,Data usage,Mobile cellular,Mobile broadband,2018-Q4,6.53,Gigabits per subscription per month,2018,Q4
Ireland,Data usage,Mobile cellular,Mobile broadband,2019-Q2,7.65,Gigabits per subscription per month,2019,Q2
Ireland,Data usage,Mobile cellular,Mobile broadband,2019-Q4,8.18,Gigabits per subscription per month,2019,Q4
Ireland,Data usage,Mobile cellular,Mobile broadband,2020-Q2,11.05,Gigabits per subscription per month,2020,Q2
Ireland,Data usage,Mobile cellular,Mobile broadband,2020-Q4,11.86,Gigabits per subscription per month,2020,Q4
Ireland,Data usage,Mobile cellular,Mobile broadband,2021-Q2,14.17,Gigabits per subscription per month,2021,Q2
Ireland,Data usage,Mobile cellular,Mobile broadband,2021-Q4,15.31,Gigabits per subscription per month,2021,Q4
Ireland,Data usage,Mobile cellular,Mobile broadband,2022-Q2,17.83,Gigabits per subscription per month,2022,Q2
Ireland,Data usage,Mobile cellular,Mobile broadband,2022-Q4,18.49,Gigabits per subscription per month,2022,Q4
Ireland,Data usage,Mobile cellular,Mobile broadband,2023-Q2,20.35,Gigabits per subscription per month,2023,Q2
Ireland,Data usage,Mobile cellular,Mobile broadband,2023-Q4,21.27,Gigabits per subscription per month,2023,Q4
Ireland,Data usage,Mobile cellular,Mobile broadband,2024-Q2,23.78,Gigabits per subscription per month,2024,Q2
Ireland,Data usage,Mobile cellular,Mobile broadband,2024-Q4,24.42,Gigabits per subscription per month,2024,Q4
Israel,Data usage,Mobile cellular,Mobile broadband,2018-Q4,7.89,Gigabits per subscription per month,2018,Q4
Israel,Data usage,Mobile cellular,Mobile broadband,2019-Q4,7.54,Gigabits per subscription per month,2019,Q4
Israel,Data usage,Mobile cellular,Mobile broadband,2020-Q4,8.43,Gigabits per subscription per month,2020,Q4
Israel,Data usage,Mobile cellular,Mobile broadband,2021-Q4,9.84,Gigabits per subscription per month,2021,Q4
Israel,Data usage,Mobile cellular,Mobile broadband,2022-Q4,11.32,Gigabits per subscription per month,2022,Q4
Israel,Data usage,Mobile cellular,Mobile broadband,2023-Q4,13.32,Gigabits per subscription per month,2023,Q4
Israel,Data usage,Mobile cellular,Mobile broadband,2024-Q4,12.91,Gigabits per subscription per month,2024,Q4
Italy,Data usage,Mobile cellular,Mobile broadband,2018-Q2,3.66,Gigabits per subscription per month,2018,Q2
Italy,Data usage,Mobile cellular,Mobile broadband,2018-Q4,4.3,Gigabits per subscription per month,2018,Q4
Italy,Data usage,Mobile cellular,Mobile broadband,2019-Q2,5.78,Gigabits per subscription per month,2019,Q2
Italy,Data usage,Mobile cellular,Mobile broadband,2019-Q4,6.49,Gigabits per subscription per month,2019,Q4
Italy,Data usage,Mobile cellular,Mobile broadband,2020-Q2,9.14,Gigabits per subscription per month,2020,Q2
Italy,Data usage,Mobile cellular,Mobile broadband,2020-Q4,9.93,Gigabits per subscription per month,2020,Q4
Italy,Data usage,Mobile cellular,Mobile broadband,2021-Q2,11.71,Gigabits per subscription per month,2021,Q2
Italy,Data usage,Mobile cellular,Mobile broadband,2021-Q4,12.58,Gigabits per subscription per month,2021,Q4
Italy,Data usage,Mobile cellular,Mobile broadband,2022-Q2,14.83,Gigabits per subscription per month,2022,Q2
Italy,Data usage,Mobile cellular,Mobile broadband,2022-Q4,16.53,Gigabits per subscription per month,2022,Q4
Italy,Data usage,Mobile cellular,Mobile broadband,2023-Q2,20.08,Gigabits per subscription per month,2023,Q2
Italy,Data usage,Mobile cellular,Mobile broadband,2023-Q4,21.25,Gigabits per subscription per month,2023,Q4
Italy,Data usage,Mobile cellular,Mobile broadband,2024-Q2,23.59,Gigabits per subscription per month,2024,Q2
Italy,Data usage,Mobile cellular,Mobile broadband,2024-Q4,24.63,Gigabits per subscription per month,2024,Q4
Japan,Data usage,Mobile cellular,Mobile broadband,2018-Q2,3.88,Gigabits per subscription per month,2018,Q2
Japan,Data usage,Mobile cellular,Mobile broadband,2018-Q4,4.32,Gigabits per subscription per month,2018,Q4
Japan,Data usage,Mobile cellular,Mobile broadband,2019-Q2,4.65,Gigabits per subscription per month,2019,Q2
Japan,Data usage,Mobile cellular,Mobile broadband,2019-Q4,5.07,Gigabits per subscription per month,2019,Q4
Japan,Data usage,Mobile cellular,Mobile broadband,2020-Q2,5.58,Gigabits per subscription per month,2020,Q2
Japan,Data usage,Mobile cellular,Mobile broadband,2020-Q4,6.18,Gigabits per subscription per month,2020,Q4
Japan,Data usage,Mobile cellular,Mobile broadband,2021-Q2,6.76,Gigabits per subscription per month,2021,Q2
Japan,Data usage,Mobile cellular,Mobile broadband,2021-Q4,7.27,Gigabits per subscription per month,2021,Q4
Japan,Data usage,Mobile cellular,Mobile broadband,2022-Q2,7.72,Gigabits per subscription per month,2022,Q2
Japan,Data usage,Mobile cellular,Mobile broadband,2022-Q4,8.48,Gigabits per subscription per month,2022,Q4
Japan,Data usage,Mobile cellular,Mobile broadband,2023-Q2,9.27,Gigabits per subscription per month,2023,Q2
Japan,Data usage,Mobile cellular,Mobile broadband,2023-Q4,9.9,Gigabits per subscription per month,2023,Q4
Japan,Data usage,Mobile cellular,Mobile broadband,2024-Q2,10.48,Gigabits per subscription per month,2024,Q2
Japan,Data usage,Mobile cellular,Mobile broadband,2024-Q4,11.16,Gigabits per subscription per month,2024,Q4
Korea,Data usage,Mobile cellular,Mobile broadband,2018-Q2,6.01,Gigabits per subscription per month,2018,Q2
Korea,Data usage,Mobile cellular,Mobile broadband,2018-Q4,6.49,Gigabits per subscription per month,2018,Q4
Korea,Data usage,Mobile cellular,Mobile broadband,2019-Q2,7.61,Gigabits per subscription per month,2019,Q2
Korea,Data usage,Mobile cellular,Mobile broadband,2019-Q4,8.61,Gigabits per subscription per month,2019,Q4
Korea,Data usage,Mobile cellular,Mobile broadband,2020-Q2,10.4,Gigabits per subscription per month,2020,Q2
Korea,Data usage,Mobile cellular,Mobile broadband,2020-Q4,11.05,Gigabits per subscription per month,2020,Q4
Korea,Data usage,Mobile cellular,Mobile broadband,2021-Q2,12.35,Gigabits per subscription per month,2021,Q2
Korea,Data usage,Mobile cellular,Mobile broadband,2021-Q4,12.95,Gigabits per subscription per month,2021,Q4
Korea,Data usage,Mobile cellular,Mobile broadband,2022-Q2,14.31,Gigabits per subscription per month,2022,Q2
Korea,Data usage,Mobile cellular,Mobile broadband,2022-Q4,15.1,Gigabits per subscription per month,2022,Q4
Korea,Data usage,Mobile cellular,Mobile broadband,2023-Q2,16.04,Gigabits per subscription per month,2023,Q2
Korea,Data usage,Mobile cellular,Mobile broadband,2023-Q4,16.66,Gigabits per subscription per month,2023,Q4
Korea,Data usage,Mobile cellular,Mobile broadband,2024-Q2,17.15,Gigabits per subscription per month,2024,Q2
Korea,Data usage,Mobile cellular,Mobile broadband,2024-Q4,17.42,Gigabits per subscription per month,2024,Q4
Latvia,Data usage,Mobile cellular,Mobile broadband,2018-Q2,13.82,Gigabits per subscription per month,2018,Q2
Latvia,Data usage,Mobile cellular,Mobile broadband,2018-Q4,14.8,Gigabits per subscription per month,2018,Q4
Latvia,Data usage,Mobile cellular,Mobile broadband,2019-Q2,18.01,Gigabits per subscription per month,2019,Q2
Latvia,Data usage,Mobile cellular,Mobile broadband,2019-Q4,19.64,Gigabits per subscription per month,2019,Q4
Latvia,Data usage,Mobile cellular,Mobile broadband,2020-Q2,25.02,Gigabits per subscription per month,2020,Q2
Latvia,Data usage,Mobile cellular,Mobile broadband,2020-Q4,26.99,Gigabits per subscription per month,2020,Q4
Latvia,Data usage,Mobile cellular,Mobile broadband,2021-Q2,34.09,Gigabits per subscription per month,2021,Q2
Latvia,Data usage,Mobile cellular,Mobile broadband,2021-Q4,35.36,Gigabits per subscription per month,2021,Q4
Latvia,Data usage,Mobile cellular,Mobile broadband,2022-Q2,39.12,Gigabits per subscription per month,2022,Q2
Latvia,Data usage,Mobile cellular,Mobile broadband,2022-Q4,41.76,Gigabits per subscription per month,2022,Q4
Latvia,Data usage,Mobile cellular,Mobile broadband,2023-Q2,46.03,Gigabits per subscription per month,2023,Q2
Latvia,Data usage,Mobile cellular,Mobile broadband,2023-Q4,47.99,Gigabits per subscription per month,2023,Q4
Latvia,Data usage,Mobile cellular,Mobile broadband,2024-Q2,53.99,Gigabits per subscription per month,2024,Q2
Latvia,Data usage,Mobile cellular,Mobile broadband,2024-Q4,57.2,Gigabits per subscription per month,2024,Q4
Lithuania,Data usage,Mobile cellular,Mobile broadband,2018-Q2,9.31,Gigabits per subscription per month,2018,Q2
Lithuania,Data usage,Mobile cellular,Mobile broadband,2018-Q4,10.23,Gigabits per subscription per month,2018,Q4
Lithuania,Data usage,Mobile cellular,Mobile broadband,2019-Q2,11.94,Gigabits per subscription per month,2019,Q2
Lithuania,Data usage,Mobile cellular,Mobile broadband,2019-Q4,13.62,Gigabits per subscription per month,2019,Q4
Lithuania,Data usage,Mobile cellular,Mobile broadband,2020-Q2,18.9,Gigabits per subscription per month,2020,Q2
Lithuania,Data usage,Mobile cellular,Mobile broadband,2020-Q4,20.22,Gigabits per subscription per month,2020,Q4
Lithuania,Data usage,Mobile cellular,Mobile broadband,2021-Q2,24.25,Gigabits per subscription per month,2021,Q2
Lithuania,Data usage,Mobile cellular,Mobile broadband,2021-Q4,24.37,Gigabits per subscription per month,2021,Q4
Lithuania,Data usage,Mobile cellular,Mobile broadband,2022-Q2,26.28,Gigabits per subscription per month,2022,Q2
Lithuania,Data usage,Mobile cellular,Mobile broadband,2022-Q4,27.76,Gigabits per subscription per month,2022,Q4
Lithuania,Data usage,Mobile cellular,Mobile broadband,2023-Q2,30.55,Gigabits per subscription per month,2023,Q2
Lithuania,Data usage,Mobile cellular,Mobile broadband,2023-Q4,33.32,Gigabits per subscription per month,2023,Q4
Lithuania,Data usage,Mobile cellular,Mobile broadband,2024-Q2,38.69,Gigabits per subscription per month,2024,Q2
Lithuania,Data usage,Mobile cellular,Mobile broadband,2024-Q4,41.16,Gigabits per subscription per month,2024,Q4
Luxembourg,Data usage,Mobile cellular,Mobile broadband,2018-Q4,3.99,Gigabits per subscription per month,2018,Q4
Luxembourg,Data usage,Mobile cellular,Mobile broadband,2019-Q2,4.88,Gigabits per subscription per month,2019,Q2
Luxembourg,Data usage,Mobile cellular,Mobile broadband,2019-Q4,5.1,Gigabits per subscription per month,2019,Q4
Luxembourg,Data usage,Mobile cellular,Mobile broadband,2020-Q2,6.16,Gigabits per subscription per month,2020,Q2
Luxembourg,Data usage,Mobile cellular,Mobile broadband,2020-Q4,6.78,Gigabits per subscription per month,2020,Q4
Luxembourg,Data usage,Mobile cellular,Mobile broadband,2021-Q2,8.05,Gigabits per subscription per month,2021,Q2
Luxembourg,Data usage,Mobile cellular,Mobile broadband,2021-Q4,8.47,Gigabits per subscription per month,2021,Q4
Luxembourg,Data usage,Mobile cellular,Mobile broadband,2022-Q2,8.23,Gigabits per subscription per month,2022,Q2
Luxembourg,Data usage,Mobile cellular,Mobile broadband,2022-Q4,10.47,Gigabits per subscription per month,2022,Q4
Luxembourg,Data usage,Mobile cellular,Mobile broadband,2023-Q2,11.41,Gigabits per subscription per month,2023,Q2
Luxembourg,Data usage,Mobile cellular,Mobile broadband,2023-Q4,11.21,Gigabits per subscription per month,2023,Q4
Luxembourg,Data usage,Mobile cellular,Mobile broadband,2024-Q2,13.05,Gigabits per subscription per month,2024,Q2
Luxembourg,Data usage,Mobile cellular,Mobile broadband,2024-Q4,13.11,Gigabits per subscription per month,2024,Q4
Mexico,Data usage,Mobile cellular,Mobile broadband,2018-Q2,1.66,Gigabits per subscription per month,2018,Q2
Mexico,Data usage,Mobile cellular,Mobile broadband,2018-Q4,2.11,Gigabits per subscription per month,2018,Q4
Mexico,Data usage,Mobile cellular,Mobile broadband,2019-Q2,3.32,Gigabits per subscription per month,2019,Q2
Mexico,Data usage,Mobile cellular,Mobile broadband,2019-Q4,3.64,Gigabits per subscription per month,2019,Q4
Mexico,Data usage,Mobile cellular,Mobile broadband,2020-Q2,4.47,Gigabits per subscription per month,2020,Q2
Mexico,Data usage,Mobile cellular,Mobile broadband,2020-Q4,4.53,Gigabits per subscription per month,2020,Q4
Mexico,Data usage,Mobile cellular,Mobile broadband,2021-Q2,5.07,Gigabits per subscription per month,2021,Q2
Mexico,Data usage,Mobile cellular,Mobile broadband,2021-Q4,5.11,Gigabits per subscription per month,2021,Q4
Mexico,Data usage,Mobile cellular,Mobile broadband,2022-Q2,5.57,Gigabits per subscription per month,2022,Q2
Mexico,Data usage,Mobile cellular,Mobile broadband,2022-Q4,5.74,Gigabits per subscription per month,2022,Q4
Mexico,Data usage,Mobile cellular,Mobile broadband,2023-Q2,6.02,Gigabits per subscription per month,2023,Q2
Mexico,Data usage,Mobile cellular,Mobile broadband,2023-Q4,6.05,Gigabits per subscription per month,2023,Q4
Mexico,Data usage,Mobile cellular,Mobile broadband,2024-Q2,6.28,Gigabits per subscription per month,2024,Q2
Mexico,Data usage,Mobile cellular,Mobile broadband,2024-Q4,6.04,Gigabits per subscription per month,2024,Q4
Netherlands,Data usage,Mobile cellular,Mobile broadband,2018-Q4,2.58,Gigabits per subscription per month,2018,Q4
Netherlands,Data usage,Mobile cellular,Mobile broadband,2019-Q4,3.19,Gigabits per subscription per month,2019,Q4
Netherlands,Data usage,Mobile cellular,Mobile broadband,2020-Q4,3.71,Gigabits per subscription per month,2020,Q4
Netherlands,Data usage,Mobile cellular,Mobile broadband,2021-Q4,4.7,Gigabits per subscription per month,2021,Q4
Netherlands,Data usage,Mobile cellular,Mobile broadband,2022-Q2,4.66,Gigabits per subscription per month,2022,Q2
Netherlands,Data usage,Mobile cellular,Mobile broadband,2022-Q4,6.02,Gigabits per subscription per month,2022,Q4
Netherlands,Data usage,Mobile cellular,Mobile broadband,2023-Q2,6.95,Gigabits per subscription per month,2023,Q2
Netherlands,Data usage,Mobile cellular,Mobile broadband,2023-Q4,7.46,Gigabits per subscription per month,2023,Q4
Netherlands,Data usage,Mobile cellular,Mobile broadband,2024-Q2,8.23,Gigabits per subscription per month,2024,Q2
Netherlands,Data usage,Mobile cellular,Mobile broadband,2024-Q4,8.28,Gigabits per subscription per month,2024,Q4
New Zealand,Data usage,Mobile cellular,Mobile broadband,2018-Q2,2.04,Gigabits per subscription per month,2018,Q2
New Zealand,Data usage,Mobile cellular,Mobile broadband,2018-Q4,2.46,Gigabits per subscription per month,2018,Q4
New Zealand,Data usage,Mobile cellular,Mobile broadband,2019-Q2,2.75,Gigabits per subscription per month,2019,Q2
New Zealand,Data usage,Mobile cellular,Mobile broadband,2019-Q4,3.21,Gigabits per subscription per month,2019,Q4
New Zealand,Data usage,Mobile cellular,Mobile broadband,2020-Q2,3.29,Gigabits per subscription per month,2020,Q2
New Zealand,Data usage,Mobile cellular,Mobile broadband,2020-Q4,4.61,Gigabits per subscription per month,2020,Q4
New Zealand,Data usage,Mobile cellular,Mobile broadband,2021-Q2,4.21,Gigabits per subscription per month,2021,Q2
New Zealand,Data usage,Mobile cellular,Mobile broadband,2021-Q4,4.61,Gigabits per subscription per month,2021,Q4
New Zealand,Data usage,Mobile cellular,Mobile broadband,2022-Q2,4.84,Gigabits per subscription per month,2022,Q2
New Zealand,Data usage,Mobile cellular,Mobile broadband,2022-Q4,5.78,Gigabits per subscription per month,2022,Q4
New Zealand,Data usage,Mobile cellular,Mobile broadband,2023-Q2,6.01,Gigabits per subscription per month,2023,Q2
New Zealand,Data usage,Mobile cellular,Mobile broadband,2023-Q4,6.71,Gigabits per subscription per month,2023,Q4
New Zealand,Data usage,Mobile cellular,Mobile broadband,2024-Q2,7.36,Gigabits per subscription per month,2024,Q2
New Zealand,Data usage,Mobile cellular,Mobile broadband,2024-Q4,7.73,Gigabits per subscription per month,2024,Q4
Norway,Data usage,Mobile cellular,Mobile broadband,2018-Q2,4.73,Gigabits per subscription per month,2018,Q2
Norway,Data usage,Mobile cellular,Mobile broadband,2018-Q4,5.08,Gigabits per subscription per month,2018,Q4
Norway,Data usage,Mobile cellular,Mobile broadband,2019-Q2,5.56,Gigabits per subscription per month,2019,Q2
Norway,Data usage,Mobile cellular,Mobile broadband,2019-Q4,5.95,Gigabits per subscription per month,2019,Q4
Norway,Data usage,Mobile cellular,Mobile broadband,2020-Q2,6.54,Gigabits per subscription per month,2020,Q2
Norway,Data usage,Mobile cellular,Mobile broadband,2020-Q4,7.35,Gigabits per subscription per month,2020,Q4
Norway,Data usage,Mobile cellular,Mobile broadband,2021-Q2,8.5,Gigabits per subscription per month,2021,Q2
Norway,Data usage,Mobile cellular,Mobile broadband,2021-Q4,9.48,Gigabits per subscription per month,2021,Q4
Norway,Data usage,Mobile cellular,Mobile broadband,2022-Q2,10.45,Gigabits per subscription per month,2022,Q2
Norway,Data usage,Mobile cellular,Mobile broadband,2022-Q4,11.41,Gigabits per subscription per month,2022,Q4
Norway,Data usage,Mobile cellular,Mobile broadband,2023-Q2,12.25,Gigabits per subscription per month,2023,Q2
Norway,Data usage,Mobile cellular,Mobile broadband,2023-Q4,13.37,Gigabits per subscription per month,2023,Q4
Norway,Data usage,Mobile cellular,Mobile broadband,2024-Q2,14.48,Gigabits per subscription per month,2024,Q2
Norway,Data usage,Mobile cellular,Mobile broadband,2024-Q4,16.17,Gigabits per subscription per month,2024,Q4
Poland,Data usage,Mobile cellular,Mobile broadband,2018-Q4,6.48,Gigabits per subscription per month,2018,Q4
Poland,Data usage,Mobile cellular,Mobile broadband,2019-Q4,8.7,Gigabits per subscription per month,2019,Q4
Poland,Data usage,Mobile cellular,Mobile broadband,2020-Q4,9.32,Gigabits per subscription per month,2020,Q4
Poland,Data usage,Mobile cellular,Mobile broadband,2021-Q4,10.84,Gigabits per subscription per month,2021,Q4
Poland,Data usage,Mobile cellular,Mobile broadband,2022-Q2,10.33,Gigabits per subscription per month,2022,Q2
Poland,Data usage,Mobile cellular,Mobile broadband,2022-Q4,12.27,Gigabits per subscription per month,2022,Q4
Poland,Data usage,Mobile cellular,Mobile broadband,2023-Q2,13.5,Gigabits per subscription per month,2023,Q2
Poland,Data usage,Mobile cellular,Mobile broadband,2023-Q4,14.94,Gigabits per subscription per month,2023,Q4
Poland,Data usage,Mobile cellular,Mobile broadband,2024-Q4,18.89,Gigabits per subscription per month,2024,Q4
Portugal,Data usage,Mobile cellular,Mobile broadband,2018-Q4,2.99,Gigabits per subscription per month,2018,Q4
Portugal,Data usage,Mobile cellular,Mobile broadband,2019-Q4,3.84,Gigabits per subscription per month,2019,Q4
Portugal,Data usage,Mobile cellular,Mobile broadband,2020-Q4,4.72,Gigabits per subscription per month,2020,Q4
Portugal,Data usage,Mobile cellular,Mobile broadband,2021-Q4,5.86,Gigabits per subscription per month,2021,Q4
Portugal,Data usage,Mobile cellular,Mobile broadband,2022-Q2,5.46,Gigabits per subscription per month,2022,Q2
Portugal,Data usage,Mobile cellular,Mobile broadband,2022-Q4,7.68,Gigabits per subscription per month,2022,Q4
Portugal,Data usage,Mobile cellular,Mobile broadband,2023-Q2,9.16,Gigabits per subscription per month,2023,Q2
Portugal,Data usage,Mobile cellular,Mobile broadband,2023-Q4,9.98,Gigabits per subscription per month,2023,Q4
Portugal,Data usage,Mobile cellular,Mobile broadband,2024-Q2,11.46,Gigabits per subscription per month,2024,Q2
Portugal,Data usage,Mobile cellular,Mobile broadband,2024-Q4,12.2,Gigabits per subscription per month,2024,Q4
Slovak Republic,Data usage,Mobile cellular,Mobile broadband,2018-Q2,0.57,Gigabits per subscription per month,2018,Q2
Slovak Republic,Data usage,Mobile cellular,Mobile broadband,2018-Q4,0.71,Gigabits per subscription per month,2018,Q4
Slovak Republic,Data usage,Mobile cellular,Mobile broadband,2019-Q2,0.73,Gigabits per subscription per month,2019,Q2
Slovak Republic,Data usage,Mobile cellular,Mobile broadband,2019-Q4,0.89,Gigabits per subscription per month,2019,Q4
Slovak Republic,Data usage,Mobile cellular,Mobile broadband,2020-Q2,1.37,Gigabits per subscription per month,2020,Q2
Slovak Republic,Data usage,Mobile cellular,Mobile broadband,2020-Q4,1.41,Gigabits per subscription per month,2020,Q4
Slovak Republic,Data usage,Mobile cellular,Mobile broadband,2021-Q2,2.03,Gigabits per subscription per month,2021,Q2
Slovak Republic,Data usage,Mobile cellular,Mobile broadband,2021-Q4,2.3,Gigabits per subscription per month,2021,Q4
Slovak Republic,Data usage,Mobile cellular,Mobile broadband,2022-Q2,3.83,Gigabits per subscription per month,2022,Q2
Slovak Republic,Data usage,Mobile cellular,Mobile broadband,2022-Q4,4.74,Gigabits per subscription per month,2022,Q4
Slovak Republic,Data usage,Mobile cellular,Mobile broadband,2023-Q2,4.88,Gigabits per subscription per month,2023,Q2
Slovak Republic,Data usage,Mobile cellular,Mobile broadband,2023-Q4,5.47,Gigabits per subscription per month,2023,Q4
Slovak Republic,Data usage,Mobile cellular,Mobile broadband,2024-Q2,5.91,Gigabits per subscription per month,2024,Q2
Slovak Republic,Data usage,Mobile cellular,Mobile broadband,2024-Q4,6.62,Gigabits per subscription per month,2024,Q4
Slovenia,Data usage,Mobile cellular,Mobile broadband,2018-Q2,4.3,Gigabits per subscription per month,2018,Q2
Slovenia,Data usage,Mobile cellular,Mobile broadband,2018-Q4,4.71,Gigabits per subscription per month,2018,Q4
Slovenia,Data usage,Mobile cellular,Mobile broadband,2019-Q2,5.9,Gigabits per subscription per month,2019,Q2
Slovenia,Data usage,Mobile cellular,Mobile broadband,2019-Q4,6.46,Gigabits per subscription per month,2019,Q4
Slovenia,Data usage,Mobile cellular,Mobile broadband,2020-Q2,8.45,Gigabits per subscription per month,2020,Q2
Slovenia,Data usage,Mobile cellular,Mobile broadband,2020-Q4,8.95,Gigabits per subscription per month,2020,Q4
Slovenia,Data usage,Mobile cellular,Mobile broadband,2021-Q2,10.35,Gigabits per subscription per month,2021,Q2
Slovenia,Data usage,Mobile cellular,Mobile broadband,2021-Q4,10.44,Gigabits per subscription per month,2021,Q4
Slovenia,Data usage,Mobile cellular,Mobile broadband,2022-Q2,12.24,Gigabits per subscription per month,2022,Q2
Slovenia,Data usage,Mobile cellular,Mobile broadband,2022-Q4,13.38,Gigabits per subscription per month,2022,Q4
Slovenia,Data usage,Mobile cellular,Mobile broadband,2023-Q2,16.71,Gigabits per subscription per month,2023,Q2
Slovenia,Data usage,Mobile cellular,Mobile broadband,2023-Q4,17.86,Gigabits per subscription per month,2023,Q4
Slovenia,Data usage,Mobile cellular,Mobile broadband,2024-Q2,18.78,Gigabits per subscription per month,2024,Q2
Slovenia,Data usage,Mobile cellular,Mobile broadband,2024-Q4,17.85,Gigabits per subscription per month,2024,Q4
Spain,Data usage,Mobile cellular,Mobile broadband,2018-Q2,2.46,Gigabits per subscription per month,2018,Q2
Spain,Data usage,Mobile cellular,Mobile broadband,2018-Q4,2.83,Gigabits per subscription per month,2018,Q4
Spain,Data usage,Mobile cellular,Mobile broadband,2019-Q2,3.1,Gigabits per subscription per month,2019,Q2
Spain,Data usage,Mobile cellular,Mobile broadband,2019-Q4,3.4,Gigabits per subscription per month,2019,Q4
Spain,Data usage,Mobile cellular,Mobile broadband,2020-Q2,4.36,Gigabits per subscription per month,2020,Q2
Spain,Data usage,Mobile cellular,Mobile broadband,2020-Q4,5.43,Gigabits per subscription per month,2020,Q4
Spain,Data usage,Mobile cellular,Mobile broadband,2021-Q2,6.71,Gigabits per subscription per month,2021,Q2
Spain,Data usage,Mobile cellular,Mobile broadband,2021-Q4,7.68,Gigabits per subscription per month,2021,Q4
Spain,Data usage,Mobile cellular,Mobile broadband,2022-Q2,8.78,Gigabits per subscription per month,2022,Q2
Spain,Data usage,Mobile cellular,Mobile broadband,2022-Q4,10.21,Gigabits per subscription per month,2022,Q4
Spain,Data usage,Mobile cellular,Mobile broadband,2023-Q2,11.44,Gigabits per subscription per month,2023,Q2
Spain,Data usage,Mobile cellular,Mobile broadband,2023-Q4,12.57,Gigabits per subscription per month,2023,Q4
Spain,Data usage,Mobile cellular,Mobile broadband,2024-Q2,12.97,Gigabits per subscription per month,2024,Q2
Spain,Data usage,Mobile cellular,Mobile broadband,2024-Q4,13.48,Gigabits per subscription per month,2024,Q4
Sweden,Data usage,Mobile cellular,Mobile broadband,2018-Q2,6.88,Gigabits per subscription per month,2018,Q2
Sweden,Data usage,Mobile cellular,Mobile broadband,2018-Q4,7.32,Gigabits per subscription per month,2018,Q4
Sweden,Data usage,Mobile cellular,Mobile broadband,2019-Q2,8.15,Gigabits per subscription per month,2019,Q2
Sweden,Data usage,Mobile cellular,Mobile broadband,2019-Q4,8.94,Gigabits per subscription per month,2019,Q4
Sweden,Data usage,Mobile cellular,Mobile broadband,2020-Q2,10.38,Gigabits per subscription per month,2020,Q2
Sweden,Data usage,Mobile cellular,Mobile broadband,2020-Q4,11.99,Gigabits per subscription per month,2020,Q4
Sweden,Data usage,Mobile cellular,Mobile broadband,2021-Q2,13.74,Gigabits per subscription per month,2021,Q2
Sweden,Data usage,Mobile cellular,Mobile broadband,2021-Q4,15.27,Gigabits per subscription per month,2021,Q4
Sweden,Data usage,Mobile cellular,Mobile broadband,2022-Q2,16.77,Gigabits per subscription per month,2022,Q2
Sweden,Data usage,Mobile cellular,Mobile broadband,2022-Q4,18.84,Gigabits per subscription per month,2022,Q4
Sweden,Data usage,Mobile cellular,Mobile broadband,2023-Q2,21.45,Gigabits per subscription per month,2023,Q2
Sweden,Data usage,Mobile cellular,Mobile broadband,2023-Q4,22.49,Gigabits per subscription per month,2023,Q4
Sweden,Data usage,Mobile cellular,Mobile broadband,2024-Q2,25.81,Gigabits per subscription per month,2024,Q2
Sweden,Data usage,Mobile cellular,Mobile broadband,2024-Q4,29.44,Gigabits per subscription per month,2024,Q4
Switzerland,Data usage,Mobile cellular,Mobile broadband,2018-Q2,5.63,Gigabits per subscription per month,2018,Q2
Switzerland,Data usage,Mobile cellular,Mobile broadband,2018-Q4,6.91,Gigabits per subscription per month,2018,Q4
Switzerland,Data usage,Mobile cellular,Mobile broadband,2019-Q2,8.2,Gigabits per subscription per month,2019,Q2
Switzerland,Data usage,Mobile cellular,Mobile broadband,2019-Q4,9.44,Gigabits per subscription per month,2019,Q4
Switzerland,Data usage,Mobile cellular,Mobile broadband,2020-Q2,10.9,Gigabits per subscription per month,2020,Q2
Switzerland,Data usage,Mobile cellular,Mobile broadband,2020-Q4,12.34,Gigabits per subscription per month,2020,Q4
Switzerland,Data usage,Mobile cellular,Mobile broadband,2021-Q2,13.81,Gigabits per subscription per month,2021,Q2
Switzerland,Data usage,Mobile cellular,Mobile broadband,2021-Q4,15.27,Gigabits per subscription per month,2021,Q4
Switzerland,Data usage,Mobile cellular,Mobile broadband,2022-Q2,16.54,Gigabits per subscription per month,2022,Q2
Switzerland,Data usage,Mobile cellular,Mobile broadband,2022-Q4,17.78,Gigabits per subscription per month,2022,Q4
Switzerland,Data usage,Mobile cellular,Mobile broadband,2023-Q2,18.73,Gigabits per subscription per month,2023,Q2
Switzerland,Data usage,Mobile cellular,Mobile broadband,2023-Q4,19.0,Gigabits per subscription per month,2023,Q4
Switzerland,Data usage,Mobile cellular,Mobile broadband,2024-Q2,19.43,Gigabits per subscription per month,2024,Q2
Switzerland,Data usage,Mobile cellular,Mobile broadband,2024-Q4,20.54,Gigabits per subscription per month,2024,Q4
Türkiye,Data usage,Mobile cellular,Mobile broadband,2018-Q4,4.43,Gigabits per subscription per month,2018,Q4
Türkiye,Data usage,Mobile cellular,Mobile broadband,2019-Q2,5.25,Gigabits per subscription per month,2019,Q2
Türkiye,Data usage,Mobile cellular,Mobile broadband,2019-Q4,6.07,Gigabits per subscription per month,2019,Q4
Türkiye,Data usage,Mobile cellular,Mobile broadband,2020-Q2,8.18,Gigabits per subscription per month,2020,Q2
Türkiye,Data usage,Mobile cellular,Mobile broadband,2020-Q4,8.92,Gigabits per subscription per month,2020,Q4
Türkiye,Data usage,Mobile cellular,Mobile broadband,2021-Q2,10.27,Gigabits per subscription per month,2021,Q2
Türkiye,Data usage,Mobile cellular,Mobile broadband,2021-Q4,10.81,Gigabits per subscription per month,2021,Q4
Türkiye,Data usage,Mobile cellular,Mobile broadband,2022-Q2,12.73,Gigabits per subscription per month,2022,Q2
Türkiye,Data usage,Mobile cellular,Mobile broadband,2022-Q4,13.99,Gigabits per subscription per month,2022,Q4
Türkiye,Data usage,Mobile cellular,Mobile broadband,2023-Q2,15.42,Gigabits per subscription per month,2023,Q2
Türkiye,Data usage,Mobile cellular,Mobile broadband,2023-Q4,16.56,Gigabits per subscription per month,2023,Q4
Türkiye,Data usage,Mobile cellular,Mobile broadband,2024-Q2,17.55,Gigabits per subscription per month,2024,Q2
Türkiye,Data usage,Mobile cellular,Mobile broadband,2024-Q4,17.5,Gigabits per subscription per month,2024,Q4
United Kingdom,Data usage,Mobile cellular,Mobile broadband,2018-Q4,3.36,Gigabits per subscription per month,2018,Q4
United Kingdom,Data usage,Mobile cellular,Mobile broadband,2019-Q4,4.2,Gigabits per subscription per month,2019,Q4
United Kingdom,Data usage,Mobile cellular,Mobile broadband,2020-Q2,5.29,Gigabits per subscription per month,2020,Q2
United Kingdom,Data usage,Mobile cellular,Mobile broadband,2020-Q4,5.58,Gigabits per subscription per month,2020,Q4
United Kingdom,Data usage,Mobile cellular,Mobile broadband,2021-Q2,6.57,Gigabits per subscription per month,2021,Q2
United Kingdom,Data usage,Mobile cellular,Mobile broadband,2021-Q4,6.91,Gigabits per subscription per month,2021,Q4
United Kingdom,Data usage,Mobile cellular,Mobile broadband,2022-Q2,7.78,Gigabits per subscription per month,2022,Q2
United Kingdom,Data usage,Mobile cellular,Mobile broadband,2022-Q4,8.7,Gigabits per subscription per month,2022,Q4
United Kingdom,Data usage,Mobile cellular,Mobile broadband,2023-Q2,10.04,Gigabits per subscription per month,2023,Q2
United Kingdom,Data usage,Mobile cellular,Mobile broadband,2023-Q4,10.38,Gigabits per subscription per month,2023,Q4
United Kingdom,Data usage,Mobile cellular,Mobile broadband,2024-Q2,10.94,Gigabits per subscription per month,2024,Q2
United Kingdom,Data usage,Mobile cellular,Mobile broadband,2024-Q4,11.06,Gigabits per subscription per month,2024,Q4
United States,Data usage,Mobile cellular,Mobile broadband,2018-Q4,5.39,Gigabits per subscription per month,2018,Q4
United States,Data usage,Mobile cellular,Mobile broadband,2019-Q4,6.54,Gigabits per subscription per month,2019,Q4
United States,Data usage,Mobile cellular,Mobile broadband,2020-Q4,7.12,Gigabits per subscription per month,2020,Q4
United States,Data usage,Mobile cellular,Mobile broadband,2021-Q4,8.46,Gigabits per subscription per month,2021,Q4
United States,Data usage,Mobile cellular,Mobile broadband,2022-Q4,10.98,Gigabits per subscription per month,2022,Q4
United States,Data usage,Mobile cellular,Mobile broadband,2023-Q4,13.96,Gigabits per subscription per month,2023,Q4
United States,Data usage,Mobile cellular,Mobile broadband,2024-Q4,16.52,Gigabits per subscription per month,2024,Q4
OECD,Data usage,Mobile cellular,Mobile broadband,2018-Q2,3.96,Gigabits per subscription per month,2018,Q2
OECD,Data usage,Mobile cellular,Mobile broadband,2018-Q4,4.7,Gigabits per subscription per month,2018,Q4
OECD,Data usage,Mobile cellular,Mobile broadband,2019-Q2,5.35,Gigabits per subscription per month,2019,Q2
OECD,Data usage,Mobile cellular,Mobile broadband,2019-Q4,5.96,Gigabits per subscription per month,2019,Q4
OECD,Data usage,Mobile cellular,Mobile broadband,2020-Q2,6.79,Gigabits per subscription per month,2020,Q2
OECD,Data usage,Mobile cellular,Mobile broadband,2020-Q4,7.3,Gigabits per subscription per month,2020,Q4
OECD,Data usage,Mobile cellular,Mobile broadband,2021-Q2,8.16,Gigabits per subscription per month,2021,Q2
OECD,Data usage,Mobile cellular,Mobile broadband,2021-Q4,8.8,Gigabits per subscription per month,2021,Q4
OECD,Data usage,Mobile cellular,Mobile broadband,2022-Q2,9.77,Gigabits per subscription per month,2022,Q2
OECD,Data usage,Mobile cellular,Mobile broadband,2022-Q4,10.8,Gigabits per subscription per month,2022,Q4
OECD,Data usage,Mobile cellular,Mobile broadband,2023-Q2,12.09,Gigabits per subscription per month,2023,Q2
OECD,Data usage,Mobile cellular,Mobile broadband,2023-Q4,13.09,Gigabits per subscription per month,2023,Q4
OECD,Data usage,Mobile cellular,Mobile broadband,2024-Q2,14.03,Gigabits per subscription per month,2024,Q2
OECD,Data usage,Mobile cellular,Mobile broadband,2024-Q4,14.87,Gigabits per subscription per month,2024,Q4
Brazil,Data usage,Mobile cellular,Mobile broadband,2018-Q4,1.31,Gigabits per subscription per month,2018,Q4
Brazil,Data usage,Mobile cellular,Mobile broadband,2019-Q4,1.96,Gigabits per subscription per month,2019,Q4
Brazil,Data usage,Mobile cellular,Mobile broadband,2020-Q4,2.87,Gigabits per subscription per month,2020,Q4
Brazil,Data usage,Mobile cellular,Mobile broadband,2021-Q4,3.4,Gigabits per subscription per month,2021,Q4
Brazil,Data usage,Mobile cellular,Mobile broadband,2022-Q4,4.52,Gigabits per subscription per month,2022,Q4
Brazil,Data usage,Mobile cellular,Mobile broadband,2023-Q4,5.74,Gigabits per subscription per month,2023,Q4
Brazil,Data usage,Mobile cellular,Mobile broadband,2024-Q4,5.95,Gigabits per subscription per month,2024,Q4
Bulgaria,Data usage,Mobile cellular,Mobile broadband,2018-Q2,2.19,Gigabits per subscription per month,2018,Q2
Bulgaria,Data usage,Mobile cellular,Mobile broadband,2018-Q4,2.78,Gigabits per subscription per month,2018,Q4
Bulgaria,Data usage,Mobile cellular,Mobile broadband,2019-Q2,2.64,Gigabits per subscription per month,2019,Q2
Bulgaria,Data usage,Mobile cellular,Mobile broadband,2019-Q4,3.19,Gigabits per subscription per month,2019,Q4
Bulgaria,Data usage,Mobile cellular,Mobile broadband,2020-Q2,3.41,Gigabits per subscription per month,2020,Q2
Bulgaria,Data usage,Mobile cellular,Mobile broadband,2020-Q4,4.23,Gigabits per subscription per month,2020,Q4
Bulgaria,Data usage,Mobile cellular,Mobile broadband,2021-Q2,4.06,Gigabits per subscription per month,2021,Q2
Bulgaria,Data usage,Mobile cellular,Mobile broadband,2021-Q4,6.29,Gigabits per subscription per month,2021,Q4
Bulgaria,Data usage,Mobile cellular,Mobile broadband,2022-Q2,6.35,Gigabits per subscription per month,2022,Q2
Bulgaria,Data usage,Mobile cellular,Mobile broadband,2022-Q4,10.09,Gigabits per subscription per month,2022,Q4
Bulgaria,Data usage,Mobile cellular,Mobile broadband,2023-Q2,10.32,Gigabits per subscription per month,2023,Q2
Bulgaria,Data usage,Mobile cellular,Mobile broadband,2023-Q4,16.41,Gigabits per subscription per month,2023,Q4
Bulgaria,Data usage,Mobile cellular,Mobile broadband,2024-Q2,13.69,Gigabits per subscription per month,2024,Q2
Bulgaria,Data usage,Mobile cellular,Mobile broadband,2024-Q4,19.05,Gigabits per subscription per month,2024,Q4
Croatia,Data usage,Mobile cellular,Mobile broadband,2018-Q4,4.68,Gigabits per subscription per month,2018,Q4
Croatia,Data usage,Mobile cellular,Mobile broadband,2019-Q4,7.71,Gigabits per subscription per month,2019,Q4
Croatia,Data usage,Mobile cellular,Mobile broadband,2020-Q4,14.09,Gigabits per subscription per month,2020,Q4
Croatia,Data usage,Mobile cellular,Mobile broadband,2021-Q4,16.07,Gigabits per subscription per month,2021,Q4
Croatia,Data usage,Mobile cellular,Mobile broadband,2022-Q4,18.09,Gigabits per subscription per month,2022,Q4
Croatia,Data usage,Mobile cellular,Mobile broadband,2023-Q2,18.94,Gigabits per subscription per month,2023,Q2
Croatia,Data usage,Mobile cellular,Mobile broadband,2023-Q4,20.65,Gigabits per subscription per month,2023,Q4
Croatia,Data usage,Mobile cellular,Mobile broadband,2024-Q2,22.21,Gigabits per subscription per month,2024,Q2
Croatia,Data usage,Mobile cellular,Mobile broadband,2024-Q4,20.1,Gigabits per subscription per month,2024,Q4
Peru,Data usage,Mobile cellular,Mobile broadband,2018-Q4,3.55,Gigabits per subscription per month,2018,Q4
Peru,Data usage,Mobile cellular,Mobile broadband,2019-Q4,5.25,Gigabits per subscription per month,2019,Q4
Peru,Data usage,Mobile cellular,Mobile broadband,2020-Q4,8.23,Gigabits per subscription per month,2020,Q4
Peru,Data usage,Mobile cellular,Mobile broadband,2021-Q4,10.89,Gigabits per subscription per month,2021,Q4
Peru,Data usage,Mobile cellular,Mobile broadband,2022-Q4,12.16,Gigabits per subscription per month,2022,Q4
Peru,Data usage,Mobile cellular,Mobile broadband,2023-Q4,16.92,Gigabits per subscription per month,2023,Q4
Peru,Data usage,Mobile cellular,Mobile broadband,2024-Q4,19.21,Gigabits per subscription per month,2024,Q4
Romania,Data usage,Mobile cellular,Mobile broadband,2018-Q2,2.32,Gigabits per subscription per month,2018,Q2
Romania,Data usage,Mobile cellular,Mobile broadband,2018-Q4,2.61,Gigabits per subscription per month,2018,Q4
Romania,Data usage,Mobile cellular,Mobile broadband,2019-Q2,3.42,Gigabits per subscription per month,2019,Q2
Romania,Data usage,Mobile cellular,Mobile broadband,2019-Q4,3.77,Gigabits per subscription per month,2019,Q4
Romania,Data usage,Mobile cellular,Mobile broadband,2020-Q2,4.68,Gigabits per subscription per month,2020,Q2
Romania,Data usage,Mobile cellular,Mobile broadband,2020-Q4,4.87,Gigabits per subscription per month,2020,Q4
Romania,Data usage,Mobile cellular,Mobile broadband,2021-Q2,5.67,Gigabits per subscription per month,2021,Q2
Romania,Data usage,Mobile cellular,Mobile broadband,2021-Q4,6.2,Gigabits per subscription per month,2021,Q4
Romania,Data usage,Mobile cellular,Mobile broadband,2022-Q2,6.89,Gigabits per subscription per month,2022,Q2
Romania,Data usage,Mobile cellular,Mobile broadband,2022-Q4,7.53,Gigabits per subscription per month,2022,Q4
Romania,Data usage,Mobile cellular,Mobile broadband,2023-Q2,8.89,Gigabits per subscription per month,2023,Q2
Romania,Data usage,Mobile cellular,Mobile broadband,2023-Q4,9.8,Gigabits per subscription per month,2023,Q4
Romania,Data usage,Mobile cellular,Mobile broadband,2024-Q2,11.22,Gigabits per subscription per month,2024,Q2
Romania,Data usage,Mobile cellular,Mobile broadband,2024-Q4,11.45,Gigabits per subscription per month,2024,Q4
Thailand,Data usage,Mobile cellular,Mobile broadband,2018-Q4,11.2,Gigabits per subscription per month,2018,Q4
Thailand,Data usage,Mobile cellular,Mobile broadband,2019-Q4,17.84,Gigabits per subscription per month,2019,Q4
Thailand,Data usage,Mobile cellular,Mobile broadband,2020-Q4,19.78,Gigabits per subscription per month,2020,Q4
Thailand,Data usage,Mobile cellular,Mobile broadband,2021-Q4,23.4,Gigabits per subscription per month,2021,Q4
Thailand,Data usage,Mobile cellular,Mobile broadband,2022-Q4,24.92,Gigabits per subscription per month,2022,Q4
Thailand,Data usage,Mobile cellular,Mobile broadband,2023-Q4,27.19,Gigabits per subscription per month,2023,Q4
Thailand,Data usage,Mobile cellular,Mobile broadband,2024-Q4,29.51,Gigabits per subscription per month,2024,Q4
